id,assigned_topic,topic_label,top_topic_prob
aesmt02900040000,8,8_linen_flax_sled_lace,1.0
aesmt04900200009,1,1_swing_wreath_wood_pasture,0.41678098
aesmt06000320019,1,1_swing_wreath_wood_pasture,0.5581996
e000051950018,1,1_swing_wreath_wood_pasture,0.38026908
e000071530013,8,8_linen_flax_sled_lace,0.7399492
e000071570017,7,7_herd_tail_dog_turn,0.48865622
e000071580019,8,8_linen_flax_sled_lace,0.4047927
e000071590020,1,1_swing_wreath_wood_pasture,0.69888246
e000075910001,3,3_bride_daughters_maiden_wedding,0.3892317
e000075920003,1,1_swing_wreath_wood_pasture,0.50735223
e000076820011,1,1_swing_wreath_wood_pasture,0.46086535
e000077270008,1,1_swing_wreath_wood_pasture,0.2808703
e000077350012,1,1_swing_wreath_wood_pasture,0.61346877
e000077360014,1,1_swing_wreath_wood_pasture,0.56537473
e000078340012,8,8_linen_flax_sled_lace,0.8765076
e000078890014,1,1_swing_wreath_wood_pasture,0.75470024
e00007892017b,1,1_swing_wreath_wood_pasture,0.5669473
e000078940020,1,1_swing_wreath_wood_pasture,0.35827595
e000080300007,1,1_swing_wreath_wood_pasture,0.5650111
e000080600047,1,1_swing_wreath_wood_pasture,0.5550681
e000080620049,7,7_herd_tail_dog_turn,0.5737969
e000093660046,1,1_swing_wreath_wood_pasture,0.7757588
e000093690049,1,1_swing_wreath_wood_pasture,0.39314035
e000104130006,5,5_wedding_bride_married_crow,0.28337196
e000107430008,1,1_swing_wreath_wood_pasture,0.7781383
e000117880009,1,1_swing_wreath_wood_pasture,0.6674533
e000151100022,1,1_swing_wreath_wood_pasture,0.43095958
e000178290016,7,7_herd_tail_dog_turn,0.20240042
e000239830003,1,1_swing_wreath_wood_pasture,0.49290484
e000531940002,8,8_linen_flax_sled_lace,0.17296073
e000546780003,5,5_wedding_bride_married_crow,0.36368975
e000546830000,3,3_bride_daughters_maiden_wedding,0.24711038
e000547680000,7,7_herd_tail_dog_turn,0.30619964
e000592150014,1,1_swing_wreath_wood_pasture,0.6497522
e000595240009,0,0_young maiden_maiden_hay_grandmother,0.0
e000595250010,4,4_trees_apple trees_apple tree_tree,1.0
e000595260013,0,0_young maiden_maiden_hay_grandmother,0.0
e000615530000,6,6_barley_rye_oats_grain,0.35891116
e000615540000,0,0_young maiden_maiden_hay_grandmother,1.0
e000616670009,7,7_herd_tail_dog_turn,0.31838775
e000616790018,1,1_swing_wreath_wood_pasture,0.5002453
e000616890005,7,7_herd_tail_dog_turn,0.26929486
e000723650000,2,2_sparrow_bird_leaf_cabbage,0.8239203
e000796070000,7,7_herd_tail_dog_turn,0.3765014
e000796110000,3,3_bride_daughters_maiden_wedding,0.3338977
e000796140000,7,7_herd_tail_dog_turn,0.66713685
e000796320000,4,4_trees_apple trees_apple tree_tree,0.24676022
e000796670000,5,5_wedding_bride_married_crow,0.93734944
e800V00630254,2,2_sparrow_bird_leaf_cabbage,0.6422579
e8XII00590190,4,4_trees_apple trees_apple tree_tree,0.36322248
ea00002860045,8,8_linen_flax_sled_lace,0.25414944
ekms40504300013,8,8_linen_flax_sled_lace,0.6892058
ekms40504340017,4,4_trees_apple trees_apple tree_tree,0.9021616
ekms40504350019,2,2_sparrow_bird_leaf_cabbage,0.5161836
ekms40504360020,1,1_swing_wreath_wood_pasture,0.7591406
eks0100110000,1,1_swing_wreath_wood_pasture,0.55490136
eks010011000a,1,1_swing_wreath_wood_pasture,0.7638813
eks0100300000,0,0_young maiden_maiden_hay_grandmother,0.0
eks010053000a,8,8_linen_flax_sled_lace,0.3173132
eks5001570109,1,1_swing_wreath_wood_pasture,0.6885611
era100507130000,6,6_barley_rye_oats_grain,0.36786863
era200101190003,1,1_swing_wreath_wood_pasture,0.5185298
era200101450003,6,6_barley_rye_oats_grain,0.33843577
era200703750048,0,0_young maiden_maiden_hay_grandmother,0.0
era200l01260003,1,1_swing_wreath_wood_pasture,0.6159991
era201101880001,4,4_trees_apple trees_apple tree_tree,0.5214967
era201101910004,1,1_swing_wreath_wood_pasture,0.6443204
era201101970001,1,1_swing_wreath_wood_pasture,0.7104783
era201102010001,8,8_linen_flax_sled_lace,0.81748724
era201107030001,1,1_swing_wreath_wood_pasture,0.29428765
era201107070002,1,1_swing_wreath_wood_pasture,0.41708428
era201107110004,3,3_bride_daughters_maiden_wedding,0.30308
era201107150005,1,1_swing_wreath_wood_pasture,0.42938417
era201107170006,6,6_barley_rye_oats_grain,0.23053542
era201400730011,4,4_trees_apple trees_apple tree_tree,0.5783913
era201401010007,8,8_linen_flax_sled_lace,0.7952249
era201402270015,8,8_linen_flax_sled_lace,0.8289293
era201402330022,1,1_swing_wreath_wood_pasture,0.66361296
era202400930003,3,3_bride_daughters_maiden_wedding,0.53035516
era202401550001,4,4_trees_apple trees_apple tree_tree,0.20062889
era202401790014,8,8_linen_flax_sled_lace,0.32154083
era202403180043,2,2_sparrow_bird_leaf_cabbage,0.17709798
era202403500004,2,2_sparrow_bird_leaf_cabbage,0.42008612
era202405520009,1,1_swing_wreath_wood_pasture,0.25549376
era202405540010,8,8_linen_flax_sled_lace,0.22181334
era202405560011,3,3_bride_daughters_maiden_wedding,0.31453902
era202406170005,2,2_sparrow_bird_leaf_cabbage,0.8239203
era202406990001,8,8_linen_flax_sled_lace,0.28226906
era202500430010,0,0_young maiden_maiden_hay_grandmother,0.46056634
era202500520017,1,1_swing_wreath_wood_pasture,0.4407098
era202500970020,0,0_young maiden_maiden_hay_grandmother,0.5247867
era205705610034,4,4_trees_apple trees_apple tree_tree,0.31627843
era205705610035,1,1_swing_wreath_wood_pasture,0.5805198
era208305670003,2,2_sparrow_bird_leaf_cabbage,0.35996968
era208403870011,7,7_herd_tail_dog_turn,0.7094518
era208701290020,1,1_swing_wreath_wood_pasture,0.55672544
era213102870465,2,2_sparrow_bird_leaf_cabbage,0.8239203
era213202950002,6,6_barley_rye_oats_grain,0.20601417
era217205290065,1,1_swing_wreath_wood_pasture,0.876989
era218305900004,0,0_young maiden_maiden_hay_grandmother,0.0
era229801510017,0,0_young maiden_maiden_hay_grandmother,0.0
era229801510018,0,0_young maiden_maiden_hay_grandmother,1.0
erm16700030001,8,8_linen_flax_sled_lace,0.92696047
estk2701320001,1,1_swing_wreath_wood_pasture,0.7388475
estk2701320006,8,8_linen_flax_sled_lace,0.8635918
estk2701330002,1,1_swing_wreath_wood_pasture,0.6371606
estk2701340003,1,1_swing_wreath_wood_pasture,0.5535073
estk3701030009,5,5_wedding_bride_married_crow,1.0
estk3701560001,1,1_swing_wreath_wood_pasture,0.52409655
estk4000100021,1,1_swing_wreath_wood_pasture,0.6315717
estk4000260052,1,1_swing_wreath_wood_pasture,0.60436124
estk4000590092,1,1_swing_wreath_wood_pasture,0.6464185
estk4000770112,4,4_trees_apple trees_apple tree_tree,0.40394378
estk4001140161,1,1_swing_wreath_wood_pasture,0.7585073
eys0203930121,1,1_swing_wreath_wood_pasture,0.69357085
eys0206730169,1,1_swing_wreath_wood_pasture,0.7424409
eys0206740170,8,8_linen_flax_sled_lace,0.23007362
eys0210330016,1,1_swing_wreath_wood_pasture,0.363547
eys0210360022,5,5_wedding_bride_married_crow,0.40647316
eys0210370023,1,1_swing_wreath_wood_pasture,0.5337005
eys0210370025,6,6_barley_rye_oats_grain,0.41064006
eys0210380026,1,1_swing_wreath_wood_pasture,0.52555996
eys0210510042,1,1_swing_wreath_wood_pasture,0.7462344
eys0210520043,1,1_swing_wreath_wood_pasture,0.51219934
eys0300970033,1,1_swing_wreath_wood_pasture,0.66393495
eys0401750199,1,1_swing_wreath_wood_pasture,0.68227524
eys0506060024,1,1_swing_wreath_wood_pasture,0.31793648
eys0506730113,7,7_herd_tail_dog_turn,0.5299708
eys0506850129,4,4_trees_apple trees_apple tree_tree,1.0
eys0507350199,4,4_trees_apple trees_apple tree_tree,0.68463933
eys0613720024,8,8_linen_flax_sled_lace,0.33029175
eys0613910045,5,5_wedding_bride_married_crow,0.4261215
eys0614000055,8,8_linen_flax_sled_lace,1.0
eys0614000056,4,4_trees_apple trees_apple tree_tree,0.39240515
eys0614110071,1,1_swing_wreath_wood_pasture,0.63114035
eys0614120072,1,1_swing_wreath_wood_pasture,0.4351911
eys0614340099,1,1_swing_wreath_wood_pasture,0.8032751
eys0614440125,1,1_swing_wreath_wood_pasture,0.8435177
eys0614460128,0,0_young maiden_maiden_hay_grandmother,0.5952617
eys0614870186,1,1_swing_wreath_wood_pasture,0.35482803
eys0614880187,3,3_bride_daughters_maiden_wedding,0.5090757
eys0614930197,4,4_trees_apple trees_apple tree_tree,0.3536568
eys0615350280,0,0_young maiden_maiden_hay_grandmother,0.0
eys0615490295,5,5_wedding_bride_married_crow,0.5529685
eys0615520297,1,1_swing_wreath_wood_pasture,0.6459156
eys0616080030,1,1_swing_wreath_wood_pasture,0.6014087
eys0616270063,4,4_trees_apple trees_apple tree_tree,0.3959148
eys0617280209,1,1_swing_wreath_wood_pasture,0.35258448
eys0617290211,4,4_trees_apple trees_apple tree_tree,0.57356334
eys0617710279,1,1_swing_wreath_wood_pasture,0.7587411
eys0705580005,0,0_young maiden_maiden_hay_grandmother,0.0
eys0706660029,1,1_swing_wreath_wood_pasture,0.5062294
eys0706770049,4,4_trees_apple trees_apple tree_tree,0.5763987
eys0706970079,8,8_linen_flax_sled_lace,0.2884867
eys0706970080,8,8_linen_flax_sled_lace,0.42030144
eys0706980081,1,1_swing_wreath_wood_pasture,1.0
eys0706980082,1,1_swing_wreath_wood_pasture,0.44027433
eys0715290003,6,6_barley_rye_oats_grain,0.5467949
eys0715390016,1,1_swing_wreath_wood_pasture,0.60478675
eys0715580054,0,0_young maiden_maiden_hay_grandmother,0.4411525
eys0715860104,1,1_swing_wreath_wood_pasture,0.6772893
eys0715880106,7,7_herd_tail_dog_turn,0.28855318
eys0715990118,6,6_barley_rye_oats_grain,0.34464633
eys0716030121,1,1_swing_wreath_wood_pasture,0.2613102
eys0716050123,1,1_swing_wreath_wood_pasture,0.50672704
eys0716150142,1,1_swing_wreath_wood_pasture,0.73490846
eys0716410180,1,1_swing_wreath_wood_pasture,0.41202256
eys0716750230,4,4_trees_apple trees_apple tree_tree,0.4101436
eys0717050289,2,2_sparrow_bird_leaf_cabbage,0.7190508
eys0717140307,1,1_swing_wreath_wood_pasture,0.5814373
eys0717620386,1,1_swing_wreath_wood_pasture,0.40241227
eys0718290004,1,1_swing_wreath_wood_pasture,0.5087332
eys0721420328,1,1_swing_wreath_wood_pasture,0.5341329
eys0722730012,0,0_young maiden_maiden_hay_grandmother,0.23759565
eys0723130091,1,1_swing_wreath_wood_pasture,0.64121825
eys0723450148,7,7_herd_tail_dog_turn,0.36722016
eys0723710191,3,3_bride_daughters_maiden_wedding,0.31419158
eys0723720192,8,8_linen_flax_sled_lace,0.5501557
eys0724050273,7,7_herd_tail_dog_turn,0.31870213
eys0724150295,6,6_barley_rye_oats_grain,0.42013517
eys072424315b,1,1_swing_wreath_wood_pasture,0.55484205
eys0724320336,1,1_swing_wreath_wood_pasture,0.6382307
eys0724360347,8,8_linen_flax_sled_lace,0.33129284
eys0724380350,0,0_young maiden_maiden_hay_grandmother,0.0
eys0724420365,1,1_swing_wreath_wood_pasture,0.54256487
eys0724450376,5,5_wedding_bride_married_crow,0.32999897
eys0724470382,1,1_swing_wreath_wood_pasture,0.5770208
eys0724520387,1,1_swing_wreath_wood_pasture,0.50080484
eys0724620405,8,8_linen_flax_sled_lace,0.5204932
eys0724690425,1,1_swing_wreath_wood_pasture,0.26430795
eys0724700426,4,4_trees_apple trees_apple tree_tree,0.29492128
eys0725230505,0,0_young maiden_maiden_hay_grandmother,0.0
eys0804220159,1,1_swing_wreath_wood_pasture,0.45829642
eys0804220160,1,1_swing_wreath_wood_pasture,0.5802557
eys0805590062,0,0_young maiden_maiden_hay_grandmother,0.0
eys0805650074,1,1_swing_wreath_wood_pasture,0.6272905
eys0806080136,4,4_trees_apple trees_apple tree_tree,0.2589841
eys0806260164,1,1_swing_wreath_wood_pasture,0.6782104
eys0806540217,8,8_linen_flax_sled_lace,0.35767853
eys0806780249,0,0_young maiden_maiden_hay_grandmother,0.0
eys0806830260,1,1_swing_wreath_wood_pasture,0.43791816
eys0807180294,1,1_swing_wreath_wood_pasture,0.6703007
eys0807240302,0,0_young maiden_maiden_hay_grandmother,0.0
eys0807810393,1,1_swing_wreath_wood_pasture,0.6253852
eys0807820394,6,6_barley_rye_oats_grain,0.7395054
eys0808280468,1,1_swing_wreath_wood_pasture,0.5832318
eys0808430491,0,0_young maiden_maiden_hay_grandmother,0.0
eys0808720535,1,1_swing_wreath_wood_pasture,0.42511928
eys0811490003,1,1_swing_wreath_wood_pasture,0.3630632
eys0811510005,1,1_swing_wreath_wood_pasture,0.64757365
eys0811510006,1,1_swing_wreath_wood_pasture,0.6469776
eys0811620026,1,1_swing_wreath_wood_pasture,0.72336686
eys0900690060,6,6_barley_rye_oats_grain,0.29643235
eys0901120110,1,1_swing_wreath_wood_pasture,0.6210483
eys0909460009,1,1_swing_wreath_wood_pasture,0.47081834
eys0909660035,1,1_swing_wreath_wood_pasture,0.31123
eys0909810058,6,6_barley_rye_oats_grain,0.7079591
eys0910010090,7,7_herd_tail_dog_turn,0.34374014
eys0910330138,1,1_swing_wreath_wood_pasture,0.6546944
eys1022290014,0,0_young maiden_maiden_hay_grandmother,0.0
eys1022320001,2,2_sparrow_bird_leaf_cabbage,1.0
eys1022460024,0,0_young maiden_maiden_hay_grandmother,0.0
eys1022460025,6,6_barley_rye_oats_grain,1.0
eys1022490031,8,8_linen_flax_sled_lace,0.25253832
eys1022570048,3,3_bride_daughters_maiden_wedding,0.3657723
eys1022620058,6,6_barley_rye_oats_grain,0.35961273
eys1022670067,1,1_swing_wreath_wood_pasture,0.7949391
eys1022770085,1,1_swing_wreath_wood_pasture,0.7827119
eys1023040127,1,1_swing_wreath_wood_pasture,0.7191544
eys1025700028,1,1_swing_wreath_wood_pasture,0.7012884
eys1025820051,6,6_barley_rye_oats_grain,0.3755916
eys1025820052,0,0_young maiden_maiden_hay_grandmother,0.0
eys1026660215,1,1_swing_wreath_wood_pasture,0.5172835
eys1026700219,8,8_linen_flax_sled_lace,0.55533963
eys1026700220,4,4_trees_apple trees_apple tree_tree,0.4685906
h10101600045,1,1_swing_wreath_wood_pasture,0.6713986
h10101610047,1,1_swing_wreath_wood_pasture,0.63647616
h10101610048,7,7_herd_tail_dog_turn,0.38396943
h10102040041,1,1_swing_wreath_wood_pasture,0.6824118
h10102050046,8,8_linen_flax_sled_lace,0.8577731
h10102060048,1,1_swing_wreath_wood_pasture,0.4979554
h10102290093,1,1_swing_wreath_wood_pasture,0.5240662
h10102380112,1,1_swing_wreath_wood_pasture,0.76267356
h10102540143,4,4_trees_apple trees_apple tree_tree,0.30005616
h10102630161,1,1_swing_wreath_wood_pasture,0.6242842
h20102810414,1,1_swing_wreath_wood_pasture,0.73535
h20102810415,1,1_swing_wreath_wood_pasture,0.3838242
h20106540847,6,6_barley_rye_oats_grain,0.8374512
h21005160290,1,1_swing_wreath_wood_pasture,0.4058799
h21005320306,6,6_barley_rye_oats_grain,0.16276313
h21300090002,1,1_swing_wreath_wood_pasture,0.68732923
h21300100003,4,4_trees_apple trees_apple tree_tree,0.3670595
h21300120004,1,1_swing_wreath_wood_pasture,0.5294003
h21300140005,1,1_swing_wreath_wood_pasture,0.5207786
h21300140006,1,1_swing_wreath_wood_pasture,0.6569099
h21300150007,4,4_trees_apple trees_apple tree_tree,0.37604958
h21300170009,1,1_swing_wreath_wood_pasture,0.82425654
h21300180010,1,1_swing_wreath_wood_pasture,0.7292302
h21300180011,1,1_swing_wreath_wood_pasture,0.3713729
h21300910037,6,6_barley_rye_oats_grain,0.3108246
h21301090062,1,1_swing_wreath_wood_pasture,0.39808726
h21302020029,0,0_young maiden_maiden_hay_grandmother,0.56977826
h21302270001,7,7_herd_tail_dog_turn,0.40746364
h21303590002,1,1_swing_wreath_wood_pasture,0.6779973
h21304110001,6,6_barley_rye_oats_grain,0.4184306
h21305490058,1,1_swing_wreath_wood_pasture,0.61546916
h21306910003,1,1_swing_wreath_wood_pasture,0.48130307
h21400390054,6,6_barley_rye_oats_grain,0.25507975
h21400500071,1,1_swing_wreath_wood_pasture,0.60564905
h21400510072,1,1_swing_wreath_wood_pasture,0.37830645
h21400520073,1,1_swing_wreath_wood_pasture,0.64612347
h21400530075,1,1_swing_wreath_wood_pasture,0.57380944
h21400600077,1,1_swing_wreath_wood_pasture,0.21610887
h21402580001,3,3_bride_daughters_maiden_wedding,0.20976561
h21402680008,1,1_swing_wreath_wood_pasture,0.47551626
h21403120011,1,1_swing_wreath_wood_pasture,0.4209841
h21404000003,8,8_linen_flax_sled_lace,0.7198857
h21404400005,1,1_swing_wreath_wood_pasture,0.4826429
h21404770007,6,6_barley_rye_oats_grain,0.35808754
h23806510013,1,1_swing_wreath_wood_pasture,0.66206044
h23806840011,8,8_linen_flax_sled_lace,0.3911752
h2400078000b,1,1_swing_wreath_wood_pasture,0.47593287
h24607040011,1,1_swing_wreath_wood_pasture,0.3860091
h24607070016,1,1_swing_wreath_wood_pasture,0.5740424
h24608050013,1,1_swing_wreath_wood_pasture,0.63149047
h24608250007,1,1_swing_wreath_wood_pasture,0.7847211
h24701150014,1,1_swing_wreath_wood_pasture,0.650416
h25705930004,1,1_swing_wreath_wood_pasture,0.47205117
h25705970010,6,6_barley_rye_oats_grain,0.25918052
h2570646031e,1,1_swing_wreath_wood_pasture,0.45824894
h30402090014,1,1_swing_wreath_wood_pasture,0.64874953
h31406660002,1,1_swing_wreath_wood_pasture,0.59966576
h31406670003,1,1_swing_wreath_wood_pasture,0.43929875
h31406680004,1,1_swing_wreath_wood_pasture,0.45692444
h32301950013,1,1_swing_wreath_wood_pasture,0.584283
h32301960014,1,1_swing_wreath_wood_pasture,0.7443639
h32301970013,7,7_herd_tail_dog_turn,0.26670134
h32302360016,6,6_barley_rye_oats_grain,0.22922577
h32302380017,7,7_herd_tail_dog_turn,0.3387348
h32700620021,1,1_swing_wreath_wood_pasture,0.6050971
h40102960010,1,1_swing_wreath_wood_pasture,0.85601443
h40102960011,6,6_barley_rye_oats_grain,0.43118942
h40103320016,1,1_swing_wreath_wood_pasture,0.6729044
e000076720019,5,5_wedding_bride_married_crow,0.30097216
e000077690016,7,7_herd_tail_dog_turn,0.2277779
e000078640008,0,0_young maiden_maiden_hay_grandmother,0.32435948
e000080410027,4,4_trees_apple trees_apple tree_tree,0.43821207
e000178260013,2,2_sparrow_bird_leaf_cabbage,0.22836089
e000536610000,0,0_young maiden_maiden_hay_grandmother,0.0
e000595320022,0,0_young maiden_maiden_hay_grandmother,0.25124422
e000595340023,0,0_young maiden_maiden_hay_grandmother,0.27632895
e000598870000,3,3_bride_daughters_maiden_wedding,0.22202942
e000683680005,4,4_trees_apple trees_apple tree_tree,0.38871774
ea00009830014,4,4_trees_apple trees_apple tree_tree,0.35471618
ea00009850016,0,0_young maiden_maiden_hay_grandmother,0.0
eks0100240000,8,8_linen_flax_sled_lace,0.21534915
era200101100001,4,4_trees_apple trees_apple tree_tree,0.604333
era200101140006,0,0_young maiden_maiden_hay_grandmother,0.0
era200101370001,5,5_wedding_bride_married_crow,0.29368538
era200601230001,4,4_trees_apple trees_apple tree_tree,0.30702654
era200703640019,7,7_herd_tail_dog_turn,1.0
era200703650021,0,0_young maiden_maiden_hay_grandmother,0.2092315
era200703750047,2,2_sparrow_bird_leaf_cabbage,1.0
era201107500009,0,0_young maiden_maiden_hay_grandmother,0.274449
era201400340008,4,4_trees_apple trees_apple tree_tree,0.2658181
era201400450006,6,6_barley_rye_oats_grain,0.49392498
era201401710006,0,0_young maiden_maiden_hay_grandmother,0.22076285
era201402110004,4,4_trees_apple trees_apple tree_tree,0.21177119
era201402730010,8,8_linen_flax_sled_lace,0.4692787
era201708700000,2,2_sparrow_bird_leaf_cabbage,0.71659803
era202400960005,0,0_young maiden_maiden_hay_grandmother,0.21746816
era202403130031,5,5_wedding_bride_married_crow,0.21676973
era202403280055,0,0_young maiden_maiden_hay_grandmother,0.0
era202404730001,4,4_trees_apple trees_apple tree_tree,0.31227243
era202404840012,7,7_herd_tail_dog_turn,0.48826304
era202405030001,4,4_trees_apple trees_apple tree_tree,0.43761435
era202405050003,7,7_herd_tail_dog_turn,0.7146273
era202405410001,2,2_sparrow_bird_leaf_cabbage,1.0
era202405420003,7,7_herd_tail_dog_turn,0.21305916
era202500360003,3,3_bride_daughters_maiden_wedding,0.33919945
era202502010005,7,7_herd_tail_dog_turn,0.6418164
era203102410002,3,3_bride_daughters_maiden_wedding,0.2711443
era203500180003,0,0_young maiden_maiden_hay_grandmother,0.20737618
era204101470006,8,8_linen_flax_sled_lace,0.26958144
era204104630003,3,3_bride_daughters_maiden_wedding,0.27926597
era207100110013,2,2_sparrow_bird_leaf_cabbage,1.0
era207100190006,7,7_herd_tail_dog_turn,0.93171906
era207100210010,2,2_sparrow_bird_leaf_cabbage,0.5479432
era207100230006,7,7_herd_tail_dog_turn,0.9839706
era207100250013,5,5_wedding_bride_married_crow,0.3401368
era207100250015,2,2_sparrow_bird_leaf_cabbage,1.0
era207100350007,7,7_herd_tail_dog_turn,0.95518774
era207100370011,2,2_sparrow_bird_leaf_cabbage,0.3966782
era207100490009,7,7_herd_tail_dog_turn,0.84367985
era207100510016,2,2_sparrow_bird_leaf_cabbage,0.40247184
era207100650012,2,2_sparrow_bird_leaf_cabbage,0.70920056
era207100890013,2,2_sparrow_bird_leaf_cabbage,0.3832135
era207101030022,6,6_barley_rye_oats_grain,0.38466695
era207101050008,2,2_sparrow_bird_leaf_cabbage,1.0
era207101070015,2,2_sparrow_bird_leaf_cabbage,0.57922715
era207101110009,7,7_herd_tail_dog_turn,0.939832
era207101130016,2,2_sparrow_bird_leaf_cabbage,1.0
era207101130020,0,0_young maiden_maiden_hay_grandmother,0.0
era207101250007,7,7_herd_tail_dog_turn,0.4668031
era207101250010,2,2_sparrow_bird_leaf_cabbage,0.3966782
era207101290023,2,2_sparrow_bird_leaf_cabbage,1.0
era207101310005,7,7_herd_tail_dog_turn,0.9509717
era207101450007,7,7_herd_tail_dog_turn,1.0
era207101450010,0,0_young maiden_maiden_hay_grandmother,0.0
era207101690005,2,2_sparrow_bird_leaf_cabbage,0.3716637
era207101770017,0,0_young maiden_maiden_hay_grandmother,0.0
era207101790005,1,1_swing_wreath_wood_pasture,0.4067025
era207101790006,2,2_sparrow_bird_leaf_cabbage,0.4299972
era207101870014,7,7_herd_tail_dog_turn,0.35235012
era207101950005,2,2_sparrow_bird_leaf_cabbage,0.4299972
era207102030007,7,7_herd_tail_dog_turn,0.48682112
era207102050008,2,2_sparrow_bird_leaf_cabbage,0.39553764
era207102090008,7,7_herd_tail_dog_turn,0.915487
era207102090010,2,2_sparrow_bird_leaf_cabbage,0.3246883
era207102220012,2,2_sparrow_bird_leaf_cabbage,0.6675005
era207102250000,8,8_linen_flax_sled_lace,0.30377492
era207102290006,2,2_sparrow_bird_leaf_cabbage,1.0
era207102310004,2,2_sparrow_bird_leaf_cabbage,1.0
era207102390007,7,7_herd_tail_dog_turn,0.9439795
era207102470012,0,0_young maiden_maiden_hay_grandmother,0.0
era207102510004,7,7_herd_tail_dog_turn,0.87591857
era207102530011,2,2_sparrow_bird_leaf_cabbage,0.58011967
era207102650009,7,7_herd_tail_dog_turn,0.95872736
era207102770003,7,7_herd_tail_dog_turn,0.957682
era207102790008,0,0_young maiden_maiden_hay_grandmother,0.0
era207102790009,2,2_sparrow_bird_leaf_cabbage,0.6818088
era207102870011,2,2_sparrow_bird_leaf_cabbage,0.6858924
era207103010008,7,7_herd_tail_dog_turn,0.8954274
era207103110016,2,2_sparrow_bird_leaf_cabbage,0.5046717
era207103210010,2,2_sparrow_bird_leaf_cabbage,0.6106938
era207103270014,2,2_sparrow_bird_leaf_cabbage,0.711684
era208305750007,3,3_bride_daughters_maiden_wedding,0.66600436
era208401570016,0,0_young maiden_maiden_hay_grandmother,0.26828983
era208403920023,7,7_herd_tail_dog_turn,0.36528957
era212200320010,4,4_trees_apple trees_apple tree_tree,0.39832425
era212203650061,0,0_young maiden_maiden_hay_grandmother,1.0
era212203670064,7,7_herd_tail_dog_turn,0.37748832
era213100110002,2,2_sparrow_bird_leaf_cabbage,0.5059229
era213100110003,2,2_sparrow_bird_leaf_cabbage,0.5243017
era213100120004,2,2_sparrow_bird_leaf_cabbage,0.67800397
era213100140007,7,7_herd_tail_dog_turn,0.21178061
era217201370004,4,4_trees_apple trees_apple tree_tree,0.24409026
era217201370007,7,7_herd_tail_dog_turn,0.57545435
era217201390006,3,3_bride_daughters_maiden_wedding,0.26455787
era217201590001,1,1_swing_wreath_wood_pasture,1.0
era217201720001,8,8_linen_flax_sled_lace,0.4222207
era217201850003,2,2_sparrow_bird_leaf_cabbage,0.5162628
era217201900007,7,7_herd_tail_dog_turn,0.8320326
era217202080001,0,0_young maiden_maiden_hay_grandmother,0.21489298
era217202080005,2,2_sparrow_bird_leaf_cabbage,0.58808863
era217202180004,8,8_linen_flax_sled_lace,0.21336618
era217800300081,3,3_bride_daughters_maiden_wedding,0.26995265
era217800310083,0,0_young maiden_maiden_hay_grandmother,0.0
era217800690049,1,1_swing_wreath_wood_pasture,0.72336686
era218304970047,7,7_herd_tail_dog_turn,0.75700873
era218304980053,7,7_herd_tail_dog_turn,0.32981768
era218305020067,7,7_herd_tail_dog_turn,0.29206502
era218305060081,3,3_bride_daughters_maiden_wedding,0.5778882
era218305080087,8,8_linen_flax_sled_lace,0.42396203
era219903910024,7,7_herd_tail_dog_turn,0.3413198
era225005460023,7,7_herd_tail_dog_turn,0.35521042
era225905470002,0,0_young maiden_maiden_hay_grandmother,0.4707605
estk4000020003,0,0_young maiden_maiden_hay_grandmother,0.18603218
estk4000620096,0,0_young maiden_maiden_hay_grandmother,0.19647555
estk4001020143,3,3_bride_daughters_maiden_wedding,0.2221015
eys0505750007,0,0_young maiden_maiden_hay_grandmother,0.0
eys0505850064,0,0_young maiden_maiden_hay_grandmother,0.0
eys0505920001,5,5_wedding_bride_married_crow,0.27794442
eys0506240046,0,0_young maiden_maiden_hay_grandmother,0.0
eys0506640101,7,7_herd_tail_dog_turn,0.58569413
eys0506650102,4,4_trees_apple trees_apple tree_tree,0.40109122
eys0506820124,7,7_herd_tail_dog_turn,0.23083301
eys0613780030,8,8_linen_flax_sled_lace,0.32960713
eys0614580143,3,3_bride_daughters_maiden_wedding,0.27365738
eys0616020018,8,8_linen_flax_sled_lace,0.57186455
eys0616280066,4,4_trees_apple trees_apple tree_tree,0.2719872
eys0616320075,0,0_young maiden_maiden_hay_grandmother,0.23086666
eys0616840135,0,0_young maiden_maiden_hay_grandmother,0.52409506
eys0617060172,2,2_sparrow_bird_leaf_cabbage,0.68266225
eys0617240202,1,1_swing_wreath_wood_pasture,0.62484694
eys0617400227,6,6_barley_rye_oats_grain,0.5748296
eys0617720281,1,1_swing_wreath_wood_pasture,1.0
eys0715320007,1,1_swing_wreath_wood_pasture,0.6689729
eys0715810096,8,8_linen_flax_sled_lace,0.29792243
eys0716530201,0,0_young maiden_maiden_hay_grandmother,0.46842998
eys0723050072,1,1_swing_wreath_wood_pasture,0.5558488
eys0725450033,1,1_swing_wreath_wood_pasture,0.39696473
eys0900450023,2,2_sparrow_bird_leaf_cabbage,0.58092463
eys0900450024,1,1_swing_wreath_wood_pasture,1.0
eys0900460026,4,4_trees_apple trees_apple tree_tree,0.40015867
eys0900460027,1,1_swing_wreath_wood_pasture,0.50021553
eys0900790071,1,1_swing_wreath_wood_pasture,0.30614084
eys0903490118,2,2_sparrow_bird_leaf_cabbage,0.3950786
eys0909950081,3,3_bride_daughters_maiden_wedding,0.28503704
eys1023290166,3,3_bride_daughters_maiden_wedding,0.27069435
eys1029170108,0,0_young maiden_maiden_hay_grandmother,0.0
eys1107620338,8,8_linen_flax_sled_lace,0.4202042
h10102300097,3,3_bride_daughters_maiden_wedding,0.2528346
h20102670395,0,0_young maiden_maiden_hay_grandmother,0.0
h21005340308,0,0_young maiden_maiden_hay_grandmother,0.0
h21302300003,2,2_sparrow_bird_leaf_cabbage,0.5568267
h21302380011,0,0_young maiden_maiden_hay_grandmother,0.21159804
h21303600004,3,3_bride_daughters_maiden_wedding,0.24333034
h21306500001,0,0_young maiden_maiden_hay_grandmother,0.0
h21306500002,7,7_herd_tail_dog_turn,0.9395873
h21402710012,0,0_young maiden_maiden_hay_grandmother,0.50809616
h21405080005,0,0_young maiden_maiden_hay_grandmother,0.0
h21405080006,8,8_linen_flax_sled_lace,0.4308878
h21405090007,2,2_sparrow_bird_leaf_cabbage,1.0
h22600930052,0,0_young maiden_maiden_hay_grandmother,1.0
h2390907900b,4,4_trees_apple trees_apple tree_tree,0.25433567
h24004040015,7,7_herd_tail_dog_turn,0.79101545
h25400370001,7,7_herd_tail_dog_turn,0.42699692
h25401630029,4,4_trees_apple trees_apple tree_tree,0.28512758
h31204460003,4,4_trees_apple trees_apple tree_tree,0.33541742
h31708630018,2,2_sparrow_bird_leaf_cabbage,0.29760703
h40103770022,2,2_sparrow_bird_leaf_cabbage,0.29248023
hr0401860001,4,4_trees_apple trees_apple tree_tree,0.2922022
hr040186000a,4,4_trees_apple trees_apple tree_tree,0.3133097
e000051820004,4,4_trees_apple trees_apple tree_tree,0.27321002
e000051870008,4,4_trees_apple trees_apple tree_tree,0.30392593
e000051880009,7,7_herd_tail_dog_turn,0.40341407
e000070640005,7,7_herd_tail_dog_turn,0.42173618
e000072070023,8,8_linen_flax_sled_lace,0.451386
e000076620004,8,8_linen_flax_sled_lace,0.3229952
e000076630005,7,7_herd_tail_dog_turn,0.27418607
e000077190023,2,2_sparrow_bird_leaf_cabbage,1.0
e000077340010,2,2_sparrow_bird_leaf_cabbage,1.0
e000078260000,1,1_swing_wreath_wood_pasture,1.0
e000079420031,5,5_wedding_bride_married_crow,0.39798942
e000079460004,3,3_bride_daughters_maiden_wedding,0.23309323
e000080510039,3,3_bride_daughters_maiden_wedding,0.21485084
e000093460028,3,3_bride_daughters_maiden_wedding,1.0
e000093490031,6,6_barley_rye_oats_grain,0.3435819
e000093520034,1,1_swing_wreath_wood_pasture,0.34579936
e000093670047,2,2_sparrow_bird_leaf_cabbage,1.0
e000093910062,1,1_swing_wreath_wood_pasture,0.2942573
e000099630001,4,4_trees_apple trees_apple tree_tree,0.39861032
e000099680004,4,4_trees_apple trees_apple tree_tree,0.20604412
e000099830014,8,8_linen_flax_sled_lace,0.3750655
e000106310008,3,3_bride_daughters_maiden_wedding,0.36575082
e000107390001,0,0_young maiden_maiden_hay_grandmother,0.6195639
e000178150003,1,1_swing_wreath_wood_pasture,0.43870342
e000178240011,3,3_bride_daughters_maiden_wedding,0.29305235
e000178310017,7,7_herd_tail_dog_turn,0.4579474
e000201380001,4,4_trees_apple trees_apple tree_tree,0.5157111
e000201440002,4,4_trees_apple trees_apple tree_tree,0.17829558
e00051510000a,7,7_herd_tail_dog_turn,0.84306705
e000536460000,3,3_bride_daughters_maiden_wedding,0.44044352
e000549580000,2,2_sparrow_bird_leaf_cabbage,0.7955416
e000576550000,4,4_trees_apple trees_apple tree_tree,0.7241663
e000616550002,3,3_bride_daughters_maiden_wedding,0.42699316
e000617380040,3,3_bride_daughters_maiden_wedding,0.5140605
e000617510050,2,2_sparrow_bird_leaf_cabbage,0.2546594
ea00002620025,3,3_bride_daughters_maiden_wedding,0.3086691
ea00006950014,8,8_linen_flax_sled_lace,0.24066359
ea00007040023,4,4_trees_apple trees_apple tree_tree,0.27240112
ea00010090007,7,7_herd_tail_dog_turn,0.26882634
ekms40106250008,4,4_trees_apple trees_apple tree_tree,0.39379174
ekms40106430011,7,7_herd_tail_dog_turn,0.4185615
eks0100170000,1,1_swing_wreath_wood_pasture,0.29543862
eks2800030003,4,4_trees_apple trees_apple tree_tree,0.5448355
eks2800070010,0,0_young maiden_maiden_hay_grandmother,1.0
era200101380001,0,0_young maiden_maiden_hay_grandmother,0.24278057
era200101500002,4,4_trees_apple trees_apple tree_tree,0.3332256
era200703670031,4,4_trees_apple trees_apple tree_tree,0.27363726
era200l01470002,3,3_bride_daughters_maiden_wedding,0.47812727
era201205650001,2,2_sparrow_bird_leaf_cabbage,0.7108471
era201402410028,4,4_trees_apple trees_apple tree_tree,0.32171845
era202401660005,0,0_young maiden_maiden_hay_grandmother,0.34708259
era202500530018,4,4_trees_apple trees_apple tree_tree,0.32281402
era204101540015,8,8_linen_flax_sled_lace,0.35275158
era205705370008,3,3_bride_daughters_maiden_wedding,0.31554002
era205705380009,3,3_bride_daughters_maiden_wedding,0.25837955
estk3701610001,7,7_herd_tail_dog_turn,0.41570872
estk3701850032,4,4_trees_apple trees_apple tree_tree,0.4856263
estk4000230047,0,0_young maiden_maiden_hay_grandmother,0.0
estk4000450073,6,6_barley_rye_oats_grain,0.3476109
estk4000830120,6,6_barley_rye_oats_grain,0.55746263
estk4000980136,0,0_young maiden_maiden_hay_grandmother,0.24367152
eys0210620056,6,6_barley_rye_oats_grain,0.39504653
eys0506000013,4,4_trees_apple trees_apple tree_tree,0.23289844
eys0506120029,6,6_barley_rye_oats_grain,0.4574746
eys0506120030,7,7_herd_tail_dog_turn,0.8158139
eys0506260051,3,3_bride_daughters_maiden_wedding,1.0
eys0506290194,3,3_bride_daughters_maiden_wedding,0.27308363
eys0506780118,6,6_barley_rye_oats_grain,0.53536516
eys0506830127,8,8_linen_flax_sled_lace,0.36392385
eys0506910137,1,1_swing_wreath_wood_pasture,0.43199208
eys0506980145,7,7_herd_tail_dog_turn,0.7269878
eys0507060158,1,1_swing_wreath_wood_pasture,0.33680812
eys0507100162,8,8_linen_flax_sled_lace,0.44165188
eys0507110164,2,2_sparrow_bird_leaf_cabbage,1.0
eys0507130167,2,2_sparrow_bird_leaf_cabbage,0.5094301
eys0507200181,8,8_linen_flax_sled_lace,0.30414775
eys0507270191,2,2_sparrow_bird_leaf_cabbage,0.6400445
eys0613810033,0,0_young maiden_maiden_hay_grandmother,0.23204367
eys0614100068,3,3_bride_daughters_maiden_wedding,0.75935215
eys0614300096,4,4_trees_apple trees_apple tree_tree,0.18787012
eys0614440123,5,5_wedding_bride_married_crow,0.5985337
eys0614630148,1,1_swing_wreath_wood_pasture,0.30989185
eys0615810348,6,6_barley_rye_oats_grain,0.47278595
eys0615970009,7,7_herd_tail_dog_turn,0.62235594
eys0616430086,4,4_trees_apple trees_apple tree_tree,0.80110615
eys0616560104,1,1_swing_wreath_wood_pasture,0.27742913
eys0616680115,7,7_herd_tail_dog_turn,0.33237302
eys0616740123,4,4_trees_apple trees_apple tree_tree,0.24332748
eys0616820132,8,8_linen_flax_sled_lace,0.41031173
eys0617180191,7,7_herd_tail_dog_turn,0.3873078
eys0617190192,4,4_trees_apple trees_apple tree_tree,0.42033386
eys0617220197,7,7_herd_tail_dog_turn,0.37541708
eys0617660268,2,2_sparrow_bird_leaf_cabbage,0.37857825
eys0706530004,3,3_bride_daughters_maiden_wedding,0.28324366
eys0708530011,7,7_herd_tail_dog_turn,0.42773664
eys0708560014,5,5_wedding_bride_married_crow,0.74685776
eys0708560016,2,2_sparrow_bird_leaf_cabbage,0.37604582
eys0716330166,4,4_trees_apple trees_apple tree_tree,0.49298424
eys0716510196,7,7_herd_tail_dog_turn,0.7017912
eys0716580210,1,1_swing_wreath_wood_pasture,0.29206207
eys0716620215,1,1_swing_wreath_wood_pasture,0.5694168
eys0716800240,3,3_bride_daughters_maiden_wedding,0.36417323
eys0717180316,4,4_trees_apple trees_apple tree_tree,0.65906644
eys0717680390,3,3_bride_daughters_maiden_wedding,0.5183283
eys0718350014,7,7_herd_tail_dog_turn,0.297984
eys0722800021,5,5_wedding_bride_married_crow,1.0
eys0722920044,4,4_trees_apple trees_apple tree_tree,1.0
eys0723310128,7,7_herd_tail_dog_turn,0.42572913
eys0723320129,2,2_sparrow_bird_leaf_cabbage,0.25612268
eys0723320130,4,4_trees_apple trees_apple tree_tree,0.38944998
eys0723400138,7,7_herd_tail_dog_turn,0.3536744
eys0724010263,3,3_bride_daughters_maiden_wedding,0.24065779
eys0724500385,1,1_swing_wreath_wood_pasture,0.32352105
eys0804240169,7,7_herd_tail_dog_turn,0.233151
eys0805390016,3,3_bride_daughters_maiden_wedding,0.22893041
eys0805500034,1,1_swing_wreath_wood_pasture,0.41059598
eys0806090137,6,6_barley_rye_oats_grain,0.3513686
eys0806100138,7,7_herd_tail_dog_turn,0.49127474
eys0806330173,4,4_trees_apple trees_apple tree_tree,0.48374042
eys0806380183,1,1_swing_wreath_wood_pasture,0.39537412
eys0807290316,8,8_linen_flax_sled_lace,0.6305781
eys0807590364,7,7_herd_tail_dog_turn,0.25518167
eys0808140445,1,1_swing_wreath_wood_pasture,0.56187415
eys0808300471,8,8_linen_flax_sled_lace,0.2818757
eys0808730540,4,4_trees_apple trees_apple tree_tree,0.28972676
eys0808810552,7,7_herd_tail_dog_turn,0.33676544
eys0811490002,0,0_young maiden_maiden_hay_grandmother,0.0
eys0811600025,4,4_trees_apple trees_apple tree_tree,0.42410207
eys0811720043,4,4_trees_apple trees_apple tree_tree,0.31068513
eys0811850065,8,8_linen_flax_sled_lace,0.37095717
eys0811880072,3,3_bride_daughters_maiden_wedding,0.4067444
eys0909540018,4,4_trees_apple trees_apple tree_tree,0.18419437
eys0909570021,7,7_herd_tail_dog_turn,0.39399758
eys0909580023,7,7_herd_tail_dog_turn,0.3711386
eys0909730046,4,4_trees_apple trees_apple tree_tree,1.0
eys0909840062,7,7_herd_tail_dog_turn,1.0
eys0910040094,0,0_young maiden_maiden_hay_grandmother,0.0
eys0910490162,7,7_herd_tail_dog_turn,0.38136205
eys1022410010,0,0_young maiden_maiden_hay_grandmother,1.0
eys1022420015,2,2_sparrow_bird_leaf_cabbage,0.6766595
eys1022450022,4,4_trees_apple trees_apple tree_tree,0.5448355
eys1022570046,7,7_herd_tail_dog_turn,1.0
eys1022730079,7,7_herd_tail_dog_turn,0.46725735
eys1022790087,7,7_herd_tail_dog_turn,0.31300345
eys1023010122,6,6_barley_rye_oats_grain,0.37196124
eys1023210152,8,8_linen_flax_sled_lace,0.35328156
eys1023710201,7,7_herd_tail_dog_turn,0.39281455
eys1029020072,7,7_herd_tail_dog_turn,0.2764825
eys1029030074,6,6_barley_rye_oats_grain,1.0
eys1029100095,3,3_bride_daughters_maiden_wedding,0.24562372
eys1029110097,7,7_herd_tail_dog_turn,0.5173895
h10101420007,8,8_linen_flax_sled_lace,0.57868654
h10101450015,1,1_swing_wreath_wood_pasture,0.4444306
h10101460017,7,7_herd_tail_dog_turn,0.7017912
h10101460019,1,1_swing_wreath_wood_pasture,0.29668194
h10101810004,6,6_barley_rye_oats_grain,0.5276623
h10102420121,7,7_herd_tail_dog_turn,0.20487079
h10102450127,5,5_wedding_bride_married_crow,0.51097196
h10102500135,1,1_swing_wreath_wood_pasture,0.41348922
h10700460036,3,3_bride_daughters_maiden_wedding,0.2820017
h10700510045,0,0_young maiden_maiden_hay_grandmother,1.0
h10700610063,2,2_sparrow_bird_leaf_cabbage,0.37665606
h20101330185,8,8_linen_flax_sled_lace,0.48950368
h20101340187,8,8_linen_flax_sled_lace,0.46473554
h20102660392,8,8_linen_flax_sled_lace,0.5033044
h20102800413,1,1_swing_wreath_wood_pasture,0.366037
h21109460003,0,0_young maiden_maiden_hay_grandmother,0.34619895
h21300990047,4,4_trees_apple trees_apple tree_tree,0.4875238
h21301170004,0,0_young maiden_maiden_hay_grandmother,0.0
h21301310024,6,6_barley_rye_oats_grain,1.0
h21301810003,3,3_bride_daughters_maiden_wedding,0.32338625
h21301840006,8,8_linen_flax_sled_lace,0.49047357
h21302280002,3,3_bride_daughters_maiden_wedding,0.35884142
h21303350007,7,7_herd_tail_dog_turn,0.24213047
h21304370010,7,7_herd_tail_dog_turn,0.40739155
h21305070020,3,3_bride_daughters_maiden_wedding,0.29684547
h21305290036,7,7_herd_tail_dog_turn,0.42940286
h21305340041,1,1_swing_wreath_wood_pasture,0.3055721
h21305820003,8,8_linen_flax_sled_lace,0.18123877
h21306000001,3,3_bride_daughters_maiden_wedding,0.27653772
h21306520004,7,7_herd_tail_dog_turn,0.6136247
h21306540009,3,3_bride_daughters_maiden_wedding,0.26158816
h21400090005,3,3_bride_daughters_maiden_wedding,0.40505987
h21400690089,7,7_herd_tail_dog_turn,0.41887867
h21400950008,8,8_linen_flax_sled_lace,0.34441912
h21400990010,2,2_sparrow_bird_leaf_cabbage,0.38884774
h21401290001,8,8_linen_flax_sled_lace,0.23033386
h21401410013,3,3_bride_daughters_maiden_wedding,0.42750722
h21401520025,3,3_bride_daughters_maiden_wedding,1.0
h21401610036,4,4_trees_apple trees_apple tree_tree,0.2490916
h21404020005,1,1_swing_wreath_wood_pasture,1.0
h21404810010,4,4_trees_apple trees_apple tree_tree,1.0
h21405060004,4,4_trees_apple trees_apple tree_tree,1.0
h21406270004,7,7_herd_tail_dog_turn,0.27638984
h21605750011,6,6_barley_rye_oats_grain,0.2509739
h24607010006,4,4_trees_apple trees_apple tree_tree,0.35926807
h24607020008,3,3_bride_daughters_maiden_wedding,1.0
h24607100023,3,3_bride_daughters_maiden_wedding,0.17614402
h24607110025,8,8_linen_flax_sled_lace,0.61311597
h24608390024,5,5_wedding_bride_married_crow,0.3250327
h24608430028,5,5_wedding_bride_married_crow,0.3806
h24609400009,6,6_barley_rye_oats_grain,0.5276623
h25704130001,4,4_trees_apple trees_apple tree_tree,0.26985583
h25704180004,6,6_barley_rye_oats_grain,0.16804884
h25704260008,4,4_trees_apple trees_apple tree_tree,0.7892095
h25706290012,4,4_trees_apple trees_apple tree_tree,0.5448355
h25706350021,7,7_herd_tail_dog_turn,0.42937234
h25706430029,3,3_bride_daughters_maiden_wedding,0.4114681
h26703001910,8,8_linen_flax_sled_lace,0.3554121
h26804900006,3,3_bride_daughters_maiden_wedding,0.30030674
h26805030024,4,4_trees_apple trees_apple tree_tree,0.37766248
h30101380007,3,3_bride_daughters_maiden_wedding,0.25997767
h30101460013,7,7_herd_tail_dog_turn,0.38057655
h30101630017,7,7_herd_tail_dog_turn,0.6730525
h30401790007,8,8_linen_flax_sled_lace,0.26524264
h30402120002,2,2_sparrow_bird_leaf_cabbage,0.327926
h30402410000,7,7_herd_tail_dog_turn,0.24542104
h31703930059,4,4_trees_apple trees_apple tree_tree,0.39346772
h31703950061,3,3_bride_daughters_maiden_wedding,0.26087752
h31704040072,3,3_bride_daughters_maiden_wedding,0.34231606
h31709530012,1,1_swing_wreath_wood_pasture,1.0
h31800440012,7,7_herd_tail_dog_turn,0.5493584
h32301860002,3,3_bride_daughters_maiden_wedding,0.4466572
h32302270008,7,7_herd_tail_dog_turn,0.43265802
h32302410019,7,7_herd_tail_dog_turn,0.43119043
h32700510010,3,3_bride_daughters_maiden_wedding,0.30930075
h40102900003,1,1_swing_wreath_wood_pasture,0.5122409
h40102930006,2,2_sparrow_bird_leaf_cabbage,0.42347294
h40103310015,2,2_sparrow_bird_leaf_cabbage,0.8051063
hgrq01900086,5,5_wedding_bride_married_crow,1.0
hgrq01950096,3,3_bride_daughters_maiden_wedding,0.8590778
aesmt04900110003,1,1_swing_wreath_wood_pasture,0.33955812
e000051910013,3,3_bride_daughters_maiden_wedding,0.43683717
e000068530005,6,6_barley_rye_oats_grain,0.4904799
e000068540006,4,4_trees_apple trees_apple tree_tree,0.640212
e000068550007,3,3_bride_daughters_maiden_wedding,0.41483545
e000071670028,7,7_herd_tail_dog_turn,0.31659007
e000071760037,1,1_swing_wreath_wood_pasture,0.50798607
e000074570000,4,4_trees_apple trees_apple tree_tree,0.39528018
e000074620000,7,7_herd_tail_dog_turn,0.37648928
e000076700016,6,6_barley_rye_oats_grain,0.4445424
e000076710017,8,8_linen_flax_sled_lace,0.27158707
e000076900024,4,4_trees_apple trees_apple tree_tree,0.29307175
e000077250004,4,4_trees_apple trees_apple tree_tree,0.36823493
e000077500004,7,7_herd_tail_dog_turn,0.51488197
e000077540011,4,4_trees_apple trees_apple tree_tree,0.30126727
e000078590005,8,8_linen_flax_sled_lace,0.37156755
e000078890013,4,4_trees_apple trees_apple tree_tree,0.41662794
e000079180002,6,6_barley_rye_oats_grain,0.27735227
e000079510012,7,7_herd_tail_dog_turn,0.54057366
e000080690055,1,1_swing_wreath_wood_pasture,0.37660685
e000093580038,1,1_swing_wreath_wood_pasture,0.33769462
e000093930064,7,7_herd_tail_dog_turn,0.38116208
e000099890018,4,4_trees_apple trees_apple tree_tree,0.24401775
e000104140009,0,0_young maiden_maiden_hay_grandmother,0.51077706
e000107530021,3,3_bride_daughters_maiden_wedding,0.4163696
e000114880009,8,8_linen_flax_sled_lace,0.34129667
e000117920016,0,0_young maiden_maiden_hay_grandmother,0.34098125
e000123240003,4,4_trees_apple trees_apple tree_tree,0.40422198
e000145860001,6,6_barley_rye_oats_grain,0.24388045
e000151010003,5,5_wedding_bride_married_crow,0.5551311
e000151020004,7,7_herd_tail_dog_turn,0.30396092
e000158690009,5,5_wedding_bride_married_crow,0.7237246
e000177610006,3,3_bride_daughters_maiden_wedding,0.37178567
e000221660007,1,1_swing_wreath_wood_pasture,0.32826737
e000410660019,1,1_swing_wreath_wood_pasture,0.31204367
e000418780000,1,1_swing_wreath_wood_pasture,1.0
e000424680002,6,6_barley_rye_oats_grain,0.4709013
e000518920000,3,3_bride_daughters_maiden_wedding,0.43476814
e000532010011,5,5_wedding_bride_married_crow,0.6435368
e000539550002,5,5_wedding_bride_married_crow,0.47416362
e000546730004,0,0_young maiden_maiden_hay_grandmother,0.58321047
e000575630007,0,0_young maiden_maiden_hay_grandmother,1.0
e000592080005,4,4_trees_apple trees_apple tree_tree,0.39409736
e000592270026,5,5_wedding_bride_married_crow,0.8913428
e000598820007,0,0_young maiden_maiden_hay_grandmother,0.0
e000616650008,2,2_sparrow_bird_leaf_cabbage,0.2520512
e000616900005,3,3_bride_daughters_maiden_wedding,0.4779574
e000617070016,0,0_young maiden_maiden_hay_grandmother,0.33045718
e000617580057,4,4_trees_apple trees_apple tree_tree,0.48678175
ea00002480012,4,4_trees_apple trees_apple tree_tree,0.29658982
ea00002490013,0,0_young maiden_maiden_hay_grandmother,0.0
ea00002510016,6,6_barley_rye_oats_grain,0.2759265
ea00002520017,1,1_swing_wreath_wood_pasture,0.47126395
ea00006830003,0,0_young maiden_maiden_hay_grandmother,0.5434739
ea00009870003,7,7_herd_tail_dog_turn,0.35758266
ea00009990004,4,4_trees_apple trees_apple tree_tree,0.36535448
ea00010540003,3,3_bride_daughters_maiden_wedding,0.2977102
ekms40106420010,6,6_barley_rye_oats_grain,0.4601207
era201101830001,7,7_herd_tail_dog_turn,0.6065
era201402310021,4,4_trees_apple trees_apple tree_tree,0.62644154
era202300280006,1,1_swing_wreath_wood_pasture,0.29427886
era202400910001,4,4_trees_apple trees_apple tree_tree,0.6325899
era202403460114,7,7_herd_tail_dog_turn,0.42422166
era202500380006,2,2_sparrow_bird_leaf_cabbage,0.31125727
era203201710003,4,4_trees_apple trees_apple tree_tree,0.39359558
era204202470000,8,8_linen_flax_sled_lace,0.3581173
era205705530027,5,5_wedding_bride_married_crow,0.5993265
estk3700990003,7,7_herd_tail_dog_turn,0.41647482
estk3701760019,1,1_swing_wreath_wood_pasture,0.49462864
estk3701820026,7,7_herd_tail_dog_turn,0.40730742
estk4000020002,3,3_bride_daughters_maiden_wedding,0.35153222
estk4000470076,4,4_trees_apple trees_apple tree_tree,0.53262573
estk4000720107,4,4_trees_apple trees_apple tree_tree,1.0
estk4000760111,1,1_swing_wreath_wood_pasture,0.6064037
estk4001520167,7,7_herd_tail_dog_turn,1.0
eys0506150033,1,1_swing_wreath_wood_pasture,0.34801522
eys0506250048,8,8_linen_flax_sled_lace,0.3640922
eys0506520082,0,0_young maiden_maiden_hay_grandmother,0.25446463
eys0506540084,6,6_barley_rye_oats_grain,0.55028325
eys0506580091,4,4_trees_apple trees_apple tree_tree,0.35617667
eys0506810123,3,3_bride_daughters_maiden_wedding,0.34771374
eys0507030153,6,6_barley_rye_oats_grain,0.423554
eys050707158b,6,6_barley_rye_oats_grain,0.643166
eys0507170175,5,5_wedding_bride_married_crow,0.5141578
eys0507250189,2,2_sparrow_bird_leaf_cabbage,0.39442375
eys0507310196,1,1_swing_wreath_wood_pasture,0.5262231
eys0613630006,4,4_trees_apple trees_apple tree_tree,0.44960266
eys0614870185,8,8_linen_flax_sled_lace,0.30099654
eys0615630312,7,7_herd_tail_dog_turn,0.47356698
eys0616300069,7,7_herd_tail_dog_turn,0.26435623
eys0616710119,0,0_young maiden_maiden_hay_grandmother,1.0
eys0617010164,4,4_trees_apple trees_apple tree_tree,0.36324134
eys0617070175,0,0_young maiden_maiden_hay_grandmother,0.39385897
eys0617290212,7,7_herd_tail_dog_turn,0.25910643
eys0617480242,1,1_swing_wreath_wood_pasture,0.45529744
eys0617620262,8,8_linen_flax_sled_lace,0.50806075
eys0617630263,8,8_linen_flax_sled_lace,0.31271464
eys0707430016,0,0_young maiden_maiden_hay_grandmother,0.0
eys070753038a,0,0_young maiden_maiden_hay_grandmother,0.0
eys0707610015,0,0_young maiden_maiden_hay_grandmother,0.2874633
eys0707640021,0,0_young maiden_maiden_hay_grandmother,0.43974137
eys0708580020,4,4_trees_apple trees_apple tree_tree,0.56084275
eys0715560048,8,8_linen_flax_sled_lace,0.36899102
eys0715680074,2,2_sparrow_bird_leaf_cabbage,0.65178406
eys0715950115,3,3_bride_daughters_maiden_wedding,0.31007716
eys0716290161,7,7_herd_tail_dog_turn,0.5020525
eys0716340169,0,0_young maiden_maiden_hay_grandmother,0.0
eys0716690222,7,7_herd_tail_dog_turn,0.5303004
eys0716770233,4,4_trees_apple trees_apple tree_tree,0.30722216
eys0716860251,0,0_young maiden_maiden_hay_grandmother,0.3450153
eys0717050288,4,4_trees_apple trees_apple tree_tree,0.2689523
eys0719450154,1,1_swing_wreath_wood_pasture,0.42719862
eys0722850029,1,1_swing_wreath_wood_pasture,0.5970058
eys0722950048,3,3_bride_daughters_maiden_wedding,0.29190508
eys0723570163,1,1_swing_wreath_wood_pasture,0.24528271
eys0723970251,1,1_swing_wreath_wood_pasture,0.5362924
eys0723970253,7,7_herd_tail_dog_turn,0.44313696
eys0724140293,4,4_trees_apple trees_apple tree_tree,0.5872374
eys0724250316,1,1_swing_wreath_wood_pasture,0.58718145
eys0724310333,2,2_sparrow_bird_leaf_cabbage,0.8225094
eys0805760090,3,3_bride_daughters_maiden_wedding,0.29603514
eys0805880104,1,1_swing_wreath_wood_pasture,0.29101562
eys0806230161,0,0_young maiden_maiden_hay_grandmother,0.0
eys0806930277,0,0_young maiden_maiden_hay_grandmother,0.49988207
eys0808340476,2,2_sparrow_bird_leaf_cabbage,0.3380898
eys0808590517,8,8_linen_flax_sled_lace,0.38127592
eys0808760544,4,4_trees_apple trees_apple tree_tree,0.28428385
eys0808790549,7,7_herd_tail_dog_turn,0.35778844
eys0811560014,3,3_bride_daughters_maiden_wedding,0.46781385
eys0900880084,4,4_trees_apple trees_apple tree_tree,0.4133703
eys0909450008,1,1_swing_wreath_wood_pasture,0.2583896
eys0909700042,4,4_trees_apple trees_apple tree_tree,0.37314063
eys0909850064,1,1_swing_wreath_wood_pasture,1.0
eys0909910076,1,1_swing_wreath_wood_pasture,0.22245349
eys1022400009,3,3_bride_daughters_maiden_wedding,0.40242893
eys1022560043,3,3_bride_daughters_maiden_wedding,0.50811225
eys1022680070,1,1_swing_wreath_wood_pasture,0.36285117
eys1029030075,3,3_bride_daughters_maiden_wedding,0.38184538
eys1029060084,4,4_trees_apple trees_apple tree_tree,0.37492597
eys1029090093,8,8_linen_flax_sled_lace,0.5260116
eys1108200009,5,5_wedding_bride_married_crow,0.2537119
h10101240003,0,0_young maiden_maiden_hay_grandmother,0.6767097
h10101440013,4,4_trees_apple trees_apple tree_tree,0.4777936
h10102280090,4,4_trees_apple trees_apple tree_tree,0.4460222
h10102300096,3,3_bride_daughters_maiden_wedding,0.39960995
h10102400116,7,7_herd_tail_dog_turn,0.4824296
h10102470129,8,8_linen_flax_sled_lace,0.30398303
h10700290001,1,1_swing_wreath_wood_pasture,0.34942445
h10700630065,7,7_herd_tail_dog_turn,0.37559763
h20102710400,2,2_sparrow_bird_leaf_cabbage,0.50442815
h20106530841,4,4_trees_apple trees_apple tree_tree,0.76026875
h21005400317,8,8_linen_flax_sled_lace,0.24953808
h21300380008,0,0_young maiden_maiden_hay_grandmother,0.3305356
h21300390009,3,3_bride_daughters_maiden_wedding,0.48345134
h21300400010,8,8_linen_flax_sled_lace,0.60923195
h21300600034,7,7_herd_tail_dog_turn,0.24523306
h21300630002,6,6_barley_rye_oats_grain,0.5471363
h21300820025,1,1_swing_wreath_wood_pasture,0.4798603
h21300820026,7,7_herd_tail_dog_turn,0.50929797
h21300940040,0,0_young maiden_maiden_hay_grandmother,0.0
h21300950041,7,7_herd_tail_dog_turn,0.69202447
h21301110065,5,5_wedding_bride_married_crow,0.313046
h21301130068,8,8_linen_flax_sled_lace,0.56074417
h21301320026,1,1_swing_wreath_wood_pasture,0.8084148
h21303310002,4,4_trees_apple trees_apple tree_tree,0.5337627
h21303450010,6,6_barley_rye_oats_grain,0.2875312
h21305530063,7,7_herd_tail_dog_turn,0.5083569
h21305910010,4,4_trees_apple trees_apple tree_tree,0.35832545
h21305930013,8,8_linen_flax_sled_lace,0.27754042
h21306440023,6,6_barley_rye_oats_grain,0.31935334
h21306510002,4,4_trees_apple trees_apple tree_tree,0.38772494
h21306520006,7,7_herd_tail_dog_turn,0.47595432
h21400110008,6,6_barley_rye_oats_grain,0.44991452
h21400370051,4,4_trees_apple trees_apple tree_tree,0.53778416
h21400400056,8,8_linen_flax_sled_lace,0.736132
h21400470065,4,4_trees_apple trees_apple tree_tree,0.46409714
h21400500070,4,4_trees_apple trees_apple tree_tree,0.76550347
h21400750094,1,1_swing_wreath_wood_pasture,0.51830906
h21403490010,8,8_linen_flax_sled_lace,0.19327001
h21403510011,4,4_trees_apple trees_apple tree_tree,0.32009852
h21404420012,1,1_swing_wreath_wood_pasture,0.37172654
h21404420013,8,8_linen_flax_sled_lace,0.5061235
h21605720009,6,6_barley_rye_oats_grain,0.63285273
h23806740004,2,2_sparrow_bird_leaf_cabbage,0.53106004
h23807410005,4,4_trees_apple trees_apple tree_tree,0.3042086
h24000971043,4,4_trees_apple trees_apple tree_tree,0.35479462
h24607810009,8,8_linen_flax_sled_lace,0.34964514
h25401820075,4,4_trees_apple trees_apple tree_tree,0.42196545
h26502840020,4,4_trees_apple trees_apple tree_tree,0.3090939
h26503350009,1,1_swing_wreath_wood_pasture,0.32964012
h30401490003,6,6_barley_rye_oats_grain,0.29586926
h30401910001,4,4_trees_apple trees_apple tree_tree,0.42586496
h31205930002,3,3_bride_daughters_maiden_wedding,0.511138
h31701200006,1,1_swing_wreath_wood_pasture,1.0
h31701500007,1,1_swing_wreath_wood_pasture,0.22186884
h31704090075,2,2_sparrow_bird_leaf_cabbage,0.4491878
h31707210001,6,6_barley_rye_oats_grain,0.1890822
h31707440014,7,7_herd_tail_dog_turn,0.4847198
h31708470002,7,7_herd_tail_dog_turn,0.35790804
h40400610001,1,1_swing_wreath_wood_pasture,0.5577048
h40400670004,0,0_young maiden_maiden_hay_grandmother,0.56291664
hgrq01570027,7,7_herd_tail_dog_turn,0.52534854
hgrq01600029,4,4_trees_apple trees_apple tree_tree,0.31875393
hgrq01730045,7,7_herd_tail_dog_turn,0.53939307
hgrq01820067,8,8_linen_flax_sled_lace,1.0
hgrq01860077,3,3_bride_daughters_maiden_wedding,0.36252874
hgrq01930092,3,3_bride_daughters_maiden_wedding,0.50811225
hr0103070003,3,3_bride_daughters_maiden_wedding,0.40327436
e000051840005,7,7_herd_tail_dog_turn,0.37157744
e000051950017,8,8_linen_flax_sled_lace,0.31380868
e000070610001,4,4_trees_apple trees_apple tree_tree,0.3160396
e000071480009,6,6_barley_rye_oats_grain,0.5006672
e000071500010,6,6_barley_rye_oats_grain,0.22064418
e000071510011,0,0_young maiden_maiden_hay_grandmother,0.0
e000071520012,7,7_herd_tail_dog_turn,0.27690017
e000071620022,1,1_swing_wreath_wood_pasture,0.49238935
e000071900002,0,0_young maiden_maiden_hay_grandmother,0.31000555
e000071920005,2,2_sparrow_bird_leaf_cabbage,0.49412724
e000072030017,7,7_herd_tail_dog_turn,0.7017912
e000072050021,2,2_sparrow_bird_leaf_cabbage,0.27090985
e000076780005,6,6_barley_rye_oats_grain,0.44497523
e000076790008,4,4_trees_apple trees_apple tree_tree,0.43064007
e000076890023,2,2_sparrow_bird_leaf_cabbage,0.47538733
e000077000012,6,6_barley_rye_oats_grain,0.2414298
e000077010014,2,2_sparrow_bird_leaf_cabbage,0.28398037
e000077020015,1,1_swing_wreath_wood_pasture,0.21241783
e000077030016,8,8_linen_flax_sled_lace,0.3239909
e000077030017,6,6_barley_rye_oats_grain,0.42345628
e000077040018,1,1_swing_wreath_wood_pasture,0.30242088
e000077060020,2,2_sparrow_bird_leaf_cabbage,0.3662997
e000077100006,6,6_barley_rye_oats_grain,0.46103135
e000077130013,4,4_trees_apple trees_apple tree_tree,0.31313437
e000077170019,3,3_bride_daughters_maiden_wedding,0.33905473
e000077190025,8,8_linen_flax_sled_lace,0.33893758
e000077210027,4,4_trees_apple trees_apple tree_tree,0.29508948
e000077340008,4,4_trees_apple trees_apple tree_tree,1.0
e000077630009,1,1_swing_wreath_wood_pasture,0.2601721
e000077640010,4,4_trees_apple trees_apple tree_tree,0.18976784
e000077770011,8,8_linen_flax_sled_lace,0.24516869
e000078270003,4,4_trees_apple trees_apple tree_tree,0.39921436
e000078340014,1,1_swing_wreath_wood_pasture,1.0
e000078740006,6,6_barley_rye_oats_grain,0.43412414
e000078860011,1,1_swing_wreath_wood_pasture,0.5125279
e000079100040,4,4_trees_apple trees_apple tree_tree,0.3181925
e000079280013,6,6_barley_rye_oats_grain,0.4024692
e00007931017a,1,1_swing_wreath_wood_pasture,0.6970313
e000079450002,4,4_trees_apple trees_apple tree_tree,0.4433411
e000079450003,6,6_barley_rye_oats_grain,0.9486984
e000079470005,8,8_linen_flax_sled_lace,0.5055336
e000079520014,1,1_swing_wreath_wood_pasture,0.37805817
e000080540041,6,6_barley_rye_oats_grain,0.30814797
e000080750059,1,1_swing_wreath_wood_pasture,0.5984738
e000093470029,8,8_linen_flax_sled_lace,0.24029848
e000093740053,4,4_trees_apple trees_apple tree_tree,0.18877807
e000093960067,4,4_trees_apple trees_apple tree_tree,0.5509407
e000094140090,4,4_trees_apple trees_apple tree_tree,0.31726003
e000104130007,8,8_linen_flax_sled_lace,0.33560595
e000104150014,1,1_swing_wreath_wood_pasture,0.34184012
e000105630010,1,1_swing_wreath_wood_pasture,0.22578894
e000107510019,7,7_herd_tail_dog_turn,0.590037
e000117870005,2,2_sparrow_bird_leaf_cabbage,0.76500297
e000117890010,6,6_barley_rye_oats_grain,0.3550421
e000117930018,7,7_herd_tail_dog_turn,0.40538192
e000117990033,2,2_sparrow_bird_leaf_cabbage,0.43619654
e000135850004,7,7_herd_tail_dog_turn,0.30397412
e000138040001,2,2_sparrow_bird_leaf_cabbage,0.18873613
e000151060012,7,7_herd_tail_dog_turn,0.49561805
e000151070014,4,4_trees_apple trees_apple tree_tree,0.3204698
e000151080017,3,3_bride_daughters_maiden_wedding,0.36617693
e000178180006,1,1_swing_wreath_wood_pasture,0.23278207
e000239830002,1,1_swing_wreath_wood_pasture,0.4590823
e000418750000,5,5_wedding_bride_married_crow,0.3098668
e000518390006,4,4_trees_apple trees_apple tree_tree,0.42080534
e000518940004,7,7_herd_tail_dog_turn,0.65871674
e000536560008,4,4_trees_apple trees_apple tree_tree,0.48748413
e000547710000,6,6_barley_rye_oats_grain,0.4014241
e000547720000,2,2_sparrow_bird_leaf_cabbage,1.0
e000549670000,7,7_herd_tail_dog_turn,0.26867202
e000576710000,7,7_herd_tail_dog_turn,0.43102142
e000595280000,1,1_swing_wreath_wood_pasture,0.24771751
e000597700001,6,6_barley_rye_oats_grain,0.80185115
e00059879000a,4,4_trees_apple trees_apple tree_tree,0.2781603
e000599030004,3,3_bride_daughters_maiden_wedding,0.37910974
e000616990011,1,1_swing_wreath_wood_pasture,0.30179566
e000617000012,6,6_barley_rye_oats_grain,0.54260355
e000617100018,2,2_sparrow_bird_leaf_cabbage,0.6601745
e000617110019,6,6_barley_rye_oats_grain,0.2898118
e000617330035,5,5_wedding_bride_married_crow,0.43495193
e000643660001,4,4_trees_apple trees_apple tree_tree,0.30210087
e000786160003,6,6_barley_rye_oats_grain,0.35746664
e000828660001,7,7_herd_tail_dog_turn,0.38789657
ea00002010007,7,7_herd_tail_dog_turn,0.7639788
ea00002020011,4,4_trees_apple trees_apple tree_tree,1.0
ea00002580022,6,6_barley_rye_oats_grain,0.19334485
ea00002670027,3,3_bride_daughters_maiden_wedding,0.4880347
ea00002760036,7,7_herd_tail_dog_turn,0.22119845
ea00002780038,3,3_bride_daughters_maiden_wedding,0.35959122
ea00006820002,4,4_trees_apple trees_apple tree_tree,0.27166235
ea00006840005,4,4_trees_apple trees_apple tree_tree,0.449225
ea00007030022,3,3_bride_daughters_maiden_wedding,0.5196519
ea00009630003,4,4_trees_apple trees_apple tree_tree,0.5483838
ea00009750001,7,7_herd_tail_dog_turn,0.69215703
ea00009820013,4,4_trees_apple trees_apple tree_tree,0.42776144
ea00009840014,6,6_barley_rye_oats_grain,1.0
ea00009840015,1,1_swing_wreath_wood_pasture,0.5667714
ea00010160011,7,7_herd_tail_dog_turn,0.4443922
ekms40504230009,8,8_linen_flax_sled_lace,0.3662865
ekms40504250010,4,4_trees_apple trees_apple tree_tree,0.3467944
ekms40504270011,6,6_barley_rye_oats_grain,0.58786684
ekms40504290012,7,7_herd_tail_dog_turn,0.23039398
eks0100450000,4,4_trees_apple trees_apple tree_tree,0.33428562
eks2800060008,2,2_sparrow_bird_leaf_cabbage,0.45653865
eks2800120004,1,1_swing_wreath_wood_pasture,0.36344254
ekse00400001,6,6_barley_rye_oats_grain,0.1929626
ekse00410002,6,6_barley_rye_oats_grain,0.5827181
ekse00420005,4,4_trees_apple trees_apple tree_tree,0.39697656
ekse00450001,5,5_wedding_bride_married_crow,0.5829555
era200101290006,7,7_herd_tail_dog_turn,0.6886377
era200604480003,1,1_swing_wreath_wood_pasture,1.0
era200703620018,8,8_linen_flax_sled_lace,0.3971919
era200703710039,0,0_young maiden_maiden_hay_grandmother,0.57876414
era201107270003,1,1_swing_wreath_wood_pasture,0.49430493
era201107540010,6,6_barley_rye_oats_grain,0.27522865
era201400360012,4,4_trees_apple trees_apple tree_tree,0.4205486
era201401220075,1,1_swing_wreath_wood_pasture,0.37636444
era201402150007,0,0_young maiden_maiden_hay_grandmother,0.0
era201402170008,6,6_barley_rye_oats_grain,0.3549457
era201402190009,4,4_trees_apple trees_apple tree_tree,0.64950264
era201402230011,3,3_bride_daughters_maiden_wedding,0.48539427
era201402250012,0,0_young maiden_maiden_hay_grandmother,0.0
era201402430029,7,7_herd_tail_dog_turn,0.5583504
era201402590001,7,7_herd_tail_dog_turn,0.59579384
era201402710008,1,1_swing_wreath_wood_pasture,0.32030258
era202401820016,4,4_trees_apple trees_apple tree_tree,0.43762618
era202401830017,2,2_sparrow_bird_leaf_cabbage,1.0
era202402300041,7,7_herd_tail_dog_turn,0.68595725
era202402300042,7,7_herd_tail_dog_turn,0.7604661
era202402310043,5,5_wedding_bride_married_crow,0.5376598
era202403250053,3,3_bride_daughters_maiden_wedding,0.37734544
era202403490002,3,3_bride_daughters_maiden_wedding,0.52647156
era202403570013,3,3_bride_daughters_maiden_wedding,0.21806028
era202403770003,1,1_swing_wreath_wood_pasture,0.46730646
era202405060004,4,4_trees_apple trees_apple tree_tree,0.49831033
era202405250005,8,8_linen_flax_sled_lace,0.60923195
era202405500008,1,1_swing_wreath_wood_pasture,0.47866556
era202405760020,7,7_herd_tail_dog_turn,0.32417434
era202405770021,7,7_herd_tail_dog_turn,0.3272307
era202405820022,7,7_herd_tail_dog_turn,0.23022792
era202405940031,4,4_trees_apple trees_apple tree_tree,0.4205486
era202407240002,7,7_herd_tail_dog_turn,0.39321995
era202407310001,4,4_trees_apple trees_apple tree_tree,0.6227524
era202407330003,8,8_linen_flax_sled_lace,0.44277442
era202500310024,3,3_bride_daughters_maiden_wedding,1.0
era202500370005,1,1_swing_wreath_wood_pasture,0.27300423
era202500440011,7,7_herd_tail_dog_turn,0.64542377
era202500510016,5,5_wedding_bride_married_crow,0.39788768
era202501050041,2,2_sparrow_bird_leaf_cabbage,0.74104005
era202501500005,5,5_wedding_bride_married_crow,0.82162505
era202501720004,1,1_swing_wreath_wood_pasture,0.43415722
era202502900005,0,0_young maiden_maiden_hay_grandmother,0.0
era203201750005,4,4_trees_apple trees_apple tree_tree,0.5904557
era204101470005,3,3_bride_daughters_maiden_wedding,0.35696226
era204101500010,1,1_swing_wreath_wood_pasture,0.5759845
era204104670004,7,7_herd_tail_dog_turn,0.3333199
era205705340003,3,3_bride_daughters_maiden_wedding,0.37549976
era205705410013,5,5_wedding_bride_married_crow,0.44573838
era206003930001,4,4_trees_apple trees_apple tree_tree,0.47931734
era208403830001,2,2_sparrow_bird_leaf_cabbage,1.0
era208403900020,1,1_swing_wreath_wood_pasture,0.3100815
era208904530003,6,6_barley_rye_oats_grain,0.5370809
era208904540005,6,6_barley_rye_oats_grain,1.0
era213102350388,3,3_bride_daughters_maiden_wedding,0.48309743
era213102960002,7,7_herd_tail_dog_turn,0.5658921
era214901200002,7,7_herd_tail_dog_turn,0.62534237
era214901310019,7,7_herd_tail_dog_turn,0.54950875
era217202120001,1,1_swing_wreath_wood_pasture,0.63638294
era217202130003,6,6_barley_rye_oats_grain,0.64583164
era217800310082,8,8_linen_flax_sled_lace,0.4379448
era218304630015,0,0_young maiden_maiden_hay_grandmother,1.0
era218305080086,0,0_young maiden_maiden_hay_grandmother,0.0
era218305120103,3,3_bride_daughters_maiden_wedding,0.44075269
era218305150111,2,2_sparrow_bird_leaf_cabbage,1.0
era219904940017,7,7_herd_tail_dog_turn,0.35950598
era229800920162,4,4_trees_apple trees_apple tree_tree,0.85315126
erm9400170000,7,7_herd_tail_dog_turn,0.4184164
estk2700610001,2,2_sparrow_bird_leaf_cabbage,0.45148867
estk2700620002,4,4_trees_apple trees_apple tree_tree,0.8833138
estk3701560002,7,7_herd_tail_dog_turn,0.40892708
estk3701640003,4,4_trees_apple trees_apple tree_tree,0.35432485
estk4000100022,0,0_young maiden_maiden_hay_grandmother,0.0
estk4000160032,0,0_young maiden_maiden_hay_grandmother,0.0
estk4000300059,2,2_sparrow_bird_leaf_cabbage,0.54357624
estk4000660101,4,4_trees_apple trees_apple tree_tree,0.53238297
estk4001080151,3,3_bride_daughters_maiden_wedding,0.8013395
estk4001630010,4,4_trees_apple trees_apple tree_tree,0.37839803
estk4001640011,8,8_linen_flax_sled_lace,0.4441314
estk4001740019,0,0_young maiden_maiden_hay_grandmother,0.67675066
eys0206300130,3,3_bride_daughters_maiden_wedding,0.53165513
eys0210390031,0,0_young maiden_maiden_hay_grandmother,0.0
eys0300950029,7,7_herd_tail_dog_turn,0.38839355
eys0505830052,0,0_young maiden_maiden_hay_grandmother,0.0
eys0505930002,2,2_sparrow_bird_leaf_cabbage,0.68508315
eys0505960007,1,1_swing_wreath_wood_pasture,0.47333056
eys0506030018,5,5_wedding_bride_married_crow,0.5014437
eys0506200041,6,6_barley_rye_oats_grain,0.27317467
eys0506460074,7,7_herd_tail_dog_turn,0.3074965
eys0506550086,7,7_herd_tail_dog_turn,0.7004724
eys0506600094,6,6_barley_rye_oats_grain,0.5242669
eys0506710108,0,0_young maiden_maiden_hay_grandmother,1.0
eys050683125b,1,1_swing_wreath_wood_pasture,0.82666534
eys0506850130,4,4_trees_apple trees_apple tree_tree,1.0
eys0507080159,0,0_young maiden_maiden_hay_grandmother,0.0
eys0507280192,0,0_young maiden_maiden_hay_grandmother,0.28766298
eys0610740237,8,8_linen_flax_sled_lace,0.8157419
eys0613670014,7,7_herd_tail_dog_turn,0.40271705
eys0613750026,4,4_trees_apple trees_apple tree_tree,0.33279333
eys0613860038,4,4_trees_apple trees_apple tree_tree,0.40440136
eys0614040060,7,7_herd_tail_dog_turn,0.19420849
eys0614050061,7,7_herd_tail_dog_turn,0.30541465
eys0614070063,2,2_sparrow_bird_leaf_cabbage,0.4825663
eys0614170079,7,7_herd_tail_dog_turn,0.44502908
eys0614380109,1,1_swing_wreath_wood_pasture,1.0
eys0614400113,7,7_herd_tail_dog_turn,0.5168982
eys0614410115,7,7_herd_tail_dog_turn,0.6560494
eys0614410116,5,5_wedding_bride_married_crow,0.2912459
eys0614480131,4,4_trees_apple trees_apple tree_tree,0.3047195
eys0614510135,7,7_herd_tail_dog_turn,0.39711303
eys0614610147,6,6_barley_rye_oats_grain,0.2828887
eys0614670156,4,4_trees_apple trees_apple tree_tree,0.53536254
eys0614750168,4,4_trees_apple trees_apple tree_tree,0.44892237
eys0614760171,4,4_trees_apple trees_apple tree_tree,0.48247498
eys0614910192,2,2_sparrow_bird_leaf_cabbage,0.5240668
eys0614920194,7,7_herd_tail_dog_turn,0.2836153
eys0614950200,0,0_young maiden_maiden_hay_grandmother,0.0
eys0615040229,7,7_herd_tail_dog_turn,0.8108686
eys0615060232,1,1_swing_wreath_wood_pasture,0.58046186
eys0615520298,4,4_trees_apple trees_apple tree_tree,0.30543786
eys0615530299,4,4_trees_apple trees_apple tree_tree,0.5192751
eys0615620310,4,4_trees_apple trees_apple tree_tree,0.3091995
eys0615700326,1,1_swing_wreath_wood_pasture,0.45588002
eys0615750340,8,8_linen_flax_sled_lace,0.39106122
eys0615840353,4,4_trees_apple trees_apple tree_tree,0.23882498
eys0615990013,4,4_trees_apple trees_apple tree_tree,0.40528607
eys0616010017,7,7_herd_tail_dog_turn,0.43934712
eys0616030021,0,0_young maiden_maiden_hay_grandmother,0.0
eys0616040022,5,5_wedding_bride_married_crow,0.5479206
eys0616130039,7,7_herd_tail_dog_turn,0.28328028
eys0616150042,7,7_herd_tail_dog_turn,0.48320562
eys0616170044,4,4_trees_apple trees_apple tree_tree,0.40726325
eys0616200048,4,4_trees_apple trees_apple tree_tree,0.802193
eys0616200049,4,4_trees_apple trees_apple tree_tree,1.0
eys0616210051,3,3_bride_daughters_maiden_wedding,1.0
eys0616220052,1,1_swing_wreath_wood_pasture,0.50155866
eys0616220053,8,8_linen_flax_sled_lace,0.3803891
eys0616390082,6,6_barley_rye_oats_grain,0.32272905
eys0616530097,4,4_trees_apple trees_apple tree_tree,0.81801397
eys0616540099,0,0_young maiden_maiden_hay_grandmother,0.0
eys0616590108,1,1_swing_wreath_wood_pasture,1.0
eys0616720121,4,4_trees_apple trees_apple tree_tree,0.28821492
eys0616800129,7,7_herd_tail_dog_turn,0.6300283
eys0616800130,6,6_barley_rye_oats_grain,0.48332694
eys0617080176,1,1_swing_wreath_wood_pasture,0.40722403
eys0617230199,0,0_young maiden_maiden_hay_grandmother,0.39104697
eys0617230200,4,4_trees_apple trees_apple tree_tree,0.4139375
eys0617540250,4,4_trees_apple trees_apple tree_tree,0.27101216
eys0617590256,7,7_herd_tail_dog_turn,0.27950886
eys0617600258,1,1_swing_wreath_wood_pasture,0.23854393
eys0617610259,7,7_herd_tail_dog_turn,0.39110738
eys0617690273,2,2_sparrow_bird_leaf_cabbage,0.9211282
eys0618010319,6,6_barley_rye_oats_grain,0.43941408
eys0707390010,1,1_swing_wreath_wood_pasture,0.31147417
eys0707420014,7,7_herd_tail_dog_turn,0.92363054
eys0707460023,7,7_herd_tail_dog_turn,0.6394028
eys0707570005,4,4_trees_apple trees_apple tree_tree,0.32190984
eys0707620016,4,4_trees_apple trees_apple tree_tree,0.47188455
eys0707880008,7,7_herd_tail_dog_turn,0.52075833
eys0715510037,4,4_trees_apple trees_apple tree_tree,0.249577
eys0715590058,6,6_barley_rye_oats_grain,0.3869871
eys0715620063,0,0_young maiden_maiden_hay_grandmother,0.0
eys0715650070,7,7_herd_tail_dog_turn,0.5397811
eys0715700078,1,1_swing_wreath_wood_pasture,0.33395928
eys0715730081,4,4_trees_apple trees_apple tree_tree,0.39751604
eys0715730082,7,7_herd_tail_dog_turn,0.55183893
eys0715750086,5,5_wedding_bride_married_crow,0.5174225
eys0715800094,7,7_herd_tail_dog_turn,0.49536237
eys0715930113,4,4_trees_apple trees_apple tree_tree,0.27219465
eys0716060125,1,1_swing_wreath_wood_pasture,0.37474906
eys0716090131,0,0_young maiden_maiden_hay_grandmother,0.39344904
eys0716140140,4,4_trees_apple trees_apple tree_tree,1.0
eys0716170146,7,7_herd_tail_dog_turn,0.24359699
eys0716360172,7,7_herd_tail_dog_turn,0.3491201
eys0716520199,4,4_trees_apple trees_apple tree_tree,0.40440136
eys0716640217,3,3_bride_daughters_maiden_wedding,0.4412592
eys0716650218,7,7_herd_tail_dog_turn,0.6728545
eys0716760231,8,8_linen_flax_sled_lace,0.48519772
eys0716860250,1,1_swing_wreath_wood_pasture,0.5223145
eys0716920257,1,1_swing_wreath_wood_pasture,0.7151149
eys0716940262,7,7_herd_tail_dog_turn,0.5588834
eys0716950263,1,1_swing_wreath_wood_pasture,0.61284685
eys0717100297,7,7_herd_tail_dog_turn,0.39009857
eys0717290328,7,7_herd_tail_dog_turn,0.6177555
eys0717300329,7,7_herd_tail_dog_turn,0.48651984
eys0717320333,0,0_young maiden_maiden_hay_grandmother,0.61615795
eys0718470032,7,7_herd_tail_dog_turn,0.48308662
eys0718480034,4,4_trees_apple trees_apple tree_tree,0.25575584
eys0719440152,2,2_sparrow_bird_leaf_cabbage,0.33587706
eys0719460157,5,5_wedding_bride_married_crow,0.4422915
eys0719810196,3,3_bride_daughters_maiden_wedding,0.322845
eys0722790018,2,2_sparrow_bird_leaf_cabbage,1.0
eys0723200106,1,1_swing_wreath_wood_pasture,0.47011468
eys0723400139,4,4_trees_apple trees_apple tree_tree,0.5360711
eys0723600168,7,7_herd_tail_dog_turn,0.28325886
eys0723670180,8,8_linen_flax_sled_lace,0.22207977
eys0723690186,3,3_bride_daughters_maiden_wedding,0.34291843
eys0723740195,4,4_trees_apple trees_apple tree_tree,0.6558114
eys0723790209,7,7_herd_tail_dog_turn,0.86954767
eys0723980255,4,4_trees_apple trees_apple tree_tree,0.50425917
eys0723990259,4,4_trees_apple trees_apple tree_tree,0.3051286
eys0724040271,7,7_herd_tail_dog_turn,0.53142834
eys0724060274,1,1_swing_wreath_wood_pasture,0.59256524
eys0724090282,8,8_linen_flax_sled_lace,0.3967147
eys0724150296,7,7_herd_tail_dog_turn,0.30791944
eys0724210306,5,5_wedding_bride_married_crow,0.44062757
eys0724310334,4,4_trees_apple trees_apple tree_tree,0.35208935
eys0724640414,0,0_young maiden_maiden_hay_grandmother,0.0
eys0725090480,1,1_swing_wreath_wood_pasture,0.54029757
eys0725090482,2,2_sparrow_bird_leaf_cabbage,0.6824812
eys0725190500,7,7_herd_tail_dog_turn,0.3791553
eys0725240508,3,3_bride_daughters_maiden_wedding,0.4674605
eys0805400017,5,5_wedding_bride_married_crow,0.31010613
eys0805410018,7,7_herd_tail_dog_turn,1.0
eys0805540041,3,3_bride_daughters_maiden_wedding,0.452853
eys0805800095,3,3_bride_daughters_maiden_wedding,1.0
eys0805900105,4,4_trees_apple trees_apple tree_tree,0.2379524
eys0805920107,7,7_herd_tail_dog_turn,0.20396645
eys0805930109,2,2_sparrow_bird_leaf_cabbage,0.32215905
eys0805940114,4,4_trees_apple trees_apple tree_tree,0.46479473
eys0805990123,3,3_bride_daughters_maiden_wedding,0.7625225
eys0806040133,0,0_young maiden_maiden_hay_grandmother,0.4836622
eys0806360177,5,5_wedding_bride_married_crow,0.21553257
eys0806440195,7,7_herd_tail_dog_turn,0.44733873
eys0806550221,3,3_bride_daughters_maiden_wedding,0.4230115
eys0806830261,7,7_herd_tail_dog_turn,0.35959524
eys0806850264,6,6_barley_rye_oats_grain,0.3159278
eys0806860265,6,6_barley_rye_oats_grain,1.0
eys0806950280,7,7_herd_tail_dog_turn,0.51798844
eys0807280313,1,1_swing_wreath_wood_pasture,0.6432307
eys0807730383,8,8_linen_flax_sled_lace,0.3635954
eys0807750386,6,6_barley_rye_oats_grain,0.54626864
eys0807760387,7,7_herd_tail_dog_turn,0.39185098
eys0807800391,5,5_wedding_bride_married_crow,0.3632861
eys0808290469,0,0_young maiden_maiden_hay_grandmother,0.0
eys0808330474,4,4_trees_apple trees_apple tree_tree,0.3834781
eys0808440495,5,5_wedding_bride_married_crow,0.401977
eys0808510506,0,0_young maiden_maiden_hay_grandmother,0.25476933
eys0808640526,7,7_herd_tail_dog_turn,0.34584868
eys0808780546,4,4_trees_apple trees_apple tree_tree,0.38179237
eys0808790550,4,4_trees_apple trees_apple tree_tree,0.47197223
eys0811480001,4,4_trees_apple trees_apple tree_tree,0.5277745
eys0811550011,2,2_sparrow_bird_leaf_cabbage,0.5474326
eys0811550012,0,0_young maiden_maiden_hay_grandmother,0.30603394
eys0811720040,7,7_herd_tail_dog_turn,0.44162843
eys0811790056,6,6_barley_rye_oats_grain,0.43834236
eys0811900074,1,1_swing_wreath_wood_pasture,0.4234662
eys0900420019,7,7_herd_tail_dog_turn,0.2757319
eys0900450022,2,2_sparrow_bird_leaf_cabbage,1.0
eys0909270009,7,7_herd_tail_dog_turn,0.3698042
eys0909820060,8,8_linen_flax_sled_lace,0.5596089
eys0910140112,8,8_linen_flax_sled_lace,0.60923195
eys0910200123,3,3_bride_daughters_maiden_wedding,0.35592636
eys1020540312,7,7_herd_tail_dog_turn,0.510877
eys1022430018,4,4_trees_apple trees_apple tree_tree,0.4404939
eys1022480029,1,1_swing_wreath_wood_pasture,0.39383548
eys1022530038,7,7_herd_tail_dog_turn,0.47540566
eys1022550041,2,2_sparrow_bird_leaf_cabbage,1.0
eys1022620059,4,4_trees_apple trees_apple tree_tree,0.36262017
eys1022680071,5,5_wedding_bride_married_crow,1.0
eys1022700074,2,2_sparrow_bird_leaf_cabbage,0.38679844
eys1022930108,1,1_swing_wreath_wood_pasture,0.5745588
eys1023020124,2,2_sparrow_bird_leaf_cabbage,1.0
eys1023020125,4,4_trees_apple trees_apple tree_tree,0.8695416
eys1023100134,2,2_sparrow_bird_leaf_cabbage,0.7776863
eys1023130140,6,6_barley_rye_oats_grain,0.40311846
eys1023160143,7,7_herd_tail_dog_turn,0.3898404
eys1023190148,7,7_herd_tail_dog_turn,0.6300283
eys1023200150,3,3_bride_daughters_maiden_wedding,0.24868193
eys1023470177,7,7_herd_tail_dog_turn,0.3535135
eys1023500180,2,2_sparrow_bird_leaf_cabbage,0.81393075
eys1023680196,5,5_wedding_bride_married_crow,0.48442072
eys1023690198,6,6_barley_rye_oats_grain,0.47035563
eys1025720032,4,4_trees_apple trees_apple tree_tree,1.0
eys1025750036,6,6_barley_rye_oats_grain,0.5305746
eys1025770040,0,0_young maiden_maiden_hay_grandmother,0.0
eys1025770041,5,5_wedding_bride_married_crow,1.0
eys1025830053,8,8_linen_flax_sled_lace,1.0
eys1029080088,4,4_trees_apple trees_apple tree_tree,0.47797844
eys1029090090,6,6_barley_rye_oats_grain,0.884446
eys1029090091,4,4_trees_apple trees_apple tree_tree,1.0
eys1029090092,4,4_trees_apple trees_apple tree_tree,0.80469686
eys1108210011,0,0_young maiden_maiden_hay_grandmother,0.0
h10101480022,7,7_herd_tail_dog_turn,0.74459267
h10101510027,7,7_herd_tail_dog_turn,0.63014376
h10101550036,4,4_trees_apple trees_apple tree_tree,0.5859468
h10101600046,4,4_trees_apple trees_apple tree_tree,0.3594954
h10102170065,6,6_barley_rye_oats_grain,0.3086326
h10102260085,7,7_herd_tail_dog_turn,0.33950713
h10102310098,6,6_barley_rye_oats_grain,0.37842417
h10102480130,8,8_linen_flax_sled_lace,0.45240262
h10102600152,6,6_barley_rye_oats_grain,0.34603214
h10102640163,1,1_swing_wreath_wood_pasture,0.36732793
h10102660167,7,7_herd_tail_dog_turn,0.6300283
h10700320006,2,2_sparrow_bird_leaf_cabbage,1.0
h10700340013,8,8_linen_flax_sled_lace,0.35812154
h10700570054,4,4_trees_apple trees_apple tree_tree,0.71427315
h10700630064,4,4_trees_apple trees_apple tree_tree,0.5305888
h10700720075,1,1_swing_wreath_wood_pasture,0.6521317
h20101370193,4,4_trees_apple trees_apple tree_tree,0.35081443
h20101410200,3,3_bride_daughters_maiden_wedding,0.58668804
h20101440207,0,0_young maiden_maiden_hay_grandmother,0.0
h20102730404,4,4_trees_apple trees_apple tree_tree,0.5763987
h20105230693,7,7_herd_tail_dog_turn,0.27452895
h20106540846,3,3_bride_daughters_maiden_wedding,0.44404787
h21005180292,3,3_bride_daughters_maiden_wedding,0.49789345
h21005190293,6,6_barley_rye_oats_grain,0.4078595
h21109540009,6,6_barley_rye_oats_grain,0.52564275
h21300080021,2,2_sparrow_bird_leaf_cabbage,0.3923383
h21300770019,5,5_wedding_bride_married_crow,0.29596955
h21300850030,7,7_herd_tail_dog_turn,0.3418644
h21300900035,7,7_herd_tail_dog_turn,0.35286096
h21300920038,8,8_linen_flax_sled_lace,0.315917
h21301060058,3,3_bride_daughters_maiden_wedding,0.3147597
h21301150001,1,1_swing_wreath_wood_pasture,0.323044
h21301390033,5,5_wedding_bride_married_crow,0.25054565
h21301410034,1,1_swing_wreath_wood_pasture,0.39848712
h21301450036,1,1_swing_wreath_wood_pasture,0.35573697
h21301460037,5,5_wedding_bride_married_crow,0.59296227
h21301510039,2,2_sparrow_bird_leaf_cabbage,0.5857101
h21301520040,1,1_swing_wreath_wood_pasture,0.30981275
h21301900015,3,3_bride_daughters_maiden_wedding,0.39614013
h21301900016,7,7_herd_tail_dog_turn,0.39965892
h21301940020,8,8_linen_flax_sled_lace,0.61981696
h21301950022,7,7_herd_tail_dog_turn,0.45958328
h21302030030,4,4_trees_apple trees_apple tree_tree,0.29703864
h21302320005,8,8_linen_flax_sled_lace,0.29274508
h21303320003,7,7_herd_tail_dog_turn,0.3072341
h21303430007,2,2_sparrow_bird_leaf_cabbage,0.5459772
h21303600003,6,6_barley_rye_oats_grain,0.3555887
h21303860008,1,1_swing_wreath_wood_pasture,0.32592207
h21305310038,8,8_linen_flax_sled_lace,0.5857435
h21305360044,8,8_linen_flax_sled_lace,0.33678776
h21305390048,4,4_trees_apple trees_apple tree_tree,0.2525037
h21305410050,5,5_wedding_bride_married_crow,0.6571333
h21305850005,3,3_bride_daughters_maiden_wedding,0.33599105
h21306150013,8,8_linen_flax_sled_lace,0.2191828
h21306170015,3,3_bride_daughters_maiden_wedding,0.35959122
h21306450026,4,4_trees_apple trees_apple tree_tree,0.2714925
h21307680026,4,4_trees_apple trees_apple tree_tree,0.60458595
h21400130014,0,0_young maiden_maiden_hay_grandmother,0.0
h21400380053,7,7_herd_tail_dog_turn,0.5488039
h21401430016,6,6_barley_rye_oats_grain,0.35613507
h21401650040,2,2_sparrow_bird_leaf_cabbage,0.58702886
h21402070001,3,3_bride_daughters_maiden_wedding,1.0
h21402670007,4,4_trees_apple trees_apple tree_tree,0.5585431
h21402840019,0,0_young maiden_maiden_hay_grandmother,0.3883314
h21402860020,6,6_barley_rye_oats_grain,0.2673713
h21403610004,4,4_trees_apple trees_apple tree_tree,0.42115074
h21404030007,7,7_herd_tail_dog_turn,0.28227845
h21404280019,4,4_trees_apple trees_apple tree_tree,0.30000156
h21404410010,4,4_trees_apple trees_apple tree_tree,0.48880392
h21404670011,4,4_trees_apple trees_apple tree_tree,0.5389875
h21405020038,4,4_trees_apple trees_apple tree_tree,0.46049783
h22609120006,6,6_barley_rye_oats_grain,0.2918083
h23806440006,0,0_young maiden_maiden_hay_grandmother,0.1986152
h23806840009,4,4_trees_apple trees_apple tree_tree,0.74120384
h23807420006,2,2_sparrow_bird_leaf_cabbage,0.70816845
h23808580004,1,1_swing_wreath_wood_pasture,0.52976847
h24003061353,5,5_wedding_bride_married_crow,0.63660383
h24003960005,4,4_trees_apple trees_apple tree_tree,0.38799956
h24003960006,0,0_young maiden_maiden_hay_grandmother,0.30790612
h24003990010,0,0_young maiden_maiden_hay_grandmother,0.0
h24607820010,4,4_trees_apple trees_apple tree_tree,0.37580535
h24607830012,6,6_barley_rye_oats_grain,0.2313867
h24608010009,5,5_wedding_bride_married_crow,0.366563
h24608020010,0,0_young maiden_maiden_hay_grandmother,0.45135775
h24608030011,5,5_wedding_bride_married_crow,0.2845913
h24608040012,4,4_trees_apple trees_apple tree_tree,0.41058138
h24608120018,2,2_sparrow_bird_leaf_cabbage,0.4172013
h24608210003,8,8_linen_flax_sled_lace,0.5038918
h24608380022,1,1_swing_wreath_wood_pasture,0.5785473
h25400380008,7,7_herd_tail_dog_turn,0.6244777
h25705650003,2,2_sparrow_bird_leaf_cabbage,0.33786276
h25706330018,8,8_linen_flax_sled_lace,0.5209042
h2570646031d,6,6_barley_rye_oats_grain,1.0
h2570647031g,2,2_sparrow_bird_leaf_cabbage,1.0
h26502370001,4,4_trees_apple trees_apple tree_tree,0.40288565
h26502510017,8,8_linen_flax_sled_lace,0.45606452
h26502520021,2,2_sparrow_bird_leaf_cabbage,0.22036234
h26502680006,1,1_swing_wreath_wood_pasture,0.39746907
h26503320004,1,1_swing_wreath_wood_pasture,0.40948236
h26503470019,4,4_trees_apple trees_apple tree_tree,0.30104664
h26804900005,7,7_herd_tail_dog_turn,0.3904523
h26804910007,6,6_barley_rye_oats_grain,0.319273
h30101560006,4,4_trees_apple trees_apple tree_tree,0.33011308
h30400490001,2,2_sparrow_bird_leaf_cabbage,0.73320293
h30400520004,2,2_sparrow_bird_leaf_cabbage,0.3435195
h30401640001,6,6_barley_rye_oats_grain,0.29007262
h30401920002,2,2_sparrow_bird_leaf_cabbage,0.24171667
h30401970006,4,4_trees_apple trees_apple tree_tree,0.36617967
h30402190002,2,2_sparrow_bird_leaf_cabbage,0.47668126
h31204450001,6,6_barley_rye_oats_grain,1.0
h31204490005,7,7_herd_tail_dog_turn,0.47389278
h31204620003,2,2_sparrow_bird_leaf_cabbage,0.35962337
h31204960013,4,4_trees_apple trees_apple tree_tree,0.5192186
h31406750007,0,0_young maiden_maiden_hay_grandmother,0.20518772
h31701210008,5,5_wedding_bride_married_crow,0.87645406
h31701550013,7,7_herd_tail_dog_turn,0.40056965
h31708500005,1,1_swing_wreath_wood_pasture,0.41741833
h31708510006,7,7_herd_tail_dog_turn,0.47666746
h31708580013,3,3_bride_daughters_maiden_wedding,0.3420043
h31709500008,1,1_swing_wreath_wood_pasture,0.44360647
h31709530011,6,6_barley_rye_oats_grain,0.27148315
h31800410007,1,1_swing_wreath_wood_pasture,0.51187366
h32301880006,3,3_bride_daughters_maiden_wedding,0.3698892
h32302030022,4,4_trees_apple trees_apple tree_tree,0.49107558
h32700510011,6,6_barley_rye_oats_grain,0.20802844
h32700580016,7,7_herd_tail_dog_turn,0.5872398
h32700590017,7,7_herd_tail_dog_turn,0.49553674
h4010326012a,5,5_wedding_bride_married_crow,0.40266854
h40103350019,1,1_swing_wreath_wood_pasture,0.43390113
h40103690003,3,3_bride_daughters_maiden_wedding,0.21128742
h40103790024,4,4_trees_apple trees_apple tree_tree,0.40974322
h40103820028,7,7_herd_tail_dog_turn,0.29138514
h40900570005,0,0_young maiden_maiden_hay_grandmother,0.41089237
hgrq01480015,7,7_herd_tail_dog_turn,0.32942986
hgrq01520021,7,7_herd_tail_dog_turn,0.2830513
hgrq01550023,7,7_herd_tail_dog_turn,0.3339632
hgrq01650035,6,6_barley_rye_oats_grain,0.4450436
hgrq01750050,1,1_swing_wreath_wood_pasture,0.36408722
hgrq01790059,0,0_young maiden_maiden_hay_grandmother,0.28750575
hgrq01840074,3,3_bride_daughters_maiden_wedding,0.5690023
hgrq01910089,3,3_bride_daughters_maiden_wedding,0.29359534
e000035110004,7,7_herd_tail_dog_turn,0.22899747
e000051790002,7,7_herd_tail_dog_turn,0.25274602
e000068460001,5,5_wedding_bride_married_crow,0.41577846
e000068570009,1,1_swing_wreath_wood_pasture,0.27514425
e000070660007,4,4_trees_apple trees_apple tree_tree,0.5682765
e000071780039,1,1_swing_wreath_wood_pasture,0.5785122
e000071840045,7,7_herd_tail_dog_turn,0.48871413
e000071860046,6,6_barley_rye_oats_grain,0.37018904
e000071910004,6,6_barley_rye_oats_grain,0.27457306
e000072130028,6,6_barley_rye_oats_grain,0.28732923
e000074590002,8,8_linen_flax_sled_lace,0.7034244
e000074600003,1,1_swing_wreath_wood_pasture,0.26581305
e000074600004,7,7_herd_tail_dog_turn,0.50814426
e000076590001,8,8_linen_flax_sled_lace,0.27091962
e000076610003,2,2_sparrow_bird_leaf_cabbage,0.23923473
e000076690013,4,4_trees_apple trees_apple tree_tree,0.46747166
e000076850018,4,4_trees_apple trees_apple tree_tree,0.4456414
e000076920003,5,5_wedding_bride_married_crow,0.36308473
e000076970007,7,7_herd_tail_dog_turn,0.28916177
e000077090004,7,7_herd_tail_dog_turn,0.3328271
e000077140014,7,7_herd_tail_dog_turn,0.37680504
e000077190024,6,6_barley_rye_oats_grain,0.5863247
e000077280009,4,4_trees_apple trees_apple tree_tree,0.5718552
e000077320004,5,5_wedding_bride_married_crow,0.43154344
e000077410019,3,3_bride_daughters_maiden_wedding,0.41832644
e000077410021,8,8_linen_flax_sled_lace,0.5358345
e000077420022,8,8_linen_flax_sled_lace,0.32942292
e000077430023,6,6_barley_rye_oats_grain,0.49950954
e000077450027,6,6_barley_rye_oats_grain,0.407697
e000077490003,4,4_trees_apple trees_apple tree_tree,0.2790155
e000077530010,3,3_bride_daughters_maiden_wedding,0.42692736
e000077760009,8,8_linen_flax_sled_lace,0.23683666
e000078310007,4,4_trees_apple trees_apple tree_tree,0.29787916
e000078370002,4,4_trees_apple trees_apple tree_tree,0.7691164
e000078620007,2,2_sparrow_bird_leaf_cabbage,0.23690377
e000078720002,4,4_trees_apple trees_apple tree_tree,0.5201977
e000078730004,8,8_linen_flax_sled_lace,0.40285206
e000078780013,4,4_trees_apple trees_apple tree_tree,0.32728252
e000078820005,4,4_trees_apple trees_apple tree_tree,0.3841368
e00007909037b,6,6_barley_rye_oats_grain,0.4329786
e000079100041,1,1_swing_wreath_wood_pasture,0.34246463
e000079180001,5,5_wedding_bride_married_crow,0.45027825
e000079210002,8,8_linen_flax_sled_lace,0.646718
e000079220003,7,7_herd_tail_dog_turn,0.4359096
e000079220004,8,8_linen_flax_sled_lace,0.36227798
e000079240007,3,3_bride_daughters_maiden_wedding,0.35479328
e000079410028,6,6_barley_rye_oats_grain,0.24533227
e000079420030,7,7_herd_tail_dog_turn,0.3839965
e000079580024,8,8_linen_flax_sled_lace,0.380284
e000080640052,3,3_bride_daughters_maiden_wedding,0.28544447
e000080650053,6,6_barley_rye_oats_grain,0.27457067
e000080820064,5,5_wedding_bride_married_crow,0.50796235
e000093430025,7,7_herd_tail_dog_turn,0.59010816
e000093450027,0,0_young maiden_maiden_hay_grandmother,0.26043108
e000093560037,8,8_linen_flax_sled_lace,0.3621933
e000093590039,4,4_trees_apple trees_apple tree_tree,0.23463786
e000093610041,4,4_trees_apple trees_apple tree_tree,0.46350232
e000093790056,5,5_wedding_bride_married_crow,0.56821436
e000093880058,4,4_trees_apple trees_apple tree_tree,0.6226485
e000094040076,5,5_wedding_bride_married_crow,0.32763076
e000094050077,7,7_herd_tail_dog_turn,0.51818216
e000094150091,6,6_barley_rye_oats_grain,0.41836938
e000094170095,7,7_herd_tail_dog_turn,0.3891745
e000099760009,3,3_bride_daughters_maiden_wedding,0.2672336
e000104150012,3,3_bride_daughters_maiden_wedding,0.30722764
e000106280001,8,8_linen_flax_sled_lace,0.39321026
e000106340015,5,5_wedding_bride_married_crow,0.8690271
e000107410004,6,6_barley_rye_oats_grain,0.23388317
e000107540022,0,0_young maiden_maiden_hay_grandmother,0.25378913
e000114870007,0,0_young maiden_maiden_hay_grandmother,0.34100005
e000117860003,0,0_young maiden_maiden_hay_grandmother,0.32418284
e000117870004,4,4_trees_apple trees_apple tree_tree,0.37256145
e000117900014,2,2_sparrow_bird_leaf_cabbage,0.2940579
e000117930019,7,7_herd_tail_dog_turn,0.5505983
e000117980030,6,6_barley_rye_oats_grain,0.4715075
e000117990034,8,8_linen_flax_sled_lace,0.59118575
e000123220001,1,1_swing_wreath_wood_pasture,0.4470902
e000135840003,7,7_herd_tail_dog_turn,0.77775764
e000137650001,2,2_sparrow_bird_leaf_cabbage,0.24104461
e000137660002,2,2_sparrow_bird_leaf_cabbage,0.4544153
e000137760006,8,8_linen_flax_sled_lace,0.21168043
e000137810011,4,4_trees_apple trees_apple tree_tree,0.39291486
e000138060003,4,4_trees_apple trees_apple tree_tree,0.41982508
e000138090006,2,2_sparrow_bird_leaf_cabbage,0.41076097
e000138170018,1,1_swing_wreath_wood_pasture,0.34808207
e000145860002,4,4_trees_apple trees_apple tree_tree,0.26726922
e000151040008,4,4_trees_apple trees_apple tree_tree,0.7128242
e000151110023,4,4_trees_apple trees_apple tree_tree,0.24366386
e000178160005,5,5_wedding_bride_married_crow,0.36100176
e000178190007,7,7_herd_tail_dog_turn,0.16606165
e000178220009,1,1_swing_wreath_wood_pasture,1.0
e000178230010,3,3_bride_daughters_maiden_wedding,0.3515656
e000178350020,1,1_swing_wreath_wood_pasture,0.36519587
e000221620003,7,7_herd_tail_dog_turn,0.27662092
e000239840004,5,5_wedding_bride_married_crow,0.2078373
e000259280025,1,1_swing_wreath_wood_pasture,0.2273048
e000351660000,1,1_swing_wreath_wood_pasture,0.2975255
e00041876000a,7,7_herd_tail_dog_turn,0.29441229
e000515070000,3,3_bride_daughters_maiden_wedding,0.2919907
e000518380001,4,4_trees_apple trees_apple tree_tree,0.5528574
e000518390007,4,4_trees_apple trees_apple tree_tree,0.22796245
e000518400008,3,3_bride_daughters_maiden_wedding,0.23564094
e000518930002,7,7_herd_tail_dog_turn,0.5549273
e000531980007,8,8_linen_flax_sled_lace,0.39328548
e000531990009,2,2_sparrow_bird_leaf_cabbage,0.32277492
e000540410007,3,3_bride_daughters_maiden_wedding,0.5582565
e000575680010,6,6_barley_rye_oats_grain,0.5646246
e000575810003,8,8_linen_flax_sled_lace,0.27781895
e000576650000,1,1_swing_wreath_wood_pasture,0.3187732
e000576660000,6,6_barley_rye_oats_grain,0.47299084
e000583000001,0,0_young maiden_maiden_hay_grandmother,0.0
e000592130012,8,8_linen_flax_sled_lace,0.5493578
e000592260024,0,0_young maiden_maiden_hay_grandmother,0.2885998
e000592310031,2,2_sparrow_bird_leaf_cabbage,0.24634169
e000592390040,8,8_linen_flax_sled_lace,0.6408315
e000592400041,7,7_herd_tail_dog_turn,0.80200267
e000595230007,8,8_linen_flax_sled_lace,0.46258327
e000595290017,4,4_trees_apple trees_apple tree_tree,0.47475103
e000598860000,4,4_trees_apple trees_apple tree_tree,0.35683835
e000598920000,6,6_barley_rye_oats_grain,0.38506645
e000616730012,2,2_sparrow_bird_leaf_cabbage,0.5426286
e000616870002,7,7_herd_tail_dog_turn,0.3893131
e000616970010,2,2_sparrow_bird_leaf_cabbage,0.21932739
e000617200028,4,4_trees_apple trees_apple tree_tree,0.5061467
e000617500049,6,6_barley_rye_oats_grain,0.62290233
e000617560055,1,1_swing_wreath_wood_pasture,0.5447797
e000643680002,8,8_linen_flax_sled_lace,0.32245097
e800X00450183,1,1_swing_wreath_wood_pasture,1.0
ea00001970001,3,3_bride_daughters_maiden_wedding,0.61740196
ea00002020010,5,5_wedding_bride_married_crow,0.36662343
ea00002030013,3,3_bride_daughters_maiden_wedding,0.5385414
ea00002690029,4,4_trees_apple trees_apple tree_tree,0.20196413
ea00002790039,3,3_bride_daughters_maiden_wedding,0.44298387
ea00002830042,8,8_linen_flax_sled_lace,0.7979766
ea00002840043,8,8_linen_flax_sled_lace,0.32340044
ea00009790008,2,2_sparrow_bird_leaf_cabbage,0.7357102
ea00009800011,4,4_trees_apple trees_apple tree_tree,0.30241933
ea00009880005,4,4_trees_apple trees_apple tree_tree,0.47088614
ea00010110008,8,8_linen_flax_sled_lace,0.59118575
ea00010530002,7,7_herd_tail_dog_turn,0.31600234
ea00010600012,3,3_bride_daughters_maiden_wedding,0.28791583
ekms40106260012,3,3_bride_daughters_maiden_wedding,0.62768424
ekms40504170004,6,6_barley_rye_oats_grain,0.23745656
eks010016000a,7,7_herd_tail_dog_turn,0.45877787
eks010027000a,3,3_bride_daughters_maiden_wedding,0.5373805
eks0100360000,3,3_bride_daughters_maiden_wedding,0.38927144
eks0100370000,6,6_barley_rye_oats_grain,0.59003973
eks0100380000,4,4_trees_apple trees_apple tree_tree,0.31897882
eks010044000a,2,2_sparrow_bird_leaf_cabbage,0.6271617
eks010054000b,4,4_trees_apple trees_apple tree_tree,0.44485205
eks0101250003,1,1_swing_wreath_wood_pasture,0.51478314
eks0101350012,3,3_bride_daughters_maiden_wedding,0.34393382
eks0101360013,8,8_linen_flax_sled_lace,0.4230128
eks0101400000,2,2_sparrow_bird_leaf_cabbage,0.39771852
eks1500030002,5,5_wedding_bride_married_crow,0.2716977
eks1500050001,6,6_barley_rye_oats_grain,0.30677608
eks2800010001,1,1_swing_wreath_wood_pasture,0.6005987
era100203390001,2,2_sparrow_bird_leaf_cabbage,0.41774938
era100203410001,4,4_trees_apple trees_apple tree_tree,0.39180917
era200101240001,0,0_young maiden_maiden_hay_grandmother,0.184328
era200101250001,6,6_barley_rye_oats_grain,0.39234656
era200101250002,7,7_herd_tail_dog_turn,0.42382804
era200101340012,7,7_herd_tail_dog_turn,0.29715124
era200101440002,2,2_sparrow_bird_leaf_cabbage,0.17827298
era200101470001,6,6_barley_rye_oats_grain,0.37674624
era200l01520001,5,5_wedding_bride_married_crow,0.37283573
era201101760002,7,7_herd_tail_dog_turn,0.37581506
era201101770002,4,4_trees_apple trees_apple tree_tree,0.26663607
era201101800003,6,6_barley_rye_oats_grain,0.4134429
era201101900002,4,4_trees_apple trees_apple tree_tree,0.61925465
era201101920001,8,8_linen_flax_sled_lace,0.3578741
era201107250002,7,7_herd_tail_dog_turn,0.34186637
era201400420004,3,3_bride_daughters_maiden_wedding,0.39811283
era201401710005,3,3_bride_daughters_maiden_wedding,0.40575367
era202401620002,2,2_sparrow_bird_leaf_cabbage,0.32860023
era202401760012,3,3_bride_daughters_maiden_wedding,0.36428946
era202404100001,7,7_herd_tail_dog_turn,0.53210545
era202406010035,8,8_linen_flax_sled_lace,0.3757861
era202406290001,5,5_wedding_bride_married_crow,0.38767585
era202500460013,7,7_herd_tail_dog_turn,0.49897683
era202500560020,4,4_trees_apple trees_apple tree_tree,0.26444623
era202501050040,6,6_barley_rye_oats_grain,0.7659961
era202501190021,7,7_herd_tail_dog_turn,0.21517614
era202501450001,7,7_herd_tail_dog_turn,0.51485294
era202501510006,8,8_linen_flax_sled_lace,0.5824396
era202501530010,3,3_bride_daughters_maiden_wedding,0.5373805
era202501540012,8,8_linen_flax_sled_lace,0.38653088
era203102430004,3,3_bride_daughters_maiden_wedding,0.29896104
era203201670001,7,7_herd_tail_dog_turn,0.3390495
era204101450002,8,8_linen_flax_sled_lace,0.58581525
era204101520013,4,4_trees_apple trees_apple tree_tree,0.37542316
era204101550017,6,6_barley_rye_oats_grain,0.5276623
era205705480021,6,6_barley_rye_oats_grain,0.44069648
era205705490023,2,2_sparrow_bird_leaf_cabbage,0.45068884
era205705590033,6,6_barley_rye_oats_grain,0.350481
era208402190005,3,3_bride_daughters_maiden_wedding,0.53621745
era208403850007,4,4_trees_apple trees_apple tree_tree,0.32925525
era208403880017,7,7_herd_tail_dog_turn,0.21327177
era212005350024,7,7_herd_tail_dog_turn,0.41912195
era212107050000,6,6_barley_rye_oats_grain,0.30804792
era212200140007,3,3_bride_daughters_maiden_wedding,0.56277627
era212200330011,4,4_trees_apple trees_apple tree_tree,0.24628259
era213102950001,3,3_bride_daughters_maiden_wedding,0.46131304
era214901270015,5,5_wedding_bride_married_crow,0.5144833
era216700850002,4,4_trees_apple trees_apple tree_tree,0.6439419
era217205270061,4,4_trees_apple trees_apple tree_tree,0.4779238
era225805160020,6,6_barley_rye_oats_grain,0.2185419
erm13300020004,4,4_trees_apple trees_apple tree_tree,0.34427398
erm16700150018,7,7_herd_tail_dog_turn,0.32414743
erm16700170019,4,4_trees_apple trees_apple tree_tree,0.2197387
erm16700170020,4,4_trees_apple trees_apple tree_tree,0.6719248
estk2700510001,7,7_herd_tail_dog_turn,0.47142434
estk3700980002,8,8_linen_flax_sled_lace,0.22662382
estk3701660006,4,4_trees_apple trees_apple tree_tree,0.52818674
estk3701670007,4,4_trees_apple trees_apple tree_tree,0.36492607
estk3701770020,4,4_trees_apple trees_apple tree_tree,0.29531965
estk3701810025,8,8_linen_flax_sled_lace,1.0
estk4000050006,4,4_trees_apple trees_apple tree_tree,0.2914188
estk4000110026,2,2_sparrow_bird_leaf_cabbage,1.0
estk4000130028,3,3_bride_daughters_maiden_wedding,0.416718
estk4000150030,6,6_barley_rye_oats_grain,0.48142534
estk4000290057,4,4_trees_apple trees_apple tree_tree,0.23345041
estk4000730109,3,3_bride_daughters_maiden_wedding,0.25542262
estk4000990139,1,1_swing_wreath_wood_pasture,1.0
eys0210350020,4,4_trees_apple trees_apple tree_tree,0.49722305
eys0210550047,4,4_trees_apple trees_apple tree_tree,0.49041438
eys0210610055,3,3_bride_daughters_maiden_wedding,0.2169876
eys0505760013,4,4_trees_apple trees_apple tree_tree,0.37703627
eys0505940004,8,8_linen_flax_sled_lace,0.49386454
eys0506020016,4,4_trees_apple trees_apple tree_tree,0.35131276
eys0506100028,0,0_young maiden_maiden_hay_grandmother,0.27440882
eys0506130031,7,7_herd_tail_dog_turn,0.19752112
eys0506150034,2,2_sparrow_bird_leaf_cabbage,0.34450525
eys0506220043,3,3_bride_daughters_maiden_wedding,0.33954766
eys0506300059,7,7_herd_tail_dog_turn,0.58071196
eys0506560088,3,3_bride_daughters_maiden_wedding,0.48005223
eys0506580092,0,0_young maiden_maiden_hay_grandmother,0.24893625
eys0506610097,7,7_herd_tail_dog_turn,0.43844435
eys0506630098,7,7_herd_tail_dog_turn,0.44648492
eys0506660103,0,0_young maiden_maiden_hay_grandmother,1.0
eys0506670104,7,7_herd_tail_dog_turn,0.3269863
eys0506680106,4,4_trees_apple trees_apple tree_tree,0.37535736
eys0506770116,3,3_bride_daughters_maiden_wedding,0.4991763
eys0506770117,0,0_young maiden_maiden_hay_grandmother,0.0
eys0506780119,8,8_linen_flax_sled_lace,0.76399195
eys0506790120,8,8_linen_flax_sled_lace,0.49075052
eys050685128b,2,2_sparrow_bird_leaf_cabbage,0.4813406
eys0506980146,4,4_trees_apple trees_apple tree_tree,0.38244528
eys0507000148,3,3_bride_daughters_maiden_wedding,0.4123542
eys0507020151,5,5_wedding_bride_married_crow,0.50297666
eys0507040155,1,1_swing_wreath_wood_pasture,0.6872872
eys0507050157,5,5_wedding_bride_married_crow,0.481262
eys0507120165,4,4_trees_apple trees_apple tree_tree,0.42697546
eys0507120166,3,3_bride_daughters_maiden_wedding,0.26793104
eys0507140170,2,2_sparrow_bird_leaf_cabbage,0.58298033
eys0507210182,6,6_barley_rye_oats_grain,0.31040418
eys0507280193,8,8_linen_flax_sled_lace,0.48640272
eys0613610001,7,7_herd_tail_dog_turn,1.0
eys0613660012,4,4_trees_apple trees_apple tree_tree,0.37240693
eys0613790032,4,4_trees_apple trees_apple tree_tree,0.24974939
eys0613840037,8,8_linen_flax_sled_lace,0.44531703
eys0613980053,3,3_bride_daughters_maiden_wedding,0.29228765
eys0614080065,7,7_herd_tail_dog_turn,0.44351906
eys0614490132,5,5_wedding_bride_married_crow,0.5959695
eys0614600145,3,3_bride_daughters_maiden_wedding,0.32362416
eys0614720161,0,0_young maiden_maiden_hay_grandmother,0.0
eys0614770172,7,7_herd_tail_dog_turn,0.222585
eys0614780173,2,2_sparrow_bird_leaf_cabbage,0.3233956
eys0614850181,4,4_trees_apple trees_apple tree_tree,0.5859806
eys0614850182,5,5_wedding_bride_married_crow,0.34069908
eys0615060233,2,2_sparrow_bird_leaf_cabbage,0.40555626
eys0615070236,0,0_young maiden_maiden_hay_grandmother,0.0
eys0615390287,4,4_trees_apple trees_apple tree_tree,0.2971614
eys0615460292,7,7_herd_tail_dog_turn,0.37802145
eys0615570303,2,2_sparrow_bird_leaf_cabbage,0.3074959
eys0615620311,7,7_herd_tail_dog_turn,0.43092674
eys0615640314,7,7_herd_tail_dog_turn,0.31702
eys0615730335,6,6_barley_rye_oats_grain,0.47576913
eys0615870356,1,1_swing_wreath_wood_pasture,0.38338488
eys0616140041,8,8_linen_flax_sled_lace,0.27906483
eys0616310072,3,3_bride_daughters_maiden_wedding,0.53621745
eys0616310073,8,8_linen_flax_sled_lace,0.52369976
eys0616350079,6,6_barley_rye_oats_grain,0.48975724
eys0616580106,8,8_linen_flax_sled_lace,0.8209242
eys0616700118,0,0_young maiden_maiden_hay_grandmother,0.0
eys0616730122,4,4_trees_apple trees_apple tree_tree,0.40886527
eys0616860141,8,8_linen_flax_sled_lace,0.29002082
eys0617000161,8,8_linen_flax_sled_lace,0.59018093
eys0617040169,1,1_swing_wreath_wood_pasture,0.81774586
eys0617050170,8,8_linen_flax_sled_lace,0.38421372
eys0617060173,6,6_barley_rye_oats_grain,0.6093817
eys0617110182,4,4_trees_apple trees_apple tree_tree,0.25718138
eys0617140185,3,3_bride_daughters_maiden_wedding,0.33085093
eys0617150186,1,1_swing_wreath_wood_pasture,0.28608724
eys0617160187,6,6_barley_rye_oats_grain,0.47962925
eys0617160188,2,2_sparrow_bird_leaf_cabbage,0.49875018
eys0617380223,5,5_wedding_bride_married_crow,0.3535668
eys0617380224,3,3_bride_daughters_maiden_wedding,0.45717958
eys0617470240,5,5_wedding_bride_married_crow,0.38407493
eys0617510248,6,6_barley_rye_oats_grain,0.18091968
eys0617560252,6,6_barley_rye_oats_grain,0.34255722
eys0617580255,3,3_bride_daughters_maiden_wedding,0.33254722
eys0617610260,6,6_barley_rye_oats_grain,0.1823229
eys0617700274,4,4_trees_apple trees_apple tree_tree,0.58282906
eys0617850288,8,8_linen_flax_sled_lace,0.31061453
eys0617940302,1,1_swing_wreath_wood_pasture,0.39956746
eys0705570004,1,1_swing_wreath_wood_pasture,0.6028769
eys0706600020,7,7_herd_tail_dog_turn,0.59512264
eys0706760047,8,8_linen_flax_sled_lace,0.38125643
eys0706820058,6,6_barley_rye_oats_grain,0.18794638
eys0706910071,5,5_wedding_bride_married_crow,0.53697056
eys0706940077,7,7_herd_tail_dog_turn,0.39079484
eys0707410012,2,2_sparrow_bird_leaf_cabbage,0.40700713
eys0707440019,4,4_trees_apple trees_apple tree_tree,0.5051049
eys0707450021,7,7_herd_tail_dog_turn,1.0
eys0707470026,0,0_young maiden_maiden_hay_grandmother,0.0
eys0707600013,2,2_sparrow_bird_leaf_cabbage,1.0
eys0707970015,6,6_barley_rye_oats_grain,0.3325916
eys0708550012,3,3_bride_daughters_maiden_wedding,0.28686085
eys0708580019,0,0_young maiden_maiden_hay_grandmother,0.33488292
eys0708590022,6,6_barley_rye_oats_grain,0.38386598
eys0708600024,1,1_swing_wreath_wood_pasture,0.38370007
eys0715420021,2,2_sparrow_bird_leaf_cabbage,0.2496124
eys0715530042,4,4_trees_apple trees_apple tree_tree,0.23938964
eys0715640068,1,1_swing_wreath_wood_pasture,0.38378352
eys0715640069,8,8_linen_flax_sled_lace,0.44904166
eys0715680073,4,4_trees_apple trees_apple tree_tree,1.0
eys0715840101,6,6_barley_rye_oats_grain,0.80257225
eys0716110135,3,3_bride_daughters_maiden_wedding,0.53687614
eys0716180147,8,8_linen_flax_sled_lace,0.57758427
eys0716180148,2,2_sparrow_bird_leaf_cabbage,0.2140553
eys0716260155,5,5_wedding_bride_married_crow,0.34174854
eys0716390175,8,8_linen_flax_sled_lace,0.214694
eys0716470188,8,8_linen_flax_sled_lace,0.22709039
eys0716550205,8,8_linen_flax_sled_lace,0.21731885
eys0716570209,3,3_bride_daughters_maiden_wedding,0.64293456
eys0716770234,6,6_barley_rye_oats_grain,0.23720601
eys0717020282,5,5_wedding_bride_married_crow,0.24419105
eys0717030283,0,0_young maiden_maiden_hay_grandmother,0.0
eys0717060291,0,0_young maiden_maiden_hay_grandmother,1.0
eys0717070293,6,6_barley_rye_oats_grain,0.32062644
eys0717080294,8,8_linen_flax_sled_lace,0.23202594
eys0717310331,6,6_barley_rye_oats_grain,0.3142247
eys0717580379,8,8_linen_flax_sled_lace,0.36935198
eys0717590382,6,6_barley_rye_oats_grain,0.54830056
eys0718310007,7,7_herd_tail_dog_turn,0.44626537
eys0718340013,8,8_linen_flax_sled_lace,0.5507264
eys0718420025,3,3_bride_daughters_maiden_wedding,0.2474037
eys0718460030,0,0_young maiden_maiden_hay_grandmother,0.0
eys0718510036,6,6_barley_rye_oats_grain,0.59639376
eys0719460155,4,4_trees_apple trees_apple tree_tree,0.33482727
eys0719470158,1,1_swing_wreath_wood_pasture,0.24961919
eys0721190104,5,5_wedding_bride_married_crow,0.41727245
eys0722690008,2,2_sparrow_bird_leaf_cabbage,0.36371216
eys0722720010,7,7_herd_tail_dog_turn,0.28357762
eys0722730011,2,2_sparrow_bird_leaf_cabbage,1.0
eys0722770016,8,8_linen_flax_sled_lace,0.432596
eys0722780017,3,3_bride_daughters_maiden_wedding,0.5308716
eys0722970049,1,1_swing_wreath_wood_pasture,0.4060659
eys0722990052,0,0_young maiden_maiden_hay_grandmother,0.33271292
eys0723020057,0,0_young maiden_maiden_hay_grandmother,0.0
eys0723030060,4,4_trees_apple trees_apple tree_tree,1.0
eys0723070078,3,3_bride_daughters_maiden_wedding,0.6648259
eys0723200105,4,4_trees_apple trees_apple tree_tree,0.4084738
eys0723210111,2,2_sparrow_bird_leaf_cabbage,0.5124575
eys0723220112,5,5_wedding_bride_married_crow,0.7054887
eys0723220114,7,7_herd_tail_dog_turn,0.21535082
eys0723240118,6,6_barley_rye_oats_grain,0.27827495
eys0723240119,4,4_trees_apple trees_apple tree_tree,0.29889554
eys0723280126,7,7_herd_tail_dog_turn,0.21968415
eys0723450147,3,3_bride_daughters_maiden_wedding,0.371066
eys0723500152,7,7_herd_tail_dog_turn,0.4743283
eys0723510153,6,6_barley_rye_oats_grain,0.37428826
eys0723620170,2,2_sparrow_bird_leaf_cabbage,0.6382005
eys0723620171,7,7_herd_tail_dog_turn,0.45031047
eys0723690185,6,6_barley_rye_oats_grain,0.2661852
eys0723790210,3,3_bride_daughters_maiden_wedding,1.0
eys0723830218,2,2_sparrow_bird_leaf_cabbage,0.67568856
eys0723840220,4,4_trees_apple trees_apple tree_tree,0.75426674
eys0723920235,4,4_trees_apple trees_apple tree_tree,0.5448355
eys0723920236,6,6_barley_rye_oats_grain,0.678139
eys0723960250,7,7_herd_tail_dog_turn,0.31705672
eys0724000260,3,3_bride_daughters_maiden_wedding,0.574845
eys0724000261,6,6_barley_rye_oats_grain,0.59639376
eys0724220310,2,2_sparrow_bird_leaf_cabbage,0.4090318
eys0724330340,8,8_linen_flax_sled_lace,1.0
eys0724430369,5,5_wedding_bride_married_crow,0.77101874
eys0724510386,0,0_young maiden_maiden_hay_grandmother,0.51299345
eys0724540391,3,3_bride_daughters_maiden_wedding,0.37246853
eys0724590397,2,2_sparrow_bird_leaf_cabbage,0.34860882
eys0724630406,1,1_swing_wreath_wood_pasture,0.1870174
eys0725080478,0,0_young maiden_maiden_hay_grandmother,0.31156647
eys0725100483,6,6_barley_rye_oats_grain,0.21887916
eys0725120486,0,0_young maiden_maiden_hay_grandmother,0.5873464
eys0725130489,3,3_bride_daughters_maiden_wedding,0.8076273
eys0725130490,1,1_swing_wreath_wood_pasture,0.516311
eys0725170496,7,7_herd_tail_dog_turn,0.56991863
eys0725180498,5,5_wedding_bride_married_crow,0.2703024
eys0805490033,0,0_young maiden_maiden_hay_grandmother,0.0
eys0805540040,4,4_trees_apple trees_apple tree_tree,0.5448355
eys0805620067,6,6_barley_rye_oats_grain,1.0
eys0805680080,5,5_wedding_bride_married_crow,0.43437594
eys0805750089,2,2_sparrow_bird_leaf_cabbage,0.3343379
eys0805830098,4,4_trees_apple trees_apple tree_tree,0.54902256
eys0806000124,8,8_linen_flax_sled_lace,0.39102075
eys0806410188,3,3_bride_daughters_maiden_wedding,0.6874345
eys0806530214,4,4_trees_apple trees_apple tree_tree,0.6551128
eys0806690242,0,0_young maiden_maiden_hay_grandmother,0.21419978
eys0806760247,2,2_sparrow_bird_leaf_cabbage,0.31346467
eys0806840263,1,1_swing_wreath_wood_pasture,0.47443187
eys0807230301,4,4_trees_apple trees_apple tree_tree,0.5437197
eys0807320321,7,7_herd_tail_dog_turn,0.45606294
eys0807490348,6,6_barley_rye_oats_grain,0.38268894
eys0807510352,2,2_sparrow_bird_leaf_cabbage,0.33074912
eys0807850399,6,6_barley_rye_oats_grain,0.5276623
eys0807990420,1,1_swing_wreath_wood_pasture,0.37187633
eys0808040425,8,8_linen_flax_sled_lace,0.548005
eys0808240458,6,6_barley_rye_oats_grain,0.26880595
eys0808250459,1,1_swing_wreath_wood_pasture,0.6309507
eys0808250460,2,2_sparrow_bird_leaf_cabbage,0.31861624
eys0808460499,4,4_trees_apple trees_apple tree_tree,0.2967976
eys0808470500,1,1_swing_wreath_wood_pasture,0.43105915
eys0808620522,6,6_barley_rye_oats_grain,0.32599393
eys0808680532,7,7_herd_tail_dog_turn,0.4153871
eys0808830556,4,4_trees_apple trees_apple tree_tree,0.4705852
eys0811500004,6,6_barley_rye_oats_grain,0.34640902
eys0811530009,2,2_sparrow_bird_leaf_cabbage,0.2748681
eys0811800057,1,1_swing_wreath_wood_pasture,0.5990691
eys0811820060,6,6_barley_rye_oats_grain,0.30400398
eys0811840064,3,3_bride_daughters_maiden_wedding,0.4905396
eys0811860066,5,5_wedding_bride_married_crow,1.0
eys0811870070,1,1_swing_wreath_wood_pasture,0.3989491
eys0900870082,4,4_trees_apple trees_apple tree_tree,0.40333018
eys090097095b,3,3_bride_daughters_maiden_wedding,0.5321563
eys0901030103,7,7_herd_tail_dog_turn,0.2794971
eys0903480117,4,4_trees_apple trees_apple tree_tree,0.34932587
eys0909430004,6,6_barley_rye_oats_grain,0.2862792
eys0909470010,1,1_swing_wreath_wood_pasture,0.2182382
eys0909560020,5,5_wedding_bride_married_crow,0.27012247
eys0909610028,4,4_trees_apple trees_apple tree_tree,0.5877319
eys0909750049,6,6_barley_rye_oats_grain,0.25003213
eys0909930078,7,7_herd_tail_dog_turn,0.33492926
eys0909970083,1,1_swing_wreath_wood_pasture,0.8272817
eys0909970084,6,6_barley_rye_oats_grain,0.3361139
eys0909980085,3,3_bride_daughters_maiden_wedding,0.34332398
eys0910110105,8,8_linen_flax_sled_lace,0.25430796
eys0910210127,2,2_sparrow_bird_leaf_cabbage,1.0
eys0910340140,2,2_sparrow_bird_leaf_cabbage,0.6221103
eys0910410148,8,8_linen_flax_sled_lace,0.46394986
eys0910600174,8,8_linen_flax_sled_lace,0.33178043
eys1022410013,3,3_bride_daughters_maiden_wedding,0.50114113
eys1022440020,0,0_young maiden_maiden_hay_grandmother,0.0
eys1022510035,2,2_sparrow_bird_leaf_cabbage,0.67568856
eys1022580052,6,6_barley_rye_oats_grain,0.4309827
eys1022630060,3,3_bride_daughters_maiden_wedding,0.47608536
eys1022690073,3,3_bride_daughters_maiden_wedding,0.6658327
eys1022710076,8,8_linen_flax_sled_lace,1.0
eys1022750081,8,8_linen_flax_sled_lace,0.51221424
eys1022750082,8,8_linen_flax_sled_lace,0.73636574
eys1022950110,3,3_bride_daughters_maiden_wedding,0.22832458
eys1023150142,8,8_linen_flax_sled_lace,0.33200437
eys1023320170,8,8_linen_flax_sled_lace,0.26580983
eys1023500181,8,8_linen_flax_sled_lace,0.29627946
eys1023730204,1,1_swing_wreath_wood_pasture,0.30328518
eys1025730034,1,1_swing_wreath_wood_pasture,0.82599723
eys1025760039,6,6_barley_rye_oats_grain,0.29290932
eys1025830054,1,1_swing_wreath_wood_pasture,0.39914405
eys1025850056,4,4_trees_apple trees_apple tree_tree,0.27660194
eys1026650212,7,7_herd_tail_dog_turn,0.29420954
eys1029060085,6,6_barley_rye_oats_grain,1.0
eys1029090089,8,8_linen_flax_sled_lace,0.31680638
eys1029120098,6,6_barley_rye_oats_grain,0.33560595
eys1107630342,7,7_herd_tail_dog_turn,0.6812337
h10100170004,5,5_wedding_bride_married_crow,0.5571495
h10100190007,8,8_linen_flax_sled_lace,0.34669363
h10101310002,6,6_barley_rye_oats_grain,0.21654312
h10101350008,4,4_trees_apple trees_apple tree_tree,0.4963234
h10101450016,4,4_trees_apple trees_apple tree_tree,0.30106172
h10101480021,4,4_trees_apple trees_apple tree_tree,0.32514334
h10101490023,4,4_trees_apple trees_apple tree_tree,0.35758454
h10101510026,8,8_linen_flax_sled_lace,0.321483
h10101540033,7,7_herd_tail_dog_turn,0.45924446
h10101550035,7,7_herd_tail_dog_turn,0.20379716
h10101570040,4,4_trees_apple trees_apple tree_tree,0.39773688
h10101620049,6,6_barley_rye_oats_grain,0.44231972
h10101630052,7,7_herd_tail_dog_turn,0.48584098
h10102040042,3,3_bride_daughters_maiden_wedding,0.42510104
h10102210073,2,2_sparrow_bird_leaf_cabbage,0.52640206
h10102240079,7,7_herd_tail_dog_turn,0.61631656
h10102250082,8,8_linen_flax_sled_lace,0.5413359
h10102340104,4,4_trees_apple trees_apple tree_tree,0.39952478
h10102350106,7,7_herd_tail_dog_turn,0.55214983
h10102400115,8,8_linen_flax_sled_lace,0.3494849
h10102420120,8,8_linen_flax_sled_lace,0.32505587
h10102510137,3,3_bride_daughters_maiden_wedding,0.32104897
h10102530139,3,3_bride_daughters_maiden_wedding,0.5133808
h10102530140,4,4_trees_apple trees_apple tree_tree,0.55934644
h10102610155,7,7_herd_tail_dog_turn,0.5029925
h10700340011,4,4_trees_apple trees_apple tree_tree,0.39580294
h10700380023,3,3_bride_daughters_maiden_wedding,0.32819346
h10700470039,4,4_trees_apple trees_apple tree_tree,0.27529454
h10700480040,3,3_bride_daughters_maiden_wedding,0.6498957
h10700500043,5,5_wedding_bride_married_crow,0.26839796
h10700590058,3,3_bride_daughters_maiden_wedding,0.56890607
h10700710074,0,0_young maiden_maiden_hay_grandmother,0.6490879
h20101310180,8,8_linen_flax_sled_lace,0.40802446
h20101320183,8,8_linen_flax_sled_lace,1.0
h20101320184,3,3_bride_daughters_maiden_wedding,0.3727788
h20101450209,6,6_barley_rye_oats_grain,0.3766363
h20102770410,8,8_linen_flax_sled_lace,0.337858
h20102790412,8,8_linen_flax_sled_lace,0.31319374
h20102830419,7,7_herd_tail_dog_turn,0.5358537
h20102840420,6,6_barley_rye_oats_grain,0.460301
h20102840421,3,3_bride_daughters_maiden_wedding,0.50593877
h20102850422,8,8_linen_flax_sled_lace,0.21721388
h20105260695,7,7_herd_tail_dog_turn,0.31856284
h20106510837,8,8_linen_flax_sled_lace,0.47202545
h20106530843,8,8_linen_flax_sled_lace,0.7952249
h21005220296,7,7_herd_tail_dog_turn,0.34430385
h21005280301,4,4_trees_apple trees_apple tree_tree,0.37050828
h21300290019,4,4_trees_apple trees_apple tree_tree,0.74959654
h21300340004,4,4_trees_apple trees_apple tree_tree,0.29233375
h21300410012,6,6_barley_rye_oats_grain,0.33791083
h21300430014,1,1_swing_wreath_wood_pasture,0.2460203
h21300460018,3,3_bride_daughters_maiden_wedding,0.5290939
h21300470020,5,5_wedding_bride_married_crow,0.7948952
h21300530026,8,8_linen_flax_sled_lace,0.4466409
h21300610036,4,4_trees_apple trees_apple tree_tree,1.0
h21300620038,7,7_herd_tail_dog_turn,0.6447499
h21300650005,4,4_trees_apple trees_apple tree_tree,0.50900424
h21300750016,7,7_herd_tail_dog_turn,0.8540759
h21300800024,5,5_wedding_bride_married_crow,0.23257768
h21300870032,7,7_herd_tail_dog_turn,0.28456467
h21300980046,8,8_linen_flax_sled_lace,0.36232695
h21301050056,4,4_trees_apple trees_apple tree_tree,0.40597337
h21301060057,4,4_trees_apple trees_apple tree_tree,0.31798694
h21301080061,4,4_trees_apple trees_apple tree_tree,0.34148824
h21301260017,8,8_linen_flax_sled_lace,0.22459836
h21301270019,5,5_wedding_bride_married_crow,0.24097785
h21301300023,7,7_herd_tail_dog_turn,0.21402283
h21301330027,5,5_wedding_bride_married_crow,0.33753684
h21301820004,7,7_herd_tail_dog_turn,0.30492753
h21302000027,8,8_linen_flax_sled_lace,0.30007163
h21302520022,5,5_wedding_bride_married_crow,0.2877974
h21303200004,3,3_bride_daughters_maiden_wedding,0.40405238
h21303480015,4,4_trees_apple trees_apple tree_tree,0.49567854
h21303610005,5,5_wedding_bride_married_crow,0.41379452
h21303630008,4,4_trees_apple trees_apple tree_tree,0.37070367
h21304310006,1,1_swing_wreath_wood_pasture,0.41834208
h21304330007,1,1_swing_wreath_wood_pasture,0.41261274
h21304380012,3,3_bride_daughters_maiden_wedding,0.3626263
h21305030014,7,7_herd_tail_dog_turn,0.5252192
h21305040015,3,3_bride_daughters_maiden_wedding,0.37123543
h21305070019,5,5_wedding_bride_married_crow,0.5425076
h21305120023,6,6_barley_rye_oats_grain,0.20784064
h21305350042,5,5_wedding_bride_married_crow,0.44666836
h21305360043,2,2_sparrow_bird_leaf_cabbage,0.6589959
h21305550066,0,0_young maiden_maiden_hay_grandmother,0.0
h21305820002,4,4_trees_apple trees_apple tree_tree,0.6227524
h21305850006,8,8_linen_flax_sled_lace,0.22224905
h21306040004,8,8_linen_flax_sled_lace,0.3140654
h21306090006,0,0_young maiden_maiden_hay_grandmother,0.26393548
h21306180016,3,3_bride_daughters_maiden_wedding,0.30804086
h21306210020,6,6_barley_rye_oats_grain,0.8248466
h21306370008,7,7_herd_tail_dog_turn,0.28161323
h21306410015,4,4_trees_apple trees_apple tree_tree,0.2923542
h21306430020,7,7_herd_tail_dog_turn,0.3752528
h21306450025,1,1_swing_wreath_wood_pasture,0.38605148
h21306480035,7,7_herd_tail_dog_turn,0.81483936
h21306530007,6,6_barley_rye_oats_grain,0.22016558
h21306800001,5,5_wedding_bride_married_crow,0.6753739
h21306810004,0,0_young maiden_maiden_hay_grandmother,0.0
h21307080004,6,6_barley_rye_oats_grain,0.2776593
h21307470006,7,7_herd_tail_dog_turn,0.50837463
h21307540013,4,4_trees_apple trees_apple tree_tree,0.39418945
h21307550014,4,4_trees_apple trees_apple tree_tree,0.7887388
h21307600019,8,8_linen_flax_sled_lace,0.49062183
h21307620022,7,7_herd_tail_dog_turn,0.3197848
h21307700028,2,2_sparrow_bird_leaf_cabbage,1.0
h21400070001,8,8_linen_flax_sled_lace,0.3469182
h21400140015,6,6_barley_rye_oats_grain,0.26327628
h21400240027,7,7_herd_tail_dog_turn,0.43354586
h21400280035,8,8_linen_flax_sled_lace,1.0
h21400290036,6,6_barley_rye_oats_grain,0.3009354
h21400310039,6,6_barley_rye_oats_grain,0.30535764
h21400360049,4,4_trees_apple trees_apple tree_tree,0.5434611
h21400440058,2,2_sparrow_bird_leaf_cabbage,0.44959158
h21400460063,4,4_trees_apple trees_apple tree_tree,0.42610016
h21400740093,5,5_wedding_bride_married_crow,0.44432306
h21400860003,4,4_trees_apple trees_apple tree_tree,1.0
h21400870004,5,5_wedding_bride_married_crow,0.26556593
h21401460017,4,4_trees_apple trees_apple tree_tree,0.53770727
h21401480020,4,4_trees_apple trees_apple tree_tree,0.5299507
h21401510024,4,4_trees_apple trees_apple tree_tree,0.27572072
h21401570032,3,3_bride_daughters_maiden_wedding,0.2373353
h21401600035,3,3_bride_daughters_maiden_wedding,0.30926156
h21401640039,4,4_trees_apple trees_apple tree_tree,0.6434013
h21402640005,4,4_trees_apple trees_apple tree_tree,0.6390859
h21402810018,4,4_trees_apple trees_apple tree_tree,0.22388583
h21402970002,2,2_sparrow_bird_leaf_cabbage,0.4146244
h21403030006,4,4_trees_apple trees_apple tree_tree,0.26660326
h21403160015,2,2_sparrow_bird_leaf_cabbage,0.2883236
h21403420005,8,8_linen_flax_sled_lace,0.33900002
h21403430006,3,3_bride_daughters_maiden_wedding,0.55012125
h21403860011,5,5_wedding_bride_married_crow,0.24835244
h21403990001,8,8_linen_flax_sled_lace,0.31995425
h21404230015,6,6_barley_rye_oats_grain,0.5326813
h21404280020,8,8_linen_flax_sled_lace,0.33949283
h21404390002,6,6_barley_rye_oats_grain,0.5884928
h21404410009,7,7_herd_tail_dog_turn,0.34836608
h21404750001,2,2_sparrow_bird_leaf_cabbage,0.3786515
h21404750003,6,6_barley_rye_oats_grain,0.3074782
h21405050001,4,4_trees_apple trees_apple tree_tree,0.8320568
h21406090003,3,3_bride_daughters_maiden_wedding,1.0
h21406260003,5,5_wedding_bride_married_crow,0.27921623
h21605770013,7,7_herd_tail_dog_turn,0.31437778
h22609140012,1,1_swing_wreath_wood_pasture,0.41006637
h23700570011,7,7_herd_tail_dog_turn,0.30139756
h23806500011,5,5_wedding_bride_married_crow,0.3413614
h23807040099,4,4_trees_apple trees_apple tree_tree,0.7106901
h23807130109,0,0_young maiden_maiden_hay_grandmother,0.39592168
h23807530001,5,5_wedding_bride_married_crow,0.19746241
h24001941190,1,1_swing_wreath_wood_pasture,0.69172084
h24003091358,4,4_trees_apple trees_apple tree_tree,0.51025814
h24003101359,4,4_trees_apple trees_apple tree_tree,0.33612624
h24003930001,8,8_linen_flax_sled_lace,0.46097293
h24010620006,8,8_linen_flax_sled_lace,0.46600768
h24607020007,5,5_wedding_bride_married_crow,0.24340017
h24607030009,8,8_linen_flax_sled_lace,0.26477897
h24607060015,1,1_swing_wreath_wood_pasture,0.2977908
h24607070017,4,4_trees_apple trees_apple tree_tree,0.23489438
h24607990007,4,4_trees_apple trees_apple tree_tree,0.45087597
h24608320015,3,3_bride_daughters_maiden_wedding,0.41421533
h24608340018,4,4_trees_apple trees_apple tree_tree,0.37773877
h24701100008,7,7_herd_tail_dog_turn,0.33824712
h25705910001,0,0_young maiden_maiden_hay_grandmother,0.6265282
h25706190001,8,8_linen_flax_sled_lace,0.51939
h25706200003,7,7_herd_tail_dog_turn,0.40434167
h25706220004,6,6_barley_rye_oats_grain,0.38698396
h25706360022,6,6_barley_rye_oats_grain,0.32746503
h25706370023,1,1_swing_wreath_wood_pasture,0.38652843
h25706380024,8,8_linen_flax_sled_lace,0.293208
h25706870002,1,1_swing_wreath_wood_pasture,0.4635742
h26502390004,4,4_trees_apple trees_apple tree_tree,0.2571423
h26502640004,4,4_trees_apple trees_apple tree_tree,0.2191236
h26502660005,3,3_bride_daughters_maiden_wedding,0.40073445
h26502860022,1,1_swing_wreath_wood_pasture,0.6220465
h26502920029,4,4_trees_apple trees_apple tree_tree,0.2462443
h26503400014,1,1_swing_wreath_wood_pasture,0.571654
h26503450018,6,6_barley_rye_oats_grain,0.35818815
h26700121699,6,6_barley_rye_oats_grain,0.32030728
h26700251735,8,8_linen_flax_sled_lace,0.49806443
h26700261736,7,7_herd_tail_dog_turn,0.40631294
h26700291752,2,2_sparrow_bird_leaf_cabbage,0.67568856
h26804990019,3,3_bride_daughters_maiden_wedding,0.26366153
h26805050026,7,7_herd_tail_dog_turn,0.44500282
h30101540004,3,3_bride_daughters_maiden_wedding,0.3724644
h30300440002,0,0_young maiden_maiden_hay_grandmother,0.0
h30400210005,3,3_bride_daughters_maiden_wedding,0.34932202
h30400950004,5,5_wedding_bride_married_crow,0.23214075
h30401050014,7,7_herd_tail_dog_turn,0.45508042
h30401160004,4,4_trees_apple trees_apple tree_tree,0.27647793
h30401220011,7,7_herd_tail_dog_turn,0.310459
h30401310019,7,7_herd_tail_dog_turn,0.83028716
h30402070012,2,2_sparrow_bird_leaf_cabbage,1.0
h31204630005,8,8_linen_flax_sled_lace,0.31833342
h31204920009,8,8_linen_flax_sled_lace,0.38112298
h31204980017,3,3_bride_daughters_maiden_wedding,0.31384215
h31204990018,2,2_sparrow_bird_leaf_cabbage,0.40457088
h31205000019,0,0_young maiden_maiden_hay_grandmother,0.5261133
h31205590001,7,7_herd_tail_dog_turn,0.33553374
h31205830010,7,7_herd_tail_dog_turn,0.28326678
h31701190004,5,5_wedding_bride_married_crow,0.7804412
h31701510008,2,2_sparrow_bird_leaf_cabbage,0.3514328
h31701580016,7,7_herd_tail_dog_turn,0.355713
h31703800043,3,3_bride_daughters_maiden_wedding,0.2558705
h31708600015,4,4_trees_apple trees_apple tree_tree,0.5688148
h31708620017,7,7_herd_tail_dog_turn,0.7364024
h31709480006,4,4_trees_apple trees_apple tree_tree,1.0
h31800380002,0,0_young maiden_maiden_hay_grandmother,0.5205877
h31800960003,1,1_swing_wreath_wood_pasture,0.3232858
h31800990006,7,7_herd_tail_dog_turn,0.35395747
h32205940002,7,7_herd_tail_dog_turn,0.4365341
h32301870004,1,1_swing_wreath_wood_pasture,0.37874746
h32301880005,7,7_herd_tail_dog_turn,0.63260067
h32301920010,5,5_wedding_bride_married_crow,0.72081393
h32302060027,8,8_linen_flax_sled_lace,0.52687365
h32302070028,2,2_sparrow_bird_leaf_cabbage,0.42095193
h32302350015,1,1_swing_wreath_wood_pasture,0.31342015
h32302430020,0,0_young maiden_maiden_hay_grandmother,0.3472265
h32700450001,7,7_herd_tail_dog_turn,0.38175845
h32700550013,7,7_herd_tail_dog_turn,0.32801974
h32700560014,4,4_trees_apple trees_apple tree_tree,0.5481048
h32700590018,4,4_trees_apple trees_apple tree_tree,0.23092131
h40102990015,3,3_bride_daughters_maiden_wedding,0.57921654
h40103370021,2,2_sparrow_bird_leaf_cabbage,0.5643886
h40103720009,1,1_swing_wreath_wood_pasture,0.70432365
h40103720011,0,0_young maiden_maiden_hay_grandmother,0.46064824
h40103740015,0,0_young maiden_maiden_hay_grandmother,0.44264013
h40103740016,6,6_barley_rye_oats_grain,0.7704489
h40103760020,6,6_barley_rye_oats_grain,0.6366153
h40103820027,4,4_trees_apple trees_apple tree_tree,0.56025517
hgrq01400006,1,1_swing_wreath_wood_pasture,0.39315653
hgrq01420008,7,7_herd_tail_dog_turn,0.3868359
hgrq01470014,0,0_young maiden_maiden_hay_grandmother,0.2318277
hgrq01500017,7,7_herd_tail_dog_turn,0.39732808
hgrq01510018,2,2_sparrow_bird_leaf_cabbage,0.23301493
hgrq01640034,0,0_young maiden_maiden_hay_grandmother,0.3391408
hgrq01910088,3,3_bride_daughters_maiden_wedding,0.5676335
hgrq01920091,6,6_barley_rye_oats_grain,0.40223417
hgrq01930093,1,1_swing_wreath_wood_pasture,0.45130748
hgrq01960099,0,0_young maiden_maiden_hay_grandmother,0.42910558
hr0103070004,4,4_trees_apple trees_apple tree_tree,0.26296932
tem1300130009,7,7_herd_tail_dog_turn,0.39859423
tem1300170014,7,7_herd_tail_dog_turn,0.34419963
aesmt04900130004,3,3_bride_daughters_maiden_wedding,0.32783422
e000051930015,6,6_barley_rye_oats_grain,1.0
e000070620003,7,7_herd_tail_dog_turn,0.7040154
e000071450005,3,3_bride_daughters_maiden_wedding,0.35058793
e000071460006,3,3_bride_daughters_maiden_wedding,0.28243294
e000071560016,2,2_sparrow_bird_leaf_cabbage,0.30349988
e000071940009,7,7_herd_tail_dog_turn,0.21935403
e000072010015,0,0_young maiden_maiden_hay_grandmother,0.0
e000072040019,2,2_sparrow_bird_leaf_cabbage,1.0
e000072080025,0,0_young maiden_maiden_hay_grandmother,0.267878
e000076650009,4,4_trees_apple trees_apple tree_tree,0.30660152
e000076700015,2,2_sparrow_bird_leaf_cabbage,0.62320024
e000076730020,7,7_herd_tail_dog_turn,0.4772771
e000076830013,4,4_trees_apple trees_apple tree_tree,0.31915358
e000076850017,7,7_herd_tail_dog_turn,0.47020245
e000077310002,2,2_sparrow_bird_leaf_cabbage,0.27078494
e000077400018,7,7_herd_tail_dog_turn,0.71544015
e000077470001,4,4_trees_apple trees_apple tree_tree,0.22126703
e000078320008,5,5_wedding_bride_married_crow,0.24649663
e000078360001,1,1_swing_wreath_wood_pasture,0.5029445
e000078520007,7,7_herd_tail_dog_turn,0.23969819
e000079580025,3,3_bride_daughters_maiden_wedding,0.47154924
e000079590026,4,4_trees_apple trees_apple tree_tree,1.0
e000080460033,7,7_herd_tail_dog_turn,0.42131442
e000093710051,4,4_trees_apple trees_apple tree_tree,0.28745687
e000094090083,8,8_linen_flax_sled_lace,0.34924105
e000094100084,4,4_trees_apple trees_apple tree_tree,0.7443418
e000094150092,8,8_linen_flax_sled_lace,0.21472774
e000099780011,5,5_wedding_bride_married_crow,0.29027888
e000104150013,6,6_barley_rye_oats_grain,0.4346819
e000106080018,7,7_herd_tail_dog_turn,0.27120626
e000106290004,6,6_barley_rye_oats_grain,0.5664094
e000117850002,7,7_herd_tail_dog_turn,0.7232525
e000117880008,7,7_herd_tail_dog_turn,0.58128446
e000117930017,3,3_bride_daughters_maiden_wedding,0.414458
e000117940022,7,7_herd_tail_dog_turn,0.44496283
e000117980032,7,7_herd_tail_dog_turn,0.82892257
e000137780008,2,2_sparrow_bird_leaf_cabbage,0.32517743
e000137790009,2,2_sparrow_bird_leaf_cabbage,0.3864907
e000145900006,7,7_herd_tail_dog_turn,0.5504216
e000164290001,2,2_sparrow_bird_leaf_cabbage,0.7651037
e000178400028,7,7_herd_tail_dog_turn,0.6063828
e000180070001,2,2_sparrow_bird_leaf_cabbage,0.79269093
e000239850005,4,4_trees_apple trees_apple tree_tree,0.30072418
e000418770000,6,6_barley_rye_oats_grain,1.0
e000515030002,5,5_wedding_bride_married_crow,0.33317778
e000531950003,8,8_linen_flax_sled_lace,0.35791758
e000536490000,2,2_sparrow_bird_leaf_cabbage,0.21462865
e000536510001,2,2_sparrow_bird_leaf_cabbage,0.6472839
e000536510002,7,7_herd_tail_dog_turn,0.62621677
e000536510003,2,2_sparrow_bird_leaf_cabbage,0.874144
e000540420008,4,4_trees_apple trees_apple tree_tree,0.4298486
e000549600000,3,3_bride_daughters_maiden_wedding,0.4217789
e000575600001,1,1_swing_wreath_wood_pasture,0.585222
e000575620005,5,5_wedding_bride_married_crow,0.53197396
e000576740020,2,2_sparrow_bird_leaf_cabbage,0.44115338
e000576750000,7,7_herd_tail_dog_turn,0.7701517
e000592100007,1,1_swing_wreath_wood_pasture,0.31301314
e000592330033,5,5_wedding_bride_married_crow,0.62274283
e000595190001,8,8_linen_flax_sled_lace,0.26227647
e000598810006,4,4_trees_apple trees_apple tree_tree,0.51423615
e000598920004,7,7_herd_tail_dog_turn,0.678959
e000616880003,6,6_barley_rye_oats_grain,0.52646995
e000616940008,1,1_swing_wreath_wood_pasture,0.35758445
e000617010013,3,3_bride_daughters_maiden_wedding,0.5237702
e000617190027,6,6_barley_rye_oats_grain,0.2764005
e000617410043,7,7_herd_tail_dog_turn,0.68672395
e000617440046,7,7_herd_tail_dog_turn,0.32932273
e000617470047,4,4_trees_apple trees_apple tree_tree,0.3487646
e800X00330158,0,0_young maiden_maiden_hay_grandmother,1.0
ea00009670007,7,7_herd_tail_dog_turn,0.31666163
ea00010060006,2,2_sparrow_bird_leaf_cabbage,0.26101583
ea00010140010,8,8_linen_flax_sled_lace,0.3500048
ekms40106240007,6,6_barley_rye_oats_grain,0.31731918
eks0100470000,2,2_sparrow_bird_leaf_cabbage,1.0
eks0101300007,7,7_herd_tail_dog_turn,1.0
eks0101300008,4,4_trees_apple trees_apple tree_tree,0.4280186
era200101210005,8,8_linen_flax_sled_lace,0.4972118
era200101220002,7,7_herd_tail_dog_turn,0.85835445
era200101320009,7,7_herd_tail_dog_turn,0.7558327
era200101480001,0,0_young maiden_maiden_hay_grandmother,1.0
era201400470001,6,6_barley_rye_oats_grain,0.5547654
era201402770014,7,7_herd_tail_dog_turn,0.4770835
era201402890028,2,2_sparrow_bird_leaf_cabbage,1.0
era202401690007,4,4_trees_apple trees_apple tree_tree,0.44987527
era202403450113,3,3_bride_daughters_maiden_wedding,0.35994846
era202403500003,8,8_linen_flax_sled_lace,0.55104244
era202407490003,7,7_herd_tail_dog_turn,0.62621677
era202500410008,5,5_wedding_bride_married_crow,0.73918015
era202500870001,7,7_herd_tail_dog_turn,1.0
era202500880002,4,4_trees_apple trees_apple tree_tree,1.0
era202501470002,8,8_linen_flax_sled_lace,0.38659403
era202501550013,7,7_herd_tail_dog_turn,0.6338181
era202501980010,7,7_herd_tail_dog_turn,1.0
era203500500003,7,7_herd_tail_dog_turn,0.7017912
era204101630001,4,4_trees_apple trees_apple tree_tree,0.37352246
era205705350005,2,2_sparrow_bird_leaf_cabbage,0.39182055
era205705390010,4,4_trees_apple trees_apple tree_tree,0.5148659
era205705520025,1,1_swing_wreath_wood_pasture,0.4152544
era208401580019,7,7_herd_tail_dog_turn,0.5829296
era216704210001,6,6_barley_rye_oats_grain,1.0
era217800130010,0,0_young maiden_maiden_hay_grandmother,0.0
era218304830055,6,6_barley_rye_oats_grain,0.57215124
era218305140109,7,7_herd_tail_dog_turn,0.54038996
erm13300060011,5,5_wedding_bride_married_crow,0.37850934
erm13300060012,4,4_trees_apple trees_apple tree_tree,0.50340897
erm9400030000,8,8_linen_flax_sled_lace,0.47738636
erm940009000a,6,6_barley_rye_oats_grain,0.4949593
erm9400110000,7,7_herd_tail_dog_turn,0.519055
estk2700690002,0,0_young maiden_maiden_hay_grandmother,0.0
estk3701730012,4,4_trees_apple trees_apple tree_tree,0.63684577
estk3701750016,0,0_young maiden_maiden_hay_grandmother,0.0
estk3701800022,5,5_wedding_bride_married_crow,1.0
estk4000070011,0,0_young maiden_maiden_hay_grandmother,0.0
estk4000090017,2,2_sparrow_bird_leaf_cabbage,0.6376422
estk4000170034,0,0_young maiden_maiden_hay_grandmother,0.6736633
estk4000200039,2,2_sparrow_bird_leaf_cabbage,1.0
estk4000200040,3,3_bride_daughters_maiden_wedding,1.0
estk4000200041,7,7_herd_tail_dog_turn,0.5097534
estk4000240048,1,1_swing_wreath_wood_pasture,0.4602117
estk4000560086,5,5_wedding_bride_married_crow,0.65517163
estk4000570087,2,2_sparrow_bird_leaf_cabbage,0.9575565
estk4000860126,0,0_young maiden_maiden_hay_grandmother,0.0
estk4001060147,7,7_herd_tail_dog_turn,0.93087274
eys0210280007,7,7_herd_tail_dog_turn,0.6519514
eys0210590052,7,7_herd_tail_dog_turn,0.4603945
eys0505800037,0,0_young maiden_maiden_hay_grandmother,0.0
eys0506010015,4,4_trees_apple trees_apple tree_tree,0.62535584
eys0506090026,1,1_swing_wreath_wood_pasture,0.31956664
eys0506190038,1,1_swing_wreath_wood_pasture,0.36338735
eys0506530083,7,7_herd_tail_dog_turn,0.9364636
eys0506570090,0,0_young maiden_maiden_hay_grandmother,0.0
eys0506680105,7,7_herd_tail_dog_turn,0.9417963
eys0506920138,0,0_young maiden_maiden_hay_grandmother,0.36324602
eys0506970143,7,7_herd_tail_dog_turn,0.42688736
eys0507230186,4,4_trees_apple trees_apple tree_tree,0.4988824
eys0507260190,8,8_linen_flax_sled_lace,0.2865535
eys0610840257,6,6_barley_rye_oats_grain,0.4200626
eys0610840258,7,7_herd_tail_dog_turn,0.5393091
eys0611610058,2,2_sparrow_bird_leaf_cabbage,0.30590412
eys0611630062,0,0_young maiden_maiden_hay_grandmother,0.0
eys0613650010,2,2_sparrow_bird_leaf_cabbage,0.7586458
eys0613900044,5,5_wedding_bride_married_crow,0.67320365
eys0614140075,7,7_herd_tail_dog_turn,1.0
eys0614210084,0,0_young maiden_maiden_hay_grandmother,0.3702716
eys0614230087,7,7_herd_tail_dog_turn,0.6602922
eys0614600146,7,7_herd_tail_dog_turn,0.6583306
eys0614960204,0,0_young maiden_maiden_hay_grandmother,0.0
eys0614980209,0,0_young maiden_maiden_hay_grandmother,0.0
eys0614980210,2,2_sparrow_bird_leaf_cabbage,0.48363143
eys0614980211,3,3_bride_daughters_maiden_wedding,0.5408566
eys0615020220,7,7_herd_tail_dog_turn,1.0
eys0615080240,2,2_sparrow_bird_leaf_cabbage,0.59104866
eys0615090241,7,7_herd_tail_dog_turn,0.7190752
eys0615130249,7,7_herd_tail_dog_turn,0.7921311
eys0615140251,0,0_young maiden_maiden_hay_grandmother,0.0
eys0615140252,1,1_swing_wreath_wood_pasture,0.37978187
eys0615640313,5,5_wedding_bride_married_crow,0.53041077
eys0615830350,2,2_sparrow_bird_leaf_cabbage,1.0
eys0615850354,0,0_young maiden_maiden_hay_grandmother,1.0
eys0615940002,7,7_herd_tail_dog_turn,0.5898326
eys0615970008,5,5_wedding_bride_married_crow,1.0
eys0616950154,0,0_young maiden_maiden_hay_grandmother,0.8096373
eys0617440233,8,8_linen_flax_sled_lace,0.4093482
eys0617680271,7,7_herd_tail_dog_turn,0.72702473
eys0617730282,2,2_sparrow_bird_leaf_cabbage,0.37822884
eys0706540006,6,6_barley_rye_oats_grain,1.0
eys0706540007,4,4_trees_apple trees_apple tree_tree,0.6932849
eys0706570015,2,2_sparrow_bird_leaf_cabbage,0.392911
eys0706740043,0,0_young maiden_maiden_hay_grandmother,0.0
eys0706900068,4,4_trees_apple trees_apple tree_tree,0.76240754
eys0707320004,3,3_bride_daughters_maiden_wedding,0.7381598
eys0707500031,5,5_wedding_bride_married_crow,0.398631
eys0707560003,5,5_wedding_bride_married_crow,1.0
eys0707650022,5,5_wedding_bride_married_crow,0.5551311
eys0707650023,3,3_bride_daughters_maiden_wedding,0.75687206
eys0715440023,3,3_bride_daughters_maiden_wedding,1.0
eys0715440024,7,7_herd_tail_dog_turn,0.30708367
eys0715450025,7,7_herd_tail_dog_turn,0.67529917
eys0715580055,4,4_trees_apple trees_apple tree_tree,1.0
eys0716100133,2,2_sparrow_bird_leaf_cabbage,0.39844048
eys0716110137,8,8_linen_flax_sled_lace,0.5281314
eys0716230152,3,3_bride_daughters_maiden_wedding,0.48713103
eys0716320165,8,8_linen_flax_sled_lace,0.5072685
eys0716780236,4,4_trees_apple trees_apple tree_tree,0.56703347
eys0716800239,2,2_sparrow_bird_leaf_cabbage,0.37487838
eys0716840248,8,8_linen_flax_sled_lace,0.27227357
eys0716850249,2,2_sparrow_bird_leaf_cabbage,0.32594118
eys0716930260,7,7_herd_tail_dog_turn,0.54780275
eys0716950264,7,7_herd_tail_dog_turn,0.64999354
eys0717000274,1,1_swing_wreath_wood_pasture,0.48523948
eys0717000275,0,0_young maiden_maiden_hay_grandmother,0.0
eys0717130305,0,0_young maiden_maiden_hay_grandmother,0.0
eys0717130306,0,0_young maiden_maiden_hay_grandmother,0.41326645
eys0717160312,7,7_herd_tail_dog_turn,1.0
eys0717590380,1,1_swing_wreath_wood_pasture,1.0
eys0717610383,8,8_linen_flax_sled_lace,0.60923195
eys0718370017,8,8_linen_flax_sled_lace,0.29925457
eys0718400021,2,2_sparrow_bird_leaf_cabbage,0.4178123
eys0718420024,4,4_trees_apple trees_apple tree_tree,0.4666985
eys0721430329,8,8_linen_flax_sled_lace,0.4290765
eys0722890037,5,5_wedding_bride_married_crow,0.5256234
eys0723110086,7,7_herd_tail_dog_turn,1.0
eys0723170101,7,7_herd_tail_dog_turn,1.0
eys0723490151,4,4_trees_apple trees_apple tree_tree,0.5892736
eys0723670179,4,4_trees_apple trees_apple tree_tree,0.4919759
eys0723720193,5,5_wedding_bride_married_crow,0.2988282
eys0723750199,7,7_herd_tail_dog_turn,0.5709548
eys0723830217,0,0_young maiden_maiden_hay_grandmother,0.0
eys0723910232,0,0_young maiden_maiden_hay_grandmother,0.0
eys0723980256,0,0_young maiden_maiden_hay_grandmother,0.0
eys0724010262,4,4_trees_apple trees_apple tree_tree,0.4319303
eys0724210307,7,7_herd_tail_dog_turn,1.0
eys0724300331,0,0_young maiden_maiden_hay_grandmother,0.0
eys0724340342,4,4_trees_apple trees_apple tree_tree,0.21041586
eys0724360346,4,4_trees_apple trees_apple tree_tree,0.66872656
eys0724430368,4,4_trees_apple trees_apple tree_tree,1.0
eys0724580396,7,7_herd_tail_dog_turn,0.41087753
eys0724660420,0,0_young maiden_maiden_hay_grandmother,0.0
eys0724750457,3,3_bride_daughters_maiden_wedding,0.4870427
eys0725110484,7,7_herd_tail_dog_turn,0.7877524
eys0725120487,3,3_bride_daughters_maiden_wedding,0.33967194
eys0805380014,2,2_sparrow_bird_leaf_cabbage,1.0
eys0805590060,0,0_young maiden_maiden_hay_grandmother,0.57341534
eys0805590061,0,0_young maiden_maiden_hay_grandmother,0.0
eys0805670078,5,5_wedding_bride_married_crow,0.38004535
eys0805780093,1,1_swing_wreath_wood_pasture,0.33801168
eys0806020127,0,0_young maiden_maiden_hay_grandmother,0.0
eys0806680239,2,2_sparrow_bird_leaf_cabbage,0.6654077
eys0806840262,1,1_swing_wreath_wood_pasture,0.43102947
eys0806870266,2,2_sparrow_bird_leaf_cabbage,0.33472118
eys0806920274,7,7_herd_tail_dog_turn,0.7077102
eys0806960282,8,8_linen_flax_sled_lace,0.3287895
eys0807250306,1,1_swing_wreath_wood_pasture,0.9430812
eys0807280314,2,2_sparrow_bird_leaf_cabbage,0.42835423
eys0807350329,2,2_sparrow_bird_leaf_cabbage,0.367949
eys0807380338,2,2_sparrow_bird_leaf_cabbage,0.7497112
eys0807460346,7,7_herd_tail_dog_turn,1.0
eys0807610366,0,0_young maiden_maiden_hay_grandmother,0.0
eys0808090437,7,7_herd_tail_dog_turn,0.52197707
eys0808220455,1,1_swing_wreath_wood_pasture,0.5287796
eys0811570019,6,6_barley_rye_oats_grain,0.4072561
eys0811730044,1,1_swing_wreath_wood_pasture,0.31620643
eys0811760049,7,7_herd_tail_dog_turn,0.62851226
eys0811770052,4,4_trees_apple trees_apple tree_tree,0.22613421
eys0901140114,7,7_herd_tail_dog_turn,1.0
eys0901160117,2,2_sparrow_bird_leaf_cabbage,0.5848959
eys0909520015,7,7_herd_tail_dog_turn,0.41046208
eys0910120107,0,0_young maiden_maiden_hay_grandmother,0.0
eys0911720158,2,2_sparrow_bird_leaf_cabbage,0.6711908
eys1022570047,0,0_young maiden_maiden_hay_grandmother,0.0
eys1023000121,2,2_sparrow_bird_leaf_cabbage,0.5365009
eys1023060130,7,7_herd_tail_dog_turn,0.28069487
eys1023120139,4,4_trees_apple trees_apple tree_tree,0.6096481
eys1023140141,4,4_trees_apple trees_apple tree_tree,0.37906978
eys1023250159,6,6_barley_rye_oats_grain,0.49527827
eys1023560186,4,4_trees_apple trees_apple tree_tree,0.3096067
eys1023650194,7,7_herd_tail_dog_turn,0.44702
eys1025780043,1,1_swing_wreath_wood_pasture,0.38198024
eys1025880062,0,0_young maiden_maiden_hay_grandmother,0.0
eys1026710222,6,6_barley_rye_oats_grain,0.36733702
eys1026720225,5,5_wedding_bride_married_crow,1.0
eys1029020070,7,7_herd_tail_dog_turn,0.45442858
eys1029050079,3,3_bride_daughters_maiden_wedding,0.33546
eys1029050080,2,2_sparrow_bird_leaf_cabbage,0.31946293
eys1029160105,2,2_sparrow_bird_leaf_cabbage,1.0
eys1029160106,7,7_herd_tail_dog_turn,0.5221568
h10100190006,7,7_herd_tail_dog_turn,0.34295368
h10101630053,3,3_bride_daughters_maiden_wedding,0.62340236
h10101850011,7,7_herd_tail_dog_turn,0.5116638
h10101930020,8,8_linen_flax_sled_lace,0.26731643
h10101950025,0,0_young maiden_maiden_hay_grandmother,0.0
h10102320100,7,7_herd_tail_dog_turn,0.35088474
h10102400117,3,3_bride_daughters_maiden_wedding,0.5633481
h10102490132,5,5_wedding_bride_married_crow,0.5829669
h10700310003,5,5_wedding_bride_married_crow,0.6414131
h10700640066,0,0_young maiden_maiden_hay_grandmother,0.0
h10700690071,1,1_swing_wreath_wood_pasture,0.40315178
h10700720076,0,0_young maiden_maiden_hay_grandmother,1.0
h20101320182,0,0_young maiden_maiden_hay_grandmother,0.0
h20102690397,7,7_herd_tail_dog_turn,0.59607804
h20102720401,2,2_sparrow_bird_leaf_cabbage,0.4926273
h20102830418,7,7_herd_tail_dog_turn,0.9048988
h20106510836,7,7_herd_tail_dog_turn,0.54645056
h20106530842,7,7_herd_tail_dog_turn,0.63845044
h20106540844,4,4_trees_apple trees_apple tree_tree,1.0
h20106540845,7,7_herd_tail_dog_turn,1.0
h21300320002,4,4_trees_apple trees_apple tree_tree,0.32212895
h21300680009,4,4_trees_apple trees_apple tree_tree,0.31665206
h21300710011,1,1_swing_wreath_wood_pasture,1.0
h21300730014,1,1_swing_wreath_wood_pasture,0.50211424
h21301030052,1,1_swing_wreath_wood_pasture,0.5635624
h21301070059,8,8_linen_flax_sled_lace,0.4373526
h21301160002,7,7_herd_tail_dog_turn,0.63891554
h21301260018,7,7_herd_tail_dog_turn,0.4532093
h21302040033,1,1_swing_wreath_wood_pasture,0.5292394
h21302370010,7,7_herd_tail_dog_turn,0.7514676
h21302590024,2,2_sparrow_bird_leaf_cabbage,0.39532897
h21302600025,5,5_wedding_bride_married_crow,1.0
h21304290003,4,4_trees_apple trees_apple tree_tree,0.40648463
h21306200018,0,0_young maiden_maiden_hay_grandmother,0.0
h21306350003,2,2_sparrow_bird_leaf_cabbage,0.40459198
h21306360005,6,6_barley_rye_oats_grain,0.4033843
h21306400012,7,7_herd_tail_dog_turn,0.39380762
h21306510003,8,8_linen_flax_sled_lace,0.48731473
h21307490008,7,7_herd_tail_dog_turn,0.25766638
h21307520011,3,3_bride_daughters_maiden_wedding,0.25620145
h21400270034,8,8_linen_flax_sled_lace,0.8905829
h21400450060,7,7_herd_tail_dog_turn,0.74546987
h21400490069,1,1_swing_wreath_wood_pasture,1.0
h21400620079,4,4_trees_apple trees_apple tree_tree,0.50340897
h21400960009,4,4_trees_apple trees_apple tree_tree,0.5460453
h21401220017,3,3_bride_daughters_maiden_wedding,0.69952756
h21401300002,6,6_barley_rye_oats_grain,0.37165946
h21401350006,0,0_young maiden_maiden_hay_grandmother,0.0
h21402880021,0,0_young maiden_maiden_hay_grandmother,0.0
h21403150014,4,4_trees_apple trees_apple tree_tree,0.42838925
h21403600003,0,0_young maiden_maiden_hay_grandmother,0.31188896
h21404680013,1,1_swing_wreath_wood_pasture,0.23625661
h21404760005,1,1_swing_wreath_wood_pasture,0.5875222
h21404800009,4,4_trees_apple trees_apple tree_tree,0.8894646
h21405100010,7,7_herd_tail_dog_turn,0.30696753
h21406110007,3,3_bride_daughters_maiden_wedding,0.7266031
h22600650009,2,2_sparrow_bird_leaf_cabbage,0.8961298
h22600670011,7,7_herd_tail_dog_turn,0.6753715
h22600690016,3,3_bride_daughters_maiden_wedding,0.5006402
h22600920050,4,4_trees_apple trees_apple tree_tree,1.0
h22609110002,2,2_sparrow_bird_leaf_cabbage,0.5410313
h22609180023,7,7_herd_tail_dog_turn,0.3485902
h23700580012,6,6_barley_rye_oats_grain,0.45509717
h23806370001,3,3_bride_daughters_maiden_wedding,1.0
h23806380002,4,4_trees_apple trees_apple tree_tree,0.3946627
h23806420004,7,7_herd_tail_dog_turn,0.51899487
h23807080104,4,4_trees_apple trees_apple tree_tree,0.37044755
h23807110106,0,0_young maiden_maiden_hay_grandmother,0.27996978
h23807400003,0,0_young maiden_maiden_hay_grandmother,0.0
h24000941040,4,4_trees_apple trees_apple tree_tree,1.0
h24606980003,8,8_linen_flax_sled_lace,0.38185465
h24607070018,6,6_barley_rye_oats_grain,0.42709607
h24607090022,4,4_trees_apple trees_apple tree_tree,0.2618614
h24607130028,4,4_trees_apple trees_apple tree_tree,0.24846986
h24607140030,4,4_trees_apple trees_apple tree_tree,0.46232727
h24607880020,4,4_trees_apple trees_apple tree_tree,0.40348467
h24607980006,8,8_linen_flax_sled_lace,0.55455923
h24608190001,2,2_sparrow_bird_leaf_cabbage,0.48100495
h24608280010,4,4_trees_apple trees_apple tree_tree,0.34139886
h25401510004,4,4_trees_apple trees_apple tree_tree,0.50340897
h25705260002,5,5_wedding_bride_married_crow,0.2268042
h25705300007,4,4_trees_apple trees_apple tree_tree,0.4979595
h25705690007,7,7_herd_tail_dog_turn,0.6114263
h25705990012,3,3_bride_daughters_maiden_wedding,0.4717903
h25706240005,6,6_barley_rye_oats_grain,0.36172557
h26502420009,4,4_trees_apple trees_apple tree_tree,0.26227584
h26502490015,0,0_young maiden_maiden_hay_grandmother,1.0
h26502520019,7,7_herd_tail_dog_turn,0.8957666
h26502590001,8,8_linen_flax_sled_lace,0.35229886
h2650265004b,7,7_herd_tail_dog_turn,0.7510701
h26502900026,2,2_sparrow_bird_leaf_cabbage,0.36408043
h26503270001,4,4_trees_apple trees_apple tree_tree,0.2755731
h26503510025,7,7_herd_tail_dog_turn,0.3756448
h26700461803,2,2_sparrow_bird_leaf_cabbage,1.0
h26804710020,2,2_sparrow_bird_leaf_cabbage,0.36298022
h26804870001,8,8_linen_flax_sled_lace,0.43183938
h30101550005,2,2_sparrow_bird_leaf_cabbage,0.2795875
h30104620014,0,0_young maiden_maiden_hay_grandmother,0.31734118
h30300440003,8,8_linen_flax_sled_lace,0.45085284
h30302600010,0,0_young maiden_maiden_hay_grandmother,0.0
h30303780001,7,7_herd_tail_dog_turn,0.60016567
h30400240007,4,4_trees_apple trees_apple tree_tree,0.47432417
h30400510003,0,0_young maiden_maiden_hay_grandmother,0.43050104
h30401020010,6,6_barley_rye_oats_grain,0.4925662
h30401030011,2,2_sparrow_bird_leaf_cabbage,0.7338468
h30401300018,1,1_swing_wreath_wood_pasture,0.6477795
h30401530009,0,0_young maiden_maiden_hay_grandmother,0.0
h30401680004,7,7_herd_tail_dog_turn,0.3112219
h30401960005,1,1_swing_wreath_wood_pasture,0.3951197
h30402030010,3,3_bride_daughters_maiden_wedding,0.2763249
h30402100015,7,7_herd_tail_dog_turn,0.50987035
h31204290001,8,8_linen_flax_sled_lace,0.33384362
h31204910007,4,4_trees_apple trees_apple tree_tree,0.4296715
h31204950012,8,8_linen_flax_sled_lace,0.27348724
h31701540011,7,7_herd_tail_dog_turn,0.7700155
h31703820046,4,4_trees_apple trees_apple tree_tree,0.3501862
h31703890053,0,0_young maiden_maiden_hay_grandmother,0.0
h31707290004,4,4_trees_apple trees_apple tree_tree,0.32951906
h31708490003,6,6_barley_rye_oats_grain,0.34371677
h31800970004,6,6_barley_rye_oats_grain,0.40047586
h32301890007,2,2_sparrow_bird_leaf_cabbage,0.5666389
h32302000019,0,0_young maiden_maiden_hay_grandmother,0.3617553
h32302220003,7,7_herd_tail_dog_turn,0.52499074
h32700470004,7,7_herd_tail_dog_turn,1.0
h40103470003,3,3_bride_daughters_maiden_wedding,0.23402469
h40400770001,4,4_trees_apple trees_apple tree_tree,0.4225221
h40400790003,1,1_swing_wreath_wood_pasture,0.23024161
hgrq01760052,8,8_linen_flax_sled_lace,0.8558621
hgrq01790060,5,5_wedding_bride_married_crow,1.0
hgrq01900085,6,6_barley_rye_oats_grain,0.50804853
tem01010a000a,5,5_wedding_bride_married_crow,0.8537597
tem1300070001,1,1_swing_wreath_wood_pasture,0.33632633
tem1300100005,8,8_linen_flax_sled_lace,0.7000997
aesmt04900190008,7,7_herd_tail_dog_turn,0.2443598
e000035100003,2,2_sparrow_bird_leaf_cabbage,0.48315987
e000051810003,5,5_wedding_bride_married_crow,0.32654503
e000051970019,0,0_young maiden_maiden_hay_grandmother,0.407136
e000071470007,8,8_linen_flax_sled_lace,0.4050329
e000071630023,6,6_barley_rye_oats_grain,0.4267762
e000071840044,7,7_herd_tail_dog_turn,0.34525645
e000071890001,4,4_trees_apple trees_apple tree_tree,0.5644683
e000074590001,5,5_wedding_bride_married_crow,0.6615256
e000074610005,7,7_herd_tail_dog_turn,0.30558553
e000076830014,3,3_bride_daughters_maiden_wedding,0.35997036
e000077120010,0,0_young maiden_maiden_hay_grandmother,0.0
e000077120011,4,4_trees_apple trees_apple tree_tree,0.2300361
e000077160018,4,4_trees_apple trees_apple tree_tree,0.2884838
e000077340009,6,6_barley_rye_oats_grain,0.44315538
e000077460030,8,8_linen_flax_sled_lace,0.354939
e000077510005,8,8_linen_flax_sled_lace,0.4332573
e000077700018,1,1_swing_wreath_wood_pasture,0.50865555
e000077730004,4,4_trees_apple trees_apple tree_tree,0.5979164
e000078230000,2,2_sparrow_bird_leaf_cabbage,0.69640607
e000078670013,2,2_sparrow_bird_leaf_cabbage,1.0
e000078970025,4,4_trees_apple trees_apple tree_tree,0.38751778
e000078970026,4,4_trees_apple trees_apple tree_tree,0.366865
e00007931017b,4,4_trees_apple trees_apple tree_tree,0.60005295
e000079470006,4,4_trees_apple trees_apple tree_tree,0.31456995
e000079480008,6,6_barley_rye_oats_grain,0.51217663
e000080580045,4,4_trees_apple trees_apple tree_tree,0.8594904
e000080740058,6,6_barley_rye_oats_grain,0.2657696
e000093600040,4,4_trees_apple trees_apple tree_tree,0.3724193
e000106310009,4,4_trees_apple trees_apple tree_tree,0.5599991
e000107520020,4,4_trees_apple trees_apple tree_tree,0.49884114
e000114860001,1,1_swing_wreath_wood_pasture,0.2098281
e000114870005,5,5_wedding_bride_married_crow,0.2944933
e000114890011,4,4_trees_apple trees_apple tree_tree,0.23574212
e000117870006,4,4_trees_apple trees_apple tree_tree,0.49740556
e000117900013,2,2_sparrow_bird_leaf_cabbage,0.4857096
e000138150012,4,4_trees_apple trees_apple tree_tree,0.743256
e000151010002,4,4_trees_apple trees_apple tree_tree,0.39304334
e000151020005,4,4_trees_apple trees_apple tree_tree,0.46234313
e000177600004,2,2_sparrow_bird_leaf_cabbage,0.55400294
e000221640005,6,6_barley_rye_oats_grain,0.38636777
e000410680022,4,4_trees_apple trees_apple tree_tree,0.32521856
e000418790000,8,8_linen_flax_sled_lace,0.61376166
e000546790004,6,6_barley_rye_oats_grain,0.5527865
e000583000002,3,3_bride_daughters_maiden_wedding,0.35165873
e000592160016,8,8_linen_flax_sled_lace,0.42047173
e000592410001,6,6_barley_rye_oats_grain,0.77862257
e000595280016,5,5_wedding_bride_married_crow,0.30116343
e000598840000,5,5_wedding_bride_married_crow,1.0
e000598890000,1,1_swing_wreath_wood_pasture,0.3021861
e000615520000,0,0_young maiden_maiden_hay_grandmother,0.22317065
e000616740013,6,6_barley_rye_oats_grain,0.25719213
e000616830020,4,4_trees_apple trees_apple tree_tree,0.5688578
e000617130021,4,4_trees_apple trees_apple tree_tree,0.7438096
e000617420044,2,2_sparrow_bird_leaf_cabbage,0.4478201
e000626080001,7,7_herd_tail_dog_turn,0.3081784
e000683680004,1,1_swing_wreath_wood_pasture,0.55253625
ea00002610024,5,5_wedding_bride_married_crow,0.7676734
ea00006840004,2,2_sparrow_bird_leaf_cabbage,0.30030277
ea00006940013,6,6_barley_rye_oats_grain,0.70952827
ea00007020020,6,6_barley_rye_oats_grain,0.6655186
ea00009810012,5,5_wedding_bride_married_crow,0.7638766
ekms40106200004,3,3_bride_daughters_maiden_wedding,0.33473292
ekms40106350001,4,4_trees_apple trees_apple tree_tree,0.38127476
ekms40504210007,6,6_barley_rye_oats_grain,0.5689836
eks010043000a,7,7_herd_tail_dog_turn,0.5357964
eks010047000a,2,2_sparrow_bird_leaf_cabbage,0.5390451
eks0101330010,7,7_herd_tail_dog_turn,0.6814251
eks010143000a,5,5_wedding_bride_married_crow,0.7197803
eks0101440000,3,3_bride_daughters_maiden_wedding,1.0
eks2800070011,4,4_trees_apple trees_apple tree_tree,0.5561159
ekse00140003,1,1_swing_wreath_wood_pasture,0.26555228
era200101120003,2,2_sparrow_bird_leaf_cabbage,0.4826952
era200604400001,6,6_barley_rye_oats_grain,0.67161703
era200704170050,6,6_barley_rye_oats_grain,0.67864263
era201400340007,5,5_wedding_bride_married_crow,0.8231537
era201400760013,0,0_young maiden_maiden_hay_grandmother,1.0
era201400760015,5,5_wedding_bride_married_crow,0.624576
era201402050002,0,0_young maiden_maiden_hay_grandmother,0.3581167
era201402390026,5,5_wedding_bride_married_crow,0.74686414
era201402750013,5,5_wedding_bride_married_crow,0.75449395
era202400980006,0,0_young maiden_maiden_hay_grandmother,0.38167864
era202401720009,6,6_barley_rye_oats_grain,0.55361074
era202403010004,7,7_herd_tail_dog_turn,0.33948582
era202403760002,5,5_wedding_bride_married_crow,0.8648698
era202405930028,5,5_wedding_bride_married_crow,0.771653
era202406940002,8,8_linen_flax_sled_lace,0.33226538
era202500330001,6,6_barley_rye_oats_grain,0.30722156
era202500370004,6,6_barley_rye_oats_grain,0.79398435
era202500590022,5,5_wedding_bride_married_crow,0.92534786
era202500880003,7,7_herd_tail_dog_turn,0.48965
era202502010006,5,5_wedding_bride_married_crow,0.26792422
era203500470001,1,1_swing_wreath_wood_pasture,0.39292502
era203500470002,5,5_wedding_bride_married_crow,0.80321604
era203500980001,5,5_wedding_bride_married_crow,0.79222566
era204101490009,5,5_wedding_bride_married_crow,0.43017584
era20420245000a,1,1_swing_wreath_wood_pasture,0.22714646
era208403860009,4,4_trees_apple trees_apple tree_tree,0.43080044
era208403860010,2,2_sparrow_bird_leaf_cabbage,0.52103186
era212005340023,5,5_wedding_bride_married_crow,0.8891348
era21220153,5,5_wedding_bride_married_crow,0.3552226
era212202530022,5,5_wedding_bride_married_crow,0.7427083
era213103570098,2,2_sparrow_bird_leaf_cabbage,0.88654095
era217201730002,4,4_trees_apple trees_apple tree_tree,0.49561825
era217201940013,5,5_wedding_bride_married_crow,0.946077
era217906240004,0,0_young maiden_maiden_hay_grandmother,0.0
estk2701090003,5,5_wedding_bride_married_crow,0.8394929
estk3701720010,6,6_barley_rye_oats_grain,0.39299622
estk3701920042,4,4_trees_apple trees_apple tree_tree,0.3331529
estk4000060008,2,2_sparrow_bird_leaf_cabbage,0.60927945
estk4000060009,7,7_herd_tail_dog_turn,0.43557066
estk4000410070,5,5_wedding_bride_married_crow,0.33673218
estk4001130159,5,5_wedding_bride_married_crow,0.93518156
estk4001690015,7,7_herd_tail_dog_turn,0.27935955
eys0210300011,8,8_linen_flax_sled_lace,0.3596607
eys0210310013,5,5_wedding_bride_married_crow,0.2815716
eys0210320014,8,8_linen_flax_sled_lace,0.21680818
eys0210340017,5,5_wedding_bride_married_crow,0.9028957
eys0210340018,8,8_linen_flax_sled_lace,0.40095586
eys0210340019,4,4_trees_apple trees_apple tree_tree,0.38489175
eys0505970008,4,4_trees_apple trees_apple tree_tree,0.4857315
eys0505980009,6,6_barley_rye_oats_grain,0.43063298
eys0505990010,2,2_sparrow_bird_leaf_cabbage,0.54072064
eys0506030019,2,2_sparrow_bird_leaf_cabbage,0.6382005
eys0506100027,6,6_barley_rye_oats_grain,0.66339153
eys0506320062,5,5_wedding_bride_married_crow,0.8273057
eys0506590093,6,6_barley_rye_oats_grain,0.729099
eys050659093b,2,2_sparrow_bird_leaf_cabbage,0.3945138
eys0507150172,4,4_trees_apple trees_apple tree_tree,0.29491833
eys0610830256,5,5_wedding_bride_married_crow,0.27455762
eys0613830034,2,2_sparrow_bird_leaf_cabbage,0.2897027
eys0614080064,6,6_barley_rye_oats_grain,0.8363341
eys0614090067,8,8_linen_flax_sled_lace,0.28753588
eys0614150077,3,3_bride_daughters_maiden_wedding,0.4302704
eys0614350102,2,2_sparrow_bird_leaf_cabbage,1.0
eys0614810174,4,4_trees_apple trees_apple tree_tree,0.5938073
eys0615040227,0,0_young maiden_maiden_hay_grandmother,0.0
eys0615130250,2,2_sparrow_bird_leaf_cabbage,0.6922812
eys0615690323,6,6_barley_rye_oats_grain,0.9235062
eys0615690324,3,3_bride_daughters_maiden_wedding,0.42509702
eys0616080029,2,2_sparrow_bird_leaf_cabbage,1.0
eys0616180045,4,4_trees_apple trees_apple tree_tree,0.3806916
eys0616440087,0,0_young maiden_maiden_hay_grandmother,0.35853624
eys0616550102,4,4_trees_apple trees_apple tree_tree,0.58126247
eys0616820133,5,5_wedding_bride_married_crow,0.3491246
eys0616830134,6,6_barley_rye_oats_grain,0.39903784
eys0616930152,2,2_sparrow_bird_leaf_cabbage,0.50812525
eys0616980158,6,6_barley_rye_oats_grain,0.645931
eys0617250204,4,4_trees_apple trees_apple tree_tree,0.5437713
eys0617420229,6,6_barley_rye_oats_grain,0.4972146
eys0617510247,3,3_bride_daughters_maiden_wedding,0.5408566
eys0617670270,4,4_trees_apple trees_apple tree_tree,0.36033
eys0617720280,0,0_young maiden_maiden_hay_grandmother,0.31171456
eys0706520001,2,2_sparrow_bird_leaf_cabbage,0.3804396
eys0706570012,6,6_barley_rye_oats_grain,0.4000781
eys0706570013,2,2_sparrow_bird_leaf_cabbage,0.3202997
eys0706590017,4,4_trees_apple trees_apple tree_tree,0.58787125
eys0706600018,4,4_trees_apple trees_apple tree_tree,0.63189447
eys0706620024,4,4_trees_apple trees_apple tree_tree,0.6076761
eys0706650028,1,1_swing_wreath_wood_pasture,0.35697788
eys0706740044,2,2_sparrow_bird_leaf_cabbage,0.53795844
eys0706980083,8,8_linen_flax_sled_lace,1.0
eys0707460024,7,7_herd_tail_dog_turn,0.37666216
eys070748029b,0,0_young maiden_maiden_hay_grandmother,0.0
eys0715570052,4,4_trees_apple trees_apple tree_tree,0.28367
eys0715610061,0,0_young maiden_maiden_hay_grandmother,0.0
eys0715710079,6,6_barley_rye_oats_grain,0.35966527
eys0716060124,7,7_herd_tail_dog_turn,0.49262577
eys0716340168,4,4_trees_apple trees_apple tree_tree,0.5642044
eys0716410179,0,0_young maiden_maiden_hay_grandmother,0.0
eys0716420182,6,6_barley_rye_oats_grain,0.40978128
eys0716460187,2,2_sparrow_bird_leaf_cabbage,0.21749023
eys0716510197,0,0_young maiden_maiden_hay_grandmother,1.0
eys0716780235,1,1_swing_wreath_wood_pasture,0.44743657
eys0717030284,4,4_trees_apple trees_apple tree_tree,0.5061189
eys0717110299,1,1_swing_wreath_wood_pasture,0.49491674
eys0717120302,2,2_sparrow_bird_leaf_cabbage,0.33377498
eys0717150310,6,6_barley_rye_oats_grain,0.39710045
eys0717150311,5,5_wedding_bride_married_crow,0.49399415
eys0717170314,4,4_trees_apple trees_apple tree_tree,0.58551925
eys0717450345,2,2_sparrow_bird_leaf_cabbage,0.5437934
eys0717470351,1,1_swing_wreath_wood_pasture,0.37549257
eys0717490356,4,4_trees_apple trees_apple tree_tree,0.64767534
eys0717510360,2,2_sparrow_bird_leaf_cabbage,0.293182
eys0717740397,4,4_trees_apple trees_apple tree_tree,0.21157642
eys0719440153,6,6_barley_rye_oats_grain,0.6027254
eys0723110087,6,6_barley_rye_oats_grain,0.37274766
eys0723250120,6,6_barley_rye_oats_grain,0.6947639
eys0723340132,4,4_trees_apple trees_apple tree_tree,0.56412363
eys0723420142,5,5_wedding_bride_married_crow,0.3018837
eys0723520154,2,2_sparrow_bird_leaf_cabbage,1.0
eys0723540158,2,2_sparrow_bird_leaf_cabbage,0.7854546
eys0723660177,6,6_barley_rye_oats_grain,0.23613724
eys0723810215,7,7_herd_tail_dog_turn,0.33031163
eys0723850222,7,7_herd_tail_dog_turn,0.2968987
eys0723870226,4,4_trees_apple trees_apple tree_tree,0.45891312
eys0724070275,4,4_trees_apple trees_apple tree_tree,0.35085198
eys0724100286,7,7_herd_tail_dog_turn,0.68528795
eys0724200305,4,4_trees_apple trees_apple tree_tree,0.63491184
eys0724290330,4,4_trees_apple trees_apple tree_tree,0.2649196
eys0724520388,4,4_trees_apple trees_apple tree_tree,0.5303466
eys0724570395,3,3_bride_daughters_maiden_wedding,0.38687938
eys0724960462,2,2_sparrow_bird_leaf_cabbage,0.45755383
eys0725000467,2,2_sparrow_bird_leaf_cabbage,0.5723153
eys0725050475,5,5_wedding_bride_married_crow,0.31491843
eys0725110485,7,7_herd_tail_dog_turn,0.38790628
eys0725130488,4,4_trees_apple trees_apple tree_tree,0.4109707
eys0725200501,7,7_herd_tail_dog_turn,0.48137698
eys0805130145,0,0_young maiden_maiden_hay_grandmother,0.54726785
eys0805550043,5,5_wedding_bride_married_crow,0.91062486
eys0805600063,6,6_barley_rye_oats_grain,0.9064472
eys0805630070,4,4_trees_apple trees_apple tree_tree,0.39671898
eys0805990122,6,6_barley_rye_oats_grain,0.71507627
eys0806200154,4,4_trees_apple trees_apple tree_tree,0.5274388
eys0806290167,4,4_trees_apple trees_apple tree_tree,0.6129369
eys0806300168,4,4_trees_apple trees_apple tree_tree,0.59910613
eys0806310170,7,7_herd_tail_dog_turn,0.39562723
eys0806490205,7,7_herd_tail_dog_turn,0.44905838
eys0806490206,7,7_herd_tail_dog_turn,0.73527944
eys0806520213,5,5_wedding_bride_married_crow,0.22210771
eys0806550220,5,5_wedding_bride_married_crow,0.37613922
eys0806610230,7,7_herd_tail_dog_turn,0.28650865
eys0806800255,4,4_trees_apple trees_apple tree_tree,0.37974623
eys0806900272,4,4_trees_apple trees_apple tree_tree,0.5809248
eys0807270309,6,6_barley_rye_oats_grain,0.6383559
eys0807440343,4,4_trees_apple trees_apple tree_tree,0.28202695
eys0807520354,4,4_trees_apple trees_apple tree_tree,0.5340103
eys0807650374,7,7_herd_tail_dog_turn,0.20195916
eys0807780389,2,2_sparrow_bird_leaf_cabbage,0.6089605
eys0808780547,4,4_trees_apple trees_apple tree_tree,0.590875
eys0811580021,4,4_trees_apple trees_apple tree_tree,0.5745169
eys0811620027,4,4_trees_apple trees_apple tree_tree,0.55746263
eys0900860079,4,4_trees_apple trees_apple tree_tree,0.855237
eys0901080107,4,4_trees_apple trees_apple tree_tree,0.56362426
eys0909540017,2,2_sparrow_bird_leaf_cabbage,0.6203868
eys0909610027,1,1_swing_wreath_wood_pasture,1.0
eys0909880070,5,5_wedding_bride_married_crow,0.50169545
eys0910000087,4,4_trees_apple trees_apple tree_tree,0.4938439
eys0910010089,6,6_barley_rye_oats_grain,0.33312857
eys0910120106,7,7_herd_tail_dog_turn,0.57141936
eys0910160117,4,4_trees_apple trees_apple tree_tree,0.4355434
eys0910570170,6,6_barley_rye_oats_grain,1.0
eys1022480030,4,4_trees_apple trees_apple tree_tree,0.6055895
eys1022650064,7,7_herd_tail_dog_turn,0.76312554
eys1022960112,5,5_wedding_bride_married_crow,0.2562794
eys1022990119,7,7_herd_tail_dog_turn,0.34840006
eys1023170146,8,8_linen_flax_sled_lace,0.3838977
eys1023280165,1,1_swing_wreath_wood_pasture,0.35882074
eys1023490179,1,1_swing_wreath_wood_pasture,0.40210065
eys1023680197,2,2_sparrow_bird_leaf_cabbage,0.7542472
eys1023700200,4,4_trees_apple trees_apple tree_tree,0.31218484
eys1025690027,6,6_barley_rye_oats_grain,0.4101238
eys1025750037,4,4_trees_apple trees_apple tree_tree,0.26845434
eys1026710223,7,7_herd_tail_dog_turn,0.5391018
eys1029070087,4,4_trees_apple trees_apple tree_tree,0.2813273
eys1107630340,5,5_wedding_bride_married_crow,0.30652383
h10101400005,6,6_barley_rye_oats_grain,0.28280562
h10101420008,5,5_wedding_bride_married_crow,0.56045747
h10101530030,2,2_sparrow_bird_leaf_cabbage,0.4437643
h10101560038,7,7_herd_tail_dog_turn,0.34654668
h10101910019,4,4_trees_apple trees_apple tree_tree,0.5464398
h10101940022,4,4_trees_apple trees_apple tree_tree,0.27683598
h10101960029,4,4_trees_apple trees_apple tree_tree,0.25794828
h10101970030,4,4_trees_apple trees_apple tree_tree,0.6254113
h10102050044,6,6_barley_rye_oats_grain,0.6150037
h10102100054,6,6_barley_rye_oats_grain,0.6128934
h10102190071,2,2_sparrow_bird_leaf_cabbage,0.26352257
h10102250081,4,4_trees_apple trees_apple tree_tree,0.49759874
h10102370110,4,4_trees_apple trees_apple tree_tree,0.5890269
h10102380111,5,5_wedding_bride_married_crow,0.8622487
h10102550145,2,2_sparrow_bird_leaf_cabbage,0.4347086
h10102650166,2,2_sparrow_bird_leaf_cabbage,0.4996759
h10700320008,2,2_sparrow_bird_leaf_cabbage,1.0
h10700360017,0,0_young maiden_maiden_hay_grandmother,0.0
h10700450035,4,4_trees_apple trees_apple tree_tree,0.252514
h10700540049,2,2_sparrow_bird_leaf_cabbage,1.0
h10700700073,1,1_swing_wreath_wood_pasture,0.18457355
h20101430203,7,7_herd_tail_dog_turn,0.2883228
h20106550848,5,5_wedding_bride_married_crow,0.46720406
h21005350310,2,2_sparrow_bird_leaf_cabbage,0.20527504
h21300070001,4,4_trees_apple trees_apple tree_tree,0.4993693
h21300220015,6,6_barley_rye_oats_grain,0.5467949
h21300360006,5,5_wedding_bride_married_crow,0.5989037
h21300960044,6,6_barley_rye_oats_grain,0.26962528
h21301340029,6,6_barley_rye_oats_grain,0.5996726
h21301890014,4,4_trees_apple trees_apple tree_tree,0.54232204
h21302100037,4,4_trees_apple trees_apple tree_tree,0.26250142
h21302600026,7,7_herd_tail_dog_turn,0.70004874
h21302640030,6,6_barley_rye_oats_grain,0.3272105
h21302650031,4,4_trees_apple trees_apple tree_tree,0.4735569
h21302670034,1,1_swing_wreath_wood_pasture,0.51732236
h21303450009,4,4_trees_apple trees_apple tree_tree,0.27189225
h21303470012,7,7_herd_tail_dog_turn,0.6339618
h21303590001,4,4_trees_apple trees_apple tree_tree,0.5019978
h21305060017,4,4_trees_apple trees_apple tree_tree,0.5925034
h21305250032,6,6_barley_rye_oats_grain,0.34841177
h21305430053,4,4_trees_apple trees_apple tree_tree,0.40165108
h21305860007,5,5_wedding_bride_married_crow,0.8073187
h21307570016,4,4_trees_apple trees_apple tree_tree,0.25879836
h21400120009,7,7_herd_tail_dog_turn,0.4360253
h21400170020,1,1_swing_wreath_wood_pasture,0.6218105
h21400340044,4,4_trees_apple trees_apple tree_tree,0.37507054
h21400450061,4,4_trees_apple trees_apple tree_tree,0.48377886
h21400480066,6,6_barley_rye_oats_grain,0.5198756
h21400650082,5,5_wedding_bride_married_crow,0.46282062
h21400660085,7,7_herd_tail_dog_turn,0.36736014
h21400680087,7,7_herd_tail_dog_turn,0.69222116
h21400710090,4,4_trees_apple trees_apple tree_tree,0.79375434
h21400730092,4,4_trees_apple trees_apple tree_tree,0.5384714
h21401370009,1,1_swing_wreath_wood_pasture,0.3825401
h21401390011,4,4_trees_apple trees_apple tree_tree,0.2946018
h21402620004,4,4_trees_apple trees_apple tree_tree,0.3291423
h21402700010,4,4_trees_apple trees_apple tree_tree,0.6362989
h21403130012,4,4_trees_apple trees_apple tree_tree,0.6093144
h21403710001,4,4_trees_apple trees_apple tree_tree,0.5855636
h21403800006,5,5_wedding_bride_married_crow,0.4692252
h21403840009,4,4_trees_apple trees_apple tree_tree,0.44354457
h21403990002,2,2_sparrow_bird_leaf_cabbage,0.6090088
h21404070010,5,5_wedding_bride_married_crow,0.47698495
h21404390001,6,6_barley_rye_oats_grain,0.6676826
h21404400003,5,5_wedding_bride_married_crow,0.91030973
h21406110006,6,6_barley_rye_oats_grain,0.63135374
h21406120000,4,4_trees_apple trees_apple tree_tree,0.6019043
h21406300007,1,1_swing_wreath_wood_pasture,0.33348855
h22609120009,6,6_barley_rye_oats_grain,0.27368173
h23806830008,5,5_wedding_bride_married_crow,0.59361166
h23807080103,7,7_herd_tail_dog_turn,0.5502694
h23807430008,7,7_herd_tail_dog_turn,0.4331344
h24607760001,1,1_swing_wreath_wood_pasture,0.23176493
h24607780005,5,5_wedding_bride_married_crow,0.31474468
h24607850014,1,1_swing_wreath_wood_pasture,0.22399731
h24608080016,4,4_trees_apple trees_apple tree_tree,0.4953666
h25705920003,6,6_barley_rye_oats_grain,1.0
h25706200002,5,5_wedding_bride_married_crow,0.8861936
h25706270009,0,0_young maiden_maiden_hay_grandmother,0.44210616
h25706290013,4,4_trees_apple trees_apple tree_tree,0.3689937
h25706310014,2,2_sparrow_bird_leaf_cabbage,0.51110244
h25706330019,5,5_wedding_bride_married_crow,0.82656735
h25706400026,4,4_trees_apple trees_apple tree_tree,0.5333161
h25706420028,1,1_swing_wreath_wood_pasture,0.41435495
h2570647031h,7,7_herd_tail_dog_turn,0.7017912
h26502380002,4,4_trees_apple trees_apple tree_tree,0.85565263
h26502700007,7,7_herd_tail_dog_turn,0.4853395
h26503350007,4,4_trees_apple trees_apple tree_tree,0.36698294
h26804950012,6,6_barley_rye_oats_grain,0.20537722
h30401180005,4,4_trees_apple trees_apple tree_tree,0.4207979
h30401190006,6,6_barley_rye_oats_grain,0.65604293
h30401240014,6,6_barley_rye_oats_grain,0.61736226
h30402200003,5,5_wedding_bride_married_crow,0.627036
h30402390007,4,4_trees_apple trees_apple tree_tree,0.26295358
h30402400008,6,6_barley_rye_oats_grain,0.39235044
h30402470047,3,3_bride_daughters_maiden_wedding,0.38663036
h30402470048,4,4_trees_apple trees_apple tree_tree,1.0
h31204610001,6,6_barley_rye_oats_grain,0.68931735
h31701620019,5,5_wedding_bride_married_crow,0.3732501
h31703840049,4,4_trees_apple trees_apple tree_tree,0.5518702
h31707380008,0,0_young maiden_maiden_hay_grandmother,0.0
h31800780001,4,4_trees_apple trees_apple tree_tree,0.47359785
h32302330014,4,4_trees_apple trees_apple tree_tree,0.5892999
h32700610020,1,1_swing_wreath_wood_pasture,0.46940237
h40103060004,4,4_trees_apple trees_apple tree_tree,0.58663744
h40103150001,6,6_barley_rye_oats_grain,0.41247472
h40103150002,6,6_barley_rye_oats_grain,0.2962433
h40103460002,2,2_sparrow_bird_leaf_cabbage,0.25771767
h40103670001,5,5_wedding_bride_married_crow,0.5081451
h40103730012,6,6_barley_rye_oats_grain,0.5822373
h40103730013,4,4_trees_apple trees_apple tree_tree,0.29590786
h40103740014,4,4_trees_apple trees_apple tree_tree,0.42938852
h40103810026,3,3_bride_daughters_maiden_wedding,0.23674436
h40103830030,0,0_young maiden_maiden_hay_grandmother,0.22982731
hgrq01350001,5,5_wedding_bride_married_crow,0.4588504
hgrq01540023,6,6_barley_rye_oats_grain,0.37960818
hgrq01560024,6,6_barley_rye_oats_grain,0.44652805
hgrq01650036,5,5_wedding_bride_married_crow,0.20596014
hgrq01770056,2,2_sparrow_bird_leaf_cabbage,0.64863473
hgrq01800063,5,5_wedding_bride_married_crow,0.24131289
hgrq01910087,4,4_trees_apple trees_apple tree_tree,0.4033743
hgrq01920090,7,7_herd_tail_dog_turn,0.524306
e000076630006,7,7_herd_tail_dog_turn,0.312193
e000076640007,7,7_herd_tail_dog_turn,0.27289304
e000076660010,4,4_trees_apple trees_apple tree_tree,0.40900928
e000076680012,6,6_barley_rye_oats_grain,0.21768987
e000076720018,2,2_sparrow_bird_leaf_cabbage,0.4567253
e000078330011,4,4_trees_apple trees_apple tree_tree,0.31968915
e000078720003,7,7_herd_tail_dog_turn,0.73371655
e000078760010,3,3_bride_daughters_maiden_wedding,0.26502195
e000079440033,4,4_trees_apple trees_apple tree_tree,0.46343222
e000079620003,8,8_linen_flax_sled_lace,0.44042507
e000080800063,3,3_bride_daughters_maiden_wedding,0.23942396
e000093620043,8,8_linen_flax_sled_lace,0.21320072
e000093950066,0,0_young maiden_maiden_hay_grandmother,0.4065463
e000104160016,7,7_herd_tail_dog_turn,0.33629325
e000105610007,6,6_barley_rye_oats_grain,0.5734295
e000117850001,2,2_sparrow_bird_leaf_cabbage,0.32198057
e000137800010,4,4_trees_apple trees_apple tree_tree,0.36169085
e000145890003,6,6_barley_rye_oats_grain,0.27242944
e000151030006,8,8_linen_flax_sled_lace,0.5334114
e000151150028,6,6_barley_rye_oats_grain,0.30163833
e000178390026,8,8_linen_flax_sled_lace,0.45872048
e000410670021,7,7_herd_tail_dog_turn,0.36276862
e000536670000,7,7_herd_tail_dog_turn,0.34083042
e000592110009,3,3_bride_daughters_maiden_wedding,0.4615835
e000615500000,7,7_herd_tail_dog_turn,0.30636626
e000617340037,8,8_linen_flax_sled_lace,0.31941977
e000617400042,2,2_sparrow_bird_leaf_cabbage,0.32442245
ea00002550020,6,6_barley_rye_oats_grain,0.3290052
ea00002740035,0,0_young maiden_maiden_hay_grandmother,0.3338579
ea00009770004,2,2_sparrow_bird_leaf_cabbage,0.44444793
ea00009770005,5,5_wedding_bride_married_crow,0.79091144
ea00010050005,0,0_young maiden_maiden_hay_grandmother,0.26560572
ea00010530001,7,7_herd_tail_dog_turn,0.4817656
ekms40106410009,4,4_trees_apple trees_apple tree_tree,0.24301258
eks0100190000,0,0_young maiden_maiden_hay_grandmother,1.0
eks0100510000,4,4_trees_apple trees_apple tree_tree,0.26529524
eks010052000a,8,8_linen_flax_sled_lace,0.2381984
era200l01480002,0,0_young maiden_maiden_hay_grandmother,0.2174042
era201107330005,1,1_swing_wreath_wood_pasture,0.18371773
era201400310002,0,0_young maiden_maiden_hay_grandmother,0.5032599
era201400760014,0,0_young maiden_maiden_hay_grandmother,0.0
era201402250014,3,3_bride_daughters_maiden_wedding,0.31151992
era201402850023,4,4_trees_apple trees_apple tree_tree,0.36731657
era202400990008,3,3_bride_daughters_maiden_wedding,0.43356428
era202403470001,2,2_sparrow_bird_leaf_cabbage,0.329735
era202406970005,3,3_bride_daughters_maiden_wedding,1.0
era202500570021,6,6_barley_rye_oats_grain,0.44424424
era202500890004,7,7_herd_tail_dog_turn,1.0
era203000620002,3,3_bride_daughters_maiden_wedding,0.2756447
era205705570031,0,0_young maiden_maiden_hay_grandmother,0.33114544
era20840384005a,2,2_sparrow_bird_leaf_cabbage,0.4469071
era20840384005b,4,4_trees_apple trees_apple tree_tree,0.6139812
erm13300070014,6,6_barley_rye_oats_grain,0.29176864
erm13900870005,0,0_young maiden_maiden_hay_grandmother,0.30750757
erm9400070000,3,3_bride_daughters_maiden_wedding,0.2889847
erm9400090000,0,0_young maiden_maiden_hay_grandmother,0.0
estk3701700009,6,6_barley_rye_oats_grain,0.29045898
eys0210290010,2,2_sparrow_bird_leaf_cabbage,1.0
eys0506570089,2,2_sparrow_bird_leaf_cabbage,0.58970004
eys0506890135,6,6_barley_rye_oats_grain,0.3099056
eys0507140169,8,8_linen_flax_sled_lace,0.582748
eys0610700231,4,4_trees_apple trees_apple tree_tree,0.34090176
eys0610710232,8,8_linen_flax_sled_lace,0.60923195
eys0613750027,5,5_wedding_bride_married_crow,1.0
eys0614180080,7,7_herd_tail_dog_turn,0.20808889
eys0614240089,5,5_wedding_bride_married_crow,0.4643522
eys0614480130,3,3_bride_daughters_maiden_wedding,0.37010026
eys0614540139,8,8_linen_flax_sled_lace,0.24799639
eys0614570142,7,7_herd_tail_dog_turn,0.33084807
eys0614810176,7,7_herd_tail_dog_turn,0.60825133
eys0614820178,7,7_herd_tail_dog_turn,1.0
eys0615400288,7,7_herd_tail_dog_turn,0.2658987
eys0616880144,0,0_young maiden_maiden_hay_grandmother,1.0
eys0617000163,8,8_linen_flax_sled_lace,0.29996264
eys0617070174,4,4_trees_apple trees_apple tree_tree,0.3995431
eys0618000318,4,4_trees_apple trees_apple tree_tree,0.28870845
eys0706880066,2,2_sparrow_bird_leaf_cabbage,0.23287427
eys0706890067,6,6_barley_rye_oats_grain,0.21192403
eys0706920072,6,6_barley_rye_oats_grain,0.4580542
eys0707480029,0,0_young maiden_maiden_hay_grandmother,0.0
eys0707520037,4,4_trees_apple trees_apple tree_tree,0.41401264
eys0715350013,3,3_bride_daughters_maiden_wedding,0.36929256
eys0715620064,2,2_sparrow_bird_leaf_cabbage,0.29320344
eys0715940114,6,6_barley_rye_oats_grain,0.3487037
eys0716310164,4,4_trees_apple trees_apple tree_tree,0.23656322
eys0716350170,4,4_trees_apple trees_apple tree_tree,0.56187284
eys0716380174,8,8_linen_flax_sled_lace,0.22139092
eys0716590211,6,6_barley_rye_oats_grain,0.32212263
eys0716740229,2,2_sparrow_bird_leaf_cabbage,0.3371211
eys0716980270,7,7_herd_tail_dog_turn,0.17274635
eys0717320332,3,3_bride_daughters_maiden_wedding,0.32539558
eys0722810023,3,3_bride_daughters_maiden_wedding,0.2692686
eys0722900039,6,6_barley_rye_oats_grain,0.26116344
eys0723790205,5,5_wedding_bride_married_crow,0.3605136
eys0723830216,0,0_young maiden_maiden_hay_grandmother,1.0
eys0723910231,5,5_wedding_bride_married_crow,0.39209566
eys0724180303,5,5_wedding_bride_married_crow,0.43414307
eys0724320339,3,3_bride_daughters_maiden_wedding,0.30491853
eys0724430370,7,7_herd_tail_dog_turn,0.81814605
eys0724550392,3,3_bride_daughters_maiden_wedding,0.25840124
eys0724610401,8,8_linen_flax_sled_lace,0.38852215
eys0724640413,6,6_barley_rye_oats_grain,0.4643355
eys0724670421,6,6_barley_rye_oats_grain,0.25937483
eys0724720430,5,5_wedding_bride_married_crow,0.28915113
eys0725040473,6,6_barley_rye_oats_grain,0.29083884
eys0805630071,5,5_wedding_bride_married_crow,1.0
eys0805820097,4,4_trees_apple trees_apple tree_tree,0.5232327
eys0806140147,6,6_barley_rye_oats_grain,0.4643355
eys0806630231,2,2_sparrow_bird_leaf_cabbage,0.29850167
eys0806670238,6,6_barley_rye_oats_grain,0.18385121
eys0806720244,8,8_linen_flax_sled_lace,0.3991823
eys0806940278,4,4_trees_apple trees_apple tree_tree,1.0
eys0807230300,6,6_barley_rye_oats_grain,0.42688057
eys0807290315,4,4_trees_apple trees_apple tree_tree,0.45251986
eys0807500350,6,6_barley_rye_oats_grain,0.45220777
eys0808760543,3,3_bride_daughters_maiden_wedding,0.49313435
eys0808800551,4,4_trees_apple trees_apple tree_tree,0.30426937
eys0811820062,6,6_barley_rye_oats_grain,0.21055956
eys0900710062,3,3_bride_daughters_maiden_wedding,0.3353481
eys0903500120,0,0_young maiden_maiden_hay_grandmother,0.0
eys0909680037,5,5_wedding_bride_married_crow,0.29933375
eys0909770051,4,4_trees_apple trees_apple tree_tree,0.48919243
eys0909880072,4,4_trees_apple trees_apple tree_tree,0.22579573
eys0910180119,2,2_sparrow_bird_leaf_cabbage,0.2577135
eys091171156b,6,6_barley_rye_oats_grain,0.33691984
eys1022810090,4,4_trees_apple trees_apple tree_tree,0.31737483
eys1022910104,6,6_barley_rye_oats_grain,0.26105654
eys1022920107,0,0_young maiden_maiden_hay_grandmother,0.264777
eys1022940109,2,2_sparrow_bird_leaf_cabbage,0.19844468
eys1022980118,4,4_trees_apple trees_apple tree_tree,0.2416654
eys1025730035,0,0_young maiden_maiden_hay_grandmother,0.23958607
eys1025810049,6,6_barley_rye_oats_grain,0.47236532
eys1108190008,6,6_barley_rye_oats_grain,0.4405973
h10101440014,8,8_linen_flax_sled_lace,0.38772413
h10101580043,5,5_wedding_bride_married_crow,0.33459458
h10101890017,0,0_young maiden_maiden_hay_grandmother,0.2982256
h10102610156,0,0_young maiden_maiden_hay_grandmother,1.0
h10700520047,2,2_sparrow_bird_leaf_cabbage,0.25375518
h10700530048,8,8_linen_flax_sled_lace,0.36001632
h10700570053,4,4_trees_apple trees_apple tree_tree,0.31151643
h10700740080,7,7_herd_tail_dog_turn,0.67893094
h20101390197,7,7_herd_tail_dog_turn,0.8305743
h20101400198,5,5_wedding_bride_married_crow,0.28923884
h20101410199,0,0_young maiden_maiden_hay_grandmother,0.0
h20102690398,2,2_sparrow_bird_leaf_cabbage,0.24102229
h20106520839,7,7_herd_tail_dog_turn,0.37816823
h21005110285,3,3_bride_daughters_maiden_wedding,0.20581496
h21005120286,7,7_herd_tail_dog_turn,0.7889056
h21109540010,0,0_young maiden_maiden_hay_grandmother,0.0
h21300210014,4,4_trees_apple trees_apple tree_tree,0.4491666
h21300460019,4,4_trees_apple trees_apple tree_tree,0.38110638
h21300500023,6,6_barley_rye_oats_grain,0.5846105
h21300510024,3,3_bride_daughters_maiden_wedding,0.21484338
h21300640003,7,7_herd_tail_dog_turn,0.68301845
h21300700010,1,1_swing_wreath_wood_pasture,0.556548
h21301010050,8,8_linen_flax_sled_lace,1.0
h21301190007,7,7_herd_tail_dog_turn,0.5093752
h21301880013,3,3_bride_daughters_maiden_wedding,0.21580692
h21303650012,2,2_sparrow_bird_leaf_cabbage,0.20457372
h21304280002,6,6_barley_rye_oats_grain,0.76753235
h21305320039,5,5_wedding_bride_married_crow,0.25796214
h21305420052,8,8_linen_flax_sled_lace,0.7149536
h21305960017,2,2_sparrow_bird_leaf_cabbage,0.2710226
h21306130012,0,0_young maiden_maiden_hay_grandmother,0.3524971
h21306410017,3,3_bride_daughters_maiden_wedding,0.20160292
h21306580016,1,1_swing_wreath_wood_pasture,0.42181706
h21307560015,2,2_sparrow_bird_leaf_cabbage,0.27631494
h21307700029,7,7_herd_tail_dog_turn,0.48307118
h21400230025,3,3_bride_daughters_maiden_wedding,0.5338847
h21400230026,7,7_herd_tail_dog_turn,0.35147148
h21400350047,5,5_wedding_bride_married_crow,0.86626446
h21400360048,7,7_herd_tail_dog_turn,0.5475943
h21401040013,1,1_swing_wreath_wood_pasture,0.3665643
h21401630038,3,3_bride_daughters_maiden_wedding,0.23489173
h21405090008,4,4_trees_apple trees_apple tree_tree,0.27967906
h21406290006,3,3_bride_daughters_maiden_wedding,0.23599222
h21605770012,6,6_barley_rye_oats_grain,0.56958205
h23700580013,7,7_herd_tail_dog_turn,0.7017912
h24000851028,8,8_linen_flax_sled_lace,0.3955567
h24000871031,7,7_herd_tail_dog_turn,0.65586025
h24000911037,5,5_wedding_bride_married_crow,0.37440214
h24607930001,7,7_herd_tail_dog_turn,0.47967297
h24607960004,4,4_trees_apple trees_apple tree_tree,0.755801
h24608230005,7,7_herd_tail_dog_turn,0.57351077
h25401830077,3,3_bride_daughters_maiden_wedding,0.23970114
h25705660005,7,7_herd_tail_dog_turn,0.26788944
h26804690019,5,5_wedding_bride_married_crow,0.38905492
h30101580009,2,2_sparrow_bird_leaf_cabbage,0.840758
h30101640018,7,7_herd_tail_dog_turn,0.54431343
h30302660011,2,2_sparrow_bird_leaf_cabbage,0.37871385
h30400100001,2,2_sparrow_bird_leaf_cabbage,0.24270573
h30400530005,0,0_young maiden_maiden_hay_grandmother,0.8082883
h30401530011,4,4_trees_apple trees_apple tree_tree,0.2984421
h30401760006,6,6_barley_rye_oats_grain,0.40456083
h30402110001,7,7_herd_tail_dog_turn,0.29151437
h31204450002,5,5_wedding_bride_married_crow,0.36649
h31707250003,4,4_trees_apple trees_apple tree_tree,0.44020137
h31800430011,2,2_sparrow_bird_leaf_cabbage,0.3971585
h32302240005,8,8_linen_flax_sled_lace,0.39265114
h32302290011,7,7_herd_tail_dog_turn,0.35561222
h40103080007,6,6_barley_rye_oats_grain,0.45028627
h40103680002,6,6_barley_rye_oats_grain,0.39435536
h40103860035,0,0_young maiden_maiden_hay_grandmother,0.5014984
hgrq01440011,1,1_swing_wreath_wood_pasture,1.0
hgrq01660037,4,4_trees_apple trees_apple tree_tree,0.2626915
hgrq01780058,6,6_barley_rye_oats_grain,0.4024863
e000051850006,4,4_trees_apple trees_apple tree_tree,0.29508024
e000068520004,4,4_trees_apple trees_apple tree_tree,0.5034674
e000071810040,8,8_linen_flax_sled_lace,0.41033357
e000076990011,6,6_barley_rye_oats_grain,0.50692064
e000077170020,8,8_linen_flax_sled_lace,0.43616408
e000077180021,7,7_herd_tail_dog_turn,0.23673141
e000077260005,5,5_wedding_bride_married_crow,0.25024098
e000077330006,8,8_linen_flax_sled_lace,0.60023075
e000077450028,4,4_trees_apple trees_apple tree_tree,0.30007276
e000077450029,4,4_trees_apple trees_apple tree_tree,0.34028196
e000077680015,0,0_young maiden_maiden_hay_grandmother,0.2676516
e000077730005,6,6_barley_rye_oats_grain,0.260258
e000077790013,4,4_trees_apple trees_apple tree_tree,0.6419753
e000078280004,0,0_young maiden_maiden_hay_grandmother,0.31403485
e000078330010,0,0_young maiden_maiden_hay_grandmother,0.399385
e000078340013,4,4_trees_apple trees_apple tree_tree,0.52815443
e000078790002,4,4_trees_apple trees_apple tree_tree,0.3567389
e000078800003,4,4_trees_apple trees_apple tree_tree,0.29162788
e000078830006,2,2_sparrow_bird_leaf_cabbage,0.606404
e000079110042,7,7_herd_tail_dog_turn,0.44508427
e000079550019,4,4_trees_apple trees_apple tree_tree,0.3442899
e000079610001,1,1_swing_wreath_wood_pasture,0.49684057
e000093610042,5,5_wedding_bride_married_crow,0.20783423
e000093880059,2,2_sparrow_bird_leaf_cabbage,0.609859
e000093940065,1,1_swing_wreath_wood_pasture,0.5137664
e000107420006,4,4_trees_apple trees_apple tree_tree,0.48118633
e000107460011,8,8_linen_flax_sled_lace,0.33724326
e000107490016,8,8_linen_flax_sled_lace,0.41777784
e000117900012,8,8_linen_flax_sled_lace,0.5230456
e000135800001,4,4_trees_apple trees_apple tree_tree,0.40260065
e000138130009,4,4_trees_apple trees_apple tree_tree,0.31675696
e000138130010,6,6_barley_rye_oats_grain,0.24674904
e000138180020,6,6_barley_rye_oats_grain,0.3774911
e000145690001,7,7_herd_tail_dog_turn,0.26391044
e000151050009,7,7_herd_tail_dog_turn,0.6576017
e000151090019,5,5_wedding_bride_married_crow,0.329431
e000151090020,8,8_linen_flax_sled_lace,0.24857935
e000164300003,3,3_bride_daughters_maiden_wedding,0.23512588
e000178360021,7,7_herd_tail_dog_turn,0.4448637
e000179600003,4,4_trees_apple trees_apple tree_tree,0.37294722
e000259270024,7,7_herd_tail_dog_turn,0.27127346
e000410670020,6,6_barley_rye_oats_grain,0.48845297
e000431080000,4,4_trees_apple trees_apple tree_tree,0.42658946
e000515020001,8,8_linen_flax_sled_lace,0.22156817
e000518380003,8,8_linen_flax_sled_lace,0.256445
e000536470000,7,7_herd_tail_dog_turn,0.37666497
e000536510000,2,2_sparrow_bird_leaf_cabbage,1.0
e00053662000a,6,6_barley_rye_oats_grain,0.45033166
e000546740005,7,7_herd_tail_dog_turn,0.4445925
e000546750006,0,0_young maiden_maiden_hay_grandmother,0.40901506
e000592280027,0,0_young maiden_maiden_hay_grandmother,1.0
e000595300018,7,7_herd_tail_dog_turn,0.6907752
e00059881000a,1,1_swing_wreath_wood_pasture,0.3923518
e000613850001,4,4_trees_apple trees_apple tree_tree,0.43982953
e000617180026,6,6_barley_rye_oats_grain,0.3554996
e000617430045,8,8_linen_flax_sled_lace,0.36712208
ea00001970002,7,7_herd_tail_dog_turn,0.7628626
ea00002040015,3,3_bride_daughters_maiden_wedding,1.0
ea00002510015,1,1_swing_wreath_wood_pasture,0.41344318
ea00009900002,4,4_trees_apple trees_apple tree_tree,0.3402299
eks010021000b,8,8_linen_flax_sled_lace,1.0
eks010047000b,1,1_swing_wreath_wood_pasture,0.29737166
eks2800110003,5,5_wedding_bride_married_crow,0.30731764
ekse00420004,7,7_herd_tail_dog_turn,1.0
era200101170002,4,4_trees_apple trees_apple tree_tree,1.0
era200101460005,7,7_herd_tail_dog_turn,0.85120904
era200101530001,4,4_trees_apple trees_apple tree_tree,0.6134321
era201400790021,8,8_linen_flax_sled_lace,0.44433662
era201401150050,8,8_linen_flax_sled_lace,0.41847438
era201402250013,0,0_young maiden_maiden_hay_grandmother,1.0
era201402650004,4,4_trees_apple trees_apple tree_tree,1.0
era201402790016,8,8_linen_flax_sled_lace,0.46538702
era201402790017,3,3_bride_daughters_maiden_wedding,1.0
era202300270001,2,2_sparrow_bird_leaf_cabbage,1.0
era202300590000,2,2_sparrow_bird_leaf_cabbage,1.0
era202401700008,7,7_herd_tail_dog_turn,0.42352387
era202401870001,6,6_barley_rye_oats_grain,0.36858585
era202402190003,0,0_young maiden_maiden_hay_grandmother,0.0
era202402960036,7,7_herd_tail_dog_turn,0.4196177
era202402990001,0,0_young maiden_maiden_hay_grandmother,0.0
era202403450112,7,7_herd_tail_dog_turn,0.88659984
era202403460115,0,0_young maiden_maiden_hay_grandmother,0.0
era202403550009,0,0_young maiden_maiden_hay_grandmother,0.0
era202404750003,8,8_linen_flax_sled_lace,0.77507704
era202405880024,4,4_trees_apple trees_apple tree_tree,0.39305988
era202405880025,4,4_trees_apple trees_apple tree_tree,0.5244808
era202405900026,0,0_young maiden_maiden_hay_grandmother,0.0
era202406000034,0,0_young maiden_maiden_hay_grandmother,0.0
era202406300002,4,4_trees_apple trees_apple tree_tree,0.509847
era202501520008,5,5_wedding_bride_married_crow,0.35792172
era203201690002,7,7_herd_tail_dog_turn,0.44949886
era203500990003,8,8_linen_flax_sled_lace,0.5089572
era205705410014,7,7_herd_tail_dog_turn,0.23625766
era208403830002,2,2_sparrow_bird_leaf_cabbage,1.0
era208403920024,1,1_swing_wreath_wood_pasture,0.3148942
era212201650001,7,7_herd_tail_dog_turn,1.0
era213100720036,6,6_barley_rye_oats_grain,0.5012362
era217201520008,4,4_trees_apple trees_apple tree_tree,0.35685477
era218305070084,2,2_sparrow_bird_leaf_cabbage,0.37977913
era218305150112,4,4_trees_apple trees_apple tree_tree,0.42501953
estk2600180024,5,5_wedding_bride_married_crow,1.0
estk2701080002,5,5_wedding_bride_married_crow,0.22643045
estk3701740014,3,3_bride_daughters_maiden_wedding,0.3724906
estk4000070010,7,7_herd_tail_dog_turn,0.68825865
estk4000100023,8,8_linen_flax_sled_lace,0.43835804
estk4000110024,2,2_sparrow_bird_leaf_cabbage,0.83454955
estk4000640099,4,4_trees_apple trees_apple tree_tree,0.53456295
estk4000790116,8,8_linen_flax_sled_lace,0.8017035
estk4000840123,6,6_barley_rye_oats_grain,0.48227718
eys0210320015,8,8_linen_flax_sled_lace,0.6149045
eys0505820046,3,3_bride_daughters_maiden_wedding,0.84889483
eys0506030020,8,8_linen_flax_sled_lace,0.6317728
eys0506340066,4,4_trees_apple trees_apple tree_tree,0.3978245
eys0506350067,4,4_trees_apple trees_apple tree_tree,0.4658489
eys0506410071,7,7_herd_tail_dog_turn,0.5435609
eys0506960142,4,4_trees_apple trees_apple tree_tree,0.5458775
eys0507010150,1,1_swing_wreath_wood_pasture,0.36489058
eys050706157b,5,5_wedding_bride_married_crow,0.40836677
eys0507110163,6,6_barley_rye_oats_grain,1.0
eys0507150171,4,4_trees_apple trees_apple tree_tree,0.44268546
eys0507170176,3,3_bride_daughters_maiden_wedding,0.37462115
eys0507220184,8,8_linen_flax_sled_lace,0.48630112
eys0610850260,6,6_barley_rye_oats_grain,0.3393404
eys0611600055,2,2_sparrow_bird_leaf_cabbage,0.60464233
eys0611610056,6,6_barley_rye_oats_grain,0.49823335
eys0614090066,4,4_trees_apple trees_apple tree_tree,0.71882224
eys0614380108,4,4_trees_apple trees_apple tree_tree,0.59099716
eys0614460129,1,1_swing_wreath_wood_pasture,1.0
eys0614590144,8,8_linen_flax_sled_lace,0.63081706
eys0614640149,5,5_wedding_bride_married_crow,0.5287225
eys0614890189,6,6_barley_rye_oats_grain,1.0
eys0614930195,4,4_trees_apple trees_apple tree_tree,0.32631072
eys0615020223,6,6_barley_rye_oats_grain,0.46106285
eys0615700327,4,4_trees_apple trees_apple tree_tree,0.4454061
eys0615710330,7,7_herd_tail_dog_turn,0.695389
eys0616270064,8,8_linen_flax_sled_lace,0.50657666
eys0616290067,1,1_swing_wreath_wood_pasture,0.31116349
eys0616610110,4,4_trees_apple trees_apple tree_tree,0.45069236
eys0616710120,4,4_trees_apple trees_apple tree_tree,0.5242152
eys0616760124,8,8_linen_flax_sled_lace,0.36777046
eys0616770125,4,4_trees_apple trees_apple tree_tree,0.48869744
eys0616770126,1,1_swing_wreath_wood_pasture,0.41749534
eys0616900146,5,5_wedding_bride_married_crow,0.7967201
eys0617020166,2,2_sparrow_bird_leaf_cabbage,0.35606277
eys0617140184,8,8_linen_flax_sled_lace,0.3506462
eys0617360221,8,8_linen_flax_sled_lace,0.29194987
eys0617370222,8,8_linen_flax_sled_lace,0.2575236
eys0617450236,4,4_trees_apple trees_apple tree_tree,0.325455
eys0617530249,4,4_trees_apple trees_apple tree_tree,0.52272743
eys0617620261,7,7_herd_tail_dog_turn,0.6646355
eys0617730283,7,7_herd_tail_dog_turn,0.718799
eys0617930301,4,4_trees_apple trees_apple tree_tree,0.6741608
eys0706630025,7,7_herd_tail_dog_turn,0.28781098
eys0706690035,0,0_young maiden_maiden_hay_grandmother,0.26652986
eys0706740045,6,6_barley_rye_oats_grain,0.621214
eys070675045b,4,4_trees_apple trees_apple tree_tree,0.3875377
eys0706780052,7,7_herd_tail_dog_turn,0.795041
eys0706840060,5,5_wedding_bride_married_crow,0.2375906
eys0706850061,4,4_trees_apple trees_apple tree_tree,0.32543597
eys0706860062,4,4_trees_apple trees_apple tree_tree,0.663765
eys0707440017,6,6_barley_rye_oats_grain,0.43419394
eys0708500004,7,7_herd_tail_dog_turn,0.43365115
eys0708500005,4,4_trees_apple trees_apple tree_tree,0.39753556
eys0708510006,4,4_trees_apple trees_apple tree_tree,0.3378776
eys0708510007,6,6_barley_rye_oats_grain,0.35601214
eys0715300005,6,6_barley_rye_oats_grain,0.23524785
eys0715360014,6,6_barley_rye_oats_grain,0.3508666
eys0715400017,8,8_linen_flax_sled_lace,0.43516096
eys0715410018,6,6_barley_rye_oats_grain,0.73146456
eys0715460026,0,0_young maiden_maiden_hay_grandmother,0.0
eys0715470030,4,4_trees_apple trees_apple tree_tree,0.28627798
eys0715520040,8,8_linen_flax_sled_lace,0.48817894
eys0715820097,4,4_trees_apple trees_apple tree_tree,0.3387788
eys0715850103,8,8_linen_flax_sled_lace,0.43215442
eys0716080128,4,4_trees_apple trees_apple tree_tree,1.0
eys0716080129,1,1_swing_wreath_wood_pasture,0.7983164
eys0716080130,8,8_linen_flax_sled_lace,0.6499134
eys0716150144,1,1_swing_wreath_wood_pasture,0.3286101
eys0716420183,8,8_linen_flax_sled_lace,0.5982425
eys0716490193,8,8_linen_flax_sled_lace,0.4507052
eys0716500195,7,7_herd_tail_dog_turn,0.6444836
eys0716790237,8,8_linen_flax_sled_lace,0.55487746
eys0716840247,4,4_trees_apple trees_apple tree_tree,0.56177413
eys0716880253,7,7_herd_tail_dog_turn,0.54928887
eys0716900254,7,7_herd_tail_dog_turn,0.7128489
eys0716900255,4,4_trees_apple trees_apple tree_tree,0.6950422
eys0716970267,6,6_barley_rye_oats_grain,0.4309916
eys0717010277,0,0_young maiden_maiden_hay_grandmother,0.0
eys0717040287,7,7_herd_tail_dog_turn,1.0
eys0717060290,5,5_wedding_bride_married_crow,0.6456495
eys0717100298,6,6_barley_rye_oats_grain,0.31855872
eys0717500357,8,8_linen_flax_sled_lace,0.5698681
eys0717520362,8,8_linen_flax_sled_lace,0.70005333
eys0717590381,4,4_trees_apple trees_apple tree_tree,0.40834203
eys0717710394,7,7_herd_tail_dog_turn,0.46097443
eys0717770400,7,7_herd_tail_dog_turn,0.62776774
eys0718340011,3,3_bride_daughters_maiden_wedding,0.6136822
eys0722770015,6,6_barley_rye_oats_grain,0.49489743
eys0722810024,8,8_linen_flax_sled_lace,0.32127962
eys0722870032,4,4_trees_apple trees_apple tree_tree,0.5699316
eys0722900038,4,4_trees_apple trees_apple tree_tree,0.62627965
eys0723040065,0,0_young maiden_maiden_hay_grandmother,0.0
eys0723260123,8,8_linen_flax_sled_lace,0.3461288
eys0723270124,8,8_linen_flax_sled_lace,1.0
eys0723390136,7,7_herd_tail_dog_turn,0.49189684
eys0723640173,8,8_linen_flax_sled_lace,0.5582114
eys0723650176,8,8_linen_flax_sled_lace,0.5009012
eys0723920234,8,8_linen_flax_sled_lace,0.54080355
eys0724140291,6,6_barley_rye_oats_grain,0.5276623
eys0724150294,4,4_trees_apple trees_apple tree_tree,0.43015555
eys0724230311,0,0_young maiden_maiden_hay_grandmother,0.43042323
eys0724230312,8,8_linen_flax_sled_lace,0.60923195
eys0724230314,4,4_trees_apple trees_apple tree_tree,0.43292403
eys072425315f,4,4_trees_apple trees_apple tree_tree,0.6048432
eys0724270322,2,2_sparrow_bird_leaf_cabbage,1.0
eys0724530389,4,4_trees_apple trees_apple tree_tree,0.29457885
eys0724530390,8,8_linen_flax_sled_lace,0.41449672
eys0724620404,8,8_linen_flax_sled_lace,0.54201955
eys0724660419,8,8_linen_flax_sled_lace,0.4507052
eys0724730432,7,7_herd_tail_dog_turn,0.47978488
eys0724740434,7,7_herd_tail_dog_turn,0.5029284
eys0724960461,2,2_sparrow_bird_leaf_cabbage,0.27349588
eys0724990466,2,2_sparrow_bird_leaf_cabbage,0.3545655
eys0725050474,8,8_linen_flax_sled_lace,0.23423083
eys0804210158,7,7_herd_tail_dog_turn,0.3828716
eys0805640073,1,1_swing_wreath_wood_pasture,0.6160536
eys0806100139,2,2_sparrow_bird_leaf_cabbage,0.55611956
eys0806220156,2,2_sparrow_bird_leaf_cabbage,0.5110568
eys0806380184,7,7_herd_tail_dog_turn,0.5999969
eys0806460199,8,8_linen_flax_sled_lace,0.3663691
eys0806500207,6,6_barley_rye_oats_grain,0.6739859
eys0806970284,0,0_young maiden_maiden_hay_grandmother,0.0
eys0807240304,4,4_trees_apple trees_apple tree_tree,0.4951301
eys0807510353,4,4_trees_apple trees_apple tree_tree,0.6766747
eys0807620367,7,7_herd_tail_dog_turn,0.28566155
eys0807670376,7,7_herd_tail_dog_turn,0.4251149
eys0807770388,5,5_wedding_bride_married_crow,0.31033677
eys0807980418,4,4_trees_apple trees_apple tree_tree,0.46863735
eys0808060430,4,4_trees_apple trees_apple tree_tree,0.37182277
eys0808140446,8,8_linen_flax_sled_lace,0.6766128
eys0808400487,7,7_herd_tail_dog_turn,0.821685
eys0808430493,1,1_swing_wreath_wood_pasture,0.3013305
eys0811590023,6,6_barley_rye_oats_grain,0.51875377
eys0811630029,7,7_herd_tail_dog_turn,0.30330104
eys0900800072,3,3_bride_daughters_maiden_wedding,0.43980327
eys090085077c,0,0_young maiden_maiden_hay_grandmother,0.0
eys0909590024,4,4_trees_apple trees_apple tree_tree,0.6197052
eys0909630031,5,5_wedding_bride_married_crow,0.5833926
eys0909690039,7,7_herd_tail_dog_turn,0.7707553
eys0909790055,7,7_herd_tail_dog_turn,0.84739923
eys0909800057,8,8_linen_flax_sled_lace,0.30764762
eys0909880071,8,8_linen_flax_sled_lace,0.5399659
eys0909990086,8,8_linen_flax_sled_lace,0.40602425
eys0910090099,2,2_sparrow_bird_leaf_cabbage,0.58273804
eys0910160115,4,4_trees_apple trees_apple tree_tree,0.3989853
eys0910180120,6,6_barley_rye_oats_grain,0.40916348
eys0910310136,8,8_linen_flax_sled_lace,0.26844913
eys0910480159,7,7_herd_tail_dog_turn,1.0
eys0910520165,7,7_herd_tail_dog_turn,0.49782342
eys0911700153,7,7_herd_tail_dog_turn,0.82164687
eys0911700155,8,8_linen_flax_sled_lace,0.61283165
eys1022420014,4,4_trees_apple trees_apple tree_tree,0.52741855
eys1022440019,3,3_bride_daughters_maiden_wedding,0.5035598
eys1022470027,8,8_linen_flax_sled_lace,0.5426266
eys1022560044,2,2_sparrow_bird_leaf_cabbage,0.4196608
eys1023200149,6,6_barley_rye_oats_grain,0.6904411
eys1023240157,7,7_herd_tail_dog_turn,1.0
eys1023460176,7,7_herd_tail_dog_turn,0.46888047
eys1023730205,7,7_herd_tail_dog_turn,0.6427911
eys1025760038,8,8_linen_flax_sled_lace,0.49338272
eys1026690218,4,4_trees_apple trees_apple tree_tree,0.511581
eys1026730227,4,4_trees_apple trees_apple tree_tree,0.50918597
eys1026730228,6,6_barley_rye_oats_grain,0.5516612
eys1026730229,0,0_young maiden_maiden_hay_grandmother,0.0
eys1026730230,4,4_trees_apple trees_apple tree_tree,0.50062454
eys1029030073,7,7_herd_tail_dog_turn,0.3685157
h10101240002,7,7_herd_tail_dog_turn,0.34293804
h10101530032,5,5_wedding_bride_married_crow,0.32752958
h10102010036,7,7_herd_tail_dog_turn,0.3202584
h10102090053,0,0_young maiden_maiden_hay_grandmother,0.0
h10102120057,5,5_wedding_bride_married_crow,0.23705244
h10102190069,8,8_linen_flax_sled_lace,0.4214897
h10102260084,2,2_sparrow_bird_leaf_cabbage,0.29949498
h10102260086,6,6_barley_rye_oats_grain,0.3374674
h10102450126,8,8_linen_flax_sled_lace,0.6517704
h10102570148,7,7_herd_tail_dog_turn,0.53476983
h10102630162,7,7_herd_tail_dog_turn,0.528836
h10700360016,7,7_herd_tail_dog_turn,0.6858372
h10700380021,4,4_trees_apple trees_apple tree_tree,0.29918155
h10700430032,5,5_wedding_bride_married_crow,0.44314036
h10700580055,7,7_herd_tail_dog_turn,0.45217758
h20102670394,2,2_sparrow_bird_leaf_cabbage,0.5619688
h20102730403,4,4_trees_apple trees_apple tree_tree,0.30728996
h21005360311,3,3_bride_daughters_maiden_wedding,0.58247447
h21109510005,8,8_linen_flax_sled_lace,0.76602226
h21109530008,4,4_trees_apple trees_apple tree_tree,0.27483374
h21300330003,3,3_bride_daughters_maiden_wedding,0.50820494
h21300440016,0,0_young maiden_maiden_hay_grandmother,0.0
h21300480022,4,4_trees_apple trees_apple tree_tree,0.2778606
h21300580031,8,8_linen_flax_sled_lace,0.48789543
h21300590032,8,8_linen_flax_sled_lace,0.33336437
h21300590033,7,7_herd_tail_dog_turn,0.3212599
h21300930039,1,1_swing_wreath_wood_pasture,0.93220747
h21301120066,7,7_herd_tail_dog_turn,0.56762695
h21301160003,0,0_young maiden_maiden_hay_grandmother,0.2614069
h21301230013,7,7_herd_tail_dog_turn,0.66359276
h21301940019,1,1_swing_wreath_wood_pasture,0.6800579
h21301990025,6,6_barley_rye_oats_grain,0.6177626
h21302030031,8,8_linen_flax_sled_lace,0.61338776
h21302660033,0,0_young maiden_maiden_hay_grandmother,0.0
h21302860001,4,4_trees_apple trees_apple tree_tree,1.0
h21302870003,6,6_barley_rye_oats_grain,0.46669942
h21303380011,8,8_linen_flax_sled_lace,0.41049743
h21303460011,6,6_barley_rye_oats_grain,0.48861572
h21305210029,8,8_linen_flax_sled_lace,0.47315383
h21305420051,1,1_swing_wreath_wood_pasture,0.6610244
h21305460056,3,3_bride_daughters_maiden_wedding,0.2340831
h21305520061,4,4_trees_apple trees_apple tree_tree,0.25894168
h21305520062,8,8_linen_flax_sled_lace,0.36498505
h21305540065,8,8_linen_flax_sled_lace,0.42293793
h21306020002,8,8_linen_flax_sled_lace,0.3114329
h21306350002,8,8_linen_flax_sled_lace,0.3891387
h21306430021,6,6_barley_rye_oats_grain,0.38314772
h21306460031,6,6_barley_rye_oats_grain,0.35084137
h21306510001,2,2_sparrow_bird_leaf_cabbage,0.448026
h21307600020,7,7_herd_tail_dog_turn,0.66960275
h21307670025,4,4_trees_apple trees_apple tree_tree,0.40260074
h21400170019,3,3_bride_daughters_maiden_wedding,1.0
h21400320041,6,6_barley_rye_oats_grain,0.31155905
h21400350045,0,0_young maiden_maiden_hay_grandmother,0.0
h21400350046,0,0_young maiden_maiden_hay_grandmother,0.0
h21400480067,4,4_trees_apple trees_apple tree_tree,0.52686465
h21400490068,7,7_herd_tail_dog_turn,0.8501027
h21400630081,4,4_trees_apple trees_apple tree_tree,0.3628602
h21401190015,4,4_trees_apple trees_apple tree_tree,0.7560324
h21401360007,8,8_linen_flax_sled_lace,0.7642048
h21401360008,2,2_sparrow_bird_leaf_cabbage,0.8447466
h21403390003,8,8_linen_flax_sled_lace,0.27988434
h21404030006,0,0_young maiden_maiden_hay_grandmother,0.43171072
h21404270018,5,5_wedding_bride_married_crow,0.7777151
h21404420011,2,2_sparrow_bird_leaf_cabbage,0.42919147
h21404690014,4,4_trees_apple trees_apple tree_tree,0.3915003
h21404750002,0,0_young maiden_maiden_hay_grandmother,0.2755275
h21406300008,0,0_young maiden_maiden_hay_grandmother,0.50033927
h22600770027,2,2_sparrow_bird_leaf_cabbage,0.3410385
h22600890044,8,8_linen_flax_sled_lace,0.7177655
h22600920051,0,0_young maiden_maiden_hay_grandmother,0.29480729
h22609110003,6,6_barley_rye_oats_grain,0.6395268
h23806420005,0,0_young maiden_maiden_hay_grandmother,0.22627018
h23807140110,3,3_bride_daughters_maiden_wedding,0.33641517
h23807420007,4,4_trees_apple trees_apple tree_tree,1.0
h23807550002,8,8_linen_flax_sled_lace,0.36694664
h2390907900a,3,3_bride_daughters_maiden_wedding,0.45247602
h24000861030,4,4_trees_apple trees_apple tree_tree,0.37840194
h24000891034,0,0_young maiden_maiden_hay_grandmother,0.0
h24000921038,6,6_barley_rye_oats_grain,0.73414373
h24001941191,0,0_young maiden_maiden_hay_grandmother,0.3980907
h24010620005,4,4_trees_apple trees_apple tree_tree,0.57783014
h24607790006,1,1_swing_wreath_wood_pasture,0.3077229
h24608220004,6,6_barley_rye_oats_grain,0.36065996
h24608360020,2,2_sparrow_bird_leaf_cabbage,0.62737954
h24701150013,0,0_young maiden_maiden_hay_grandmother,0.0
h25705630001,7,7_herd_tail_dog_turn,0.4917689
h25706310015,7,7_herd_tail_dog_turn,0.6901618
h26502880023,8,8_linen_flax_sled_lace,0.3799751
h26503430015,8,8_linen_flax_sled_lace,0.39567438
h26804740023,4,4_trees_apple trees_apple tree_tree,0.3721936
h30101590010,2,2_sparrow_bird_leaf_cabbage,0.4604952
h30101600011,7,7_herd_tail_dog_turn,0.3091171
h30101610013,8,8_linen_flax_sled_lace,0.3626169
h30302590007,6,6_barley_rye_oats_grain,0.67733943
h30400190003,4,4_trees_apple trees_apple tree_tree,0.40155375
h30401080017,8,8_linen_flax_sled_lace,0.62827015
h31204630004,4,4_trees_apple trees_apple tree_tree,0.40890062
h31204800002,3,3_bride_daughters_maiden_wedding,0.41818455
h31701210009,2,2_sparrow_bird_leaf_cabbage,1.0
h31701490006,2,2_sparrow_bird_leaf_cabbage,0.36924848
h31703770039,4,4_trees_apple trees_apple tree_tree,0.37214178
h31707230002,4,4_trees_apple trees_apple tree_tree,0.23598634
h31707310005,7,7_herd_tail_dog_turn,0.7421113
h31709450003,7,7_herd_tail_dog_turn,0.67378604
h31709470005,7,7_herd_tail_dog_turn,0.6107853
h31800770002,0,0_young maiden_maiden_hay_grandmother,0.0
h31800980005,2,2_sparrow_bird_leaf_cabbage,0.47838122
h32301990018,7,7_herd_tail_dog_turn,0.43005583
h40102880002,0,0_young maiden_maiden_hay_grandmother,0.27579144
h40102920005,4,4_trees_apple trees_apple tree_tree,0.4210435
h40102950009,6,6_barley_rye_oats_grain,0.4380745
h40102980013,2,2_sparrow_bird_leaf_cabbage,1.0
h40103070006,8,8_linen_flax_sled_lace,0.5279192
h40103470004,6,6_barley_rye_oats_grain,0.34319362
h40103750018,6,6_barley_rye_oats_grain,0.37552303
h40103760021,3,3_bride_daughters_maiden_wedding,0.21819212
hgrq01770055,2,2_sparrow_bird_leaf_cabbage,0.31239438
hgrq01810065,8,8_linen_flax_sled_lace,0.26437628
hgrq01880081,2,2_sparrow_bird_leaf_cabbage,0.47984293
hgrq01950098,8,8_linen_flax_sled_lace,0.5353346
tem1300200015,4,4_trees_apple trees_apple tree_tree,0.31867254
