id,assigned_topic,topic_label,top_topic_prob
Pod_0,18,18_farmer_rye_oats_horses,1.0
Pod_1,18,18_farmer_rye_oats_horses,1.0
Pod_2,18,18_farmer_rye_oats_horses,1.0
Pod_3,17,17_mocking_squirrel_don laugh_laugh,0.84783894
Pod_4,0,0_dear_sorrow_wish_weaving,0.0
Pod_5,0,0_dear_sorrow_wish_weaving,0.0
Pod_6,0,0_dear_sorrow_wish_weaving,0.0
Pod_7,0,0_dear_sorrow_wish_weaving,0.0
Pod_8,9,9_wreath_wreaths_wreath wreath_periwinkle,0.61413586
Pod_10,0,0_dear_sorrow_wish_weaving,0.0
Pod_11,0,0_dear_sorrow_wish_weaving,0.0
Pod_12,17,17_mocking_squirrel_don laugh_laugh,1.0
Pod_13,17,17_mocking_squirrel_don laugh_laugh,1.0
Pod_14,0,0_dear_sorrow_wish_weaving,0.0
Pod_15,0,0_dear_sorrow_wish_weaving,0.0
Pod_16,0,0_dear_sorrow_wish_weaving,0.0
Pod_17,0,0_dear_sorrow_wish_weaving,0.0
Pod_18,0,0_dear_sorrow_wish_weaving,0.0
Pod_19,17,17_mocking_squirrel_don laugh_laugh,1.0
Pod_20,17,17_mocking_squirrel_don laugh_laugh,1.0
Pod_21,0,0_dear_sorrow_wish_weaving,0.0
Pod_23,0,0_dear_sorrow_wish_weaving,0.0
Pod_24,0,0_dear_sorrow_wish_weaving,0.0
Pod_25,17,17_mocking_squirrel_don laugh_laugh,0.76974314
Pod_26,18,18_farmer_rye_oats_horses,1.0
Pod_27,17,17_mocking_squirrel_don laugh_laugh,1.0
Pod_28,0,0_dear_sorrow_wish_weaving,0.0
Pod_29,0,0_dear_sorrow_wish_weaving,0.0
Pod_30,17,17_mocking_squirrel_don laugh_laugh,0.5190046
Pod_31,0,0_dear_sorrow_wish_weaving,0.0
Pod_32,17,17_mocking_squirrel_don laugh_laugh,1.0
Pod_33,7,7_street_streets_fence_corner,1.0
Pod_34,7,7_street_streets_fence_corner,0.7136698
Pod_35,0,0_dear_sorrow_wish_weaving,0.0
Pod_36,17,17_mocking_squirrel_don laugh_laugh,0.7022697
Pod_37,0,0_dear_sorrow_wish_weaving,0.0
Pod_38,18,18_farmer_rye_oats_horses,0.5746201
Pod_39,0,0_dear_sorrow_wish_weaving,0.0
Pod_40,0,0_dear_sorrow_wish_weaving,0.0
Pod_41,0,0_dear_sorrow_wish_weaving,0.0
Pod_42,0,0_dear_sorrow_wish_weaving,0.0
Pod_43,13,13_september_thirty_march_summer,1.0
Pod_44,14,14_gyeongsang_jeolla_country_blow,1.0
Pod_45,10,10_young cossack_cossack_horseback_love young,0.50808954
Pod_46,6,6_poplar_eyebrows_bright_boast,0.5229543
Pod_47,6,6_poplar_eyebrows_bright_boast,0.5236486
Pod_48,14,14_gyeongsang_jeolla_country_blow,0.75771016
Pod_49,10,10_young cossack_cossack_horseback_love young,0.9189588
Pod_50,10,10_young cossack_cossack_horseback_love young,1.0
Pod_51,10,10_young cossack_cossack_horseback_love young,0.7725088
Pod_52,0,0_dear_sorrow_wish_weaving,0.0
Pod_53,6,6_poplar_eyebrows_bright_boast,1.0
Pod_54,10,10_young cossack_cossack_horseback_love young,0.8505595
Pod_55,0,0_dear_sorrow_wish_weaving,0.0
Pod_56,10,10_young cossack_cossack_horseback_love young,0.50185066
Pod_57,9,9_wreath_wreaths_wreath wreath_periwinkle,0.79550946
Pod_58,9,9_wreath_wreaths_wreath wreath_periwinkle,1.0
Pod_59,9,9_wreath_wreaths_wreath wreath_periwinkle,0.8910458
Pod_60,9,9_wreath_wreaths_wreath wreath_periwinkle,0.8811158
Pod_61,0,0_dear_sorrow_wish_weaving,0.0
Pod_62,7,7_street_streets_fence_corner,1.0
Pod_64,18,18_farmer_rye_oats_horses,0.79126537
Pod_65,13,13_september_thirty_march_summer,0.42806306
Pod_66,17,17_mocking_squirrel_don laugh_laugh,0.76072854
Pod_67,11,11_little horses_horses_maids_altar,1.0
Pod_71,9,9_wreath_wreaths_wreath wreath_periwinkle,1.0
Pod_72,14,14_gyeongsang_jeolla_country_blow,0.5747749
Pod_73,3,3_saint nicholas_saint_nicholas_holy evening,0.3837955
Pod_75,17,17_mocking_squirrel_don laugh_laugh,0.5352414
Pod_76,10,10_young cossack_cossack_horseback_love young,0.69022137
Pod_84,16,16_song praise_cheerful song_sing song_sing,1.0
Pod_85,18,18_farmer_rye_oats_horses,1.0
Pod_86,15,15_slave_goats_ants_feathers,0.43791926
Pod_87,14,14_gyeongsang_jeolla_country_blow,0.85073835
Pod_88,16,16_song praise_cheerful song_sing song_sing,0.621593
Pod_89,10,10_young cossack_cossack_horseback_love young,1.0
Pod_90,9,9_wreath_wreaths_wreath wreath_periwinkle,0.6246483
Pod_91,13,13_september_thirty_march_summer,1.0
Pod_92,13,13_september_thirty_march_summer,0.41168135
Pod_93,13,13_september_thirty_march_summer,0.41132754
Pod_94,18,18_farmer_rye_oats_horses,0.8547439
Pod_95,15,15_slave_goats_ants_feathers,0.6095913
Pod_96,10,10_young cossack_cossack_horseback_love young,1.0
Pod_97,10,10_young cossack_cossack_horseback_love young,0.8603826
Pod_98,10,10_young cossack_cossack_horseback_love young,0.9714939
Pod_99,10,10_young cossack_cossack_horseback_love young,0.96750844
Pod_100,10,10_young cossack_cossack_horseback_love young,1.0
Pod_101,10,10_young cossack_cossack_horseback_love young,0.91424567
Pod_102,10,10_young cossack_cossack_horseback_love young,0.6439281
Pod_103,16,16_song praise_cheerful song_sing song_sing,0.6067688
Pod_104,10,10_young cossack_cossack_horseback_love young,0.87860996
Pod_105,10,10_young cossack_cossack_horseback_love young,0.860922
Pod_106,10,10_young cossack_cossack_horseback_love young,0.95325446
Pod_107,10,10_young cossack_cossack_horseback_love young,1.0
Pod_108,10,10_young cossack_cossack_horseback_love young,0.7132986
Pod_109,10,10_young cossack_cossack_horseback_love young,0.86678964
Pod_110,10,10_young cossack_cossack_horseback_love young,1.0
Pod_111,10,10_young cossack_cossack_horseback_love young,1.0
Pod_112,10,10_young cossack_cossack_horseback_love young,0.63283384
Pod_114,9,9_wreath_wreaths_wreath wreath_periwinkle,0.5310869
Pod_115,10,10_young cossack_cossack_horseback_love young,0.5588993
Pod_116,14,14_gyeongsang_jeolla_country_blow,0.5209923
Pod_117,18,18_farmer_rye_oats_horses,0.4350918
Pod_118,10,10_young cossack_cossack_horseback_love young,0.5155858
Pod_119,10,10_young cossack_cossack_horseback_love young,0.38874745
Pod_120,18,18_farmer_rye_oats_horses,0.51529056
Pod_123,10,10_young cossack_cossack_horseback_love young,0.7497372
Pod_124,10,10_young cossack_cossack_horseback_love young,0.52739227
Pod_125,0,0_dear_sorrow_wish_weaving,0.0
Pod_126,6,6_poplar_eyebrows_bright_boast,1.0
Pod_127,10,10_young cossack_cossack_horseback_love young,0.6927357
Pod_128,10,10_young cossack_cossack_horseback_love young,1.0
Pod_129,10,10_young cossack_cossack_horseback_love young,1.0
Pod_130,11,11_little horses_horses_maids_altar,0.33425033
Pod_131,10,10_young cossack_cossack_horseback_love young,1.0
Pod_132,10,10_young cossack_cossack_horseback_love young,1.0
Pod_133,10,10_young cossack_cossack_horseback_love young,0.5588396
Pod_134,10,10_young cossack_cossack_horseback_love young,0.5474984
Pod_135,17,17_mocking_squirrel_don laugh_laugh,1.0
Pod_136,3,3_saint nicholas_saint_nicholas_holy evening,0.60408074
Pod_137,18,18_farmer_rye_oats_horses,0.62314886
Pod_138,14,14_gyeongsang_jeolla_country_blow,0.8245005
Pod_139,3,3_saint nicholas_saint_nicholas_holy evening,0.59210366
Pod_140,16,16_song praise_cheerful song_sing song_sing,0.5348549
Pod_141,10,10_young cossack_cossack_horseback_love young,0.47852522
Pod_142,10,10_young cossack_cossack_horseback_love young,0.35046184
Pod_143,7,7_street_streets_fence_corner,0.30776605
Pod_146,15,15_slave_goats_ants_feathers,0.34424633
Pod_147,9,9_wreath_wreaths_wreath wreath_periwinkle,0.8716053
Pod_149,0,0_dear_sorrow_wish_weaving,0.0
Pod_150,10,10_young cossack_cossack_horseback_love young,0.74613446
Pod_151,10,10_young cossack_cossack_horseback_love young,0.39605063
Pod_153,9,9_wreath_wreaths_wreath wreath_periwinkle,0.80863225
Pod_154,18,18_farmer_rye_oats_horses,0.6580422
Pod_155,18,18_farmer_rye_oats_horses,0.6580422
Pod_156,15,15_slave_goats_ants_feathers,0.49782854
Pod_157,7,7_street_streets_fence_corner,0.93079644
Pod_158,6,6_poplar_eyebrows_bright_boast,1.0
Pod_159,6,6_poplar_eyebrows_bright_boast,1.0
Pod_160,6,6_poplar_eyebrows_bright_boast,1.0
Pod_161,6,6_poplar_eyebrows_bright_boast,1.0
Pod_162,18,18_farmer_rye_oats_horses,1.0
Pod_163,18,18_farmer_rye_oats_horses,0.59157556
Pod_164,0,0_dear_sorrow_wish_weaving,0.0
Pod_165,0,0_dear_sorrow_wish_weaving,0.0
Pod_166,0,0_dear_sorrow_wish_weaving,0.0
Pod_167,0,0_dear_sorrow_wish_weaving,0.0
Pod_168,16,16_song praise_cheerful song_sing song_sing,0.8312051
Pod_169,9,9_wreath_wreaths_wreath wreath_periwinkle,0.6036271
Pod_170,13,13_september_thirty_march_summer,0.6872869
Pod_171,16,16_song praise_cheerful song_sing song_sing,1.0
Pod_172,18,18_farmer_rye_oats_horses,0.5166057
Pod_173,18,18_farmer_rye_oats_horses,0.49051005
Pod_174,16,16_song praise_cheerful song_sing song_sing,0.5652041
Pod_175,18,18_farmer_rye_oats_horses,0.83136135
Pod_176,18,18_farmer_rye_oats_horses,0.85541767
Pod_177,6,6_poplar_eyebrows_bright_boast,1.0
Pod_178,18,18_farmer_rye_oats_horses,0.6187115
Pod_179,18,18_farmer_rye_oats_horses,0.51566696
Pod_181,3,3_saint nicholas_saint_nicholas_holy evening,0.6126424
Pod_182,3,3_saint nicholas_saint_nicholas_holy evening,0.5209584
Pod_183,3,3_saint nicholas_saint_nicholas_holy evening,0.44263178
Pod_184,14,14_gyeongsang_jeolla_country_blow,0.5119932
Pod_185,6,6_poplar_eyebrows_bright_boast,1.0
Pod_186,0,0_dear_sorrow_wish_weaving,0.0
Pod_187,0,0_dear_sorrow_wish_weaving,0.0
Pod_188,0,0_dear_sorrow_wish_weaving,0.0
Pod_189,17,17_mocking_squirrel_don laugh_laugh,1.0
Pod_190,18,18_farmer_rye_oats_horses,0.66200817
Pod_191,18,18_farmer_rye_oats_horses,1.0
Pod_192,18,18_farmer_rye_oats_horses,1.0
Pod_193,14,14_gyeongsang_jeolla_country_blow,0.92889273
Pod_194,10,10_young cossack_cossack_horseback_love young,0.5675828
Pod_195,10,10_young cossack_cossack_horseback_love young,1.0
Pod_196,11,11_little horses_horses_maids_altar,0.6692346
Pod_198,9,9_wreath_wreaths_wreath wreath_periwinkle,0.5773322
Pod_199,0,0_dear_sorrow_wish_weaving,0.0
Pod_200,18,18_farmer_rye_oats_horses,1.0
Pod_202,0,0_dear_sorrow_wish_weaving,0.0
Pod_203,18,18_farmer_rye_oats_horses,1.0
Pod_204,18,18_farmer_rye_oats_horses,1.0
Pod_205,18,18_farmer_rye_oats_horses,0.864547
Pod_206,18,18_farmer_rye_oats_horses,0.6849087
Pod_207,18,18_farmer_rye_oats_horses,0.4161153
Pod_209,9,9_wreath_wreaths_wreath wreath_periwinkle,1.0
Pod_210,9,9_wreath_wreaths_wreath wreath_periwinkle,1.0
Pod_211,0,0_dear_sorrow_wish_weaving,0.0
Pod_212,0,0_dear_sorrow_wish_weaving,0.0
Pod_213,0,0_dear_sorrow_wish_weaving,0.0
Pod_214,18,18_farmer_rye_oats_horses,0.7860275
Pod_215,18,18_farmer_rye_oats_horses,1.0
Pod_216,13,13_september_thirty_march_summer,1.0
Pod_217,16,16_song praise_cheerful song_sing song_sing,1.0
Pod_218,15,15_slave_goats_ants_feathers,0.79499876
Pod_219,10,10_young cossack_cossack_horseback_love young,1.0
Pod_220,9,9_wreath_wreaths_wreath wreath_periwinkle,1.0
Pod_221,18,18_farmer_rye_oats_horses,1.0
Pod_222,0,0_dear_sorrow_wish_weaving,0.0
Pod_224,10,10_young cossack_cossack_horseback_love young,0.87942326
Pod_225,10,10_young cossack_cossack_horseback_love young,0.77013785
Pod_226,7,7_street_streets_fence_corner,0.5646927
Pod_227,7,7_street_streets_fence_corner,0.5960454
Pod_228,10,10_young cossack_cossack_horseback_love young,0.7520066
Pod_229,10,10_young cossack_cossack_horseback_love young,0.7624528
Pod_230,10,10_young cossack_cossack_horseback_love young,1.0
Pod_231,10,10_young cossack_cossack_horseback_love young,0.54934824
Pod_232,10,10_young cossack_cossack_horseback_love young,1.0
Pod_233,10,10_young cossack_cossack_horseback_love young,1.0
Pod_234,10,10_young cossack_cossack_horseback_love young,0.39527664
Pod_235,10,10_young cossack_cossack_horseback_love young,0.4065109
Pod_236,10,10_young cossack_cossack_horseback_love young,0.88505274
Pod_237,10,10_young cossack_cossack_horseback_love young,0.90211093
Pod_242,14,14_gyeongsang_jeolla_country_blow,0.7531773
Pod_244,17,17_mocking_squirrel_don laugh_laugh,0.5771025
Pod_245,10,10_young cossack_cossack_horseback_love young,0.4999764
Pod_246,14,14_gyeongsang_jeolla_country_blow,0.5055348
Pod_247,10,10_young cossack_cossack_horseback_love young,0.4979333
Pod_248,0,0_dear_sorrow_wish_weaving,0.0
Pod_249,6,6_poplar_eyebrows_bright_boast,1.0
Pod_250,18,18_farmer_rye_oats_horses,1.0
Pod_252,12,12_orphans_trees_plowed field_wilderness,1.0
Pod_253,0,0_dear_sorrow_wish_weaving,0.0
Pod_254,6,6_poplar_eyebrows_bright_boast,0.40388706
Pod_256,10,10_young cossack_cossack_horseback_love young,0.7396358
Pod_257,10,10_young cossack_cossack_horseback_love young,0.7396358
Pod_258,10,10_young cossack_cossack_horseback_love young,0.7725151
Pod_267,16,16_song praise_cheerful song_sing song_sing,0.6570153
Pod_268,14,14_gyeongsang_jeolla_country_blow,0.3906017
Pod_269,14,14_gyeongsang_jeolla_country_blow,0.34248933
Pod_270,14,14_gyeongsang_jeolla_country_blow,0.696744
Pod_271,14,14_gyeongsang_jeolla_country_blow,0.8053207
Pod_272,14,14_gyeongsang_jeolla_country_blow,0.6977965
Pod_273,14,14_gyeongsang_jeolla_country_blow,1.0
Pod_274,14,14_gyeongsang_jeolla_country_blow,1.0
Pod_275,0,0_dear_sorrow_wish_weaving,0.0
Pod_276,0,0_dear_sorrow_wish_weaving,0.0
Pod_277,0,0_dear_sorrow_wish_weaving,0.0
Pod_278,18,18_farmer_rye_oats_horses,1.0
Pod_279,18,18_farmer_rye_oats_horses,1.0
Pod_280,10,10_young cossack_cossack_horseback_love young,1.0
Pod_281,10,10_young cossack_cossack_horseback_love young,1.0
Pod_282,14,14_gyeongsang_jeolla_country_blow,1.0
Pod_283,10,10_young cossack_cossack_horseback_love young,0.7141022
Pod_284,10,10_young cossack_cossack_horseback_love young,0.57989436
Pod_285,13,13_september_thirty_march_summer,0.51116234
Pod_286,10,10_young cossack_cossack_horseback_love young,0.5126339
Pod_287,10,10_young cossack_cossack_horseback_love young,0.5758221
Pod_288,10,10_young cossack_cossack_horseback_love young,0.55999285
Pod_289,18,18_farmer_rye_oats_horses,0.77987313
Pod_290,18,18_farmer_rye_oats_horses,0.7957384
Pod_291,10,10_young cossack_cossack_horseback_love young,0.6119574
Pod_292,18,18_farmer_rye_oats_horses,0.7989636
Pod_293,18,18_farmer_rye_oats_horses,0.5685695
Pod_294,10,10_young cossack_cossack_horseback_love young,0.95597386
Pod_295,10,10_young cossack_cossack_horseback_love young,1.0
Pod_296,10,10_young cossack_cossack_horseback_love young,0.9793959
Pod_297,10,10_young cossack_cossack_horseback_love young,0.9433765
Pod_298,14,14_gyeongsang_jeolla_country_blow,1.0
Pod_299,10,10_young cossack_cossack_horseback_love young,0.9308318
Pod_300,10,10_young cossack_cossack_horseback_love young,0.5216419
Pod_301,10,10_young cossack_cossack_horseback_love young,0.35248792
Pod_302,9,9_wreath_wreaths_wreath wreath_periwinkle,0.560226
Pod_303,9,9_wreath_wreaths_wreath wreath_periwinkle,0.5768274
Pod_304,0,0_dear_sorrow_wish_weaving,0.0
Pod_305,0,0_dear_sorrow_wish_weaving,0.0
Pod_306,18,18_farmer_rye_oats_horses,1.0
Pod_307,18,18_farmer_rye_oats_horses,0.8170154
Pod_308,10,10_young cossack_cossack_horseback_love young,0.7472175
Pod_309,9,9_wreath_wreaths_wreath wreath_periwinkle,0.4102808
Pod_310,9,9_wreath_wreaths_wreath wreath_periwinkle,0.600151
Pod_311,14,14_gyeongsang_jeolla_country_blow,0.804589
Pod_312,18,18_farmer_rye_oats_horses,0.5946486
Pod_313,18,18_farmer_rye_oats_horses,0.52086973
Pod_314,14,14_gyeongsang_jeolla_country_blow,0.87108594
Pod_315,18,18_farmer_rye_oats_horses,0.62668
Pod_316,14,14_gyeongsang_jeolla_country_blow,0.50639147
Pod_317,14,14_gyeongsang_jeolla_country_blow,0.58598036
Pod_318,14,14_gyeongsang_jeolla_country_blow,1.0
Pod_319,18,18_farmer_rye_oats_horses,0.6279094
Pod_320,18,18_farmer_rye_oats_horses,0.7876916
Pod_321,9,9_wreath_wreaths_wreath wreath_periwinkle,0.50359887
Pod_322,10,10_young cossack_cossack_horseback_love young,0.62334627
Pod_325,14,14_gyeongsang_jeolla_country_blow,1.0
Pod_326,10,10_young cossack_cossack_horseback_love young,1.0
Pod_327,15,15_slave_goats_ants_feathers,0.8043484
Pod_328,15,15_slave_goats_ants_feathers,1.0
Pod_329,10,10_young cossack_cossack_horseback_love young,0.66054463
Pod_330,10,10_young cossack_cossack_horseback_love young,0.56217533
Pod_332,0,0_dear_sorrow_wish_weaving,0.0
Pod_334,18,18_farmer_rye_oats_horses,0.30677712
Pod_335,9,9_wreath_wreaths_wreath wreath_periwinkle,0.5911254
Pod_336,9,9_wreath_wreaths_wreath wreath_periwinkle,0.7499837
Pod_337,15,15_slave_goats_ants_feathers,1.0
Pod_338,15,15_slave_goats_ants_feathers,1.0
Pod_339,7,7_street_streets_fence_corner,0.95878583
Pod_340,0,0_dear_sorrow_wish_weaving,0.0
Pod_341,7,7_street_streets_fence_corner,0.34867936
Pod_342,7,7_street_streets_fence_corner,0.3798213
Pod_343,0,0_dear_sorrow_wish_weaving,0.0
Pod_344,0,0_dear_sorrow_wish_weaving,0.0
Pod_345,18,18_farmer_rye_oats_horses,1.0
Pod_346,18,18_farmer_rye_oats_horses,1.0
Pod_348,0,0_dear_sorrow_wish_weaving,0.0
Pod_349,0,0_dear_sorrow_wish_weaving,0.0
Pod_350,18,18_farmer_rye_oats_horses,1.0
Pod_351,9,9_wreath_wreaths_wreath wreath_periwinkle,1.0
Pod_352,18,18_farmer_rye_oats_horses,1.0
Pod_353,18,18_farmer_rye_oats_horses,0.45543265
Pod_355,11,11_little horses_horses_maids_altar,0.7396524
Pod_356,9,9_wreath_wreaths_wreath wreath_periwinkle,1.0
Pod_357,18,18_farmer_rye_oats_horses,1.0
Pod_358,18,18_farmer_rye_oats_horses,0.6492505
Pod_359,18,18_farmer_rye_oats_horses,0.6103097
Pod_360,0,0_dear_sorrow_wish_weaving,0.0
Pod_361,18,18_farmer_rye_oats_horses,1.0
Pod_362,0,0_dear_sorrow_wish_weaving,0.0
Pod_363,18,18_farmer_rye_oats_horses,1.0
Pod_364,0,0_dear_sorrow_wish_weaving,0.0
Pod_365,7,7_street_streets_fence_corner,0.64697814
Pod_366,9,9_wreath_wreaths_wreath wreath_periwinkle,0.63559705
Pod_367,0,0_dear_sorrow_wish_weaving,0.0
Pod_368,0,0_dear_sorrow_wish_weaving,0.0
Pod_369,18,18_farmer_rye_oats_horses,1.0
Pod_370,0,0_dear_sorrow_wish_weaving,0.0
Pod_371,0,0_dear_sorrow_wish_weaving,0.0
Pod_374,18,18_farmer_rye_oats_horses,0.62559867
Pod_375,18,18_farmer_rye_oats_horses,0.39861155
Pod_376,16,16_song praise_cheerful song_sing song_sing,1.0
Pod_377,18,18_farmer_rye_oats_horses,1.0
Pod_378,18,18_farmer_rye_oats_horses,0.87777716
Pod_379,18,18_farmer_rye_oats_horses,1.0
Pod_380,18,18_farmer_rye_oats_horses,0.6136467
Pod_381,18,18_farmer_rye_oats_horses,1.0
Pod_382,18,18_farmer_rye_oats_horses,0.49577576
Pod_383,18,18_farmer_rye_oats_horses,0.67333305
Pod_384,0,0_dear_sorrow_wish_weaving,0.0
Pod_385,0,0_dear_sorrow_wish_weaving,0.0
Pod_386,0,0_dear_sorrow_wish_weaving,0.0
Pod_387,0,0_dear_sorrow_wish_weaving,0.0
Pod_388,0,0_dear_sorrow_wish_weaving,0.0
Pod_389,0,0_dear_sorrow_wish_weaving,0.0
Pod_391,18,18_farmer_rye_oats_horses,1.0
Pod_395,0,0_dear_sorrow_wish_weaving,0.0
Pod_396,0,0_dear_sorrow_wish_weaving,0.0
Pod_397,6,6_poplar_eyebrows_bright_boast,1.0
Pod_398,16,16_song praise_cheerful song_sing song_sing,0.41980672
Pod_399,10,10_young cossack_cossack_horseback_love young,1.0
Pod_400,16,16_song praise_cheerful song_sing song_sing,0.4064374
Pod_401,10,10_young cossack_cossack_horseback_love young,0.6598794
Pod_402,18,18_farmer_rye_oats_horses,0.8594516
Pod_403,14,14_gyeongsang_jeolla_country_blow,1.0
Pod_404,3,3_saint nicholas_saint_nicholas_holy evening,0.46637613
Pod_405,9,9_wreath_wreaths_wreath wreath_periwinkle,0.7724214
Pod_407,6,6_poplar_eyebrows_bright_boast,0.9335269
Pod_408,16,16_song praise_cheerful song_sing song_sing,1.0
Pod_409,10,10_young cossack_cossack_horseback_love young,0.809739
Pod_410,14,14_gyeongsang_jeolla_country_blow,0.37476704
Pod_411,14,14_gyeongsang_jeolla_country_blow,0.4796466
Pod_412,10,10_young cossack_cossack_horseback_love young,0.87421125
Pod_413,11,11_little horses_horses_maids_altar,0.4355585
Pod_414,18,18_farmer_rye_oats_horses,0.48322442
Pod_415,9,9_wreath_wreaths_wreath wreath_periwinkle,1.0
Pod_416,17,17_mocking_squirrel_don laugh_laugh,0.6412626
Pod_417,3,3_saint nicholas_saint_nicholas_holy evening,1.0
Pod_418,9,9_wreath_wreaths_wreath wreath_periwinkle,0.5842521
Pod_419,10,10_young cossack_cossack_horseback_love young,1.0
Pod_420,12,12_orphans_trees_plowed field_wilderness,1.0
Pod_421,10,10_young cossack_cossack_horseback_love young,0.79206574
Pod_422,7,7_street_streets_fence_corner,1.0
Pod_423,10,10_young cossack_cossack_horseback_love young,1.0
Pod_424,18,18_farmer_rye_oats_horses,1.0
Pod_425,10,10_young cossack_cossack_horseback_love young,1.0
Pod_426,6,6_poplar_eyebrows_bright_boast,0.40104666
Pod_427,0,0_dear_sorrow_wish_weaving,0.0
Pod_428,18,18_farmer_rye_oats_horses,1.0
Pod_429,10,10_young cossack_cossack_horseback_love young,0.69249064
Pod_430,0,0_dear_sorrow_wish_weaving,0.0
Pod_431,16,16_song praise_cheerful song_sing song_sing,1.0
Pod_432,9,9_wreath_wreaths_wreath wreath_periwinkle,0.48742744
Pod_433,10,10_young cossack_cossack_horseback_love young,1.0
Pod_435,14,14_gyeongsang_jeolla_country_blow,0.5163686
Pod_436,17,17_mocking_squirrel_don laugh_laugh,0.348046
Pod_437,7,7_street_streets_fence_corner,0.80448055
Pod_438,0,0_dear_sorrow_wish_weaving,0.0
Pod_439,16,16_song praise_cheerful song_sing song_sing,0.4670446
Pod_440,13,13_september_thirty_march_summer,1.0
Pod_441,10,10_young cossack_cossack_horseback_love young,1.0
Pod_442,10,10_young cossack_cossack_horseback_love young,0.53383994
Pod_443,0,0_dear_sorrow_wish_weaving,0.0
Pod_444,0,0_dear_sorrow_wish_weaving,0.0
Pod_445,9,9_wreath_wreaths_wreath wreath_periwinkle,1.0
Pod_446,0,0_dear_sorrow_wish_weaving,0.0
Pod_447,18,18_farmer_rye_oats_horses,1.0
Pod_448,18,18_farmer_rye_oats_horses,1.0
Pod_449,16,16_song praise_cheerful song_sing song_sing,1.0
Pod_451,17,17_mocking_squirrel_don laugh_laugh,0.42071483
Pod_452,7,7_street_streets_fence_corner,0.7039414
Pod_453,10,10_young cossack_cossack_horseback_love young,1.0
Pod_454,10,10_young cossack_cossack_horseback_love young,1.0
Pod_455,0,0_dear_sorrow_wish_weaving,0.0
Pod_456,7,7_street_streets_fence_corner,1.0
Pod_457,6,6_poplar_eyebrows_bright_boast,0.81122714
Pod_458,0,0_dear_sorrow_wish_weaving,0.0
Pod_459,17,17_mocking_squirrel_don laugh_laugh,0.44735953
Pod_460,9,9_wreath_wreaths_wreath wreath_periwinkle,1.0
Pod_461,10,10_young cossack_cossack_horseback_love young,1.0
Pod_462,10,10_young cossack_cossack_horseback_love young,0.8891626
Pod_463,11,11_little horses_horses_maids_altar,0.5564046
Pod_464,9,9_wreath_wreaths_wreath wreath_periwinkle,1.0
Pod_465,18,18_farmer_rye_oats_horses,0.38861975
Pod_466,17,17_mocking_squirrel_don laugh_laugh,0.6238175
Pod_467,18,18_farmer_rye_oats_horses,0.67280155
Pod_468,14,14_gyeongsang_jeolla_country_blow,1.0
Pod_469,18,18_farmer_rye_oats_horses,0.51398736
Pod_470,10,10_young cossack_cossack_horseback_love young,1.0
Pod_471,10,10_young cossack_cossack_horseback_love young,0.33324468
Pod_472,11,11_little horses_horses_maids_altar,0.59094924
Pod_473,14,14_gyeongsang_jeolla_country_blow,1.0
Pod_474,10,10_young cossack_cossack_horseback_love young,0.6741327
Pod_475,7,7_street_streets_fence_corner,0.6403432
Pod_476,10,10_young cossack_cossack_horseback_love young,1.0
Pod_477,10,10_young cossack_cossack_horseback_love young,0.5515728
Pod_478,7,7_street_streets_fence_corner,0.8998208
Pod_479,10,10_young cossack_cossack_horseback_love young,0.513635
Pod_480,18,18_farmer_rye_oats_horses,0.8885334
Pod_481,6,6_poplar_eyebrows_bright_boast,0.8158435
Pod_482,3,3_saint nicholas_saint_nicholas_holy evening,0.68411446
Pod_483,14,14_gyeongsang_jeolla_country_blow,0.8275732
Pod_484,17,17_mocking_squirrel_don laugh_laugh,1.0
Pod_485,18,18_farmer_rye_oats_horses,0.55160844
Pod_486,10,10_young cossack_cossack_horseback_love young,1.0
Pod_487,14,14_gyeongsang_jeolla_country_blow,0.79062134
Pod_488,14,14_gyeongsang_jeolla_country_blow,1.0
Pod_489,6,6_poplar_eyebrows_bright_boast,1.0
Pod_490,0,0_dear_sorrow_wish_weaving,0.0
Pod_491,18,18_farmer_rye_oats_horses,0.67512476
Pod_492,10,10_young cossack_cossack_horseback_love young,0.8315194
Pod_493,14,14_gyeongsang_jeolla_country_blow,0.6788405
Pod_494,18,18_farmer_rye_oats_horses,0.708919
Pod_495,18,18_farmer_rye_oats_horses,0.8659935
Pod_496,18,18_farmer_rye_oats_horses,1.0
Pod_497,18,18_farmer_rye_oats_horses,1.0
Pod_498,10,10_young cossack_cossack_horseback_love young,1.0
Pod_499,10,10_young cossack_cossack_horseback_love young,0.62806594
Pod_500,10,10_young cossack_cossack_horseback_love young,0.920757
Pod_501,14,14_gyeongsang_jeolla_country_blow,1.0
Pod_502,10,10_young cossack_cossack_horseback_love young,0.76946276
Pod_503,10,10_young cossack_cossack_horseback_love young,0.5326864
Pod_504,14,14_gyeongsang_jeolla_country_blow,0.89714694
Pod_505,9,9_wreath_wreaths_wreath wreath_periwinkle,0.43122724
Pod_507,3,3_saint nicholas_saint_nicholas_holy evening,0.34576574
Pod_508,0,0_dear_sorrow_wish_weaving,0.0
Pod_509,18,18_farmer_rye_oats_horses,0.6253367
Pod_510,16,16_song praise_cheerful song_sing song_sing,0.5457421
Pod_511,10,10_young cossack_cossack_horseback_love young,0.62688535
Pod_512,7,7_street_streets_fence_corner,0.76368165
Pod_513,0,0_dear_sorrow_wish_weaving,0.0
Pod_514,10,10_young cossack_cossack_horseback_love young,1.0
Pod_515,10,10_young cossack_cossack_horseback_love young,1.0
Pod_516,10,10_young cossack_cossack_horseback_love young,0.47728887
Pod_517,0,0_dear_sorrow_wish_weaving,0.0
Pod_518,10,10_young cossack_cossack_horseback_love young,1.0
Pod_520,10,10_young cossack_cossack_horseback_love young,1.0
Pod_521,0,0_dear_sorrow_wish_weaving,0.0
Pod_522,0,0_dear_sorrow_wish_weaving,0.0
Pod_523,9,9_wreath_wreaths_wreath wreath_periwinkle,0.7502499
Pod_524,3,3_saint nicholas_saint_nicholas_holy evening,0.6141391
Pod_525,0,0_dear_sorrow_wish_weaving,0.0
Pod_527,16,16_song praise_cheerful song_sing song_sing,0.6766061
Pod_528,0,0_dear_sorrow_wish_weaving,0.0
Pod_529,14,14_gyeongsang_jeolla_country_blow,0.56983876
Pod_530,16,16_song praise_cheerful song_sing song_sing,1.0
Pod_531,18,18_farmer_rye_oats_horses,0.7496316
Pod_532,0,0_dear_sorrow_wish_weaving,0.0
Pod_533,18,18_farmer_rye_oats_horses,1.0
Pod_534,18,18_farmer_rye_oats_horses,1.0
Pod_535,10,10_young cossack_cossack_horseback_love young,1.0
Pod_537,0,0_dear_sorrow_wish_weaving,0.0
Pod_538,10,10_young cossack_cossack_horseback_love young,0.52104145
Pod_541,0,0_dear_sorrow_wish_weaving,0.0
Pod_542,14,14_gyeongsang_jeolla_country_blow,1.0
Pod_543,0,0_dear_sorrow_wish_weaving,0.0
Pod_544,18,18_farmer_rye_oats_horses,0.70767426
Pod_545,0,0_dear_sorrow_wish_weaving,0.0
Pod_546,18,18_farmer_rye_oats_horses,0.42759123
Pod_547,12,12_orphans_trees_plowed field_wilderness,1.0
Pod_548,0,0_dear_sorrow_wish_weaving,0.0
Pod_549,0,0_dear_sorrow_wish_weaving,0.0
Pod_550,0,0_dear_sorrow_wish_weaving,0.0
Pod_551,7,7_street_streets_fence_corner,1.0
Pod_552,18,18_farmer_rye_oats_horses,1.0
Pod_553,14,14_gyeongsang_jeolla_country_blow,0.47442743
Pod_554,17,17_mocking_squirrel_don laugh_laugh,1.0
Pod_555,16,16_song praise_cheerful song_sing song_sing,0.39102653
Pod_556,10,10_young cossack_cossack_horseback_love young,0.87765044
Pod_557,10,10_young cossack_cossack_horseback_love young,1.0
Pod_558,14,14_gyeongsang_jeolla_country_blow,1.0
Pod_559,18,18_farmer_rye_oats_horses,1.0
Pod_560,16,16_song praise_cheerful song_sing song_sing,1.0
Pod_561,3,3_saint nicholas_saint_nicholas_holy evening,1.0
Pod_563,10,10_young cossack_cossack_horseback_love young,0.87261766
Pod_564,18,18_farmer_rye_oats_horses,0.40946788
Pod_566,10,10_young cossack_cossack_horseback_love young,1.0
Pod_567,7,7_street_streets_fence_corner,0.53663945
Pod_568,10,10_young cossack_cossack_horseback_love young,1.0
Pod_569,18,18_farmer_rye_oats_horses,0.7463475
Pod_570,0,0_dear_sorrow_wish_weaving,0.0
Pod_571,14,14_gyeongsang_jeolla_country_blow,0.52776915
Pod_572,18,18_farmer_rye_oats_horses,1.0
Pod_573,10,10_young cossack_cossack_horseback_love young,0.75774205
Pod_574,17,17_mocking_squirrel_don laugh_laugh,1.0
Pod_575,18,18_farmer_rye_oats_horses,1.0
Pod_577,10,10_young cossack_cossack_horseback_love young,0.50913894
Pod_578,0,0_dear_sorrow_wish_weaving,0.0
Pod_579,18,18_farmer_rye_oats_horses,1.0
Pod_580,9,9_wreath_wreaths_wreath wreath_periwinkle,1.0
Pod_581,0,0_dear_sorrow_wish_weaving,0.0
Pod_582,0,0_dear_sorrow_wish_weaving,0.0
Pod_583,10,10_young cossack_cossack_horseback_love young,0.6874272
Pod_584,9,9_wreath_wreaths_wreath wreath_periwinkle,0.7953343
Pod_585,16,16_song praise_cheerful song_sing song_sing,1.0
Pod_586,10,10_young cossack_cossack_horseback_love young,1.0
Pod_587,0,0_dear_sorrow_wish_weaving,0.0
Pod_588,10,10_young cossack_cossack_horseback_love young,0.70279235
Pod_589,9,9_wreath_wreaths_wreath wreath_periwinkle,0.77333647
Pod_591,13,13_september_thirty_march_summer,0.6885135
Pod_592,9,9_wreath_wreaths_wreath wreath_periwinkle,0.6695159
Pod_593,10,10_young cossack_cossack_horseback_love young,1.0
Pod_595,13,13_september_thirty_march_summer,0.47405612
Pod_596,10,10_young cossack_cossack_horseback_love young,1.0
Pod_597,11,11_little horses_horses_maids_altar,1.0
Pod_598,17,17_mocking_squirrel_don laugh_laugh,1.0
Pod_599,18,18_farmer_rye_oats_horses,1.0
Pod_600,14,14_gyeongsang_jeolla_country_blow,0.6887334
Pod_601,9,9_wreath_wreaths_wreath wreath_periwinkle,1.0
Pod_603,13,13_september_thirty_march_summer,0.7641399
Pod_604,9,9_wreath_wreaths_wreath wreath_periwinkle,1.0
Pod_606,10,10_young cossack_cossack_horseback_love young,0.6949159
Pod_609,0,0_dear_sorrow_wish_weaving,0.0
Pod_610,0,0_dear_sorrow_wish_weaving,0.0
Pod_611,0,0_dear_sorrow_wish_weaving,0.0
Pod_612,0,0_dear_sorrow_wish_weaving,0.0
Pod_613,0,0_dear_sorrow_wish_weaving,0.0
Pod_614,10,10_young cossack_cossack_horseback_love young,1.0
Pod_615,9,9_wreath_wreaths_wreath wreath_periwinkle,1.0
Pod_616,14,14_gyeongsang_jeolla_country_blow,0.3653942
Pod_617,18,18_farmer_rye_oats_horses,0.42923534
Pod_618,18,18_farmer_rye_oats_horses,0.5416399
Pod_619,0,0_dear_sorrow_wish_weaving,0.0
Pod_620,3,3_saint nicholas_saint_nicholas_holy evening,1.0
Pod_621,0,0_dear_sorrow_wish_weaving,0.0
Pod_622,0,0_dear_sorrow_wish_weaving,0.0
Pod_623,16,16_song praise_cheerful song_sing song_sing,0.5540151
Pod_624,10,10_young cossack_cossack_horseback_love young,0.47163677
Pod_625,9,9_wreath_wreaths_wreath wreath_periwinkle,1.0
Pod_626,9,9_wreath_wreaths_wreath wreath_periwinkle,1.0
Pod_627,9,9_wreath_wreaths_wreath wreath_periwinkle,0.886326
Pod_628,0,0_dear_sorrow_wish_weaving,0.0
Pod_629,10,10_young cossack_cossack_horseback_love young,0.6083671
Pod_630,9,9_wreath_wreaths_wreath wreath_periwinkle,0.54926
Pod_632,6,6_poplar_eyebrows_bright_boast,0.3571485
Pod_633,0,0_dear_sorrow_wish_weaving,0.0
Pod_634,10,10_young cossack_cossack_horseback_love young,1.0
Pod_635,17,17_mocking_squirrel_don laugh_laugh,1.0
Pod_636,0,0_dear_sorrow_wish_weaving,0.0
Pod_637,14,14_gyeongsang_jeolla_country_blow,1.0
Pod_638,0,0_dear_sorrow_wish_weaving,0.0
Pod_639,0,0_dear_sorrow_wish_weaving,0.0
Pod_641,9,9_wreath_wreaths_wreath wreath_periwinkle,1.0
Pod_642,18,18_farmer_rye_oats_horses,0.5078946
Pod_643,17,17_mocking_squirrel_don laugh_laugh,1.0
Pod_644,11,11_little horses_horses_maids_altar,1.0
Pod_645,18,18_farmer_rye_oats_horses,1.0
Pod_646,7,7_street_streets_fence_corner,0.57542276
Pod_647,9,9_wreath_wreaths_wreath wreath_periwinkle,1.0
Pod_648,0,0_dear_sorrow_wish_weaving,0.0
Pod_649,12,12_orphans_trees_plowed field_wilderness,1.0
Pod_650,18,18_farmer_rye_oats_horses,1.0
Pod_651,0,0_dear_sorrow_wish_weaving,0.0
Pod_652,18,18_farmer_rye_oats_horses,0.55241895
Pod_653,10,10_young cossack_cossack_horseback_love young,1.0
Pod_654,0,0_dear_sorrow_wish_weaving,0.0
Pod_655,16,16_song praise_cheerful song_sing song_sing,1.0
Pod_656,18,18_farmer_rye_oats_horses,0.56682444
Pod_657,13,13_september_thirty_march_summer,1.0
Pod_658,0,0_dear_sorrow_wish_weaving,0.0
Pod_659,11,11_little horses_horses_maids_altar,0.64594513
Pod_660,10,10_young cossack_cossack_horseback_love young,1.0
Pod_661,10,10_young cossack_cossack_horseback_love young,1.0
Pod_662,18,18_farmer_rye_oats_horses,0.5402744
Pod_664,0,0_dear_sorrow_wish_weaving,0.0
Pod_665,13,13_september_thirty_march_summer,1.0
Pod_666,15,15_slave_goats_ants_feathers,1.0
Pod_667,10,10_young cossack_cossack_horseback_love young,1.0
Pod_670,0,0_dear_sorrow_wish_weaving,0.0
Pod_671,0,0_dear_sorrow_wish_weaving,0.0
Pod_672,0,0_dear_sorrow_wish_weaving,0.0
Pod_675,0,0_dear_sorrow_wish_weaving,0.0
Pod_676,0,0_dear_sorrow_wish_weaving,0.0
Pod_677,0,0_dear_sorrow_wish_weaving,0.0
Pod_678,6,6_poplar_eyebrows_bright_boast,1.0
Pod_679,13,13_september_thirty_march_summer,0.5492195
Pod_680,13,13_september_thirty_march_summer,1.0
Pod_681,0,0_dear_sorrow_wish_weaving,0.0
Pod_682,0,0_dear_sorrow_wish_weaving,0.0
Pod_683,15,15_slave_goats_ants_feathers,1.0
Pod_684,0,0_dear_sorrow_wish_weaving,0.0
Pod_685,0,0_dear_sorrow_wish_weaving,0.0
Pod_687,9,9_wreath_wreaths_wreath wreath_periwinkle,1.0
Pod_688,0,0_dear_sorrow_wish_weaving,0.0
Pod_689,0,0_dear_sorrow_wish_weaving,0.0
Pod_690,0,0_dear_sorrow_wish_weaving,0.0
Pod_691,9,9_wreath_wreaths_wreath wreath_periwinkle,1.0
Pod_692,0,0_dear_sorrow_wish_weaving,0.0
Pod_695,0,0_dear_sorrow_wish_weaving,0.0
Pod_696,17,17_mocking_squirrel_don laugh_laugh,0.66194665
Pod_697,14,14_gyeongsang_jeolla_country_blow,0.83460903
Pod_698,0,0_dear_sorrow_wish_weaving,0.0
Pod_700,9,9_wreath_wreaths_wreath wreath_periwinkle,0.75496286
Pod_701,17,17_mocking_squirrel_don laugh_laugh,1.0
Pod_702,0,0_dear_sorrow_wish_weaving,0.0
Pod_703,16,16_song praise_cheerful song_sing song_sing,0.62851644
Pod_704,10,10_young cossack_cossack_horseback_love young,0.70540303
Pod_706,16,16_song praise_cheerful song_sing song_sing,0.65943587
Pod_707,14,14_gyeongsang_jeolla_country_blow,0.5202198
Pod_708,0,0_dear_sorrow_wish_weaving,0.0
Pod_709,0,0_dear_sorrow_wish_weaving,0.0
Pod_710,11,11_little horses_horses_maids_altar,1.0
Pod_711,10,10_young cossack_cossack_horseback_love young,0.5088676
Pod_712,16,16_song praise_cheerful song_sing song_sing,1.0
Pod_713,9,9_wreath_wreaths_wreath wreath_periwinkle,1.0
Pod_714,10,10_young cossack_cossack_horseback_love young,0.67547566
Pod_715,6,6_poplar_eyebrows_bright_boast,1.0
Pod_716,0,0_dear_sorrow_wish_weaving,0.0
Pod_717,12,12_orphans_trees_plowed field_wilderness,1.0
Pod_718,16,16_song praise_cheerful song_sing song_sing,0.46646997
Pod_719,18,18_farmer_rye_oats_horses,0.5356318
Pod_720,10,10_young cossack_cossack_horseback_love young,0.69954497
Pod_721,0,0_dear_sorrow_wish_weaving,0.0
Pod_722,10,10_young cossack_cossack_horseback_love young,0.8736428
Pod_723,10,10_young cossack_cossack_horseback_love young,1.0
Pod_724,6,6_poplar_eyebrows_bright_boast,0.88709146
Pod_725,3,3_saint nicholas_saint_nicholas_holy evening,1.0
Pod_726,7,7_street_streets_fence_corner,0.90833783
Pod_727,0,0_dear_sorrow_wish_weaving,0.0
Pod_728,18,18_farmer_rye_oats_horses,0.50163126
Pod_729,10,10_young cossack_cossack_horseback_love young,1.0
Pod_730,6,6_poplar_eyebrows_bright_boast,1.0
Pod_731,0,0_dear_sorrow_wish_weaving,0.0
Pod_732,0,0_dear_sorrow_wish_weaving,0.0
Pod_733,0,0_dear_sorrow_wish_weaving,0.0
Pod_734,9,9_wreath_wreaths_wreath wreath_periwinkle,1.0
Pod_735,6,6_poplar_eyebrows_bright_boast,0.5089801
Pod_736,0,0_dear_sorrow_wish_weaving,0.0
Pod_737,0,0_dear_sorrow_wish_weaving,0.0
Pod_738,0,0_dear_sorrow_wish_weaving,0.0
Pod_739,0,0_dear_sorrow_wish_weaving,0.0
Pod_740,18,18_farmer_rye_oats_horses,1.0
Pod_741,17,17_mocking_squirrel_don laugh_laugh,0.7649424
Pod_742,13,13_september_thirty_march_summer,1.0
Pod_743,13,13_september_thirty_march_summer,1.0
Pod_744,6,6_poplar_eyebrows_bright_boast,0.3827906
Pod_745,17,17_mocking_squirrel_don laugh_laugh,1.0
Pod_746,17,17_mocking_squirrel_don laugh_laugh,1.0
Pod_747,0,0_dear_sorrow_wish_weaving,0.0
Pod_748,9,9_wreath_wreaths_wreath wreath_periwinkle,1.0
Pod_749,9,9_wreath_wreaths_wreath wreath_periwinkle,0.8836182
Pod_750,9,9_wreath_wreaths_wreath wreath_periwinkle,0.8788982
Pod_751,0,0_dear_sorrow_wish_weaving,0.0
Pod_752,18,18_farmer_rye_oats_horses,0.6650296
Pod_753,0,0_dear_sorrow_wish_weaving,0.0
Pod_754,0,0_dear_sorrow_wish_weaving,0.0
Pod_755,18,18_farmer_rye_oats_horses,1.0
Pod_757,0,0_dear_sorrow_wish_weaving,0.0
Pod_758,0,0_dear_sorrow_wish_weaving,0.0
Pod_759,9,9_wreath_wreaths_wreath wreath_periwinkle,1.0
Pod_760,11,11_little horses_horses_maids_altar,0.52639425
Pod_761,9,9_wreath_wreaths_wreath wreath_periwinkle,0.7551724
Pod_762,9,9_wreath_wreaths_wreath wreath_periwinkle,1.0
Pod_763,9,9_wreath_wreaths_wreath wreath_periwinkle,0.536148
Pod_764,9,9_wreath_wreaths_wreath wreath_periwinkle,1.0
Pod_765,9,9_wreath_wreaths_wreath wreath_periwinkle,1.0
Pod_766,9,9_wreath_wreaths_wreath wreath_periwinkle,1.0
Pod_767,9,9_wreath_wreaths_wreath wreath_periwinkle,1.0
Pod_768,9,9_wreath_wreaths_wreath wreath_periwinkle,1.0
Pod_769,9,9_wreath_wreaths_wreath wreath_periwinkle,0.6947498
Pod_770,15,15_slave_goats_ants_feathers,0.4082467
Pod_771,9,9_wreath_wreaths_wreath wreath_periwinkle,1.0
Pod_772,9,9_wreath_wreaths_wreath wreath_periwinkle,1.0
Pod_773,17,17_mocking_squirrel_don laugh_laugh,1.0
Pod_774,9,9_wreath_wreaths_wreath wreath_periwinkle,1.0
Pod_775,9,9_wreath_wreaths_wreath wreath_periwinkle,1.0
Pod_776,8,8_garden little_young maiden_nightingale_little cuckoo,1.0
Pod_777,15,15_slave_goats_ants_feathers,0.52093506
Pod_778,15,15_slave_goats_ants_feathers,0.49192506
Pod_779,8,8_garden little_young maiden_nightingale_little cuckoo,0.7528128
Pod_780,15,15_slave_goats_ants_feathers,0.5523348
Pod_781,6,6_poplar_eyebrows_bright_boast,0.6073024
Pod_782,0,0_dear_sorrow_wish_weaving,0.0
Pod_783,0,0_dear_sorrow_wish_weaving,0.0
Pod_784,0,0_dear_sorrow_wish_weaving,0.0
Pod_785,10,10_young cossack_cossack_horseback_love young,1.0
Pod_786,15,15_slave_goats_ants_feathers,0.8499849
Pod_787,10,10_young cossack_cossack_horseback_love young,1.0
Pod_788,15,15_slave_goats_ants_feathers,0.8397107
Pod_789,14,14_gyeongsang_jeolla_country_blow,0.5591366
Pod_790,0,0_dear_sorrow_wish_weaving,0.0
Pod_791,0,0_dear_sorrow_wish_weaving,0.0
Pod_792,14,14_gyeongsang_jeolla_country_blow,0.8897167
Pod_793,0,0_dear_sorrow_wish_weaving,0.0
Pod_794,7,7_street_streets_fence_corner,0.8131299
Pod_795,7,7_street_streets_fence_corner,0.582038
Pod_796,16,16_song praise_cheerful song_sing song_sing,0.65763646
Pod_797,16,16_song praise_cheerful song_sing song_sing,1.0
Pod_798,16,16_song praise_cheerful song_sing song_sing,1.0
Pod_799,14,14_gyeongsang_jeolla_country_blow,1.0
Pod_800,6,6_poplar_eyebrows_bright_boast,1.0
Pod_801,18,18_farmer_rye_oats_horses,0.53633755
Pod_803,0,0_dear_sorrow_wish_weaving,0.0
Pod_804,18,18_farmer_rye_oats_horses,1.0
Pod_805,0,0_dear_sorrow_wish_weaving,0.0
Pod_806,9,9_wreath_wreaths_wreath wreath_periwinkle,1.0
Pod_807,9,9_wreath_wreaths_wreath wreath_periwinkle,1.0
Pod_808,6,6_poplar_eyebrows_bright_boast,0.3371888
Pod_809,14,14_gyeongsang_jeolla_country_blow,0.5447034
Pod_810,9,9_wreath_wreaths_wreath wreath_periwinkle,1.0
Pod_812,0,0_dear_sorrow_wish_weaving,0.0
Pod_813,9,9_wreath_wreaths_wreath wreath_periwinkle,1.0
Pod_815,0,0_dear_sorrow_wish_weaving,0.0
Pod_816,9,9_wreath_wreaths_wreath wreath_periwinkle,0.57456404
Pod_817,0,0_dear_sorrow_wish_weaving,0.0
Pod_818,9,9_wreath_wreaths_wreath wreath_periwinkle,0.72138536
Pod_819,9,9_wreath_wreaths_wreath wreath_periwinkle,0.40514916
Pod_820,6,6_poplar_eyebrows_bright_boast,1.0
Pod_821,6,6_poplar_eyebrows_bright_boast,1.0
Pod_822,6,6_poplar_eyebrows_bright_boast,1.0
Pod_823,11,11_little horses_horses_maids_altar,1.0
Pod_824,0,0_dear_sorrow_wish_weaving,0.0
Pod_825,0,0_dear_sorrow_wish_weaving,0.0
Pod_826,0,0_dear_sorrow_wish_weaving,0.0
Pod_827,18,18_farmer_rye_oats_horses,1.0
Pod_828,15,15_slave_goats_ants_feathers,1.0
Pod_829,0,0_dear_sorrow_wish_weaving,0.0
Pod_830,14,14_gyeongsang_jeolla_country_blow,1.0
Pod_831,3,3_saint nicholas_saint_nicholas_holy evening,0.5319238
Pod_832,18,18_farmer_rye_oats_horses,1.0
Pod_833,9,9_wreath_wreaths_wreath wreath_periwinkle,1.0
Pod_834,0,0_dear_sorrow_wish_weaving,0.0
Pod_835,0,0_dear_sorrow_wish_weaving,0.0
Pod_836,0,0_dear_sorrow_wish_weaving,0.0
Pod_837,0,0_dear_sorrow_wish_weaving,0.0
Pod_838,0,0_dear_sorrow_wish_weaving,0.0
Pod_839,0,0_dear_sorrow_wish_weaving,0.0
Pod_840,0,0_dear_sorrow_wish_weaving,0.0
Pod_841,0,0_dear_sorrow_wish_weaving,0.0
Pod_842,0,0_dear_sorrow_wish_weaving,0.0
Pod_843,7,7_street_streets_fence_corner,1.0
Pod_844,0,0_dear_sorrow_wish_weaving,0.0
Pod_845,0,0_dear_sorrow_wish_weaving,0.0
Pod_846,0,0_dear_sorrow_wish_weaving,0.0
Pod_847,0,0_dear_sorrow_wish_weaving,0.0
Pod_848,6,6_poplar_eyebrows_bright_boast,0.39765698
Pod_849,0,0_dear_sorrow_wish_weaving,0.0
Pod_850,13,13_september_thirty_march_summer,0.7396291
Pod_851,0,0_dear_sorrow_wish_weaving,0.0
Pod_852,0,0_dear_sorrow_wish_weaving,0.0
Pod_853,0,0_dear_sorrow_wish_weaving,0.0
Pod_854,11,11_little horses_horses_maids_altar,1.0
Pod_855,17,17_mocking_squirrel_don laugh_laugh,0.78673655
Pod_856,7,7_street_streets_fence_corner,1.0
Pod_857,0,0_dear_sorrow_wish_weaving,0.0
Pod_858,0,0_dear_sorrow_wish_weaving,0.0
Pod_859,0,0_dear_sorrow_wish_weaving,0.0
Pod_860,0,0_dear_sorrow_wish_weaving,0.0
Pod_861,0,0_dear_sorrow_wish_weaving,0.0
Pod_862,16,16_song praise_cheerful song_sing song_sing,1.0
Pod_863,18,18_farmer_rye_oats_horses,1.0
Pod_864,18,18_farmer_rye_oats_horses,1.0
Pod_865,18,18_farmer_rye_oats_horses,1.0
Pod_866,15,15_slave_goats_ants_feathers,0.522684
Pod_867,18,18_farmer_rye_oats_horses,0.7516352
Pod_868,18,18_farmer_rye_oats_horses,0.67551893
Pod_869,9,9_wreath_wreaths_wreath wreath_periwinkle,0.51264757
Pod_870,9,9_wreath_wreaths_wreath wreath_periwinkle,1.0
Pod_871,18,18_farmer_rye_oats_horses,0.494373
Pod_872,9,9_wreath_wreaths_wreath wreath_periwinkle,0.7372193
Pod_873,18,18_farmer_rye_oats_horses,1.0
Pod_874,0,0_dear_sorrow_wish_weaving,0.0
Pod_875,17,17_mocking_squirrel_don laugh_laugh,0.77420145
Pod_876,13,13_september_thirty_march_summer,0.7231194
Pod_877,18,18_farmer_rye_oats_horses,1.0
Pod_878,18,18_farmer_rye_oats_horses,0.75527346
Pod_879,0,0_dear_sorrow_wish_weaving,0.0
Pod_880,0,0_dear_sorrow_wish_weaving,0.0
Pod_881,3,3_saint nicholas_saint_nicholas_holy evening,0.61426324
Pod_882,3,3_saint nicholas_saint_nicholas_holy evening,0.5512295
Pod_883,18,18_farmer_rye_oats_horses,0.7281169
Pod_884,18,18_farmer_rye_oats_horses,0.57325953
Pod_885,3,3_saint nicholas_saint_nicholas_holy evening,0.6435582
Pod_886,6,6_poplar_eyebrows_bright_boast,1.0
Pod_887,14,14_gyeongsang_jeolla_country_blow,0.5195426
Pod_888,13,13_september_thirty_march_summer,0.53206086
Pod_889,13,13_september_thirty_march_summer,1.0
Pod_890,18,18_farmer_rye_oats_horses,0.3698478
Pod_891,14,14_gyeongsang_jeolla_country_blow,0.5897348
Pod_892,0,0_dear_sorrow_wish_weaving,0.0
Pod_893,14,14_gyeongsang_jeolla_country_blow,1.0
Pod_894,14,14_gyeongsang_jeolla_country_blow,0.52594846
Pod_895,18,18_farmer_rye_oats_horses,1.0
Pod_896,3,3_saint nicholas_saint_nicholas_holy evening,0.55177253
Pod_897,0,0_dear_sorrow_wish_weaving,0.0
Pod_898,3,3_saint nicholas_saint_nicholas_holy evening,0.53335965
Pod_899,0,0_dear_sorrow_wish_weaving,0.0
Pod_900,0,0_dear_sorrow_wish_weaving,0.0
Pod_901,0,0_dear_sorrow_wish_weaving,0.0
Pod_902,0,0_dear_sorrow_wish_weaving,0.0
Pod_904,0,0_dear_sorrow_wish_weaving,0.0
Pod_905,16,16_song praise_cheerful song_sing song_sing,1.0
Pod_906,17,17_mocking_squirrel_don laugh_laugh,1.0
Pod_907,18,18_farmer_rye_oats_horses,0.54629993
Pod_908,13,13_september_thirty_march_summer,0.51116234
Pod_909,13,13_september_thirty_march_summer,1.0
Pod_910,9,9_wreath_wreaths_wreath wreath_periwinkle,0.50496924
Pod_911,9,9_wreath_wreaths_wreath wreath_periwinkle,0.50496924
Pod_912,16,16_song praise_cheerful song_sing song_sing,0.52803576
Pod_913,18,18_farmer_rye_oats_horses,1.0
Pod_914,18,18_farmer_rye_oats_horses,1.0
Pod_915,18,18_farmer_rye_oats_horses,1.0
Pod_916,18,18_farmer_rye_oats_horses,1.0
Pod_917,18,18_farmer_rye_oats_horses,0.91230255
Pod_918,18,18_farmer_rye_oats_horses,1.0
Pod_919,6,6_poplar_eyebrows_bright_boast,1.0
Pod_920,0,0_dear_sorrow_wish_weaving,0.0
Pod_921,0,0_dear_sorrow_wish_weaving,0.0
Pod_922,6,6_poplar_eyebrows_bright_boast,1.0
Pod_923,6,6_poplar_eyebrows_bright_boast,1.0
Pod_926,6,6_poplar_eyebrows_bright_boast,0.8207593
Pod_927,6,6_poplar_eyebrows_bright_boast,0.9687116
Pod_928,0,0_dear_sorrow_wish_weaving,0.0
Pod_929,0,0_dear_sorrow_wish_weaving,0.0
Pod_930,0,0_dear_sorrow_wish_weaving,0.0
Pod_931,6,6_poplar_eyebrows_bright_boast,1.0
Pod_932,6,6_poplar_eyebrows_bright_boast,1.0
Pod_933,6,6_poplar_eyebrows_bright_boast,1.0
Pod_934,6,6_poplar_eyebrows_bright_boast,1.0
Pod_935,9,9_wreath_wreaths_wreath wreath_periwinkle,1.0
Pod_936,0,0_dear_sorrow_wish_weaving,0.0
Pod_937,10,10_young cossack_cossack_horseback_love young,1.0
Pod_938,0,0_dear_sorrow_wish_weaving,0.0
Pod_939,0,0_dear_sorrow_wish_weaving,0.0
Pod_941,0,0_dear_sorrow_wish_weaving,0.0
Pod_942,18,18_farmer_rye_oats_horses,1.0
Pod_943,18,18_farmer_rye_oats_horses,1.0
Pod_944,18,18_farmer_rye_oats_horses,1.0
Pod_945,18,18_farmer_rye_oats_horses,0.64838433
Pod_946,0,0_dear_sorrow_wish_weaving,0.0
Pod_947,6,6_poplar_eyebrows_bright_boast,1.0
Pod_948,0,0_dear_sorrow_wish_weaving,0.0
Pod_949,0,0_dear_sorrow_wish_weaving,0.0
Pod_950,6,6_poplar_eyebrows_bright_boast,1.0
Pod_951,0,0_dear_sorrow_wish_weaving,0.0
Pod_952,16,16_song praise_cheerful song_sing song_sing,0.5562454
Pod_953,16,16_song praise_cheerful song_sing song_sing,0.5562454
Pod_954,16,16_song praise_cheerful song_sing song_sing,0.5999904
Pod_955,7,7_street_streets_fence_corner,0.74833393
Pod_956,7,7_street_streets_fence_corner,0.9165192
Pod_957,0,0_dear_sorrow_wish_weaving,0.0
Pod_958,0,0_dear_sorrow_wish_weaving,0.0
Pod_959,9,9_wreath_wreaths_wreath wreath_periwinkle,1.0
Pod_960,14,14_gyeongsang_jeolla_country_blow,0.48861188
Pod_961,16,16_song praise_cheerful song_sing song_sing,1.0
Pod_962,0,0_dear_sorrow_wish_weaving,0.0
Pod_963,9,9_wreath_wreaths_wreath wreath_periwinkle,1.0
Pod_964,0,0_dear_sorrow_wish_weaving,0.0
Pod_965,0,0_dear_sorrow_wish_weaving,0.0
Pod_966,10,10_young cossack_cossack_horseback_love young,1.0
Pod_967,0,0_dear_sorrow_wish_weaving,0.0
Pod_968,7,7_street_streets_fence_corner,0.86827856
Pod_969,0,0_dear_sorrow_wish_weaving,0.0
Pod_970,0,0_dear_sorrow_wish_weaving,0.0
Pod_971,0,0_dear_sorrow_wish_weaving,0.0
Pod_972,18,18_farmer_rye_oats_horses,1.0
Pod_973,0,0_dear_sorrow_wish_weaving,0.0
Pod_974,0,0_dear_sorrow_wish_weaving,0.0
Pod_975,9,9_wreath_wreaths_wreath wreath_periwinkle,1.0
Pod_976,9,9_wreath_wreaths_wreath wreath_periwinkle,1.0
Pod_977,9,9_wreath_wreaths_wreath wreath_periwinkle,0.87735367
Pod_978,9,9_wreath_wreaths_wreath wreath_periwinkle,0.87735814
Pod_979,18,18_farmer_rye_oats_horses,0.6752729
Pod_980,18,18_farmer_rye_oats_horses,0.50395876
Pod_981,9,9_wreath_wreaths_wreath wreath_periwinkle,0.5485158
Pod_982,16,16_song praise_cheerful song_sing song_sing,0.7687307
Pod_983,0,0_dear_sorrow_wish_weaving,0.0
Pod_984,10,10_young cossack_cossack_horseback_love young,1.0
Pod_985,0,0_dear_sorrow_wish_weaving,0.0
Pod_986,11,11_little horses_horses_maids_altar,1.0
Pod_987,9,9_wreath_wreaths_wreath wreath_periwinkle,0.8806337
Pod_988,0,0_dear_sorrow_wish_weaving,0.0
Pod_989,0,0_dear_sorrow_wish_weaving,0.0
Pod_990,0,0_dear_sorrow_wish_weaving,0.0
Pod_991,16,16_song praise_cheerful song_sing song_sing,1.0
Pod_992,18,18_farmer_rye_oats_horses,0.49828178
Pod_993,18,18_farmer_rye_oats_horses,1.0
Pod_994,0,0_dear_sorrow_wish_weaving,0.0
Pod_995,7,7_street_streets_fence_corner,0.6817358
Pod_996,9,9_wreath_wreaths_wreath wreath_periwinkle,0.5636666
Pod_997,15,15_slave_goats_ants_feathers,0.49489152
Pod_998,0,0_dear_sorrow_wish_weaving,0.0
Pod_999,0,0_dear_sorrow_wish_weaving,0.0
Pod_1000,0,0_dear_sorrow_wish_weaving,0.0
Pod_1001,9,9_wreath_wreaths_wreath wreath_periwinkle,0.58166665
Pod_1002,0,0_dear_sorrow_wish_weaving,0.0
Pod_1003,10,10_young cossack_cossack_horseback_love young,0.612906
Pod_1004,11,11_little horses_horses_maids_altar,0.8474983
Pod_1005,11,11_little horses_horses_maids_altar,0.68972254
Pod_1006,9,9_wreath_wreaths_wreath wreath_periwinkle,1.0
Pod_1007,9,9_wreath_wreaths_wreath wreath_periwinkle,1.0
Pod_1008,11,11_little horses_horses_maids_altar,0.5115012
Pod_1009,0,0_dear_sorrow_wish_weaving,0.0
Pod_1010,9,9_wreath_wreaths_wreath wreath_periwinkle,0.8617479
Pod_1011,9,9_wreath_wreaths_wreath wreath_periwinkle,1.0
Pod_1012,9,9_wreath_wreaths_wreath wreath_periwinkle,1.0
Pod_1013,9,9_wreath_wreaths_wreath wreath_periwinkle,1.0
Pod_1014,9,9_wreath_wreaths_wreath wreath_periwinkle,1.0
Pod_1015,9,9_wreath_wreaths_wreath wreath_periwinkle,1.0
Pod_1016,9,9_wreath_wreaths_wreath wreath_periwinkle,1.0
Pod_1017,9,9_wreath_wreaths_wreath wreath_periwinkle,1.0
Pod_1018,16,16_song praise_cheerful song_sing song_sing,0.6718222
Pod_1019,9,9_wreath_wreaths_wreath wreath_periwinkle,0.9667348
Pod_1020,9,9_wreath_wreaths_wreath wreath_periwinkle,1.0
Pod_1021,9,9_wreath_wreaths_wreath wreath_periwinkle,1.0
Pod_1022,9,9_wreath_wreaths_wreath wreath_periwinkle,0.738536
Pod_1023,9,9_wreath_wreaths_wreath wreath_periwinkle,0.97709453
Pod_1024,9,9_wreath_wreaths_wreath wreath_periwinkle,0.95657533
Pod_1025,9,9_wreath_wreaths_wreath wreath_periwinkle,1.0
Pod_1026,9,9_wreath_wreaths_wreath wreath_periwinkle,0.9735139
Pod_1027,9,9_wreath_wreaths_wreath wreath_periwinkle,0.98065686
Pod_1028,9,9_wreath_wreaths_wreath wreath_periwinkle,1.0
Pod_1029,9,9_wreath_wreaths_wreath wreath_periwinkle,1.0
Pod_1030,9,9_wreath_wreaths_wreath wreath_periwinkle,1.0
Pod_1031,9,9_wreath_wreaths_wreath wreath_periwinkle,1.0
Pod_1032,9,9_wreath_wreaths_wreath wreath_periwinkle,1.0
Pod_1033,9,9_wreath_wreaths_wreath wreath_periwinkle,0.6203289
Pod_1034,9,9_wreath_wreaths_wreath wreath_periwinkle,0.6840615
Pod_1035,9,9_wreath_wreaths_wreath wreath_periwinkle,0.61200655
Pod_1036,9,9_wreath_wreaths_wreath wreath_periwinkle,1.0
Pod_1037,9,9_wreath_wreaths_wreath wreath_periwinkle,1.0
Pod_1038,9,9_wreath_wreaths_wreath wreath_periwinkle,0.53534395
Pod_1039,9,9_wreath_wreaths_wreath wreath_periwinkle,0.60674477
Pod_1040,16,16_song praise_cheerful song_sing song_sing,1.0
Pod_1041,18,18_farmer_rye_oats_horses,1.0
Pod_1042,8,8_garden little_young maiden_nightingale_little cuckoo,1.0
Pod_1043,18,18_farmer_rye_oats_horses,0.6792661
Pod_1044,14,14_gyeongsang_jeolla_country_blow,1.0
Pod_1045,8,8_garden little_young maiden_nightingale_little cuckoo,0.5001753
Pod_1046,8,8_garden little_young maiden_nightingale_little cuckoo,0.5922896
Pod_1047,8,8_garden little_young maiden_nightingale_little cuckoo,0.5038991
Pod_1048,8,8_garden little_young maiden_nightingale_little cuckoo,0.5341837
Pod_1049,18,18_farmer_rye_oats_horses,0.6834959
Pod_1050,18,18_farmer_rye_oats_horses,1.0
Pod_1051,0,0_dear_sorrow_wish_weaving,0.0
Pod_1052,0,0_dear_sorrow_wish_weaving,0.0
Pod_1053,0,0_dear_sorrow_wish_weaving,0.0
Pod_1054,13,13_september_thirty_march_summer,1.0
Pod_1055,6,6_poplar_eyebrows_bright_boast,0.838983
Pod_1056,6,6_poplar_eyebrows_bright_boast,0.63504595
Pod_1057,16,16_song praise_cheerful song_sing song_sing,1.0
Pod_1058,16,16_song praise_cheerful song_sing song_sing,1.0
Pod_1059,11,11_little horses_horses_maids_altar,0.51876825
Pod_1060,17,17_mocking_squirrel_don laugh_laugh,1.0
Pod_1061,16,16_song praise_cheerful song_sing song_sing,0.57710886
Pod_1062,13,13_september_thirty_march_summer,0.6805236
Pod_1063,10,10_young cossack_cossack_horseback_love young,0.46041778
Pod_1064,9,9_wreath_wreaths_wreath wreath_periwinkle,0.757945
Pod_1065,9,9_wreath_wreaths_wreath wreath_periwinkle,1.0
Pod_1066,16,16_song praise_cheerful song_sing song_sing,0.7018578
Pod_1067,0,0_dear_sorrow_wish_weaving,0.0
Pod_1068,7,7_street_streets_fence_corner,0.90911794
Pod_1069,9,9_wreath_wreaths_wreath wreath_periwinkle,1.0
Pod_1070,9,9_wreath_wreaths_wreath wreath_periwinkle,1.0
Pod_1071,0,0_dear_sorrow_wish_weaving,0.0
Pod_1072,0,0_dear_sorrow_wish_weaving,0.0
Pod_1073,10,10_young cossack_cossack_horseback_love young,0.76135445
Pod_1074,0,0_dear_sorrow_wish_weaving,0.0
Pod_1075,0,0_dear_sorrow_wish_weaving,0.0
Pod_1076,0,0_dear_sorrow_wish_weaving,0.0
Pod_1078,11,11_little horses_horses_maids_altar,1.0
Pod_1079,0,0_dear_sorrow_wish_weaving,0.0
Pod_1080,0,0_dear_sorrow_wish_weaving,0.0
Pod_1081,0,0_dear_sorrow_wish_weaving,0.0
Pod_1082,9,9_wreath_wreaths_wreath wreath_periwinkle,0.864733
Pod_1083,9,9_wreath_wreaths_wreath wreath_periwinkle,0.7310864
Pod_1084,0,0_dear_sorrow_wish_weaving,0.0
Pod_1085,6,6_poplar_eyebrows_bright_boast,0.34553495
Pod_1086,6,6_poplar_eyebrows_bright_boast,0.3295629
Pod_1087,6,6_poplar_eyebrows_bright_boast,0.33146763
Pod_1088,6,6_poplar_eyebrows_bright_boast,0.65625644
Pod_1089,6,6_poplar_eyebrows_bright_boast,0.7397971
Pod_1090,14,14_gyeongsang_jeolla_country_blow,1.0
Pod_1091,6,6_poplar_eyebrows_bright_boast,0.5746962
Pod_1092,6,6_poplar_eyebrows_bright_boast,0.5054886
Pod_1093,7,7_street_streets_fence_corner,1.0
Pod_1094,0,0_dear_sorrow_wish_weaving,0.0
Pod_1095,6,6_poplar_eyebrows_bright_boast,0.9816051
Pod_1096,6,6_poplar_eyebrows_bright_boast,0.87170935
Pod_1097,6,6_poplar_eyebrows_bright_boast,0.8327452
Pod_1098,6,6_poplar_eyebrows_bright_boast,1.0
Pod_1099,6,6_poplar_eyebrows_bright_boast,1.0
Pod_1100,6,6_poplar_eyebrows_bright_boast,1.0
Pod_1101,6,6_poplar_eyebrows_bright_boast,1.0
Pod_1102,6,6_poplar_eyebrows_bright_boast,1.0
Pod_1103,6,6_poplar_eyebrows_bright_boast,1.0
Pod_1104,6,6_poplar_eyebrows_bright_boast,0.97253716
Pod_1105,10,10_young cossack_cossack_horseback_love young,0.6212171
Pod_1106,6,6_poplar_eyebrows_bright_boast,1.0
Pod_1107,0,0_dear_sorrow_wish_weaving,0.0
Pod_1108,9,9_wreath_wreaths_wreath wreath_periwinkle,0.6255962
Pod_1109,0,0_dear_sorrow_wish_weaving,0.0
Pod_1110,0,0_dear_sorrow_wish_weaving,0.0
Pod_1111,6,6_poplar_eyebrows_bright_boast,1.0
Pod_1112,10,10_young cossack_cossack_horseback_love young,1.0
Pod_1113,18,18_farmer_rye_oats_horses,1.0
Pod_1114,0,0_dear_sorrow_wish_weaving,0.0
Pod_1115,12,12_orphans_trees_plowed field_wilderness,0.58957106
Pod_1116,9,9_wreath_wreaths_wreath wreath_periwinkle,1.0
Pod_1117,18,18_farmer_rye_oats_horses,1.0
Pod_1118,0,0_dear_sorrow_wish_weaving,0.0
Pod_1119,0,0_dear_sorrow_wish_weaving,0.0
Pod_1121,18,18_farmer_rye_oats_horses,1.0
Pod_1122,0,0_dear_sorrow_wish_weaving,0.0
Pod_1123,0,0_dear_sorrow_wish_weaving,0.0
Pod_1124,6,6_poplar_eyebrows_bright_boast,1.0
Pod_1125,0,0_dear_sorrow_wish_weaving,0.0
Pod_1126,14,14_gyeongsang_jeolla_country_blow,1.0
Pod_1127,0,0_dear_sorrow_wish_weaving,0.0
Pod_1128,0,0_dear_sorrow_wish_weaving,0.0
Pod_1129,0,0_dear_sorrow_wish_weaving,0.0
Pod_1130,0,0_dear_sorrow_wish_weaving,0.0
Pod_1131,0,0_dear_sorrow_wish_weaving,0.0
Pod_1132,6,6_poplar_eyebrows_bright_boast,0.69228166
Pod_1133,0,0_dear_sorrow_wish_weaving,0.0
Pod_1134,0,0_dear_sorrow_wish_weaving,0.0
Pod_1135,0,0_dear_sorrow_wish_weaving,0.0
Pod_1136,0,0_dear_sorrow_wish_weaving,0.0
Pod_1137,6,6_poplar_eyebrows_bright_boast,1.0
Pod_1138,0,0_dear_sorrow_wish_weaving,0.0
Pod_1139,0,0_dear_sorrow_wish_weaving,0.0
Pod_1140,0,0_dear_sorrow_wish_weaving,0.0
Pod_1141,0,0_dear_sorrow_wish_weaving,0.0
Pod_1142,0,0_dear_sorrow_wish_weaving,0.0
Pod_1143,0,0_dear_sorrow_wish_weaving,0.0
Pod_1144,0,0_dear_sorrow_wish_weaving,0.0
Pod_1145,14,14_gyeongsang_jeolla_country_blow,1.0
Pod_1146,7,7_street_streets_fence_corner,0.8889742
Pod_1147,0,0_dear_sorrow_wish_weaving,0.0
Pod_1148,0,0_dear_sorrow_wish_weaving,0.0
Pod_1149,0,0_dear_sorrow_wish_weaving,0.0
Pod_1150,13,13_september_thirty_march_summer,0.5712548
Pod_1151,7,7_street_streets_fence_corner,0.6497629
Pod_1152,10,10_young cossack_cossack_horseback_love young,1.0
Pod_1153,6,6_poplar_eyebrows_bright_boast,1.0
Pod_1154,6,6_poplar_eyebrows_bright_boast,1.0
Pod_1155,16,16_song praise_cheerful song_sing song_sing,1.0
Pod_1156,0,0_dear_sorrow_wish_weaving,0.0
Pod_1157,0,0_dear_sorrow_wish_weaving,0.0
Pod_1158,9,9_wreath_wreaths_wreath wreath_periwinkle,0.6454986
Pod_1159,10,10_young cossack_cossack_horseback_love young,0.5484148
Pod_1160,0,0_dear_sorrow_wish_weaving,0.0
Pod_1161,18,18_farmer_rye_oats_horses,0.7510852
Pod_1162,9,9_wreath_wreaths_wreath wreath_periwinkle,0.86037564
Pod_1163,9,9_wreath_wreaths_wreath wreath_periwinkle,0.50212884
Pod_1164,9,9_wreath_wreaths_wreath wreath_periwinkle,0.50212884
Pod_1165,9,9_wreath_wreaths_wreath wreath_periwinkle,0.6103985
Pod_1166,13,13_september_thirty_march_summer,0.5166801
Pod_1167,9,9_wreath_wreaths_wreath wreath_periwinkle,0.56417394
Pod_1168,9,9_wreath_wreaths_wreath wreath_periwinkle,0.67844373
Pod_1169,0,0_dear_sorrow_wish_weaving,0.0
Pod_1170,17,17_mocking_squirrel_don laugh_laugh,0.7706924
Pod_1171,9,9_wreath_wreaths_wreath wreath_periwinkle,0.54229385
Pod_1172,9,9_wreath_wreaths_wreath wreath_periwinkle,0.39427212
Pod_1173,17,17_mocking_squirrel_don laugh_laugh,1.0
Pod_1174,17,17_mocking_squirrel_don laugh_laugh,1.0
Pod_1175,17,17_mocking_squirrel_don laugh_laugh,0.8984167
Pod_1176,13,13_september_thirty_march_summer,1.0
Pod_1177,9,9_wreath_wreaths_wreath wreath_periwinkle,1.0
Pod_1178,9,9_wreath_wreaths_wreath wreath_periwinkle,1.0
Pod_1179,18,18_farmer_rye_oats_horses,1.0
Pod_1180,18,18_farmer_rye_oats_horses,0.7527883
Pod_1181,13,13_september_thirty_march_summer,1.0
Pod_1182,9,9_wreath_wreaths_wreath wreath_periwinkle,0.8358331
Pod_1183,9,9_wreath_wreaths_wreath wreath_periwinkle,0.8358331
Pod_1184,13,13_september_thirty_march_summer,1.0
Pod_1185,13,13_september_thirty_march_summer,1.0
Pod_1186,18,18_farmer_rye_oats_horses,1.0
Pod_1187,0,0_dear_sorrow_wish_weaving,0.0
Pod_1188,14,14_gyeongsang_jeolla_country_blow,1.0
Pod_1189,7,7_street_streets_fence_corner,0.5870376
Pod_1190,18,18_farmer_rye_oats_horses,0.5084967
Pod_1191,0,0_dear_sorrow_wish_weaving,0.0
Pod_1192,18,18_farmer_rye_oats_horses,1.0
Pod_1193,3,3_saint nicholas_saint_nicholas_holy evening,1.0
Pod_1194,0,0_dear_sorrow_wish_weaving,0.0
Pod_1195,0,0_dear_sorrow_wish_weaving,0.0
Pod_1196,0,0_dear_sorrow_wish_weaving,0.0
Pod_1197,0,0_dear_sorrow_wish_weaving,0.0
Pod_1198,18,18_farmer_rye_oats_horses,1.0
Pod_1199,10,10_young cossack_cossack_horseback_love young,0.81370777
Pod_1200,18,18_farmer_rye_oats_horses,1.0
Pod_1201,6,6_poplar_eyebrows_bright_boast,1.0
Pod_1202,3,3_saint nicholas_saint_nicholas_holy evening,1.0
Pod_1203,10,10_young cossack_cossack_horseback_love young,1.0
Pod_1204,14,14_gyeongsang_jeolla_country_blow,1.0
Pod_1205,0,0_dear_sorrow_wish_weaving,0.0
Pod_1206,12,12_orphans_trees_plowed field_wilderness,1.0
Pod_1207,18,18_farmer_rye_oats_horses,0.6201021
Pod_1208,0,0_dear_sorrow_wish_weaving,0.0
Pod_1209,15,15_slave_goats_ants_feathers,1.0
Pod_1210,9,9_wreath_wreaths_wreath wreath_periwinkle,0.9090169
Pod_1211,18,18_farmer_rye_oats_horses,1.0
Pod_1212,18,18_farmer_rye_oats_horses,1.0
Pod_1213,0,0_dear_sorrow_wish_weaving,0.0
Pod_1214,9,9_wreath_wreaths_wreath wreath_periwinkle,1.0
Pod_1215,0,0_dear_sorrow_wish_weaving,0.0
Pod_1216,8,8_garden little_young maiden_nightingale_little cuckoo,0.6767066
Pod_1217,6,6_poplar_eyebrows_bright_boast,1.0
Pod_1218,15,15_slave_goats_ants_feathers,1.0
Pod_1219,0,0_dear_sorrow_wish_weaving,0.0
Pod_1220,0,0_dear_sorrow_wish_weaving,0.0
Pod_1221,18,18_farmer_rye_oats_horses,0.68318444
Pod_1222,0,0_dear_sorrow_wish_weaving,0.0
Pod_1223,17,17_mocking_squirrel_don laugh_laugh,1.0
Pod_1224,18,18_farmer_rye_oats_horses,1.0
Pod_1225,18,18_farmer_rye_oats_horses,1.0
Pod_1226,3,3_saint nicholas_saint_nicholas_holy evening,0.675886
Pod_1227,3,3_saint nicholas_saint_nicholas_holy evening,0.39479026
Pod_1228,18,18_farmer_rye_oats_horses,0.68045247
Pod_1229,18,18_farmer_rye_oats_horses,1.0
Pod_1231,6,6_poplar_eyebrows_bright_boast,1.0
Pod_1232,0,0_dear_sorrow_wish_weaving,0.0
Pod_1233,0,0_dear_sorrow_wish_weaving,0.0
Pod_1234,6,6_poplar_eyebrows_bright_boast,1.0
Pod_1235,14,14_gyeongsang_jeolla_country_blow,0.65477186
Pod_1236,6,6_poplar_eyebrows_bright_boast,0.52741694
Pod_1237,0,0_dear_sorrow_wish_weaving,0.0
Pod_1238,16,16_song praise_cheerful song_sing song_sing,0.59187406
Pod_1239,3,3_saint nicholas_saint_nicholas_holy evening,1.0
Pod_1240,12,12_orphans_trees_plowed field_wilderness,1.0
Pod_1241,0,0_dear_sorrow_wish_weaving,0.0
Pod_1243,0,0_dear_sorrow_wish_weaving,0.0
Pod_1244,0,0_dear_sorrow_wish_weaving,0.0
Pod_1245,11,11_little horses_horses_maids_altar,0.32496467
Pod_1246,14,14_gyeongsang_jeolla_country_blow,0.8003095
Pod_1247,14,14_gyeongsang_jeolla_country_blow,0.4928504
Pod_1248,3,3_saint nicholas_saint_nicholas_holy evening,0.7531363
Pod_1250,3,3_saint nicholas_saint_nicholas_holy evening,0.66547465
Pod_1251,3,3_saint nicholas_saint_nicholas_holy evening,0.7079457
Pod_1252,3,3_saint nicholas_saint_nicholas_holy evening,0.42781782
Pod_1253,3,3_saint nicholas_saint_nicholas_holy evening,0.54568744
Pod_1254,14,14_gyeongsang_jeolla_country_blow,1.0
Pod_1255,18,18_farmer_rye_oats_horses,0.5621504
Pod_1256,0,0_dear_sorrow_wish_weaving,0.0
Pod_1257,9,9_wreath_wreaths_wreath wreath_periwinkle,1.0
Pod_1258,9,9_wreath_wreaths_wreath wreath_periwinkle,1.0
Pod_1259,0,0_dear_sorrow_wish_weaving,0.0
Pod_1260,3,3_saint nicholas_saint_nicholas_holy evening,1.0
Pod_1261,0,0_dear_sorrow_wish_weaving,0.0
Pod_1262,17,17_mocking_squirrel_don laugh_laugh,1.0
Pod_1263,0,0_dear_sorrow_wish_weaving,0.0
Pod_1264,0,0_dear_sorrow_wish_weaving,0.0
Pod_1265,3,3_saint nicholas_saint_nicholas_holy evening,0.6099312
Pod_1266,0,0_dear_sorrow_wish_weaving,0.0
Pod_1267,0,0_dear_sorrow_wish_weaving,0.0
Pod_1268,3,3_saint nicholas_saint_nicholas_holy evening,0.38452175
Pod_1269,9,9_wreath_wreaths_wreath wreath_periwinkle,0.4787679
Pod_1270,17,17_mocking_squirrel_don laugh_laugh,0.6572637
Pod_1271,3,3_saint nicholas_saint_nicholas_holy evening,0.7321993
Pod_1272,0,0_dear_sorrow_wish_weaving,0.0
Pod_1273,0,0_dear_sorrow_wish_weaving,0.0
Pod_1275,3,3_saint nicholas_saint_nicholas_holy evening,1.0
Pod_1276,3,3_saint nicholas_saint_nicholas_holy evening,1.0
Pod_1277,18,18_farmer_rye_oats_horses,0.44457346
Pod_1278,13,13_september_thirty_march_summer,0.3228417
Pod_1279,9,9_wreath_wreaths_wreath wreath_periwinkle,0.75935805
Pod_1281,10,10_young cossack_cossack_horseback_love young,1.0
Pod_1282,3,3_saint nicholas_saint_nicholas_holy evening,0.655122
Pod_1283,18,18_farmer_rye_oats_horses,0.7940466
Pod_1284,6,6_poplar_eyebrows_bright_boast,0.4336829
Pod_1285,3,3_saint nicholas_saint_nicholas_holy evening,0.35935947
Pod_1286,3,3_saint nicholas_saint_nicholas_holy evening,1.0
Pod_1287,3,3_saint nicholas_saint_nicholas_holy evening,1.0
Pod_1288,6,6_poplar_eyebrows_bright_boast,0.43542662
Pod_1289,3,3_saint nicholas_saint_nicholas_holy evening,0.6392332
Pod_1290,0,0_dear_sorrow_wish_weaving,0.0
Pod_1291,3,3_saint nicholas_saint_nicholas_holy evening,0.6443157
Pod_1292,16,16_song praise_cheerful song_sing song_sing,1.0
Pod_1293,3,3_saint nicholas_saint_nicholas_holy evening,0.68016803
Pod_1294,17,17_mocking_squirrel_don laugh_laugh,1.0
Pod_1295,3,3_saint nicholas_saint_nicholas_holy evening,0.6165501
Pod_1296,18,18_farmer_rye_oats_horses,1.0
Pod_1297,9,9_wreath_wreaths_wreath wreath_periwinkle,0.48841196
Pod_1298,6,6_poplar_eyebrows_bright_boast,0.6320401
Pod_1299,3,3_saint nicholas_saint_nicholas_holy evening,1.0
Pod_1300,18,18_farmer_rye_oats_horses,0.85620576
Pod_1301,18,18_farmer_rye_oats_horses,1.0
Pod_1302,3,3_saint nicholas_saint_nicholas_holy evening,0.65447825
Pod_1303,9,9_wreath_wreaths_wreath wreath_periwinkle,0.66780096
Pod_1304,6,6_poplar_eyebrows_bright_boast,0.7027037
Pod_1305,11,11_little horses_horses_maids_altar,0.63310117
Pod_1306,3,3_saint nicholas_saint_nicholas_holy evening,0.59986067
Pod_1307,3,3_saint nicholas_saint_nicholas_holy evening,0.66980207
Pod_1308,3,3_saint nicholas_saint_nicholas_holy evening,0.43643802
Pod_1309,3,3_saint nicholas_saint_nicholas_holy evening,1.0
Pod_1310,18,18_farmer_rye_oats_horses,1.0
Pod_1311,6,6_poplar_eyebrows_bright_boast,0.83415365
Pod_1312,3,3_saint nicholas_saint_nicholas_holy evening,0.7900662
Pod_1313,18,18_farmer_rye_oats_horses,0.8871577
Pod_1314,3,3_saint nicholas_saint_nicholas_holy evening,0.56568193
Pod_1315,16,16_song praise_cheerful song_sing song_sing,0.4500505
Pod_1318,16,16_song praise_cheerful song_sing song_sing,0.47326463
Pod_1319,14,14_gyeongsang_jeolla_country_blow,1.0
Pod_1320,3,3_saint nicholas_saint_nicholas_holy evening,0.6560481
Pod_1321,3,3_saint nicholas_saint_nicholas_holy evening,0.6497473
Pod_1322,3,3_saint nicholas_saint_nicholas_holy evening,0.78385204
Pod_1323,3,3_saint nicholas_saint_nicholas_holy evening,1.0
Pod_1324,3,3_saint nicholas_saint_nicholas_holy evening,0.7515902
Pod_1325,6,6_poplar_eyebrows_bright_boast,0.52880126
Pod_1326,3,3_saint nicholas_saint_nicholas_holy evening,0.58895916
Pod_1327,3,3_saint nicholas_saint_nicholas_holy evening,0.38401416
Pod_1328,3,3_saint nicholas_saint_nicholas_holy evening,0.68142045
Pod_1329,3,3_saint nicholas_saint_nicholas_holy evening,0.39374936
Pod_1330,3,3_saint nicholas_saint_nicholas_holy evening,0.48872644
Pod_1331,9,9_wreath_wreaths_wreath wreath_periwinkle,0.80419147
Pod_1332,6,6_poplar_eyebrows_bright_boast,0.6274207
Pod_1333,3,3_saint nicholas_saint_nicholas_holy evening,0.5377079
Pod_1334,6,6_poplar_eyebrows_bright_boast,0.4224677
Pod_1335,3,3_saint nicholas_saint_nicholas_holy evening,0.33898482
Pod_1336,3,3_saint nicholas_saint_nicholas_holy evening,0.59363365
Pod_1337,3,3_saint nicholas_saint_nicholas_holy evening,0.6391177
Pod_1338,3,3_saint nicholas_saint_nicholas_holy evening,0.63019335
Pod_1339,6,6_poplar_eyebrows_bright_boast,0.5373448
Pod_1340,17,17_mocking_squirrel_don laugh_laugh,0.52153134
Pod_1341,3,3_saint nicholas_saint_nicholas_holy evening,1.0
Pod_1342,18,18_farmer_rye_oats_horses,0.41532084
Pod_1343,17,17_mocking_squirrel_don laugh_laugh,0.4959001
Pod_1344,3,3_saint nicholas_saint_nicholas_holy evening,0.606068
Pod_1345,3,3_saint nicholas_saint_nicholas_holy evening,0.46371138
Pod_1346,14,14_gyeongsang_jeolla_country_blow,1.0
Pod_1347,11,11_little horses_horses_maids_altar,0.88204974
Pod_1348,11,11_little horses_horses_maids_altar,0.4057558
Pod_1349,13,13_september_thirty_march_summer,0.79293513
Pod_1350,13,13_september_thirty_march_summer,0.6388947
Pod_1351,11,11_little horses_horses_maids_altar,0.9367857
Pod_1352,13,13_september_thirty_march_summer,0.776639
Pod_1353,3,3_saint nicholas_saint_nicholas_holy evening,1.0
Pod_1354,3,3_saint nicholas_saint_nicholas_holy evening,1.0
Pod_1355,10,10_young cossack_cossack_horseback_love young,0.6070914
Pod_1356,3,3_saint nicholas_saint_nicholas_holy evening,0.65236425
Pod_1357,14,14_gyeongsang_jeolla_country_blow,0.5142052
Pod_1358,3,3_saint nicholas_saint_nicholas_holy evening,0.725846
Pod_1359,3,3_saint nicholas_saint_nicholas_holy evening,0.5565597
Pod_1360,10,10_young cossack_cossack_horseback_love young,0.5059582
Pod_1361,3,3_saint nicholas_saint_nicholas_holy evening,0.6929591
Pod_1362,3,3_saint nicholas_saint_nicholas_holy evening,0.6970805
Pod_1363,3,3_saint nicholas_saint_nicholas_holy evening,0.7342698
Pod_1364,3,3_saint nicholas_saint_nicholas_holy evening,0.7174717
Pod_1365,3,3_saint nicholas_saint_nicholas_holy evening,1.0
Pod_1366,16,16_song praise_cheerful song_sing song_sing,0.35207525
Pod_1367,13,13_september_thirty_march_summer,0.62794536
Pod_1368,0,0_dear_sorrow_wish_weaving,0.0
Pod_1369,6,6_poplar_eyebrows_bright_boast,1.0
Pod_1370,3,3_saint nicholas_saint_nicholas_holy evening,0.7062829
Pod_1371,3,3_saint nicholas_saint_nicholas_holy evening,0.47912756
Pod_1372,3,3_saint nicholas_saint_nicholas_holy evening,0.7060566
Pod_1373,3,3_saint nicholas_saint_nicholas_holy evening,0.49150524
Pod_1374,3,3_saint nicholas_saint_nicholas_holy evening,0.6820469
Pod_1375,11,11_little horses_horses_maids_altar,0.71261644
Pod_1376,3,3_saint nicholas_saint_nicholas_holy evening,0.67771727
Pod_1377,15,15_slave_goats_ants_feathers,1.0
Pod_1378,3,3_saint nicholas_saint_nicholas_holy evening,0.68192756
Pod_1379,9,9_wreath_wreaths_wreath wreath_periwinkle,0.71409667
Pod_1380,9,9_wreath_wreaths_wreath wreath_periwinkle,0.8741914
Pod_1381,9,9_wreath_wreaths_wreath wreath_periwinkle,0.73672193
Pod_1382,3,3_saint nicholas_saint_nicholas_holy evening,0.54643404
Pod_1383,3,3_saint nicholas_saint_nicholas_holy evening,0.7440194
Pod_1384,0,0_dear_sorrow_wish_weaving,0.0
Pod_1385,6,6_poplar_eyebrows_bright_boast,1.0
Pod_1386,3,3_saint nicholas_saint_nicholas_holy evening,1.0
Pod_1387,3,3_saint nicholas_saint_nicholas_holy evening,0.77757007
Pod_1388,0,0_dear_sorrow_wish_weaving,0.0
Pod_1389,3,3_saint nicholas_saint_nicholas_holy evening,0.54638845
Pod_1390,16,16_song praise_cheerful song_sing song_sing,0.6808876
Pod_1391,0,0_dear_sorrow_wish_weaving,0.0
Pod_1392,0,0_dear_sorrow_wish_weaving,0.0
Pod_1393,0,0_dear_sorrow_wish_weaving,0.0
Pod_1394,16,16_song praise_cheerful song_sing song_sing,0.6640136
Pod_1395,3,3_saint nicholas_saint_nicholas_holy evening,1.0
Pod_1396,3,3_saint nicholas_saint_nicholas_holy evening,0.52002
Pod_1397,0,0_dear_sorrow_wish_weaving,0.0
Pod_1398,0,0_dear_sorrow_wish_weaving,0.0
Pod_1399,14,14_gyeongsang_jeolla_country_blow,1.0
Pod_1400,18,18_farmer_rye_oats_horses,0.50902665
Pod_1401,6,6_poplar_eyebrows_bright_boast,0.5617392
Pod_1402,0,0_dear_sorrow_wish_weaving,0.0
Pod_1403,3,3_saint nicholas_saint_nicholas_holy evening,1.0
Pod_1404,0,0_dear_sorrow_wish_weaving,0.0
Pod_1405,11,11_little horses_horses_maids_altar,1.0
Pod_1406,3,3_saint nicholas_saint_nicholas_holy evening,1.0
Pod_1407,3,3_saint nicholas_saint_nicholas_holy evening,1.0
Pod_1408,3,3_saint nicholas_saint_nicholas_holy evening,1.0
Pod_1409,17,17_mocking_squirrel_don laugh_laugh,0.66705775
Pod_1410,0,0_dear_sorrow_wish_weaving,0.0
Pod_1411,0,0_dear_sorrow_wish_weaving,0.0
Pod_1412,11,11_little horses_horses_maids_altar,1.0
Pod_1413,0,0_dear_sorrow_wish_weaving,0.0
Pod_1414,9,9_wreath_wreaths_wreath wreath_periwinkle,1.0
Pod_1415,17,17_mocking_squirrel_don laugh_laugh,1.0
Pod_1416,6,6_poplar_eyebrows_bright_boast,1.0
Pod_1417,13,13_september_thirty_march_summer,1.0
Pod_1418,10,10_young cossack_cossack_horseback_love young,1.0
Pod_1419,6,6_poplar_eyebrows_bright_boast,1.0
Pod_1420,0,0_dear_sorrow_wish_weaving,0.0
Pod_1421,6,6_poplar_eyebrows_bright_boast,1.0
Pod_1422,0,0_dear_sorrow_wish_weaving,0.0
Pod_1423,12,12_orphans_trees_plowed field_wilderness,1.0
Pod_1424,0,0_dear_sorrow_wish_weaving,0.0
Pod_1425,17,17_mocking_squirrel_don laugh_laugh,1.0
Pod_1426,0,0_dear_sorrow_wish_weaving,0.0
Pod_1427,6,6_poplar_eyebrows_bright_boast,1.0
Pod_1428,0,0_dear_sorrow_wish_weaving,0.0
Pod_1429,14,14_gyeongsang_jeolla_country_blow,1.0
Pod_1430,6,6_poplar_eyebrows_bright_boast,1.0
Pod_1431,0,0_dear_sorrow_wish_weaving,0.0
Pod_1432,14,14_gyeongsang_jeolla_country_blow,1.0
Pod_1433,9,9_wreath_wreaths_wreath wreath_periwinkle,1.0
Pod_1434,18,18_farmer_rye_oats_horses,1.0
Pod_1435,0,0_dear_sorrow_wish_weaving,0.0
Pod_1436,9,9_wreath_wreaths_wreath wreath_periwinkle,1.0
Pod_1437,15,15_slave_goats_ants_feathers,1.0
Pod_1438,0,0_dear_sorrow_wish_weaving,0.0
Pod_1439,14,14_gyeongsang_jeolla_country_blow,1.0
Pod_1440,0,0_dear_sorrow_wish_weaving,0.0
Pod_1441,0,0_dear_sorrow_wish_weaving,0.0
Pod_1442,0,0_dear_sorrow_wish_weaving,0.0
Pod_1443,0,0_dear_sorrow_wish_weaving,0.0
Pod_1444,0,0_dear_sorrow_wish_weaving,0.0
Pod_1445,6,6_poplar_eyebrows_bright_boast,0.6078342
Pod_1446,13,13_september_thirty_march_summer,1.0
Pod_1447,18,18_farmer_rye_oats_horses,1.0
Pod_1448,18,18_farmer_rye_oats_horses,1.0
Pod_1449,0,0_dear_sorrow_wish_weaving,0.0
Pod_1450,0,0_dear_sorrow_wish_weaving,0.0
Pod_1451,0,0_dear_sorrow_wish_weaving,0.0
Pod_1452,11,11_little horses_horses_maids_altar,1.0
Pod_1453,0,0_dear_sorrow_wish_weaving,0.0
Pod_1454,0,0_dear_sorrow_wish_weaving,0.0
Pod_1455,0,0_dear_sorrow_wish_weaving,0.0
Pod_1456,0,0_dear_sorrow_wish_weaving,0.0
Pod_1457,14,14_gyeongsang_jeolla_country_blow,1.0
Pod_1458,9,9_wreath_wreaths_wreath wreath_periwinkle,0.58193654
Pod_1459,0,0_dear_sorrow_wish_weaving,0.0
Pod_1460,0,0_dear_sorrow_wish_weaving,0.0
Pod_1461,9,9_wreath_wreaths_wreath wreath_periwinkle,1.0
Pod_1462,0,0_dear_sorrow_wish_weaving,0.0
Pod_1463,0,0_dear_sorrow_wish_weaving,0.0
Pod_1464,9,9_wreath_wreaths_wreath wreath_periwinkle,1.0
Pod_1465,0,0_dear_sorrow_wish_weaving,0.0
Pod_1466,7,7_street_streets_fence_corner,0.8983684
Pod_1467,14,14_gyeongsang_jeolla_country_blow,1.0
Pod_1468,13,13_september_thirty_march_summer,1.0
Pod_1470,18,18_farmer_rye_oats_horses,1.0
Pod_1471,0,0_dear_sorrow_wish_weaving,0.0
Pod_1472,0,0_dear_sorrow_wish_weaving,0.0
Pod_1473,11,11_little horses_horses_maids_altar,0.384003
Pod_1474,0,0_dear_sorrow_wish_weaving,0.0
Pod_1475,0,0_dear_sorrow_wish_weaving,0.0
Pod_1476,16,16_song praise_cheerful song_sing song_sing,1.0
Pod_1477,10,10_young cossack_cossack_horseback_love young,1.0
Pod_1478,0,0_dear_sorrow_wish_weaving,0.0
Pod_1479,9,9_wreath_wreaths_wreath wreath_periwinkle,1.0
Pod_1480,0,0_dear_sorrow_wish_weaving,0.0
Pod_1481,3,3_saint nicholas_saint_nicholas_holy evening,1.0
Pod_1482,0,0_dear_sorrow_wish_weaving,0.0
Pod_1483,0,0_dear_sorrow_wish_weaving,0.0
Pod_1484,0,0_dear_sorrow_wish_weaving,0.0
Pod_1485,6,6_poplar_eyebrows_bright_boast,1.0
Pod_1486,6,6_poplar_eyebrows_bright_boast,0.8269605
Pod_1487,6,6_poplar_eyebrows_bright_boast,1.0
Pod_1488,0,0_dear_sorrow_wish_weaving,0.0
Pod_1489,0,0_dear_sorrow_wish_weaving,0.0
Pod_1490,18,18_farmer_rye_oats_horses,1.0
Pod_1491,0,0_dear_sorrow_wish_weaving,0.0
Pod_1492,9,9_wreath_wreaths_wreath wreath_periwinkle,1.0
Pod_1493,0,0_dear_sorrow_wish_weaving,0.0
Pod_1494,0,0_dear_sorrow_wish_weaving,0.0
Pod_1495,0,0_dear_sorrow_wish_weaving,0.0
Pod_1496,14,14_gyeongsang_jeolla_country_blow,0.6840486
Pod_1497,0,0_dear_sorrow_wish_weaving,0.0
Pod_1498,0,0_dear_sorrow_wish_weaving,0.0
Pod_1499,18,18_farmer_rye_oats_horses,1.0
Pod_1500,0,0_dear_sorrow_wish_weaving,0.0
Pod_1501,0,0_dear_sorrow_wish_weaving,0.0
Pod_1503,0,0_dear_sorrow_wish_weaving,0.0
Pod_1504,0,0_dear_sorrow_wish_weaving,0.0
Pod_1505,18,18_farmer_rye_oats_horses,1.0
Pod_1506,18,18_farmer_rye_oats_horses,1.0
Pod_1507,18,18_farmer_rye_oats_horses,1.0
Pod_1508,16,16_song praise_cheerful song_sing song_sing,1.0
Pod_1509,0,0_dear_sorrow_wish_weaving,0.0
Pod_1510,7,7_street_streets_fence_corner,0.7175456
Pod_1511,9,9_wreath_wreaths_wreath wreath_periwinkle,1.0
Pod_1512,0,0_dear_sorrow_wish_weaving,0.0
Pod_1513,18,18_farmer_rye_oats_horses,1.0
Pod_1514,18,18_farmer_rye_oats_horses,1.0
Pod_1515,9,9_wreath_wreaths_wreath wreath_periwinkle,0.5037085
Pod_1516,0,0_dear_sorrow_wish_weaving,0.0
Pod_1517,0,0_dear_sorrow_wish_weaving,0.0
Pod_1518,0,0_dear_sorrow_wish_weaving,0.0
Pod_1519,0,0_dear_sorrow_wish_weaving,0.0
Pod_1520,0,0_dear_sorrow_wish_weaving,0.0
Pod_1521,0,0_dear_sorrow_wish_weaving,0.0
Pod_1522,0,0_dear_sorrow_wish_weaving,0.0
Pod_1523,0,0_dear_sorrow_wish_weaving,0.0
Pod_1524,13,13_september_thirty_march_summer,1.0
Pod_1525,18,18_farmer_rye_oats_horses,1.0
Pod_1526,0,0_dear_sorrow_wish_weaving,0.0
Pod_1527,9,9_wreath_wreaths_wreath wreath_periwinkle,1.0
Pod_1528,0,0_dear_sorrow_wish_weaving,0.0
Pod_1529,0,0_dear_sorrow_wish_weaving,0.0
Pod_1530,10,10_young cossack_cossack_horseback_love young,1.0
Pod_1531,6,6_poplar_eyebrows_bright_boast,1.0
Pod_1532,0,0_dear_sorrow_wish_weaving,0.0
Pod_1533,0,0_dear_sorrow_wish_weaving,0.0
Pod_1534,18,18_farmer_rye_oats_horses,1.0
Pod_1535,18,18_farmer_rye_oats_horses,1.0
Pod_1536,18,18_farmer_rye_oats_horses,1.0
Pod_1537,0,0_dear_sorrow_wish_weaving,0.0
Pod_1538,0,0_dear_sorrow_wish_weaving,0.0
Pod_1539,17,17_mocking_squirrel_don laugh_laugh,1.0
Pod_1540,0,0_dear_sorrow_wish_weaving,0.0
Pod_1541,0,0_dear_sorrow_wish_weaving,0.0
Pod_1542,18,18_farmer_rye_oats_horses,0.61505705
Pod_1543,14,14_gyeongsang_jeolla_country_blow,0.5777459
Pod_1544,0,0_dear_sorrow_wish_weaving,0.0
Pod_1545,0,0_dear_sorrow_wish_weaving,0.0
Pod_1546,0,0_dear_sorrow_wish_weaving,0.0
Pod_1547,0,0_dear_sorrow_wish_weaving,0.0
Pod_1548,18,18_farmer_rye_oats_horses,1.0
Pod_1549,0,0_dear_sorrow_wish_weaving,0.0
Pod_1550,0,0_dear_sorrow_wish_weaving,0.0
Pod_1551,0,0_dear_sorrow_wish_weaving,0.0
Pod_1552,0,0_dear_sorrow_wish_weaving,0.0
Pod_1553,0,0_dear_sorrow_wish_weaving,0.0
Pod_1554,0,0_dear_sorrow_wish_weaving,0.0
Pod_1555,0,0_dear_sorrow_wish_weaving,0.0
Pod_1556,0,0_dear_sorrow_wish_weaving,0.0
Pod_1557,0,0_dear_sorrow_wish_weaving,0.0
Pod_1558,0,0_dear_sorrow_wish_weaving,0.0
Pod_1559,0,0_dear_sorrow_wish_weaving,0.0
Pod_1560,0,0_dear_sorrow_wish_weaving,0.0
Pod_1561,0,0_dear_sorrow_wish_weaving,0.0
Pod_1562,0,0_dear_sorrow_wish_weaving,0.0
Pod_1563,18,18_farmer_rye_oats_horses,1.0
Pod_1564,18,18_farmer_rye_oats_horses,1.0
Pod_1565,0,0_dear_sorrow_wish_weaving,0.0
Pod_1566,0,0_dear_sorrow_wish_weaving,0.0
Pod_1567,9,9_wreath_wreaths_wreath wreath_periwinkle,1.0
Pod_1568,0,0_dear_sorrow_wish_weaving,0.0
Pod_1569,0,0_dear_sorrow_wish_weaving,0.0
Pod_1570,6,6_poplar_eyebrows_bright_boast,1.0
Pod_1571,0,0_dear_sorrow_wish_weaving,0.0
Pod_1572,18,18_farmer_rye_oats_horses,1.0
Pod_1573,9,9_wreath_wreaths_wreath wreath_periwinkle,1.0
Pod_1574,0,0_dear_sorrow_wish_weaving,0.0
Pod_1575,13,13_september_thirty_march_summer,1.0
Pod_1576,13,13_september_thirty_march_summer,1.0
Pod_1577,0,0_dear_sorrow_wish_weaving,0.0
Pod_1578,0,0_dear_sorrow_wish_weaving,0.0
Pod_1579,0,0_dear_sorrow_wish_weaving,0.0
Pod_1580,8,8_garden little_young maiden_nightingale_little cuckoo,1.0
Pod_1581,0,0_dear_sorrow_wish_weaving,0.0
Pod_1582,0,0_dear_sorrow_wish_weaving,0.0
Pod_1583,0,0_dear_sorrow_wish_weaving,0.0
Pod_1584,0,0_dear_sorrow_wish_weaving,0.0
Pod_1585,0,0_dear_sorrow_wish_weaving,0.0
Pod_1586,0,0_dear_sorrow_wish_weaving,0.0
Pod_1587,0,0_dear_sorrow_wish_weaving,0.0
Pod_1588,0,0_dear_sorrow_wish_weaving,0.0
Pod_1589,6,6_poplar_eyebrows_bright_boast,0.8313568
Pod_1590,11,11_little horses_horses_maids_altar,0.5450049
Pod_1591,0,0_dear_sorrow_wish_weaving,0.0
Pod_1592,18,18_farmer_rye_oats_horses,1.0
Pod_1593,18,18_farmer_rye_oats_horses,1.0
Pod_1594,18,18_farmer_rye_oats_horses,1.0
Pod_1595,13,13_september_thirty_march_summer,0.6729015
Pod_1596,0,0_dear_sorrow_wish_weaving,0.0
Pod_1597,0,0_dear_sorrow_wish_weaving,0.0
Pod_1598,0,0_dear_sorrow_wish_weaving,0.0
Pod_1599,16,16_song praise_cheerful song_sing song_sing,1.0
Pod_1600,16,16_song praise_cheerful song_sing song_sing,1.0
Pod_1601,16,16_song praise_cheerful song_sing song_sing,0.34855008
Pod_1602,3,3_saint nicholas_saint_nicholas_holy evening,0.48542047
Pod_1603,18,18_farmer_rye_oats_horses,0.6792451
Pod_1604,18,18_farmer_rye_oats_horses,1.0
Pod_1605,0,0_dear_sorrow_wish_weaving,0.0
Pod_1606,0,0_dear_sorrow_wish_weaving,0.0
Pod_1607,0,0_dear_sorrow_wish_weaving,0.0
Pod_1608,14,14_gyeongsang_jeolla_country_blow,1.0
Pod_1609,18,18_farmer_rye_oats_horses,1.0
Pod_1610,0,0_dear_sorrow_wish_weaving,0.0
Pod_1611,0,0_dear_sorrow_wish_weaving,0.0
Pod_1612,0,0_dear_sorrow_wish_weaving,0.0
Pod_1613,0,0_dear_sorrow_wish_weaving,0.0
Pod_1614,0,0_dear_sorrow_wish_weaving,0.0
Pod_1615,0,0_dear_sorrow_wish_weaving,0.0
Pod_1616,0,0_dear_sorrow_wish_weaving,0.0
Pod_1624,9,9_wreath_wreaths_wreath wreath_periwinkle,0.8980323
Pod_1625,3,3_saint nicholas_saint_nicholas_holy evening,0.56361365
Pod_1626,0,0_dear_sorrow_wish_weaving,0.0
Pod_1627,3,3_saint nicholas_saint_nicholas_holy evening,0.40033022
Pod_1628,14,14_gyeongsang_jeolla_country_blow,0.71544224
Pod_1629,18,18_farmer_rye_oats_horses,0.7091776
Pod_1630,14,14_gyeongsang_jeolla_country_blow,0.8058641
Pod_1631,17,17_mocking_squirrel_don laugh_laugh,0.57584727
Pod_1632,6,6_poplar_eyebrows_bright_boast,1.0
Pod_1633,3,3_saint nicholas_saint_nicholas_holy evening,0.58067983
Pod_1634,0,0_dear_sorrow_wish_weaving,0.0
Pod_1635,17,17_mocking_squirrel_don laugh_laugh,0.8014224
Pod_1636,6,6_poplar_eyebrows_bright_boast,0.37130538
Pod_1637,13,13_september_thirty_march_summer,1.0
Pod_1638,9,9_wreath_wreaths_wreath wreath_periwinkle,1.0
Pod_1639,14,14_gyeongsang_jeolla_country_blow,1.0
Pod_1640,18,18_farmer_rye_oats_horses,0.64470106
Pod_1641,18,18_farmer_rye_oats_horses,0.6394588
Pod_1642,6,6_poplar_eyebrows_bright_boast,1.0
Pod_1643,6,6_poplar_eyebrows_bright_boast,0.6049293
Vol_16,13,13_september_thirty_march_summer,0.49370134
Vol_17,0,0_dear_sorrow_wish_weaving,0.0
Vol_19,9,9_wreath_wreaths_wreath wreath_periwinkle,1.0
Vol_20,10,10_young cossack_cossack_horseback_love young,1.0
Vol_21,11,11_little horses_horses_maids_altar,1.0
Vol_22,0,0_dear_sorrow_wish_weaving,0.0
Vol_50,9,9_wreath_wreaths_wreath wreath_periwinkle,0.6222609
Vol_51,0,0_dear_sorrow_wish_weaving,0.0
Vol_52,6,6_poplar_eyebrows_bright_boast,1.0
Vol_53,0,0_dear_sorrow_wish_weaving,0.0
Vol_54,0,0_dear_sorrow_wish_weaving,0.0
Vol_55,0,0_dear_sorrow_wish_weaving,0.0
Vol_56,0,0_dear_sorrow_wish_weaving,0.0
Vol_57,0,0_dear_sorrow_wish_weaving,0.0
Vol_58,0,0_dear_sorrow_wish_weaving,0.0
Vol_59,0,0_dear_sorrow_wish_weaving,0.0
Vol_60,0,0_dear_sorrow_wish_weaving,0.0
Vol_61,0,0_dear_sorrow_wish_weaving,0.0
Vol_62,0,0_dear_sorrow_wish_weaving,0.0
Vol_63,9,9_wreath_wreaths_wreath wreath_periwinkle,0.75159675
Vol_64,9,9_wreath_wreaths_wreath wreath_periwinkle,0.7526723
Vol_65,0,0_dear_sorrow_wish_weaving,0.0
Vol_66,17,17_mocking_squirrel_don laugh_laugh,1.0
Vol_67,0,0_dear_sorrow_wish_weaving,0.0
Vol_68,0,0_dear_sorrow_wish_weaving,0.0
Vol_69,0,0_dear_sorrow_wish_weaving,0.0
Vol_70,18,18_farmer_rye_oats_horses,0.510539
Vol_71,16,16_song praise_cheerful song_sing song_sing,1.0
Vol_72,11,11_little horses_horses_maids_altar,1.0
Vol_73,17,17_mocking_squirrel_don laugh_laugh,1.0
Vol_74,0,0_dear_sorrow_wish_weaving,0.0
Vol_75,0,0_dear_sorrow_wish_weaving,0.0
Vol_76,0,0_dear_sorrow_wish_weaving,0.0
Vol_77,0,0_dear_sorrow_wish_weaving,0.0
Vol_78,0,0_dear_sorrow_wish_weaving,0.0
Vol_79,0,0_dear_sorrow_wish_weaving,0.0
Vol_80,0,0_dear_sorrow_wish_weaving,0.0
Vol_81,0,0_dear_sorrow_wish_weaving,0.0
Vol_82,0,0_dear_sorrow_wish_weaving,0.0
Vol_83,0,0_dear_sorrow_wish_weaving,0.0
Vol_84,0,0_dear_sorrow_wish_weaving,0.0
Vol_85,0,0_dear_sorrow_wish_weaving,0.0
Vol_87,0,0_dear_sorrow_wish_weaving,0.0
Vol_88,0,0_dear_sorrow_wish_weaving,0.0
Vol_89,6,6_poplar_eyebrows_bright_boast,0.54078186
Vol_90,0,0_dear_sorrow_wish_weaving,0.0
Vol_91,18,18_farmer_rye_oats_horses,1.0
Vol_116,11,11_little horses_horses_maids_altar,0.7659988
Vol_117,6,6_poplar_eyebrows_bright_boast,1.0
Vol_118,6,6_poplar_eyebrows_bright_boast,0.9256317
young_anti_dbnl_1,6,6_poplar_eyebrows_bright_boast,1.0
young_anti_dbnl_2,14,14_gyeongsang_jeolla_country_blow,0.35123858
young_anti_dbnl_3,14,14_gyeongsang_jeolla_country_blow,0.38748363
young_anti_dbnl_4,16,16_song praise_cheerful song_sing song_sing,0.68735445
young_anti_dbnl_5,0,0_dear_sorrow_wish_weaving,0.0
young_anti_dbnl_6,0,0_dear_sorrow_wish_weaving,0.0
young_anti_dbnl_7,18,18_farmer_rye_oats_horses,0.58835423
young_anti_dbnl_8,16,16_song praise_cheerful song_sing song_sing,1.0
young_anti_dbnl_9,0,0_dear_sorrow_wish_weaving,0.0
young_anti_dbnl_11,16,16_song praise_cheerful song_sing song_sing,1.0
young_anti_dbnl_12,0,0_dear_sorrow_wish_weaving,0.0
young_anti_dbnl_13,0,0_dear_sorrow_wish_weaving,0.0
young_anti_dbnl_14,0,0_dear_sorrow_wish_weaving,0.0
young_anti_dbnl_15,18,18_farmer_rye_oats_horses,0.7681268
young_anti_dbnl_16,14,14_gyeongsang_jeolla_country_blow,1.0
young_anti_dbnl_17,0,0_dear_sorrow_wish_weaving,0.0
young_anti_dbnl_18,16,16_song praise_cheerful song_sing song_sing,1.0
young_anti_dbnl_19,0,0_dear_sorrow_wish_weaving,0.0
young_anti_dbnl_20,0,0_dear_sorrow_wish_weaving,0.0
young_anti_dbnl_21,9,9_wreath_wreaths_wreath wreath_periwinkle,0.36470762
young_anti_dbnl_22,16,16_song praise_cheerful song_sing song_sing,0.6089479
young_anti_dbnl_24,11,11_little horses_horses_maids_altar,1.0
young_anti_dbnl_25,7,7_street_streets_fence_corner,0.5259603
young_anti_dbnl_26,18,18_farmer_rye_oats_horses,1.0
young_anti_dbnl_27,0,0_dear_sorrow_wish_weaving,0.0
young_anti_dbnl_28,0,0_dear_sorrow_wish_weaving,0.0
young_anti_dbnl_29,18,18_farmer_rye_oats_horses,1.0
young_anti_dbnl_30,18,18_farmer_rye_oats_horses,1.0
young_anti_dbnl_31,0,0_dear_sorrow_wish_weaving,0.0
young_anti_dbnl_32,0,0_dear_sorrow_wish_weaving,0.0
young_anti_dbnl_33,18,18_farmer_rye_oats_horses,1.0
young_anti_dbnl_34,0,0_dear_sorrow_wish_weaving,0.0
young_anti_dbnl_35,18,18_farmer_rye_oats_horses,1.0
young_anti_dbnl_36,18,18_farmer_rye_oats_horses,1.0
young_anti_dbnl_37,18,18_farmer_rye_oats_horses,1.0
young_anti_dbnl_38,18,18_farmer_rye_oats_horses,1.0
young_anti_dbnl_39,18,18_farmer_rye_oats_horses,1.0
young_anti_dbnl_40,18,18_farmer_rye_oats_horses,0.3597036
young_anti_dbnl_41,3,3_saint nicholas_saint_nicholas_holy evening,1.0
young_anti_dbnl_43,0,0_dear_sorrow_wish_weaving,0.0
young_anti_dbnl_44,7,7_street_streets_fence_corner,0.39192504
young_anti_dbnl_45,13,13_september_thirty_march_summer,1.0
young_anti_dbnl_47,2,2_married life_sister_husband_mother law,1.0
young_anti_dbnl_49,7,7_street_streets_fence_corner,1.0
young_anti_txt_0,10,10_young cossack_cossack_horseback_love young,0.80224496
young_anti_txt_1,14,14_gyeongsang_jeolla_country_blow,0.70185065
young_anti_txt_2,6,6_poplar_eyebrows_bright_boast,1.0
young_birthday_dbnl_0,14,14_gyeongsang_jeolla_country_blow,1.0
young_birthday_dbnl_1,14,14_gyeongsang_jeolla_country_blow,0.5892199
young_birthday_dbnl_2,16,16_song praise_cheerful song_sing song_sing,0.441536
young_birthday_dbnl_3,9,9_wreath_wreaths_wreath wreath_periwinkle,1.0
young_birthday_dbnl_4,18,18_farmer_rye_oats_horses,0.34878403
young_birthday_dbnl_5,18,18_farmer_rye_oats_horses,0.55285466
young_birthday_dbnl_6,14,14_gyeongsang_jeolla_country_blow,1.0
young_birthday_dbnl_10,17,17_mocking_squirrel_don laugh_laugh,0.40628904
young_birthday_dbnl_12,13,13_september_thirty_march_summer,0.48260227
young_birthday_dbnl_13,14,14_gyeongsang_jeolla_country_blow,0.4341593
young_birthday_dbnl_15,0,0_dear_sorrow_wish_weaving,0.0
young_birthday_dbnl_16,0,0_dear_sorrow_wish_weaving,0.0
young_birthday_dbnl_17,18,18_farmer_rye_oats_horses,0.49284732
young_birthday_dbnl_18,18,18_farmer_rye_oats_horses,0.5063213
young_birthday_dbnl_19,16,16_song praise_cheerful song_sing song_sing,1.0
young_birthday_dbnl_20,18,18_farmer_rye_oats_horses,0.5952086
young_birthday_dbnl_21,16,16_song praise_cheerful song_sing song_sing,0.6156915
young_birthday_dbnl_22,16,16_song praise_cheerful song_sing song_sing,0.486696
young_birthday_dbnl_23,13,13_september_thirty_march_summer,1.0
young_birthday_dbnl_24,13,13_september_thirty_march_summer,0.8325065
young_birthday_dbnl_25,14,14_gyeongsang_jeolla_country_blow,0.50217193
young_birthday_dbnl_26,16,16_song praise_cheerful song_sing song_sing,0.5887402
young_birthday_dbnl_28,18,18_farmer_rye_oats_horses,0.8173963
young_birthday_dbnl_29,13,13_september_thirty_march_summer,0.8298305
young_birthday_dbnl_30,16,16_song praise_cheerful song_sing song_sing,0.6210016
young_birthday_dbnl_31,13,13_september_thirty_march_summer,0.39174712
young_birthday_dbnl_32,13,13_september_thirty_march_summer,0.8325065
young_birthday_dbnl_33,14,14_gyeongsang_jeolla_country_blow,1.0
young_birthday_dbnl_34,16,16_song praise_cheerful song_sing song_sing,0.64162284
young_birthday_dbnl_35,0,0_dear_sorrow_wish_weaving,0.0
young_birthday_dbnl_36,16,16_song praise_cheerful song_sing song_sing,1.0
young_birthday_dbnl_37,0,0_dear_sorrow_wish_weaving,0.0
young_birthday_dbnl_38,14,14_gyeongsang_jeolla_country_blow,0.57353634
young_birthday_dbnl_39,14,14_gyeongsang_jeolla_country_blow,0.55090284
young_birthday_dbnl_40,0,0_dear_sorrow_wish_weaving,0.0
young_birthday_dbnl_41,0,0_dear_sorrow_wish_weaving,0.0
young_birthday_dbnl_42,13,13_september_thirty_march_summer,1.0
young_birthday_dbnl_43,13,13_september_thirty_march_summer,0.64113665
young_birthday_dbnl_44,13,13_september_thirty_march_summer,0.46532843
young_birthday_dbnl_45,16,16_song praise_cheerful song_sing song_sing,1.0
young_birthday_dbnl_46,16,16_song praise_cheerful song_sing song_sing,0.7386363
young_birthday_dbnl_47,15,15_slave_goats_ants_feathers,0.52215105
young_birthday_dbnl_48,14,14_gyeongsang_jeolla_country_blow,0.67434704
young_birthday_dbnl_49,0,0_dear_sorrow_wish_weaving,0.0
young_birthday_dbnl_50,16,16_song praise_cheerful song_sing song_sing,1.0
young_birthday_dbnl_51,0,0_dear_sorrow_wish_weaving,0.0
young_birthday_dbnl_52,14,14_gyeongsang_jeolla_country_blow,1.0
young_birthday_dbnl_53,0,0_dear_sorrow_wish_weaving,0.0
young_birthday_dbnl_54,0,0_dear_sorrow_wish_weaving,0.0
young_birthday_dbnl_55,14,14_gyeongsang_jeolla_country_blow,1.0
young_birthday_dbnl_56,0,0_dear_sorrow_wish_weaving,0.0
young_birthday_dbnl_57,14,14_gyeongsang_jeolla_country_blow,1.0
young_birthday_dbnl_58,6,6_poplar_eyebrows_bright_boast,1.0
young_birthday_dbnl_59,13,13_september_thirty_march_summer,1.0
young_birthday_dbnl_60,13,13_september_thirty_march_summer,1.0
young_birthday_dbnl_61,11,11_little horses_horses_maids_altar,1.0
young_birthday_dbnl_62,16,16_song praise_cheerful song_sing song_sing,1.0
young_birthday_dbnl_63,16,16_song praise_cheerful song_sing song_sing,0.50603604
young_birthday_dbnl_65,16,16_song praise_cheerful song_sing song_sing,1.0
young_birthday_dbnl_66,3,3_saint nicholas_saint_nicholas_holy evening,0.3816137
young_birthday_dbnl_67,3,3_saint nicholas_saint_nicholas_holy evening,0.4929164
young_birthday_dbnl_68,3,3_saint nicholas_saint_nicholas_holy evening,0.5867151
young_birthday_dbnl_69,17,17_mocking_squirrel_don laugh_laugh,0.5487136
young_birthday_txt_0,0,0_dear_sorrow_wish_weaving,0.0
young_children_dbnl_1,16,16_song praise_cheerful song_sing song_sing,0.88238585
young_children_dbnl_2,9,9_wreath_wreaths_wreath wreath_periwinkle,1.0
young_children_dbnl_3,13,13_september_thirty_march_summer,0.77597713
young_children_dbnl_4,18,18_farmer_rye_oats_horses,0.7546064
young_children_dbnl_5,18,18_farmer_rye_oats_horses,0.6356915
young_children_dbnl_7,14,14_gyeongsang_jeolla_country_blow,0.67041034
young_children_dbnl_8,7,7_street_streets_fence_corner,0.8372017
young_children_dbnl_9,0,0_dear_sorrow_wish_weaving,0.0
young_children_dbnl_10,16,16_song praise_cheerful song_sing song_sing,1.0
young_children_dbnl_11,16,16_song praise_cheerful song_sing song_sing,1.0
young_children_dbnl_12,0,0_dear_sorrow_wish_weaving,0.0
young_children_dbnl_13,0,0_dear_sorrow_wish_weaving,0.0
young_children_dbnl_14,0,0_dear_sorrow_wish_weaving,0.0
young_children_dbnl_15,16,16_song praise_cheerful song_sing song_sing,1.0
young_children_dbnl_16,9,9_wreath_wreaths_wreath wreath_periwinkle,1.0
young_children_dbnl_17,0,0_dear_sorrow_wish_weaving,0.0
young_children_dbnl_18,14,14_gyeongsang_jeolla_country_blow,1.0
young_children_dbnl_19,14,14_gyeongsang_jeolla_country_blow,1.0
young_children_dbnl_20,13,13_september_thirty_march_summer,0.5110366
young_children_dbnl_21,0,0_dear_sorrow_wish_weaving,0.0
young_children_dbnl_22,14,14_gyeongsang_jeolla_country_blow,1.0
young_children_dbnl_23,14,14_gyeongsang_jeolla_country_blow,0.71863294
young_children_dbnl_24,14,14_gyeongsang_jeolla_country_blow,0.838025
young_children_dbnl_25,0,0_dear_sorrow_wish_weaving,0.0
young_children_dbnl_26,0,0_dear_sorrow_wish_weaving,0.0
young_children_dbnl_27,0,0_dear_sorrow_wish_weaving,0.0
young_children_dbnl_28,11,11_little horses_horses_maids_altar,1.0
young_children_dbnl_29,18,18_farmer_rye_oats_horses,1.0
young_children_dbnl_30,16,16_song praise_cheerful song_sing song_sing,0.6126544
young_children_dbnl_31,3,3_saint nicholas_saint_nicholas_holy evening,0.43120423
young_children_dbnl_32,0,0_dear_sorrow_wish_weaving,0.0
young_children_dbnl_33,14,14_gyeongsang_jeolla_country_blow,1.0
young_children_dbnl_35,14,14_gyeongsang_jeolla_country_blow,1.0
young_children_dbnl_36,0,0_dear_sorrow_wish_weaving,0.0
young_children_dbnl_37,16,16_song praise_cheerful song_sing song_sing,1.0
young_children_dbnl_38,0,0_dear_sorrow_wish_weaving,0.0
young_children_dbnl_39,0,0_dear_sorrow_wish_weaving,0.0
young_children_dbnl_40,16,16_song praise_cheerful song_sing song_sing,1.0
young_children_dbnl_41,0,0_dear_sorrow_wish_weaving,0.0
young_children_dbnl_42,14,14_gyeongsang_jeolla_country_blow,1.0
young_children_dbnl_43,14,14_gyeongsang_jeolla_country_blow,0.7732436
young_children_dbnl_44,7,7_street_streets_fence_corner,1.0
young_children_dbnl_45,18,18_farmer_rye_oats_horses,0.76441944
young_children_dbnl_46,16,16_song praise_cheerful song_sing song_sing,0.52079254
young_children_dbnl_47,0,0_dear_sorrow_wish_weaving,0.0
young_children_dbnl_48,9,9_wreath_wreaths_wreath wreath_periwinkle,1.0
young_children_dbnl_49,14,14_gyeongsang_jeolla_country_blow,1.0
young_children_dbnl_50,0,0_dear_sorrow_wish_weaving,0.0
young_children_dbnl_51,9,9_wreath_wreaths_wreath wreath_periwinkle,0.6513467
young_children_dbnl_52,0,0_dear_sorrow_wish_weaving,0.0
young_children_dbnl_53,16,16_song praise_cheerful song_sing song_sing,0.5042237
young_children_dbnl_54,0,0_dear_sorrow_wish_weaving,0.0
young_children_dbnl_55,18,18_farmer_rye_oats_horses,1.0
young_children_dbnl_56,16,16_song praise_cheerful song_sing song_sing,1.0
young_children_dbnl_57,16,16_song praise_cheerful song_sing song_sing,1.0
young_children_dbnl_58,0,0_dear_sorrow_wish_weaving,0.0
young_children_dbnl_59,16,16_song praise_cheerful song_sing song_sing,0.64985603
young_children_dbnl_60,14,14_gyeongsang_jeolla_country_blow,1.0
young_children_dbnl_61,18,18_farmer_rye_oats_horses,1.0
young_children_dbnl_62,16,16_song praise_cheerful song_sing song_sing,0.8624949
young_children_dbnl_63,14,14_gyeongsang_jeolla_country_blow,1.0
young_children_dbnl_64,16,16_song praise_cheerful song_sing song_sing,1.0
young_children_dbnl_65,0,0_dear_sorrow_wish_weaving,0.0
young_children_dbnl_66,16,16_song praise_cheerful song_sing song_sing,1.0
young_children_dbnl_67,16,16_song praise_cheerful song_sing song_sing,0.50427866
young_children_dbnl_68,13,13_september_thirty_march_summer,1.0
young_children_dbnl_69,0,0_dear_sorrow_wish_weaving,0.0
young_children_dbnl_70,16,16_song praise_cheerful song_sing song_sing,1.0
young_children_dbnl_71,16,16_song praise_cheerful song_sing song_sing,0.542777
young_children_dbnl_72,3,3_saint nicholas_saint_nicholas_holy evening,0.59110934
young_children_dbnl_73,18,18_farmer_rye_oats_horses,0.30608994
young_children_dbnl_74,14,14_gyeongsang_jeolla_country_blow,0.5030743
young_children_dbnl_75,13,13_september_thirty_march_summer,1.0
young_children_dbnl_77,3,3_saint nicholas_saint_nicholas_holy evening,0.70373756
young_children_dbnl_78,0,0_dear_sorrow_wish_weaving,0.0
young_children_dbnl_79,11,11_little horses_horses_maids_altar,1.0
young_children_dbnl_80,16,16_song praise_cheerful song_sing song_sing,0.76957273
young_children_dbnl_81,14,14_gyeongsang_jeolla_country_blow,1.0
young_children_dbnl_82,9,9_wreath_wreaths_wreath wreath_periwinkle,0.60302675
young_children_dbnl_83,9,9_wreath_wreaths_wreath wreath_periwinkle,0.5726436
young_children_dbnl_84,14,14_gyeongsang_jeolla_country_blow,1.0
young_children_dbnl_85,0,0_dear_sorrow_wish_weaving,0.0
young_children_dbnl_86,13,13_september_thirty_march_summer,1.0
young_children_dbnl_88,11,11_little horses_horses_maids_altar,0.59769017
young_children_dbnl_89,14,14_gyeongsang_jeolla_country_blow,0.43584117
young_children_dbnl_90,14,14_gyeongsang_jeolla_country_blow,1.0
young_children_dbnl_91,16,16_song praise_cheerful song_sing song_sing,0.45456108
young_children_dbnl_92,11,11_little horses_horses_maids_altar,0.65318453
young_children_dbnl_93,17,17_mocking_squirrel_don laugh_laugh,1.0
young_children_dbnl_94,16,16_song praise_cheerful song_sing song_sing,1.0
young_children_dbnl_95,17,17_mocking_squirrel_don laugh_laugh,1.0
young_children_dbnl_96,14,14_gyeongsang_jeolla_country_blow,0.6408897
young_children_dbnl_97,3,3_saint nicholas_saint_nicholas_holy evening,0.5554591
young_children_dbnl_98,14,14_gyeongsang_jeolla_country_blow,0.57287705
young_children_dbnl_99,0,0_dear_sorrow_wish_weaving,0.0
young_children_dbnl_100,0,0_dear_sorrow_wish_weaving,0.0
young_children_dbnl_102,0,0_dear_sorrow_wish_weaving,0.0
young_children_dbnl_103,18,18_farmer_rye_oats_horses,0.8145413
young_children_dbnl_104,14,14_gyeongsang_jeolla_country_blow,0.38975033
young_children_dbnl_105,18,18_farmer_rye_oats_horses,0.66462743
young_children_dbnl_106,17,17_mocking_squirrel_don laugh_laugh,1.0
young_children_dbnl_108,0,0_dear_sorrow_wish_weaving,0.0
young_children_dbnl_109,0,0_dear_sorrow_wish_weaving,0.0
young_children_dbnl_112,16,16_song praise_cheerful song_sing song_sing,1.0
young_children_dbnl_113,0,0_dear_sorrow_wish_weaving,0.0
young_children_dbnl_114,15,15_slave_goats_ants_feathers,1.0
young_children_dbnl_115,18,18_farmer_rye_oats_horses,0.78419584
young_children_dbnl_116,16,16_song praise_cheerful song_sing song_sing,0.5692269
young_children_dbnl_118,13,13_september_thirty_march_summer,1.0
young_children_dbnl_119,18,18_farmer_rye_oats_horses,1.0
young_children_dbnl_121,14,14_gyeongsang_jeolla_country_blow,1.0
young_children_dbnl_122,14,14_gyeongsang_jeolla_country_blow,1.0
young_children_dbnl_123,13,13_september_thirty_march_summer,0.4314011
young_children_dbnl_124,0,0_dear_sorrow_wish_weaving,0.0
young_children_dbnl_125,3,3_saint nicholas_saint_nicholas_holy evening,1.0
young_children_dbnl_126,16,16_song praise_cheerful song_sing song_sing,0.87558514
young_children_dbnl_127,9,9_wreath_wreaths_wreath wreath_periwinkle,1.0
young_children_dbnl_128,18,18_farmer_rye_oats_horses,1.0
young_children_dbnl_129,0,0_dear_sorrow_wish_weaving,0.0
young_children_dbnl_131,0,0_dear_sorrow_wish_weaving,0.0
young_children_dbnl_132,14,14_gyeongsang_jeolla_country_blow,0.45507038
young_children_dbnl_133,14,14_gyeongsang_jeolla_country_blow,1.0
young_children_dbnl_134,0,0_dear_sorrow_wish_weaving,0.0
young_children_dbnl_135,13,13_september_thirty_march_summer,1.0
young_children_dbnl_136,13,13_september_thirty_march_summer,1.0
young_children_dbnl_137,0,0_dear_sorrow_wish_weaving,0.0
young_children_dbnl_138,16,16_song praise_cheerful song_sing song_sing,1.0
young_children_dbnl_139,0,0_dear_sorrow_wish_weaving,0.0
young_children_dbnl_140,13,13_september_thirty_march_summer,1.0
young_children_dbnl_141,0,0_dear_sorrow_wish_weaving,0.0
young_children_dbnl_142,16,16_song praise_cheerful song_sing song_sing,1.0
young_children_dbnl_143,7,7_street_streets_fence_corner,0.5981326
young_children_dbnl_144,0,0_dear_sorrow_wish_weaving,0.0
young_children_dbnl_145,18,18_farmer_rye_oats_horses,0.69264776
young_children_dbnl_146,16,16_song praise_cheerful song_sing song_sing,1.0
young_children_dbnl_147,15,15_slave_goats_ants_feathers,1.0
young_children_dbnl_148,14,14_gyeongsang_jeolla_country_blow,1.0
young_children_dbnl_149,0,0_dear_sorrow_wish_weaving,0.0
young_children_dbnl_150,0,0_dear_sorrow_wish_weaving,0.0
young_children_dbnl_151,3,3_saint nicholas_saint_nicholas_holy evening,0.6846652
young_children_dbnl_152,0,0_dear_sorrow_wish_weaving,0.0
young_children_dbnl_153,14,14_gyeongsang_jeolla_country_blow,1.0
young_children_dbnl_154,13,13_september_thirty_march_summer,1.0
young_children_dbnl_155,0,0_dear_sorrow_wish_weaving,0.0
young_children_dbnl_156,17,17_mocking_squirrel_don laugh_laugh,1.0
young_children_dbnl_157,17,17_mocking_squirrel_don laugh_laugh,1.0
young_children_dbnl_158,16,16_song praise_cheerful song_sing song_sing,1.0
young_children_dbnl_159,0,0_dear_sorrow_wish_weaving,0.0
young_children_dbnl_160,0,0_dear_sorrow_wish_weaving,0.0
young_children_dbnl_161,0,0_dear_sorrow_wish_weaving,0.0
young_children_dbnl_162,0,0_dear_sorrow_wish_weaving,0.0
young_children_dbnl_163,16,16_song praise_cheerful song_sing song_sing,1.0
young_children_dbnl_164,13,13_september_thirty_march_summer,1.0
young_children_dbnl_165,0,0_dear_sorrow_wish_weaving,0.0
young_children_dbnl_166,9,9_wreath_wreaths_wreath wreath_periwinkle,1.0
young_children_dbnl_167,16,16_song praise_cheerful song_sing song_sing,1.0
young_children_dbnl_168,16,16_song praise_cheerful song_sing song_sing,1.0
young_children_dbnl_169,16,16_song praise_cheerful song_sing song_sing,1.0
young_children_dbnl_170,0,0_dear_sorrow_wish_weaving,0.0
young_children_dbnl_171,16,16_song praise_cheerful song_sing song_sing,1.0
young_children_dbnl_172,16,16_song praise_cheerful song_sing song_sing,1.0
young_children_dbnl_173,0,0_dear_sorrow_wish_weaving,0.0
young_children_dbnl_174,0,0_dear_sorrow_wish_weaving,0.0
young_children_dbnl_175,18,18_farmer_rye_oats_horses,1.0
young_children_dbnl_176,16,16_song praise_cheerful song_sing song_sing,0.7616909
young_children_dbnl_177,0,0_dear_sorrow_wish_weaving,0.0
young_children_dbnl_178,13,13_september_thirty_march_summer,1.0
young_children_dbnl_179,13,13_september_thirty_march_summer,0.8111716
young_children_dbnl_180,14,14_gyeongsang_jeolla_country_blow,0.61159587
young_children_dbnl_181,16,16_song praise_cheerful song_sing song_sing,1.0
young_children_dbnl_182,13,13_september_thirty_march_summer,0.8747981
young_children_dbnl_183,17,17_mocking_squirrel_don laugh_laugh,0.37913162
young_children_dbnl_184,16,16_song praise_cheerful song_sing song_sing,1.0
young_children_dbnl_185,0,0_dear_sorrow_wish_weaving,0.0
young_children_dbnl_186,0,0_dear_sorrow_wish_weaving,0.0
young_children_dbnl_187,11,11_little horses_horses_maids_altar,0.57675695
young_children_dbnl_188,14,14_gyeongsang_jeolla_country_blow,1.0
young_children_dbnl_189,3,3_saint nicholas_saint_nicholas_holy evening,0.5228998
young_children_dbnl_190,16,16_song praise_cheerful song_sing song_sing,0.3075832
young_children_dbnl_192,11,11_little horses_horses_maids_altar,1.0
young_children_dbnl_193,0,0_dear_sorrow_wish_weaving,0.0
young_children_dbnl_194,16,16_song praise_cheerful song_sing song_sing,1.0
young_children_dbnl_195,11,11_little horses_horses_maids_altar,0.8050458
young_children_dbnl_196,16,16_song praise_cheerful song_sing song_sing,0.7248036
young_children_dbnl_197,13,13_september_thirty_march_summer,0.74181366
young_children_dbnl_198,14,14_gyeongsang_jeolla_country_blow,1.0
young_children_dbnl_199,14,14_gyeongsang_jeolla_country_blow,1.0
young_children_dbnl_200,0,0_dear_sorrow_wish_weaving,0.0
young_children_dbnl_201,16,16_song praise_cheerful song_sing song_sing,0.60171634
young_children_dbnl_202,0,0_dear_sorrow_wish_weaving,0.0
young_children_dbnl_204,16,16_song praise_cheerful song_sing song_sing,1.0
young_children_dbnl_205,16,16_song praise_cheerful song_sing song_sing,0.5041166
young_children_dbnl_206,16,16_song praise_cheerful song_sing song_sing,1.0
young_children_dbnl_207,16,16_song praise_cheerful song_sing song_sing,0.94777715
young_children_dbnl_208,18,18_farmer_rye_oats_horses,0.6543463
young_children_dbnl_209,3,3_saint nicholas_saint_nicholas_holy evening,0.59450585
young_children_dbnl_210,16,16_song praise_cheerful song_sing song_sing,0.9186926
young_children_dbnl_211,0,0_dear_sorrow_wish_weaving,0.0
young_children_dbnl_212,16,16_song praise_cheerful song_sing song_sing,1.0
young_children_dbnl_213,16,16_song praise_cheerful song_sing song_sing,0.478695
young_children_dbnl_214,16,16_song praise_cheerful song_sing song_sing,1.0
young_children_dbnl_215,16,16_song praise_cheerful song_sing song_sing,0.66064817
young_children_dbnl_216,18,18_farmer_rye_oats_horses,0.8555385
young_children_dbnl_217,14,14_gyeongsang_jeolla_country_blow,0.49931034
young_children_dbnl_218,16,16_song praise_cheerful song_sing song_sing,1.0
young_children_dbnl_219,16,16_song praise_cheerful song_sing song_sing,0.49254674
young_children_dbnl_220,7,7_street_streets_fence_corner,0.8075655
young_children_dbnl_221,14,14_gyeongsang_jeolla_country_blow,0.76023793
young_children_dbnl_222,3,3_saint nicholas_saint_nicholas_holy evening,0.7727198
young_children_dbnl_223,9,9_wreath_wreaths_wreath wreath_periwinkle,0.76550925
young_children_dbnl_225,16,16_song praise_cheerful song_sing song_sing,0.66942906
young_children_dbnl_226,0,0_dear_sorrow_wish_weaving,0.0
young_children_dbnl_227,16,16_song praise_cheerful song_sing song_sing,0.46252808
young_children_dbnl_229,16,16_song praise_cheerful song_sing song_sing,1.0
young_children_dbnl_230,16,16_song praise_cheerful song_sing song_sing,0.42351434
young_children_dbnl_231,18,18_farmer_rye_oats_horses,1.0
young_children_dbnl_232,16,16_song praise_cheerful song_sing song_sing,0.6111763
young_children_dbnl_233,15,15_slave_goats_ants_feathers,1.0
young_children_dbnl_234,13,13_september_thirty_march_summer,0.6904206
young_children_dbnl_236,0,0_dear_sorrow_wish_weaving,0.0
young_children_dbnl_237,11,11_little horses_horses_maids_altar,0.34172165
young_children_dbnl_238,14,14_gyeongsang_jeolla_country_blow,1.0
young_children_dbnl_239,13,13_september_thirty_march_summer,0.5590312
young_children_dbnl_240,13,13_september_thirty_march_summer,0.58341414
young_children_dbnl_241,14,14_gyeongsang_jeolla_country_blow,1.0
young_children_dbnl_242,13,13_september_thirty_march_summer,0.42326808
young_children_dbnl_243,0,0_dear_sorrow_wish_weaving,0.0
young_children_dbnl_244,0,0_dear_sorrow_wish_weaving,0.0
young_children_dbnl_245,13,13_september_thirty_march_summer,1.0
young_children_dbnl_246,0,0_dear_sorrow_wish_weaving,0.0
young_children_dbnl_247,9,9_wreath_wreaths_wreath wreath_periwinkle,1.0
young_children_dbnl_248,0,0_dear_sorrow_wish_weaving,0.0
young_children_dbnl_249,16,16_song praise_cheerful song_sing song_sing,1.0
young_children_dbnl_250,0,0_dear_sorrow_wish_weaving,0.0
young_children_dbnl_251,14,14_gyeongsang_jeolla_country_blow,0.6456484
young_children_dbnl_252,16,16_song praise_cheerful song_sing song_sing,1.0
young_children_dbnl_253,0,0_dear_sorrow_wish_weaving,0.0
young_children_dbnl_254,0,0_dear_sorrow_wish_weaving,0.0
young_children_dbnl_255,0,0_dear_sorrow_wish_weaving,0.0
young_children_dbnl_256,0,0_dear_sorrow_wish_weaving,0.0
young_children_dbnl_257,0,0_dear_sorrow_wish_weaving,0.0
young_children_dbnl_258,7,7_street_streets_fence_corner,0.36860988
young_children_dbnl_259,0,0_dear_sorrow_wish_weaving,0.0
young_children_dbnl_260,16,16_song praise_cheerful song_sing song_sing,1.0
young_children_dbnl_261,0,0_dear_sorrow_wish_weaving,0.0
young_children_dbnl_262,16,16_song praise_cheerful song_sing song_sing,1.0
young_children_dbnl_263,0,0_dear_sorrow_wish_weaving,0.0
young_children_dbnl_264,0,0_dear_sorrow_wish_weaving,0.0
young_children_dbnl_265,14,14_gyeongsang_jeolla_country_blow,1.0
young_children_dbnl_266,0,0_dear_sorrow_wish_weaving,0.0
young_children_dbnl_267,0,0_dear_sorrow_wish_weaving,0.0
young_children_dbnl_268,18,18_farmer_rye_oats_horses,0.6577656
young_children_dbnl_269,0,0_dear_sorrow_wish_weaving,0.0
young_children_dbnl_270,0,0_dear_sorrow_wish_weaving,0.0
young_children_dbnl_271,0,0_dear_sorrow_wish_weaving,0.0
young_children_dbnl_273,0,0_dear_sorrow_wish_weaving,0.0
young_children_dbnl_274,0,0_dear_sorrow_wish_weaving,0.0
young_children_dbnl_275,11,11_little horses_horses_maids_altar,1.0
young_children_dbnl_276,16,16_song praise_cheerful song_sing song_sing,0.43212107
young_children_dbnl_277,13,13_september_thirty_march_summer,0.7666441
young_children_dbnl_278,13,13_september_thirty_march_summer,0.68943095
young_children_dbnl_279,14,14_gyeongsang_jeolla_country_blow,1.0
young_children_dbnl_280,16,16_song praise_cheerful song_sing song_sing,1.0
young_children_dbnl_281,16,16_song praise_cheerful song_sing song_sing,1.0
young_children_dbnl_282,0,0_dear_sorrow_wish_weaving,0.0
young_children_dbnl_283,0,0_dear_sorrow_wish_weaving,0.0
young_children_dbnl_284,16,16_song praise_cheerful song_sing song_sing,1.0
young_children_dbnl_285,16,16_song praise_cheerful song_sing song_sing,1.0
young_children_dbnl_286,0,0_dear_sorrow_wish_weaving,0.0
young_children_dbnl_287,0,0_dear_sorrow_wish_weaving,0.0
young_children_dbnl_288,0,0_dear_sorrow_wish_weaving,0.0
young_children_dbnl_289,0,0_dear_sorrow_wish_weaving,0.0
young_children_dbnl_290,0,0_dear_sorrow_wish_weaving,0.0
young_children_dbnl_291,16,16_song praise_cheerful song_sing song_sing,1.0
young_children_dbnl_292,0,0_dear_sorrow_wish_weaving,0.0
young_children_dbnl_293,0,0_dear_sorrow_wish_weaving,0.0
young_children_dbnl_294,0,0_dear_sorrow_wish_weaving,0.0
young_children_dbnl_295,0,0_dear_sorrow_wish_weaving,0.0
young_children_dbnl_296,0,0_dear_sorrow_wish_weaving,0.0
young_children_dbnl_297,0,0_dear_sorrow_wish_weaving,0.0
young_children_dbnl_298,14,14_gyeongsang_jeolla_country_blow,1.0
young_children_dbnl_299,0,0_dear_sorrow_wish_weaving,0.0
young_children_dbnl_300,16,16_song praise_cheerful song_sing song_sing,1.0
young_children_dbnl_301,0,0_dear_sorrow_wish_weaving,0.0
young_children_dbnl_302,0,0_dear_sorrow_wish_weaving,0.0
young_children_dbnl_303,0,0_dear_sorrow_wish_weaving,0.0
young_children_dbnl_304,3,3_saint nicholas_saint_nicholas_holy evening,0.501301
young_children_dbnl_305,0,0_dear_sorrow_wish_weaving,0.0
young_children_dbnl_306,3,3_saint nicholas_saint_nicholas_holy evening,0.72745085
young_children_dbnl_307,16,16_song praise_cheerful song_sing song_sing,1.0
young_children_dbnl_308,0,0_dear_sorrow_wish_weaving,0.0
young_children_dbnl_309,3,3_saint nicholas_saint_nicholas_holy evening,1.0
young_children_dbnl_310,16,16_song praise_cheerful song_sing song_sing,1.0
young_children_dbnl_311,5,5_horses_grazing_maidens_clover,1.0
young_children_dbnl_312,0,0_dear_sorrow_wish_weaving,0.0
young_children_dbnl_313,14,14_gyeongsang_jeolla_country_blow,1.0
young_children_dbnl_314,16,16_song praise_cheerful song_sing song_sing,1.0
young_children_dbnl_315,16,16_song praise_cheerful song_sing song_sing,1.0
young_children_dbnl_316,14,14_gyeongsang_jeolla_country_blow,1.0
young_children_dbnl_317,0,0_dear_sorrow_wish_weaving,0.0
young_children_dbnl_318,0,0_dear_sorrow_wish_weaving,0.0
young_children_dbnl_319,14,14_gyeongsang_jeolla_country_blow,1.0
young_children_dbnl_320,14,14_gyeongsang_jeolla_country_blow,1.0
young_children_dbnl_321,11,11_little horses_horses_maids_altar,1.0
young_children_dbnl_322,0,0_dear_sorrow_wish_weaving,0.0
young_children_dbnl_323,0,0_dear_sorrow_wish_weaving,0.0
young_children_dbnl_324,16,16_song praise_cheerful song_sing song_sing,1.0
young_children_dbnl_325,6,6_poplar_eyebrows_bright_boast,1.0
young_children_dbnl_326,14,14_gyeongsang_jeolla_country_blow,0.69478935
young_children_dbnl_327,3,3_saint nicholas_saint_nicholas_holy evening,1.0
young_children_dbnl_328,0,0_dear_sorrow_wish_weaving,0.0
young_children_dbnl_329,11,11_little horses_horses_maids_altar,1.0
young_children_dbnl_330,16,16_song praise_cheerful song_sing song_sing,0.550355
young_children_dbnl_331,13,13_september_thirty_march_summer,1.0
young_children_dbnl_332,0,0_dear_sorrow_wish_weaving,0.0
young_children_dbnl_333,16,16_song praise_cheerful song_sing song_sing,0.6788577
young_children_dbnl_334,0,0_dear_sorrow_wish_weaving,0.0
young_children_dbnl_335,16,16_song praise_cheerful song_sing song_sing,1.0
young_children_dbnl_336,13,13_september_thirty_march_summer,0.8690245
young_children_dbnl_337,16,16_song praise_cheerful song_sing song_sing,1.0
young_children_dbnl_338,0,0_dear_sorrow_wish_weaving,0.0
young_children_dbnl_339,13,13_september_thirty_march_summer,0.50020033
young_children_dbnl_340,0,0_dear_sorrow_wish_weaving,0.0
young_children_dbnl_341,14,14_gyeongsang_jeolla_country_blow,0.43610194
young_children_dbnl_342,0,0_dear_sorrow_wish_weaving,0.0
young_children_dbnl_343,13,13_september_thirty_march_summer,1.0
young_children_dbnl_344,16,16_song praise_cheerful song_sing song_sing,1.0
young_children_dbnl_345,18,18_farmer_rye_oats_horses,1.0
young_children_dbnl_346,16,16_song praise_cheerful song_sing song_sing,0.7405675
young_children_dbnl_347,0,0_dear_sorrow_wish_weaving,0.0
young_children_dbnl_348,16,16_song praise_cheerful song_sing song_sing,0.73126864
young_children_dbnl_349,0,0_dear_sorrow_wish_weaving,0.0
young_children_dbnl_350,13,13_september_thirty_march_summer,0.6689377
young_children_dbnl_351,0,0_dear_sorrow_wish_weaving,0.0
young_children_dbnl_352,17,17_mocking_squirrel_don laugh_laugh,0.5198382
young_children_dbnl_353,0,0_dear_sorrow_wish_weaving,0.0
young_children_dbnl_354,16,16_song praise_cheerful song_sing song_sing,0.783381
young_children_dbnl_355,16,16_song praise_cheerful song_sing song_sing,0.72686356
young_children_dbnl_356,13,13_september_thirty_march_summer,1.0
young_children_dbnl_357,13,13_september_thirty_march_summer,0.75694454
young_children_dbnl_358,16,16_song praise_cheerful song_sing song_sing,0.59381014
young_children_dbnl_359,16,16_song praise_cheerful song_sing song_sing,1.0
young_children_dbnl_360,16,16_song praise_cheerful song_sing song_sing,1.0
young_children_dbnl_361,14,14_gyeongsang_jeolla_country_blow,0.65428346
young_children_dbnl_362,16,16_song praise_cheerful song_sing song_sing,0.9398636
young_children_dbnl_363,16,16_song praise_cheerful song_sing song_sing,0.71334314
young_children_dbnl_364,13,13_september_thirty_march_summer,0.93966365
young_children_dbnl_366,16,16_song praise_cheerful song_sing song_sing,0.95245975
young_children_dbnl_367,16,16_song praise_cheerful song_sing song_sing,0.7711703
young_children_dbnl_368,16,16_song praise_cheerful song_sing song_sing,0.8496428
young_children_dbnl_369,16,16_song praise_cheerful song_sing song_sing,0.8066795
young_children_dbnl_370,0,0_dear_sorrow_wish_weaving,0.0
young_children_dbnl_371,0,0_dear_sorrow_wish_weaving,0.0
young_children_dbnl_372,0,0_dear_sorrow_wish_weaving,0.0
young_children_dbnl_373,16,16_song praise_cheerful song_sing song_sing,1.0
young_children_dbnl_374,0,0_dear_sorrow_wish_weaving,0.0
young_children_dbnl_376,16,16_song praise_cheerful song_sing song_sing,1.0
young_children_dbnl_377,14,14_gyeongsang_jeolla_country_blow,1.0
young_children_dbnl_378,18,18_farmer_rye_oats_horses,0.7474757
young_children_dbnl_379,16,16_song praise_cheerful song_sing song_sing,1.0
young_children_dbnl_380,18,18_farmer_rye_oats_horses,1.0
young_children_dbnl_381,14,14_gyeongsang_jeolla_country_blow,0.58531076
young_children_dbnl_382,16,16_song praise_cheerful song_sing song_sing,1.0
young_children_dbnl_383,16,16_song praise_cheerful song_sing song_sing,1.0
young_children_dbnl_384,3,3_saint nicholas_saint_nicholas_holy evening,1.0
young_children_dbnl_385,0,0_dear_sorrow_wish_weaving,0.0
young_children_dbnl_386,16,16_song praise_cheerful song_sing song_sing,1.0
young_children_dbnl_387,7,7_street_streets_fence_corner,0.95848835
young_children_dbnl_388,11,11_little horses_horses_maids_altar,1.0
young_children_dbnl_389,13,13_september_thirty_march_summer,1.0
young_children_dbnl_390,14,14_gyeongsang_jeolla_country_blow,1.0
young_children_dbnl_393,14,14_gyeongsang_jeolla_country_blow,1.0
young_children_dbnl_394,16,16_song praise_cheerful song_sing song_sing,0.5083134
young_children_dbnl_396,0,0_dear_sorrow_wish_weaving,0.0
young_children_dbnl_397,16,16_song praise_cheerful song_sing song_sing,0.597536
young_children_dbnl_398,14,14_gyeongsang_jeolla_country_blow,0.8242656
young_children_dbnl_399,0,0_dear_sorrow_wish_weaving,0.0
young_children_dbnl_400,0,0_dear_sorrow_wish_weaving,0.0
young_children_dbnl_401,3,3_saint nicholas_saint_nicholas_holy evening,1.0
young_children_dbnl_402,14,14_gyeongsang_jeolla_country_blow,1.0
young_children_dbnl_403,0,0_dear_sorrow_wish_weaving,0.0
young_children_dbnl_404,16,16_song praise_cheerful song_sing song_sing,1.0
young_children_dbnl_405,9,9_wreath_wreaths_wreath wreath_periwinkle,0.76550925
young_children_dbnl_406,0,0_dear_sorrow_wish_weaving,0.0
young_children_dbnl_407,3,3_saint nicholas_saint_nicholas_holy evening,0.8175341
young_children_dbnl_408,16,16_song praise_cheerful song_sing song_sing,0.74623007
young_children_dbnl_409,17,17_mocking_squirrel_don laugh_laugh,0.44917896
young_children_dbnl_410,14,14_gyeongsang_jeolla_country_blow,0.64894044
young_children_dbnl_411,3,3_saint nicholas_saint_nicholas_holy evening,0.68433416
young_children_dbnl_412,11,11_little horses_horses_maids_altar,1.0
young_children_dbnl_413,0,0_dear_sorrow_wish_weaving,0.0
young_children_dbnl_414,9,9_wreath_wreaths_wreath wreath_periwinkle,0.5857298
young_children_dbnl_415,16,16_song praise_cheerful song_sing song_sing,0.47163057
young_children_dbnl_416,13,13_september_thirty_march_summer,0.6444288
young_children_dbnl_417,16,16_song praise_cheerful song_sing song_sing,0.7313135
young_children_dbnl_418,13,13_september_thirty_march_summer,0.47902295
young_children_dbnl_419,16,16_song praise_cheerful song_sing song_sing,0.5630827
young_children_dbnl_420,7,7_street_streets_fence_corner,0.8478092
young_children_dbnl_421,14,14_gyeongsang_jeolla_country_blow,1.0
young_children_dbnl_422,17,17_mocking_squirrel_don laugh_laugh,0.8129623
young_children_dbnl_423,16,16_song praise_cheerful song_sing song_sing,0.5076522
young_children_dbnl_424,16,16_song praise_cheerful song_sing song_sing,1.0
young_children_dbnl_425,0,0_dear_sorrow_wish_weaving,0.0
young_children_dbnl_426,0,0_dear_sorrow_wish_weaving,0.0
young_children_dbnl_427,13,13_september_thirty_march_summer,0.4022089
young_children_dbnl_428,7,7_street_streets_fence_corner,0.38748264
young_children_dbnl_429,18,18_farmer_rye_oats_horses,0.577239
young_children_dbnl_430,13,13_september_thirty_march_summer,0.45713264
young_children_dbnl_431,13,13_september_thirty_march_summer,0.4022089
young_children_dbnl_432,15,15_slave_goats_ants_feathers,0.44531268
young_children_dbnl_433,15,15_slave_goats_ants_feathers,0.39065722
young_children_dbnl_434,15,15_slave_goats_ants_feathers,0.44531268
young_children_dbnl_435,15,15_slave_goats_ants_feathers,0.44531268
young_children_dbnl_436,15,15_slave_goats_ants_feathers,0.35467684
young_children_dbnl_437,15,15_slave_goats_ants_feathers,0.44531268
young_children_dbnl_438,16,16_song praise_cheerful song_sing song_sing,1.0
young_children_dbnl_439,0,0_dear_sorrow_wish_weaving,0.0
young_children_dbnl_440,16,16_song praise_cheerful song_sing song_sing,1.0
young_children_dbnl_441,7,7_street_streets_fence_corner,1.0
young_children_dbnl_442,14,14_gyeongsang_jeolla_country_blow,1.0
young_children_dbnl_443,13,13_september_thirty_march_summer,1.0
young_children_dbnl_444,16,16_song praise_cheerful song_sing song_sing,0.6686238
young_children_dbnl_445,14,14_gyeongsang_jeolla_country_blow,0.65428346
young_children_dbnl_446,13,13_september_thirty_march_summer,0.7870618
young_children_dbnl_447,11,11_little horses_horses_maids_altar,1.0
young_children_dbnl_448,16,16_song praise_cheerful song_sing song_sing,0.5367614
young_children_dbnl_449,16,16_song praise_cheerful song_sing song_sing,1.0
young_children_dbnl_450,0,0_dear_sorrow_wish_weaving,0.0
young_children_dbnl_452,11,11_little horses_horses_maids_altar,0.7579349
young_children_dbnl_453,16,16_song praise_cheerful song_sing song_sing,1.0
young_children_dbnl_454,0,0_dear_sorrow_wish_weaving,0.0
young_children_dbnl_455,0,0_dear_sorrow_wish_weaving,0.0
young_children_dbnl_456,13,13_september_thirty_march_summer,1.0
young_children_dbnl_457,0,0_dear_sorrow_wish_weaving,0.0
young_children_dbnl_458,0,0_dear_sorrow_wish_weaving,0.0
young_children_dbnl_459,0,0_dear_sorrow_wish_weaving,0.0
young_children_dbnl_460,16,16_song praise_cheerful song_sing song_sing,0.87321454
young_children_dbnl_461,0,0_dear_sorrow_wish_weaving,0.0
young_children_dbnl_462,16,16_song praise_cheerful song_sing song_sing,0.95118177
young_children_dbnl_463,16,16_song praise_cheerful song_sing song_sing,0.7144107
young_children_dbnl_464,16,16_song praise_cheerful song_sing song_sing,1.0
young_children_dbnl_465,0,0_dear_sorrow_wish_weaving,0.0
young_children_dbnl_466,16,16_song praise_cheerful song_sing song_sing,1.0
young_children_dbnl_467,18,18_farmer_rye_oats_horses,1.0
young_children_dbnl_468,16,16_song praise_cheerful song_sing song_sing,1.0
young_children_dbnl_469,15,15_slave_goats_ants_feathers,1.0
young_children_dbnl_470,9,9_wreath_wreaths_wreath wreath_periwinkle,0.7608806
young_children_dbnl_471,18,18_farmer_rye_oats_horses,0.79965085
young_children_dbnl_472,16,16_song praise_cheerful song_sing song_sing,1.0
young_children_dbnl_473,14,14_gyeongsang_jeolla_country_blow,1.0
young_children_dbnl_474,3,3_saint nicholas_saint_nicholas_holy evening,1.0
young_children_dbnl_476,14,14_gyeongsang_jeolla_country_blow,0.8358844
young_children_dbnl_477,14,14_gyeongsang_jeolla_country_blow,1.0
young_children_dbnl_478,0,0_dear_sorrow_wish_weaving,0.0
young_children_dbnl_479,14,14_gyeongsang_jeolla_country_blow,1.0
young_children_dbnl_480,13,13_september_thirty_march_summer,0.69104195
young_children_dbnl_481,13,13_september_thirty_march_summer,0.539544
young_children_dbnl_482,14,14_gyeongsang_jeolla_country_blow,1.0
young_children_dbnl_483,14,14_gyeongsang_jeolla_country_blow,0.39810187
young_children_dbnl_484,16,16_song praise_cheerful song_sing song_sing,1.0
young_children_dbnl_486,3,3_saint nicholas_saint_nicholas_holy evening,1.0
young_children_dbnl_487,16,16_song praise_cheerful song_sing song_sing,1.0
young_children_dbnl_488,0,0_dear_sorrow_wish_weaving,0.0
young_children_dbnl_489,14,14_gyeongsang_jeolla_country_blow,0.71061933
young_children_dbnl_490,3,3_saint nicholas_saint_nicholas_holy evening,1.0
young_children_dbnl_492,7,7_street_streets_fence_corner,1.0
young_children_dbnl_493,11,11_little horses_horses_maids_altar,0.7816893
young_children_dbnl_495,18,18_farmer_rye_oats_horses,0.4209655
young_children_dbnl_496,16,16_song praise_cheerful song_sing song_sing,1.0
young_children_dbnl_497,16,16_song praise_cheerful song_sing song_sing,1.0
young_children_dbnl_498,16,16_song praise_cheerful song_sing song_sing,1.0
young_children_dbnl_499,13,13_september_thirty_march_summer,1.0
young_children_dbnl_500,0,0_dear_sorrow_wish_weaving,0.0
young_children_dbnl_501,18,18_farmer_rye_oats_horses,1.0
young_children_dbnl_502,16,16_song praise_cheerful song_sing song_sing,0.6094664
young_children_dbnl_503,16,16_song praise_cheerful song_sing song_sing,1.0
young_children_dbnl_504,0,0_dear_sorrow_wish_weaving,0.0
young_children_dbnl_505,17,17_mocking_squirrel_don laugh_laugh,1.0
young_children_dbnl_506,11,11_little horses_horses_maids_altar,0.6000336
young_children_dbnl_507,18,18_farmer_rye_oats_horses,1.0
young_children_dbnl_508,14,14_gyeongsang_jeolla_country_blow,0.6467938
young_children_dbnl_509,0,0_dear_sorrow_wish_weaving,0.0
young_children_dbnl_510,16,16_song praise_cheerful song_sing song_sing,0.72916204
young_children_dbnl_511,13,13_september_thirty_march_summer,0.42383778
young_children_dbnl_512,14,14_gyeongsang_jeolla_country_blow,1.0
young_children_dbnl_513,16,16_song praise_cheerful song_sing song_sing,1.0
young_children_dbnl_514,16,16_song praise_cheerful song_sing song_sing,0.5928779
young_children_dbnl_515,16,16_song praise_cheerful song_sing song_sing,0.5058759
young_children_dbnl_516,0,0_dear_sorrow_wish_weaving,0.0
young_children_dbnl_517,16,16_song praise_cheerful song_sing song_sing,0.82640165
young_children_dbnl_518,14,14_gyeongsang_jeolla_country_blow,0.4511292
young_children_dbnl_519,13,13_september_thirty_march_summer,0.69870365
young_children_dbnl_520,7,7_street_streets_fence_corner,1.0
young_children_dbnl_521,14,14_gyeongsang_jeolla_country_blow,1.0
young_children_dbnl_522,14,14_gyeongsang_jeolla_country_blow,1.0
young_children_dbnl_523,14,14_gyeongsang_jeolla_country_blow,1.0
young_children_dbnl_524,16,16_song praise_cheerful song_sing song_sing,1.0
young_children_dbnl_525,0,0_dear_sorrow_wish_weaving,0.0
young_children_dbnl_526,0,0_dear_sorrow_wish_weaving,0.0
young_children_dbnl_527,16,16_song praise_cheerful song_sing song_sing,1.0
young_children_dbnl_528,16,16_song praise_cheerful song_sing song_sing,1.0
young_children_dbnl_529,14,14_gyeongsang_jeolla_country_blow,1.0
young_children_dbnl_530,16,16_song praise_cheerful song_sing song_sing,0.5826163
young_children_dbnl_531,16,16_song praise_cheerful song_sing song_sing,0.3943602
young_children_dbnl_532,0,0_dear_sorrow_wish_weaving,0.0
young_children_dbnl_533,0,0_dear_sorrow_wish_weaving,0.0
young_children_dbnl_534,16,16_song praise_cheerful song_sing song_sing,1.0
young_children_dbnl_535,7,7_street_streets_fence_corner,1.0
young_children_dbnl_536,14,14_gyeongsang_jeolla_country_blow,0.6445715
young_children_dbnl_537,3,3_saint nicholas_saint_nicholas_holy evening,1.0
young_children_dbnl_538,0,0_dear_sorrow_wish_weaving,0.0
young_children_dbnl_539,16,16_song praise_cheerful song_sing song_sing,1.0
young_children_dbnl_540,0,0_dear_sorrow_wish_weaving,0.0
young_children_dbnl_541,16,16_song praise_cheerful song_sing song_sing,1.0
young_children_dbnl_542,0,0_dear_sorrow_wish_weaving,0.0
young_children_dbnl_543,0,0_dear_sorrow_wish_weaving,0.0
young_children_dbnl_544,14,14_gyeongsang_jeolla_country_blow,0.5964472
young_children_dbnl_545,16,16_song praise_cheerful song_sing song_sing,1.0
young_children_dbnl_546,7,7_street_streets_fence_corner,0.73232484
young_children_dbnl_547,13,13_september_thirty_march_summer,1.0
young_children_dbnl_548,13,13_september_thirty_march_summer,0.82616913
young_children_dbnl_549,16,16_song praise_cheerful song_sing song_sing,0.6739196
young_children_dbnl_550,13,13_september_thirty_march_summer,0.40908077
young_children_dbnl_551,16,16_song praise_cheerful song_sing song_sing,0.5428547
young_children_dbnl_552,13,13_september_thirty_march_summer,0.54175454
young_children_dbnl_553,0,0_dear_sorrow_wish_weaving,0.0
young_children_dbnl_554,0,0_dear_sorrow_wish_weaving,0.0
young_children_dbnl_555,14,14_gyeongsang_jeolla_country_blow,0.4333368
young_children_dbnl_556,0,0_dear_sorrow_wish_weaving,0.0
young_children_dbnl_557,16,16_song praise_cheerful song_sing song_sing,0.34444684
young_children_dbnl_558,14,14_gyeongsang_jeolla_country_blow,0.69165736
young_children_dbnl_559,16,16_song praise_cheerful song_sing song_sing,1.0
young_children_dbnl_560,16,16_song praise_cheerful song_sing song_sing,1.0
young_children_dbnl_561,16,16_song praise_cheerful song_sing song_sing,0.67592406
young_children_dbnl_562,16,16_song praise_cheerful song_sing song_sing,0.8752695
young_children_dbnl_563,15,15_slave_goats_ants_feathers,0.87324464
young_children_dbnl_564,16,16_song praise_cheerful song_sing song_sing,0.47492945
young_children_dbnl_565,16,16_song praise_cheerful song_sing song_sing,0.74246746
young_children_dbnl_566,0,0_dear_sorrow_wish_weaving,0.0
young_children_dbnl_567,13,13_september_thirty_march_summer,1.0
young_children_dbnl_568,5,5_horses_grazing_maidens_clover,0.7001728
young_children_dbnl_569,13,13_september_thirty_march_summer,0.73332095
young_children_dbnl_570,9,9_wreath_wreaths_wreath wreath_periwinkle,1.0
young_children_dbnl_571,14,14_gyeongsang_jeolla_country_blow,1.0
young_children_dbnl_572,0,0_dear_sorrow_wish_weaving,0.0
young_children_dbnl_573,14,14_gyeongsang_jeolla_country_blow,1.0
young_children_dbnl_574,14,14_gyeongsang_jeolla_country_blow,0.70943326
young_children_dbnl_575,0,0_dear_sorrow_wish_weaving,0.0
young_children_dbnl_576,0,0_dear_sorrow_wish_weaving,0.0
young_children_dbnl_577,14,14_gyeongsang_jeolla_country_blow,0.5684249
young_children_dbnl_578,13,13_september_thirty_march_summer,0.538719
young_children_dbnl_579,16,16_song praise_cheerful song_sing song_sing,0.5565537
young_children_dbnl_580,16,16_song praise_cheerful song_sing song_sing,0.6640396
young_children_dbnl_581,9,9_wreath_wreaths_wreath wreath_periwinkle,1.0
young_children_dbnl_582,11,11_little horses_horses_maids_altar,0.68821853
young_children_dbnl_583,0,0_dear_sorrow_wish_weaving,0.0
young_children_dbnl_584,13,13_september_thirty_march_summer,1.0
young_children_dbnl_585,16,16_song praise_cheerful song_sing song_sing,0.57698977
young_children_dbnl_586,0,0_dear_sorrow_wish_weaving,0.0
young_children_dbnl_587,3,3_saint nicholas_saint_nicholas_holy evening,1.0
young_children_dbnl_588,0,0_dear_sorrow_wish_weaving,0.0
young_children_dbnl_589,0,0_dear_sorrow_wish_weaving,0.0
young_children_dbnl_590,0,0_dear_sorrow_wish_weaving,0.0
young_children_dbnl_591,0,0_dear_sorrow_wish_weaving,0.0
young_children_dbnl_592,15,15_slave_goats_ants_feathers,0.42135787
young_children_dbnl_593,13,13_september_thirty_march_summer,0.5006332
young_children_dbnl_594,14,14_gyeongsang_jeolla_country_blow,1.0
young_children_dbnl_595,16,16_song praise_cheerful song_sing song_sing,0.5595617
young_children_dbnl_596,18,18_farmer_rye_oats_horses,0.45603502
young_children_dbnl_597,0,0_dear_sorrow_wish_weaving,0.0
young_children_dbnl_599,0,0_dear_sorrow_wish_weaving,0.0
young_children_dbnl_600,0,0_dear_sorrow_wish_weaving,0.0
young_children_dbnl_601,0,0_dear_sorrow_wish_weaving,0.0
young_children_dbnl_602,0,0_dear_sorrow_wish_weaving,0.0
young_children_dbnl_603,0,0_dear_sorrow_wish_weaving,0.0
young_children_dbnl_605,0,0_dear_sorrow_wish_weaving,0.0
young_children_dbnl_606,0,0_dear_sorrow_wish_weaving,0.0
young_children_dbnl_607,0,0_dear_sorrow_wish_weaving,0.0
young_children_dbnl_608,16,16_song praise_cheerful song_sing song_sing,1.0
young_children_dbnl_609,13,13_september_thirty_march_summer,1.0
young_children_dbnl_610,13,13_september_thirty_march_summer,0.8561704
young_children_dbnl_611,13,13_september_thirty_march_summer,1.0
young_children_dbnl_612,13,13_september_thirty_march_summer,1.0
young_children_dbnl_613,13,13_september_thirty_march_summer,1.0
young_children_dbnl_615,13,13_september_thirty_march_summer,1.0
young_children_dbnl_616,7,7_street_streets_fence_corner,1.0
young_children_dbnl_617,13,13_september_thirty_march_summer,1.0
young_children_dbnl_618,0,0_dear_sorrow_wish_weaving,0.0
young_children_dbnl_619,0,0_dear_sorrow_wish_weaving,0.0
young_children_dbnl_620,0,0_dear_sorrow_wish_weaving,0.0
young_children_dbnl_621,17,17_mocking_squirrel_don laugh_laugh,0.45444393
young_children_dbnl_622,0,0_dear_sorrow_wish_weaving,0.0
young_children_dbnl_624,13,13_september_thirty_march_summer,1.0
young_children_dbnl_625,0,0_dear_sorrow_wish_weaving,0.0
young_children_dbnl_626,13,13_september_thirty_march_summer,1.0
young_children_dbnl_627,11,11_little horses_horses_maids_altar,0.5065319
young_children_dbnl_628,0,0_dear_sorrow_wish_weaving,0.0
young_children_dbnl_629,0,0_dear_sorrow_wish_weaving,0.0
young_children_dbnl_630,14,14_gyeongsang_jeolla_country_blow,0.6680745
young_children_dbnl_631,13,13_september_thirty_march_summer,0.7152036
young_children_dbnl_632,7,7_street_streets_fence_corner,0.8159428
young_children_dbnl_633,0,0_dear_sorrow_wish_weaving,0.0
young_children_dbnl_634,0,0_dear_sorrow_wish_weaving,0.0
young_children_dbnl_635,13,13_september_thirty_march_summer,0.7870618
young_children_dbnl_636,11,11_little horses_horses_maids_altar,1.0
young_children_dbnl_637,0,0_dear_sorrow_wish_weaving,0.0
young_children_dbnl_638,0,0_dear_sorrow_wish_weaving,0.0
young_children_dbnl_639,0,0_dear_sorrow_wish_weaving,0.0
young_children_dbnl_640,0,0_dear_sorrow_wish_weaving,0.0
young_children_dbnl_641,14,14_gyeongsang_jeolla_country_blow,1.0
young_children_dbnl_642,0,0_dear_sorrow_wish_weaving,0.0
young_children_dbnl_643,0,0_dear_sorrow_wish_weaving,0.0
young_children_dbnl_644,7,7_street_streets_fence_corner,1.0
young_children_dbnl_645,7,7_street_streets_fence_corner,1.0
young_children_dbnl_646,0,0_dear_sorrow_wish_weaving,0.0
young_children_dbnl_647,0,0_dear_sorrow_wish_weaving,0.0
young_children_dbnl_648,0,0_dear_sorrow_wish_weaving,0.0
young_children_dbnl_650,0,0_dear_sorrow_wish_weaving,0.0
young_children_dbnl_651,0,0_dear_sorrow_wish_weaving,0.0
young_children_dbnl_652,16,16_song praise_cheerful song_sing song_sing,0.57123846
young_children_dbnl_653,7,7_street_streets_fence_corner,0.414142
young_children_dbnl_654,14,14_gyeongsang_jeolla_country_blow,0.5859782
young_children_dbnl_655,13,13_september_thirty_march_summer,0.74463433
young_children_dbnl_656,16,16_song praise_cheerful song_sing song_sing,1.0
young_children_dbnl_657,0,0_dear_sorrow_wish_weaving,0.0
young_children_dbnl_658,9,9_wreath_wreaths_wreath wreath_periwinkle,1.0
young_children_dbnl_659,16,16_song praise_cheerful song_sing song_sing,0.680234
young_children_dbnl_660,18,18_farmer_rye_oats_horses,0.34553152
young_children_dbnl_661,0,0_dear_sorrow_wish_weaving,0.0
young_children_dbnl_662,18,18_farmer_rye_oats_horses,0.5613104
young_children_dbnl_663,16,16_song praise_cheerful song_sing song_sing,1.0
young_children_dbnl_664,16,16_song praise_cheerful song_sing song_sing,1.0
young_children_dbnl_666,0,0_dear_sorrow_wish_weaving,0.0
young_children_dbnl_667,14,14_gyeongsang_jeolla_country_blow,0.6222552
young_children_dbnl_668,18,18_farmer_rye_oats_horses,0.50866777
young_children_dbnl_669,18,18_farmer_rye_oats_horses,0.50866777
young_children_dbnl_670,16,16_song praise_cheerful song_sing song_sing,0.8504125
young_children_dbnl_671,9,9_wreath_wreaths_wreath wreath_periwinkle,1.0
young_children_dbnl_672,10,10_young cossack_cossack_horseback_love young,0.549463
young_children_dbnl_673,17,17_mocking_squirrel_don laugh_laugh,1.0
young_children_dbnl_674,16,16_song praise_cheerful song_sing song_sing,0.73193836
young_children_dbnl_675,16,16_song praise_cheerful song_sing song_sing,0.35430634
young_children_dbnl_676,0,0_dear_sorrow_wish_weaving,0.0
young_children_dbnl_677,0,0_dear_sorrow_wish_weaving,0.0
young_children_dbnl_681,0,0_dear_sorrow_wish_weaving,0.0
young_children_dbnl_682,0,0_dear_sorrow_wish_weaving,0.0
young_children_dbnl_683,16,16_song praise_cheerful song_sing song_sing,0.7905898
young_children_dbnl_684,14,14_gyeongsang_jeolla_country_blow,0.5490501
young_children_dbnl_685,16,16_song praise_cheerful song_sing song_sing,0.9210388
young_children_dbnl_686,0,0_dear_sorrow_wish_weaving,0.0
young_children_dbnl_688,16,16_song praise_cheerful song_sing song_sing,0.63362783
young_children_dbnl_689,16,16_song praise_cheerful song_sing song_sing,0.6347709
young_children_dbnl_690,18,18_farmer_rye_oats_horses,1.0
young_children_dbnl_691,14,14_gyeongsang_jeolla_country_blow,0.45375404
young_children_dbnl_692,14,14_gyeongsang_jeolla_country_blow,1.0
young_children_dbnl_694,0,0_dear_sorrow_wish_weaving,0.0
young_children_dbnl_695,0,0_dear_sorrow_wish_weaving,0.0
young_children_dbnl_696,0,0_dear_sorrow_wish_weaving,0.0
young_children_dbnl_697,0,0_dear_sorrow_wish_weaving,0.0
young_children_dbnl_698,0,0_dear_sorrow_wish_weaving,0.0
young_children_dbnl_699,0,0_dear_sorrow_wish_weaving,0.0
young_children_dbnl_700,16,16_song praise_cheerful song_sing song_sing,1.0
young_children_dbnl_701,0,0_dear_sorrow_wish_weaving,0.0
young_children_dbnl_702,0,0_dear_sorrow_wish_weaving,0.0
young_children_dbnl_703,0,0_dear_sorrow_wish_weaving,0.0
young_children_dbnl_704,0,0_dear_sorrow_wish_weaving,0.0
young_children_dbnl_705,0,0_dear_sorrow_wish_weaving,0.0
young_children_dbnl_706,0,0_dear_sorrow_wish_weaving,0.0
young_children_dbnl_707,13,13_september_thirty_march_summer,0.39416
young_children_dbnl_708,16,16_song praise_cheerful song_sing song_sing,0.74192274
young_children_dbnl_709,18,18_farmer_rye_oats_horses,0.86278474
young_children_dbnl_710,0,0_dear_sorrow_wish_weaving,0.0
young_children_dbnl_712,18,18_farmer_rye_oats_horses,1.0
young_children_dbnl_713,0,0_dear_sorrow_wish_weaving,0.0
young_children_dbnl_714,11,11_little horses_horses_maids_altar,1.0
young_children_dbnl_715,13,13_september_thirty_march_summer,0.7026397
young_children_dbnl_716,15,15_slave_goats_ants_feathers,1.0
young_children_dbnl_717,13,13_september_thirty_march_summer,0.54705226
young_children_dbnl_718,16,16_song praise_cheerful song_sing song_sing,0.27360153
young_children_dbnl_719,0,0_dear_sorrow_wish_weaving,0.0
young_children_dbnl_720,0,0_dear_sorrow_wish_weaving,0.0
young_children_dbnl_721,16,16_song praise_cheerful song_sing song_sing,1.0
young_children_dbnl_722,9,9_wreath_wreaths_wreath wreath_periwinkle,0.44889137
young_children_dbnl_723,14,14_gyeongsang_jeolla_country_blow,0.49956748
young_children_dbnl_724,9,9_wreath_wreaths_wreath wreath_periwinkle,0.44889137
young_children_dbnl_725,9,9_wreath_wreaths_wreath wreath_periwinkle,0.44889137
young_children_dbnl_726,9,9_wreath_wreaths_wreath wreath_periwinkle,0.44889137
young_children_dbnl_727,16,16_song praise_cheerful song_sing song_sing,0.6139191
young_children_dbnl_728,16,16_song praise_cheerful song_sing song_sing,0.57123846
young_children_dbnl_729,16,16_song praise_cheerful song_sing song_sing,0.57123846
young_children_dbnl_730,9,9_wreath_wreaths_wreath wreath_periwinkle,0.44889137
young_children_dbnl_731,9,9_wreath_wreaths_wreath wreath_periwinkle,0.44889137
young_children_dbnl_732,16,16_song praise_cheerful song_sing song_sing,0.57123846
young_children_dbnl_733,9,9_wreath_wreaths_wreath wreath_periwinkle,0.44889137
young_children_dbnl_734,9,9_wreath_wreaths_wreath wreath_periwinkle,0.44889137
young_children_dbnl_735,16,16_song praise_cheerful song_sing song_sing,0.57123846
young_children_dbnl_736,9,9_wreath_wreaths_wreath wreath_periwinkle,0.34712383
young_children_dbnl_737,9,9_wreath_wreaths_wreath wreath_periwinkle,0.44889137
young_children_dbnl_738,13,13_september_thirty_march_summer,0.74718857
young_children_dbnl_739,13,13_september_thirty_march_summer,0.73016167
young_children_dbnl_740,13,13_september_thirty_march_summer,0.68499774
young_children_dbnl_741,13,13_september_thirty_march_summer,0.73515403
young_children_dbnl_742,13,13_september_thirty_march_summer,0.75996464
young_children_dbnl_743,13,13_september_thirty_march_summer,0.7692636
young_children_dbnl_744,13,13_september_thirty_march_summer,0.61039335
young_children_dbnl_745,13,13_september_thirty_march_summer,0.75481236
young_children_dbnl_746,13,13_september_thirty_march_summer,0.75272226
young_children_dbnl_747,13,13_september_thirty_march_summer,0.7555525
young_children_dbnl_748,13,13_september_thirty_march_summer,0.7177723
young_children_dbnl_749,13,13_september_thirty_march_summer,0.7601629
young_children_dbnl_750,13,13_september_thirty_march_summer,0.7673738
young_children_dbnl_751,13,13_september_thirty_march_summer,0.7496635
young_children_dbnl_752,13,13_september_thirty_march_summer,0.76668036
young_children_dbnl_753,13,13_september_thirty_march_summer,0.7101382
young_children_dbnl_754,13,13_september_thirty_march_summer,0.74451476
young_children_dbnl_755,13,13_september_thirty_march_summer,0.68075347
young_children_dbnl_756,13,13_september_thirty_march_summer,0.738509
young_children_dbnl_757,13,13_september_thirty_march_summer,0.7865194
young_children_dbnl_758,13,13_september_thirty_march_summer,0.75937057
young_children_dbnl_759,13,13_september_thirty_march_summer,0.73478335
young_children_dbnl_760,13,13_september_thirty_march_summer,0.8042123
young_children_dbnl_761,13,13_september_thirty_march_summer,0.7092063
young_children_dbnl_762,13,13_september_thirty_march_summer,0.8112724
young_children_dbnl_763,13,13_september_thirty_march_summer,0.75685996
young_children_dbnl_764,13,13_september_thirty_march_summer,0.74893624
young_children_dbnl_765,13,13_september_thirty_march_summer,0.76576716
young_children_dbnl_766,13,13_september_thirty_march_summer,0.753268
young_children_dbnl_767,13,13_september_thirty_march_summer,0.71901286
young_children_dbnl_768,13,13_september_thirty_march_summer,0.79794997
young_children_dbnl_769,13,13_september_thirty_march_summer,0.7823802
young_children_dbnl_770,13,13_september_thirty_march_summer,0.7540363
young_children_dbnl_771,13,13_september_thirty_march_summer,0.76389694
young_children_dbnl_772,18,18_farmer_rye_oats_horses,0.60752326
young_children_dbnl_773,14,14_gyeongsang_jeolla_country_blow,1.0
young_children_dbnl_774,9,9_wreath_wreaths_wreath wreath_periwinkle,1.0
young_children_dbnl_775,0,0_dear_sorrow_wish_weaving,0.0
young_children_dbnl_776,16,16_song praise_cheerful song_sing song_sing,0.8631013
young_children_dbnl_777,0,0_dear_sorrow_wish_weaving,0.0
young_children_dbnl_778,16,16_song praise_cheerful song_sing song_sing,0.5224095
young_children_dbnl_779,3,3_saint nicholas_saint_nicholas_holy evening,1.0
young_children_dbnl_780,15,15_slave_goats_ants_feathers,1.0
young_children_dbnl_781,14,14_gyeongsang_jeolla_country_blow,1.0
young_children_dbnl_782,17,17_mocking_squirrel_don laugh_laugh,0.58507
young_children_dbnl_783,14,14_gyeongsang_jeolla_country_blow,0.31287903
young_children_dbnl_784,0,0_dear_sorrow_wish_weaving,0.0
young_children_dbnl_785,16,16_song praise_cheerful song_sing song_sing,1.0
young_children_dbnl_786,3,3_saint nicholas_saint_nicholas_holy evening,0.5166955
young_children_dbnl_787,16,16_song praise_cheerful song_sing song_sing,0.7230754
young_children_dbnl_788,18,18_farmer_rye_oats_horses,1.0
young_children_dbnl_789,14,14_gyeongsang_jeolla_country_blow,1.0
young_children_dbnl_790,14,14_gyeongsang_jeolla_country_blow,0.81527066
young_children_dbnl_791,16,16_song praise_cheerful song_sing song_sing,1.0
young_children_dbnl_792,16,16_song praise_cheerful song_sing song_sing,0.9042063
young_children_dbnl_793,18,18_farmer_rye_oats_horses,1.0
young_children_dbnl_794,11,11_little horses_horses_maids_altar,1.0
young_children_dbnl_795,9,9_wreath_wreaths_wreath wreath_periwinkle,0.8512199
young_children_dbnl_797,16,16_song praise_cheerful song_sing song_sing,0.67218477
young_children_dbnl_798,16,16_song praise_cheerful song_sing song_sing,1.0
young_children_dbnl_799,16,16_song praise_cheerful song_sing song_sing,1.0
young_children_dbnl_800,16,16_song praise_cheerful song_sing song_sing,0.3904422
young_children_dbnl_801,0,0_dear_sorrow_wish_weaving,0.0
young_children_dbnl_802,18,18_farmer_rye_oats_horses,1.0
young_children_dbnl_803,16,16_song praise_cheerful song_sing song_sing,1.0
young_children_dbnl_804,0,0_dear_sorrow_wish_weaving,0.0
young_children_dbnl_805,0,0_dear_sorrow_wish_weaving,0.0
young_children_dbnl_806,17,17_mocking_squirrel_don laugh_laugh,1.0
young_children_dbnl_807,16,16_song praise_cheerful song_sing song_sing,1.0
young_children_dbnl_808,16,16_song praise_cheerful song_sing song_sing,0.7663536
young_children_dbnl_809,18,18_farmer_rye_oats_horses,0.52321535
young_children_dbnl_810,16,16_song praise_cheerful song_sing song_sing,1.0
young_children_dbnl_811,9,9_wreath_wreaths_wreath wreath_periwinkle,0.68583894
young_children_dbnl_812,18,18_farmer_rye_oats_horses,0.62278646
young_children_dbnl_813,16,16_song praise_cheerful song_sing song_sing,1.0
young_children_dbnl_814,16,16_song praise_cheerful song_sing song_sing,1.0
young_children_dbnl_815,16,16_song praise_cheerful song_sing song_sing,1.0
young_children_dbnl_816,16,16_song praise_cheerful song_sing song_sing,1.0
young_children_dbnl_817,14,14_gyeongsang_jeolla_country_blow,1.0
young_children_dbnl_818,16,16_song praise_cheerful song_sing song_sing,1.0
young_children_dbnl_819,14,14_gyeongsang_jeolla_country_blow,0.5210867
young_children_dbnl_820,18,18_farmer_rye_oats_horses,0.5753331
young_children_dbnl_821,13,13_september_thirty_march_summer,1.0
young_children_dbnl_822,18,18_farmer_rye_oats_horses,1.0
young_children_dbnl_823,3,3_saint nicholas_saint_nicholas_holy evening,1.0
young_children_dbnl_824,13,13_september_thirty_march_summer,1.0
young_children_dbnl_825,16,16_song praise_cheerful song_sing song_sing,0.42900082
young_children_dbnl_826,14,14_gyeongsang_jeolla_country_blow,0.3780247
young_children_dbnl_827,14,14_gyeongsang_jeolla_country_blow,1.0
young_children_dbnl_828,14,14_gyeongsang_jeolla_country_blow,1.0
young_children_dbnl_829,14,14_gyeongsang_jeolla_country_blow,1.0
young_children_dbnl_830,14,14_gyeongsang_jeolla_country_blow,0.83631176
young_children_dbnl_831,18,18_farmer_rye_oats_horses,1.0
young_children_dbnl_832,13,13_september_thirty_march_summer,1.0
young_children_dbnl_833,16,16_song praise_cheerful song_sing song_sing,0.47702637
young_children_dbnl_834,16,16_song praise_cheerful song_sing song_sing,0.5948891
young_children_dbnl_836,16,16_song praise_cheerful song_sing song_sing,0.52551144
young_children_dbnl_837,16,16_song praise_cheerful song_sing song_sing,0.39240694
young_children_dbnl_838,16,16_song praise_cheerful song_sing song_sing,0.5441928
young_children_dbnl_839,16,16_song praise_cheerful song_sing song_sing,0.6048864
young_children_dbnl_840,16,16_song praise_cheerful song_sing song_sing,0.4764479
young_children_dbnl_841,16,16_song praise_cheerful song_sing song_sing,0.54179543
young_children_dbnl_842,16,16_song praise_cheerful song_sing song_sing,0.5425772
young_children_dbnl_843,16,16_song praise_cheerful song_sing song_sing,0.54942584
young_children_dbnl_844,16,16_song praise_cheerful song_sing song_sing,0.5717724
young_children_dbnl_845,16,16_song praise_cheerful song_sing song_sing,0.5490093
young_children_dbnl_846,16,16_song praise_cheerful song_sing song_sing,0.5594275
young_children_dbnl_847,16,16_song praise_cheerful song_sing song_sing,0.41833317
young_children_dbnl_848,16,16_song praise_cheerful song_sing song_sing,0.53251827
young_children_dbnl_849,16,16_song praise_cheerful song_sing song_sing,0.525123
young_children_dbnl_850,16,16_song praise_cheerful song_sing song_sing,0.47702637
young_children_dbnl_851,16,16_song praise_cheerful song_sing song_sing,0.49548745
young_children_dbnl_852,14,14_gyeongsang_jeolla_country_blow,0.63648754
young_children_dbnl_860,13,13_september_thirty_march_summer,0.8646794
young_children_dbnl_861,13,13_september_thirty_march_summer,0.85357565
young_children_dbnl_862,13,13_september_thirty_march_summer,0.8722937
young_children_dbnl_863,13,13_september_thirty_march_summer,0.8821257
young_children_dbnl_864,13,13_september_thirty_march_summer,0.87054026
young_children_dbnl_865,13,13_september_thirty_march_summer,0.8679886
young_children_dbnl_866,13,13_september_thirty_march_summer,0.8754457
young_children_dbnl_867,13,13_september_thirty_march_summer,0.8737451
young_children_dbnl_868,13,13_september_thirty_march_summer,0.8835678
young_children_dbnl_869,13,13_september_thirty_march_summer,0.864104
young_children_dbnl_870,13,13_september_thirty_march_summer,0.8642369
young_children_dbnl_871,13,13_september_thirty_march_summer,0.88615686
young_children_dbnl_872,13,13_september_thirty_march_summer,0.85523593
young_children_dbnl_873,13,13_september_thirty_march_summer,0.8755835
young_children_dbnl_874,13,13_september_thirty_march_summer,0.85985225
young_children_dbnl_875,13,13_september_thirty_march_summer,0.8829957
young_children_dbnl_876,13,13_september_thirty_march_summer,0.8755835
young_children_dbnl_877,13,13_september_thirty_march_summer,0.8722937
young_children_dbnl_878,13,13_september_thirty_march_summer,0.8679886
young_children_dbnl_879,13,13_september_thirty_march_summer,0.8517684
young_children_dbnl_880,13,13_september_thirty_march_summer,0.8755835
young_children_dbnl_881,13,13_september_thirty_march_summer,0.8558729
young_children_dbnl_882,13,13_september_thirty_march_summer,0.8679886
young_children_dbnl_883,13,13_september_thirty_march_summer,0.8722937
young_children_dbnl_884,13,13_september_thirty_march_summer,0.871885
young_children_dbnl_885,13,13_september_thirty_march_summer,0.8755835
young_children_dbnl_886,13,13_september_thirty_march_summer,0.87517506
young_children_dbnl_887,13,13_september_thirty_march_summer,0.86178476
young_children_dbnl_888,13,13_september_thirty_march_summer,0.87812096
young_children_dbnl_889,13,13_september_thirty_march_summer,0.984895
young_children_dbnl_890,13,13_september_thirty_march_summer,1.0
young_children_dbnl_891,13,13_september_thirty_march_summer,1.0
young_children_dbnl_892,13,13_september_thirty_march_summer,1.0
young_children_dbnl_893,13,13_september_thirty_march_summer,1.0
young_children_dbnl_894,13,13_september_thirty_march_summer,1.0
young_children_dbnl_895,13,13_september_thirty_march_summer,1.0
young_children_dbnl_896,13,13_september_thirty_march_summer,1.0
young_children_dbnl_897,13,13_september_thirty_march_summer,0.9853826
young_children_dbnl_898,13,13_september_thirty_march_summer,1.0
young_children_dbnl_899,13,13_september_thirty_march_summer,0.9856876
young_children_dbnl_900,13,13_september_thirty_march_summer,1.0
young_children_dbnl_901,13,13_september_thirty_march_summer,1.0
young_children_dbnl_902,13,13_september_thirty_march_summer,0.9844062
young_children_dbnl_903,18,18_farmer_rye_oats_horses,0.66095424
young_children_dbnl_904,18,18_farmer_rye_oats_horses,0.67754513
young_children_dbnl_905,18,18_farmer_rye_oats_horses,0.5851634
young_children_dbnl_906,18,18_farmer_rye_oats_horses,0.7896118
young_children_dbnl_907,18,18_farmer_rye_oats_horses,0.6347838
young_children_dbnl_908,18,18_farmer_rye_oats_horses,0.4471573
young_children_dbnl_909,18,18_farmer_rye_oats_horses,0.79703635
young_children_dbnl_910,18,18_farmer_rye_oats_horses,0.70934
young_children_dbnl_911,18,18_farmer_rye_oats_horses,0.71857077
young_children_dbnl_913,18,18_farmer_rye_oats_horses,0.747826
young_children_dbnl_914,14,14_gyeongsang_jeolla_country_blow,0.46893895
young_children_dbnl_915,18,18_farmer_rye_oats_horses,0.56254333
young_children_dbnl_916,18,18_farmer_rye_oats_horses,0.6335704
young_children_dbnl_917,18,18_farmer_rye_oats_horses,0.79703635
young_children_dbnl_918,13,13_september_thirty_march_summer,0.45237178
young_children_dbnl_920,18,18_farmer_rye_oats_horses,0.83872044
young_children_dbnl_921,18,18_farmer_rye_oats_horses,0.83872044
young_children_dbnl_922,18,18_farmer_rye_oats_horses,0.5331922
young_children_dbnl_923,18,18_farmer_rye_oats_horses,0.83872044
young_children_dbnl_924,18,18_farmer_rye_oats_horses,0.83872044
young_children_dbnl_925,18,18_farmer_rye_oats_horses,0.83872044
young_children_dbnl_926,18,18_farmer_rye_oats_horses,0.83872044
young_children_dbnl_928,18,18_farmer_rye_oats_horses,0.83872044
young_children_dbnl_929,18,18_farmer_rye_oats_horses,0.83872044
young_children_dbnl_930,18,18_farmer_rye_oats_horses,0.83872044
young_children_dbnl_931,18,18_farmer_rye_oats_horses,0.814547
young_children_dbnl_932,18,18_farmer_rye_oats_horses,0.83872044
young_children_dbnl_933,18,18_farmer_rye_oats_horses,0.858209
young_children_dbnl_934,18,18_farmer_rye_oats_horses,0.83872044
young_children_dbnl_935,18,18_farmer_rye_oats_horses,0.83872044
young_children_dbnl_936,18,18_farmer_rye_oats_horses,0.83872044
young_children_dbnl_938,18,18_farmer_rye_oats_horses,0.8585002
young_children_dbnl_940,18,18_farmer_rye_oats_horses,0.858209
young_children_dbnl_941,18,18_farmer_rye_oats_horses,0.75810426
young_children_dbnl_942,18,18_farmer_rye_oats_horses,0.83872044
young_children_dbnl_943,18,18_farmer_rye_oats_horses,0.83872044
young_children_dbnl_944,18,18_farmer_rye_oats_horses,0.728725
young_children_dbnl_945,18,18_farmer_rye_oats_horses,0.858209
young_children_dbnl_946,18,18_farmer_rye_oats_horses,0.83872044
young_children_dbnl_947,18,18_farmer_rye_oats_horses,0.8585002
young_children_dbnl_948,18,18_farmer_rye_oats_horses,0.83872044
young_children_dbnl_950,18,18_farmer_rye_oats_horses,0.858209
young_children_dbnl_951,18,18_farmer_rye_oats_horses,0.83872044
young_children_dbnl_952,18,18_farmer_rye_oats_horses,0.83872044
young_children_dbnl_954,18,18_farmer_rye_oats_horses,0.83872044
young_children_dbnl_955,18,18_farmer_rye_oats_horses,0.83872044
young_children_dbnl_956,18,18_farmer_rye_oats_horses,0.83872044
young_children_dbnl_957,18,18_farmer_rye_oats_horses,0.83872044
young_children_dbnl_958,18,18_farmer_rye_oats_horses,0.83872044
young_children_dbnl_959,18,18_farmer_rye_oats_horses,0.83872044
young_children_dbnl_962,18,18_farmer_rye_oats_horses,0.83872044
young_children_dbnl_964,18,18_farmer_rye_oats_horses,0.8585002
young_children_dbnl_965,18,18_farmer_rye_oats_horses,0.83872044
young_children_dbnl_966,18,18_farmer_rye_oats_horses,0.83872044
young_children_dbnl_967,13,13_september_thirty_march_summer,0.9416897
young_children_dbnl_969,13,13_september_thirty_march_summer,1.0
young_children_dbnl_970,13,13_september_thirty_march_summer,0.97843254
young_children_dbnl_972,13,13_september_thirty_march_summer,0.94354314
young_children_dbnl_973,13,13_september_thirty_march_summer,0.9219555
young_children_dbnl_978,13,13_september_thirty_march_summer,0.9534814
young_children_dbnl_981,13,13_september_thirty_march_summer,1.0
young_children_dbnl_982,13,13_september_thirty_march_summer,1.0
young_children_dbnl_984,16,16_song praise_cheerful song_sing song_sing,1.0
young_children_dbnl_985,16,16_song praise_cheerful song_sing song_sing,1.0
young_children_dbnl_986,18,18_farmer_rye_oats_horses,1.0
young_children_dbnl_987,16,16_song praise_cheerful song_sing song_sing,1.0
young_children_dbnl_988,14,14_gyeongsang_jeolla_country_blow,0.53655946
young_children_dbnl_989,16,16_song praise_cheerful song_sing song_sing,1.0
young_children_dbnl_990,16,16_song praise_cheerful song_sing song_sing,1.0
young_children_dbnl_991,16,16_song praise_cheerful song_sing song_sing,1.0
young_children_dbnl_992,16,16_song praise_cheerful song_sing song_sing,1.0
young_children_dbnl_993,0,0_dear_sorrow_wish_weaving,0.0
young_children_dbnl_994,17,17_mocking_squirrel_don laugh_laugh,0.7320549
young_children_dbnl_995,16,16_song praise_cheerful song_sing song_sing,0.616576
young_children_dbnl_996,13,13_september_thirty_march_summer,0.6117705
young_children_dbnl_997,14,14_gyeongsang_jeolla_country_blow,1.0
young_children_dbnl_998,3,3_saint nicholas_saint_nicholas_holy evening,0.58971554
young_children_dbnl_999,14,14_gyeongsang_jeolla_country_blow,0.7391852
young_children_dbnl_1000,16,16_song praise_cheerful song_sing song_sing,1.0
young_children_dbnl_1001,17,17_mocking_squirrel_don laugh_laugh,1.0
young_children_dbnl_1002,17,17_mocking_squirrel_don laugh_laugh,0.8577897
young_children_dbnl_1003,18,18_farmer_rye_oats_horses,0.53076404
young_children_dbnl_1004,3,3_saint nicholas_saint_nicholas_holy evening,1.0
young_children_dbnl_1005,16,16_song praise_cheerful song_sing song_sing,1.0
young_children_dbnl_1006,13,13_september_thirty_march_summer,1.0
young_children_dbnl_1008,17,17_mocking_squirrel_don laugh_laugh,1.0
young_children_dbnl_1009,16,16_song praise_cheerful song_sing song_sing,1.0
young_children_dbnl_1010,16,16_song praise_cheerful song_sing song_sing,1.0
young_children_dbnl_1011,0,0_dear_sorrow_wish_weaving,0.0
young_children_dbnl_1012,14,14_gyeongsang_jeolla_country_blow,1.0
young_children_dbnl_1013,14,14_gyeongsang_jeolla_country_blow,0.937666
young_children_dbnl_1014,14,14_gyeongsang_jeolla_country_blow,1.0
young_children_dbnl_1015,0,0_dear_sorrow_wish_weaving,0.0
young_children_dbnl_1016,16,16_song praise_cheerful song_sing song_sing,1.0
young_children_dbnl_1017,0,0_dear_sorrow_wish_weaving,0.0
young_children_dbnl_1018,0,0_dear_sorrow_wish_weaving,0.0
young_children_dbnl_1019,0,0_dear_sorrow_wish_weaving,0.0
young_children_dbnl_1020,14,14_gyeongsang_jeolla_country_blow,0.6729591
young_children_dbnl_1021,0,0_dear_sorrow_wish_weaving,0.0
young_children_dbnl_1022,0,0_dear_sorrow_wish_weaving,0.0
young_children_dbnl_1023,0,0_dear_sorrow_wish_weaving,0.0
young_children_dbnl_1024,0,0_dear_sorrow_wish_weaving,0.0
young_children_dbnl_1025,14,14_gyeongsang_jeolla_country_blow,0.6906678
young_children_dbnl_1026,0,0_dear_sorrow_wish_weaving,0.0
young_children_dbnl_1027,0,0_dear_sorrow_wish_weaving,0.0
young_children_dbnl_1028,16,16_song praise_cheerful song_sing song_sing,1.0
young_children_dbnl_1029,16,16_song praise_cheerful song_sing song_sing,0.48081356
young_children_dbnl_1030,13,13_september_thirty_march_summer,1.0
young_children_dbnl_1031,16,16_song praise_cheerful song_sing song_sing,0.45379937
young_children_dbnl_1032,0,0_dear_sorrow_wish_weaving,0.0
young_children_dbnl_1033,13,13_september_thirty_march_summer,0.67936987
young_children_dbnl_1034,16,16_song praise_cheerful song_sing song_sing,1.0
young_children_dbnl_1035,11,11_little horses_horses_maids_altar,0.5003873
young_children_dbnl_1036,0,0_dear_sorrow_wish_weaving,0.0
young_children_dbnl_1037,14,14_gyeongsang_jeolla_country_blow,0.64360845
young_children_dbnl_1038,7,7_street_streets_fence_corner,1.0
young_children_dbnl_1039,16,16_song praise_cheerful song_sing song_sing,0.7016901
young_children_dbnl_1040,10,10_young cossack_cossack_horseback_love young,0.65096974
young_children_dbnl_1041,16,16_song praise_cheerful song_sing song_sing,1.0
young_children_dbnl_1042,14,14_gyeongsang_jeolla_country_blow,0.85327643
young_children_dbnl_1043,16,16_song praise_cheerful song_sing song_sing,0.6863701
young_children_dbnl_1044,6,6_poplar_eyebrows_bright_boast,0.69852084
young_children_dbnl_1045,18,18_farmer_rye_oats_horses,0.62563354
young_children_dbnl_917_1100_11,13,13_september_thirty_march_summer,0.5984746
young_children_txt_0,0,0_dear_sorrow_wish_weaving,0.0
young_children_txt_1,0,0_dear_sorrow_wish_weaving,0.0
young_children_txt_2,14,14_gyeongsang_jeolla_country_blow,0.7789316
young_children_txt_3,14,14_gyeongsang_jeolla_country_blow,1.0
young_children_txt_4,16,16_song praise_cheerful song_sing song_sing,1.0
young_children_txt_5,0,0_dear_sorrow_wish_weaving,0.0
young_children_txt_6,18,18_farmer_rye_oats_horses,1.0
young_children_txt_7,16,16_song praise_cheerful song_sing song_sing,0.6699935
young_children_txt_8,0,0_dear_sorrow_wish_weaving,0.0
young_children_txt_9,18,18_farmer_rye_oats_horses,1.0
young_children_txt_10,14,14_gyeongsang_jeolla_country_blow,1.0
young_children_txt_11,13,13_september_thirty_march_summer,0.8732533
young_children_txt_12,16,16_song praise_cheerful song_sing song_sing,1.0
young_children_txt_13,18,18_farmer_rye_oats_horses,1.0
young_children_txt_14,3,3_saint nicholas_saint_nicholas_holy evening,1.0
young_children_txt_16,0,0_dear_sorrow_wish_weaving,0.0
young_children_txt_17,16,16_song praise_cheerful song_sing song_sing,0.94639796
young_children_txt_18,0,0_dear_sorrow_wish_weaving,0.0
young_children_txt_19,16,16_song praise_cheerful song_sing song_sing,0.46193475
young_children_txt_21,0,0_dear_sorrow_wish_weaving,0.0
young_children_txt_22,7,7_street_streets_fence_corner,0.39452812
young_children_txt_23,0,0_dear_sorrow_wish_weaving,0.0
young_children_txt_24,5,5_horses_grazing_maidens_clover,0.5721601
young_children_txt_25,14,14_gyeongsang_jeolla_country_blow,0.7789316
young_children_txt_26,14,14_gyeongsang_jeolla_country_blow,1.0
young_children_txt_27,18,18_farmer_rye_oats_horses,0.54120505
young_children_txt_29,0,0_dear_sorrow_wish_weaving,0.0
young_children_txt_30,0,0_dear_sorrow_wish_weaving,0.0
young_children_txt_31,0,0_dear_sorrow_wish_weaving,0.0
young_children_txt_33,0,0_dear_sorrow_wish_weaving,0.0
young_children_txt_34,18,18_farmer_rye_oats_horses,0.501833
young_children_txt_35,17,17_mocking_squirrel_don laugh_laugh,0.45444393
young_children_txt_36,14,14_gyeongsang_jeolla_country_blow,0.5482333
young_children_txt_37,14,14_gyeongsang_jeolla_country_blow,0.7789316
young_children_txt_38,14,14_gyeongsang_jeolla_country_blow,0.5445352
young_children_txt_40,0,0_dear_sorrow_wish_weaving,0.0
young_children_txt_41,14,14_gyeongsang_jeolla_country_blow,1.0
young_children_txt_43,18,18_farmer_rye_oats_horses,1.0
young_children_txt_44,0,0_dear_sorrow_wish_weaving,0.0
young_children_txt_45,13,13_september_thirty_march_summer,1.0
young_children_txt_46,0,0_dear_sorrow_wish_weaving,0.0
young_children_txt_47,9,9_wreath_wreaths_wreath wreath_periwinkle,1.0
young_children_txt_48,0,0_dear_sorrow_wish_weaving,0.0
young_children_txt_49,13,13_september_thirty_march_summer,1.0
young_children_txt_50,0,0_dear_sorrow_wish_weaving,0.0
young_children_txt_51,0,0_dear_sorrow_wish_weaving,0.0
young_children_txt_52,0,0_dear_sorrow_wish_weaving,0.0
young_children_txt_53,14,14_gyeongsang_jeolla_country_blow,0.6764559
young_children_txt_54,14,14_gyeongsang_jeolla_country_blow,1.0
young_children_txt_55,0,0_dear_sorrow_wish_weaving,0.0
young_children_txt_56,13,13_september_thirty_march_summer,1.0
young_children_txt_57,0,0_dear_sorrow_wish_weaving,0.0
young_children_txt_58,0,0_dear_sorrow_wish_weaving,0.0
young_children_txt_59,0,0_dear_sorrow_wish_weaving,0.0
young_children_txt_60,0,0_dear_sorrow_wish_weaving,0.0
young_children_txt_61,14,14_gyeongsang_jeolla_country_blow,1.0
young_children_txt_62,5,5_horses_grazing_maidens_clover,1.0
young_children_txt_63,0,0_dear_sorrow_wish_weaving,0.0
young_children_txt_64,16,16_song praise_cheerful song_sing song_sing,1.0
young_children_txt_65,0,0_dear_sorrow_wish_weaving,0.0
young_children_txt_66,0,0_dear_sorrow_wish_weaving,0.0
young_children_txt_67,0,0_dear_sorrow_wish_weaving,0.0
young_children_txt_68,0,0_dear_sorrow_wish_weaving,0.0
young_children_txt_69,18,18_farmer_rye_oats_horses,0.5987824
young_children_txt_71,0,0_dear_sorrow_wish_weaving,0.0
young_children_txt_72,11,11_little horses_horses_maids_altar,1.0
young_children_txt_73,0,0_dear_sorrow_wish_weaving,0.0
young_children_txt_74,18,18_farmer_rye_oats_horses,1.0
young_children_txt_75,0,0_dear_sorrow_wish_weaving,0.0
young_children_txt_76,14,14_gyeongsang_jeolla_country_blow,1.0
young_children_txt_78,14,14_gyeongsang_jeolla_country_blow,0.8133205
young_children_txt_79,0,0_dear_sorrow_wish_weaving,0.0
young_children_txt_80,13,13_september_thirty_march_summer,1.0
young_children_txt_81,14,14_gyeongsang_jeolla_country_blow,1.0
young_children_txt_82,14,14_gyeongsang_jeolla_country_blow,1.0
young_children_txt_83,13,13_september_thirty_march_summer,1.0
young_children_txt_84,0,0_dear_sorrow_wish_weaving,0.0
young_children_txt_85,0,0_dear_sorrow_wish_weaving,0.0
young_children_txt_86,0,0_dear_sorrow_wish_weaving,0.0
young_children_txt_87,0,0_dear_sorrow_wish_weaving,0.0
young_children_txt_89,0,0_dear_sorrow_wish_weaving,0.0
young_children_txt_90,13,13_september_thirty_march_summer,0.51116234
young_children_txt_91,0,0_dear_sorrow_wish_weaving,0.0
young_children_txt_92,11,11_little horses_horses_maids_altar,1.0
young_children_txt_93,9,9_wreath_wreaths_wreath wreath_periwinkle,1.0
young_children_txt_94,0,0_dear_sorrow_wish_weaving,0.0
young_children_txt_96,18,18_farmer_rye_oats_horses,1.0
young_children_txt_97,18,18_farmer_rye_oats_horses,0.6250408
young_children_txt_98,6,6_poplar_eyebrows_bright_boast,0.50444055
young_children_txt_99,14,14_gyeongsang_jeolla_country_blow,1.0
young_children_txt_100,18,18_farmer_rye_oats_horses,0.7859438
young_children_txt_101,14,14_gyeongsang_jeolla_country_blow,1.0
young_children_txt_102,0,0_dear_sorrow_wish_weaving,0.0
young_children_txt_103,0,0_dear_sorrow_wish_weaving,0.0
young_children_txt_106,0,0_dear_sorrow_wish_weaving,0.0
young_children_txt_107,16,16_song praise_cheerful song_sing song_sing,1.0
young_children_txt_108,0,0_dear_sorrow_wish_weaving,0.0
young_children_txt_109,0,0_dear_sorrow_wish_weaving,0.0
young_children_txt_110,0,0_dear_sorrow_wish_weaving,0.0
young_children_txt_111,0,0_dear_sorrow_wish_weaving,0.0
young_children_txt_112,7,7_street_streets_fence_corner,0.75254166
young_children_txt_113,9,9_wreath_wreaths_wreath wreath_periwinkle,1.0
young_children_txt_114,0,0_dear_sorrow_wish_weaving,0.0
young_children_txt_115,0,0_dear_sorrow_wish_weaving,0.0
young_children_txt_116,0,0_dear_sorrow_wish_weaving,0.0
young_children_txt_117,0,0_dear_sorrow_wish_weaving,0.0
young_children_txt_118,7,7_street_streets_fence_corner,1.0
young_children_txt_119,0,0_dear_sorrow_wish_weaving,0.0
young_children_txt_120,18,18_farmer_rye_oats_horses,1.0
young_children_txt_121,14,14_gyeongsang_jeolla_country_blow,1.0
young_children_txt_123,0,0_dear_sorrow_wish_weaving,0.0
young_children_txt_124,13,13_september_thirty_march_summer,0.51116234
young_children_txt_125,18,18_farmer_rye_oats_horses,0.48759633
young_children_txt_126,7,7_street_streets_fence_corner,0.7460556
young_children_txt_127,14,14_gyeongsang_jeolla_country_blow,1.0
young_children_txt_128,0,0_dear_sorrow_wish_weaving,0.0
young_children_txt_129,18,18_farmer_rye_oats_horses,1.0
young_children_txt_130,13,13_september_thirty_march_summer,0.7372749
young_children_txt_131,14,14_gyeongsang_jeolla_country_blow,1.0
young_children_txt_132,15,15_slave_goats_ants_feathers,1.0
young_children_txt_133,0,0_dear_sorrow_wish_weaving,0.0
young_children_txt_134,0,0_dear_sorrow_wish_weaving,0.0
young_children_txt_135,18,18_farmer_rye_oats_horses,0.51571
young_children_txt_136,7,7_street_streets_fence_corner,0.82114124
young_children_txt_137,0,0_dear_sorrow_wish_weaving,0.0
young_children_txt_138,0,0_dear_sorrow_wish_weaving,0.0
young_children_txt_139,13,13_september_thirty_march_summer,1.0
young_children_txt_140,13,13_september_thirty_march_summer,1.0
young_children_txt_141,0,0_dear_sorrow_wish_weaving,0.0
young_children_txt_142,0,0_dear_sorrow_wish_weaving,0.0
young_children_txt_143,0,0_dear_sorrow_wish_weaving,0.0
young_children_txt_144,14,14_gyeongsang_jeolla_country_blow,0.564673
young_children_txt_145,0,0_dear_sorrow_wish_weaving,0.0
young_children_txt_146,14,14_gyeongsang_jeolla_country_blow,1.0
young_children_txt_148,0,0_dear_sorrow_wish_weaving,0.0
young_children_txt_149,0,0_dear_sorrow_wish_weaving,0.0
young_children_txt_150,13,13_september_thirty_march_summer,0.3913104
young_children_txt_151,0,0_dear_sorrow_wish_weaving,0.0
young_children_txt_152,0,0_dear_sorrow_wish_weaving,0.0
young_children_txt_153,0,0_dear_sorrow_wish_weaving,0.0
young_children_txt_154,9,9_wreath_wreaths_wreath wreath_periwinkle,0.41342938
young_children_txt_155,13,13_september_thirty_march_summer,0.70525545
young_children_txt_156,18,18_farmer_rye_oats_horses,1.0
young_children_txt_157,18,18_farmer_rye_oats_horses,0.6907882
young_children_txt_158,0,0_dear_sorrow_wish_weaving,0.0
young_children_txt_159,0,0_dear_sorrow_wish_weaving,0.0
young_children_txt_160,14,14_gyeongsang_jeolla_country_blow,1.0
young_children_txt_161,0,0_dear_sorrow_wish_weaving,0.0
young_children_txt_162,9,9_wreath_wreaths_wreath wreath_periwinkle,0.5054935
young_children_txt_163,0,0_dear_sorrow_wish_weaving,0.0
young_children_txt_164,18,18_farmer_rye_oats_horses,1.0
young_children_txt_165,13,13_september_thirty_march_summer,1.0
young_children_txt_166,0,0_dear_sorrow_wish_weaving,0.0
young_children_txt_169,0,0_dear_sorrow_wish_weaving,0.0
young_children_txt_170,13,13_september_thirty_march_summer,0.5358548
young_children_txt_171,6,6_poplar_eyebrows_bright_boast,1.0
young_children_txt_172,13,13_september_thirty_march_summer,1.0
young_children_txt_173,9,9_wreath_wreaths_wreath wreath_periwinkle,0.71368784
young_children_txt_174,0,0_dear_sorrow_wish_weaving,0.0
young_children_txt_175,0,0_dear_sorrow_wish_weaving,0.0
young_children_txt_176,0,0_dear_sorrow_wish_weaving,0.0
young_children_txt_177,0,0_dear_sorrow_wish_weaving,0.0
young_children_txt_178,14,14_gyeongsang_jeolla_country_blow,1.0
young_children_txt_179,0,0_dear_sorrow_wish_weaving,0.0
young_children_txt_180,6,6_poplar_eyebrows_bright_boast,1.0
young_children_txt_181,0,0_dear_sorrow_wish_weaving,0.0
young_children_txt_182,13,13_september_thirty_march_summer,1.0
young_children_txt_183,0,0_dear_sorrow_wish_weaving,0.0
young_children_txt_184,0,0_dear_sorrow_wish_weaving,0.0
young_children_txt_185,18,18_farmer_rye_oats_horses,0.774509
young_children_txt_186,0,0_dear_sorrow_wish_weaving,0.0
young_children_txt_187,15,15_slave_goats_ants_feathers,1.0
young_children_txt_188,0,0_dear_sorrow_wish_weaving,0.0
young_children_txt_189,11,11_little horses_horses_maids_altar,0.8500884
young_children_txt_190,0,0_dear_sorrow_wish_weaving,0.0
young_children_txt_192,9,9_wreath_wreaths_wreath wreath_periwinkle,1.0
young_children_txt_194,0,0_dear_sorrow_wish_weaving,0.0
young_children_txt_195,0,0_dear_sorrow_wish_weaving,0.0
young_children_txt_196,18,18_farmer_rye_oats_horses,1.0
young_children_txt_197,13,13_september_thirty_march_summer,1.0
young_children_txt_198,0,0_dear_sorrow_wish_weaving,0.0
young_children_txt_199,16,16_song praise_cheerful song_sing song_sing,1.0
young_children_txt_200,0,0_dear_sorrow_wish_weaving,0.0
young_children_txt_201,18,18_farmer_rye_oats_horses,1.0
young_children_txt_202,18,18_farmer_rye_oats_horses,0.82271105
young_children_txt_204,13,13_september_thirty_march_summer,1.0
young_children_txt_205,0,0_dear_sorrow_wish_weaving,0.0
young_children_txt_206,13,13_september_thirty_march_summer,0.71415436
young_children_txt_207,9,9_wreath_wreaths_wreath wreath_periwinkle,0.50464654
young_children_txt_208,0,0_dear_sorrow_wish_weaving,0.0
young_children_txt_210,18,18_farmer_rye_oats_horses,1.0
young_children_txt_211,0,0_dear_sorrow_wish_weaving,0.0
young_children_txt_212,0,0_dear_sorrow_wish_weaving,0.0
young_children_txt_213,0,0_dear_sorrow_wish_weaving,0.0
young_children_txt_214,10,10_young cossack_cossack_horseback_love young,0.40161836
young_children_txt_217,0,0_dear_sorrow_wish_weaving,0.0
young_children_txt_218,7,7_street_streets_fence_corner,1.0
young_children_txt_219,0,0_dear_sorrow_wish_weaving,0.0
young_children_txt_220,0,0_dear_sorrow_wish_weaving,0.0
young_children_txt_221,0,0_dear_sorrow_wish_weaving,0.0
young_children_txt_222,16,16_song praise_cheerful song_sing song_sing,1.0
young_children_txt_223,0,0_dear_sorrow_wish_weaving,0.0
young_children_txt_224,16,16_song praise_cheerful song_sing song_sing,1.0
young_children_txt_225,13,13_september_thirty_march_summer,1.0
young_children_txt_226,0,0_dear_sorrow_wish_weaving,0.0
young_children_txt_227,0,0_dear_sorrow_wish_weaving,0.0
young_children_txt_228,18,18_farmer_rye_oats_horses,1.0
young_children_txt_230,0,0_dear_sorrow_wish_weaving,0.0
young_children_txt_231,15,15_slave_goats_ants_feathers,1.0
young_children_txt_232,0,0_dear_sorrow_wish_weaving,0.0
young_children_txt_233,18,18_farmer_rye_oats_horses,1.0
young_children_txt_234,6,6_poplar_eyebrows_bright_boast,0.6426596
young_children_txt_235,7,7_street_streets_fence_corner,1.0
young_children_txt_236,18,18_farmer_rye_oats_horses,1.0
young_children_txt_237,0,0_dear_sorrow_wish_weaving,0.0
young_children_txt_238,13,13_september_thirty_march_summer,0.51116234
young_children_txt_239,14,14_gyeongsang_jeolla_country_blow,0.68778664
young_children_txt_240,16,16_song praise_cheerful song_sing song_sing,1.0
young_children_txt_241,0,0_dear_sorrow_wish_weaving,0.0
young_children_txt_242,0,0_dear_sorrow_wish_weaving,0.0
young_children_txt_243,18,18_farmer_rye_oats_horses,1.0
young_children_txt_244,5,5_horses_grazing_maidens_clover,1.0
young_children_txt_245,16,16_song praise_cheerful song_sing song_sing,0.716232
young_children_txt_246,15,15_slave_goats_ants_feathers,1.0
young_children_txt_247,14,14_gyeongsang_jeolla_country_blow,1.0
young_children_txt_248,18,18_farmer_rye_oats_horses,1.0
young_children_txt_249,0,0_dear_sorrow_wish_weaving,0.0
young_children_txt_250,0,0_dear_sorrow_wish_weaving,0.0
young_children_txt_251,7,7_street_streets_fence_corner,0.7823939
young_children_txt_252,0,0_dear_sorrow_wish_weaving,0.0
young_children_txt_253,0,0_dear_sorrow_wish_weaving,0.0
young_children_txt_254,13,13_september_thirty_march_summer,0.92128456
young_children_txt_255,18,18_farmer_rye_oats_horses,1.0
young_children_txt_256,7,7_street_streets_fence_corner,1.0
young_children_txt_257,13,13_september_thirty_march_summer,1.0
young_children_txt_258,13,13_september_thirty_march_summer,1.0
young_children_txt_259,0,0_dear_sorrow_wish_weaving,0.0
young_children_txt_260,0,0_dear_sorrow_wish_weaving,0.0
young_children_txt_261,0,0_dear_sorrow_wish_weaving,0.0
young_children_txt_262,0,0_dear_sorrow_wish_weaving,0.0
young_children_txt_263,0,0_dear_sorrow_wish_weaving,0.0
young_children_txt_264,0,0_dear_sorrow_wish_weaving,0.0
young_children_txt_265,0,0_dear_sorrow_wish_weaving,0.0
young_children_txt_266,0,0_dear_sorrow_wish_weaving,0.0
young_children_txt_267,18,18_farmer_rye_oats_horses,0.86093885
young_children_txt_268,17,17_mocking_squirrel_don laugh_laugh,1.0
young_children_txt_269,0,0_dear_sorrow_wish_weaving,0.0
young_children_txt_270,0,0_dear_sorrow_wish_weaving,0.0
young_children_txt_271,0,0_dear_sorrow_wish_weaving,0.0
young_children_txt_272,5,5_horses_grazing_maidens_clover,1.0
young_children_txt_273,0,0_dear_sorrow_wish_weaving,0.0
young_children_txt_274,0,0_dear_sorrow_wish_weaving,0.0
young_children_txt_275,0,0_dear_sorrow_wish_weaving,0.0
young_children_txt_276,0,0_dear_sorrow_wish_weaving,0.0
young_children_txt_277,13,13_september_thirty_march_summer,0.42819563
young_children_txt_278,0,0_dear_sorrow_wish_weaving,0.0
young_children_txt_280,17,17_mocking_squirrel_don laugh_laugh,1.0
young_children_txt_281,18,18_farmer_rye_oats_horses,1.0
young_children_txt_282,17,17_mocking_squirrel_don laugh_laugh,1.0
young_children_txt_283,0,0_dear_sorrow_wish_weaving,0.0
young_children_txt_284,13,13_september_thirty_march_summer,1.0
young_children_txt_285,0,0_dear_sorrow_wish_weaving,0.0
young_children_txt_286,0,0_dear_sorrow_wish_weaving,0.0
young_children_txt_287,0,0_dear_sorrow_wish_weaving,0.0
young_children_txt_288,0,0_dear_sorrow_wish_weaving,0.0
young_children_txt_289,6,6_poplar_eyebrows_bright_boast,1.0
young_children_txt_290,0,0_dear_sorrow_wish_weaving,0.0
young_children_txt_291,0,0_dear_sorrow_wish_weaving,0.0
young_children_txt_292,14,14_gyeongsang_jeolla_country_blow,1.0
young_children_txt_294,7,7_street_streets_fence_corner,1.0
young_children_txt_295,0,0_dear_sorrow_wish_weaving,0.0
young_children_txt_296,18,18_farmer_rye_oats_horses,1.0
young_children_txt_297,0,0_dear_sorrow_wish_weaving,0.0
young_children_txt_299,0,0_dear_sorrow_wish_weaving,0.0
young_children_txt_300,0,0_dear_sorrow_wish_weaving,0.0
young_children_txt_301,16,16_song praise_cheerful song_sing song_sing,0.8351099
young_children_txt_302,5,5_horses_grazing_maidens_clover,1.0
young_children_txt_303,0,0_dear_sorrow_wish_weaving,0.0
young_children_txt_304,0,0_dear_sorrow_wish_weaving,0.0
young_children_txt_305,15,15_slave_goats_ants_feathers,1.0
young_children_txt_306,16,16_song praise_cheerful song_sing song_sing,0.49648675
young_children_txt_307,0,0_dear_sorrow_wish_weaving,0.0
young_children_txt_308,0,0_dear_sorrow_wish_weaving,0.0
young_children_txt_309,0,0_dear_sorrow_wish_weaving,0.0
young_children_txt_310,0,0_dear_sorrow_wish_weaving,0.0
young_children_txt_311,0,0_dear_sorrow_wish_weaving,0.0
young_children_txt_312,14,14_gyeongsang_jeolla_country_blow,1.0
young_children_txt_313,0,0_dear_sorrow_wish_weaving,0.0
young_children_txt_314,0,0_dear_sorrow_wish_weaving,0.0
young_children_txt_315,7,7_street_streets_fence_corner,1.0
young_children_txt_316,13,13_september_thirty_march_summer,0.5400006
young_children_txt_318,9,9_wreath_wreaths_wreath wreath_periwinkle,0.6758056
young_children_txt_319,0,0_dear_sorrow_wish_weaving,0.0
young_children_txt_320,14,14_gyeongsang_jeolla_country_blow,1.0
young_children_txt_321,0,0_dear_sorrow_wish_weaving,0.0
young_children_txt_322,0,0_dear_sorrow_wish_weaving,0.0
young_children_txt_323,0,0_dear_sorrow_wish_weaving,0.0
young_children_txt_324,0,0_dear_sorrow_wish_weaving,0.0
young_children_txt_325,0,0_dear_sorrow_wish_weaving,0.0
young_children_txt_326,0,0_dear_sorrow_wish_weaving,0.0
young_children_txt_327,18,18_farmer_rye_oats_horses,1.0
young_children_txt_328,16,16_song praise_cheerful song_sing song_sing,0.8082108
young_children_txt_329,0,0_dear_sorrow_wish_weaving,0.0
young_children_txt_330,0,0_dear_sorrow_wish_weaving,0.0
young_children_txt_331,14,14_gyeongsang_jeolla_country_blow,0.56007755
young_children_txt_332,0,0_dear_sorrow_wish_weaving,0.0
young_children_txt_333,0,0_dear_sorrow_wish_weaving,0.0
young_children_txt_334,0,0_dear_sorrow_wish_weaving,0.0
young_children_txt_335,6,6_poplar_eyebrows_bright_boast,1.0
young_children_txt_336,0,0_dear_sorrow_wish_weaving,0.0
young_children_txt_337,0,0_dear_sorrow_wish_weaving,0.0
young_children_txt_338,13,13_september_thirty_march_summer,1.0
young_children_txt_339,0,0_dear_sorrow_wish_weaving,0.0
young_children_txt_340,18,18_farmer_rye_oats_horses,0.5773243
young_children_txt_341,0,0_dear_sorrow_wish_weaving,0.0
young_children_txt_342,13,13_september_thirty_march_summer,1.0
young_children_txt_343,0,0_dear_sorrow_wish_weaving,0.0
young_children_txt_344,0,0_dear_sorrow_wish_weaving,0.0
young_children_txt_345,0,0_dear_sorrow_wish_weaving,0.0
young_children_txt_346,0,0_dear_sorrow_wish_weaving,0.0
young_children_txt_348,0,0_dear_sorrow_wish_weaving,0.0
young_children_txt_349,9,9_wreath_wreaths_wreath wreath_periwinkle,0.55016047
young_children_txt_350,0,0_dear_sorrow_wish_weaving,0.0
young_children_txt_351,14,14_gyeongsang_jeolla_country_blow,0.81090736
young_children_txt_352,0,0_dear_sorrow_wish_weaving,0.0
young_children_txt_353,17,17_mocking_squirrel_don laugh_laugh,1.0
young_children_txt_355,0,0_dear_sorrow_wish_weaving,0.0
young_children_txt_356,0,0_dear_sorrow_wish_weaving,0.0
young_children_txt_357,14,14_gyeongsang_jeolla_country_blow,1.0
young_children_txt_358,0,0_dear_sorrow_wish_weaving,0.0
young_children_txt_359,0,0_dear_sorrow_wish_weaving,0.0
young_children_txt_360,0,0_dear_sorrow_wish_weaving,0.0
young_children_txt_361,14,14_gyeongsang_jeolla_country_blow,1.0
young_children_txt_364,14,14_gyeongsang_jeolla_country_blow,0.7789316
young_children_txt_365,18,18_farmer_rye_oats_horses,0.6452784
young_children_txt_366,0,0_dear_sorrow_wish_weaving,0.0
young_children_txt_367,0,0_dear_sorrow_wish_weaving,0.0
young_children_txt_368,0,0_dear_sorrow_wish_weaving,0.0
young_children_txt_370,0,0_dear_sorrow_wish_weaving,0.0
young_children_txt_372,0,0_dear_sorrow_wish_weaving,0.0
young_children_txt_373,13,13_september_thirty_march_summer,1.0
young_children_txt_374,10,10_young cossack_cossack_horseback_love young,1.0
young_children_txt_375,0,0_dear_sorrow_wish_weaving,0.0
young_children_txt_376,0,0_dear_sorrow_wish_weaving,0.0
young_children_txt_377,0,0_dear_sorrow_wish_weaving,0.0
young_children_txt_378,0,0_dear_sorrow_wish_weaving,0.0
young_children_txt_379,0,0_dear_sorrow_wish_weaving,0.0
young_children_txt_380,13,13_september_thirty_march_summer,1.0
young_children_txt_381,13,13_september_thirty_march_summer,1.0
young_children_txt_382,0,0_dear_sorrow_wish_weaving,0.0
young_children_txt_383,0,0_dear_sorrow_wish_weaving,0.0
young_children_txt_384,13,13_september_thirty_march_summer,0.7870618
young_children_txt_385,0,0_dear_sorrow_wish_weaving,0.0
young_children_txt_386,0,0_dear_sorrow_wish_weaving,0.0
young_children_txt_387,0,0_dear_sorrow_wish_weaving,0.0
young_children_txt_389,0,0_dear_sorrow_wish_weaving,0.0
young_children_txt_390,18,18_farmer_rye_oats_horses,1.0
young_children_txt_391,0,0_dear_sorrow_wish_weaving,0.0
young_children_txt_393,0,0_dear_sorrow_wish_weaving,0.0
young_children_txt_395,0,0_dear_sorrow_wish_weaving,0.0
young_children_txt_396,0,0_dear_sorrow_wish_weaving,0.0
young_children_txt_397,0,0_dear_sorrow_wish_weaving,0.0
young_children_txt_398,13,13_september_thirty_march_summer,1.0
young_children_txt_399,0,0_dear_sorrow_wish_weaving,0.0
young_children_txt_400,0,0_dear_sorrow_wish_weaving,0.0
young_children_txt_401,0,0_dear_sorrow_wish_weaving,0.0
young_children_txt_402,0,0_dear_sorrow_wish_weaving,0.0
young_children_txt_403,0,0_dear_sorrow_wish_weaving,0.0
young_children_txt_404,0,0_dear_sorrow_wish_weaving,0.0
young_children_txt_405,0,0_dear_sorrow_wish_weaving,0.0
young_children_txt_406,0,0_dear_sorrow_wish_weaving,0.0
young_children_txt_407,0,0_dear_sorrow_wish_weaving,0.0
young_children_txt_408,0,0_dear_sorrow_wish_weaving,0.0
young_children_txt_409,0,0_dear_sorrow_wish_weaving,0.0
young_children_txt_410,0,0_dear_sorrow_wish_weaving,0.0
young_children_txt_411,0,0_dear_sorrow_wish_weaving,0.0
young_children_txt_412,13,13_september_thirty_march_summer,1.0
young_children_txt_413,0,0_dear_sorrow_wish_weaving,0.0
young_children_txt_415,13,13_september_thirty_march_summer,1.0
young_children_txt_416,9,9_wreath_wreaths_wreath wreath_periwinkle,0.42421842
young_children_txt_418,0,0_dear_sorrow_wish_weaving,0.0
young_children_txt_419,0,0_dear_sorrow_wish_weaving,0.0
young_children_txt_420,14,14_gyeongsang_jeolla_country_blow,1.0
young_children_txt_421,0,0_dear_sorrow_wish_weaving,0.0
young_children_txt_422,0,0_dear_sorrow_wish_weaving,0.0
young_children_txt_423,13,13_september_thirty_march_summer,0.5208656
young_children_txt_424,7,7_street_streets_fence_corner,1.0
young_children_txt_425,15,15_slave_goats_ants_feathers,1.0
young_children_txt_426,14,14_gyeongsang_jeolla_country_blow,1.0
young_children_txt_427,13,13_september_thirty_march_summer,0.5832388
young_children_txt_428,7,7_street_streets_fence_corner,1.0
young_children_txt_429,14,14_gyeongsang_jeolla_country_blow,0.5406229
young_children_txt_430,13,13_september_thirty_march_summer,1.0
young_children_txt_431,13,13_september_thirty_march_summer,1.0
young_children_txt_432,0,0_dear_sorrow_wish_weaving,0.0
young_children_txt_433,14,14_gyeongsang_jeolla_country_blow,1.0
young_children_txt_434,0,0_dear_sorrow_wish_weaving,0.0
young_children_txt_435,7,7_street_streets_fence_corner,0.92891985
young_children_txt_436,16,16_song praise_cheerful song_sing song_sing,1.0
young_children_txt_437,13,13_september_thirty_march_summer,0.6727742
young_children_txt_438,11,11_little horses_horses_maids_altar,1.0
young_children_txt_439,9,9_wreath_wreaths_wreath wreath_periwinkle,1.0
young_children_txt_440,16,16_song praise_cheerful song_sing song_sing,0.60587645
young_children_txt_441,3,3_saint nicholas_saint_nicholas_holy evening,1.0
young_children_txt_442,14,14_gyeongsang_jeolla_country_blow,1.0
young_children_txt_443,16,16_song praise_cheerful song_sing song_sing,1.0
young_children_txt_444,13,13_september_thirty_march_summer,1.0
young_children_txt_445,9,9_wreath_wreaths_wreath wreath_periwinkle,0.39175788
young_children_txt_447,17,17_mocking_squirrel_don laugh_laugh,0.74635386
young_children_txt_448,0,0_dear_sorrow_wish_weaving,0.0
young_children_txt_449,18,18_farmer_rye_oats_horses,1.0
young_children_txt_450,18,18_farmer_rye_oats_horses,1.0
young_children_txt_451,7,7_street_streets_fence_corner,1.0
young_children_txt_452,7,7_street_streets_fence_corner,0.6281425
young_children_txt_455,0,0_dear_sorrow_wish_weaving,0.0
young_children_txt_456,0,0_dear_sorrow_wish_weaving,0.0
young_children_txt_457,9,9_wreath_wreaths_wreath wreath_periwinkle,1.0
young_children_txt_458,7,7_street_streets_fence_corner,0.6657556
young_children_txt_459,13,13_september_thirty_march_summer,0.61386865
young_children_txt_460,0,0_dear_sorrow_wish_weaving,0.0
young_children_txt_461,3,3_saint nicholas_saint_nicholas_holy evening,1.0
young_children_txt_462,0,0_dear_sorrow_wish_weaving,0.0
young_children_txt_463,0,0_dear_sorrow_wish_weaving,0.0
young_children_txt_464,0,0_dear_sorrow_wish_weaving,0.0
young_children_txt_465,0,0_dear_sorrow_wish_weaving,0.0
young_children_txt_466,0,0_dear_sorrow_wish_weaving,0.0
young_children_txt_468,0,0_dear_sorrow_wish_weaving,0.0
young_children_txt_470,18,18_farmer_rye_oats_horses,1.0
young_children_txt_471,7,7_street_streets_fence_corner,1.0
young_children_txt_472,0,0_dear_sorrow_wish_weaving,0.0
young_children_txt_473,0,0_dear_sorrow_wish_weaving,0.0
young_children_txt_474,13,13_september_thirty_march_summer,1.0
young_children_txt_475,16,16_song praise_cheerful song_sing song_sing,0.72324985
young_children_txt_476,0,0_dear_sorrow_wish_weaving,0.0
young_children_txt_477,0,0_dear_sorrow_wish_weaving,0.0
young_children_txt_478,0,0_dear_sorrow_wish_weaving,0.0
young_children_txt_479,0,0_dear_sorrow_wish_weaving,0.0
young_children_txt_480,0,0_dear_sorrow_wish_weaving,0.0
young_children_txt_482,13,13_september_thirty_march_summer,1.0
young_children_txt_483,18,18_farmer_rye_oats_horses,1.0
young_children_txt_484,0,0_dear_sorrow_wish_weaving,0.0
young_children_txt_485,13,13_september_thirty_march_summer,1.0
young_children_txt_486,0,0_dear_sorrow_wish_weaving,0.0
young_children_txt_488,0,0_dear_sorrow_wish_weaving,0.0
young_children_txt_489,3,3_saint nicholas_saint_nicholas_holy evening,1.0
young_children_txt_490,0,0_dear_sorrow_wish_weaving,0.0
young_children_txt_491,13,13_september_thirty_march_summer,0.8839312
young_children_txt_492,0,0_dear_sorrow_wish_weaving,0.0
young_children_txt_493,0,0_dear_sorrow_wish_weaving,0.0
young_children_txt_494,7,7_street_streets_fence_corner,0.7011482
young_children_txt_495,13,13_september_thirty_march_summer,0.6199693
young_children_txt_497,0,0_dear_sorrow_wish_weaving,0.0
young_children_txt_498,0,0_dear_sorrow_wish_weaving,0.0
young_children_txt_499,0,0_dear_sorrow_wish_weaving,0.0
young_children_txt_500,0,0_dear_sorrow_wish_weaving,0.0
young_children_txt_501,16,16_song praise_cheerful song_sing song_sing,1.0
young_children_txt_502,0,0_dear_sorrow_wish_weaving,0.0
young_children_txt_504,0,0_dear_sorrow_wish_weaving,0.0
young_children_txt_505,0,0_dear_sorrow_wish_weaving,0.0
young_children_txt_506,15,15_slave_goats_ants_feathers,1.0
young_children_txt_507,13,13_september_thirty_march_summer,0.86881167
young_children_txt_508,14,14_gyeongsang_jeolla_country_blow,0.77037597
young_children_txt_510,0,0_dear_sorrow_wish_weaving,0.0
young_children_txt_511,0,0_dear_sorrow_wish_weaving,0.0
young_children_txt_512,11,11_little horses_horses_maids_altar,1.0
young_children_txt_513,7,7_street_streets_fence_corner,0.6699384
young_children_txt_514,0,0_dear_sorrow_wish_weaving,0.0
young_children_txt_515,15,15_slave_goats_ants_feathers,1.0
young_children_txt_516,18,18_farmer_rye_oats_horses,1.0
young_children_txt_517,13,13_september_thirty_march_summer,1.0
young_children_txt_518,0,0_dear_sorrow_wish_weaving,0.0
young_children_txt_519,0,0_dear_sorrow_wish_weaving,0.0
young_children_txt_520,0,0_dear_sorrow_wish_weaving,0.0
young_children_txt_521,0,0_dear_sorrow_wish_weaving,0.0
young_children_txt_522,0,0_dear_sorrow_wish_weaving,0.0
young_children_txt_523,0,0_dear_sorrow_wish_weaving,0.0
young_children_txt_524,0,0_dear_sorrow_wish_weaving,0.0
young_children_txt_525,14,14_gyeongsang_jeolla_country_blow,0.53592527
young_children_txt_526,16,16_song praise_cheerful song_sing song_sing,1.0
young_children_txt_527,0,0_dear_sorrow_wish_weaving,0.0
young_children_txt_528,14,14_gyeongsang_jeolla_country_blow,0.9083648
young_children_txt_529,13,13_september_thirty_march_summer,0.46931696
young_children_txt_530,13,13_september_thirty_march_summer,0.52668947
young_children_txt_531,14,14_gyeongsang_jeolla_country_blow,1.0
young_children_txt_532,16,16_song praise_cheerful song_sing song_sing,1.0
young_children_txt_533,13,13_september_thirty_march_summer,1.0
young_children_txt_534,16,16_song praise_cheerful song_sing song_sing,0.87401766
young_children_txt_535,0,0_dear_sorrow_wish_weaving,0.0
young_children_txt_536,0,0_dear_sorrow_wish_weaving,0.0
young_children_txt_537,0,0_dear_sorrow_wish_weaving,0.0
young_children_txt_538,0,0_dear_sorrow_wish_weaving,0.0
young_children_txt_539,0,0_dear_sorrow_wish_weaving,0.0
young_children_txt_540,0,0_dear_sorrow_wish_weaving,0.0
young_children_txt_541,7,7_street_streets_fence_corner,1.0
young_children_txt_542,16,16_song praise_cheerful song_sing song_sing,0.68371385
young_children_txt_543,14,14_gyeongsang_jeolla_country_blow,0.69593716
young_children_txt_544,17,17_mocking_squirrel_don laugh_laugh,0.46355465
young_children_txt_545,14,14_gyeongsang_jeolla_country_blow,0.53532785
young_children_txt_546,16,16_song praise_cheerful song_sing song_sing,0.6637484
young_children_txt_547,16,16_song praise_cheerful song_sing song_sing,1.0
young_children_txt_548,0,0_dear_sorrow_wish_weaving,0.0
young_children_txt_549,0,0_dear_sorrow_wish_weaving,0.0
young_children_txt_550,0,0_dear_sorrow_wish_weaving,0.0
young_children_txt_551,0,0_dear_sorrow_wish_weaving,0.0
young_children_txt_552,18,18_farmer_rye_oats_horses,0.769452
young_children_txt_553,0,0_dear_sorrow_wish_weaving,0.0
young_children_txt_554,0,0_dear_sorrow_wish_weaving,0.0
young_children_txt_555,0,0_dear_sorrow_wish_weaving,0.0
young_children_txt_556,9,9_wreath_wreaths_wreath wreath_periwinkle,1.0
young_children_txt_557,16,16_song praise_cheerful song_sing song_sing,1.0
young_children_txt_558,0,0_dear_sorrow_wish_weaving,0.0
young_children_txt_559,16,16_song praise_cheerful song_sing song_sing,1.0
young_children_txt_560,18,18_farmer_rye_oats_horses,1.0
young_lullaby_dbnl_0,16,16_song praise_cheerful song_sing song_sing,0.6998414
young_lullaby_dbnl_2,17,17_mocking_squirrel_don laugh_laugh,0.59520084
young_lullaby_dbnl_4,18,18_farmer_rye_oats_horses,0.63845485
young_lullaby_dbnl_7,0,0_dear_sorrow_wish_weaving,0.0
young_lullaby_dbnl_10,17,17_mocking_squirrel_don laugh_laugh,0.84064364
young_lullaby_dbnl_11,16,16_song praise_cheerful song_sing song_sing,0.734807
young_lullaby_dbnl_13,11,11_little horses_horses_maids_altar,0.4290013
young_lullaby_dbnl_14,14,14_gyeongsang_jeolla_country_blow,0.71247894
young_lullaby_dbnl_15,0,0_dear_sorrow_wish_weaving,0.0
young_lullaby_dbnl_16,11,11_little horses_horses_maids_altar,0.53113353
young_lullaby_dbnl_17,17,17_mocking_squirrel_don laugh_laugh,0.5033629
young_lullaby_dbnl_19,0,0_dear_sorrow_wish_weaving,0.0
young_lullaby_dbnl_22,10,10_young cossack_cossack_horseback_love young,1.0
young_lullaby_dbnl_23,9,9_wreath_wreaths_wreath wreath_periwinkle,1.0
young_lullaby_dbnl_24,6,6_poplar_eyebrows_bright_boast,0.5097629
young_lullaby_dbnl_25,11,11_little horses_horses_maids_altar,0.69288
young_lullaby_dbnl_27,13,13_september_thirty_march_summer,0.52732056
young_lullaby_dbnl_28,11,11_little horses_horses_maids_altar,0.69288
young_lullaby_dbnl_29,11,11_little horses_horses_maids_altar,0.52619904
young_lullaby_dbnl_30,9,9_wreath_wreaths_wreath wreath_periwinkle,1.0
young_lullaby_dbnl_31,6,6_poplar_eyebrows_bright_boast,0.5098677
young_lullaby_dbnl_32,12,12_orphans_trees_plowed field_wilderness,1.0
young_lullaby_dbnl_33,9,9_wreath_wreaths_wreath wreath_periwinkle,1.0
young_lullaby_dbnl_34,0,0_dear_sorrow_wish_weaving,0.0
young_lullaby_dbnl_35,0,0_dear_sorrow_wish_weaving,0.0
young_lullaby_dbnl_37,0,0_dear_sorrow_wish_weaving,0.0
young_lullaby_dbnl_38,17,17_mocking_squirrel_don laugh_laugh,0.5283839
young_lullaby_dbnl_39,11,11_little horses_horses_maids_altar,1.0
young_lullaby_dbnl_40,0,0_dear_sorrow_wish_weaving,0.0
young_lullaby_dbnl_42,0,0_dear_sorrow_wish_weaving,0.0
young_lullaby_dbnl_43,0,0_dear_sorrow_wish_weaving,0.0
young_lullaby_dbnl_44,11,11_little horses_horses_maids_altar,1.0
young_lullaby_dbnl_45,6,6_poplar_eyebrows_bright_boast,1.0
young_lullaby_dbnl_47,0,0_dear_sorrow_wish_weaving,0.0
young_lullaby_txt_0,18,18_farmer_rye_oats_horses,0.769748
young_lullaby_txt_1,0,0_dear_sorrow_wish_weaving,0.0
young_lullaby_txt_5,14,14_gyeongsang_jeolla_country_blow,1.0
young_lullaby_txt_14,14,14_gyeongsang_jeolla_country_blow,0.53041494
young_nicholas_dbnl_0,9,9_wreath_wreaths_wreath wreath_periwinkle,1.0
young_nicholas_dbnl_1,3,3_saint nicholas_saint_nicholas_holy evening,0.88824517
young_nicholas_dbnl_2,16,16_song praise_cheerful song_sing song_sing,1.0
young_nicholas_dbnl_3,0,0_dear_sorrow_wish_weaving,0.0
young_nicholas_dbnl_4,7,7_street_streets_fence_corner,0.6239401
young_nicholas_dbnl_6,3,3_saint nicholas_saint_nicholas_holy evening,0.5027223
young_nicholas_dbnl_16,16,16_song praise_cheerful song_sing song_sing,0.56127954
young_nicholas_dbnl_17,0,0_dear_sorrow_wish_weaving,0.0
young_nicholas_dbnl_18,18,18_farmer_rye_oats_horses,1.0
young_nicholas_dbnl_19,14,14_gyeongsang_jeolla_country_blow,1.0
young_sea_dbnl_0,18,18_farmer_rye_oats_horses,0.62251294
young_sea_dbnl_1,15,15_slave_goats_ants_feathers,0.50991553
young_sea_dbnl_2,15,15_slave_goats_ants_feathers,1.0
young_sea_dbnl_4,18,18_farmer_rye_oats_horses,1.0
young_sea_dbnl_5,15,15_slave_goats_ants_feathers,0.47635147
young_sea_dbnl_6,13,13_september_thirty_march_summer,0.34624586
young_sea_dbnl_7,14,14_gyeongsang_jeolla_country_blow,0.62637556
young_sea_dbnl_8,16,16_song praise_cheerful song_sing song_sing,0.52660596
young_sea_dbnl_10,7,7_street_streets_fence_corner,0.73582417
young_sea_dbnl_12,7,7_street_streets_fence_corner,0.65721005
young_sea_dbnl_14,15,15_slave_goats_ants_feathers,0.7124985
young_sea_dbnl_16,13,13_september_thirty_march_summer,0.40571365
young_sea_dbnl_17,13,13_september_thirty_march_summer,0.4411439
young_sea_dbnl_18,16,16_song praise_cheerful song_sing song_sing,0.53673327
young_sea_dbnl_19,14,14_gyeongsang_jeolla_country_blow,0.67234206
young_sea_dbnl_21,13,13_september_thirty_march_summer,0.5132985
young_sea_dbnl_22,14,14_gyeongsang_jeolla_country_blow,0.56621355
young_sea_dbnl_23,18,18_farmer_rye_oats_horses,0.4059435
young_sea_dbnl_24,14,14_gyeongsang_jeolla_country_blow,0.47662792
young_sea_dbnl_26,17,17_mocking_squirrel_don laugh_laugh,0.4763149
young_sea_dbnl_27,0,0_dear_sorrow_wish_weaving,0.0
young_sea_dbnl_28,0,0_dear_sorrow_wish_weaving,0.0
young_sea_dbnl_29,13,13_september_thirty_march_summer,0.7521564
young_sea_dbnl_30,18,18_farmer_rye_oats_horses,0.43343621
young_sea_dbnl_31,15,15_slave_goats_ants_feathers,0.68913823
young_sea_dbnl_32,0,0_dear_sorrow_wish_weaving,0.0
young_sea_dbnl_33,0,0_dear_sorrow_wish_weaving,0.0
young_sea_dbnl_34,0,0_dear_sorrow_wish_weaving,0.0
young_sea_dbnl_35,0,0_dear_sorrow_wish_weaving,0.0
young_sea_dbnl_36,0,0_dear_sorrow_wish_weaving,0.0
young_sea_dbnl_37,3,3_saint nicholas_saint_nicholas_holy evening,0.6306039
young_sea_dbnl_38,18,18_farmer_rye_oats_horses,0.7189531
young_sea_dbnl_39,14,14_gyeongsang_jeolla_country_blow,0.5295384
young_sea_dbnl_40,16,16_song praise_cheerful song_sing song_sing,0.50967765
young_sea_dbnl_41,15,15_slave_goats_ants_feathers,0.48045316
young_sea_dbnl_42,3,3_saint nicholas_saint_nicholas_holy evening,0.7239676
young_sea_dbnl_43,15,15_slave_goats_ants_feathers,0.562214
young_sea_dbnl_44,16,16_song praise_cheerful song_sing song_sing,0.4371717
young_sea_dbnl_45,17,17_mocking_squirrel_don laugh_laugh,0.35840985
young_sea_dbnl_46,3,3_saint nicholas_saint_nicholas_holy evening,1.0
young_sea_dbnl_47,7,7_street_streets_fence_corner,0.4414197
young_sea_dbnl_49,18,18_farmer_rye_oats_horses,0.51591563
young_sea_dbnl_50,16,16_song praise_cheerful song_sing song_sing,0.40745455
young_sea_dbnl_51,14,14_gyeongsang_jeolla_country_blow,0.40647417
young_sea_dbnl_52,16,16_song praise_cheerful song_sing song_sing,0.62374175
young_sea_dbnl_53,15,15_slave_goats_ants_feathers,0.61744344
young_sea_dbnl_54,15,15_slave_goats_ants_feathers,0.53957826
young_sea_dbnl_56,7,7_street_streets_fence_corner,0.37862268
young_sea_dbnl_57,15,15_slave_goats_ants_feathers,0.5010513
young_sea_dbnl_58,13,13_september_thirty_march_summer,0.4618609
young_sea_dbnl_59,15,15_slave_goats_ants_feathers,0.66830194
young_sea_dbnl_60,15,15_slave_goats_ants_feathers,0.77260727
young_sea_dbnl_61,15,15_slave_goats_ants_feathers,0.5462636
young_sea_dbnl_62,15,15_slave_goats_ants_feathers,1.0
young_sea_dbnl_63,13,13_september_thirty_march_summer,0.4634638
young_sea_dbnl_64,14,14_gyeongsang_jeolla_country_blow,0.72645664
young_sea_dbnl_65,7,7_street_streets_fence_corner,0.7182783
young_sea_dbnl_66,18,18_farmer_rye_oats_horses,0.46459737
young_sea_dbnl_67,14,14_gyeongsang_jeolla_country_blow,0.44503772
young_sea_dbnl_68,14,14_gyeongsang_jeolla_country_blow,0.75773054
young_sea_dbnl_69,17,17_mocking_squirrel_don laugh_laugh,1.0
young_sea_dbnl_70,14,14_gyeongsang_jeolla_country_blow,0.82377183
young_sea_dbnl_71,14,14_gyeongsang_jeolla_country_blow,1.0
young_sea_dbnl_72,14,14_gyeongsang_jeolla_country_blow,0.5752069
young_sea_dbnl_73,15,15_slave_goats_ants_feathers,1.0
young_sea_dbnl_74,16,16_song praise_cheerful song_sing song_sing,0.8356443
young_sea_dbnl_75,14,14_gyeongsang_jeolla_country_blow,0.68721694
young_sea_dbnl_76,14,14_gyeongsang_jeolla_country_blow,0.57052976
young_sea_dbnl_77,14,14_gyeongsang_jeolla_country_blow,1.0
young_sea_dbnl_78,7,7_street_streets_fence_corner,0.30828017
young_sea_dbnl_79,16,16_song praise_cheerful song_sing song_sing,0.7161981
young_sea_dbnl_80,14,14_gyeongsang_jeolla_country_blow,0.5653752
young_sea_dbnl_81,0,0_dear_sorrow_wish_weaving,0.0
young_sea_dbnl_82,18,18_farmer_rye_oats_horses,0.46451682
young_sea_dbnl_83,13,13_september_thirty_march_summer,0.54835635
young_sea_dbnl_84,14,14_gyeongsang_jeolla_country_blow,0.62752646
young_sea_dbnl_85,15,15_slave_goats_ants_feathers,0.47270578
young_sea_dbnl_86,13,13_september_thirty_march_summer,0.4581278
young_sea_dbnl_88,18,18_farmer_rye_oats_horses,0.6578699
young_sea_dbnl_90,14,14_gyeongsang_jeolla_country_blow,0.39230707
young_sea_dbnl_91,15,15_slave_goats_ants_feathers,0.6412657
young_sea_dbnl_92,18,18_farmer_rye_oats_horses,0.5452416
young_sea_dbnl_93,11,11_little horses_horses_maids_altar,0.5313581
young_sea_dbnl_94,14,14_gyeongsang_jeolla_country_blow,0.56222796
young_sea_dbnl_95,7,7_street_streets_fence_corner,0.6259412
young_sea_dbnl_96,14,14_gyeongsang_jeolla_country_blow,0.41858006
young_sea_dbnl_98,18,18_farmer_rye_oats_horses,0.6526155
young_sea_dbnl_99,13,13_september_thirty_march_summer,0.31832403
young_sea_dbnl_100,15,15_slave_goats_ants_feathers,0.70075005
young_sea_dbnl_101,18,18_farmer_rye_oats_horses,0.31660897
young_sea_dbnl_102,15,15_slave_goats_ants_feathers,0.86285245
young_sea_dbnl_103,9,9_wreath_wreaths_wreath wreath_periwinkle,1.0
young_sea_dbnl_104,18,18_farmer_rye_oats_horses,0.520428
young_sea_dbnl_105,16,16_song praise_cheerful song_sing song_sing,0.46143335
young_sea_dbnl_106,15,15_slave_goats_ants_feathers,0.7730299
young_sea_dbnl_107,16,16_song praise_cheerful song_sing song_sing,0.5142786
young_sea_dbnl_108,14,14_gyeongsang_jeolla_country_blow,0.5719424
young_sea_dbnl_109,13,13_september_thirty_march_summer,0.67688483
young_sea_dbnl_110,0,0_dear_sorrow_wish_weaving,0.0
young_sea_dbnl_111,15,15_slave_goats_ants_feathers,1.0
young_sea_dbnl_112,9,9_wreath_wreaths_wreath wreath_periwinkle,1.0
young_sea_dbnl_113,14,14_gyeongsang_jeolla_country_blow,1.0
young_sea_dbnl_114,14,14_gyeongsang_jeolla_country_blow,0.6809516
young_sea_dbnl_115,7,7_street_streets_fence_corner,0.35239145
young_sea_dbnl_117,11,11_little horses_horses_maids_altar,0.65112793
young_sea_dbnl_118,9,9_wreath_wreaths_wreath wreath_periwinkle,1.0
young_sea_dbnl_119,16,16_song praise_cheerful song_sing song_sing,0.32287437
young_sea_dbnl_120,14,14_gyeongsang_jeolla_country_blow,1.0
young_sea_dbnl_121,15,15_slave_goats_ants_feathers,0.37716186
young_sea_dbnl_122,16,16_song praise_cheerful song_sing song_sing,0.37033
young_sea_dbnl_123,14,14_gyeongsang_jeolla_country_blow,1.0
young_sea_dbnl_124,13,13_september_thirty_march_summer,0.5252678
young_sea_dbnl_125,16,16_song praise_cheerful song_sing song_sing,1.0
young_sea_dbnl_127,18,18_farmer_rye_oats_horses,0.5023751
young_sea_dbnl_128,0,0_dear_sorrow_wish_weaving,0.0
young_sea_dbnl_129,16,16_song praise_cheerful song_sing song_sing,0.5508105
young_sea_dbnl_130,18,18_farmer_rye_oats_horses,1.0
young_sea_dbnl_131,11,11_little horses_horses_maids_altar,1.0
young_sea_dbnl_132,14,14_gyeongsang_jeolla_country_blow,1.0
young_sea_dbnl_134,18,18_farmer_rye_oats_horses,0.55706817
young_sea_dbnl_135,0,0_dear_sorrow_wish_weaving,0.0
young_sea_dbnl_136,7,7_street_streets_fence_corner,0.3687229
young_sea_dbnl_137,14,14_gyeongsang_jeolla_country_blow,0.596168
young_sea_dbnl_139,0,0_dear_sorrow_wish_weaving,0.0
young_sea_dbnl_140,15,15_slave_goats_ants_feathers,0.4283276
young_sea_dbnl_141,14,14_gyeongsang_jeolla_country_blow,0.60550237
young_sea_dbnl_142,18,18_farmer_rye_oats_horses,0.5497488
young_sea_dbnl_144,14,14_gyeongsang_jeolla_country_blow,0.45262343
young_sea_dbnl_145,16,16_song praise_cheerful song_sing song_sing,0.66482276
young_sea_dbnl_146,14,14_gyeongsang_jeolla_country_blow,1.0
young_sea_dbnl_147,0,0_dear_sorrow_wish_weaving,0.0
young_sea_dbnl_148,16,16_song praise_cheerful song_sing song_sing,0.53388554
young_sea_dbnl_149,13,13_september_thirty_march_summer,1.0
young_sea_dbnl_150,15,15_slave_goats_ants_feathers,1.0
young_sea_dbnl_151,0,0_dear_sorrow_wish_weaving,0.0
young_sea_dbnl_152,14,14_gyeongsang_jeolla_country_blow,0.5784275
young_sea_dbnl_153,14,14_gyeongsang_jeolla_country_blow,0.64262366
young_sea_dbnl_154,13,13_september_thirty_march_summer,1.0
young_sea_dbnl_155,0,0_dear_sorrow_wish_weaving,0.0
young_sea_dbnl_156,11,11_little horses_horses_maids_altar,1.0
young_sea_dbnl_157,15,15_slave_goats_ants_feathers,1.0
young_sea_dbnl_158,18,18_farmer_rye_oats_horses,0.84513474
young_sea_dbnl_159,15,15_slave_goats_ants_feathers,0.50424635
young_sea_dbnl_160,14,14_gyeongsang_jeolla_country_blow,1.0
young_sea_dbnl_161,15,15_slave_goats_ants_feathers,1.0
young_sea_dbnl_162,0,0_dear_sorrow_wish_weaving,0.0
young_sea_dbnl_163,14,14_gyeongsang_jeolla_country_blow,1.0
young_sea_dbnl_164,14,14_gyeongsang_jeolla_country_blow,0.52112204
young_sea_dbnl_165,18,18_farmer_rye_oats_horses,0.66628116
young_sea_dbnl_166,7,7_street_streets_fence_corner,0.3773991
young_sea_dbnl_167,16,16_song praise_cheerful song_sing song_sing,1.0
young_sea_dbnl_168,18,18_farmer_rye_oats_horses,0.48307946
young_sea_dbnl_169,16,16_song praise_cheerful song_sing song_sing,0.6628354
young_sea_dbnl_170,0,0_dear_sorrow_wish_weaving,0.0
young_sea_dbnl_171,16,16_song praise_cheerful song_sing song_sing,0.350257
young_sea_dbnl_172,15,15_slave_goats_ants_feathers,0.51048946
young_sea_dbnl_173,0,0_dear_sorrow_wish_weaving,0.0
young_sea_dbnl_174,0,0_dear_sorrow_wish_weaving,0.0
young_sea_dbnl_175,13,13_september_thirty_march_summer,1.0
young_sea_dbnl_176,18,18_farmer_rye_oats_horses,0.6022203
young_sea_dbnl_177,11,11_little horses_horses_maids_altar,1.0
young_sea_dbnl_178,13,13_september_thirty_march_summer,1.0
young_sea_dbnl_179,0,0_dear_sorrow_wish_weaving,0.0
young_sea_txt_0,14,14_gyeongsang_jeolla_country_blow,0.50266373
young_sea_txt_1,18,18_farmer_rye_oats_horses,0.71146756
young_sea_txt_2,0,0_dear_sorrow_wish_weaving,0.0
young_sea_txt_3,13,13_september_thirty_march_summer,1.0
young_sea_txt_4,15,15_slave_goats_ants_feathers,1.0
young_sea_txt_5,13,13_september_thirty_march_summer,1.0
young_sea_txt_6,0,0_dear_sorrow_wish_weaving,0.0
young_sea_txt_7,13,13_september_thirty_march_summer,1.0
young_sea_txt_8,16,16_song praise_cheerful song_sing song_sing,0.9010553
young_soldier_dbnl_0,13,13_september_thirty_march_summer,0.6668894
young_soldier_dbnl_1,18,18_farmer_rye_oats_horses,1.0
young_soldier_dbnl_3,13,13_september_thirty_march_summer,0.75614166
young_soldier_dbnl_4,13,13_september_thirty_march_summer,0.7948596
young_soldier_dbnl_5,13,13_september_thirty_march_summer,0.9071128
young_soldier_dbnl_6,0,0_dear_sorrow_wish_weaving,0.0
young_soldier_dbnl_8,18,18_farmer_rye_oats_horses,0.45489377
young_soldier_dbnl_9,0,0_dear_sorrow_wish_weaving,0.0
young_soldier_dbnl_10,9,9_wreath_wreaths_wreath wreath_periwinkle,0.6938119
young_soldier_dbnl_13,14,14_gyeongsang_jeolla_country_blow,0.4640877
young_soldier_dbnl_14,18,18_farmer_rye_oats_horses,1.0
young_soldier_dbnl_15,14,14_gyeongsang_jeolla_country_blow,0.5493617
young_soldier_dbnl_16,14,14_gyeongsang_jeolla_country_blow,0.9388112
young_soldier_dbnl_17,18,18_farmer_rye_oats_horses,1.0
young_soldier_dbnl_19,14,14_gyeongsang_jeolla_country_blow,0.5722332
young_soldier_dbnl_21,0,0_dear_sorrow_wish_weaving,0.0
young_soldier_dbnl_22,14,14_gyeongsang_jeolla_country_blow,0.7113326
young_soldier_dbnl_23,14,14_gyeongsang_jeolla_country_blow,0.3938932
young_soldier_dbnl_24,14,14_gyeongsang_jeolla_country_blow,1.0
young_soldier_dbnl_25,13,13_september_thirty_march_summer,0.41353956
young_soldier_dbnl_26,13,13_september_thirty_march_summer,0.536995
young_soldier_dbnl_27,7,7_street_streets_fence_corner,0.23229784
young_soldier_dbnl_29,16,16_song praise_cheerful song_sing song_sing,1.0
young_soldier_dbnl_30,0,0_dear_sorrow_wish_weaving,0.0
young_soldier_dbnl_31,0,0_dear_sorrow_wish_weaving,0.0
young_soldier_dbnl_32,0,0_dear_sorrow_wish_weaving,0.0
young_soldier_dbnl_33,14,14_gyeongsang_jeolla_country_blow,1.0
young_soldier_dbnl_34,16,16_song praise_cheerful song_sing song_sing,1.0
young_soldier_dbnl_35,16,16_song praise_cheerful song_sing song_sing,0.40897372
young_soldier_dbnl_36,13,13_september_thirty_march_summer,1.0
young_soldier_dbnl_37,0,0_dear_sorrow_wish_weaving,0.0
young_soldier_dbnl_38,16,16_song praise_cheerful song_sing song_sing,1.0
young_soldier_dbnl_39,11,11_little horses_horses_maids_altar,0.81616586
young_soldier_dbnl_40,0,0_dear_sorrow_wish_weaving,0.0
young_soldier_dbnl_41,14,14_gyeongsang_jeolla_country_blow,1.0
young_soldier_dbnl_42,17,17_mocking_squirrel_don laugh_laugh,1.0
young_soldier_dbnl_43,0,0_dear_sorrow_wish_weaving,0.0
young_soldier_dbnl_44,0,0_dear_sorrow_wish_weaving,0.0
young_soldier_dbnl_45,16,16_song praise_cheerful song_sing song_sing,1.0
young_soldier_dbnl_46,14,14_gyeongsang_jeolla_country_blow,0.9644995
young_soldier_dbnl_47,0,0_dear_sorrow_wish_weaving,0.0
young_soldier_dbnl_52,16,16_song praise_cheerful song_sing song_sing,0.42081743
young_soldier_dbnl_53,0,0_dear_sorrow_wish_weaving,0.0
young_soldier_dbnl_54,7,7_street_streets_fence_corner,1.0
young_soldier_dbnl_55,0,0_dear_sorrow_wish_weaving,0.0
young_soldier_dbnl_56,13,13_september_thirty_march_summer,0.8468667
young_soldier_dbnl_57,18,18_farmer_rye_oats_horses,0.6620524
young_soldier_dbnl_58,16,16_song praise_cheerful song_sing song_sing,0.41206238
young_soldier_dbnl_59,14,14_gyeongsang_jeolla_country_blow,0.39428204
young_soldier_dbnl_60,14,14_gyeongsang_jeolla_country_blow,1.0
young_soldier_dbnl_61,14,14_gyeongsang_jeolla_country_blow,0.64393073
young_soldier_dbnl_62,0,0_dear_sorrow_wish_weaving,0.0
young_soldier_dbnl_64,13,13_september_thirty_march_summer,0.45070273
young_soldier_dbnl_65,14,14_gyeongsang_jeolla_country_blow,1.0
young_soldier_dbnl_66,18,18_farmer_rye_oats_horses,1.0
young_soldier_dbnl_67,7,7_street_streets_fence_corner,0.6605188
young_soldier_dbnl_69,18,18_farmer_rye_oats_horses,0.696675
young_soldier_dbnl_70,16,16_song praise_cheerful song_sing song_sing,0.8647597
young_soldier_dbnl_71,16,16_song praise_cheerful song_sing song_sing,0.8647597
young_soldier_dbnl_72,16,16_song praise_cheerful song_sing song_sing,1.0
young_soldier_dbnl_73,16,16_song praise_cheerful song_sing song_sing,1.0
young_soldier_dbnl_74,16,16_song praise_cheerful song_sing song_sing,0.8647597
young_soldier_dbnl_75,16,16_song praise_cheerful song_sing song_sing,0.8647597
young_soldier_dbnl_76,16,16_song praise_cheerful song_sing song_sing,1.0
young_soldier_dbnl_77,13,13_september_thirty_march_summer,0.26751572
young_soldier_dbnl_78,13,13_september_thirty_march_summer,0.3709946
young_soldier_dbnl_79,0,0_dear_sorrow_wish_weaving,0.0
young_soldier_dbnl_80,14,14_gyeongsang_jeolla_country_blow,1.0
young_soldier_dbnl_81,14,14_gyeongsang_jeolla_country_blow,1.0
young_soldier_txt_0,0,0_dear_sorrow_wish_weaving,0.0
young_soldier_txt_1,0,0_dear_sorrow_wish_weaving,0.0
young_soldier_txt_3,16,16_song praise_cheerful song_sing song_sing,0.8647597
young_soldier_txt_4,13,13_september_thirty_march_summer,0.4117239
young_soldier_txt_5,18,18_farmer_rye_oats_horses,1.0
young_soldier_txt_6,0,0_dear_sorrow_wish_weaving,0.0
young_wedding_both_0,15,15_slave_goats_ants_feathers,1.0
young_wedding_both_1,14,14_gyeongsang_jeolla_country_blow,1.0
young_wedding_both_2,11,11_little horses_horses_maids_altar,1.0
young_wedding_both_3,0,0_dear_sorrow_wish_weaving,0.0
young_wedding_both_4,16,16_song praise_cheerful song_sing song_sing,1.0
young_wedding_both_5,0,0_dear_sorrow_wish_weaving,0.0
young_wedding_both_6,0,0_dear_sorrow_wish_weaving,0.0
young_wedding_both_7,0,0_dear_sorrow_wish_weaving,0.0
young_wedding_both_8,0,0_dear_sorrow_wish_weaving,0.0
young_wedding_both_9,0,0_dear_sorrow_wish_weaving,0.0
young_wedding_both_10,18,18_farmer_rye_oats_horses,1.0
young_wedding_both_11,16,16_song praise_cheerful song_sing song_sing,1.0
young_wedding_both_12,0,0_dear_sorrow_wish_weaving,0.0
young_wedding_both_13,0,0_dear_sorrow_wish_weaving,0.0
young_wedding_both_14,0,0_dear_sorrow_wish_weaving,0.0
young_wedding_both_15,14,14_gyeongsang_jeolla_country_blow,0.5720139
young_wedding_both_16,0,0_dear_sorrow_wish_weaving,0.0
young_wedding_both_17,9,9_wreath_wreaths_wreath wreath_periwinkle,1.0
young_wedding_both_18,16,16_song praise_cheerful song_sing song_sing,0.879809
young_wedding_both_19,14,14_gyeongsang_jeolla_country_blow,0.8311792
young_wedding_both_20,0,0_dear_sorrow_wish_weaving,0.0
young_wedding_both_21,13,13_september_thirty_march_summer,0.8884879
young_wedding_both_22,0,0_dear_sorrow_wish_weaving,0.0
young_wedding_both_23,0,0_dear_sorrow_wish_weaving,0.0
young_wedding_both_24,14,14_gyeongsang_jeolla_country_blow,1.0
young_wedding_both_25,3,3_saint nicholas_saint_nicholas_holy evening,1.0
young_wedding_both_26,0,0_dear_sorrow_wish_weaving,0.0
young_wedding_both_27,17,17_mocking_squirrel_don laugh_laugh,1.0
young_wedding_both_28,14,14_gyeongsang_jeolla_country_blow,1.0
young_wedding_both_29,3,3_saint nicholas_saint_nicholas_holy evening,0.8106082
young_wedding_both_30,14,14_gyeongsang_jeolla_country_blow,1.0
young_wedding_both_31,0,0_dear_sorrow_wish_weaving,0.0
young_wedding_both_32,0,0_dear_sorrow_wish_weaving,0.0
young_wedding_both_33,0,0_dear_sorrow_wish_weaving,0.0
young_wedding_both_34,0,0_dear_sorrow_wish_weaving,0.0
young_wedding_both_35,0,0_dear_sorrow_wish_weaving,0.0
young_wedding_both_36,0,0_dear_sorrow_wish_weaving,0.0
young_wedding_both_37,18,18_farmer_rye_oats_horses,1.0
young_wedding_both_38,0,0_dear_sorrow_wish_weaving,0.0
young_wedding_both_39,0,0_dear_sorrow_wish_weaving,0.0
young_wedding_both_40,16,16_song praise_cheerful song_sing song_sing,1.0
young_wedding_both_41,0,0_dear_sorrow_wish_weaving,0.0
young_wedding_both_42,14,14_gyeongsang_jeolla_country_blow,0.74856776
young_wedding_both_43,0,0_dear_sorrow_wish_weaving,0.0
young_wedding_both_44,13,13_september_thirty_march_summer,0.4870112
young_wedding_both_45,0,0_dear_sorrow_wish_weaving,0.0
young_wedding_both_46,16,16_song praise_cheerful song_sing song_sing,0.45425108
young_wedding_both_47,14,14_gyeongsang_jeolla_country_blow,1.0
young_wedding_both_48,0,0_dear_sorrow_wish_weaving,0.0
young_wedding_both_49,0,0_dear_sorrow_wish_weaving,0.0
young_wedding_both_50,0,0_dear_sorrow_wish_weaving,0.0
young_wedding_both_51,13,13_september_thirty_march_summer,1.0
young_wedding_both_52,0,0_dear_sorrow_wish_weaving,0.0
young_wedding_both_53,14,14_gyeongsang_jeolla_country_blow,0.7228871
young_wedding_both_54,7,7_street_streets_fence_corner,1.0
young_wedding_both_55,18,18_farmer_rye_oats_horses,1.0
young_wedding_both_56,0,0_dear_sorrow_wish_weaving,0.0
young_wedding_both_57,13,13_september_thirty_march_summer,0.47499594
young_wedding_both_58,16,16_song praise_cheerful song_sing song_sing,1.0
young_wedding_both_59,7,7_street_streets_fence_corner,1.0
young_wedding_both_60,0,0_dear_sorrow_wish_weaving,0.0
young_wedding_both_61,15,15_slave_goats_ants_feathers,1.0
young_wedding_both_62,0,0_dear_sorrow_wish_weaving,0.0
young_wedding_both_63,0,0_dear_sorrow_wish_weaving,0.0
young_wedding_both_64,18,18_farmer_rye_oats_horses,1.0
young_wedding_both_65,18,18_farmer_rye_oats_horses,1.0
young_wedding_both_66,16,16_song praise_cheerful song_sing song_sing,1.0
young_wedding_both_67,0,0_dear_sorrow_wish_weaving,0.0
young_wedding_both_68,0,0_dear_sorrow_wish_weaving,0.0
young_wedding_both_69,0,0_dear_sorrow_wish_weaving,0.0
young_wedding_both_73,0,0_dear_sorrow_wish_weaving,0.0
young_wedding_both_74,0,0_dear_sorrow_wish_weaving,0.0
young_wedding_both_75,16,16_song praise_cheerful song_sing song_sing,0.36249873
young_wedding_both_76,13,13_september_thirty_march_summer,1.0
young_wedding_both_77,0,0_dear_sorrow_wish_weaving,0.0
young_wedding_both_78,16,16_song praise_cheerful song_sing song_sing,0.86229235
young_wedding_both_79,13,13_september_thirty_march_summer,0.51768875
young_wedding_both_80,0,0_dear_sorrow_wish_weaving,0.0
young_wedding_both_81,0,0_dear_sorrow_wish_weaving,0.0
young_wedding_both_82,9,9_wreath_wreaths_wreath wreath_periwinkle,1.0
young_wedding_both_83,0,0_dear_sorrow_wish_weaving,0.0
young_wedding_both_84,14,14_gyeongsang_jeolla_country_blow,0.5037242
young_wedding_both_85,0,0_dear_sorrow_wish_weaving,0.0
young_wedding_both_86,0,0_dear_sorrow_wish_weaving,0.0
young_wedding_both_87,0,0_dear_sorrow_wish_weaving,0.0
young_wedding_both_88,15,15_slave_goats_ants_feathers,0.5031693
young_wedding_both_89,0,0_dear_sorrow_wish_weaving,0.0
young_wedding_both_90,14,14_gyeongsang_jeolla_country_blow,1.0
young_wedding_both_92,0,0_dear_sorrow_wish_weaving,0.0
young_wedding_both_94,0,0_dear_sorrow_wish_weaving,0.0
young_wedding_both_95,0,0_dear_sorrow_wish_weaving,0.0
young_wedding_both_96,0,0_dear_sorrow_wish_weaving,0.0
young_wedding_both_97,14,14_gyeongsang_jeolla_country_blow,1.0
young_wedding_both_98,9,9_wreath_wreaths_wreath wreath_periwinkle,1.0
young_wedding_both_99,14,14_gyeongsang_jeolla_country_blow,0.6872093
young_wedding_both_100,0,0_dear_sorrow_wish_weaving,0.0
young_wedding_both_101,14,14_gyeongsang_jeolla_country_blow,0.60295767
young_wedding_both_102,16,16_song praise_cheerful song_sing song_sing,1.0
young_wedding_both_103,16,16_song praise_cheerful song_sing song_sing,1.0
young_wedding_both_104,14,14_gyeongsang_jeolla_country_blow,1.0
young_wedding_both_105,16,16_song praise_cheerful song_sing song_sing,1.0
young_wedding_both_106,0,0_dear_sorrow_wish_weaving,0.0
young_wedding_both_107,0,0_dear_sorrow_wish_weaving,0.0
young_wedding_both_108,0,0_dear_sorrow_wish_weaving,0.0
young_wedding_both_109,0,0_dear_sorrow_wish_weaving,0.0
young_wedding_both_110,0,0_dear_sorrow_wish_weaving,0.0
young_wedding_both_111,16,16_song praise_cheerful song_sing song_sing,0.49673843
young_wedding_both_112,0,0_dear_sorrow_wish_weaving,0.0
young_wedding_both_113,18,18_farmer_rye_oats_horses,0.6232712
young_wedding_both_114,9,9_wreath_wreaths_wreath wreath_periwinkle,1.0
young_wedding_both_115,14,14_gyeongsang_jeolla_country_blow,0.725868
young_wedding_both_116,0,0_dear_sorrow_wish_weaving,0.0
young_wedding_both_118,15,15_slave_goats_ants_feathers,1.0
young_wedding_both_119,0,0_dear_sorrow_wish_weaving,0.0
young_wedding_both_120,0,0_dear_sorrow_wish_weaving,0.0
young_wedding_both_121,0,0_dear_sorrow_wish_weaving,0.0
young_wedding_both_122,0,0_dear_sorrow_wish_weaving,0.0
young_wedding_both_123,0,0_dear_sorrow_wish_weaving,0.0
young_wedding_both_124,0,0_dear_sorrow_wish_weaving,0.0
young_wedding_both_125,14,14_gyeongsang_jeolla_country_blow,0.36720413
young_wedding_both_126,16,16_song praise_cheerful song_sing song_sing,1.0
young_wedding_both_127,0,0_dear_sorrow_wish_weaving,0.0
young_wedding_both_128,7,7_street_streets_fence_corner,1.0
young_wedding_both_129,3,3_saint nicholas_saint_nicholas_holy evening,0.5118204
young_wedding_both_130,0,0_dear_sorrow_wish_weaving,0.0
young_wedding_both_131,14,14_gyeongsang_jeolla_country_blow,1.0
young_wedding_both_132,0,0_dear_sorrow_wish_weaving,0.0
young_wedding_both_133,0,0_dear_sorrow_wish_weaving,0.0
young_wedding_both_134,0,0_dear_sorrow_wish_weaving,0.0
young_wedding_both_135,13,13_september_thirty_march_summer,1.0
young_wedding_both_136,18,18_farmer_rye_oats_horses,1.0
young_wedding_both_137,16,16_song praise_cheerful song_sing song_sing,1.0
young_wedding_both_138,0,0_dear_sorrow_wish_weaving,0.0
young_wedding_both_139,0,0_dear_sorrow_wish_weaving,0.0
young_wedding_both_140,18,18_farmer_rye_oats_horses,1.0
young_wedding_both_141,0,0_dear_sorrow_wish_weaving,0.0
young_wedding_both_142,0,0_dear_sorrow_wish_weaving,0.0
young_wedding_both_143,0,0_dear_sorrow_wish_weaving,0.0
young_wedding_both_144,0,0_dear_sorrow_wish_weaving,0.0
young_wedding_both_145,0,0_dear_sorrow_wish_weaving,0.0
young_wedding_both_146,0,0_dear_sorrow_wish_weaving,0.0
young_wedding_both_147,0,0_dear_sorrow_wish_weaving,0.0
young_wedding_both_148,0,0_dear_sorrow_wish_weaving,0.0
young_wedding_both_149,0,0_dear_sorrow_wish_weaving,0.0
young_wedding_both_150,0,0_dear_sorrow_wish_weaving,0.0
young_wedding_both_151,0,0_dear_sorrow_wish_weaving,0.0
young_wedding_both_152,0,0_dear_sorrow_wish_weaving,0.0
young_wedding_both_153,0,0_dear_sorrow_wish_weaving,0.0
young_wedding_both_154,0,0_dear_sorrow_wish_weaving,0.0
young_wedding_both_155,0,0_dear_sorrow_wish_weaving,0.0
young_wedding_both_156,0,0_dear_sorrow_wish_weaving,0.0
young_wedding_both_157,0,0_dear_sorrow_wish_weaving,0.0
young_wedding_both_158,0,0_dear_sorrow_wish_weaving,0.0
young_wedding_both_159,11,11_little horses_horses_maids_altar,0.5461746
young_wedding_both_160,16,16_song praise_cheerful song_sing song_sing,1.0
young_wedding_both_161,0,0_dear_sorrow_wish_weaving,0.0
young_wedding_both_162,0,0_dear_sorrow_wish_weaving,0.0
young_wedding_both_163,16,16_song praise_cheerful song_sing song_sing,0.6359433
young_wedding_both_164,11,11_little horses_horses_maids_altar,1.0
young_wedding_both_165,14,14_gyeongsang_jeolla_country_blow,0.7618452
young_wedding_both_166,14,14_gyeongsang_jeolla_country_blow,0.7560013
young_wedding_both_167,18,18_farmer_rye_oats_horses,0.45964944
young_wedding_both_168,0,0_dear_sorrow_wish_weaving,0.0
young_wedding_both_169,14,14_gyeongsang_jeolla_country_blow,1.0
young_wedding_both_170,0,0_dear_sorrow_wish_weaving,0.0
young_wedding_both_171,0,0_dear_sorrow_wish_weaving,0.0
young_wedding_both_172,0,0_dear_sorrow_wish_weaving,0.0
young_wedding_both_173,16,16_song praise_cheerful song_sing song_sing,0.5319796
young_wedding_both_174,14,14_gyeongsang_jeolla_country_blow,0.65899557
young_wedding_both_175,0,0_dear_sorrow_wish_weaving,0.0
young_wedding_both_176,14,14_gyeongsang_jeolla_country_blow,1.0
young_wedding_both_177,0,0_dear_sorrow_wish_weaving,0.0
young_wedding_both_178,0,0_dear_sorrow_wish_weaving,0.0
young_wedding_both_179,3,3_saint nicholas_saint_nicholas_holy evening,0.7647987
young_wedding_both_180,14,14_gyeongsang_jeolla_country_blow,1.0
young_wedding_both_181,16,16_song praise_cheerful song_sing song_sing,1.0
young_wedding_both_182,0,0_dear_sorrow_wish_weaving,0.0
young_wedding_both_183,0,0_dear_sorrow_wish_weaving,0.0
young_wedding_both_185,9,9_wreath_wreaths_wreath wreath_periwinkle,0.42554906
young_wedding_both_186,17,17_mocking_squirrel_don laugh_laugh,1.0
young_wedding_both_188,15,15_slave_goats_ants_feathers,1.0
young_wedding_both_189,14,14_gyeongsang_jeolla_country_blow,1.0
young_wedding_both_190,14,14_gyeongsang_jeolla_country_blow,1.0
young_wedding_both_191,0,0_dear_sorrow_wish_weaving,0.0
young_wedding_both_192,13,13_september_thirty_march_summer,1.0
young_wedding_both_193,0,0_dear_sorrow_wish_weaving,0.0
young_wedding_both_194,0,0_dear_sorrow_wish_weaving,0.0
young_wedding_both_195,3,3_saint nicholas_saint_nicholas_holy evening,0.50871617
young_wedding_both_196,16,16_song praise_cheerful song_sing song_sing,1.0
young_wedding_both_197,16,16_song praise_cheerful song_sing song_sing,1.0
young_wedding_both_198,14,14_gyeongsang_jeolla_country_blow,0.57194966
young_wedding_both_199,14,14_gyeongsang_jeolla_country_blow,1.0
young_wedding_both_200,14,14_gyeongsang_jeolla_country_blow,1.0
young_wedding_both_201,0,0_dear_sorrow_wish_weaving,0.0
young_wedding_both_202,16,16_song praise_cheerful song_sing song_sing,1.0
young_wedding_both_203,14,14_gyeongsang_jeolla_country_blow,1.0
young_wedding_both_204,16,16_song praise_cheerful song_sing song_sing,1.0
young_wedding_both_205,18,18_farmer_rye_oats_horses,0.6747226
young_wedding_both_206,15,15_slave_goats_ants_feathers,0.68608564
young_wedding_both_207,11,11_little horses_horses_maids_altar,1.0
young_wedding_both_208,14,14_gyeongsang_jeolla_country_blow,1.0
young_wedding_both_209,18,18_farmer_rye_oats_horses,1.0
young_wedding_both_210,17,17_mocking_squirrel_don laugh_laugh,0.5653955
young_wedding_both_211,0,0_dear_sorrow_wish_weaving,0.0
young_wedding_both_212,0,0_dear_sorrow_wish_weaving,0.0
young_wedding_both_213,11,11_little horses_horses_maids_altar,1.0
young_wedding_both_214,0,0_dear_sorrow_wish_weaving,0.0
young_wedding_both_215,14,14_gyeongsang_jeolla_country_blow,0.33107117
young_wedding_both_216,14,14_gyeongsang_jeolla_country_blow,1.0
young_wedding_both_217,14,14_gyeongsang_jeolla_country_blow,0.62054294
young_wedding_both_218,0,0_dear_sorrow_wish_weaving,0.0
young_wedding_both_219,14,14_gyeongsang_jeolla_country_blow,1.0
young_wedding_both_220,9,9_wreath_wreaths_wreath wreath_periwinkle,1.0
young_wedding_both_221,14,14_gyeongsang_jeolla_country_blow,1.0
young_wedding_both_222,0,0_dear_sorrow_wish_weaving,0.0
young_wedding_both_223,0,0_dear_sorrow_wish_weaving,0.0
young_wedding_both_224,0,0_dear_sorrow_wish_weaving,0.0
young_wedding_both_225,0,0_dear_sorrow_wish_weaving,0.0
young_wedding_both_226,16,16_song praise_cheerful song_sing song_sing,0.5109124
young_wedding_both_227,0,0_dear_sorrow_wish_weaving,0.0
young_wedding_both_228,0,0_dear_sorrow_wish_weaving,0.0
young_wedding_both_229,9,9_wreath_wreaths_wreath wreath_periwinkle,0.4249882
young_wedding_both_230,13,13_september_thirty_march_summer,1.0
young_wedding_both_231,0,0_dear_sorrow_wish_weaving,0.0
young_wedding_both_232,0,0_dear_sorrow_wish_weaving,0.0
young_wedding_both_233,16,16_song praise_cheerful song_sing song_sing,1.0
young_wedding_both_234,15,15_slave_goats_ants_feathers,1.0
young_wedding_both_235,15,15_slave_goats_ants_feathers,0.50205636
young_wedding_both_236,0,0_dear_sorrow_wish_weaving,0.0
young_wedding_both_237,13,13_september_thirty_march_summer,1.0
young_wedding_both_238,0,0_dear_sorrow_wish_weaving,0.0
young_wedding_both_239,6,6_poplar_eyebrows_bright_boast,1.0
young_wedding_both_240,0,0_dear_sorrow_wish_weaving,0.0
young_wedding_both_241,14,14_gyeongsang_jeolla_country_blow,1.0
young_wedding_both_242,0,0_dear_sorrow_wish_weaving,0.0
young_wedding_both_243,0,0_dear_sorrow_wish_weaving,0.0
young_wedding_both_244,0,0_dear_sorrow_wish_weaving,0.0
young_wedding_both_245,14,14_gyeongsang_jeolla_country_blow,1.0
young_wedding_both_246,0,0_dear_sorrow_wish_weaving,0.0
young_wedding_both_247,18,18_farmer_rye_oats_horses,0.6586759
young_wedding_both_248,0,0_dear_sorrow_wish_weaving,0.0
young_wedding_both_249,0,0_dear_sorrow_wish_weaving,0.0
young_wedding_both_250,0,0_dear_sorrow_wish_weaving,0.0
young_wedding_both_251,0,0_dear_sorrow_wish_weaving,0.0
young_wedding_both_252,0,0_dear_sorrow_wish_weaving,0.0
young_wedding_both_253,11,11_little horses_horses_maids_altar,1.0
young_wedding_both_254,16,16_song praise_cheerful song_sing song_sing,1.0
young_wedding_both_255,16,16_song praise_cheerful song_sing song_sing,1.0
young_wedding_both_256,16,16_song praise_cheerful song_sing song_sing,1.0
young_wedding_both_257,16,16_song praise_cheerful song_sing song_sing,1.0
young_wedding_both_258,16,16_song praise_cheerful song_sing song_sing,1.0
young_wedding_both_259,16,16_song praise_cheerful song_sing song_sing,1.0
young_wedding_both_260,16,16_song praise_cheerful song_sing song_sing,0.6862886
young_wedding_both_261,15,15_slave_goats_ants_feathers,1.0
young_wedding_both_262,15,15_slave_goats_ants_feathers,1.0
young_wedding_both_263,0,0_dear_sorrow_wish_weaving,0.0
young_wedding_both_264,15,15_slave_goats_ants_feathers,1.0
young_wedding_both_265,0,0_dear_sorrow_wish_weaving,0.0
young_wedding_both_266,14,14_gyeongsang_jeolla_country_blow,1.0
young_wedding_both_267,17,17_mocking_squirrel_don laugh_laugh,1.0
young_wedding_both_268,13,13_september_thirty_march_summer,0.40956768
young_wedding_both_269,14,14_gyeongsang_jeolla_country_blow,0.44393772
young_wedding_both_270,0,0_dear_sorrow_wish_weaving,0.0
young_wedding_both_271,9,9_wreath_wreaths_wreath wreath_periwinkle,1.0
young_wedding_both_272,0,0_dear_sorrow_wish_weaving,0.0
young_wedding_both_273,14,14_gyeongsang_jeolla_country_blow,1.0
young_wedding_both_274,13,13_september_thirty_march_summer,1.0
young_wedding_both_275,16,16_song praise_cheerful song_sing song_sing,0.5620162
young_wedding_both_276,3,3_saint nicholas_saint_nicholas_holy evening,0.5113657
young_wedding_both_277,13,13_september_thirty_march_summer,1.0
young_wedding_both_278,16,16_song praise_cheerful song_sing song_sing,0.6740278
young_wedding_both_280,0,0_dear_sorrow_wish_weaving,0.0
young_wedding_both_281,13,13_september_thirty_march_summer,1.0
young_wedding_both_282,0,0_dear_sorrow_wish_weaving,0.0
young_wedding_both_284,18,18_farmer_rye_oats_horses,1.0
young_wedding_both_285,18,18_farmer_rye_oats_horses,0.65066814
young_wedding_both_286,13,13_september_thirty_march_summer,0.51116234
young_wedding_both_287,0,0_dear_sorrow_wish_weaving,0.0
young_wedding_both_288,16,16_song praise_cheerful song_sing song_sing,1.0
young_wedding_both_289,0,0_dear_sorrow_wish_weaving,0.0
young_wedding_both_290,14,14_gyeongsang_jeolla_country_blow,1.0
young_wedding_both_291,0,0_dear_sorrow_wish_weaving,0.0
young_wedding_both_292,0,0_dear_sorrow_wish_weaving,0.0
young_wedding_both_294,0,0_dear_sorrow_wish_weaving,0.0
young_wedding_both_295,16,16_song praise_cheerful song_sing song_sing,1.0
young_wedding_both_296,0,0_dear_sorrow_wish_weaving,0.0
young_wedding_both_297,0,0_dear_sorrow_wish_weaving,0.0
young_wedding_both_298,0,0_dear_sorrow_wish_weaving,0.0
young_wedding_both_299,0,0_dear_sorrow_wish_weaving,0.0
young_wedding_both_300,0,0_dear_sorrow_wish_weaving,0.0
young_wedding_both_301,18,18_farmer_rye_oats_horses,0.50764185
young_wedding_both_302,0,0_dear_sorrow_wish_weaving,0.0
young_wedding_both_303,0,0_dear_sorrow_wish_weaving,0.0
young_wedding_both_304,0,0_dear_sorrow_wish_weaving,0.0
young_wedding_both_305,0,0_dear_sorrow_wish_weaving,0.0
young_wedding_both_306,0,0_dear_sorrow_wish_weaving,0.0
young_wedding_both_307,0,0_dear_sorrow_wish_weaving,0.0
young_wedding_both_308,0,0_dear_sorrow_wish_weaving,0.0
young_wedding_both_309,0,0_dear_sorrow_wish_weaving,0.0
young_wedding_both_310,0,0_dear_sorrow_wish_weaving,0.0
young_wedding_both_311,14,14_gyeongsang_jeolla_country_blow,1.0
young_wedding_both_312,0,0_dear_sorrow_wish_weaving,0.0
young_wedding_both_313,0,0_dear_sorrow_wish_weaving,0.0
young_wedding_both_314,0,0_dear_sorrow_wish_weaving,0.0
young_wedding_both_315,14,14_gyeongsang_jeolla_country_blow,0.527794
young_wedding_both_316,14,14_gyeongsang_jeolla_country_blow,1.0
young_wedding_both_317,14,14_gyeongsang_jeolla_country_blow,1.0
young_wedding_both_318,6,6_poplar_eyebrows_bright_boast,1.0
young_wedding_both_319,14,14_gyeongsang_jeolla_country_blow,0.7880883
young_wedding_both_320,11,11_little horses_horses_maids_altar,1.0
young_wedding_both_321,14,14_gyeongsang_jeolla_country_blow,1.0
young_wedding_both_322,14,14_gyeongsang_jeolla_country_blow,1.0
young_wedding_both_323,11,11_little horses_horses_maids_altar,1.0
young_wedding_both_324,6,6_poplar_eyebrows_bright_boast,1.0
young_wedding_both_325,16,16_song praise_cheerful song_sing song_sing,1.0
young_wedding_both_326,16,16_song praise_cheerful song_sing song_sing,1.0
young_wedding_both_327,16,16_song praise_cheerful song_sing song_sing,1.0
young_wedding_both_328,18,18_farmer_rye_oats_horses,1.0
young_wedding_both_329,18,18_farmer_rye_oats_horses,1.0
young_wedding_both_330,11,11_little horses_horses_maids_altar,1.0
young_wedding_both_331,16,16_song praise_cheerful song_sing song_sing,1.0
young_wedding_both_332,16,16_song praise_cheerful song_sing song_sing,1.0
young_wedding_both_333,16,16_song praise_cheerful song_sing song_sing,1.0
young_wedding_both_334,16,16_song praise_cheerful song_sing song_sing,1.0
young_wedding_both_335,16,16_song praise_cheerful song_sing song_sing,1.0
young_wedding_both_336,16,16_song praise_cheerful song_sing song_sing,1.0
young_wedding_both_337,0,0_dear_sorrow_wish_weaving,0.0
young_wedding_both_338,9,9_wreath_wreaths_wreath wreath_periwinkle,1.0
young_wedding_both_339,0,0_dear_sorrow_wish_weaving,0.0
young_wedding_both_340,0,0_dear_sorrow_wish_weaving,0.0
young_wedding_both_341,0,0_dear_sorrow_wish_weaving,0.0
young_wedding_both_342,0,0_dear_sorrow_wish_weaving,0.0
young_wedding_both_343,0,0_dear_sorrow_wish_weaving,0.0
young_wedding_both_344,0,0_dear_sorrow_wish_weaving,0.0
young_wedding_both_345,0,0_dear_sorrow_wish_weaving,0.0
young_wedding_both_346,0,0_dear_sorrow_wish_weaving,0.0
young_wedding_both_347,0,0_dear_sorrow_wish_weaving,0.0
young_wedding_both_348,15,15_slave_goats_ants_feathers,1.0
young_wedding_both_349,16,16_song praise_cheerful song_sing song_sing,1.0
young_wedding_both_350,11,11_little horses_horses_maids_altar,1.0
young_wedding_both_351,16,16_song praise_cheerful song_sing song_sing,0.8437973
young_wedding_both_352,18,18_farmer_rye_oats_horses,1.0
young_wedding_both_353,0,0_dear_sorrow_wish_weaving,0.0
young_wedding_both_354,0,0_dear_sorrow_wish_weaving,0.0
young_wedding_both_355,0,0_dear_sorrow_wish_weaving,0.0
young_wedding_both_356,16,16_song praise_cheerful song_sing song_sing,1.0
young_wedding_both_357,16,16_song praise_cheerful song_sing song_sing,1.0
young_wedding_both_358,16,16_song praise_cheerful song_sing song_sing,1.0
young_wedding_both_359,13,13_september_thirty_march_summer,1.0
young_wedding_both_360,2,2_married life_sister_husband_mother law,0.7777088
young_wedding_both_361,16,16_song praise_cheerful song_sing song_sing,1.0
young_wedding_both_362,0,0_dear_sorrow_wish_weaving,0.0
young_wedding_both_363,0,0_dear_sorrow_wish_weaving,0.0
young_wedding_both_364,14,14_gyeongsang_jeolla_country_blow,0.5974506
young_wedding_both_365,0,0_dear_sorrow_wish_weaving,0.0
young_wedding_both_366,14,14_gyeongsang_jeolla_country_blow,0.7635713
young_wedding_both_367,16,16_song praise_cheerful song_sing song_sing,1.0
young_wedding_both_368,13,13_september_thirty_march_summer,0.5102946
young_wedding_both_369,0,0_dear_sorrow_wish_weaving,0.0
young_wedding_both_370,18,18_farmer_rye_oats_horses,1.0
young_wedding_both_371,0,0_dear_sorrow_wish_weaving,0.0
young_wedding_both_372,14,14_gyeongsang_jeolla_country_blow,1.0
young_wedding_both_373,7,7_street_streets_fence_corner,0.7556412
young_wedding_both_374,0,0_dear_sorrow_wish_weaving,0.0
young_wedding_both_375,0,0_dear_sorrow_wish_weaving,0.0
young_wedding_both_376,14,14_gyeongsang_jeolla_country_blow,1.0
young_wedding_both_377,15,15_slave_goats_ants_feathers,0.72145396
young_wedding_both_378,14,14_gyeongsang_jeolla_country_blow,0.5035582
young_wedding_both_379,0,0_dear_sorrow_wish_weaving,0.0
young_wedding_both_380,16,16_song praise_cheerful song_sing song_sing,1.0
young_wedding_both_381,14,14_gyeongsang_jeolla_country_blow,0.50236046
young_wedding_both_382,0,0_dear_sorrow_wish_weaving,0.0
young_wedding_both_383,0,0_dear_sorrow_wish_weaving,0.0
young_wedding_both_384,0,0_dear_sorrow_wish_weaving,0.0
young_wedding_both_385,16,16_song praise_cheerful song_sing song_sing,1.0
young_wedding_both_386,14,14_gyeongsang_jeolla_country_blow,0.5709182
young_wedding_both_387,16,16_song praise_cheerful song_sing song_sing,0.6468262
young_wedding_both_388,0,0_dear_sorrow_wish_weaving,0.0
young_wedding_both_389,0,0_dear_sorrow_wish_weaving,0.0
young_wedding_both_390,11,11_little horses_horses_maids_altar,1.0
young_wedding_both_391,3,3_saint nicholas_saint_nicholas_holy evening,1.0
young_wedding_both_392,13,13_september_thirty_march_summer,0.47268105
young_wedding_both_393,9,9_wreath_wreaths_wreath wreath_periwinkle,1.0
young_wedding_both_394,0,0_dear_sorrow_wish_weaving,0.0
young_wedding_both_395,9,9_wreath_wreaths_wreath wreath_periwinkle,1.0
young_wedding_both_396,13,13_september_thirty_march_summer,0.86613804
young_wedding_both_397,16,16_song praise_cheerful song_sing song_sing,0.8627295
young_wedding_both_398,0,0_dear_sorrow_wish_weaving,0.0
young_wedding_both_399,16,16_song praise_cheerful song_sing song_sing,1.0
young_wedding_both_400,0,0_dear_sorrow_wish_weaving,0.0
young_wedding_both_401,11,11_little horses_horses_maids_altar,1.0
young_wedding_both_402,16,16_song praise_cheerful song_sing song_sing,1.0
young_wedding_both_403,14,14_gyeongsang_jeolla_country_blow,1.0
young_wedding_both_404,14,14_gyeongsang_jeolla_country_blow,1.0
young_wedding_both_405,16,16_song praise_cheerful song_sing song_sing,1.0
young_wedding_both_406,0,0_dear_sorrow_wish_weaving,0.0
young_wedding_both_407,14,14_gyeongsang_jeolla_country_blow,1.0
young_wedding_both_408,16,16_song praise_cheerful song_sing song_sing,1.0
young_wedding_both_409,2,2_married life_sister_husband_mother law,1.0
young_wedding_both_410,9,9_wreath_wreaths_wreath wreath_periwinkle,1.0
young_wedding_both_411,16,16_song praise_cheerful song_sing song_sing,0.73951966
young_wedding_both_412,0,0_dear_sorrow_wish_weaving,0.0
young_wedding_both_413,0,0_dear_sorrow_wish_weaving,0.0
young_wedding_both_414,14,14_gyeongsang_jeolla_country_blow,1.0
young_wedding_both_415,0,0_dear_sorrow_wish_weaving,0.0
young_wedding_both_416,0,0_dear_sorrow_wish_weaving,0.0
young_wedding_both_417,0,0_dear_sorrow_wish_weaving,0.0
young_wedding_both_418,13,13_september_thirty_march_summer,0.26062697
young_wedding_both_419,0,0_dear_sorrow_wish_weaving,0.0
young_wedding_both_420,16,16_song praise_cheerful song_sing song_sing,1.0
young_wedding_both_421,16,16_song praise_cheerful song_sing song_sing,1.0
young_wedding_both_422,3,3_saint nicholas_saint_nicholas_holy evening,0.7500778
young_wedding_both_423,16,16_song praise_cheerful song_sing song_sing,1.0
young_wedding_both_424,9,9_wreath_wreaths_wreath wreath_periwinkle,0.6605963
young_wedding_both_425,14,14_gyeongsang_jeolla_country_blow,1.0
young_wedding_both_426,0,0_dear_sorrow_wish_weaving,0.0
young_wedding_both_427,0,0_dear_sorrow_wish_weaving,0.0
young_wedding_both_429,13,13_september_thirty_march_summer,0.51126474
young_wedding_both_430,9,9_wreath_wreaths_wreath wreath_periwinkle,0.42178008
young_wedding_both_431,14,14_gyeongsang_jeolla_country_blow,1.0
young_wedding_both_432,18,18_farmer_rye_oats_horses,1.0
young_wedding_both_433,16,16_song praise_cheerful song_sing song_sing,0.8030579
young_wedding_both_434,16,16_song praise_cheerful song_sing song_sing,1.0
young_wedding_both_435,3,3_saint nicholas_saint_nicholas_holy evening,0.55906504
young_wedding_both_436,0,0_dear_sorrow_wish_weaving,0.0
young_wedding_both_437,0,0_dear_sorrow_wish_weaving,0.0
young_wedding_both_438,14,14_gyeongsang_jeolla_country_blow,1.0
young_wedding_both_439,9,9_wreath_wreaths_wreath wreath_periwinkle,0.6059795
young_wedding_both_440,13,13_september_thirty_march_summer,1.0
young_wedding_both_441,16,16_song praise_cheerful song_sing song_sing,1.0
young_wedding_both_442,16,16_song praise_cheerful song_sing song_sing,0.7047056
young_wedding_both_443,18,18_farmer_rye_oats_horses,1.0
young_wedding_both_444,14,14_gyeongsang_jeolla_country_blow,0.7188875
young_wedding_both_445,16,16_song praise_cheerful song_sing song_sing,1.0
young_wedding_both_446,13,13_september_thirty_march_summer,1.0
young_wedding_both_447,16,16_song praise_cheerful song_sing song_sing,1.0
young_wedding_both_448,11,11_little horses_horses_maids_altar,0.5546459
young_wedding_both_449,0,0_dear_sorrow_wish_weaving,0.0
young_wedding_both_450,0,0_dear_sorrow_wish_weaving,0.0
young_wedding_both_451,0,0_dear_sorrow_wish_weaving,0.0
young_wedding_both_452,16,16_song praise_cheerful song_sing song_sing,0.5347768
young_wedding_both_454,0,0_dear_sorrow_wish_weaving,0.0
young_wedding_both_455,6,6_poplar_eyebrows_bright_boast,0.58637667
young_wedding_both_456,13,13_september_thirty_march_summer,0.6745154
young_wedding_both_457,0,0_dear_sorrow_wish_weaving,0.0
young_wedding_both_458,14,14_gyeongsang_jeolla_country_blow,0.6855465
young_wedding_both_459,16,16_song praise_cheerful song_sing song_sing,0.77042687
young_wedding_both_461,16,16_song praise_cheerful song_sing song_sing,0.6183628
young_wedding_both_462,16,16_song praise_cheerful song_sing song_sing,0.5266024
young_wedding_both_463,0,0_dear_sorrow_wish_weaving,0.0
young_wedding_both_464,0,0_dear_sorrow_wish_weaving,0.0
young_wedding_both_465,2,2_married life_sister_husband_mother law,1.0
young_wedding_both_466,0,0_dear_sorrow_wish_weaving,0.0
young_wedding_both_467,9,9_wreath_wreaths_wreath wreath_periwinkle,1.0
young_wedding_both_468,14,14_gyeongsang_jeolla_country_blow,0.6677382
young_wedding_both_469,0,0_dear_sorrow_wish_weaving,0.0
young_wedding_both_471,16,16_song praise_cheerful song_sing song_sing,1.0
young_wedding_both_472,16,16_song praise_cheerful song_sing song_sing,0.51162827
young_wedding_both_474,0,0_dear_sorrow_wish_weaving,0.0
young_wedding_both_475,0,0_dear_sorrow_wish_weaving,0.0
young_wedding_both_476,3,3_saint nicholas_saint_nicholas_holy evening,0.27967548
young_wedding_both_477,0,0_dear_sorrow_wish_weaving,0.0
young_wedding_both_478,0,0_dear_sorrow_wish_weaving,0.0
young_wedding_both_479,3,3_saint nicholas_saint_nicholas_holy evening,1.0
young_wedding_both_480,15,15_slave_goats_ants_feathers,1.0
young_wedding_both_481,0,0_dear_sorrow_wish_weaving,0.0
young_wedding_both_482,16,16_song praise_cheerful song_sing song_sing,1.0
young_wedding_both_483,18,18_farmer_rye_oats_horses,1.0
young_wedding_both_484,16,16_song praise_cheerful song_sing song_sing,1.0
young_wedding_both_485,2,2_married life_sister_husband_mother law,1.0
young_wedding_both_486,14,14_gyeongsang_jeolla_country_blow,1.0
young_wedding_both_487,0,0_dear_sorrow_wish_weaving,0.0
young_wedding_both_488,11,11_little horses_horses_maids_altar,1.0
young_wedding_both_489,13,13_september_thirty_march_summer,1.0
young_wedding_both_490,0,0_dear_sorrow_wish_weaving,0.0
young_wedding_both_491,0,0_dear_sorrow_wish_weaving,0.0
young_wedding_both_492,14,14_gyeongsang_jeolla_country_blow,1.0
young_wedding_both_493,16,16_song praise_cheerful song_sing song_sing,0.53384274
young_wedding_both_494,0,0_dear_sorrow_wish_weaving,0.0
young_wedding_both_495,0,0_dear_sorrow_wish_weaving,0.0
young_wedding_both_496,18,18_farmer_rye_oats_horses,0.7357516
young_wedding_both_497,6,6_poplar_eyebrows_bright_boast,0.37646067
young_wedding_both_498,0,0_dear_sorrow_wish_weaving,0.0
young_wedding_both_499,18,18_farmer_rye_oats_horses,0.7357516
young_wedding_both_500,9,9_wreath_wreaths_wreath wreath_periwinkle,1.0
young_wedding_both_501,14,14_gyeongsang_jeolla_country_blow,0.83949745
young_wedding_both_502,14,14_gyeongsang_jeolla_country_blow,1.0
young_work_dbnl_0,14,14_gyeongsang_jeolla_country_blow,0.58901536
young_work_dbnl_3,14,14_gyeongsang_jeolla_country_blow,0.8710241
young_work_dbnl_4,13,13_september_thirty_march_summer,1.0
young_work_dbnl_5,0,0_dear_sorrow_wish_weaving,0.0
young_work_dbnl_7,14,14_gyeongsang_jeolla_country_blow,0.45916966
young_work_dbnl_8,14,14_gyeongsang_jeolla_country_blow,0.6334882
young_work_dbnl_9,13,13_september_thirty_march_summer,1.0
young_work_dbnl_10,16,16_song praise_cheerful song_sing song_sing,0.2532541
young_work_dbnl_11,18,18_farmer_rye_oats_horses,1.0
young_work_dbnl_16,6,6_poplar_eyebrows_bright_boast,1.0
young_work_dbnl_17,18,18_farmer_rye_oats_horses,0.5320696
young_work_dbnl_18,18,18_farmer_rye_oats_horses,0.7427497
young_work_dbnl_19,14,14_gyeongsang_jeolla_country_blow,0.71185714
young_work_dbnl_20,14,14_gyeongsang_jeolla_country_blow,0.5218322
young_work_dbnl_21,14,14_gyeongsang_jeolla_country_blow,0.4296096
young_work_dbnl_22,13,13_september_thirty_march_summer,0.43511835
young_work_dbnl_23,14,14_gyeongsang_jeolla_country_blow,0.68797463
young_work_dbnl_24,7,7_street_streets_fence_corner,0.62755674
young_work_dbnl_25,16,16_song praise_cheerful song_sing song_sing,0.42028144
young_work_dbnl_27,14,14_gyeongsang_jeolla_country_blow,0.51385546
young_work_dbnl_28,14,14_gyeongsang_jeolla_country_blow,0.41405147
young_work_dbnl_29,14,14_gyeongsang_jeolla_country_blow,0.5683861
young_work_dbnl_31,14,14_gyeongsang_jeolla_country_blow,0.8316391
young_work_dbnl_32,13,13_september_thirty_march_summer,1.0
young_work_dbnl_33,14,14_gyeongsang_jeolla_country_blow,0.2881561
young_work_dbnl_34,14,14_gyeongsang_jeolla_country_blow,0.3192294
young_work_dbnl_35,13,13_september_thirty_march_summer,0.90023625
young_work_dbnl_36,9,9_wreath_wreaths_wreath wreath_periwinkle,1.0
young_work_dbnl_37,14,14_gyeongsang_jeolla_country_blow,0.79236495
young_work_dbnl_38,0,0_dear_sorrow_wish_weaving,0.0
young_work_dbnl_39,16,16_song praise_cheerful song_sing song_sing,1.0
young_work_dbnl_41,14,14_gyeongsang_jeolla_country_blow,0.4803833
young_work_dbnl_44,15,15_slave_goats_ants_feathers,1.0
young_work_dbnl_47,16,16_song praise_cheerful song_sing song_sing,0.43865776
young_work_dbnl_48,13,13_september_thirty_march_summer,0.5990405
young_work_dbnl_49,16,16_song praise_cheerful song_sing song_sing,1.0
young_work_dbnl_50,11,11_little horses_horses_maids_altar,0.40221593
young_work_dbnl_51,14,14_gyeongsang_jeolla_country_blow,0.5019196
young_work_dbnl_52,18,18_farmer_rye_oats_horses,1.0
young_work_dbnl_53,14,14_gyeongsang_jeolla_country_blow,1.0
young_work_dbnl_54,9,9_wreath_wreaths_wreath wreath_periwinkle,0.25108197
young_work_dbnl_55,14,14_gyeongsang_jeolla_country_blow,0.9399329
young_work_dbnl_56,13,13_september_thirty_march_summer,0.27133155
young_work_dbnl_57,15,15_slave_goats_ants_feathers,0.67851925
young_work_dbnl_58,0,0_dear_sorrow_wish_weaving,0.0
young_work_dbnl_59,11,11_little horses_horses_maids_altar,0.502497
young_work_dbnl_60,13,13_september_thirty_march_summer,0.7634533
young_work_dbnl_61,14,14_gyeongsang_jeolla_country_blow,0.8371571
young_work_dbnl_62,16,16_song praise_cheerful song_sing song_sing,0.5186193
young_work_dbnl_63,16,16_song praise_cheerful song_sing song_sing,0.5556616
young_work_dbnl_64,14,14_gyeongsang_jeolla_country_blow,0.7329757
young_work_dbnl_65,7,7_street_streets_fence_corner,0.5411131
young_work_dbnl_66,16,16_song praise_cheerful song_sing song_sing,1.0
young_work_dbnl_67,5,5_horses_grazing_maidens_clover,1.0
young_work_dbnl_68,16,16_song praise_cheerful song_sing song_sing,1.0
young_work_dbnl_69,14,14_gyeongsang_jeolla_country_blow,1.0
young_work_dbnl_70,0,0_dear_sorrow_wish_weaving,0.0
young_work_dbnl_71,0,0_dear_sorrow_wish_weaving,0.0
young_work_dbnl_72,18,18_farmer_rye_oats_horses,1.0
young_work_dbnl_73,7,7_street_streets_fence_corner,0.3073325
young_work_dbnl_74,16,16_song praise_cheerful song_sing song_sing,1.0
young_work_dbnl_75,16,16_song praise_cheerful song_sing song_sing,0.38580942
young_work_dbnl_76,18,18_farmer_rye_oats_horses,0.54063743
young_work_dbnl_78,18,18_farmer_rye_oats_horses,0.6812465
young_work_dbnl_80,0,0_dear_sorrow_wish_weaving,0.0
young_work_dbnl_81,13,13_september_thirty_march_summer,1.0
young_work_dbnl_82,18,18_farmer_rye_oats_horses,0.66101396
young_work_dbnl_83,16,16_song praise_cheerful song_sing song_sing,0.5043201
young_work_dbnl_84,0,0_dear_sorrow_wish_weaving,0.0
young_work_dbnl_85,9,9_wreath_wreaths_wreath wreath_periwinkle,0.5737115
young_work_dbnl_86,13,13_september_thirty_march_summer,0.71251124
young_work_dbnl_87,14,14_gyeongsang_jeolla_country_blow,0.8326124
young_work_dbnl_88,16,16_song praise_cheerful song_sing song_sing,0.4562204
young_work_dbnl_89,14,14_gyeongsang_jeolla_country_blow,0.5334653
young_work_dbnl_90,14,14_gyeongsang_jeolla_country_blow,0.7341909
young_work_dbnl_91,11,11_little horses_horses_maids_altar,0.6513379
young_work_dbnl_92,14,14_gyeongsang_jeolla_country_blow,1.0
young_work_dbnl_93,14,14_gyeongsang_jeolla_country_blow,1.0
young_work_dbnl_94,0,0_dear_sorrow_wish_weaving,0.0
young_work_dbnl_95,13,13_september_thirty_march_summer,0.6070161
young_work_dbnl_96,3,3_saint nicholas_saint_nicholas_holy evening,0.59374076
young_work_dbnl_97,14,14_gyeongsang_jeolla_country_blow,1.0
young_work_dbnl_98,0,0_dear_sorrow_wish_weaving,0.0
young_work_dbnl_99,14,14_gyeongsang_jeolla_country_blow,0.5190165
young_work_dbnl_101,14,14_gyeongsang_jeolla_country_blow,0.4887393
young_work_dbnl_103,11,11_little horses_horses_maids_altar,0.36434925
young_work_dbnl_104,7,7_street_streets_fence_corner,0.5128216
young_work_dbnl_105,0,0_dear_sorrow_wish_weaving,0.0
young_work_dbnl_106,14,14_gyeongsang_jeolla_country_blow,0.64993453
young_work_dbnl_107,3,3_saint nicholas_saint_nicholas_holy evening,0.59374076
young_work_dbnl_108,14,14_gyeongsang_jeolla_country_blow,0.9292236
young_work_dbnl_109,16,16_song praise_cheerful song_sing song_sing,0.80751336
young_work_dbnl_110,18,18_farmer_rye_oats_horses,0.41064644
young_work_dbnl_111,17,17_mocking_squirrel_don laugh_laugh,0.68131065
young_work_dbnl_112,14,14_gyeongsang_jeolla_country_blow,1.0
young_work_dbnl_113,7,7_street_streets_fence_corner,1.0
young_work_dbnl_114,14,14_gyeongsang_jeolla_country_blow,1.0
young_work_dbnl_115,3,3_saint nicholas_saint_nicholas_holy evening,0.44605073
young_work_dbnl_116,14,14_gyeongsang_jeolla_country_blow,1.0
young_work_dbnl_117,0,0_dear_sorrow_wish_weaving,0.0
young_work_dbnl_118,3,3_saint nicholas_saint_nicholas_holy evening,1.0
young_work_dbnl_119,18,18_farmer_rye_oats_horses,0.51489675
young_work_dbnl_120,14,14_gyeongsang_jeolla_country_blow,1.0
young_work_dbnl_123,0,0_dear_sorrow_wish_weaving,0.0
young_work_dbnl_124,13,13_september_thirty_march_summer,1.0
young_work_dbnl_125,0,0_dear_sorrow_wish_weaving,0.0
young_work_dbnl_126,14,14_gyeongsang_jeolla_country_blow,1.0
young_work_dbnl_127,18,18_farmer_rye_oats_horses,0.67854893
young_work_dbnl_128,16,16_song praise_cheerful song_sing song_sing,0.5323255
young_work_dbnl_129,18,18_farmer_rye_oats_horses,0.4460438
young_work_dbnl_130,16,16_song praise_cheerful song_sing song_sing,1.0
young_work_dbnl_131,14,14_gyeongsang_jeolla_country_blow,0.6216556
young_work_dbnl_132,7,7_street_streets_fence_corner,1.0
young_work_dbnl_133,13,13_september_thirty_march_summer,0.7489811
young_work_dbnl_134,16,16_song praise_cheerful song_sing song_sing,0.925737
young_work_dbnl_136,14,14_gyeongsang_jeolla_country_blow,1.0
young_work_dbnl_137,15,15_slave_goats_ants_feathers,1.0
young_work_dbnl_138,13,13_september_thirty_march_summer,0.6024567
young_work_dbnl_139,14,14_gyeongsang_jeolla_country_blow,1.0
young_work_dbnl_140,18,18_farmer_rye_oats_horses,1.0
young_xmas_dbnl_0,6,6_poplar_eyebrows_bright_boast,0.79420173
young_xmas_dbnl_1,16,16_song praise_cheerful song_sing song_sing,0.44494697
young_xmas_dbnl_2,14,14_gyeongsang_jeolla_country_blow,1.0
young_xmas_dbnl_3,0,0_dear_sorrow_wish_weaving,0.0
young_xmas_dbnl_6,14,14_gyeongsang_jeolla_country_blow,1.0
young_xmas_dbnl_7,14,14_gyeongsang_jeolla_country_blow,0.6867332
young_xmas_dbnl_8,6,6_poplar_eyebrows_bright_boast,0.8100654
young_xmas_dbnl_9,0,0_dear_sorrow_wish_weaving,0.0
young_xmas_dbnl_10,0,0_dear_sorrow_wish_weaving,0.0
young_xmas_dbnl_11,16,16_song praise_cheerful song_sing song_sing,1.0
young_xmas_dbnl_13,0,0_dear_sorrow_wish_weaving,0.0
young_xmas_dbnl_14,16,16_song praise_cheerful song_sing song_sing,1.0
young_xmas_dbnl_15,17,17_mocking_squirrel_don laugh_laugh,1.0
young_xmas_dbnl_16,3,3_saint nicholas_saint_nicholas_holy evening,0.38550812
young_xmas_dbnl_17,18,18_farmer_rye_oats_horses,0.88092107
young_xmas_dbnl_18,14,14_gyeongsang_jeolla_country_blow,1.0
young_xmas_dbnl_20,16,16_song praise_cheerful song_sing song_sing,1.0
young_xmas_txt_0,0,0_dear_sorrow_wish_weaving,0.0
young_xmas_txt_1,5,5_horses_grazing_maidens_clover,0.5127084
young_xmas_txt_2,0,0_dear_sorrow_wish_weaving,0.0
young_xmas_txt_3,0,0_dear_sorrow_wish_weaving,0.0
young_young_birthday_dbnl_50,16,16_song praise_cheerful song_sing song_sing,0.3573692
young_young_birthday_dbnl_53,13,13_september_thirty_march_summer,0.40779644
young_young_birthday_dbnl_54,9,9_wreath_wreaths_wreath wreath_periwinkle,0.4395805
young_young_birthday_dbnl_57,14,14_gyeongsang_jeolla_country_blow,0.44215807
young_young_birthday_dbnl_58,9,9_wreath_wreaths_wreath wreath_periwinkle,0.44621447
young_young_birthday_dbnl_59,7,7_street_streets_fence_corner,1.0
young_young_birthday_dbnl_87,14,14_gyeongsang_jeolla_country_blow,0.73357576
young_young_birthday_dbnl_125,13,13_september_thirty_march_summer,0.6841605
young_young_birthday_dbnl_126,13,13_september_thirty_march_summer,0.6937208
young_young_birthday_txt_1,14,14_gyeongsang_jeolla_country_blow,0.6089757
young_young_nicholas_dbnl_22,13,13_september_thirty_march_summer,0.6628742
young_young_nicholas_dbnl_23,13,13_september_thirty_march_summer,0.4695833
young_young_nicholas_dbnl_24,13,13_september_thirty_march_summer,0.728943
young_young_nicholas_dbnl_25,13,13_september_thirty_march_summer,0.7193563
young_young_nicholas_dbnl_26,13,13_september_thirty_march_summer,0.8297363
young_young_nicholas_dbnl_28,13,13_september_thirty_march_summer,0.69516224
young_young_nicholas_dbnl_29,13,13_september_thirty_march_summer,0.4923738
young_young_nicholas_dbnl_30,13,13_september_thirty_march_summer,0.53359514
young_young_nicholas_dbnl_31,13,13_september_thirty_march_summer,0.79312146
young_young_nicholas_dbnl_32,13,13_september_thirty_march_summer,0.8040926
young_young_nicholas_dbnl_33,13,13_september_thirty_march_summer,0.5492798
young_young_nicholas_dbnl_34,13,13_september_thirty_march_summer,0.54848313
young_young_nicholas_dbnl_35,13,13_september_thirty_march_summer,0.7518575
young_young_nicholas_dbnl_39,14,14_gyeongsang_jeolla_country_blow,0.42257753
young_young_nicholas_dbnl_40,18,18_farmer_rye_oats_horses,0.4628576
young_young_nicholas_dbnl_42,18,18_farmer_rye_oats_horses,0.42837733
young_young_nicholas_dbnl_43,14,14_gyeongsang_jeolla_country_blow,0.4173463
young_young_nicholas_dbnl_44,18,18_farmer_rye_oats_horses,0.4029648
young_young_nicholas_dbnl_46,14,14_gyeongsang_jeolla_country_blow,0.5285343
young_young_nicholas_dbnl_47,18,18_farmer_rye_oats_horses,0.40300837
young_young_nicholas_dbnl_48,14,14_gyeongsang_jeolla_country_blow,0.41593534
young_young_nicholas_dbnl_49,18,18_farmer_rye_oats_horses,0.40827987
young_young_nicholas_dbnl_50,18,18_farmer_rye_oats_horses,0.47901955
young_young_nicholas_dbnl_51,14,14_gyeongsang_jeolla_country_blow,0.44800216
young_young_nicholas_dbnl_54,14,14_gyeongsang_jeolla_country_blow,0.54136795
young_young_nicholas_dbnl_55,18,18_farmer_rye_oats_horses,0.3779572
young_young_nicholas_dbnl_56,18,18_farmer_rye_oats_horses,0.38668364
young_young_nicholas_dbnl_57,18,18_farmer_rye_oats_horses,0.47930232
young_young_nicholas_dbnl_58,14,14_gyeongsang_jeolla_country_blow,0.5913066
young_young_nicholas_dbnl_59,18,18_farmer_rye_oats_horses,0.49926794
young_young_nicholas_dbnl_60,18,18_farmer_rye_oats_horses,0.5180176
young_young_nicholas_dbnl_61,18,18_farmer_rye_oats_horses,0.40528882
young_young_nicholas_dbnl_62,14,14_gyeongsang_jeolla_country_blow,0.4200935
young_young_nicholas_dbnl_64,14,14_gyeongsang_jeolla_country_blow,0.3944044
young_young_nicholas_dbnl_65,14,14_gyeongsang_jeolla_country_blow,0.5427741
young_young_nicholas_dbnl_66,14,14_gyeongsang_jeolla_country_blow,0.57644886
young_young_nicholas_dbnl_67,18,18_farmer_rye_oats_horses,0.4451053
young_young_nicholas_dbnl_68,18,18_farmer_rye_oats_horses,0.3887053
young_young_nicholas_dbnl_69,14,14_gyeongsang_jeolla_country_blow,0.4615709
young_young_nicholas_dbnl_70,18,18_farmer_rye_oats_horses,0.45126128
young_young_nicholas_dbnl_71,14,14_gyeongsang_jeolla_country_blow,0.50921375
young_young_sea_dbnl_139,15,15_slave_goats_ants_feathers,0.56546193
young_young_sea_dbnl_146,7,7_street_streets_fence_corner,0.48239833
young_young_sea_dbnl_151,7,7_street_streets_fence_corner,0.4801006
young_young_sea_dbnl_191,14,14_gyeongsang_jeolla_country_blow,0.4289774
young_young_sea_dbnl_197,15,15_slave_goats_ants_feathers,0.35393557
young_young_sea_dbnl_198,7,7_street_streets_fence_corner,0.3194859
young_young_sea_dbnl_199,15,15_slave_goats_ants_feathers,0.636087
young_young_sea_dbnl_202,14,14_gyeongsang_jeolla_country_blow,0.5690838
young_young_sea_dbnl_214,14,14_gyeongsang_jeolla_country_blow,0.83557713
young_young_sea_dbnl_225,16,16_song praise_cheerful song_sing song_sing,0.39013076
young_young_sea_dbnl_229,15,15_slave_goats_ants_feathers,0.42914784
young_young_sea_dbnl_230,16,16_song praise_cheerful song_sing song_sing,0.41039062
young_young_sea_dbnl_242,15,15_slave_goats_ants_feathers,0.5362543
young_young_sea_dbnl_255,15,15_slave_goats_ants_feathers,0.7506563
young_young_sea_dbnl_282,13,13_september_thirty_march_summer,0.5916215
young_young_sea_dbnl_340,15,15_slave_goats_ants_feathers,0.2985962
young_young_soldier_dbnl_102,13,13_september_thirty_march_summer,0.40931287
young_young_soldier_dbnl_119,16,16_song praise_cheerful song_sing song_sing,0.49060163
young_young_soldier_dbnl_123,7,7_street_streets_fence_corner,0.36546957
young_young_work_dbnl_46,14,14_gyeongsang_jeolla_country_blow,0.6441992
young_young_work_dbnl_74,7,7_street_streets_fence_corner,0.42181653
young_young_work_dbnl_87,15,15_slave_goats_ants_feathers,0.48044628
young_young_work_dbnl_94,7,7_street_streets_fence_corner,0.27375737
young_young_work_dbnl_95,7,7_street_streets_fence_corner,0.28405848
young_young_work_dbnl_97,7,7_street_streets_fence_corner,0.27760446
young_young_work_dbnl_98,7,7_street_streets_fence_corner,0.3789916
young_young_work_dbnl_100,7,7_street_streets_fence_corner,0.28222555
young_young_work_dbnl_102,7,7_street_streets_fence_corner,0.2676585
young_young_work_dbnl_104,7,7_street_streets_fence_corner,0.3246275
young_young_work_dbnl_105,7,7_street_streets_fence_corner,0.29272282
young_young_work_dbnl_108,18,18_farmer_rye_oats_horses,0.31654945
young_young_work_dbnl_114,7,7_street_streets_fence_corner,0.23853503
young_young_work_dbnl_172,7,7_street_streets_fence_corner,0.4933328
young_young_xmas_dbnl_73,13,13_september_thirty_march_summer,0.78739893
young_young_xmas_dbnl_74,13,13_september_thirty_march_summer,0.6753481
young_young_xmas_dbnl_75,13,13_september_thirty_march_summer,0.5792866
andong-0613,0,0_dear_sorrow_wish_weaving,0.0
euiseong-0247,9,9_wreath_wreaths_wreath wreath_periwinkle,1.0
jinyang-0708,7,7_street_streets_fence_corner,1.0
jeongseon-1306,7,7_street_streets_fence_corner,1.0
namwon-0225,7,7_street_streets_fence_corner,0.9642525
daejeon-0509,7,7_street_streets_fence_corner,1.0
gw.goseong-0512,0,0_dear_sorrow_wish_weaving,0.0
uljin-0117,7,7_street_streets_fence_corner,1.0
yecheon-0522,0,0_dear_sorrow_wish_weaving,0.0
geumreung-0421,0,0_dear_sorrow_wish_weaving,0.0
yanggu-0116,9,9_wreath_wreaths_wreath wreath_periwinkle,1.0
yeongil-0343,0,0_dear_sorrow_wish_weaving,0.0
yeongwol-0320,7,7_street_streets_fence_corner,1.0
jeongseon-1409,7,7_street_streets_fence_corner,0.72581744
yeongwol-0201,7,7_street_streets_fence_corner,1.0
yecheon-0349,7,7_street_streets_fence_corner,1.0
jangheung-0524,7,7_street_streets_fence_corner,0.75053704
gimhae-0223,9,9_wreath_wreaths_wreath wreath_periwinkle,1.0
cheongwon-0106,7,7_street_streets_fence_corner,1.0
muju-0109,7,7_street_streets_fence_corner,1.0
seonsan-0335,7,7_street_streets_fence_corner,0.9469436
seongju-0345,14,14_gyeongsang_jeolla_country_blow,1.0
yecheon-0946,7,7_street_streets_fence_corner,0.8767299
gw.goseong-0310,7,7_street_streets_fence_corner,1.0
cheolwon-0421,17,17_mocking_squirrel_don laugh_laugh,1.0
cheongwon-0611,7,7_street_streets_fence_corner,0.70542324
mungyeong-0418,7,7_street_streets_fence_corner,1.0
yeongyang-0301,14,14_gyeongsang_jeolla_country_blow,0.48389277
hwacheon-0106,14,14_gyeongsang_jeolla_country_blow,0.5076635
iksan-0218,7,7_street_streets_fence_corner,1.0
geumreung-0524,7,7_street_streets_fence_corner,1.0
yanggu-0723,0,0_dear_sorrow_wish_weaving,0.0
jecheon-0312,0,0_dear_sorrow_wish_weaving,0.0
yanggu-0415,0,0_dear_sorrow_wish_weaving,0.0
goesan-0410,14,14_gyeongsang_jeolla_country_blow,0.35335982
daegu-0341,9,9_wreath_wreaths_wreath wreath_periwinkle,1.0
chilgok-0431,7,7_street_streets_fence_corner,0.87161154
seonsan-0326,7,7_street_streets_fence_corner,1.0
goesan-0123,7,7_street_streets_fence_corner,1.0
samcheok-1015,9,9_wreath_wreaths_wreath wreath_periwinkle,0.8914159
cheolwon-1050,0,0_dear_sorrow_wish_weaving,0.0
okgu-0318,6,6_poplar_eyebrows_bright_boast,0.35534757
sangju-1323,7,7_street_streets_fence_corner,1.0
samcheok-1118,9,9_wreath_wreaths_wreath wreath_periwinkle,0.8494272
geumsan-1111,7,7_street_streets_fence_corner,1.0
wonju-0112,7,7_street_streets_fence_corner,1.0
cheolwon-1216,7,7_street_streets_fence_corner,1.0
pyeongchang-1122,9,9_wreath_wreaths_wreath wreath_periwinkle,0.9618078
uljin-0134,7,7_street_streets_fence_corner,1.0
sangju-1054,13,13_september_thirty_march_summer,1.0
jangheung-0511,18,18_farmer_rye_oats_horses,0.7679473
eumseong-0513,7,7_street_streets_fence_corner,0.9750398
gochang-0752,0,0_dear_sorrow_wish_weaving,0.0
jinyang-0515,0,0_dear_sorrow_wish_weaving,0.0
yeongwol-0416,0,0_dear_sorrow_wish_weaving,0.0
seongju-0331,7,7_street_streets_fence_corner,1.0
chilgok-0460,18,18_farmer_rye_oats_horses,1.0
euiseong-0237,7,7_street_streets_fence_corner,1.0
andong-0611,17,17_mocking_squirrel_don laugh_laugh,1.0
buyeo-0320,16,16_song praise_cheerful song_sing song_sing,0.6946531
gyeongju-0513,7,7_street_streets_fence_corner,1.0
namjeju-0413,6,6_poplar_eyebrows_bright_boast,1.0
sangju-1110,0,0_dear_sorrow_wish_weaving,0.0
chilgok-0210,0,0_dear_sorrow_wish_weaving,0.0
wonju-0111,7,7_street_streets_fence_corner,0.8636462
seongju-0438,7,7_street_streets_fence_corner,1.0
uljin-1001,0,0_dear_sorrow_wish_weaving,0.0
gn.goseong-0514,7,7_street_streets_fence_corner,0.9685218
uljin-0142,7,7_street_streets_fence_corner,1.0
wonju-0709,7,7_street_streets_fence_corner,0.7736141
sangju-1236,7,7_street_streets_fence_corner,0.80721575
gochang-0421,7,7_street_streets_fence_corner,1.0
ulsan-0515,14,14_gyeongsang_jeolla_country_blow,0.8236048
hwaseong-0112,7,7_street_streets_fence_corner,0.5815691
gimje-0308,7,7_street_streets_fence_corner,0.92304754
jinan-0126,7,7_street_streets_fence_corner,0.87332404
geumreung-0525,7,7_street_streets_fence_corner,1.0
sangju-0543,7,7_street_streets_fence_corner,1.0
wonju-0513,14,14_gyeongsang_jeolla_country_blow,0.45048916
pyeongchang-0830,0,0_dear_sorrow_wish_weaving,0.0
andong-0612,0,0_dear_sorrow_wish_weaving,0.0
bonghwa-0721,7,7_street_streets_fence_corner,1.0
iksan-0226,14,14_gyeongsang_jeolla_country_blow,1.0
ulsan-0514,14,14_gyeongsang_jeolla_country_blow,0.9463872
myeongju-0610,14,14_gyeongsang_jeolla_country_blow,0.8891345
yecheon-0322,14,14_gyeongsang_jeolla_country_blow,1.0
daegu-0342,9,9_wreath_wreaths_wreath wreath_periwinkle,1.0
gw.goseong-1212,7,7_street_streets_fence_corner,1.0
yanggu-0427,0,0_dear_sorrow_wish_weaving,0.0
yeongwol-0125,9,9_wreath_wreaths_wreath wreath_periwinkle,1.0
eumseong-0515,18,18_farmer_rye_oats_horses,0.66549087
ganghwa-0111,11,11_little horses_horses_maids_altar,1.0
sangju-0525,14,14_gyeongsang_jeolla_country_blow,1.0
yeongil-0342,0,0_dear_sorrow_wish_weaving,0.0
uljin-1125,0,0_dear_sorrow_wish_weaving,0.0
chilgok-0461,14,14_gyeongsang_jeolla_country_blow,1.0
seonsan-0325,7,7_street_streets_fence_corner,0.6630867
uljin-0141,7,7_street_streets_fence_corner,1.0
sangju-0542,7,7_street_streets_fence_corner,1.0
jeongseon-0104,7,7_street_streets_fence_corner,0.95322025
gunwi-0108,0,0_dear_sorrow_wish_weaving,0.0
tongyeong-0717,0,0_dear_sorrow_wish_weaving,0.0
seongju-0623,0,0_dear_sorrow_wish_weaving,0.0
danyang-0221,0,0_dear_sorrow_wish_weaving,0.0
gyeongju-0617,7,7_street_streets_fence_corner,1.0
jungwon-0302,13,13_september_thirty_march_summer,0.5415846
jeongseon-0708,7,7_street_streets_fence_corner,0.75662106
chilgok-0452,9,9_wreath_wreaths_wreath wreath_periwinkle,1.0
hapcheon-0812,7,7_street_streets_fence_corner,1.0
yecheon-0323,14,14_gyeongsang_jeolla_country_blow,0.6001663
cheolwon-1047,9,9_wreath_wreaths_wreath wreath_periwinkle,1.0
seonsan-0328,7,7_street_streets_fence_corner,1.0
gyeongju-0620,9,9_wreath_wreaths_wreath wreath_periwinkle,1.0
yeongdong-0313,9,9_wreath_wreaths_wreath wreath_periwinkle,1.0
yeongil-0355,9,9_wreath_wreaths_wreath wreath_periwinkle,1.0
uljin-1124,0,0_dear_sorrow_wish_weaving,0.0
wanju-0410,0,0_dear_sorrow_wish_weaving,0.0
pyeongchang-1124,7,7_street_streets_fence_corner,0.57820684
buyeo-0306,0,0_dear_sorrow_wish_weaving,0.0
cheolwon-1041,7,7_street_streets_fence_corner,1.0
cheolwon-0609,0,0_dear_sorrow_wish_weaving,0.0
geumreung-0523,7,7_street_streets_fence_corner,0.56363547
jinan-0421,7,7_street_streets_fence_corner,0.33727628
yeongcheon-0224,14,14_gyeongsang_jeolla_country_blow,0.57860976
eumseong-0514,7,7_street_streets_fence_corner,0.7570882
eumseong-0524,0,0_dear_sorrow_wish_weaving,0.0
pyeongchang-0111,7,7_street_streets_fence_corner,1.0
ulsan-0902,14,14_gyeongsang_jeolla_country_blow,0.68876016
goheung-0422,0,0_dear_sorrow_wish_weaving,0.0
bonghwa-0722,7,7_street_streets_fence_corner,1.0
cheongsong-0515,0,0_dear_sorrow_wish_weaving,0.0
gyeongju-0618,7,7_street_streets_fence_corner,1.0
daejeon-0307,0,0_dear_sorrow_wish_weaving,0.0
uljin-0140,7,7_street_streets_fence_corner,1.0
seonsan-0332,0,0_dear_sorrow_wish_weaving,0.0
yeongil-0719,13,13_september_thirty_march_summer,0.5168889
icheon-0608,7,7_street_streets_fence_corner,0.69143784
muan-0134,10,10_young cossack_cossack_horseback_love young,0.62499624
seongju-0449,7,7_street_streets_fence_corner,1.0
geumsan-1112,7,7_street_streets_fence_corner,1.0
wonju-0718,7,7_street_streets_fence_corner,1.0
uljin-1118,9,9_wreath_wreaths_wreath wreath_periwinkle,1.0
geumsan-1113,7,7_street_streets_fence_corner,1.0
yeongwol-0208,14,14_gyeongsang_jeolla_country_blow,1.0
yeongwol-0204,7,7_street_streets_fence_corner,0.7744862
yecheon-0324,14,14_gyeongsang_jeolla_country_blow,1.0
wando-0238,18,18_farmer_rye_oats_horses,0.5728027
geochang-0814,7,7_street_streets_fence_corner,1.0
geumreung-0420,0,0_dear_sorrow_wish_weaving,0.0
myeongju-0106,7,7_street_streets_fence_corner,1.0
yeongwol-0417,13,13_september_thirty_march_summer,1.0
hongcheon-0421,7,7_street_streets_fence_corner,0.47191614
sangju-1321,0,0_dear_sorrow_wish_weaving,0.0
namjeju-0613,7,7_street_streets_fence_corner,1.0
gyeongju-0619,7,7_street_streets_fence_corner,1.0
cheongsong-0432,14,14_gyeongsang_jeolla_country_blow,1.0
eumseong-0523,0,0_dear_sorrow_wish_weaving,0.0
yeocheon-0217,0,0_dear_sorrow_wish_weaving,0.0
cheongdo-0712,7,7_street_streets_fence_corner,1.0
wonju-0225,7,7_street_streets_fence_corner,1.0
cheongsong-0431,14,14_gyeongsang_jeolla_country_blow,1.0
haman-0323,18,18_farmer_rye_oats_horses,0.5209665
wando-0432,0,0_dear_sorrow_wish_weaving,0.0
pyeongchang-0821,0,0_dear_sorrow_wish_weaving,0.0
sangju-1128,7,7_street_streets_fence_corner,1.0
yanggu-0726,7,7_street_streets_fence_corner,1.0
jecheon-0206,0,0_dear_sorrow_wish_weaving,0.0
jungwon-0112,0,0_dear_sorrow_wish_weaving,0.0
wanju-0433,0,0_dear_sorrow_wish_weaving,0.0
sangju-1127,7,7_street_streets_fence_corner,1.0
gunwi-0404,13,13_september_thirty_march_summer,1.0
goryeong-0208,13,13_september_thirty_march_summer,1.0
cheongdo-0303,0,0_dear_sorrow_wish_weaving,0.0
cheongsong-0308,0,0_dear_sorrow_wish_weaving,0.0
geumreung-0412,13,13_september_thirty_march_summer,0.5125653
sangju-0315,0,0_dear_sorrow_wish_weaving,0.0
daegu-0312,18,18_farmer_rye_oats_horses,1.0
changnyeong-0318,13,13_september_thirty_march_summer,1.0
gumi-0102,18,18_farmer_rye_oats_horses,0.64149445
gyeongsan-0605,18,18_farmer_rye_oats_horses,1.0
yeongil-0520,7,7_street_streets_fence_corner,0.879013
dalseong-0244,0,0_dear_sorrow_wish_weaving,0.0
gyeongsan-0606,0,0_dear_sorrow_wish_weaving,0.0
dalseong-0105,14,14_gyeongsang_jeolla_country_blow,1.0
gumi-0116,9,9_wreath_wreaths_wreath wreath_periwinkle,0.6629734
uljin-0827,0,0_dear_sorrow_wish_weaving,0.0
anseong-0307,0,0_dear_sorrow_wish_weaving,0.0
uljin-1042,0,0_dear_sorrow_wish_weaving,0.0
gyeongju-0214,0,0_dear_sorrow_wish_weaving,0.0
gunwi-0406,17,17_mocking_squirrel_don laugh_laugh,1.0
daegu-0102,6,6_poplar_eyebrows_bright_boast,1.0
chilgok-0206,18,18_farmer_rye_oats_horses,1.0
euiryeong-0206,14,14_gyeongsang_jeolla_country_blow,1.0
geochang-1013,0,0_dear_sorrow_wish_weaving,0.0
seongju-0213,0,0_dear_sorrow_wish_weaving,0.0
cheongsong-0102,13,13_september_thirty_march_summer,1.0
daegu-0432,14,14_gyeongsang_jeolla_country_blow,1.0
ulsan-0203,0,0_dear_sorrow_wish_weaving,0.0
seongju-0128,0,0_dear_sorrow_wish_weaving,0.0
gunwi-0409,13,13_september_thirty_march_summer,0.54724306
yeongdeok-0142,9,9_wreath_wreaths_wreath wreath_periwinkle,0.5771393
daegu-0439,14,14_gyeongsang_jeolla_country_blow,0.40994114
gyeongju-0741,0,0_dear_sorrow_wish_weaving,0.0
cheongdo-0411,14,14_gyeongsang_jeolla_country_blow,1.0
cheongdo-0302,0,0_dear_sorrow_wish_weaving,0.0
uljin-1006,7,7_street_streets_fence_corner,1.0
gunwi-0415,0,0_dear_sorrow_wish_weaving,0.0
uljin-1008,0,0_dear_sorrow_wish_weaving,0.0
geumreung-0317,0,0_dear_sorrow_wish_weaving,0.0
seongju-0132,18,18_farmer_rye_oats_horses,1.0
yeongil-0657,18,18_farmer_rye_oats_horses,0.5153874
yeongil-0408,13,13_september_thirty_march_summer,0.4448494
yeongil-0519,7,7_street_streets_fence_corner,0.85309166
ulsan-0503,14,14_gyeongsang_jeolla_country_blow,1.0
goryeong-0311,14,14_gyeongsang_jeolla_country_blow,1.0
uljin-1009,0,0_dear_sorrow_wish_weaving,0.0
yeongcheon-0217,9,9_wreath_wreaths_wreath wreath_periwinkle,1.0
dalseong-0104,0,0_dear_sorrow_wish_weaving,0.0
gimhae-0204,0,0_dear_sorrow_wish_weaving,0.0
dalseong-0344,13,13_september_thirty_march_summer,1.0
seongju-0611,0,0_dear_sorrow_wish_weaving,0.0
seongju-0210,0,0_dear_sorrow_wish_weaving,0.0
seongju-0209,0,0_dear_sorrow_wish_weaving,0.0
goryeong-0310,0,0_dear_sorrow_wish_weaving,0.0
cheongsong-0404,14,14_gyeongsang_jeolla_country_blow,1.0
dalseong-0245,0,0_dear_sorrow_wish_weaving,0.0
geochang-0820,18,18_farmer_rye_oats_horses,1.0
uljin-0806,9,9_wreath_wreaths_wreath wreath_periwinkle,0.8124032
euiryeong-0504,14,14_gyeongsang_jeolla_country_blow,0.649261
hampyeong-0510,9,9_wreath_wreaths_wreath wreath_periwinkle,0.5758246
dalseong-0106,14,14_gyeongsang_jeolla_country_blow,0.7883964
seongju-0403,18,18_farmer_rye_oats_horses,0.46448836
yeongil-0409,13,13_september_thirty_march_summer,0.45082298
yeongdeok-0109,14,14_gyeongsang_jeolla_country_blow,0.8163242
chilgok-0205,0,0_dear_sorrow_wish_weaving,0.0
yeongil-0307,0,0_dear_sorrow_wish_weaving,0.0
yeongil-0656,16,16_song praise_cheerful song_sing song_sing,1.0
geumreung-0410,0,0_dear_sorrow_wish_weaving,0.0
changnyeong-0107,7,7_street_streets_fence_corner,1.0
uljin-0828,18,18_farmer_rye_oats_horses,1.0
geumreung-0419,0,0_dear_sorrow_wish_weaving,0.0
gunwi-0414,18,18_farmer_rye_oats_horses,1.0
milyang-1306,14,14_gyeongsang_jeolla_country_blow,0.8539327
cheongdo-0112,0,0_dear_sorrow_wish_weaving,0.0
wando-0108,18,18_farmer_rye_oats_horses,0.8323375
chilgok-0204,13,13_september_thirty_march_summer,1.0
gyeongsan-0127,0,0_dear_sorrow_wish_weaving,0.0
andong-0703,0,0_dear_sorrow_wish_weaving,0.0
geumreung-0413,10,10_young cossack_cossack_horseback_love young,1.0
andong-0707,13,13_september_thirty_march_summer,1.0
yeongcheon-0330,7,7_street_streets_fence_corner,0.6233484
euiseong-0810,6,6_poplar_eyebrows_bright_boast,0.7541815
gyeongju-0703,14,14_gyeongsang_jeolla_country_blow,1.0
changnyeong-0108,14,14_gyeongsang_jeolla_country_blow,1.0
gyeongju-0401,7,7_street_streets_fence_corner,1.0
seongju-0404,18,18_farmer_rye_oats_horses,1.0
gunwi-0211,14,14_gyeongsang_jeolla_country_blow,0.75113904
andong-0706,16,16_song praise_cheerful song_sing song_sing,1.0
gunwi-0210,13,13_september_thirty_march_summer,1.0
ulsan-0714,0,0_dear_sorrow_wish_weaving,0.0
euiseong-0739,2,2_married life_sister_husband_mother law,1.0
seonsan-0212,0,0_dear_sorrow_wish_weaving,0.0
haman-0404,13,13_september_thirty_march_summer,1.0
jangseong-0209,14,14_gyeongsang_jeolla_country_blow,1.0
dalseong-0246,13,13_september_thirty_march_summer,1.0
seongju-0133,17,17_mocking_squirrel_don laugh_laugh,1.0
milyang-0706,0,0_dear_sorrow_wish_weaving,0.0
daegu-0607,0,0_dear_sorrow_wish_weaving,0.0
ulsan-0814,0,0_dear_sorrow_wish_weaving,0.0
goryeong-0312,0,0_dear_sorrow_wish_weaving,0.0
goryeong-0308,14,14_gyeongsang_jeolla_country_blow,1.0
ulsan-0918,0,0_dear_sorrow_wish_weaving,0.0
seongju-0501,0,0_dear_sorrow_wish_weaving,0.0
seongju-0130,0,0_dear_sorrow_wish_weaving,0.0
cheongsong-0501,17,17_mocking_squirrel_don laugh_laugh,0.7483454
euiseong-0742,13,13_september_thirty_march_summer,0.4901424
cheongsong-0309,13,13_september_thirty_march_summer,1.0
geumreung-0509,0,0_dear_sorrow_wish_weaving,0.0
yeongcheon-0409,13,13_september_thirty_march_summer,0.5332867
gyeongsan-0609,13,13_september_thirty_march_summer,1.0
yeongcheon-0408,18,18_farmer_rye_oats_horses,0.40806034
dalseong-0120,0,0_dear_sorrow_wish_weaving,0.0
gyeongsan-0101,0,0_dear_sorrow_wish_weaving,0.0
yeongyang-0205,0,0_dear_sorrow_wish_weaving,0.0
gunwi-0216,0,0_dear_sorrow_wish_weaving,0.0
geochang-0113,14,14_gyeongsang_jeolla_country_blow,1.0
daegu-0434,13,13_september_thirty_march_summer,0.42731768
yeongil-0407,13,13_september_thirty_march_summer,0.7878911
hapcheon-0309,0,0_dear_sorrow_wish_weaving,0.0
uljin-0710,0,0_dear_sorrow_wish_weaving,0.0
cheongdo-0512,0,0_dear_sorrow_wish_weaving,0.0
seongju-0131,0,0_dear_sorrow_wish_weaving,0.0
yeongil-0658,0,0_dear_sorrow_wish_weaving,0.0
goryeong-0307,14,14_gyeongsang_jeolla_country_blow,0.68175983
yeongcheon-0601,14,14_gyeongsang_jeolla_country_blow,0.6132627
gwangyang-0222,14,14_gyeongsang_jeolla_country_blow,1.0
gyeongsan-0607,13,13_september_thirty_march_summer,1.0
yeongam-0308,0,0_dear_sorrow_wish_weaving,0.0
seonsan-0209,0,0_dear_sorrow_wish_weaving,0.0
yeongam-0519,14,14_gyeongsang_jeolla_country_blow,0.67201674
yeongcheon-0216,0,0_dear_sorrow_wish_weaving,0.0
gunwi-0407,0,0_dear_sorrow_wish_weaving,0.0
yeongil-0304,14,14_gyeongsang_jeolla_country_blow,1.0
yeongcheon-0214,13,13_september_thirty_march_summer,1.0
yeongil-0410,14,14_gyeongsang_jeolla_country_blow,0.3167389
euiseong-0107,0,0_dear_sorrow_wish_weaving,0.0
seongju-0129,18,18_farmer_rye_oats_horses,1.0
euiseong-0109,13,13_september_thirty_march_summer,0.5474798
yangsan-0212,7,7_street_streets_fence_corner,0.58267766
daegu-0309,0,0_dear_sorrow_wish_weaving,0.0
changwon-0403,14,14_gyeongsang_jeolla_country_blow,1.0
dalseong-0345,14,14_gyeongsang_jeolla_country_blow,1.0
gyeongju-0706,7,7_street_streets_fence_corner,1.0
cheongdo-0113,14,14_gyeongsang_jeolla_country_blow,1.0
yeongcheon-0502,0,0_dear_sorrow_wish_weaving,0.0
daegu-0440,13,13_september_thirty_march_summer,0.5057537
geumreung-0319,11,11_little horses_horses_maids_altar,1.0
uljin-1007,0,0_dear_sorrow_wish_weaving,0.0
daegu-0412,14,14_gyeongsang_jeolla_country_blow,1.0
goryeong-0207,13,13_september_thirty_march_summer,1.0
gunwi-0401,0,0_dear_sorrow_wish_weaving,0.0
seonsan-0618,17,17_mocking_squirrel_don laugh_laugh,1.0
daegu-0606,13,13_september_thirty_march_summer,0.50451285
yeongdeok-0526,0,0_dear_sorrow_wish_weaving,0.0
gyeongsan-0320,0,0_dear_sorrow_wish_weaving,0.0
yeongyang-0102,14,14_gyeongsang_jeolla_country_blow,0.5177497
euiseong-0807,13,13_september_thirty_march_summer,0.41333812
gapyeong-0210,0,0_dear_sorrow_wish_weaving,0.0
iksan-0436,0,0_dear_sorrow_wish_weaving,0.0
haman-0304,0,0_dear_sorrow_wish_weaving,0.0
milyang-0205,0,0_dear_sorrow_wish_weaving,0.0
gumi-0103,14,14_gyeongsang_jeolla_country_blow,0.89208525
gunwi-0212,0,0_dear_sorrow_wish_weaving,0.0
uljin-0809,13,13_september_thirty_march_summer,1.0
chilgok-0207,0,0_dear_sorrow_wish_weaving,0.0
gyeongju-0610,7,7_street_streets_fence_corner,1.0
hamyang-0705,0,0_dear_sorrow_wish_weaving,0.0
cheongdo-0619,0,0_dear_sorrow_wish_weaving,0.0
hapcheon-0714,14,14_gyeongsang_jeolla_country_blow,1.0
hapcheon-0206,0,0_dear_sorrow_wish_weaving,0.0
sangju-1438,0,0_dear_sorrow_wish_weaving,0.0
geochang-0818,18,18_farmer_rye_oats_horses,1.0
chilgok-0112,0,0_dear_sorrow_wish_weaving,0.0
geumreung-0207,0,0_dear_sorrow_wish_weaving,0.0
seongju-0613,0,0_dear_sorrow_wish_weaving,0.0
cheongsong-0201,0,0_dear_sorrow_wish_weaving,0.0
cheongsong-0405,13,13_september_thirty_march_summer,1.0
seonsan-0617,0,0_dear_sorrow_wish_weaving,0.0
euiseong-0808,13,13_september_thirty_march_summer,0.5795374
sancheong-0605,18,18_farmer_rye_oats_horses,1.0
milyang-0811,0,0_dear_sorrow_wish_weaving,0.0
uljin-0808,0,0_dear_sorrow_wish_weaving,0.0
euiseong-0809,0,0_dear_sorrow_wish_weaving,0.0
cheongsong-0413,14,14_gyeongsang_jeolla_country_blow,0.66304404
milyang-1505,13,13_september_thirty_march_summer,1.0
ulsan-0512,0,0_dear_sorrow_wish_weaving,0.0
goryeong-0309,0,0_dear_sorrow_wish_weaving,0.0
seongju-0338,0,0_dear_sorrow_wish_weaving,0.0
haman-0112,14,14_gyeongsang_jeolla_country_blow,1.0
cheongsong-0101,13,13_september_thirty_march_summer,0.55665797
yeongcheon-0218,0,0_dear_sorrow_wish_weaving,0.0
milyang-1202,13,13_september_thirty_march_summer,1.0
dalseong-0239,14,14_gyeongsang_jeolla_country_blow,1.0
cheongdo-0301,14,14_gyeongsang_jeolla_country_blow,1.0
yeongil-0306,14,14_gyeongsang_jeolla_country_blow,1.0
seonsan-0211,0,0_dear_sorrow_wish_weaving,0.0
gunwi-0413,0,0_dear_sorrow_wish_weaving,0.0
daegu-0442,14,14_gyeongsang_jeolla_country_blow,0.4777992
cheongdo-0511,0,0_dear_sorrow_wish_weaving,0.0
yeongyang-0101,18,18_farmer_rye_oats_horses,1.0
haman-0111,14,14_gyeongsang_jeolla_country_blow,1.0
seongju-0614,0,0_dear_sorrow_wish_weaving,0.0
gyeongsan-0505,0,0_dear_sorrow_wish_weaving,0.0
sacheon-0206,14,14_gyeongsang_jeolla_country_blow,1.0
seonsan-0704,7,7_street_streets_fence_corner,0.7324266
yeongcheon-0602,14,14_gyeongsang_jeolla_country_blow,1.0
cheongsong-0406,13,13_september_thirty_march_summer,1.0
gn.goseong-0307,14,14_gyeongsang_jeolla_country_blow,1.0
anseong-0206,18,18_farmer_rye_oats_horses,0.5815706
cheongsong-0310,0,0_dear_sorrow_wish_weaving,0.0
gyeongju-0740,0,0_dear_sorrow_wish_weaving,0.0
uljin-0715,17,17_mocking_squirrel_don laugh_laugh,0.39131296
uljin-0838,0,0_dear_sorrow_wish_weaving,0.0
gunwi-0403,0,0_dear_sorrow_wish_weaving,0.0
euiseong-0106,0,0_dear_sorrow_wish_weaving,0.0
cheongsong-0104,0,0_dear_sorrow_wish_weaving,0.0
okcheon-0106,0,0_dear_sorrow_wish_weaving,0.0
gyeongju-0738,0,0_dear_sorrow_wish_weaving,0.0
dalseong-0121,0,0_dear_sorrow_wish_weaving,0.0
gokseong-0413,0,0_dear_sorrow_wish_weaving,0.0
yanggu-0302,2,2_married life_sister_husband_mother law,1.0
namwon-0713,13,13_september_thirty_march_summer,0.6490058
yeongam-0218,14,14_gyeongsang_jeolla_country_blow,1.0
nonsan-0105,6,6_poplar_eyebrows_bright_boast,0.44740045
geoje-0616,0,0_dear_sorrow_wish_weaving,0.0
damyang-0419,2,2_married life_sister_husband_mother law,1.0
hampyeong-0139,0,0_dear_sorrow_wish_weaving,0.0
yanggu-0435,14,14_gyeongsang_jeolla_country_blow,0.6897236
gw.goseong-0516,2,2_married life_sister_husband_mother law,1.0
sinan-0843,18,18_farmer_rye_oats_horses,1.0
geoje-0618,11,11_little horses_horses_maids_altar,1.0
eumseong-0518,2,2_married life_sister_husband_mother law,1.0
goheung-0110,0,0_dear_sorrow_wish_weaving,0.0
yanggu-0110,2,2_married life_sister_husband_mother law,1.0
gn.goseong-0319,2,2_married life_sister_husband_mother law,1.0
sacheon-0210,14,14_gyeongsang_jeolla_country_blow,0.81781965
milyang-1109,0,0_dear_sorrow_wish_weaving,0.0
yeongdeok-0209,13,13_september_thirty_march_summer,0.43901587
hapcheon-0510,0,0_dear_sorrow_wish_weaving,0.0
hamyang-0328,0,0_dear_sorrow_wish_weaving,0.0
goryeong-0614,2,2_married life_sister_husband_mother law,0.7279272
jangheung-0219,0,0_dear_sorrow_wish_weaving,0.0
gokseong-0409,18,18_farmer_rye_oats_horses,1.0
yeongdeok-0207,2,2_married life_sister_husband_mother law,1.0
imsil-0510,14,14_gyeongsang_jeolla_country_blow,1.0
yecheon-0422,2,2_married life_sister_husband_mother law,1.0
seonsan-0346,2,2_married life_sister_husband_mother law,1.0
gangjin-0319,0,0_dear_sorrow_wish_weaving,0.0
bonghwa-0711,2,2_married life_sister_husband_mother law,1.0
seungju-0121,0,0_dear_sorrow_wish_weaving,0.0
naju-0330,0,0_dear_sorrow_wish_weaving,0.0
jangseong-0235,2,2_married life_sister_husband_mother law,1.0
haenam-0411,0,0_dear_sorrow_wish_weaving,0.0
gwangjusi-0238,13,13_september_thirty_march_summer,1.0
muju-0703,0,0_dear_sorrow_wish_weaving,0.0
hapcheon-0509,2,2_married life_sister_husband_mother law,0.94562054
wonju-0220,0,0_dear_sorrow_wish_weaving,0.0
milyang-1008,14,14_gyeongsang_jeolla_country_blow,0.8112363
jinyang-0406,14,14_gyeongsang_jeolla_country_blow,0.553588
chuncheon-0313,2,2_married life_sister_husband_mother law,1.0
ulsan-0919,0,0_dear_sorrow_wish_weaving,0.0
naju-0411,14,14_gyeongsang_jeolla_country_blow,1.0
naju-0511,14,14_gyeongsang_jeolla_country_blow,1.0
damyang-0124,2,2_married life_sister_husband_mother law,0.6284007
yeongam-0520,14,14_gyeongsang_jeolla_country_blow,1.0
haenam-0433,0,0_dear_sorrow_wish_weaving,0.0
seungju-0319,0,0_dear_sorrow_wish_weaving,0.0
chilgok-0403,0,0_dear_sorrow_wish_weaving,0.0
cheongdo-0311,0,0_dear_sorrow_wish_weaving,0.0
sinan-0805,13,13_september_thirty_march_summer,1.0
sancheong-0509,18,18_farmer_rye_oats_horses,0.5900938
seocheon-0720,2,2_married life_sister_husband_mother law,0.24833286
gangjin-0626,0,0_dear_sorrow_wish_weaving,0.0
gangjin-0601,2,2_married life_sister_husband_mother law,1.0
jinan-0605,0,0_dear_sorrow_wish_weaving,0.0
muju-0441,17,17_mocking_squirrel_don laugh_laugh,0.7107956
jinan-0202,18,18_farmer_rye_oats_horses,1.0
gyeongju-0211,0,0_dear_sorrow_wish_weaving,0.0
yangsan-0214,18,18_farmer_rye_oats_horses,0.5699143
hongcheon-0406,2,2_married life_sister_husband_mother law,0.43341988
yangyang-1206,2,2_married life_sister_husband_mother law,0.90081143
namwon-0313,7,7_street_streets_fence_corner,1.0
pyeongchang-0806,2,2_married life_sister_husband_mother law,1.0
yanggu-0817,0,0_dear_sorrow_wish_weaving,0.0
seungju-0112,0,0_dear_sorrow_wish_weaving,0.0
milyang-1711,6,6_poplar_eyebrows_bright_boast,1.0
gimhae-0112,0,0_dear_sorrow_wish_weaving,0.0
boseong-0142,2,2_married life_sister_husband_mother law,1.0
gangjin-0309,13,13_september_thirty_march_summer,0.6711478
hampyeong-0428,18,18_farmer_rye_oats_horses,1.0
iksan-0206,0,0_dear_sorrow_wish_weaving,0.0
seongju-0810,9,9_wreath_wreaths_wreath wreath_periwinkle,0.6798772
gwangjusi-0235,13,13_september_thirty_march_summer,0.665009
naju-0333,0,0_dear_sorrow_wish_weaving,0.0
jangheung-0220,0,0_dear_sorrow_wish_weaving,0.0
geoje-0521,7,7_street_streets_fence_corner,0.3508279
euiseong-0232,2,2_married life_sister_husband_mother law,0.6101155
gwangyang-0113,11,11_little horses_horses_maids_altar,0.5793867
yeongdeok-0204,2,2_married life_sister_husband_mother law,1.0
eumseong-0512,2,2_married life_sister_husband_mother law,1.0
seongju-0629,14,14_gyeongsang_jeolla_country_blow,1.0
hampyeong-0443,13,13_september_thirty_march_summer,1.0
hampyeong-0518,14,14_gyeongsang_jeolla_country_blow,0.80991924
hwacheon-0917,2,2_married life_sister_husband_mother law,1.0
haenam-0127,15,15_slave_goats_ants_feathers,1.0
muju-0508,14,14_gyeongsang_jeolla_country_blow,1.0
namhae-0206,18,18_farmer_rye_oats_horses,0.68233424
hwasun-0311,18,18_farmer_rye_oats_horses,0.7392013
hwasun-0312,18,18_farmer_rye_oats_horses,0.4038552
yecheon-0809,2,2_married life_sister_husband_mother law,0.79760695
wando-0233,0,0_dear_sorrow_wish_weaving,0.0
sinan-0913,13,13_september_thirty_march_summer,0.624875
inje-0208,2,2_married life_sister_husband_mother law,0.7469432
jeongseon-0810,2,2_married life_sister_husband_mother law,0.8602874
bukjeju-0219,2,2_married life_sister_husband_mother law,0.9233107
bonghwa-0707,0,0_dear_sorrow_wish_weaving,0.0
geoje-0417,0,0_dear_sorrow_wish_weaving,0.0
seongju-0313,2,2_married life_sister_husband_mother law,0.50709
dalseong-0119,2,2_married life_sister_husband_mother law,0.67902285
chilgok-0471,0,0_dear_sorrow_wish_weaving,0.0
geoje-0519,0,0_dear_sorrow_wish_weaving,0.0
cheolwon-1019,2,2_married life_sister_husband_mother law,0.8831752
daejeon-0510,2,2_married life_sister_husband_mother law,0.47108033
seungju-0339,0,0_dear_sorrow_wish_weaving,0.0
icheon-0410,17,17_mocking_squirrel_don laugh_laugh,1.0
mungyeong-0317,2,2_married life_sister_husband_mother law,0.66122705
yeongil-0616,14,14_gyeongsang_jeolla_country_blow,1.0
sinan-0118,18,18_farmer_rye_oats_horses,1.0
jangheung-0229,0,0_dear_sorrow_wish_weaving,0.0
yeocheon-0225,9,9_wreath_wreaths_wreath wreath_periwinkle,1.0
sancheong-0523,0,0_dear_sorrow_wish_weaving,0.0
yecheon-0423,0,0_dear_sorrow_wish_weaving,0.0
geochang-0510,0,0_dear_sorrow_wish_weaving,0.0
jindo-0231,0,0_dear_sorrow_wish_weaving,0.0
goheung-0112,14,14_gyeongsang_jeolla_country_blow,1.0
jinyang-0907,2,2_married life_sister_husband_mother law,1.0
gn.goseong-0107,9,9_wreath_wreaths_wreath wreath_periwinkle,1.0
goryeong-0529,2,2_married life_sister_husband_mother law,1.0
seungju-0203,2,2_married life_sister_husband_mother law,1.0
sinan-0614,18,18_farmer_rye_oats_horses,1.0
yeongwol-0107,2,2_married life_sister_husband_mother law,0.89760834
naju-0220,0,0_dear_sorrow_wish_weaving,0.0
cheolwon-0807,0,0_dear_sorrow_wish_weaving,0.0
hampyeong-0126,18,18_farmer_rye_oats_horses,0.5005991
boeun-0412,0,0_dear_sorrow_wish_weaving,0.0
jangsu-0233,17,17_mocking_squirrel_don laugh_laugh,1.0
jinan-0626,0,0_dear_sorrow_wish_weaving,0.0
bonghwa-0709,0,0_dear_sorrow_wish_weaving,0.0
cheolwon-1214,14,14_gyeongsang_jeolla_country_blow,0.50552076
cheongsong-0228,2,2_married life_sister_husband_mother law,1.0
gimhae-0110,2,2_married life_sister_husband_mother law,1.0
sangju-1014,0,0_dear_sorrow_wish_weaving,0.0
cheolwon-1020,2,2_married life_sister_husband_mother law,1.0
seongju-0827,0,0_dear_sorrow_wish_weaving,0.0
sacheon-0110,14,14_gyeongsang_jeolla_country_blow,1.0
inje-0209,2,2_married life_sister_husband_mother law,0.7915289
yeongdeok-0309,2,2_married life_sister_husband_mother law,1.0
gn.goseong-0602,14,14_gyeongsang_jeolla_country_blow,1.0
pyeongchang-0824,2,2_married life_sister_husband_mother law,0.62003803
yeonggwang-0614,9,9_wreath_wreaths_wreath wreath_periwinkle,0.6910421
goheung-0221,13,13_september_thirty_march_summer,1.0
yanggu-0408,2,2_married life_sister_husband_mother law,0.9043033
yangyang-1805,13,13_september_thirty_march_summer,1.0
gochang-0712,18,18_farmer_rye_oats_horses,0.41655302
mungyeong-0510,14,14_gyeongsang_jeolla_country_blow,0.569696
sinan-0117,0,0_dear_sorrow_wish_weaving,0.0
tongyeong-0713,13,13_september_thirty_march_summer,1.0
buan-0615,18,18_farmer_rye_oats_horses,1.0
muan-0319,0,0_dear_sorrow_wish_weaving,0.0
gangjin-0618,0,0_dear_sorrow_wish_weaving,0.0
hampyeong-0422,18,18_farmer_rye_oats_horses,1.0
naju-0331,0,0_dear_sorrow_wish_weaving,0.0
jeongseon-1602,2,2_married life_sister_husband_mother law,0.80847245
buan-0620,13,13_september_thirty_march_summer,1.0
haenam-0410,17,17_mocking_squirrel_don laugh_laugh,1.0
incheon-0102,15,15_slave_goats_ants_feathers,0.65040576
hadong-0410,13,13_september_thirty_march_summer,0.68482417
wanju-0423,10,10_young cossack_cossack_horseback_love young,0.682153
tongyeong-0625,0,0_dear_sorrow_wish_weaving,0.0
naju-0329,0,0_dear_sorrow_wish_weaving,0.0
haenam-0335,14,14_gyeongsang_jeolla_country_blow,1.0
haenam-0511,0,0_dear_sorrow_wish_weaving,0.0
jungwon-0336,0,0_dear_sorrow_wish_weaving,0.0
naju-0219,0,0_dear_sorrow_wish_weaving,0.0
uljin-1002,0,0_dear_sorrow_wish_weaving,0.0
hwacheon-0204,13,13_september_thirty_march_summer,0.6849419
yeocheon-0227,14,14_gyeongsang_jeolla_country_blow,1.0
goheung-0512,16,16_song praise_cheerful song_sing song_sing,0.5839011
geumsan-1108,14,14_gyeongsang_jeolla_country_blow,0.4273021
jindo-0523,14,14_gyeongsang_jeolla_country_blow,1.0
chilgok-0606,2,2_married life_sister_husband_mother law,1.0
yeongyang-0118,2,2_married life_sister_husband_mother law,0.51577616
yeonggwang-0611,0,0_dear_sorrow_wish_weaving,0.0
jangsu-0223,10,10_young cossack_cossack_horseback_love young,0.5679111
jangseong-0538,14,14_gyeongsang_jeolla_country_blow,0.67952937
andong-0223,2,2_married life_sister_husband_mother law,0.36008495
gw.goseong-0405,2,2_married life_sister_husband_mother law,0.83914506
yeongil-0606,2,2_married life_sister_husband_mother law,1.0
jungwon-0335,0,0_dear_sorrow_wish_weaving,0.0
uljin-0613,0,0_dear_sorrow_wish_weaving,0.0
yeongam-0516,0,0_dear_sorrow_wish_weaving,0.0
yeongam-0513,17,17_mocking_squirrel_don laugh_laugh,1.0
yangyang-2103,11,11_little horses_horses_maids_altar,0.61164075
chilgok-0514,0,0_dear_sorrow_wish_weaving,0.0
gochang-0314,0,0_dear_sorrow_wish_weaving,0.0
jangsu-0225,18,18_farmer_rye_oats_horses,1.0
jeongseon-1406,2,2_married life_sister_husband_mother law,0.9468906
samcheonpo-0108,18,18_farmer_rye_oats_horses,1.0
sancheong-0443,18,18_farmer_rye_oats_horses,1.0
ulsan-0908,18,18_farmer_rye_oats_horses,1.0
jindo-0109,7,7_street_streets_fence_corner,1.0
inje-0210,2,2_married life_sister_husband_mother law,1.0
bukjeju-1512,2,2_married life_sister_husband_mother law,1.0
cheolwon-0310,2,2_married life_sister_husband_mother law,1.0
dalseong-0302,2,2_married life_sister_husband_mother law,0.5076824
yangyang-0511,2,2_married life_sister_husband_mother law,1.0
yeonggwang-0142,14,14_gyeongsang_jeolla_country_blow,0.7246952
dalseong-0214,2,2_married life_sister_husband_mother law,0.8716817
boseong-0134,16,16_song praise_cheerful song_sing song_sing,1.0
haman-0128,0,0_dear_sorrow_wish_weaving,0.0
geochang-0222,7,7_street_streets_fence_corner,0.45137975
geochang-0315,0,0_dear_sorrow_wish_weaving,0.0
hampyeong-0517,13,13_september_thirty_march_summer,0.91149735
imsil-0209,7,7_street_streets_fence_corner,0.79238343
naju-0323,7,7_street_streets_fence_corner,0.71722734
jangheung-0509,18,18_farmer_rye_oats_horses,1.0
yecheon-0503,2,2_married life_sister_husband_mother law,0.7890166
jeongseon-0809,0,0_dear_sorrow_wish_weaving,0.0
jinan-0603,0,0_dear_sorrow_wish_weaving,0.0
damyang-0417,13,13_september_thirty_march_summer,1.0
cheolwon-0813,0,0_dear_sorrow_wish_weaving,0.0
jindo-0545,0,0_dear_sorrow_wish_weaving,0.0
haenam-0325,13,13_september_thirty_march_summer,0.5233657
gimje-0518,0,0_dear_sorrow_wish_weaving,0.0
sancheong-0442,0,0_dear_sorrow_wish_weaving,0.0
yeongil-0524,14,14_gyeongsang_jeolla_country_blow,1.0
geumreung-0135,2,2_married life_sister_husband_mother law,1.0
daejeon-0511,2,2_married life_sister_husband_mother law,0.6277316
yeonggwang-0612,14,14_gyeongsang_jeolla_country_blow,1.0
tongyeong-0413,14,14_gyeongsang_jeolla_country_blow,0.68044513
jinan-0123,14,14_gyeongsang_jeolla_country_blow,0.78690153
yeonggwang-0225,14,14_gyeongsang_jeolla_country_blow,1.0
yeongdong-0104,0,0_dear_sorrow_wish_weaving,0.0
gokseong-0105,16,16_song praise_cheerful song_sing song_sing,0.64259505
gimje-0511,7,7_street_streets_fence_corner,1.0
cheolwon-1205,0,0_dear_sorrow_wish_weaving,0.0
muan-0136,13,13_september_thirty_march_summer,0.72919804
gn.goseong-0531,2,2_married life_sister_husband_mother law,1.0
jangheung-0515,18,18_farmer_rye_oats_horses,0.7368078
jungwon-0334,0,0_dear_sorrow_wish_weaving,0.0
ulsan-0409,0,0_dear_sorrow_wish_weaving,0.0
seungju-0320,0,0_dear_sorrow_wish_weaving,0.0
yangyang-1806,14,14_gyeongsang_jeolla_country_blow,0.6031775
geumsan-1106,6,6_poplar_eyebrows_bright_boast,0.72592103
jinan-0426,14,14_gyeongsang_jeolla_country_blow,1.0
wando-0608,0,0_dear_sorrow_wish_weaving,0.0
euiseong-0721,2,2_married life_sister_husband_mother law,0.81954026
gyeongsan-0703,14,14_gyeongsang_jeolla_country_blow,0.61424756
seongju-0641,0,0_dear_sorrow_wish_weaving,0.0
geumsan-0806,13,13_september_thirty_march_summer,0.8179566
changwon-0208,13,13_september_thirty_march_summer,1.0
gangjin-0714,14,14_gyeongsang_jeolla_country_blow,1.0
gw.goseong-0607,18,18_farmer_rye_oats_horses,0.5169917
hamyang-0120,18,18_farmer_rye_oats_horses,0.6827026
yeongwol-0106,2,2_married life_sister_husband_mother law,0.82520807
gangjin-0710,9,9_wreath_wreaths_wreath wreath_periwinkle,0.5771393
gwangyang-0114,7,7_street_streets_fence_corner,0.8991803
yeonggwang-0136,13,13_september_thirty_march_summer,0.57926846
geoje-0617,18,18_farmer_rye_oats_horses,1.0
yeocheon-0231,7,7_street_streets_fence_corner,0.5219308
milyang-0604,0,0_dear_sorrow_wish_weaving,0.0
hwacheon-0209,2,2_married life_sister_husband_mother law,1.0
wando-0708,13,13_september_thirty_march_summer,1.0
sangju-1009,13,13_september_thirty_march_summer,0.91869044
geoje-0520,0,0_dear_sorrow_wish_weaving,0.0
damyang-0122,14,14_gyeongsang_jeolla_country_blow,0.8855041
jeongseon-0811,2,2_married life_sister_husband_mother law,1.0
gw.goseong-1210,2,2_married life_sister_husband_mother law,0.77436316
sangju-0817,18,18_farmer_rye_oats_horses,0.50824106
yecheon-0309,2,2_married life_sister_husband_mother law,0.676518
pyeongchang-1112,2,2_married life_sister_husband_mother law,0.7131455
chilgok-0315,14,14_gyeongsang_jeolla_country_blow,0.66653156
hwasun-0201,13,13_september_thirty_march_summer,0.41857737
muan-0705,0,0_dear_sorrow_wish_weaving,0.0
milyang-0606,0,0_dear_sorrow_wish_weaving,0.0
haman-0616,2,2_married life_sister_husband_mother law,0.65981686
chilgok-0316,0,0_dear_sorrow_wish_weaving,0.0
cheongsong-0521,2,2_married life_sister_husband_mother law,1.0
tongyeong-0304,0,0_dear_sorrow_wish_weaving,0.0
goheung-0513,18,18_farmer_rye_oats_horses,0.71486914
sangju-1409,2,2_married life_sister_husband_mother law,1.0
euiryeong-0508,2,2_married life_sister_husband_mother law,0.9094224
gn.goseong-0519,0,0_dear_sorrow_wish_weaving,0.0
goheung-0407,0,0_dear_sorrow_wish_weaving,0.0
seongju-0143,6,6_poplar_eyebrows_bright_boast,0.6400963
hampyeong-0602,7,7_street_streets_fence_corner,1.0
yeongdeok-0138,2,2_married life_sister_husband_mother law,0.8716685
uljin-0915,14,14_gyeongsang_jeolla_country_blow,0.5865596
seungju-0342,0,0_dear_sorrow_wish_weaving,0.0
yeongdeok-0208,13,13_september_thirty_march_summer,0.6993603
namwon-0308,0,0_dear_sorrow_wish_weaving,0.0
naju-0311,14,14_gyeongsang_jeolla_country_blow,1.0
uljin-0909,14,14_gyeongsang_jeolla_country_blow,1.0
sangju-1008,13,13_september_thirty_march_summer,0.72077596
yangyang-0322,0,0_dear_sorrow_wish_weaving,0.0
jungwon-0338,2,2_married life_sister_husband_mother law,0.8985002
hoengseong-0107,18,18_farmer_rye_oats_horses,0.5435367
wonju-0222,13,13_september_thirty_march_summer,0.40940866
gangjin-0310,9,9_wreath_wreaths_wreath wreath_periwinkle,0.51651835
naju-0212,0,0_dear_sorrow_wish_weaving,0.0
namhae-0219,0,0_dear_sorrow_wish_weaving,0.0
jangheung-0411,14,14_gyeongsang_jeolla_country_blow,1.0
boryeong-0231,14,14_gyeongsang_jeolla_country_blow,1.0
yeocheon-0326,18,18_farmer_rye_oats_horses,0.49396446
boeun-0211,9,9_wreath_wreaths_wreath wreath_periwinkle,0.5064416
namwon-0312,0,0_dear_sorrow_wish_weaving,0.0
yeongil-0332,14,14_gyeongsang_jeolla_country_blow,0.84371835
eumseong-0528,14,14_gyeongsang_jeolla_country_blow,1.0
seungju-0307,14,14_gyeongsang_jeolla_country_blow,0.6642761
yecheon-0704,2,2_married life_sister_husband_mother law,1.0
yeongam-0424,7,7_street_streets_fence_corner,1.0
samcheok-1017,13,13_september_thirty_march_summer,0.8166866
seonsan-0609,13,13_september_thirty_march_summer,0.7052216
seungju-0336,18,18_farmer_rye_oats_horses,0.47889715
yecheon-0821,0,0_dear_sorrow_wish_weaving,0.0
mungyeong-0513,0,0_dear_sorrow_wish_weaving,0.0
jangseong-0228,11,11_little horses_horses_maids_altar,0.46123135
sinan-0721,0,0_dear_sorrow_wish_weaving,0.0
sinan-0314,13,13_september_thirty_march_summer,0.81805557
milyang-1009,13,13_september_thirty_march_summer,1.0
jindo-0543,14,14_gyeongsang_jeolla_country_blow,1.0
haenam-0128,0,0_dear_sorrow_wish_weaving,0.0
daejeon-0501,2,2_married life_sister_husband_mother law,0.9179174
jangheung-0225,0,0_dear_sorrow_wish_weaving,0.0
hadong-0409,2,2_married life_sister_husband_mother law,1.0
hampyeong-0439,9,9_wreath_wreaths_wreath wreath_periwinkle,0.35386246
wando-0420,18,18_farmer_rye_oats_horses,0.3923312
tongyeong-0412,18,18_farmer_rye_oats_horses,0.75570625
pyeongchang-1114,0,0_dear_sorrow_wish_weaving,0.0
yecheon-0504,2,2_married life_sister_husband_mother law,1.0
gochang-0525,0,0_dear_sorrow_wish_weaving,0.0
goheung-0408,17,17_mocking_squirrel_don laugh_laugh,1.0
bonghwa-0712,2,2_married life_sister_husband_mother law,0.81365025
yeonggwang-0238,17,17_mocking_squirrel_don laugh_laugh,0.64183
yangyang-1208,2,2_married life_sister_husband_mother law,1.0
tongyeong-0614,18,18_farmer_rye_oats_horses,1.0
sinan-0131,18,18_farmer_rye_oats_horses,1.0
yeonggwang-0433,14,14_gyeongsang_jeolla_country_blow,1.0
haenam-0409,18,18_farmer_rye_oats_horses,0.51292634
goheung-0219,13,13_september_thirty_march_summer,0.31938556
imsil-0218,2,2_married life_sister_husband_mother law,0.59497374
jangsu-0113,2,2_married life_sister_husband_mother law,1.0
haenam-0523,14,14_gyeongsang_jeolla_country_blow,0.6586593
haenam-0414,13,13_september_thirty_march_summer,0.54954314
sancheong-0118,10,10_young cossack_cossack_horseback_love young,1.0
dalseong-0213,2,2_married life_sister_husband_mother law,0.7742097
imsil-0208,1,1_gyeongsang_river_spirit_moon,0.6913166
namhae-0110,0,0_dear_sorrow_wish_weaving,0.0
muju-0713,14,14_gyeongsang_jeolla_country_blow,1.0
geumreung-0433,13,13_september_thirty_march_summer,0.4130216
gangjin-0706,14,14_gyeongsang_jeolla_country_blow,1.0
yecheon-0424,0,0_dear_sorrow_wish_weaving,0.0
cheongdo-0705,2,2_married life_sister_husband_mother law,1.0
naju-0214,9,9_wreath_wreaths_wreath wreath_periwinkle,0.6960529
gimje-0508,0,0_dear_sorrow_wish_weaving,0.0
seocheon-0202,13,13_september_thirty_march_summer,0.36371106
hampyeong-0523,14,14_gyeongsang_jeolla_country_blow,1.0
cheongdo-0111,2,2_married life_sister_husband_mother law,0.86710286
sancheong-0422,0,0_dear_sorrow_wish_weaving,0.0
jeongeup-0411,14,14_gyeongsang_jeolla_country_blow,1.0
wando-0207,18,18_farmer_rye_oats_horses,1.0
hampyeong-0140,0,0_dear_sorrow_wish_weaving,0.0
samcheok-1001,2,2_married life_sister_husband_mother law,0.7073099
namhae-0215,13,13_september_thirty_march_summer,0.70485115
jeongseon-0726,2,2_married life_sister_husband_mother law,0.5014201
bonghwa-0312,14,14_gyeongsang_jeolla_country_blow,0.55168813
sancheong-0606,14,14_gyeongsang_jeolla_country_blow,0.52022827
haenam-0130,13,13_september_thirty_march_summer,0.5257986
yeongdeok-0203,2,2_married life_sister_husband_mother law,1.0
dalseong-0307,2,2_married life_sister_husband_mother law,1.0
jangsu-0348,14,14_gyeongsang_jeolla_country_blow,1.0
yeongdeok-0210,13,13_september_thirty_march_summer,0.47100925
gunwi-0239,14,14_gyeongsang_jeolla_country_blow,0.6850962
yeongam-0512,18,18_farmer_rye_oats_horses,1.0
ganghwa-0702,2,2_married life_sister_husband_mother law,0.55221516
samcheok-1012,2,2_married life_sister_husband_mother law,0.95302707
nonsan-0101,6,6_poplar_eyebrows_bright_boast,0.6154782
naju-0332,7,7_street_streets_fence_corner,1.0
gokseong-0102,18,18_farmer_rye_oats_horses,1.0
jeongseon-0723,0,0_dear_sorrow_wish_weaving,0.0
yanggu-0716,2,2_married life_sister_husband_mother law,1.0
cheolwon-1203,2,2_married life_sister_husband_mother law,1.0
wando-0718,0,0_dear_sorrow_wish_weaving,0.0
gyeongju-0210,14,14_gyeongsang_jeolla_country_blow,1.0
sinan-1013,14,14_gyeongsang_jeolla_country_blow,1.0
yeongcheon-0223,2,2_married life_sister_husband_mother law,0.9128022
boseong-0135,0,0_dear_sorrow_wish_weaving,0.0
geumsan-0604,0,0_dear_sorrow_wish_weaving,0.0
dalseong-0531,2,2_married life_sister_husband_mother law,1.0
sancheong-0527,0,0_dear_sorrow_wish_weaving,0.0
gimhae-0304,0,0_dear_sorrow_wish_weaving,0.0
chilgok-0317,7,7_street_streets_fence_corner,1.0
gokseong-0106,14,14_gyeongsang_jeolla_country_blow,0.5738071
geochang-0509,13,13_september_thirty_march_summer,1.0
jangheung-0221,0,0_dear_sorrow_wish_weaving,0.0
damyang-0115,9,9_wreath_wreaths_wreath wreath_periwinkle,1.0
goheung-0406,0,0_dear_sorrow_wish_weaving,0.0
haenam-0135,0,0_dear_sorrow_wish_weaving,0.0
dalseong-0335,7,7_street_streets_fence_corner,0.6958214
cheongdo-0515,18,18_farmer_rye_oats_horses,0.75153744
gwangjusi-0229,7,7_street_streets_fence_corner,0.7237398
seosan-0706,9,9_wreath_wreaths_wreath wreath_periwinkle,1.0
goesan-0120,18,18_farmer_rye_oats_horses,0.58081144
chilgok-0318,0,0_dear_sorrow_wish_weaving,0.0
yangyang-2102,14,14_gyeongsang_jeolla_country_blow,0.9038856
samcheok-1209,18,18_farmer_rye_oats_horses,0.72853774
hongcheon-1312,2,2_married life_sister_husband_mother law,1.0
hapcheon-0516,7,7_street_streets_fence_corner,1.0
ulsan-0421,17,17_mocking_squirrel_don laugh_laugh,0.62082636
yeonggwang-0519,14,14_gyeongsang_jeolla_country_blow,1.0
hwacheon-0217,13,13_september_thirty_march_summer,0.34325188
jeongseon-0724,18,18_farmer_rye_oats_horses,1.0
boseong-0123,13,13_september_thirty_march_summer,0.8518426
samcheok-1104,2,2_married life_sister_husband_mother law,0.92902255
imsil-0520,2,2_married life_sister_husband_mother law,1.0
jeongeup-0462,7,7_street_streets_fence_corner,0.57614666
muan-0147,9,9_wreath_wreaths_wreath wreath_periwinkle,0.516545
jeongseon-1111,0,0_dear_sorrow_wish_weaving,0.0
boryeong-0232,15,15_slave_goats_ants_feathers,1.0
yeongyang-0120,2,2_married life_sister_husband_mother law,0.58853924
yeonggwang-0411,0,0_dear_sorrow_wish_weaving,0.0
naju-0317,18,18_farmer_rye_oats_horses,0.4104488
jungwon-0337,2,2_married life_sister_husband_mother law,1.0
wando-0520,0,0_dear_sorrow_wish_weaving,0.0
goheung-0511,2,2_married life_sister_husband_mother law,1.0
ulreung-0224,2,2_married life_sister_husband_mother law,1.0
goesan-0315,2,2_married life_sister_husband_mother law,1.0
goheung-0119,14,14_gyeongsang_jeolla_country_blow,1.0
ulreung-0223,2,2_married life_sister_husband_mother law,1.0
gangjin-0711,14,14_gyeongsang_jeolla_country_blow,1.0
muju-0401,13,13_september_thirty_march_summer,0.8240556
dalseong-0308,2,2_married life_sister_husband_mother law,1.0
yeongam-0423,18,18_farmer_rye_oats_horses,0.59889686
sinan-0216,9,9_wreath_wreaths_wreath wreath_periwinkle,1.0
yangyang-2207,0,0_dear_sorrow_wish_weaving,0.0
gangjin-0716,14,14_gyeongsang_jeolla_country_blow,0.76533854
gangjin-0312,0,0_dear_sorrow_wish_weaving,0.0
jangheung-0514,0,0_dear_sorrow_wish_weaving,0.0
seungju-0347,14,14_gyeongsang_jeolla_country_blow,1.0
yeocheon-0327,14,14_gyeongsang_jeolla_country_blow,1.0
yangyang-1714,13,13_september_thirty_march_summer,0.4367
haenam-0134,14,14_gyeongsang_jeolla_country_blow,0.8844776
hapcheon-0921,2,2_married life_sister_husband_mother law,0.7721116
cheolwon-1031,14,14_gyeongsang_jeolla_country_blow,0.9867805
pyeongchang-1111,1,1_gyeongsang_river_spirit_moon,1.0
gw.goseong-0608,14,14_gyeongsang_jeolla_country_blow,0.9385826
cheongdo-0518,0,0_dear_sorrow_wish_weaving,0.0
imsil-0224,7,7_street_streets_fence_corner,0.75367105
wando-0722,13,13_september_thirty_march_summer,1.0
cheongdo-0724,14,14_gyeongsang_jeolla_country_blow,1.0
gw.goseong-0715,0,0_dear_sorrow_wish_weaving,0.0
wando-0410,1,1_gyeongsang_river_spirit_moon,1.0
bukjeju-0117,14,14_gyeongsang_jeolla_country_blow,1.0
cheongdo-0320,14,14_gyeongsang_jeolla_country_blow,1.0
yecheon-0921,0,0_dear_sorrow_wish_weaving,0.0
inje-0721,18,18_farmer_rye_oats_horses,1.0
seocheon-0509,14,14_gyeongsang_jeolla_country_blow,1.0
buyeo-0325,14,14_gyeongsang_jeolla_country_blow,1.0
milyang-1407,6,6_poplar_eyebrows_bright_boast,0.50023925
yeongcheon-0213,18,18_farmer_rye_oats_horses,0.8610543
boryeong-0221,1,1_gyeongsang_river_spirit_moon,0.6276013
inje-0227,14,14_gyeongsang_jeolla_country_blow,1.0
chilgok-0411,6,6_poplar_eyebrows_bright_boast,0.36108845
andong-0211,16,16_song praise_cheerful song_sing song_sing,1.0
yecheon-0718,14,14_gyeongsang_jeolla_country_blow,1.0
milyang-1207,14,14_gyeongsang_jeolla_country_blow,0.8749147
wonju-0226,0,0_dear_sorrow_wish_weaving,0.0
inje-0113,14,14_gyeongsang_jeolla_country_blow,1.0
namjeju-0711,14,14_gyeongsang_jeolla_country_blow,0.85754466
sinan-0808,14,14_gyeongsang_jeolla_country_blow,0.6815901
yecheon-0804,14,14_gyeongsang_jeolla_country_blow,0.6047509
uljin-0417,14,14_gyeongsang_jeolla_country_blow,1.0
ulsan-0424,17,17_mocking_squirrel_don laugh_laugh,1.0
sangju-1230,17,17_mocking_squirrel_don laugh_laugh,0.6851939
jindo-0741,1,1_gyeongsang_river_spirit_moon,1.0
jinan-0431,14,14_gyeongsang_jeolla_country_blow,1.0
muju-0523,0,0_dear_sorrow_wish_weaving,0.0
ulsan-0712,13,13_september_thirty_march_summer,0.67989177
dalseong-0533,0,0_dear_sorrow_wish_weaving,0.0
yeongcheon-0121,17,17_mocking_squirrel_don laugh_laugh,1.0
yanggu-0308,0,0_dear_sorrow_wish_weaving,0.0
cheolwon-0816,9,9_wreath_wreaths_wreath wreath_periwinkle,1.0
changnyeong-0312,14,14_gyeongsang_jeolla_country_blow,0.91590863
seosan-0210,14,14_gyeongsang_jeolla_country_blow,0.6921981
jindo-0232,18,18_farmer_rye_oats_horses,0.41257122
yecheon-0342,14,14_gyeongsang_jeolla_country_blow,1.0
wando-0118,0,0_dear_sorrow_wish_weaving,0.0
gapyeong-0112,14,14_gyeongsang_jeolla_country_blow,1.0
goesan-0105,0,0_dear_sorrow_wish_weaving,0.0
cheongdo-0114,14,14_gyeongsang_jeolla_country_blow,0.6493931
icheon-0413,14,14_gyeongsang_jeolla_country_blow,0.86390984
yeongil-0640,14,14_gyeongsang_jeolla_country_blow,1.0
seongju-0617,1,1_gyeongsang_river_spirit_moon,1.0
jindo-0126,13,13_september_thirty_march_summer,1.0
sacheon-0109,14,14_gyeongsang_jeolla_country_blow,0.82314736
euiseong-0733,14,14_gyeongsang_jeolla_country_blow,1.0
muan-0143,9,9_wreath_wreaths_wreath wreath_periwinkle,1.0
samcheok-1111,14,14_gyeongsang_jeolla_country_blow,1.0
chilgok-0505,0,0_dear_sorrow_wish_weaving,0.0
wanju-0426,14,14_gyeongsang_jeolla_country_blow,0.6943621
uljin-0913,14,14_gyeongsang_jeolla_country_blow,1.0
cheolwon-0818,0,0_dear_sorrow_wish_weaving,0.0
jungwon-0313,0,0_dear_sorrow_wish_weaving,0.0
hwacheon-0212,0,0_dear_sorrow_wish_weaving,0.0
yecheon-0805,13,13_september_thirty_march_summer,0.6041749
yangyang-1508,14,14_gyeongsang_jeolla_country_blow,0.46511948
seocheon-0508,14,14_gyeongsang_jeolla_country_blow,1.0
pyeongchang-1011,14,14_gyeongsang_jeolla_country_blow,1.0
seonsan-0111,0,0_dear_sorrow_wish_weaving,0.0
anseong-0312,14,14_gyeongsang_jeolla_country_blow,0.6956553
inje-0112,14,14_gyeongsang_jeolla_country_blow,0.7213365
buan-0516,14,14_gyeongsang_jeolla_country_blow,0.880798
cheongsong-0224,0,0_dear_sorrow_wish_weaving,0.0
gyeongsan-0309,13,13_september_thirty_march_summer,0.70130986
geumsan-1120,7,7_street_streets_fence_corner,0.45861274
daejeon-0505,14,14_gyeongsang_jeolla_country_blow,0.9347541
cheolwon-0820,14,14_gyeongsang_jeolla_country_blow,0.9219991
bukjeju-0115,14,14_gyeongsang_jeolla_country_blow,0.5088346
pyeongchang-1013,18,18_farmer_rye_oats_horses,1.0
yeongdeok-0529,14,14_gyeongsang_jeolla_country_blow,1.0
geumreung-0517,13,13_september_thirty_march_summer,0.8918395
ganghwa-0701,16,16_song praise_cheerful song_sing song_sing,0.55896515
sinan-0711,0,0_dear_sorrow_wish_weaving,0.0
wanju-0417,0,0_dear_sorrow_wish_weaving,0.0
ulsan-0807,0,0_dear_sorrow_wish_weaving,0.0
yeongwol-0311,14,14_gyeongsang_jeolla_country_blow,0.86720306
bukjeju-1017,1,1_gyeongsang_river_spirit_moon,1.0
sinan-0922,1,1_gyeongsang_river_spirit_moon,1.0
wando-0411,0,0_dear_sorrow_wish_weaving,0.0
haenam-0415,14,14_gyeongsang_jeolla_country_blow,1.0
hampyeong-0611,11,11_little horses_horses_maids_altar,1.0
cheongdo-0326,0,0_dear_sorrow_wish_weaving,0.0
yanggu-0707,14,14_gyeongsang_jeolla_country_blow,1.0
jangseong-0528,14,14_gyeongsang_jeolla_country_blow,0.9147043
yeongil-0639,14,14_gyeongsang_jeolla_country_blow,0.52972883
sinan-0143,0,0_dear_sorrow_wish_weaving,0.0
chilgok-0412,7,7_street_streets_fence_corner,0.4711297
gapyeong-0301,14,14_gyeongsang_jeolla_country_blow,0.68943995
inje-0228,17,17_mocking_squirrel_don laugh_laugh,1.0
euiseong-0234,9,9_wreath_wreaths_wreath wreath_periwinkle,0.5073418
milyang-0602,13,13_september_thirty_march_summer,1.0
naju-0224,6,6_poplar_eyebrows_bright_boast,0.7278901
geochang-0617,14,14_gyeongsang_jeolla_country_blow,1.0
mungyeong-0527,0,0_dear_sorrow_wish_weaving,0.0
bukjeju-2111,0,0_dear_sorrow_wish_weaving,0.0
geochang-0813,0,0_dear_sorrow_wish_weaving,0.0
bonghwa-0121,14,14_gyeongsang_jeolla_country_blow,0.9643652
ulreung-0205,0,0_dear_sorrow_wish_weaving,0.0
goesan-0102,18,18_farmer_rye_oats_horses,0.75090456
milyang-1717,14,14_gyeongsang_jeolla_country_blow,1.0
yangyang-0508,0,0_dear_sorrow_wish_weaving,0.0
yeongcheon-0212,18,18_farmer_rye_oats_horses,0.6991482
gochang-0745,14,14_gyeongsang_jeolla_country_blow,0.8910566
yeongdeok-0518,17,17_mocking_squirrel_don laugh_laugh,0.61807173
gyeongju-0116,1,1_gyeongsang_river_spirit_moon,1.0
jangsu-0230,14,14_gyeongsang_jeolla_country_blow,1.0
jangseong-0131,14,14_gyeongsang_jeolla_country_blow,0.72522354
bukjeju-2213,18,18_farmer_rye_oats_horses,0.46921402
seongju-0307,14,14_gyeongsang_jeolla_country_blow,1.0
muju-0426,0,0_dear_sorrow_wish_weaving,0.0
jinyang-0908,14,14_gyeongsang_jeolla_country_blow,1.0
daejeon-0512,14,14_gyeongsang_jeolla_country_blow,1.0
yeonggwang-0112,14,14_gyeongsang_jeolla_country_blow,1.0
jeongeup-0434,14,14_gyeongsang_jeolla_country_blow,0.9675401
seongju-0618,14,14_gyeongsang_jeolla_country_blow,1.0
hwacheon-0315,14,14_gyeongsang_jeolla_country_blow,1.0
yeongil-0347,17,17_mocking_squirrel_don laugh_laugh,1.0
seungju-0114,14,14_gyeongsang_jeolla_country_blow,0.5029206
jangheung-0517,14,14_gyeongsang_jeolla_country_blow,0.73957586
sinan-0312,14,14_gyeongsang_jeolla_country_blow,1.0
hongcheon-0617,14,14_gyeongsang_jeolla_country_blow,1.0
cheongsong-0425,17,17_mocking_squirrel_don laugh_laugh,1.0
jinan-0310,13,13_september_thirty_march_summer,1.0
yeongyang-0310,14,14_gyeongsang_jeolla_country_blow,0.5080532
gangjin-0723,14,14_gyeongsang_jeolla_country_blow,0.8244497
cheolwon-1032,0,0_dear_sorrow_wish_weaving,0.0
yanggu-0126,13,13_september_thirty_march_summer,1.0
andong-0219,14,14_gyeongsang_jeolla_country_blow,1.0
changnyeong-0117,0,0_dear_sorrow_wish_weaving,0.0
cheolwon-0316,0,0_dear_sorrow_wish_weaving,0.0
gapyeong-0116,0,0_dear_sorrow_wish_weaving,0.0
jindo-0412,0,0_dear_sorrow_wish_weaving,0.0
geumreung-0132,7,7_street_streets_fence_corner,1.0
cheongwon-0218,14,14_gyeongsang_jeolla_country_blow,0.9000246
bukjeju-1014,14,14_gyeongsang_jeolla_country_blow,0.6543113
samcheok-0707,14,14_gyeongsang_jeolla_country_blow,1.0
hwacheon-0403,14,14_gyeongsang_jeolla_country_blow,0.733098
jungwon-0305,0,0_dear_sorrow_wish_weaving,0.0
yangyang-1210,0,0_dear_sorrow_wish_weaving,0.0
yeongil-0529,18,18_farmer_rye_oats_horses,1.0
dalseong-0530,0,0_dear_sorrow_wish_weaving,0.0
imsil-0222,0,0_dear_sorrow_wish_weaving,0.0
jinyang-0303,14,14_gyeongsang_jeolla_country_blow,0.88648945
andong-0905,14,14_gyeongsang_jeolla_country_blow,1.0
yeongil-0713,0,0_dear_sorrow_wish_weaving,0.0
seongju-0433,14,14_gyeongsang_jeolla_country_blow,0.4907581
sacheon-0408,18,18_farmer_rye_oats_horses,1.0
goheung-0417,17,17_mocking_squirrel_don laugh_laugh,1.0
hapcheon-0213,0,0_dear_sorrow_wish_weaving,0.0
haenam-0133,0,0_dear_sorrow_wish_weaving,0.0
jindo-0413,17,17_mocking_squirrel_don laugh_laugh,1.0
geumreung-0133,0,0_dear_sorrow_wish_weaving,0.0
muju-0425,13,13_september_thirty_march_summer,1.0
jeongeup-0435,14,14_gyeongsang_jeolla_country_blow,1.0
gw.goseong-0408,0,0_dear_sorrow_wish_weaving,0.0
hwacheon-0314,14,14_gyeongsang_jeolla_country_blow,0.67283183
sinan-0712,0,0_dear_sorrow_wish_weaving,0.0
yanggu-0112,0,0_dear_sorrow_wish_weaving,0.0
gyeongju-0715,14,14_gyeongsang_jeolla_country_blow,0.8432814
hoengseong-0106,7,7_street_streets_fence_corner,1.0
gapyeong-0211,0,0_dear_sorrow_wish_weaving,0.0
seonsan-0320,14,14_gyeongsang_jeolla_country_blow,0.6075192
cheongsong-0427,14,14_gyeongsang_jeolla_country_blow,0.6786947
yeongam-0530,0,0_dear_sorrow_wish_weaving,0.0
eumseong-0315,0,0_dear_sorrow_wish_weaving,0.0
cheongwon-0101,14,14_gyeongsang_jeolla_country_blow,1.0
cheolwon-0317,17,17_mocking_squirrel_don laugh_laugh,0.51603216
dalseong-0536,0,0_dear_sorrow_wish_weaving,0.0
yecheon-0716,14,14_gyeongsang_jeolla_country_blow,1.0
wanju-0105,14,14_gyeongsang_jeolla_country_blow,1.0
dangjin-0702,14,14_gyeongsang_jeolla_country_blow,0.5208727
yangsan-0308,14,14_gyeongsang_jeolla_country_blow,1.0
yangyang-1212,18,18_farmer_rye_oats_horses,1.0
cheolwon-1213,14,14_gyeongsang_jeolla_country_blow,1.0
tongyeong-0723,0,0_dear_sorrow_wish_weaving,0.0
geumsan-0112,14,14_gyeongsang_jeolla_country_blow,1.0
changnyeong-0112,14,14_gyeongsang_jeolla_country_blow,0.61378706
cheolwon-1033,13,13_september_thirty_march_summer,0.41691998
eumseong-0519,17,17_mocking_squirrel_don laugh_laugh,1.0
euiryeong-0319,13,13_september_thirty_march_summer,0.7716209
bukjeju-1711,14,14_gyeongsang_jeolla_country_blow,0.372797
goesan-0108,7,7_street_streets_fence_corner,1.0
jangsu-0316,14,14_gyeongsang_jeolla_country_blow,1.0
hwacheon-0214,0,0_dear_sorrow_wish_weaving,0.0
gokseong-0412,0,0_dear_sorrow_wish_weaving,0.0
jeongseon-1102,1,1_gyeongsang_river_spirit_moon,1.0
bukjeju-2112,1,1_gyeongsang_river_spirit_moon,0.7353836
yeongwol-0513,18,18_farmer_rye_oats_horses,0.53856504
yeongcheon-0222,13,13_september_thirty_march_summer,0.86400473
cheolwon-1210,9,9_wreath_wreaths_wreath wreath_periwinkle,0.60405296
samcheok-0611,14,14_gyeongsang_jeolla_country_blow,0.87090456
yecheon-0341,17,17_mocking_squirrel_don laugh_laugh,0.5248204
yangyang-1318,14,14_gyeongsang_jeolla_country_blow,0.5342022
cheolwon-0817,0,0_dear_sorrow_wish_weaving,0.0
hampyeong-0448,0,0_dear_sorrow_wish_weaving,0.0
yeongdeok-0624,17,17_mocking_squirrel_don laugh_laugh,1.0
bukjeju-0614,14,14_gyeongsang_jeolla_country_blow,0.6331136
milyang-1105,14,14_gyeongsang_jeolla_country_blow,1.0
sancheong-0116,14,14_gyeongsang_jeolla_country_blow,1.0
sacheon-0202,14,14_gyeongsang_jeolla_country_blow,1.0
boeun-0205,17,17_mocking_squirrel_don laugh_laugh,0.73190624
seonsan-0527,14,14_gyeongsang_jeolla_country_blow,0.9162115
yeongi-0616,7,7_street_streets_fence_corner,0.5026204
milyang-0908,13,13_september_thirty_march_summer,0.40720972
ulsan-0211,14,14_gyeongsang_jeolla_country_blow,1.0
cheongdo-0723,14,14_gyeongsang_jeolla_country_blow,0.6084062
cheongsong-0537,14,14_gyeongsang_jeolla_country_blow,0.86652315
jinyang-1014,14,14_gyeongsang_jeolla_country_blow,0.92872536
yeongwol-0123,0,0_dear_sorrow_wish_weaving,0.0
jeongeup-0430,14,14_gyeongsang_jeolla_country_blow,1.0
gapyeong-0309,14,14_gyeongsang_jeolla_country_blow,0.53089225
pyeongchang-0809,14,14_gyeongsang_jeolla_country_blow,0.54746145
ulsan-0516,0,0_dear_sorrow_wish_weaving,0.0
hwacheon-0401,18,18_farmer_rye_oats_horses,1.0
muan-0715,11,11_little horses_horses_maids_altar,1.0
seosan-0208,17,17_mocking_squirrel_don laugh_laugh,0.7131242
andong-0604,14,14_gyeongsang_jeolla_country_blow,0.83819675
imsil-0228,14,14_gyeongsang_jeolla_country_blow,1.0
cheongdo-0117,14,14_gyeongsang_jeolla_country_blow,0.90510166
yeongil-0641,0,0_dear_sorrow_wish_weaving,0.0
gimje-0513,0,0_dear_sorrow_wish_weaving,0.0
sangju-1037,14,14_gyeongsang_jeolla_country_blow,0.8636125
bonghwa-0703,14,14_gyeongsang_jeolla_country_blow,1.0
geumreung-0311,14,14_gyeongsang_jeolla_country_blow,0.9586499
ulsan-0910,17,17_mocking_squirrel_don laugh_laugh,1.0
yanggu-0709,14,14_gyeongsang_jeolla_country_blow,1.0
yeongil-0615,0,0_dear_sorrow_wish_weaving,0.0
yangsan-0305,14,14_gyeongsang_jeolla_country_blow,0.8849249
yangsan-0232,14,14_gyeongsang_jeolla_country_blow,0.9511497
jangseong-0125,0,0_dear_sorrow_wish_weaving,0.0
haenam-0132,0,0_dear_sorrow_wish_weaving,0.0
yeongwol-0511,14,14_gyeongsang_jeolla_country_blow,1.0
yeonggwang-0230,6,6_poplar_eyebrows_bright_boast,0.51819164
wando-0724,0,0_dear_sorrow_wish_weaving,0.0
yeonggwang-0414,17,17_mocking_squirrel_don laugh_laugh,1.0
ulreung-0710,0,0_dear_sorrow_wish_weaving,0.0
seonsan-0321,17,17_mocking_squirrel_don laugh_laugh,1.0
gapyeong-0216,14,14_gyeongsang_jeolla_country_blow,1.0
sinan-0311,14,14_gyeongsang_jeolla_country_blow,1.0
seosan-0209,0,0_dear_sorrow_wish_weaving,0.0
imsil-0223,0,0_dear_sorrow_wish_weaving,0.0
hampyeong-0441,0,0_dear_sorrow_wish_weaving,0.0
geumreung-0438,1,1_gyeongsang_river_spirit_moon,1.0
sinan-0617,14,14_gyeongsang_jeolla_country_blow,1.0
seongju-0658,7,7_street_streets_fence_corner,0.75581074
bonghwa-0120,14,14_gyeongsang_jeolla_country_blow,0.9679627
hapcheon-0903,11,11_little horses_horses_maids_altar,0.80263716
gn.goseong-0108,14,14_gyeongsang_jeolla_country_blow,1.0
goheung-0416,14,14_gyeongsang_jeolla_country_blow,1.0
seonsan-0624,14,14_gyeongsang_jeolla_country_blow,0.8953818
cheolwon-0819,14,14_gyeongsang_jeolla_country_blow,1.0
sinan-0124,14,14_gyeongsang_jeolla_country_blow,1.0
yeongdong-0906,14,14_gyeongsang_jeolla_country_blow,1.0
sangju-1415,18,18_farmer_rye_oats_horses,0.51977026
jangsu-0229,14,14_gyeongsang_jeolla_country_blow,1.0
muju-0421,14,14_gyeongsang_jeolla_country_blow,1.0
sangju-0531,13,13_september_thirty_march_summer,1.0
gochang-0120,14,14_gyeongsang_jeolla_country_blow,0.5445081
yeongi-0207,14,14_gyeongsang_jeolla_country_blow,0.9671303
jangsu-0317,14,14_gyeongsang_jeolla_country_blow,1.0
hwaseong-0108,13,13_september_thirty_march_summer,0.7710855
geumsan-0111,13,13_september_thirty_march_summer,0.6988945
dalseong-0532,14,14_gyeongsang_jeolla_country_blow,1.0
jindo-0542,14,14_gyeongsang_jeolla_country_blow,0.7159272
jinan-0305,14,14_gyeongsang_jeolla_country_blow,1.0
chilgok-0506,0,0_dear_sorrow_wish_weaving,0.0
gunwi-0225,6,6_poplar_eyebrows_bright_boast,1.0
gunwi-0322,0,0_dear_sorrow_wish_weaving,0.0
gimhae-0409,0,0_dear_sorrow_wish_weaving,0.0
dalseong-0534,0,0_dear_sorrow_wish_weaving,0.0
yeocheon-0334,7,7_street_streets_fence_corner,1.0
cheolwon-1028,14,14_gyeongsang_jeolla_country_blow,1.0
hongcheon-0616,14,14_gyeongsang_jeolla_country_blow,1.0
muju-0524,14,14_gyeongsang_jeolla_country_blow,1.0
yeongdeok-0517,14,14_gyeongsang_jeolla_country_blow,1.0
wonju-0703,14,14_gyeongsang_jeolla_country_blow,1.0
geumsan-1110,13,13_september_thirty_march_summer,1.0
nonsan-0109,14,14_gyeongsang_jeolla_country_blow,1.0
gwangyang-0206,14,14_gyeongsang_jeolla_country_blow,0.4563774
samcheok-1013,0,0_dear_sorrow_wish_weaving,0.0
buan-0513,14,14_gyeongsang_jeolla_country_blow,0.64470243
milyang-1104,14,14_gyeongsang_jeolla_country_blow,1.0
jungwon-0412,6,6_poplar_eyebrows_bright_boast,0.7128647
cheongdo-0722,13,13_september_thirty_march_summer,0.557315
cheongsong-0538,14,14_gyeongsang_jeolla_country_blow,0.76898474
bukjeju-0913,6,6_poplar_eyebrows_bright_boast,1.0
daejeon-0503,14,14_gyeongsang_jeolla_country_blow,0.81709397
dalseong-0535,17,17_mocking_squirrel_don laugh_laugh,1.0
jinyang-0707,14,14_gyeongsang_jeolla_country_blow,1.0
milyang-0510,1,1_gyeongsang_river_spirit_moon,1.0
jinan-0127,1,1_gyeongsang_river_spirit_moon,1.0
gw.goseong-0713,14,14_gyeongsang_jeolla_country_blow,0.8447807
muju-0115,14,14_gyeongsang_jeolla_country_blow,0.53278005
namjeju-0118,14,14_gyeongsang_jeolla_country_blow,1.0
wonju-0210,14,14_gyeongsang_jeolla_country_blow,1.0
jinyang-0403,13,13_september_thirty_march_summer,1.0
anseong-0310,14,14_gyeongsang_jeolla_country_blow,0.6520593
yeongdong-0304,7,7_street_streets_fence_corner,1.0
andong-0212,13,13_september_thirty_march_summer,1.0
goheung-0421,0,0_dear_sorrow_wish_weaving,0.0
andong-0210,14,14_gyeongsang_jeolla_country_blow,1.0
yeongwol-0120,17,17_mocking_squirrel_don laugh_laugh,1.0
mungyeong-0421,14,14_gyeongsang_jeolla_country_blow,1.0
geumsan-0804,0,0_dear_sorrow_wish_weaving,0.0
yeongyang-0407,14,14_gyeongsang_jeolla_country_blow,0.74074244
gangjin-0318,1,1_gyeongsang_river_spirit_moon,1.0
seongju-0619,7,7_street_streets_fence_corner,1.0
samcheok-1110,0,0_dear_sorrow_wish_weaving,0.0
muju-0114,14,14_gyeongsang_jeolla_country_blow,0.8890463
changwon-0502,14,14_gyeongsang_jeolla_country_blow,1.0
bukjeju-0613,14,14_gyeongsang_jeolla_country_blow,0.91068286
seongju-0659,7,7_street_streets_fence_corner,0.6356951
muju-0317,0,0_dear_sorrow_wish_weaving,0.0
geoje-0508,0,0_dear_sorrow_wish_weaving,0.0
ulreung-0706,0,0_dear_sorrow_wish_weaving,0.0
jinan-0429,13,13_september_thirty_march_summer,0.6297727
jinan-0311,14,14_gyeongsang_jeolla_country_blow,0.91092813
seonsan-0322,1,1_gyeongsang_river_spirit_moon,1.0
buan-0707,14,14_gyeongsang_jeolla_country_blow,0.58614224
samcheok-0613,14,14_gyeongsang_jeolla_country_blow,1.0
goheung-0420,17,17_mocking_squirrel_don laugh_laugh,1.0
jinan-0616,17,17_mocking_squirrel_don laugh_laugh,1.0
yecheon-0951,17,17_mocking_squirrel_don laugh_laugh,0.5262394
jinan-0306,18,18_farmer_rye_oats_horses,0.55722684
sangju-1025,0,0_dear_sorrow_wish_weaving,0.0
seosan-0213,13,13_september_thirty_march_summer,0.71523213
cheolwon-1030,14,14_gyeongsang_jeolla_country_blow,1.0
boseong-0146,0,0_dear_sorrow_wish_weaving,0.0
yeongwol-0510,0,0_dear_sorrow_wish_weaving,0.0
milyang-1405,14,14_gyeongsang_jeolla_country_blow,1.0
jinan-0619,14,14_gyeongsang_jeolla_country_blow,0.69581205
geumsan-0110,0,0_dear_sorrow_wish_weaving,0.0
sunchang-0322,14,14_gyeongsang_jeolla_country_blow,1.0
chilgok-0508,0,0_dear_sorrow_wish_weaving,0.0
gapyeong-0114,18,18_farmer_rye_oats_horses,1.0
yangyang-0312,1,1_gyeongsang_river_spirit_moon,1.0
hongcheon-0618,14,14_gyeongsang_jeolla_country_blow,1.0
jangheung-0516,14,14_gyeongsang_jeolla_country_blow,0.7609105
jungwon-0306,0,0_dear_sorrow_wish_weaving,0.0
sunchang-0321,14,14_gyeongsang_jeolla_country_blow,1.0
yecheon-0511,14,14_gyeongsang_jeolla_country_blow,1.0
muju-0720,14,14_gyeongsang_jeolla_country_blow,1.0
sangju-0332,17,17_mocking_squirrel_don laugh_laugh,0.6882139
muan-0736,18,18_farmer_rye_oats_horses,1.0
wanju-0416,14,14_gyeongsang_jeolla_country_blow,1.0
yecheon-0919,0,0_dear_sorrow_wish_weaving,0.0
inje-0720,9,9_wreath_wreaths_wreath wreath_periwinkle,0.50267524
cheongsong-0316,0,0_dear_sorrow_wish_weaving,0.0
sinan-0142,9,9_wreath_wreaths_wreath wreath_periwinkle,1.0
hadong-0122,14,14_gyeongsang_jeolla_country_blow,1.0
yeongdong-0303,18,18_farmer_rye_oats_horses,0.53106165
namjeju-1023,1,1_gyeongsang_river_spirit_moon,1.0
sinan-0713,0,0_dear_sorrow_wish_weaving,0.0
gw.goseong-0407,14,14_gyeongsang_jeolla_country_blow,1.0
gyeongsan-0121,0,0_dear_sorrow_wish_weaving,0.0
gyeongsan-0124,0,0_dear_sorrow_wish_weaving,0.0
changwon-0412,17,17_mocking_squirrel_don laugh_laugh,1.0
wonju-0211,0,0_dear_sorrow_wish_weaving,0.0
samcheok-0612,18,18_farmer_rye_oats_horses,1.0
sangju-0918,14,14_gyeongsang_jeolla_country_blow,0.77587855
geumreung-0134,14,14_gyeongsang_jeolla_country_blow,0.52865934
changwon-0409,9,9_wreath_wreaths_wreath wreath_periwinkle,1.0
sancheong-0207,14,14_gyeongsang_jeolla_country_blow,0.57760274
goheung-0232,0,0_dear_sorrow_wish_weaving,0.0
gw.goseong-0406,0,0_dear_sorrow_wish_weaving,0.0
goryeong-0224,14,14_gyeongsang_jeolla_country_blow,1.0
sangju-1038,17,17_mocking_squirrel_don laugh_laugh,1.0
yeongam-0528,0,0_dear_sorrow_wish_weaving,0.0
yangyang-1619,0,0_dear_sorrow_wish_weaving,0.0
buyeo-0309,0,0_dear_sorrow_wish_weaving,0.0
jindo-0329,13,13_september_thirty_march_summer,1.0
muju-0113,17,17_mocking_squirrel_don laugh_laugh,1.0
gyeongsan-0120,11,11_little horses_horses_maids_altar,1.0
andong-0213,0,0_dear_sorrow_wish_weaving,0.0
buyeo-0205,14,14_gyeongsang_jeolla_country_blow,0.8531669
yecheon-0717,14,14_gyeongsang_jeolla_country_blow,1.0
cheongsong-0430,0,0_dear_sorrow_wish_weaving,0.0
muju-0722,14,14_gyeongsang_jeolla_country_blow,1.0
yangyang-0507,1,1_gyeongsang_river_spirit_moon,1.0
mungyeong-0426,13,13_september_thirty_march_summer,1.0
seonsan-0323,17,17_mocking_squirrel_don laugh_laugh,0.49102536
cheolwon-0412,17,17_mocking_squirrel_don laugh_laugh,1.0
sinan-0616,18,18_farmer_rye_oats_horses,1.0
goheung-0418,14,14_gyeongsang_jeolla_country_blow,1.0
seongju-0308,14,14_gyeongsang_jeolla_country_blow,1.0
dalseong-0221,14,14_gyeongsang_jeolla_country_blow,1.0
yecheon-0336,17,17_mocking_squirrel_don laugh_laugh,1.0
yeonggwang-0130,0,0_dear_sorrow_wish_weaving,0.0
bonghwa-0704,14,14_gyeongsang_jeolla_country_blow,1.0
gapyeong-0212,14,14_gyeongsang_jeolla_country_blow,0.6288241
seongju-0351,14,14_gyeongsang_jeolla_country_blow,0.8382819
ulsan-0103,14,14_gyeongsang_jeolla_country_blow,1.0
cheongsong-0116,14,14_gyeongsang_jeolla_country_blow,1.0
gyeongju-0212,14,14_gyeongsang_jeolla_country_blow,0.7907077
hamyang-0308,14,14_gyeongsang_jeolla_country_blow,1.0
seongju-0524,14,14_gyeongsang_jeolla_country_blow,0.89011824
yangsan-0109,0,0_dear_sorrow_wish_weaving,0.0
bukjeju-1609,14,14_gyeongsang_jeolla_country_blow,0.80569184
muju-0316,17,17_mocking_squirrel_don laugh_laugh,0.9070082
jangseong-0239,9,9_wreath_wreaths_wreath wreath_periwinkle,1.0
yanggu-0433,15,15_slave_goats_ants_feathers,1.0
muan-0330,18,18_farmer_rye_oats_horses,0.59129137
gw.goseong-0714,0,0_dear_sorrow_wish_weaving,0.0
seosan-0211,14,14_gyeongsang_jeolla_country_blow,0.7601845
gn.goseong-0317,1,1_gyeongsang_river_spirit_moon,1.0
hwaseong-0107,14,14_gyeongsang_jeolla_country_blow,1.0
gw.goseong-0610,0,0_dear_sorrow_wish_weaving,0.0
pyeongchang-1012,14,14_gyeongsang_jeolla_country_blow,0.9375176
hadong-0407,14,14_gyeongsang_jeolla_country_blow,0.8397658
yeongcheon-0318,14,14_gyeongsang_jeolla_country_blow,0.7244955
jangseong-0242,0,0_dear_sorrow_wish_weaving,0.0
yeongdeok-0513,14,14_gyeongsang_jeolla_country_blow,1.0
eumseong-0517,14,14_gyeongsang_jeolla_country_blow,1.0
yecheon-0812,14,14_gyeongsang_jeolla_country_blow,0.8912459
changnyeong-0113,14,14_gyeongsang_jeolla_country_blow,1.0
yangsan-0231,17,17_mocking_squirrel_don laugh_laugh,1.0
boeun-0415,14,14_gyeongsang_jeolla_country_blow,1.0
goryeong-0618,13,13_september_thirty_march_summer,0.5149261
andong-0217,0,0_dear_sorrow_wish_weaving,0.0
yecheon-0421,0,0_dear_sorrow_wish_weaving,0.0
seosan-0206,0,0_dear_sorrow_wish_weaving,0.0
ulsan-0209,14,14_gyeongsang_jeolla_country_blow,1.0
ulsan-0806,14,14_gyeongsang_jeolla_country_blow,0.8018584
jeongseon-1113,11,11_little horses_horses_maids_altar,1.0
yeongdeok-0640,14,14_gyeongsang_jeolla_country_blow,0.57582396
muju-0424,14,14_gyeongsang_jeolla_country_blow,1.0
cheongdo-0517,14,14_gyeongsang_jeolla_country_blow,1.0
haman-0126,13,13_september_thirty_march_summer,0.6695248
boseong-0124,14,14_gyeongsang_jeolla_country_blow,1.0
cheolwon-1208,0,0_dear_sorrow_wish_weaving,0.0
changwon-0411,14,14_gyeongsang_jeolla_country_blow,0.9048364
muju-0422,14,14_gyeongsang_jeolla_country_blow,1.0
yeongam-0430,10,10_young cossack_cossack_horseback_love young,1.0
gyeongsan-0308,14,14_gyeongsang_jeolla_country_blow,0.53982663
ulreung-0708,0,0_dear_sorrow_wish_weaving,0.0
seongju-0621,14,14_gyeongsang_jeolla_country_blow,1.0
cheongwon-0217,0,0_dear_sorrow_wish_weaving,0.0
yanggu-0708,14,14_gyeongsang_jeolla_country_blow,0.88697946
sangju-1223,14,14_gyeongsang_jeolla_country_blow,1.0
hwacheon-0404,14,14_gyeongsang_jeolla_country_blow,1.0
gapyeong-0113,7,7_street_streets_fence_corner,1.0
jungwon-0315,14,14_gyeongsang_jeolla_country_blow,1.0
cheongdo-0721,13,13_september_thirty_march_summer,0.4893042
jinyang-0809,14,14_gyeongsang_jeolla_country_blow,1.0
wonju-0212,14,14_gyeongsang_jeolla_country_blow,0.7523554
yangyang-1618,0,0_dear_sorrow_wish_weaving,0.0
chilgok-0504,14,14_gyeongsang_jeolla_country_blow,1.0
seongju-0321,0,0_dear_sorrow_wish_weaving,0.0
yangyang-1620,18,18_farmer_rye_oats_horses,1.0
inje-0719,14,14_gyeongsang_jeolla_country_blow,1.0
jinan-0130,14,14_gyeongsang_jeolla_country_blow,1.0
gn.goseong-0611,14,14_gyeongsang_jeolla_country_blow,1.0
yecheon-0335,0,0_dear_sorrow_wish_weaving,0.0
sunchang-0325,14,14_gyeongsang_jeolla_country_blow,1.0
cheonan-0705,14,14_gyeongsang_jeolla_country_blow,0.5175439
samcheok-0706,18,18_farmer_rye_oats_horses,1.0
ulsan-0406,14,14_gyeongsang_jeolla_country_blow,0.9343224
imsil-0226,14,14_gyeongsang_jeolla_country_blow,1.0
bukjeju-1709,14,14_gyeongsang_jeolla_country_blow,0.5900888
euiseong-0235,9,9_wreath_wreaths_wreath wreath_periwinkle,0.5073418
jinan-0128,0,0_dear_sorrow_wish_weaving,0.0
hwacheon-0402,18,18_farmer_rye_oats_horses,1.0
sangju-0331,0,0_dear_sorrow_wish_weaving,0.0
incheon-0106,7,7_street_streets_fence_corner,0.49551445
yeonggwang-0231,0,0_dear_sorrow_wish_weaving,0.0
geumsan-0209,1,1_gyeongsang_river_spirit_moon,1.0
muan-0325,14,14_gyeongsang_jeolla_country_blow,1.0
jeongeup-0436,7,7_street_streets_fence_corner,0.59342587
gunwi-0321,14,14_gyeongsang_jeolla_country_blow,0.69419354
gapyeong-0115,0,0_dear_sorrow_wish_weaving,0.0
ulreung-0709,0,0_dear_sorrow_wish_weaving,0.0
jungwon-0314,14,14_gyeongsang_jeolla_country_blow,1.0
buyeo-0514,18,18_farmer_rye_oats_horses,1.0
yangyang-0311,0,0_dear_sorrow_wish_weaving,0.0
gimhae-0109,14,14_gyeongsang_jeolla_country_blow,1.0
gyeongsan-0122,0,0_dear_sorrow_wish_weaving,0.0
yecheon-0823,13,13_september_thirty_march_summer,1.0
yeongam-0214,14,14_gyeongsang_jeolla_country_blow,0.82874024
muju-0721,14,14_gyeongsang_jeolla_country_blow,1.0
cheolwon-1029,9,9_wreath_wreaths_wreath wreath_periwinkle,1.0
hamyang-0607,18,18_farmer_rye_oats_horses,1.0
sinan-0313,14,14_gyeongsang_jeolla_country_blow,1.0
yecheon-0806,0,0_dear_sorrow_wish_weaving,0.0
muju-0420,0,0_dear_sorrow_wish_weaving,0.0
buyeo-0324,14,14_gyeongsang_jeolla_country_blow,1.0
gimhae-0213,14,14_gyeongsang_jeolla_country_blow,0.5572346
changnyeong-0413,17,17_mocking_squirrel_don laugh_laugh,0.59870315
seongju-0620,14,14_gyeongsang_jeolla_country_blow,1.0
iksan-0212,0,0_dear_sorrow_wish_weaving,0.0
inje-0114,14,14_gyeongsang_jeolla_country_blow,0.47148368
mungyeong-0419,17,17_mocking_squirrel_don laugh_laugh,1.0
ulsan-0809,18,18_farmer_rye_oats_horses,0.6781365
samcheok-1014,14,14_gyeongsang_jeolla_country_blow,0.83783454
namjeju-0411,14,14_gyeongsang_jeolla_country_blow,0.8518389
hamyang-0202,13,13_september_thirty_march_summer,0.65980214
goryeong-0633,0,0_dear_sorrow_wish_weaving,0.0
cheongdo-0634,0,0_dear_sorrow_wish_weaving,0.0
naju-0417,0,0_dear_sorrow_wish_weaving,0.0
naju-0416,18,18_farmer_rye_oats_horses,1.0
bukjeju-1806,9,9_wreath_wreaths_wreath wreath_periwinkle,0.62091357
yeongil-0236,0,0_dear_sorrow_wish_weaving,0.0
yeocheon-0340,0,0_dear_sorrow_wish_weaving,0.0
hapcheon-0313,13,13_september_thirty_march_summer,0.44056615
okgu-0414,9,9_wreath_wreaths_wreath wreath_periwinkle,1.0
geochang-0116,0,0_dear_sorrow_wish_weaving,0.0
jindo-0602,18,18_farmer_rye_oats_horses,0.60256684
boseong-0110,0,0_dear_sorrow_wish_weaving,0.0
yeongam-0533,16,16_song praise_cheerful song_sing song_sing,1.0
goheung-0428,0,0_dear_sorrow_wish_weaving,0.0
bukjeju-0915,18,18_farmer_rye_oats_horses,1.0
gunwi-0217,0,0_dear_sorrow_wish_weaving,0.0
yeongil-0318,13,13_september_thirty_march_summer,0.71123016
milyang-1805,14,14_gyeongsang_jeolla_country_blow,0.5583865
sacheon-0304,13,13_september_thirty_march_summer,1.0
daegu-0420,0,0_dear_sorrow_wish_weaving,0.0
geumreung-0601,13,13_september_thirty_march_summer,0.81249076
yeongam-0309,0,0_dear_sorrow_wish_weaving,0.0
jecheon-0301,13,13_september_thirty_march_summer,0.59313416
yecheon-0834,0,0_dear_sorrow_wish_weaving,0.0
daegu-0429,14,14_gyeongsang_jeolla_country_blow,0.6412596
jangheung-0316,18,18_farmer_rye_oats_horses,1.0
muju-0731,13,13_september_thirty_march_summer,0.57857305
gangjin-0806,10,10_young cossack_cossack_horseback_love young,1.0
geumreung-0707,14,14_gyeongsang_jeolla_country_blow,0.6209862
gapyeong-0214,13,13_september_thirty_march_summer,0.4749677
gangjin-0504,0,0_dear_sorrow_wish_weaving,0.0
yangyang-0405,0,0_dear_sorrow_wish_weaving,0.0
boseong-0114,14,14_gyeongsang_jeolla_country_blow,0.8017746
gwangyang-0224,14,14_gyeongsang_jeolla_country_blow,1.0
cheolwon-1012,13,13_september_thirty_march_summer,0.5741042
haenam-0147,0,0_dear_sorrow_wish_weaving,0.0
gyeongju-0406,10,10_young cossack_cossack_horseback_love young,0.45914945
muju-0803,7,7_street_streets_fence_corner,0.73927635
gwangjusi-0210,13,13_september_thirty_march_summer,0.74809945
gimje-0412,0,0_dear_sorrow_wish_weaving,0.0
gwangjusi-0213,0,0_dear_sorrow_wish_weaving,0.0
damyang-0209,18,18_farmer_rye_oats_horses,1.0
jindo-0317,18,18_farmer_rye_oats_horses,1.0
muan-0309,13,13_september_thirty_march_summer,1.0
dalseong-0527,0,0_dear_sorrow_wish_weaving,0.0
damyang-0310,7,7_street_streets_fence_corner,1.0
cheolwon-1309,17,17_mocking_squirrel_don laugh_laugh,0.4568531
cheongsong-0617,0,0_dear_sorrow_wish_weaving,0.0
yanggu-0212,0,0_dear_sorrow_wish_weaving,0.0
gapyeong-0122,13,13_september_thirty_march_summer,0.4965477
seongju-0109,13,13_september_thirty_march_summer,0.34493223
jinan-0513,14,14_gyeongsang_jeolla_country_blow,1.0
seongju-0219,0,0_dear_sorrow_wish_weaving,0.0
seungju-0108,0,0_dear_sorrow_wish_weaving,0.0
daegu-0419,7,7_street_streets_fence_corner,0.606321
goheung-0134,0,0_dear_sorrow_wish_weaving,0.0
gw.goseong-1113,13,13_september_thirty_march_summer,1.0
haenam-0428,13,13_september_thirty_march_summer,0.68793684
euiryeong-0308,18,18_farmer_rye_oats_horses,0.589623
danyang-0312,13,13_september_thirty_march_summer,0.756427
jinan-0516,14,14_gyeongsang_jeolla_country_blow,1.0
cheolwon-0701,18,18_farmer_rye_oats_horses,1.0
nonsan-0510,13,13_september_thirty_march_summer,1.0
namwon-0506,0,0_dear_sorrow_wish_weaving,0.0
cheongsong-0619,14,14_gyeongsang_jeolla_country_blow,1.0
milyang-1713,13,13_september_thirty_march_summer,1.0
goheung-0137,14,14_gyeongsang_jeolla_country_blow,1.0
gn.goseong-0509,13,13_september_thirty_march_summer,0.28687385
wanju-0303,18,18_farmer_rye_oats_horses,0.49150437
gangjin-0508,0,0_dear_sorrow_wish_weaving,0.0
gapyeong-0314,13,13_september_thirty_march_summer,0.5678792
damyang-0210,18,18_farmer_rye_oats_horses,0.75230676
goryeong-0632,0,0_dear_sorrow_wish_weaving,0.0
gangjin-0110,6,6_poplar_eyebrows_bright_boast,0.72143877
dangjin-1012,18,18_farmer_rye_oats_horses,1.0
seosan-0607,18,18_farmer_rye_oats_horses,0.7782978
uljin-0816,14,14_gyeongsang_jeolla_country_blow,1.0
muju-0732,14,14_gyeongsang_jeolla_country_blow,0.3951719
milyang-0111,13,13_september_thirty_march_summer,0.879657
muan-0209,0,0_dear_sorrow_wish_weaving,0.0
yeongcheon-0506,0,0_dear_sorrow_wish_weaving,0.0
jinan-0517,0,0_dear_sorrow_wish_weaving,0.0
imsil-0604,0,0_dear_sorrow_wish_weaving,0.0
geochang-0408,14,14_gyeongsang_jeolla_country_blow,1.0
goesan-0407,0,0_dear_sorrow_wish_weaving,0.0
gokseong-0212,10,10_young cossack_cossack_horseback_love young,1.0
sancheong-0313,14,14_gyeongsang_jeolla_country_blow,1.0
hamyang-0407,0,0_dear_sorrow_wish_weaving,0.0
jecheon-0405,13,13_september_thirty_march_summer,0.68186516
goryeong-0421,13,13_september_thirty_march_summer,0.83569044
yeongyang-0216,13,13_september_thirty_march_summer,0.59190816
muan-0515,18,18_farmer_rye_oats_horses,1.0
cheongdo-0502,0,0_dear_sorrow_wish_weaving,0.0
wanju-0205,0,0_dear_sorrow_wish_weaving,0.0
gunwi-0112,0,0_dear_sorrow_wish_weaving,0.0
hongseong-0135,14,14_gyeongsang_jeolla_country_blow,0.77847034
buyeo-0521,0,0_dear_sorrow_wish_weaving,0.0
gokseong-0211,0,0_dear_sorrow_wish_weaving,0.0
jejusi-0106,15,15_slave_goats_ants_feathers,0.74806404
wanju-0207,13,13_september_thirty_march_summer,1.0
euiseong-0706,0,0_dear_sorrow_wish_weaving,0.0
jindo-0601,18,18_farmer_rye_oats_horses,0.6174121
bukjeju-1509,18,18_farmer_rye_oats_horses,0.49510342
sinan-0412,0,0_dear_sorrow_wish_weaving,0.0
daegu-0427,13,13_september_thirty_march_summer,0.8631289
geochang-0213,0,0_dear_sorrow_wish_weaving,0.0
yeongwol-0128,13,13_september_thirty_march_summer,1.0
naju-0514,0,0_dear_sorrow_wish_weaving,0.0
damyang-0312,6,6_poplar_eyebrows_bright_boast,1.0
jinan-0515,6,6_poplar_eyebrows_bright_boast,1.0
jindo-0612,0,0_dear_sorrow_wish_weaving,0.0
sinan-0510,3,3_saint nicholas_saint_nicholas_holy evening,1.0
haenam-0310,18,18_farmer_rye_oats_horses,0.49179125
muan-0118,0,0_dear_sorrow_wish_weaving,0.0
buan-0509,14,14_gyeongsang_jeolla_country_blow,0.65920687
goheung-0427,0,0_dear_sorrow_wish_weaving,0.0
imsil-0106,14,14_gyeongsang_jeolla_country_blow,1.0
seungju-0212,0,0_dear_sorrow_wish_weaving,0.0
goheung-0314,18,18_farmer_rye_oats_horses,0.67473507
gangjin-0104,0,0_dear_sorrow_wish_weaving,0.0
damyang-0408,0,0_dear_sorrow_wish_weaving,0.0
goheung-0424,0,0_dear_sorrow_wish_weaving,0.0
gwangjusi-0125,18,18_farmer_rye_oats_horses,0.84143114
cheolwon-0703,0,0_dear_sorrow_wish_weaving,0.0
seocheon-0404,0,0_dear_sorrow_wish_weaving,0.0
gokseong-0408,0,0_dear_sorrow_wish_weaving,0.0
naju-0119,0,0_dear_sorrow_wish_weaving,0.0
gimpo-0503,18,18_farmer_rye_oats_horses,1.0
gokseong-0407,9,9_wreath_wreaths_wreath wreath_periwinkle,1.0
gimje-0413,18,18_farmer_rye_oats_horses,0.78077245
hapcheon-0408,7,7_street_streets_fence_corner,1.0
yeocheon-0214,14,14_gyeongsang_jeolla_country_blow,0.7731546
damyang-0109,0,0_dear_sorrow_wish_weaving,0.0
gunwi-0219,0,0_dear_sorrow_wish_weaving,0.0
jeongseon-0601,13,13_september_thirty_march_summer,0.4691393
boryeong-0230,11,11_little horses_horses_maids_altar,0.65722257
muju-0733,18,18_farmer_rye_oats_horses,1.0
gwangjusi-0121,0,0_dear_sorrow_wish_weaving,0.0
sinan-0508,18,18_farmer_rye_oats_horses,0.9240138
sangju-0808,0,0_dear_sorrow_wish_weaving,0.0
sinan-0509,0,0_dear_sorrow_wish_weaving,0.0
dalseong-0410,0,0_dear_sorrow_wish_weaving,0.0
gangjin-0501,16,16_song praise_cheerful song_sing song_sing,1.0
cheolwon-0704,18,18_farmer_rye_oats_horses,0.83436316
okgu-0216,14,14_gyeongsang_jeolla_country_blow,1.0
jangheung-0117,0,0_dear_sorrow_wish_weaving,0.0
seongju-0615,0,0_dear_sorrow_wish_weaving,0.0
naju-0237,0,0_dear_sorrow_wish_weaving,0.0
changwon-0112,0,0_dear_sorrow_wish_weaving,0.0
eumseong-0506,13,13_september_thirty_march_summer,0.49374118
okgu-0321,0,0_dear_sorrow_wish_weaving,0.0
wanju-0206,18,18_farmer_rye_oats_horses,1.0
namwon-0421,18,18_farmer_rye_oats_horses,1.0
cheongdo-0635,0,0_dear_sorrow_wish_weaving,0.0
naju-0235,0,0_dear_sorrow_wish_weaving,0.0
sangju-0413,0,0_dear_sorrow_wish_weaving,0.0
gwangjusi-0123,18,18_farmer_rye_oats_horses,1.0
gw.goseong-0103,7,7_street_streets_fence_corner,0.68705624
sinan-1015,18,18_farmer_rye_oats_horses,1.0
jeongseon-0210,0,0_dear_sorrow_wish_weaving,0.0
goryeong-0215,0,0_dear_sorrow_wish_weaving,0.0
tongyeong-0310,0,0_dear_sorrow_wish_weaving,0.0
jangseong-0114,13,13_september_thirty_march_summer,0.36005813
uljin-0818,0,0_dear_sorrow_wish_weaving,0.0
okgu-0111,18,18_farmer_rye_oats_horses,1.0
mungyeong-0409,0,0_dear_sorrow_wish_weaving,0.0
euiseong-0707,0,0_dear_sorrow_wish_weaving,0.0
jincheon-0405,14,14_gyeongsang_jeolla_country_blow,1.0
gyeongsan-0603,14,14_gyeongsang_jeolla_country_blow,1.0
muan-0208,0,0_dear_sorrow_wish_weaving,0.0
goheung-0425,13,13_september_thirty_march_summer,1.0
changnyeong-0110,13,13_september_thirty_march_summer,0.71011966
yanggu-0911,13,13_september_thirty_march_summer,0.74449605
namwon-0409,0,0_dear_sorrow_wish_weaving,0.0
yeongam-0522,18,18_farmer_rye_oats_horses,1.0
daegu-0430,17,17_mocking_squirrel_don laugh_laugh,0.6983798
jangseong-0112,18,18_farmer_rye_oats_horses,1.0
gwangjusi-0208,0,0_dear_sorrow_wish_weaving,0.0
seonsan-0708,0,0_dear_sorrow_wish_weaving,0.0
yesan-0404,0,0_dear_sorrow_wish_weaving,0.0
hwaseong-0505,13,13_september_thirty_march_summer,0.5708786
wando-0120,0,0_dear_sorrow_wish_weaving,0.0
gokseong-0215,0,0_dear_sorrow_wish_weaving,0.0
gumi-0118,13,13_september_thirty_march_summer,1.0
yeongil-0402,18,18_farmer_rye_oats_horses,0.6502131
naju-0418,9,9_wreath_wreaths_wreath wreath_periwinkle,0.58092785
gimje-0607,14,14_gyeongsang_jeolla_country_blow,0.52068955
damyang-0108,0,0_dear_sorrow_wish_weaving,0.0
geoje-0316,14,14_gyeongsang_jeolla_country_blow,0.505414
muan-0307,0,0_dear_sorrow_wish_weaving,0.0
gangjin-0803,0,0_dear_sorrow_wish_weaving,0.0
iksan-0202,9,9_wreath_wreaths_wreath wreath_periwinkle,0.6874597
bukjeju-1507,14,14_gyeongsang_jeolla_country_blow,1.0
gw.goseong-1307,13,13_september_thirty_march_summer,0.63716835
goheung-0312,14,14_gyeongsang_jeolla_country_blow,0.5659612
hwacheon-0703,13,13_september_thirty_march_summer,0.41527376
geumreung-0424,0,0_dear_sorrow_wish_weaving,0.0
cheongwon-0407,13,13_september_thirty_march_summer,0.5404245
hongseong-0404,14,14_gyeongsang_jeolla_country_blow,0.5000862
naju-0316,0,0_dear_sorrow_wish_weaving,0.0
jangheung-0118,3,3_saint nicholas_saint_nicholas_holy evening,1.0
yeongyang-0219,14,14_gyeongsang_jeolla_country_blow,1.0
gyeongju-0407,13,13_september_thirty_march_summer,0.72587836
naju-0121,0,0_dear_sorrow_wish_weaving,0.0
hamyang-0514,0,0_dear_sorrow_wish_weaving,0.0
uljin-0817,13,13_september_thirty_march_summer,0.5212971
gokseong-0214,13,13_september_thirty_march_summer,1.0
seongju-0110,14,14_gyeongsang_jeolla_country_blow,1.0
jindo-0753,0,0_dear_sorrow_wish_weaving,0.0
damyang-0211,18,18_farmer_rye_oats_horses,1.0
gochang-0209,16,16_song praise_cheerful song_sing song_sing,0.7496441
yeongam-0110,16,16_song praise_cheerful song_sing song_sing,0.5756148
gw.goseong-1306,18,18_farmer_rye_oats_horses,1.0
muan-0514,18,18_farmer_rye_oats_horses,1.0
gangjin-0801,16,16_song praise_cheerful song_sing song_sing,1.0
hwasun-0512,16,16_song praise_cheerful song_sing song_sing,0.7374124
changwon-0111,14,14_gyeongsang_jeolla_country_blow,0.8552551
tongyeong-0610,9,9_wreath_wreaths_wreath wreath_periwinkle,0.7909816
ganghwa-0114,7,7_street_streets_fence_corner,0.745582
jeomchon-0112,7,7_street_streets_fence_corner,1.0
uljin-0815,18,18_farmer_rye_oats_horses,1.0
naju-0314,13,13_september_thirty_march_summer,1.0
jindo-0606,14,14_gyeongsang_jeolla_country_blow,0.81699324
jangheung-0210,0,0_dear_sorrow_wish_weaving,0.0
muan-0210,0,0_dear_sorrow_wish_weaving,0.0
sinan-0801,0,0_dear_sorrow_wish_weaving,0.0
damyang-0311,13,13_september_thirty_march_summer,1.0
jinan-0512,0,0_dear_sorrow_wish_weaving,0.0
gn.goseong-0304,0,0_dear_sorrow_wish_weaving,0.0
yeocheon-0344,0,0_dear_sorrow_wish_weaving,0.0
goyang-0105,14,14_gyeongsang_jeolla_country_blow,0.65797323
yeongil-0237,18,18_farmer_rye_oats_horses,0.8722111
hoengseong-0324,13,13_september_thirty_march_summer,1.0
yeonggwang-0442,0,0_dear_sorrow_wish_weaving,0.0
gangjin-0409,16,16_song praise_cheerful song_sing song_sing,1.0
gangjin-0502,0,0_dear_sorrow_wish_weaving,0.0
cheongdo-0503,14,14_gyeongsang_jeolla_country_blow,0.89959854
muan-0510,0,0_dear_sorrow_wish_weaving,0.0
jangheung-0626,14,14_gyeongsang_jeolla_country_blow,0.5850652
sangju-0411,0,0_dear_sorrow_wish_weaving,0.0
changnyeong-0109,18,18_farmer_rye_oats_horses,1.0
myeongju-0414,9,9_wreath_wreaths_wreath wreath_periwinkle,0.6724979
yangyang-0406,0,0_dear_sorrow_wish_weaving,0.0
goryeong-0101,0,0_dear_sorrow_wish_weaving,0.0
buyeo-0209,13,13_september_thirty_march_summer,0.41552308
dalseong-0529,0,0_dear_sorrow_wish_weaving,0.0
yeongcheon-0410,13,13_september_thirty_march_summer,0.3735599
goheung-0133,13,13_september_thirty_march_summer,0.543611
yeocheon-0213,18,18_farmer_rye_oats_horses,0.51433146
cheongdo-0611,0,0_dear_sorrow_wish_weaving,0.0
gwangju-0409,13,13_september_thirty_march_summer,1.0
namhae-0120,13,13_september_thirty_march_summer,0.59515953
dalseong-0115,0,0_dear_sorrow_wish_weaving,0.0
yeongam-0535,18,18_farmer_rye_oats_horses,0.54728913
namwon-0115,14,14_gyeongsang_jeolla_country_blow,0.6882922
muan-0117,0,0_dear_sorrow_wish_weaving,0.0
damyang-0406,0,0_dear_sorrow_wish_weaving,0.0
imsil-0811,0,0_dear_sorrow_wish_weaving,0.0
muan-0512,0,0_dear_sorrow_wish_weaving,0.0
inje-0709,13,13_september_thirty_march_summer,1.0
wanju-0111,14,14_gyeongsang_jeolla_country_blow,1.0
goryeong-0214,0,0_dear_sorrow_wish_weaving,0.0
muan-0207,0,0_dear_sorrow_wish_weaving,0.0
geumreung-0708,18,18_farmer_rye_oats_horses,1.0
goheung-0320,18,18_farmer_rye_oats_horses,1.0
hwasun-0322,0,0_dear_sorrow_wish_weaving,0.0
jindo-0123,14,14_gyeongsang_jeolla_country_blow,1.0
naju-0517,13,13_september_thirty_march_summer,1.0
goheung-0136,0,0_dear_sorrow_wish_weaving,0.0
muan-0115,14,14_gyeongsang_jeolla_country_blow,1.0
muju-0605,13,13_september_thirty_march_summer,0.60982156
sinan-0506,0,0_dear_sorrow_wish_weaving,0.0
hadong-0607,18,18_farmer_rye_oats_horses,0.44472224
yangyang-0112,6,6_poplar_eyebrows_bright_boast,1.0
gw.goseong-0102,0,0_dear_sorrow_wish_weaving,0.0
naju-0315,18,18_farmer_rye_oats_horses,0.86720395
cheongdo-0501,0,0_dear_sorrow_wish_weaving,0.0
yeongam-0534,18,18_farmer_rye_oats_horses,0.7809368
seonsan-0710,0,0_dear_sorrow_wish_weaving,0.0
namwon-0510,0,0_dear_sorrow_wish_weaving,0.0
yeonggwang-0123,18,18_farmer_rye_oats_horses,1.0
yeocheon-0215,14,14_gyeongsang_jeolla_country_blow,0.8954183
jincheon-0206,13,13_september_thirty_march_summer,1.0
wanju-0110,0,0_dear_sorrow_wish_weaving,0.0
goheung-0132,18,18_farmer_rye_oats_horses,0.43160927
imsil-0810,0,0_dear_sorrow_wish_weaving,0.0
dalseong-0411,0,0_dear_sorrow_wish_weaving,0.0
iksan-0105,0,0_dear_sorrow_wish_weaving,0.0
cheongsong-0112,0,0_dear_sorrow_wish_weaving,0.0
cheongyang-0205,18,18_farmer_rye_oats_horses,1.0
euiryeong-0613,13,13_september_thirty_march_summer,0.69973534
goryeong-0420,14,14_gyeongsang_jeolla_country_blow,0.390776
gimpo-0504,13,13_september_thirty_march_summer,0.7308428
seongju-0220,18,18_farmer_rye_oats_horses,1.0
jangseong-0115,0,0_dear_sorrow_wish_weaving,0.0
goryeong-0104,13,13_september_thirty_march_summer,0.61117166
jecheon-0303,13,13_september_thirty_march_summer,0.8124193
wando-0712,18,18_farmer_rye_oats_horses,1.0
boeun-0304,0,0_dear_sorrow_wish_weaving,0.0
cheongdo-0601,13,13_september_thirty_march_summer,0.3331115
geumreung-0609,0,0_dear_sorrow_wish_weaving,0.0
goryeong-0102,0,0_dear_sorrow_wish_weaving,0.0
buyeo-0504,13,13_september_thirty_march_summer,1.0
onyang-0106,17,17_mocking_squirrel_don laugh_laugh,0.5577432
imsil-0507,13,13_september_thirty_march_summer,0.5208733
jangheung-0415,0,0_dear_sorrow_wish_weaving,0.0
hwaseong-0207,13,13_september_thirty_march_summer,0.5365296
gokseong-0406,18,18_farmer_rye_oats_horses,1.0
muan-0119,0,0_dear_sorrow_wish_weaving,0.0
cheolwon-0103,13,13_september_thirty_march_summer,0.8133446
gwangjusi-0209,0,0_dear_sorrow_wish_weaving,0.0
gw.goseong-1114,0,0_dear_sorrow_wish_weaving,0.0
jangseong-0414,13,13_september_thirty_march_summer,0.51116234
changnyeong-0406,13,13_september_thirty_march_summer,0.8277563
imsil-0406,14,14_gyeongsang_jeolla_country_blow,1.0
ulsan-0717,18,18_farmer_rye_oats_horses,0.5381683
seonsan-0104,13,13_september_thirty_march_summer,1.0
gangjin-0105,9,9_wreath_wreaths_wreath wreath_periwinkle,1.0
hapcheon-0805,16,16_song praise_cheerful song_sing song_sing,1.0
euiryeong-0102,13,13_september_thirty_march_summer,0.5505159
hampyeong-0509,13,13_september_thirty_march_summer,1.0
gwangyang-0223,16,16_song praise_cheerful song_sing song_sing,0.7677587
gimje-0205,7,7_street_streets_fence_corner,1.0
gokseong-0216,0,0_dear_sorrow_wish_weaving,0.0
milyang-1714,13,13_september_thirty_march_summer,1.0
gangjin-0109,14,14_gyeongsang_jeolla_country_blow,1.0
seonsan-0217,0,0_dear_sorrow_wish_weaving,0.0
euiryeong-0506,13,13_september_thirty_march_summer,0.570687
uljin-0119,0,0_dear_sorrow_wish_weaving,0.0
sunchang-0312,0,0_dear_sorrow_wish_weaving,0.0
euiseong-0621,6,6_poplar_eyebrows_bright_boast,0.5392774
hampyeong-0314,0,0_dear_sorrow_wish_weaving,0.0
jinan-0118,16,16_song praise_cheerful song_sing song_sing,0.3976942
boseong-0112,18,18_farmer_rye_oats_horses,0.7068162
milyang-0708,9,9_wreath_wreaths_wreath wreath_periwinkle,1.0
gw.goseong-0911,14,14_gyeongsang_jeolla_country_blow,1.0
wando-0216,0,0_dear_sorrow_wish_weaving,0.0
okgu-0215,14,14_gyeongsang_jeolla_country_blow,0.84508485
namwon-0509,0,0_dear_sorrow_wish_weaving,0.0
milyang-1510,0,0_dear_sorrow_wish_weaving,0.0
imsil-0231,0,0_dear_sorrow_wish_weaving,0.0
jeongseon-1209,7,7_street_streets_fence_corner,1.0
sinan-1016,14,14_gyeongsang_jeolla_country_blow,1.0
hoengseong-0432,13,13_september_thirty_march_summer,0.54299915
cheonan-0706,18,18_farmer_rye_oats_horses,0.44523522
gwangjusi-0122,18,18_farmer_rye_oats_horses,1.0
boseong-0113,18,18_farmer_rye_oats_horses,1.0
jangseong-0211,16,16_song praise_cheerful song_sing song_sing,1.0
gumi-0117,13,13_september_thirty_march_summer,0.49146867
goheung-0321,14,14_gyeongsang_jeolla_country_blow,1.0
hongseong-0113,18,18_farmer_rye_oats_horses,0.8830319
bukjeju-1508,0,0_dear_sorrow_wish_weaving,0.0
cheongsong-0621,18,18_farmer_rye_oats_horses,1.0
gimpo-0405,13,13_september_thirty_march_summer,0.7067743
cheongsong-0620,0,0_dear_sorrow_wish_weaving,0.0
naju-0513,13,13_september_thirty_march_summer,0.6980496
naju-0515,0,0_dear_sorrow_wish_weaving,0.0
hoengseong-0615,13,13_september_thirty_march_summer,1.0
yeongdeok-0114,13,13_september_thirty_march_summer,0.40976423
cheongwon-0406,7,7_street_streets_fence_corner,0.40423808
jinyang-0427,13,13_september_thirty_march_summer,0.8052811
goheung-0318,14,14_gyeongsang_jeolla_country_blow,1.0
euiryeong-0210,16,16_song praise_cheerful song_sing song_sing,0.5118923
yangyang-1614,13,13_september_thirty_march_summer,1.0
hampyeong-0318,0,0_dear_sorrow_wish_weaving,0.0
naju-0516,9,9_wreath_wreaths_wreath wreath_periwinkle,1.0
euiryeong-0505,18,18_farmer_rye_oats_horses,0.48283324
gwangjusi-0127,0,0_dear_sorrow_wish_weaving,0.0
jinyang-0808,13,13_september_thirty_march_summer,1.0
changnyeong-0407,11,11_little horses_horses_maids_altar,0.7441656
goryeong-0419,14,14_gyeongsang_jeolla_country_blow,1.0
seungju-0104,0,0_dear_sorrow_wish_weaving,0.0
jungwon-0110,18,18_farmer_rye_oats_horses,0.7103803
hoengseong-0217,14,14_gyeongsang_jeolla_country_blow,0.3703522
gwangjusi-0211,0,0_dear_sorrow_wish_weaving,0.0
gimpo-0104,13,13_september_thirty_march_summer,1.0
gyeongsan-0317,14,14_gyeongsang_jeolla_country_blow,0.28403434
wanju-0304,0,0_dear_sorrow_wish_weaving,0.0
goheung-0317,0,0_dear_sorrow_wish_weaving,0.0
cheongwon-0206,13,13_september_thirty_march_summer,0.48374885
geoje-0507,14,14_gyeongsang_jeolla_country_blow,1.0
gn.goseong-0204,18,18_farmer_rye_oats_horses,0.8687579
gunwi-0218,13,13_september_thirty_march_summer,1.0
imsil-0232,0,0_dear_sorrow_wish_weaving,0.0
icheon-0408,14,14_gyeongsang_jeolla_country_blow,1.0
imsil-0404,0,0_dear_sorrow_wish_weaving,0.0
buyeo-0208,18,18_farmer_rye_oats_horses,1.0
uljin-0819,0,0_dear_sorrow_wish_weaving,0.0
sinan-0511,16,16_song praise_cheerful song_sing song_sing,1.0
yanggu-0120,0,0_dear_sorrow_wish_weaving,0.0
hwacheon-0104,0,0_dear_sorrow_wish_weaving,0.0
cheolwon-0702,18,18_farmer_rye_oats_horses,0.70896184
seocheon-0904,13,13_september_thirty_march_summer,0.54540664
cheolwon-1011,13,13_september_thirty_march_summer,0.6607489
namjeju-0817,13,13_september_thirty_march_summer,1.0
sunchang-0311,6,6_poplar_eyebrows_bright_boast,1.0
yeongju-0112,0,0_dear_sorrow_wish_weaving,0.0
sunchang-0509,0,0_dear_sorrow_wish_weaving,0.0
muan-0114,18,18_farmer_rye_oats_horses,0.5500305
naju-0120,0,0_dear_sorrow_wish_weaving,0.0
yangyang-2319,0,0_dear_sorrow_wish_weaving,0.0
jindo-0603,0,0_dear_sorrow_wish_weaving,0.0
gimpo-0501,0,0_dear_sorrow_wish_weaving,0.0
yeonggwang-0441,14,14_gyeongsang_jeolla_country_blow,1.0
boryeong-0708,18,18_farmer_rye_oats_horses,1.0
wando-0711,0,0_dear_sorrow_wish_weaving,0.0
wando-0212,0,0_dear_sorrow_wish_weaving,0.0
sinan-0618,18,18_farmer_rye_oats_horses,1.0
dalseong-0528,0,0_dear_sorrow_wish_weaving,0.0
gochang-0108,18,18_farmer_rye_oats_horses,1.0
buan-0613,0,0_dear_sorrow_wish_weaving,0.0
gimhae-0210,14,14_gyeongsang_jeolla_country_blow,1.0
milyang-0709,13,13_september_thirty_march_summer,0.4029312
yeonggwang-0617,0,0_dear_sorrow_wish_weaving,0.0
gangjin-0503,0,0_dear_sorrow_wish_weaving,0.0
mungyeong-0201,13,13_september_thirty_march_summer,0.53801763
chilgok-0216,14,14_gyeongsang_jeolla_country_blow,1.0
boseong-0111,16,16_song praise_cheerful song_sing song_sing,1.0
gapyeong-0413,7,7_street_streets_fence_corner,0.6416521
wanju-0208,14,14_gyeongsang_jeolla_country_blow,1.0
mungyeong-0410,18,18_farmer_rye_oats_horses,1.0
pyeongchang-0307,13,13_september_thirty_march_summer,0.71217334
goesan-0406,13,13_september_thirty_march_summer,1.0
geumreung-0203,13,13_september_thirty_march_summer,1.0
hwaseong-0118,0,0_dear_sorrow_wish_weaving,0.0
uljin-0120,0,0_dear_sorrow_wish_weaving,0.0
yeongam-0523,0,0_dear_sorrow_wish_weaving,0.0
gokseong-0210,0,0_dear_sorrow_wish_weaving,0.0
anseong-0111,18,18_farmer_rye_oats_horses,0.8863902
seonsan-0216,0,0_dear_sorrow_wish_weaving,0.0
cheolwon-0901,13,13_september_thirty_march_summer,0.5618971
cheongwon-0309,13,13_september_thirty_march_summer,0.41109172
seongju-0218,0,0_dear_sorrow_wish_weaving,0.0
gangjin-0802,0,0_dear_sorrow_wish_weaving,0.0
jangseong-0415,0,0_dear_sorrow_wish_weaving,0.0
cheongsong-0616,14,14_gyeongsang_jeolla_country_blow,1.0
muan-0213,13,13_september_thirty_march_summer,0.5962418
gapyeong-0516,16,16_song praise_cheerful song_sing song_sing,0.54238105
haenam-0424,18,18_farmer_rye_oats_horses,0.62953156
muju-0308,0,0_dear_sorrow_wish_weaving,0.0
hwaseong-0204,0,0_dear_sorrow_wish_weaving,0.0
bukjeju-0511,14,14_gyeongsang_jeolla_country_blow,1.0
bonghwa-0805,14,14_gyeongsang_jeolla_country_blow,0.51992434
gyeongsan-0612,0,0_dear_sorrow_wish_weaving,0.0
boseong-0101,0,0_dear_sorrow_wish_weaving,0.0
icheon-0102,13,13_september_thirty_march_summer,1.0
naju-0201,0,0_dear_sorrow_wish_weaving,0.0
bukjeju-2017,0,0_dear_sorrow_wish_weaving,0.0
seocheon-0301,14,14_gyeongsang_jeolla_country_blow,1.0
gn.goseong-0507,14,14_gyeongsang_jeolla_country_blow,1.0
gunwi-0421,0,0_dear_sorrow_wish_weaving,0.0
gimpo-0402,0,0_dear_sorrow_wish_weaving,0.0
gw.goseong-0933,16,16_song praise_cheerful song_sing song_sing,1.0
samcheok-0701,9,9_wreath_wreaths_wreath wreath_periwinkle,1.0
haenam-0142,9,9_wreath_wreaths_wreath wreath_periwinkle,1.0
gimje-0203,0,0_dear_sorrow_wish_weaving,0.0
hampyeong-0401,0,0_dear_sorrow_wish_weaving,0.0
tongyeong-0403,14,14_gyeongsang_jeolla_country_blow,0.8972723
damyang-0204,0,0_dear_sorrow_wish_weaving,0.0
yangyang-0101,14,14_gyeongsang_jeolla_country_blow,0.8125245
hoengseong-0408,14,14_gyeongsang_jeolla_country_blow,1.0
okgu-0103,11,11_little horses_horses_maids_altar,0.7456926
wando-0203,0,0_dear_sorrow_wish_weaving,0.0
cheolwon-0809,18,18_farmer_rye_oats_horses,1.0
gangreung-0206,14,14_gyeongsang_jeolla_country_blow,1.0
sangju-1443,13,13_september_thirty_march_summer,1.0
cheolwon-1303,14,14_gyeongsang_jeolla_country_blow,0.5979409
bukjeju-0604,0,0_dear_sorrow_wish_weaving,0.0
imsil-0602,18,18_farmer_rye_oats_horses,0.8556617
cheongdo-0119,0,0_dear_sorrow_wish_weaving,0.0
namjeju-0808,0,0_dear_sorrow_wish_weaving,0.0
gimje-0206,0,0_dear_sorrow_wish_weaving,0.0
sangju-1303,0,0_dear_sorrow_wish_weaving,0.0
milyang-0512,13,13_september_thirty_march_summer,0.6644558
uljin-0810,0,0_dear_sorrow_wish_weaving,0.0
gyeongsan-0704,9,9_wreath_wreaths_wreath wreath_periwinkle,1.0
gimje-0705,16,16_song praise_cheerful song_sing song_sing,0.69716895
icheon-0204,13,13_september_thirty_march_summer,1.0
seongju-0207,14,14_gyeongsang_jeolla_country_blow,0.6706928
namwon-0110,0,0_dear_sorrow_wish_weaving,0.0
yeongi-0902,0,0_dear_sorrow_wish_weaving,0.0
okcheon-0102,0,0_dear_sorrow_wish_weaving,0.0
sinan-0209,0,0_dear_sorrow_wish_weaving,0.0
cheongdo-0615,14,14_gyeongsang_jeolla_country_blow,0.71245337
seongju-0302,16,16_song praise_cheerful song_sing song_sing,0.51959705
anseong-0201,0,0_dear_sorrow_wish_weaving,0.0
cheongyang-0401,6,6_poplar_eyebrows_bright_boast,0.25896743
jinyang-0921,14,14_gyeongsang_jeolla_country_blow,1.0
euiseong-0502,9,9_wreath_wreaths_wreath wreath_periwinkle,0.379369
uljin-0804,0,0_dear_sorrow_wish_weaving,0.0
dangjin-1112,18,18_farmer_rye_oats_horses,1.0
hampyeong-0505,0,0_dear_sorrow_wish_weaving,0.0
hongcheon-1316,16,16_song praise_cheerful song_sing song_sing,0.815685
cheolwon-1104,18,18_farmer_rye_oats_horses,1.0
yangsan-0106,0,0_dear_sorrow_wish_weaving,0.0
chungmu-0106,13,13_september_thirty_march_summer,0.5174035
wonju-0204,11,11_little horses_horses_maids_altar,1.0
sancheong-0304,9,9_wreath_wreaths_wreath wreath_periwinkle,1.0
dangjin-0511,0,0_dear_sorrow_wish_weaving,0.0
wonju-0516,0,0_dear_sorrow_wish_weaving,0.0
sinan-0501,0,0_dear_sorrow_wish_weaving,0.0
sangju-0805,0,0_dear_sorrow_wish_weaving,0.0
samcheok-0603,13,13_september_thirty_march_summer,0.506323
namjeju-1114,9,9_wreath_wreaths_wreath wreath_periwinkle,1.0
sangju-0201,13,13_september_thirty_march_summer,1.0
okgu-0301,0,0_dear_sorrow_wish_weaving,0.0
geumreung-0302,18,18_farmer_rye_oats_horses,1.0
goesan-0206,14,14_gyeongsang_jeolla_country_blow,0.6755622
jincheon-0306,0,0_dear_sorrow_wish_weaving,0.0
yangyang-2316,0,0_dear_sorrow_wish_weaving,0.0
gn.goseong-0214,9,9_wreath_wreaths_wreath wreath_periwinkle,1.0
seungju-0301,15,15_slave_goats_ants_feathers,1.0
hoengseong-0402,14,14_gyeongsang_jeolla_country_blow,1.0
sangju-0205,18,18_farmer_rye_oats_horses,1.0
muju-0306,0,0_dear_sorrow_wish_weaving,0.0
myeongju-0607,0,0_dear_sorrow_wish_weaving,0.0
hoengseong-0310,17,17_mocking_squirrel_don laugh_laugh,1.0
cheongyang-0103,13,13_september_thirty_march_summer,0.6560193
uljin-0144,0,0_dear_sorrow_wish_weaving,0.0
hwaseong-0203,7,7_street_streets_fence_corner,1.0
sinan-0405,0,0_dear_sorrow_wish_weaving,0.0
gunwi-0501,0,0_dear_sorrow_wish_weaving,0.0
yangsan-0224,16,16_song praise_cheerful song_sing song_sing,1.0
jindo-0732,0,0_dear_sorrow_wish_weaving,0.0
yeongcheon-0404,0,0_dear_sorrow_wish_weaving,0.0
taean-0503,14,14_gyeongsang_jeolla_country_blow,1.0
muju-0711,18,18_farmer_rye_oats_horses,0.585923
sunchang-0107,13,13_september_thirty_march_summer,0.7277641
hongcheon-1303,13,13_september_thirty_march_summer,0.77835584
bonghwa-0606,18,18_farmer_rye_oats_horses,1.0
namjeju-0201,16,16_song praise_cheerful song_sing song_sing,0.48303902
bukjeju-1408,13,13_september_thirty_march_summer,1.0
dalseong-0508,0,0_dear_sorrow_wish_weaving,0.0
milyang-0702,17,17_mocking_squirrel_don laugh_laugh,0.535266
seocheon-0602,14,14_gyeongsang_jeolla_country_blow,0.8112442
yangyang-1711,13,13_september_thirty_march_summer,0.9760702
myeongju-0512,14,14_gyeongsang_jeolla_country_blow,1.0
yeocheon-0105,0,0_dear_sorrow_wish_weaving,0.0
seosan-0505,0,0_dear_sorrow_wish_weaving,0.0
muju-0210,0,0_dear_sorrow_wish_weaving,0.0
bukjeju-0512,14,14_gyeongsang_jeolla_country_blow,0.7053509
daejeon-0201,14,14_gyeongsang_jeolla_country_blow,0.8451015
cheonan-0803,0,0_dear_sorrow_wish_weaving,0.0
yeongam-0503,16,16_song praise_cheerful song_sing song_sing,1.0
euiseong-0910,0,0_dear_sorrow_wish_weaving,0.0
namjeju-0401,18,18_farmer_rye_oats_horses,0.82774717
haman-0308,13,13_september_thirty_march_summer,0.73128635
geumreung-0310,14,14_gyeongsang_jeolla_country_blow,0.8520976
gw.goseong-0704,0,0_dear_sorrow_wish_weaving,0.0
dalseong-0347,13,13_september_thirty_march_summer,0.74652296
cheongsong-0506,0,0_dear_sorrow_wish_weaving,0.0
muju-0103,13,13_september_thirty_march_summer,1.0
wonju-0405,0,0_dear_sorrow_wish_weaving,0.0
seocheon-0312,0,0_dear_sorrow_wish_weaving,0.0
daegu-0509,18,18_farmer_rye_oats_horses,1.0
danyang-0101,18,18_farmer_rye_oats_horses,1.0
cheongsong-0307,0,0_dear_sorrow_wish_weaving,0.0
iksan-0401,18,18_farmer_rye_oats_horses,1.0
sinan-0607,0,0_dear_sorrow_wish_weaving,0.0
gyeongsan-0125,0,0_dear_sorrow_wish_weaving,0.0
yeongil-0204,13,13_september_thirty_march_summer,1.0
seonsan-0310,15,15_slave_goats_ants_feathers,1.0
bukjeju-0803,18,18_farmer_rye_oats_horses,1.0
yeongyang-0402,9,9_wreath_wreaths_wreath wreath_periwinkle,1.0
yangyang-2315,0,0_dear_sorrow_wish_weaving,0.0
yeongi-0104,0,0_dear_sorrow_wish_weaving,0.0
buyeo-0410,0,0_dear_sorrow_wish_weaving,0.0
cheolwon-1105,0,0_dear_sorrow_wish_weaving,0.0
jindo-0403,0,0_dear_sorrow_wish_weaving,0.0
pyeongchang-0810,0,0_dear_sorrow_wish_weaving,0.0
chilgok-0218,0,0_dear_sorrow_wish_weaving,0.0
namjeju-0603,14,14_gyeongsang_jeolla_country_blow,0.5093018
sangju-1301,0,0_dear_sorrow_wish_weaving,0.0
seonsan-0604,0,0_dear_sorrow_wish_weaving,0.0
cheongsong-0208,0,0_dear_sorrow_wish_weaving,0.0
sinan-1007,14,14_gyeongsang_jeolla_country_blow,0.5268532
namhae-0304,0,0_dear_sorrow_wish_weaving,0.0
bonghwa-0619,14,14_gyeongsang_jeolla_country_blow,1.0
sangju-0105,0,0_dear_sorrow_wish_weaving,0.0
jindo-0531,14,14_gyeongsang_jeolla_country_blow,1.0
uljin-0601,13,13_september_thirty_march_summer,0.8185387
yeongi-0615,0,0_dear_sorrow_wish_weaving,0.0
hwasun-0302,18,18_farmer_rye_oats_horses,1.0
yeongi-0601,0,0_dear_sorrow_wish_weaving,0.0
dangjin-0304,18,18_farmer_rye_oats_horses,1.0
yeongdong-0402,14,14_gyeongsang_jeolla_country_blow,1.0
yeongyang-0215,0,0_dear_sorrow_wish_weaving,0.0
cheonan-0501,18,18_farmer_rye_oats_horses,1.0
jungwon-0307,7,7_street_streets_fence_corner,1.0
jincheon-0505,18,18_farmer_rye_oats_horses,1.0
jangheung-0115,0,0_dear_sorrow_wish_weaving,0.0
geumsan-0301,0,0_dear_sorrow_wish_weaving,0.0
jindo-0505,0,0_dear_sorrow_wish_weaving,0.0
yangyang-2311,0,0_dear_sorrow_wish_weaving,0.0
hongcheon-1007,0,0_dear_sorrow_wish_weaving,0.0
gimpo-0301,13,13_september_thirty_march_summer,1.0
wando-0107,0,0_dear_sorrow_wish_weaving,0.0
jinyang-0603,0,0_dear_sorrow_wish_weaving,0.0
bukjeju-0605,0,0_dear_sorrow_wish_weaving,0.0
eumseong-0401,0,0_dear_sorrow_wish_weaving,0.0
buyeo-0409,18,18_farmer_rye_oats_horses,0.667253
gn.goseong-0101,7,7_street_streets_fence_corner,0.6995886
naju-0104,0,0_dear_sorrow_wish_weaving,0.0
ganghwa-0201,0,0_dear_sorrow_wish_weaving,0.0
nonsan-0501,7,7_street_streets_fence_corner,1.0
geumsan-1301,0,0_dear_sorrow_wish_weaving,0.0
muju-0408,0,0_dear_sorrow_wish_weaving,0.0
daejeon-0806,14,14_gyeongsang_jeolla_country_blow,1.0
bukjeju-2018,7,7_street_streets_fence_corner,0.40554467
geumreung-0622,18,18_farmer_rye_oats_horses,0.5016557
jindo-0701,0,0_dear_sorrow_wish_weaving,0.0
sangju-1306,18,18_farmer_rye_oats_horses,0.6657717
seosan-0403,13,13_september_thirty_march_summer,0.47907907
cheonan-0405,14,14_gyeongsang_jeolla_country_blow,0.50020134
myeongju-0504,14,14_gyeongsang_jeolla_country_blow,1.0
haman-0108,0,0_dear_sorrow_wish_weaving,0.0
jinyang-0101,14,14_gyeongsang_jeolla_country_blow,0.52223516
seongju-0106,14,14_gyeongsang_jeolla_country_blow,0.502995
goheung-0205,0,0_dear_sorrow_wish_weaving,0.0
gyeongsan-0624,0,0_dear_sorrow_wish_weaving,0.0
mungyeong-0505,18,18_farmer_rye_oats_horses,1.0
sangju-0408,0,0_dear_sorrow_wish_weaving,0.0
chuncheon-0906,9,9_wreath_wreaths_wreath wreath_periwinkle,1.0
geochang-0307,0,0_dear_sorrow_wish_weaving,0.0
ulsan-0913,0,0_dear_sorrow_wish_weaving,0.0
bukjeju-0802,9,9_wreath_wreaths_wreath wreath_periwinkle,1.0
gimje-0105,18,18_farmer_rye_oats_horses,1.0
seongju-0102,11,11_little horses_horses_maids_altar,1.0
changnyeong-0508,18,18_farmer_rye_oats_horses,1.0
damyang-0102,0,0_dear_sorrow_wish_weaving,0.0
gn.goseong-0512,0,0_dear_sorrow_wish_weaving,0.0
hapcheon-0606,0,0_dear_sorrow_wish_weaving,0.0
bonghwa-0612,6,6_poplar_eyebrows_bright_boast,1.0
namjeju-1208,16,16_song praise_cheerful song_sing song_sing,0.76430774
namhae-0313,7,7_street_streets_fence_corner,1.0
milyang-0901,15,15_slave_goats_ants_feathers,1.0
gyeongsan-0403,13,13_september_thirty_march_summer,1.0
hampyeong-0103,13,13_september_thirty_march_summer,0.8463534
myeongju-0508,0,0_dear_sorrow_wish_weaving,0.0
haenam-0301,14,14_gyeongsang_jeolla_country_blow,0.8795453
seonsan-0524,0,0_dear_sorrow_wish_weaving,0.0
hapcheon-0525,0,0_dear_sorrow_wish_weaving,0.0
yeongam-0518,13,13_september_thirty_march_summer,1.0
geochang-0209,0,0_dear_sorrow_wish_weaving,0.0
ganghwa-0101,7,7_street_streets_fence_corner,0.5436989
bukjeju-0907,6,6_poplar_eyebrows_bright_boast,1.0
jindo-0208,0,0_dear_sorrow_wish_weaving,0.0
geumsan-0108,13,13_september_thirty_march_summer,1.0
naju-0501,14,14_gyeongsang_jeolla_country_blow,0.50011677
yangyang-2308,0,0_dear_sorrow_wish_weaving,0.0
seocheon-0711,14,14_gyeongsang_jeolla_country_blow,1.0
gn.goseong-0402,0,0_dear_sorrow_wish_weaving,0.0
jindo-0204,0,0_dear_sorrow_wish_weaving,0.0
hamyang-0702,11,11_little horses_horses_maids_altar,1.0
seonsan-0319,14,14_gyeongsang_jeolla_country_blow,1.0
cheolwon-0801,0,0_dear_sorrow_wish_weaving,0.0
changnyeong-0103,9,9_wreath_wreaths_wreath wreath_periwinkle,0.52419364
gn.goseong-0118,14,14_gyeongsang_jeolla_country_blow,0.8180389
yangsan-0103,0,0_dear_sorrow_wish_weaving,0.0
yangyang-1602,11,11_little horses_horses_maids_altar,1.0
namjeju-0906,18,18_farmer_rye_oats_horses,0.41941968
yangyang-0106,18,18_farmer_rye_oats_horses,0.6422405
chuncheon-0207,18,18_farmer_rye_oats_horses,1.0
gimhae-0202,9,9_wreath_wreaths_wreath wreath_periwinkle,1.0
bukjeju-2021,14,14_gyeongsang_jeolla_country_blow,1.0
dalseong-0107,14,14_gyeongsang_jeolla_country_blow,0.8274918
goryeong-0405,9,9_wreath_wreaths_wreath wreath_periwinkle,1.0
jeongseon-0806,18,18_farmer_rye_oats_horses,1.0
haman-0412,9,9_wreath_wreaths_wreath wreath_periwinkle,1.0
chilgok-0121,0,0_dear_sorrow_wish_weaving,0.0
pyeongchang-0114,18,18_farmer_rye_oats_horses,1.0
seongju-0104,14,14_gyeongsang_jeolla_country_blow,1.0
sunchang-0502,16,16_song praise_cheerful song_sing song_sing,0.914546
cheongsong-0214,14,14_gyeongsang_jeolla_country_blow,1.0
muan-0402,14,14_gyeongsang_jeolla_country_blow,1.0
goheung-0501,7,7_street_streets_fence_corner,1.0
jinan-0503,0,0_dear_sorrow_wish_weaving,0.0
bukjeju-0307,0,0_dear_sorrow_wish_weaving,0.0
imsil-0203,13,13_september_thirty_march_summer,0.6416513
seongju-0423,7,7_street_streets_fence_corner,1.0
gumi-0104,14,14_gyeongsang_jeolla_country_blow,1.0
cheongsong-0313,0,0_dear_sorrow_wish_weaving,0.0
yeocheon-0315,0,0_dear_sorrow_wish_weaving,0.0
gw.goseong-0944,14,14_gyeongsang_jeolla_country_blow,1.0
hampyeong-0112,13,13_september_thirty_march_summer,0.7070349
geumsan-1002,14,14_gyeongsang_jeolla_country_blow,1.0
anseong-0402,13,13_september_thirty_march_summer,0.814457
jindo-0515,0,0_dear_sorrow_wish_weaving,0.0
geumsan-0105,0,0_dear_sorrow_wish_weaving,0.0
sancheong-0301,0,0_dear_sorrow_wish_weaving,0.0
jangseong-0301,0,0_dear_sorrow_wish_weaving,0.0
cheolwon-1002,16,16_song praise_cheerful song_sing song_sing,0.76235944
pyeongchang-0811,18,18_farmer_rye_oats_horses,1.0
gimhae-0403,18,18_farmer_rye_oats_horses,0.5906307
jangseong-0423,13,13_september_thirty_march_summer,1.0
okcheon-0202,0,0_dear_sorrow_wish_weaving,0.0
mungyeong-0101,13,13_september_thirty_march_summer,1.0
sangju-0316,14,14_gyeongsang_jeolla_country_blow,1.0
geumsan-0401,0,0_dear_sorrow_wish_weaving,0.0
euiseong-0801,0,0_dear_sorrow_wish_weaving,0.0
anseong-0202,14,14_gyeongsang_jeolla_country_blow,0.66337866
nonsan-0401,18,18_farmer_rye_oats_horses,0.7769393
bukjeju-0204,0,0_dear_sorrow_wish_weaving,0.0
cheolwon-0101,18,18_farmer_rye_oats_horses,0.41699934
sinan-0401,14,14_gyeongsang_jeolla_country_blow,0.83230543
anseong-0301,0,0_dear_sorrow_wish_weaving,0.0
yangyang-0903,14,14_gyeongsang_jeolla_country_blow,1.0
gn.goseong-0543,18,18_farmer_rye_oats_horses,1.0
seosan-0102,14,14_gyeongsang_jeolla_country_blow,1.0
goheung-0209,13,13_september_thirty_march_summer,1.0
bukjeju-2102,0,0_dear_sorrow_wish_weaving,0.0
gunwi-0201,0,0_dear_sorrow_wish_weaving,0.0
daegu-0308,0,0_dear_sorrow_wish_weaving,0.0
jeongeup-0480,18,18_farmer_rye_oats_horses,1.0
pyeongchang-1305,7,7_street_streets_fence_corner,1.0
yangyang-1306,0,0_dear_sorrow_wish_weaving,0.0
bukjeju-1703,0,0_dear_sorrow_wish_weaving,0.0
cheongdo-0605,13,13_september_thirty_march_summer,1.0
namhae-0511,0,0_dear_sorrow_wish_weaving,0.0
jinan-0201,14,14_gyeongsang_jeolla_country_blow,1.0
yeongdong-0802,0,0_dear_sorrow_wish_weaving,0.0
gochang-0802,18,18_farmer_rye_oats_horses,0.28220692
hadong-0604,14,14_gyeongsang_jeolla_country_blow,0.8361903
wanju-0425,18,18_farmer_rye_oats_horses,1.0
bukjeju-0809,0,0_dear_sorrow_wish_weaving,0.0
seocheon-0313,0,0_dear_sorrow_wish_weaving,0.0
uljin-0726,0,0_dear_sorrow_wish_weaving,0.0
yeongdeok-0110,0,0_dear_sorrow_wish_weaving,0.0
daegu-0608,0,0_dear_sorrow_wish_weaving,0.0
namwon-0111,0,0_dear_sorrow_wish_weaving,0.0
geumsan-0106,0,0_dear_sorrow_wish_weaving,0.0
daegu-0305,13,13_september_thirty_march_summer,1.0
naju-0233,14,14_gyeongsang_jeolla_country_blow,0.6460929
uljin-0843,0,0_dear_sorrow_wish_weaving,0.0
geumsan-0701,9,9_wreath_wreaths_wreath wreath_periwinkle,1.0
sangju-0605,17,17_mocking_squirrel_don laugh_laugh,0.5259393
gochang-0507,18,18_farmer_rye_oats_horses,0.52309597
sangju-0901,0,0_dear_sorrow_wish_weaving,0.0
dalseong-0203,18,18_farmer_rye_oats_horses,1.0
okcheon-0304,14,14_gyeongsang_jeolla_country_blow,0.8690712
wonju-0402,0,0_dear_sorrow_wish_weaving,0.0
cheongwon-0303,0,0_dear_sorrow_wish_weaving,0.0
seocheon-0704,16,16_song praise_cheerful song_sing song_sing,0.70630735
yangyang-2009,18,18_farmer_rye_oats_horses,1.0
gyeongju-0502,0,0_dear_sorrow_wish_weaving,0.0
muju-0806,0,0_dear_sorrow_wish_weaving,0.0
namwon-0306,13,13_september_thirty_march_summer,0.7104824
bonghwa-0101,0,0_dear_sorrow_wish_weaving,0.0
boeun-0303,6,6_poplar_eyebrows_bright_boast,1.0
jindo-0529,0,0_dear_sorrow_wish_weaving,0.0
goheung-0304,0,0_dear_sorrow_wish_weaving,0.0
yeonggwang-0120,0,0_dear_sorrow_wish_weaving,0.0
seonsan-0309,0,0_dear_sorrow_wish_weaving,0.0
hapcheon-0523,9,9_wreath_wreaths_wreath wreath_periwinkle,1.0
cheolwon-0321,13,13_september_thirty_march_summer,0.8119798
muan-0109,0,0_dear_sorrow_wish_weaving,0.0
yeongyang-0103,9,9_wreath_wreaths_wreath wreath_periwinkle,1.0
muju-0501,14,14_gyeongsang_jeolla_country_blow,0.67952293
uljin-0502,0,0_dear_sorrow_wish_weaving,0.0
sunchang-0204,0,0_dear_sorrow_wish_weaving,0.0
geumreung-0403,14,14_gyeongsang_jeolla_country_blow,1.0
yecheon-0407,0,0_dear_sorrow_wish_weaving,0.0
buyeo-0404,18,18_farmer_rye_oats_horses,1.0
gw.goseong-0204,14,14_gyeongsang_jeolla_country_blow,0.5772782
uljin-0803,0,0_dear_sorrow_wish_weaving,0.0
muju-0602,0,0_dear_sorrow_wish_weaving,0.0
wonju-0228,0,0_dear_sorrow_wish_weaving,0.0
namjeju-1104,7,7_street_streets_fence_corner,1.0
hongcheon-0418,0,0_dear_sorrow_wish_weaving,0.0
yeonggwang-0512,18,18_farmer_rye_oats_horses,1.0
hoengseong-0202,18,18_farmer_rye_oats_horses,0.5829636
hampyeong-0203,0,0_dear_sorrow_wish_weaving,0.0
muju-0205,0,0_dear_sorrow_wish_weaving,0.0
samcheok-1021,17,17_mocking_squirrel_don laugh_laugh,0.9351734
eumseong-0301,13,13_september_thirty_march_summer,0.8160533
geochang-0201,16,16_song praise_cheerful song_sing song_sing,0.67701733
gwangyang-0107,0,0_dear_sorrow_wish_weaving,0.0
geochang-0210,0,0_dear_sorrow_wish_weaving,0.0
gimje-0103,6,6_poplar_eyebrows_bright_boast,1.0
cheongdo-0701,0,0_dear_sorrow_wish_weaving,0.0
yeongdong-0302,0,0_dear_sorrow_wish_weaving,0.0
goesan-0401,0,0_dear_sorrow_wish_weaving,0.0
euiseong-0401,0,0_dear_sorrow_wish_weaving,0.0
yeongam-0202,0,0_dear_sorrow_wish_weaving,0.0
ulsan-0511,13,13_september_thirty_march_summer,1.0
chilgok-0109,0,0_dear_sorrow_wish_weaving,0.0
sacheon-0101,9,9_wreath_wreaths_wreath wreath_periwinkle,1.0
hongcheon-0101,18,18_farmer_rye_oats_horses,0.8297772
gimhae-0404,18,18_farmer_rye_oats_horses,1.0
seonsan-0504,13,13_september_thirty_march_summer,1.0
seosan-0602,14,14_gyeongsang_jeolla_country_blow,0.7618848
gw.goseong-1107,12,12_orphans_trees_plowed field_wilderness,1.0
ulsan-0403,14,14_gyeongsang_jeolla_country_blow,0.5275326
gyeongsan-0105,0,0_dear_sorrow_wish_weaving,0.0
geumreung-0441,0,0_dear_sorrow_wish_weaving,0.0
yeongi-0204,0,0_dear_sorrow_wish_weaving,0.0
yangyang-0209,13,13_september_thirty_march_summer,1.0
geumreung-0304,18,18_farmer_rye_oats_horses,1.0
jecheon-0105,13,13_september_thirty_march_summer,0.6951438
dangjin-1006,9,9_wreath_wreaths_wreath wreath_periwinkle,1.0
gwangju-0403-1,18,18_farmer_rye_oats_horses,1.0
euiseong-0305,0,0_dear_sorrow_wish_weaving,0.0
namjeju-0126,0,0_dear_sorrow_wish_weaving,0.0
yeongam-0515,16,16_song praise_cheerful song_sing song_sing,1.0
geumreung-0301,18,18_farmer_rye_oats_horses,1.0
cheongwon-0224,0,0_dear_sorrow_wish_weaving,0.0
bukjeju-0308,13,13_september_thirty_march_summer,1.0
wando-0103,14,14_gyeongsang_jeolla_country_blow,0.74523896
jangseong-0206,13,13_september_thirty_march_summer,0.57941437
geoje-0204,13,13_september_thirty_march_summer,0.7267125
buyeo-0203,0,0_dear_sorrow_wish_weaving,0.0
geoje-0408,14,14_gyeongsang_jeolla_country_blow,1.0
seongju-0708,0,0_dear_sorrow_wish_weaving,0.0
yeongi-0505,6,6_poplar_eyebrows_bright_boast,0.5144543
namjeju-0101,0,0_dear_sorrow_wish_weaving,0.0
wonju-0312,16,16_song praise_cheerful song_sing song_sing,1.0
bukjeju-0509,0,0_dear_sorrow_wish_weaving,0.0
jindo-0737,18,18_farmer_rye_oats_horses,0.61077976
gyeongju-0608,13,13_september_thirty_march_summer,1.0
nonsan-0603,14,14_gyeongsang_jeolla_country_blow,1.0
jinan-0111,0,0_dear_sorrow_wish_weaving,0.0
wanju-0503,14,14_gyeongsang_jeolla_country_blow,0.64208776
namjeju-0210,0,0_dear_sorrow_wish_weaving,0.0
sinan-0404,0,0_dear_sorrow_wish_weaving,0.0
goheung-0206,14,14_gyeongsang_jeolla_country_blow,0.58005774
ganghwa-0103,14,14_gyeongsang_jeolla_country_blow,0.55106544
jeomchon-0104,0,0_dear_sorrow_wish_weaving,0.0
seonsan-0101,0,0_dear_sorrow_wish_weaving,0.0
cheonan-0301,0,0_dear_sorrow_wish_weaving,0.0
nonsan-0303,14,14_gyeongsang_jeolla_country_blow,1.0
bukjeju-0312,13,13_september_thirty_march_summer,1.0
yangsan-0205,13,13_september_thirty_march_summer,0.51116234
yangyang-1601,14,14_gyeongsang_jeolla_country_blow,0.65908897
cheongdo-0407,14,14_gyeongsang_jeolla_country_blow,0.87988824
euiseong-0815,7,7_street_streets_fence_corner,1.0
uljin-0729,0,0_dear_sorrow_wish_weaving,0.0
jinan-0625,13,13_september_thirty_march_summer,1.0
sinan-0126,14,14_gyeongsang_jeolla_country_blow,0.51074016
changwon-0301,14,14_gyeongsang_jeolla_country_blow,1.0
naju-0112,18,18_farmer_rye_oats_horses,1.0
dangjin-0904,16,16_song praise_cheerful song_sing song_sing,0.4336919
imsil-0509,14,14_gyeongsang_jeolla_country_blow,0.6782391
jindo-0513,14,14_gyeongsang_jeolla_country_blow,1.0
namhae-0306,0,0_dear_sorrow_wish_weaving,0.0
cheongwon-0604,7,7_street_streets_fence_corner,0.7501822
yeongi-0607,0,0_dear_sorrow_wish_weaving,0.0
namwon-0414,0,0_dear_sorrow_wish_weaving,0.0
daejeon-0102,18,18_farmer_rye_oats_horses,1.0
dalseong-0243,13,13_september_thirty_march_summer,0.71739244
jangheung-0614,0,0_dear_sorrow_wish_weaving,0.0
pyeongchang-0602,9,9_wreath_wreaths_wreath wreath_periwinkle,1.0
hamyang-0403,15,15_slave_goats_ants_feathers,0.628057
buyeo-0408,6,6_poplar_eyebrows_bright_boast,0.6747867
pyeongchang-0605,0,0_dear_sorrow_wish_weaving,0.0
cheongwon-0603,14,14_gyeongsang_jeolla_country_blow,0.57283574
daegu-0445,0,0_dear_sorrow_wish_weaving,0.0
gangjin-0405,0,0_dear_sorrow_wish_weaving,0.0
geochang-0202,14,14_gyeongsang_jeolla_country_blow,1.0
ulsan-0710,13,13_september_thirty_march_summer,0.5805388
hapcheon-0207,0,0_dear_sorrow_wish_weaving,0.0
taean-0406,0,0_dear_sorrow_wish_weaving,0.0
hampyeong-0101,7,7_street_streets_fence_corner,0.49715057
jangseong-0516,0,0_dear_sorrow_wish_weaving,0.0
taean-0402,16,16_song praise_cheerful song_sing song_sing,1.0
hongcheon-0711,0,0_dear_sorrow_wish_weaving,0.0
mungyeong-0103,0,0_dear_sorrow_wish_weaving,0.0
jinan-0114,14,14_gyeongsang_jeolla_country_blow,1.0
geoje-0403,0,0_dear_sorrow_wish_weaving,0.0
dalseong-0338,0,0_dear_sorrow_wish_weaving,0.0
seungju-0311,15,15_slave_goats_ants_feathers,0.57234186
okgu-0406,15,15_slave_goats_ants_feathers,1.0
yecheon-0518,9,9_wreath_wreaths_wreath wreath_periwinkle,1.0
sangju-1309,0,0_dear_sorrow_wish_weaving,0.0
cheolwon-0810,16,16_song praise_cheerful song_sing song_sing,1.0
dangjin-0607,0,0_dear_sorrow_wish_weaving,0.0
yeongcheon-0325,0,0_dear_sorrow_wish_weaving,0.0
chilgok-0618,14,14_gyeongsang_jeolla_country_blow,0.6301704
sunchang-0105,0,0_dear_sorrow_wish_weaving,0.0
hoengseong-0405,0,0_dear_sorrow_wish_weaving,0.0
bonghwa-0801,0,0_dear_sorrow_wish_weaving,0.0
yeongdeok-0323,18,18_farmer_rye_oats_horses,1.0
cheolwon-1108,13,13_september_thirty_march_summer,0.5746287
andong-0407,18,18_farmer_rye_oats_horses,0.6135517
jangheung-0604,14,14_gyeongsang_jeolla_country_blow,1.0
gimhae-0313,0,0_dear_sorrow_wish_weaving,0.0
jungwon-0403,18,18_farmer_rye_oats_horses,0.44846115
milyang-1603,0,0_dear_sorrow_wish_weaving,0.0
yangyang-0807,13,13_september_thirty_march_summer,1.0
gunwi-0423,13,13_september_thirty_march_summer,1.0
sinan-1010,0,0_dear_sorrow_wish_weaving,0.0
goryeong-0409,7,7_street_streets_fence_corner,0.59167284
seocheon-0707,0,0_dear_sorrow_wish_weaving,0.0
hongcheon-0703,9,9_wreath_wreaths_wreath wreath_periwinkle,1.0
gn.goseong-0404,13,13_september_thirty_march_summer,1.0
yeongam-0211,0,0_dear_sorrow_wish_weaving,0.0
euiseong-0909,0,0_dear_sorrow_wish_weaving,0.0
gyeongju-0508,0,0_dear_sorrow_wish_weaving,0.0
seonsan-0702,0,0_dear_sorrow_wish_weaving,0.0
chuncheon-0201,18,18_farmer_rye_oats_horses,1.0
yecheon-0606,0,0_dear_sorrow_wish_weaving,0.0
sangju-0104,18,18_farmer_rye_oats_horses,1.0
seongju-0140,14,14_gyeongsang_jeolla_country_blow,0.4755082
geumreung-0143,16,16_song praise_cheerful song_sing song_sing,1.0
hongcheon-1109,0,0_dear_sorrow_wish_weaving,0.0
bukjeju-0602,0,0_dear_sorrow_wish_weaving,0.0
jindo-0504,0,0_dear_sorrow_wish_weaving,0.0
hampyeong-0102,9,9_wreath_wreaths_wreath wreath_periwinkle,0.7982124
dangjin-0109,0,0_dear_sorrow_wish_weaving,0.0
eumseong-0504,13,13_september_thirty_march_summer,0.75363094
wonju-0801,17,17_mocking_squirrel_don laugh_laugh,0.5081606
hongseong-0403,13,13_september_thirty_march_summer,0.46603298
seongju-0206,0,0_dear_sorrow_wish_weaving,0.0
jangheung-0202,0,0_dear_sorrow_wish_weaving,0.0
geumreung-0142,0,0_dear_sorrow_wish_weaving,0.0
namwon-0502,7,7_street_streets_fence_corner,1.0
cheolwon-1007,0,0_dear_sorrow_wish_weaving,0.0
wanju-0202,14,14_gyeongsang_jeolla_country_blow,0.64890856
gw.goseong-0703,0,0_dear_sorrow_wish_weaving,0.0
yeongcheon-0115,0,0_dear_sorrow_wish_weaving,0.0
gn.goseong-0505,0,0_dear_sorrow_wish_weaving,0.0
geumreung-0110,13,13_september_thirty_march_summer,1.0
jangsu-0404,18,18_farmer_rye_oats_horses,1.0
sangju-0545,0,0_dear_sorrow_wish_weaving,0.0
wonju-0503,0,0_dear_sorrow_wish_weaving,0.0
sangju-0903,14,14_gyeongsang_jeolla_country_blow,0.7479515
cheolwon-1006,14,14_gyeongsang_jeolla_country_blow,0.47662857
myeongju-0705,0,0_dear_sorrow_wish_weaving,0.0
onyang-0102,18,18_farmer_rye_oats_horses,1.0
muan-0106,13,13_september_thirty_march_summer,1.0
seocheon-0321,0,0_dear_sorrow_wish_weaving,0.0
bonghwa-0613,9,9_wreath_wreaths_wreath wreath_periwinkle,1.0
yeongcheon-0107,0,0_dear_sorrow_wish_weaving,0.0
dangjin-0901,14,14_gyeongsang_jeolla_country_blow,1.0
hoengseong-0205,16,16_song praise_cheerful song_sing song_sing,1.0
sinan-0204,0,0_dear_sorrow_wish_weaving,0.0
yeongcheon-0102,0,0_dear_sorrow_wish_weaving,0.0
milyang-1511,18,18_farmer_rye_oats_horses,0.6717573
okgu-0205,14,14_gyeongsang_jeolla_country_blow,1.0
buyeo-0106,0,0_dear_sorrow_wish_weaving,0.0
haman-0110,0,0_dear_sorrow_wish_weaving,0.0
imsil-0803,0,0_dear_sorrow_wish_weaving,0.0
goryeong-0605,0,0_dear_sorrow_wish_weaving,0.0
jangheung-0403,0,0_dear_sorrow_wish_weaving,0.0
hamyang-0612,7,7_street_streets_fence_corner,1.0
uljin-0908,13,13_september_thirty_march_summer,1.0
namjeju-1004,14,14_gyeongsang_jeolla_country_blow,1.0
sunchang-0403,16,16_song praise_cheerful song_sing song_sing,0.7330294
hongcheon-0102,0,0_dear_sorrow_wish_weaving,0.0
hapcheon-0405,0,0_dear_sorrow_wish_weaving,0.0
yeongil-0321,0,0_dear_sorrow_wish_weaving,0.0
jangseong-0205,18,18_farmer_rye_oats_horses,0.56246763
namjeju-0904,0,0_dear_sorrow_wish_weaving,0.0
bukjeju-1409,0,0_dear_sorrow_wish_weaving,0.0
yesan-0501,18,18_farmer_rye_oats_horses,0.7365345
yeongyang-0404,9,9_wreath_wreaths_wreath wreath_periwinkle,1.0
yangyang-1233,0,0_dear_sorrow_wish_weaving,0.0
gwangjusi-0203,0,0_dear_sorrow_wish_weaving,0.0
hamyang-0119,15,15_slave_goats_ants_feathers,0.7498906
buyeo-0201,17,17_mocking_squirrel_don laugh_laugh,1.0
yeongcheon-0324,13,13_september_thirty_march_summer,0.47328016
milyang-0904,14,14_gyeongsang_jeolla_country_blow,0.33631092
yeongil-0205,0,0_dear_sorrow_wish_weaving,0.0
namwon-0504,18,18_farmer_rye_oats_horses,1.0
geumreung-0401,18,18_farmer_rye_oats_horses,1.0
gimje-0516,0,0_dear_sorrow_wish_weaving,0.0
yeongcheon-0104,14,14_gyeongsang_jeolla_country_blow,1.0
yecheon-0603,0,0_dear_sorrow_wish_weaving,0.0
chuncheon-0106,7,7_street_streets_fence_corner,1.0
eumseong-0525,7,7_street_streets_fence_corner,1.0
yecheon-0366,13,13_september_thirty_march_summer,0.5708028
jangsu-0301,14,14_gyeongsang_jeolla_country_blow,1.0
jincheon-0203,18,18_farmer_rye_oats_horses,0.76755196
wando-0105,0,0_dear_sorrow_wish_weaving,0.0
yeongi-0609,14,14_gyeongsang_jeolla_country_blow,0.92661774
bukjeju-0601,0,0_dear_sorrow_wish_weaving,0.0
sangju-1307,0,0_dear_sorrow_wish_weaving,0.0
sinan-0107,18,18_farmer_rye_oats_horses,1.0
euiseong-0203,13,13_september_thirty_march_summer,1.0
eumseong-0303,0,0_dear_sorrow_wish_weaving,0.0
buan-0616,0,0_dear_sorrow_wish_weaving,0.0
taean-0404,18,18_farmer_rye_oats_horses,1.0
milyang-1804,14,14_gyeongsang_jeolla_country_blow,1.0
jinan-0203,0,0_dear_sorrow_wish_weaving,0.0
sangju-0306,13,13_september_thirty_march_summer,0.4362151
geochang-0314,0,0_dear_sorrow_wish_weaving,0.0
hoengseong-0101,14,14_gyeongsang_jeolla_country_blow,0.34923986
muju-0416,7,7_street_streets_fence_corner,0.5175413
gn.goseong-0407,14,14_gyeongsang_jeolla_country_blow,1.0
jinyang-0405,14,14_gyeongsang_jeolla_country_blow,1.0
yecheon-0915,17,17_mocking_squirrel_don laugh_laugh,1.0
gochang-0720,14,14_gyeongsang_jeolla_country_blow,1.0
sangju-0917,14,14_gyeongsang_jeolla_country_blow,1.0
geochang-0502,0,0_dear_sorrow_wish_weaving,0.0
sangju-1035,0,0_dear_sorrow_wish_weaving,0.0
yeongdeok-0311,6,6_poplar_eyebrows_bright_boast,0.6757796
yecheon-0701,13,13_september_thirty_march_summer,0.35642582
hapcheon-0520,18,18_farmer_rye_oats_horses,1.0
bonghwa-0115,2,2_married life_sister_husband_mother law,0.5982908
wonju-0207,0,0_dear_sorrow_wish_weaving,0.0
yeongam-0431,16,16_song praise_cheerful song_sing song_sing,1.0
sancheong-0432,14,14_gyeongsang_jeolla_country_blow,1.0
hadong-0412,0,0_dear_sorrow_wish_weaving,0.0
seonsan-0510,14,14_gyeongsang_jeolla_country_blow,1.0
euiryeong-0414,0,0_dear_sorrow_wish_weaving,0.0
gunwi-0222,10,10_young cossack_cossack_horseback_love young,1.0
bonghwa-0114,18,18_farmer_rye_oats_horses,1.0
hwasun-0301,14,14_gyeongsang_jeolla_country_blow,0.5046188
pyeongchang-1108,0,0_dear_sorrow_wish_weaving,0.0
sangju-1122,0,0_dear_sorrow_wish_weaving,0.0
sacheon-0309,0,0_dear_sorrow_wish_weaving,0.0
ulreung-0707,0,0_dear_sorrow_wish_weaving,0.0
yecheon-0802,7,7_street_streets_fence_corner,0.65406793
yeocheon-0317,7,7_street_streets_fence_corner,0.7776136
yecheon-0506,0,0_dear_sorrow_wish_weaving,0.0
mungyeong-0121,0,0_dear_sorrow_wish_weaving,0.0
seonsan-0315,0,0_dear_sorrow_wish_weaving,0.0
seongju-0432,17,17_mocking_squirrel_don laugh_laugh,1.0
jeongseon-0406,18,18_farmer_rye_oats_horses,0.4183889
jeongseon-0103,0,0_dear_sorrow_wish_weaving,0.0
jindo-0110,18,18_farmer_rye_oats_horses,1.0
yeongdong-0406,13,13_september_thirty_march_summer,1.0
mungyeong-0118,14,14_gyeongsang_jeolla_country_blow,0.4503015
bukjeju-0612,18,18_farmer_rye_oats_horses,1.0
wando-0119,0,0_dear_sorrow_wish_weaving,0.0
gn.goseong-0508,0,0_dear_sorrow_wish_weaving,0.0
mungyeong-0512,14,14_gyeongsang_jeolla_country_blow,1.0
gyeongsan-0503,7,7_street_streets_fence_corner,0.4890397
hampyeong-0144,18,18_farmer_rye_oats_horses,1.0
yangyang-0317,18,18_farmer_rye_oats_horses,0.55795074
gunwi-0221,0,0_dear_sorrow_wish_weaving,0.0
jindo-0326,0,0_dear_sorrow_wish_weaving,0.0
sancheong-0421,0,0_dear_sorrow_wish_weaving,0.0
gokseong-0306,13,13_september_thirty_march_summer,0.6348972
cheongdo-0310,18,18_farmer_rye_oats_horses,1.0
uljin-0709,15,15_slave_goats_ants_feathers,1.0
ulreung-0501,0,0_dear_sorrow_wish_weaving,0.0
yeongcheon-0407,13,13_september_thirty_march_summer,1.0
naju-0205,14,14_gyeongsang_jeolla_country_blow,1.0
euiryeong-0212,0,0_dear_sorrow_wish_weaving,0.0
sangju-0126,14,14_gyeongsang_jeolla_country_blow,0.34316203
yeongyang-0308,14,14_gyeongsang_jeolla_country_blow,1.0
sancheong-0521,0,0_dear_sorrow_wish_weaving,0.0
gokseong-0307,13,13_september_thirty_march_summer,0.6147937
goheung-0117,18,18_farmer_rye_oats_horses,0.551987
yeongcheon-0209,14,14_gyeongsang_jeolla_country_blow,0.46578148
gn.goseong-0523,0,0_dear_sorrow_wish_weaving,0.0
jeongeup-0443,7,7_street_streets_fence_corner,0.5873716
cheongsong-0526,0,0_dear_sorrow_wish_weaving,0.0
andong-0204,18,18_farmer_rye_oats_horses,1.0
hapcheon-0901,14,14_gyeongsang_jeolla_country_blow,0.5639419
gn.goseong-0113,0,0_dear_sorrow_wish_weaving,0.0
jangheung-0226,14,14_gyeongsang_jeolla_country_blow,1.0
namwon-0707,0,0_dear_sorrow_wish_weaving,0.0
euiseong-0119,13,13_september_thirty_march_summer,0.6973442
chungmu-0109,0,0_dear_sorrow_wish_weaving,0.0
jinan-0304,7,7_street_streets_fence_corner,0.6477738
geumreung-0710,0,0_dear_sorrow_wish_weaving,0.0
yecheon-0414,13,13_september_thirty_march_summer,0.51116234
gokseong-0314,14,14_gyeongsang_jeolla_country_blow,0.45158863
yeongyang-0307,18,18_farmer_rye_oats_horses,1.0
yanggu-0906,13,13_september_thirty_march_summer,0.8644408
hapcheon-0504,0,0_dear_sorrow_wish_weaving,0.0
gokseong-0305,14,14_gyeongsang_jeolla_country_blow,0.70621425
yecheon-0301,14,14_gyeongsang_jeolla_country_blow,1.0
ulsan-0412,0,0_dear_sorrow_wish_weaving,0.0
jinyang-0304,0,0_dear_sorrow_wish_weaving,0.0
wando-0519,18,18_farmer_rye_oats_horses,1.0
imsil-0230,0,0_dear_sorrow_wish_weaving,0.0
seonsan-0317,0,0_dear_sorrow_wish_weaving,0.0
goesan-0111,0,0_dear_sorrow_wish_weaving,0.0
euiseong-0605,7,7_street_streets_fence_corner,0.6891521
gimhae-0406,0,0_dear_sorrow_wish_weaving,0.0
jinyang-0409,0,0_dear_sorrow_wish_weaving,0.0
euiseong-0403,14,14_gyeongsang_jeolla_country_blow,1.0
pyeongchang-0104,0,0_dear_sorrow_wish_weaving,0.0
gwangjusi-0224,13,13_september_thirty_march_summer,0.47257593
dalseong-0316,14,14_gyeongsang_jeolla_country_blow,0.74448484
jeongeup-0419,14,14_gyeongsang_jeolla_country_blow,1.0
dalseong-0118,0,0_dear_sorrow_wish_weaving,0.0
seongju-0720,14,14_gyeongsang_jeolla_country_blow,0.32700828
dalseong-0314,14,14_gyeongsang_jeolla_country_blow,0.6114616
cheolwon-1225,0,0_dear_sorrow_wish_weaving,0.0
nonsan-0806,0,0_dear_sorrow_wish_weaving,0.0
jeongeup-0461,6,6_poplar_eyebrows_bright_boast,1.0
buyeo-0302,18,18_farmer_rye_oats_horses,1.0
goryeong-0507,0,0_dear_sorrow_wish_weaving,0.0
pyeongchang-1010,14,14_gyeongsang_jeolla_country_blow,0.8376529
gn.goseong-0314,0,0_dear_sorrow_wish_weaving,0.0
changwon-0603,0,0_dear_sorrow_wish_weaving,0.0
cheongsong-0419,13,13_september_thirty_march_summer,1.0
gangjin-0713,7,7_street_streets_fence_corner,1.0
geumreung-0432,14,14_gyeongsang_jeolla_country_blow,0.5393209
euiseong-0407,14,14_gyeongsang_jeolla_country_blow,1.0
gunwi-0223,0,0_dear_sorrow_wish_weaving,0.0
jinyang-0417,0,0_dear_sorrow_wish_weaving,0.0
yeongdeok-0647,14,14_gyeongsang_jeolla_country_blow,1.0
geoje-0211,13,13_september_thirty_march_summer,0.49874926
mungyeong-0108,13,13_september_thirty_march_summer,0.51116234
yeongi-0804,15,15_slave_goats_ants_feathers,1.0
gyeongsan-0109,14,14_gyeongsang_jeolla_country_blow,1.0
dangjin-0405,0,0_dear_sorrow_wish_weaving,0.0
jinan-0307,0,0_dear_sorrow_wish_weaving,0.0
jinyang-0112,0,0_dear_sorrow_wish_weaving,0.0
dalseong-0247,8,8_garden little_young maiden_nightingale_little cuckoo,1.0
dalseong-0208,0,0_dear_sorrow_wish_weaving,0.0
cheongwon-0104,7,7_street_streets_fence_corner,0.5209709
gangjin-0609,0,0_dear_sorrow_wish_weaving,0.0
cheongsong-0414,0,0_dear_sorrow_wish_weaving,0.0
ulreung-0321,0,0_dear_sorrow_wish_weaving,0.0
mungyeong-0314,0,0_dear_sorrow_wish_weaving,0.0
tongyeong-0405,0,0_dear_sorrow_wish_weaving,0.0
bukjeju-1003,11,11_little horses_horses_maids_altar,1.0
yeongyang-0406,14,14_gyeongsang_jeolla_country_blow,0.5635062
hwasun-0310,7,7_street_streets_fence_corner,1.0
uljin-1046,0,0_dear_sorrow_wish_weaving,0.0
sangju-0919,0,0_dear_sorrow_wish_weaving,0.0
yeongyang-0405,14,14_gyeongsang_jeolla_country_blow,0.55631983
yecheon-0960,18,18_farmer_rye_oats_horses,0.4482679
sangju-1121,0,0_dear_sorrow_wish_weaving,0.0
gyeongju-0710,17,17_mocking_squirrel_don laugh_laugh,0.39050102
geoje-0504,0,0_dear_sorrow_wish_weaving,0.0
jangseong-0420,0,0_dear_sorrow_wish_weaving,0.0
gangjin-0316,0,0_dear_sorrow_wish_weaving,0.0
yeongdong-0311,0,0_dear_sorrow_wish_weaving,0.0
gyeongsan-0617,18,18_farmer_rye_oats_horses,1.0
tongyeong-0404,0,0_dear_sorrow_wish_weaving,0.0
hamyang-0148,7,7_street_streets_fence_corner,1.0
euiseong-0816,9,9_wreath_wreaths_wreath wreath_periwinkle,1.0
jinyang-0712,0,0_dear_sorrow_wish_weaving,0.0
milyang-1113,13,13_september_thirty_march_summer,0.69434613
incheon-0218,14,14_gyeongsang_jeolla_country_blow,1.0
samcheok-1103,0,0_dear_sorrow_wish_weaving,0.0
hongcheon-0614,18,18_farmer_rye_oats_horses,1.0
euiryeong-0608,14,14_gyeongsang_jeolla_country_blow,1.0
jinyang-0806,14,14_gyeongsang_jeolla_country_blow,0.50156534
gn.goseong-0406,0,0_dear_sorrow_wish_weaving,0.0
gochang-0119,0,0_dear_sorrow_wish_weaving,0.0
seonsan-0529,0,0_dear_sorrow_wish_weaving,0.0
yeongju-0104,0,0_dear_sorrow_wish_weaving,0.0
jeongseon-0808,0,0_dear_sorrow_wish_weaving,0.0
euiseong-0120,13,13_september_thirty_march_summer,1.0
jeongseon-1301,13,13_september_thirty_march_summer,0.67729485
hamyang-0327,18,18_farmer_rye_oats_horses,1.0
yeongdeok-0502,14,14_gyeongsang_jeolla_country_blow,0.7938695
cheolwon-1207,0,0_dear_sorrow_wish_weaving,0.0
seungju-0118,0,0_dear_sorrow_wish_weaving,0.0
inje-0212,11,11_little horses_horses_maids_altar,0.74025697
seonsan-0614,0,0_dear_sorrow_wish_weaving,0.0
jinyang-0107,2,2_married life_sister_husband_mother law,1.0
cheongsong-0601,0,0_dear_sorrow_wish_weaving,0.0
geumsan-0909,0,0_dear_sorrow_wish_weaving,0.0
gunwi-0228,14,14_gyeongsang_jeolla_country_blow,0.47376493
milyang-0310,0,0_dear_sorrow_wish_weaving,0.0
hapcheon-0208,7,7_street_streets_fence_corner,1.0
gn.goseong-0534,0,0_dear_sorrow_wish_weaving,0.0
yanggu-0907,16,16_song praise_cheerful song_sing song_sing,1.0
changwon-0305,18,18_farmer_rye_oats_horses,1.0
goesan-0118,0,0_dear_sorrow_wish_weaving,0.0
gimhae-0308,0,0_dear_sorrow_wish_weaving,0.0
andong-0603,14,14_gyeongsang_jeolla_country_blow,0.7715541
sancheong-0115,18,18_farmer_rye_oats_horses,1.0
jinan-0607,0,0_dear_sorrow_wish_weaving,0.0
cheongdo-0307,0,0_dear_sorrow_wish_weaving,0.0
euiryeong-0605,0,0_dear_sorrow_wish_weaving,0.0
yecheon-0313,0,0_dear_sorrow_wish_weaving,0.0
yeongil-0714,18,18_farmer_rye_oats_horses,1.0
gochang-0113,0,0_dear_sorrow_wish_weaving,0.0
incheon-0222,0,0_dear_sorrow_wish_weaving,0.0
jangsu-0102,18,18_farmer_rye_oats_horses,0.5930673
yecheon-0312,13,13_september_thirty_march_summer,1.0
seongju-0514,12,12_orphans_trees_plowed field_wilderness,1.0
yecheon-0319,9,9_wreath_wreaths_wreath wreath_periwinkle,0.6067394
uljin-0813,14,14_gyeongsang_jeolla_country_blow,1.0
uljin-0717,0,0_dear_sorrow_wish_weaving,0.0
yeongcheon-0308,0,0_dear_sorrow_wish_weaving,0.0
goryeong-0519,0,0_dear_sorrow_wish_weaving,0.0
hadong-0706,14,14_gyeongsang_jeolla_country_blow,1.0
yecheon-0310,18,18_farmer_rye_oats_horses,1.0
sacheon-0121,0,0_dear_sorrow_wish_weaving,0.0
jinyang-0912,0,0_dear_sorrow_wish_weaving,0.0
geumsan-1114,15,15_slave_goats_ants_feathers,0.5053256
jangheung-0227,0,0_dear_sorrow_wish_weaving,0.0
yeonggwang-0514,9,9_wreath_wreaths_wreath wreath_periwinkle,0.71853167
sangju-0317,13,13_september_thirty_march_summer,1.0
euiseong-0723,18,18_farmer_rye_oats_horses,0.5781091
yeongam-0421,0,0_dear_sorrow_wish_weaving,0.0
muan-0129,14,14_gyeongsang_jeolla_country_blow,1.0
mungyeong-0214,7,7_street_streets_fence_corner,0.43810475
yecheon-0311,10,10_young cossack_cossack_horseback_love young,1.0
wando-0713,18,18_farmer_rye_oats_horses,0.80735296
yeongil-0613,8,8_garden little_young maiden_nightingale_little cuckoo,1.0
geumreung-0205,18,18_farmer_rye_oats_horses,0.3664465
yeongam-0212,0,0_dear_sorrow_wish_weaving,0.0
buyeo-0322,8,8_garden little_young maiden_nightingale_little cuckoo,1.0
hapcheon-0519,0,0_dear_sorrow_wish_weaving,0.0
pyeongchang-1107,14,14_gyeongsang_jeolla_country_blow,0.6987455
dalseong-0315,14,14_gyeongsang_jeolla_country_blow,1.0
yeongcheon-0312,13,13_september_thirty_march_summer,0.5352082
namhae-0502,14,14_gyeongsang_jeolla_country_blow,1.0
cheongsong-0607,18,18_farmer_rye_oats_horses,0.6438445
yeongil-0317,13,13_september_thirty_march_summer,0.43388754
cheongwon-0215,0,0_dear_sorrow_wish_weaving,0.0
cheongsong-0420,2,2_married life_sister_husband_mother law,1.0
geumreung-0712,7,7_street_streets_fence_corner,0.5574995
hamyang-0129,0,0_dear_sorrow_wish_weaving,0.0
hapcheon-0407,18,18_farmer_rye_oats_horses,0.51630944
hadong-0502,13,13_september_thirty_march_summer,0.63645816
geumreung-0321,14,14_gyeongsang_jeolla_country_blow,1.0
jinyang-0113,0,0_dear_sorrow_wish_weaving,0.0
changwon-0306,18,18_farmer_rye_oats_horses,1.0
ulreung-0320,0,0_dear_sorrow_wish_weaving,0.0
eumseong-0510,14,14_gyeongsang_jeolla_country_blow,0.84657437
cheongsong-0421,0,0_dear_sorrow_wish_weaving,0.0
naju-0207,18,18_farmer_rye_oats_horses,0.55068874
yeongam-0501,0,0_dear_sorrow_wish_weaving,0.0
sangju-1215,9,9_wreath_wreaths_wreath wreath_periwinkle,1.0
uljin-1045,0,0_dear_sorrow_wish_weaving,0.0
yeongdeok-0501,9,9_wreath_wreaths_wreath wreath_periwinkle,0.48586386
yeongdeok-0509,14,14_gyeongsang_jeolla_country_blow,1.0
jeongseon-0807,0,0_dear_sorrow_wish_weaving,0.0
goryeong-0611,14,14_gyeongsang_jeolla_country_blow,0.5723464
gangjin-0608,0,0_dear_sorrow_wish_weaving,0.0
uljin-0414,0,0_dear_sorrow_wish_weaving,0.0
changwon-0207,0,0_dear_sorrow_wish_weaving,0.0
cheongdo-0313,0,0_dear_sorrow_wish_weaving,0.0
cheongsong-0422,0,0_dear_sorrow_wish_weaving,0.0
uljin-0603,14,14_gyeongsang_jeolla_country_blow,0.4778618
hamyang-0503,14,14_gyeongsang_jeolla_country_blow,1.0
uljin-1017,18,18_farmer_rye_oats_horses,0.41370592
andong-0203,0,0_dear_sorrow_wish_weaving,0.0
hamyang-0144,18,18_farmer_rye_oats_horses,1.0
tongyeong-0602,0,0_dear_sorrow_wish_weaving,0.0
yeongcheon-0221,13,13_september_thirty_march_summer,0.5721324
gokseong-0315,14,14_gyeongsang_jeolla_country_blow,0.53417975
jinan-0406,14,14_gyeongsang_jeolla_country_blow,0.33797956
imsil-0825,0,0_dear_sorrow_wish_weaving,0.0
muan-0126,14,14_gyeongsang_jeolla_country_blow,1.0
gokseong-0304,0,0_dear_sorrow_wish_weaving,0.0
jinyang-0106,18,18_farmer_rye_oats_horses,0.50418866
hamyang-0130,0,0_dear_sorrow_wish_weaving,0.0
yeongdeok-0317,18,18_farmer_rye_oats_horses,0.48749292
yanggu-0604,0,0_dear_sorrow_wish_weaving,0.0
wando-0607,14,14_gyeongsang_jeolla_country_blow,1.0
yeocheon-0325,0,0_dear_sorrow_wish_weaving,0.0
sangju-0339,0,0_dear_sorrow_wish_weaving,0.0
hwacheon-0916,0,0_dear_sorrow_wish_weaving,0.0
jinyang-0901,0,0_dear_sorrow_wish_weaving,0.0
cheolwon-1022,0,0_dear_sorrow_wish_weaving,0.0
yeongyang-0306,0,0_dear_sorrow_wish_weaving,0.0
sangju-0222,13,13_september_thirty_march_summer,0.46734104
uljin-0407,0,0_dear_sorrow_wish_weaving,0.0
sancheong-0415,7,7_street_streets_fence_corner,0.69555706
sancheong-0430,18,18_farmer_rye_oats_horses,1.0
jeongseon-0102,0,0_dear_sorrow_wish_weaving,0.0
haman-0314,0,0_dear_sorrow_wish_weaving,0.0
hampyeong-0438,18,18_farmer_rye_oats_horses,1.0
hapcheon-0210,0,0_dear_sorrow_wish_weaving,0.0
uljin-0722,0,0_dear_sorrow_wish_weaving,0.0
hadong-0205,14,14_gyeongsang_jeolla_country_blow,0.51957524
hwaseong-0405,16,16_song praise_cheerful song_sing song_sing,1.0
yeongdeok-0505,0,0_dear_sorrow_wish_weaving,0.0
wando-0521,9,9_wreath_wreaths_wreath wreath_periwinkle,0.39906135
hapcheon-0709,14,14_gyeongsang_jeolla_country_blow,1.0
mungyeong-0315,0,0_dear_sorrow_wish_weaving,0.0
sinan-1012,0,0_dear_sorrow_wish_weaving,0.0
seonsan-0414,14,14_gyeongsang_jeolla_country_blow,0.52072996
yeongwol-0304,17,17_mocking_squirrel_don laugh_laugh,0.91560066
mungyeong-0413,13,13_september_thirty_march_summer,0.5217372
andong-0226,0,0_dear_sorrow_wish_weaving,0.0
yeongdeok-0320,0,0_dear_sorrow_wish_weaving,0.0
hapcheon-0807,16,16_song praise_cheerful song_sing song_sing,0.4480649
chilgok-0308,9,9_wreath_wreaths_wreath wreath_periwinkle,1.0
gochang-0614,9,9_wreath_wreaths_wreath wreath_periwinkle,1.0
jindo-0544,0,0_dear_sorrow_wish_weaving,0.0
wanju-0514,13,13_september_thirty_march_summer,1.0
seongju-0660,0,0_dear_sorrow_wish_weaving,0.0
changwon-0108,0,0_dear_sorrow_wish_weaving,0.0
geoje-0502,0,0_dear_sorrow_wish_weaving,0.0
cheolwon-1023,0,0_dear_sorrow_wish_weaving,0.0
boseong-0122,14,14_gyeongsang_jeolla_country_blow,1.0
sancheong-0206,0,0_dear_sorrow_wish_weaving,0.0
wando-0715,13,13_september_thirty_march_summer,1.0
bonghwa-0701,16,16_song praise_cheerful song_sing song_sing,0.7431747
geumreung-0131,0,0_dear_sorrow_wish_weaving,0.0
haman-0407,0,0_dear_sorrow_wish_weaving,0.0
gochang-0515,0,0_dear_sorrow_wish_weaving,0.0
jangheung-0507,0,0_dear_sorrow_wish_weaving,0.0
sacheon-0308,0,0_dear_sorrow_wish_weaving,0.0
geoje-0212,0,0_dear_sorrow_wish_weaving,0.0
euiseong-0728,9,9_wreath_wreaths_wreath wreath_periwinkle,0.51554424
iksan-0207,16,16_song praise_cheerful song_sing song_sing,0.50197124
seonsan-0416,0,0_dear_sorrow_wish_weaving,0.0
jecheon-0204,15,15_slave_goats_ants_feathers,0.4545061
cheongsong-0527,0,0_dear_sorrow_wish_weaving,0.0
cheongsong-0222,0,0_dear_sorrow_wish_weaving,0.0
dalseong-0313,13,13_september_thirty_march_summer,0.7043548
yeongdeok-0410,13,13_september_thirty_march_summer,1.0
hwasun-0304,0,0_dear_sorrow_wish_weaving,0.0
iksan-0208,16,16_song praise_cheerful song_sing song_sing,0.49438006
sacheon-0307,0,0_dear_sorrow_wish_weaving,0.0
geumsan-0926,0,0_dear_sorrow_wish_weaving,0.0
jinyang-0207,9,9_wreath_wreaths_wreath wreath_periwinkle,1.0
goesan-0113,14,14_gyeongsang_jeolla_country_blow,1.0
sancheong-0204,14,14_gyeongsang_jeolla_country_blow,1.0
yecheon-0703,14,14_gyeongsang_jeolla_country_blow,0.58855116
jinyang-0108,9,9_wreath_wreaths_wreath wreath_periwinkle,0.50597167
sangju-1402,14,14_gyeongsang_jeolla_country_blow,0.37832183
sangju-0210,6,6_poplar_eyebrows_bright_boast,0.4582882
geumsan-0901,14,14_gyeongsang_jeolla_country_blow,0.82790893
seonsan-0713,14,14_gyeongsang_jeolla_country_blow,1.0
sancheong-0513,0,0_dear_sorrow_wish_weaving,0.0
euiseong-0603,13,13_september_thirty_march_summer,1.0
sangju-1034,14,14_gyeongsang_jeolla_country_blow,0.5068067
cheongsong-0221,0,0_dear_sorrow_wish_weaving,0.0
jindo-0740,14,14_gyeongsang_jeolla_country_blow,0.8575585
gyeongsan-0126,7,7_street_streets_fence_corner,0.34737712
wando-0522,0,0_dear_sorrow_wish_weaving,0.0
geumreung-0713,0,0_dear_sorrow_wish_weaving,0.0
buyeo-0323,0,0_dear_sorrow_wish_weaving,0.0
gapyeong-0514,14,14_gyeongsang_jeolla_country_blow,1.0
hamyang-0143,0,0_dear_sorrow_wish_weaving,0.0
inje-0104,14,14_gyeongsang_jeolla_country_blow,1.0
seongju-0661,0,0_dear_sorrow_wish_weaving,0.0
inje-0211,14,14_gyeongsang_jeolla_country_blow,0.59042835
eumseong-0408,0,0_dear_sorrow_wish_weaving,0.0
yecheon-0412,0,0_dear_sorrow_wish_weaving,0.0
yeongdeok-0506,9,9_wreath_wreaths_wreath wreath_periwinkle,0.5838405
sinan-0112,14,14_gyeongsang_jeolla_country_blow,1.0
tongyeong-0601,0,0_dear_sorrow_wish_weaving,0.0
uljin-0721,13,13_september_thirty_march_summer,1.0
ganghwa-0312,0,0_dear_sorrow_wish_weaving,0.0
yeongyang-0512,7,7_street_streets_fence_corner,0.9216647
namhae-0109,0,0_dear_sorrow_wish_weaving,0.0
seongju-0721,0,0_dear_sorrow_wish_weaving,0.0
yeonggwang-0101,14,14_gyeongsang_jeolla_country_blow,1.0
gn.goseong-0210,0,0_dear_sorrow_wish_weaving,0.0
dangjin-0701,0,0_dear_sorrow_wish_weaving,0.0
cheolwon-1224,0,0_dear_sorrow_wish_weaving,0.0
hapcheon-0706,2,2_married life_sister_husband_mother law,1.0
yeongil-0101,0,0_dear_sorrow_wish_weaving,0.0
bonghwa-0203,13,13_september_thirty_march_summer,1.0
sangju-0346,18,18_farmer_rye_oats_horses,1.0
mungyeong-0448,7,7_street_streets_fence_corner,1.0
yeongyang-0112,0,0_dear_sorrow_wish_weaving,0.0
jinyang-0401,15,15_slave_goats_ants_feathers,0.5183614
mungyeong-0109,18,18_farmer_rye_oats_horses,0.37272462
jinan-0415,0,0_dear_sorrow_wish_weaving,0.0
jangseong-0421,6,6_poplar_eyebrows_bright_boast,1.0
wonju-0322,6,6_poplar_eyebrows_bright_boast,0.5832547
yeongil-0706,0,0_dear_sorrow_wish_weaving,0.0
yeongyang-0412,0,0_dear_sorrow_wish_weaving,0.0
bukjeju-2114,9,9_wreath_wreaths_wreath wreath_periwinkle,0.6295586
gn.goseong-0515,0,0_dear_sorrow_wish_weaving,0.0
haenam-0510,0,0_dear_sorrow_wish_weaving,0.0
ulsan-0413,0,0_dear_sorrow_wish_weaving,0.0
geumreung-0505,0,0_dear_sorrow_wish_weaving,0.0
goryeong-0512,0,0_dear_sorrow_wish_weaving,0.0
jeongeup-0417,14,14_gyeongsang_jeolla_country_blow,1.0
jangseong-0224,18,18_farmer_rye_oats_horses,1.0
cheongdo-0309,0,0_dear_sorrow_wish_weaving,0.0
eumseong-0530,0,0_dear_sorrow_wish_weaving,0.0
samcheok-0704,0,0_dear_sorrow_wish_weaving,0.0
yecheon-0916,17,17_mocking_squirrel_don laugh_laugh,0.4902178
milyang-1404,1,1_gyeongsang_river_spirit_moon,0.74922657
jinyang-0408,0,0_dear_sorrow_wish_weaving,0.0
hwasun-0306,7,7_street_streets_fence_corner,0.3923724
andong-0606,0,0_dear_sorrow_wish_weaving,0.0
namhae-0218,14,14_gyeongsang_jeolla_country_blow,1.0
gangjin-0207,13,13_september_thirty_march_summer,0.7311014
seongju-0736,18,18_farmer_rye_oats_horses,0.7985971
geoje-0207,0,0_dear_sorrow_wish_weaving,0.0
seonsan-0415,0,0_dear_sorrow_wish_weaving,0.0
ulsan-0810,18,18_farmer_rye_oats_horses,0.5100096
jangseong-0232,0,0_dear_sorrow_wish_weaving,0.0
yeongam-0210,0,0_dear_sorrow_wish_weaving,0.0
euiseong-0716,13,13_september_thirty_march_summer,1.0
yecheon-0908,0,0_dear_sorrow_wish_weaving,0.0
andong-0201,13,13_september_thirty_march_summer,0.33598816
wonju-0701,0,0_dear_sorrow_wish_weaving,0.0
gangjin-0301,16,16_song praise_cheerful song_sing song_sing,1.0
muju-0520,14,14_gyeongsang_jeolla_country_blow,0.56835496
seongju-0515,12,12_orphans_trees_plowed field_wilderness,0.5370515
gimhae-0215,13,13_september_thirty_march_summer,0.78757995
seonsan-0302,0,0_dear_sorrow_wish_weaving,0.0
goryeong-0212,13,13_september_thirty_march_summer,0.35926917
namhae-0310,0,0_dear_sorrow_wish_weaving,0.0
jangsu-0304,0,0_dear_sorrow_wish_weaving,0.0
geumsan-0908,7,7_street_streets_fence_corner,1.0
muan-0127,0,0_dear_sorrow_wish_weaving,0.0
jeongseon-0707,7,7_street_streets_fence_corner,0.50946003
jangsu-0406,0,0_dear_sorrow_wish_weaving,0.0
haenam-0319,18,18_farmer_rye_oats_horses,0.5808031
jangsu-0221,13,13_september_thirty_march_summer,0.64329535
cheongsong-0415,0,0_dear_sorrow_wish_weaving,0.0
jeongeup-0483,0,0_dear_sorrow_wish_weaving,0.0
geochang-0702,14,14_gyeongsang_jeolla_country_blow,0.46752152
wanju-0413,0,0_dear_sorrow_wish_weaving,0.0
yecheon-0816,13,13_september_thirty_march_summer,0.51116234
gyeongju-0711,10,10_young cossack_cossack_horseback_love young,1.0
wanju-0414,14,14_gyeongsang_jeolla_country_blow,0.50022334
changwon-0307,0,0_dear_sorrow_wish_weaving,0.0
yecheon-0505,0,0_dear_sorrow_wish_weaving,0.0
seonsan-0316,9,9_wreath_wreaths_wreath wreath_periwinkle,1.0
ulsan-0210,14,14_gyeongsang_jeolla_country_blow,1.0
yeongju-0103,0,0_dear_sorrow_wish_weaving,0.0
hampyeong-0619,0,0_dear_sorrow_wish_weaving,0.0
hapcheon-0920,9,9_wreath_wreaths_wreath wreath_periwinkle,0.7318557
hadong-0121,0,0_dear_sorrow_wish_weaving,0.0
jangsu-0219,13,13_september_thirty_march_summer,1.0
hapcheon-0501,14,14_gyeongsang_jeolla_country_blow,1.0
yeongwol-0502,0,0_dear_sorrow_wish_weaving,0.0
seongju-0139,0,0_dear_sorrow_wish_weaving,0.0
yanggu-0721,0,0_dear_sorrow_wish_weaving,0.0
yeongam-0432,0,0_dear_sorrow_wish_weaving,0.0
gyeongsan-0502,14,14_gyeongsang_jeolla_country_blow,1.0
sancheong-0210,0,0_dear_sorrow_wish_weaving,0.0
sacheon-0112,13,13_september_thirty_march_summer,0.47802055
goryeong-0518,0,0_dear_sorrow_wish_weaving,0.0
bukjeju-2019,13,13_september_thirty_march_summer,0.7416248
mungyeong-0518,0,0_dear_sorrow_wish_weaving,0.0
yeongam-0422,0,0_dear_sorrow_wish_weaving,0.0
mungyeong-0110,13,13_september_thirty_march_summer,0.51116234
hamyang-0105,15,15_slave_goats_ants_feathers,1.0
euiseong-0602,13,13_september_thirty_march_summer,0.3298849
hampyeong-0409,14,14_gyeongsang_jeolla_country_blow,1.0
seongju-0722,0,0_dear_sorrow_wish_weaving,0.0
yeongcheon-0306,0,0_dear_sorrow_wish_weaving,0.0
seocheon-0717,0,0_dear_sorrow_wish_weaving,0.0
wando-0117,8,8_garden little_young maiden_nightingale_little cuckoo,0.5895704
geumreung-0711,0,0_dear_sorrow_wish_weaving,0.0
hadong-0310,13,13_september_thirty_march_summer,1.0
geumsan-0914,0,0_dear_sorrow_wish_weaving,0.0
cheongdo-0324,13,13_september_thirty_march_summer,0.47368708
milyang-2004,14,14_gyeongsang_jeolla_country_blow,0.6969683
gn.goseong-0104,13,13_september_thirty_march_summer,1.0
andong-0623,0,0_dear_sorrow_wish_weaving,0.0
jungwon-0308,0,0_dear_sorrow_wish_weaving,0.0
haman-0102,0,0_dear_sorrow_wish_weaving,0.0
yecheon-0702,13,13_september_thirty_march_summer,1.0
namjeju-0303,14,14_gyeongsang_jeolla_country_blow,0.6799516
yecheon-0936,13,13_september_thirty_march_summer,0.32003334
sacheon-0211,0,0_dear_sorrow_wish_weaving,0.0
euiseong-0230,17,17_mocking_squirrel_don laugh_laugh,1.0
euiseong-0116,0,0_dear_sorrow_wish_weaving,0.0
wonju-1101,14,14_gyeongsang_jeolla_country_blow,0.5931056
gwangyang-0208,14,14_gyeongsang_jeolla_country_blow,1.0
hoengseong-0426,14,14_gyeongsang_jeolla_country_blow,0.54326123
yangsan-0304,0,0_dear_sorrow_wish_weaving,0.0
seongju-0134,13,13_september_thirty_march_summer,0.6107016
jangseong-0525,0,0_dear_sorrow_wish_weaving,0.0
seungju-0309,0,0_dear_sorrow_wish_weaving,0.0
yecheon-0302,0,0_dear_sorrow_wish_weaving,0.0
gn.goseong-0530,14,14_gyeongsang_jeolla_country_blow,1.0
hadong-0118,0,0_dear_sorrow_wish_weaving,0.0
hwacheon-0909,0,0_dear_sorrow_wish_weaving,0.0
yecheon-0935,14,14_gyeongsang_jeolla_country_blow,0.5910706
yeocheon-0232,18,18_farmer_rye_oats_horses,0.6229949
goesan-0314,0,0_dear_sorrow_wish_weaving,0.0
bukjeju-1606,0,0_dear_sorrow_wish_weaving,0.0
geoje-0506,18,18_farmer_rye_oats_horses,1.0
uljin-0302,0,0_dear_sorrow_wish_weaving,0.0
yeongdong-0502,0,0_dear_sorrow_wish_weaving,0.0
mungyeong-0319,13,13_september_thirty_march_summer,1.0
yeongdeok-0607,0,0_dear_sorrow_wish_weaving,0.0
gangjin-0208,7,7_street_streets_fence_corner,0.3779955
mungyeong-0520,0,0_dear_sorrow_wish_weaving,0.0
jangsu-0306,0,0_dear_sorrow_wish_weaving,0.0
buan-0512,7,7_street_streets_fence_corner,0.46903247
seonsan-0314,14,14_gyeongsang_jeolla_country_blow,0.61576694
jinyang-1011,0,0_dear_sorrow_wish_weaving,0.0
euiseong-0732,18,18_farmer_rye_oats_horses,1.0
andong-0709,14,14_gyeongsang_jeolla_country_blow,0.70724833
bukjeju-0611,2,2_married life_sister_husband_mother law,0.64527303
hampyeong-0446,18,18_farmer_rye_oats_horses,1.0
jangsu-0321,14,14_gyeongsang_jeolla_country_blow,1.0
gyeongsan-0110,13,13_september_thirty_march_summer,0.8378424
namhae-0323,9,9_wreath_wreaths_wreath wreath_periwinkle,1.0
wonju-1106,14,14_gyeongsang_jeolla_country_blow,0.4553905
hamyang-0132,17,17_mocking_squirrel_don laugh_laugh,1.0
seonsan-0301,0,0_dear_sorrow_wish_weaving,0.0
geumsan-0902,0,0_dear_sorrow_wish_weaving,0.0
jinyang-1009,0,0_dear_sorrow_wish_weaving,0.0
namwon-0307,0,0_dear_sorrow_wish_weaving,0.0
hadong-0113,0,0_dear_sorrow_wish_weaving,0.0
jeomchon-0115,14,14_gyeongsang_jeolla_country_blow,0.7169966
dalseong-0301,14,14_gyeongsang_jeolla_country_blow,0.89964014
gangjin-0311,13,13_september_thirty_march_summer,0.38385725
chilgok-0309,9,9_wreath_wreaths_wreath wreath_periwinkle,1.0
bonghwa-0602,13,13_september_thirty_march_summer,0.7920407
andong-0228,0,0_dear_sorrow_wish_weaving,0.0
ulsan-0414,14,14_gyeongsang_jeolla_country_blow,0.623778
euiseong-0115,14,14_gyeongsang_jeolla_country_blow,1.0
hamyang-0510,0,0_dear_sorrow_wish_weaving,0.0
milyang-1112,14,14_gyeongsang_jeolla_country_blow,0.40954223
geumsan-0113,7,7_street_streets_fence_corner,0.51633954
jinyang-0717,16,16_song praise_cheerful song_sing song_sing,1.0
euiryeong-0309,0,0_dear_sorrow_wish_weaving,0.0
gn.goseong-0111,0,0_dear_sorrow_wish_weaving,0.0
yeongyang-0113,0,0_dear_sorrow_wish_weaving,0.0
yeongcheon-0307,9,9_wreath_wreaths_wreath wreath_periwinkle,1.0
jangseong-0126,0,0_dear_sorrow_wish_weaving,0.0
chilgok-0516,0,0_dear_sorrow_wish_weaving,0.0
damyang-0112,14,14_gyeongsang_jeolla_country_blow,0.37364888
gn.goseong-0525,0,0_dear_sorrow_wish_weaving,0.0
hadong-0112,14,14_gyeongsang_jeolla_country_blow,1.0
seongju-0341,0,0_dear_sorrow_wish_weaving,0.0
gn.goseong-0504,6,6_poplar_eyebrows_bright_boast,1.0
imsil-0210,14,14_gyeongsang_jeolla_country_blow,1.0
sunchang-0318,9,9_wreath_wreaths_wreath wreath_periwinkle,0.37799722
yeongwol-0418,14,14_gyeongsang_jeolla_country_blow,0.78304935
incheon-0217,15,15_slave_goats_ants_feathers,0.34072602
hwasun-0307,14,14_gyeongsang_jeolla_country_blow,0.701444
hapcheon-0528,0,0_dear_sorrow_wish_weaving,0.0
seonsan-0413,14,14_gyeongsang_jeolla_country_blow,0.75844866
milyang-1111,0,0_dear_sorrow_wish_weaving,0.0
haman-0411,14,14_gyeongsang_jeolla_country_blow,0.77290934
seonsan-0231,7,7_street_streets_fence_corner,0.85856223
jangsu-0218,14,14_gyeongsang_jeolla_country_blow,0.5462629
mungyeong-0321,16,16_song praise_cheerful song_sing song_sing,1.0
andong-0602,0,0_dear_sorrow_wish_weaving,0.0
seonsan-0313,0,0_dear_sorrow_wish_weaving,0.0
sangju-0528,14,14_gyeongsang_jeolla_country_blow,0.7045498
hampyeong-0617,0,0_dear_sorrow_wish_weaving,0.0
ulsan-0608,0,0_dear_sorrow_wish_weaving,0.0
seungju-0344,0,0_dear_sorrow_wish_weaving,0.0
andong-0227,0,0_dear_sorrow_wish_weaving,0.0
wando-0335,18,18_farmer_rye_oats_horses,0.5028446
jangseong-0110,14,14_gyeongsang_jeolla_country_blow,1.0
wando-0111,18,18_farmer_rye_oats_horses,1.0
goesan-0209,14,14_gyeongsang_jeolla_country_blow,1.0
gimpo-0508,17,17_mocking_squirrel_don laugh_laugh,1.0
cheongyang-0204,14,14_gyeongsang_jeolla_country_blow,1.0
changnyeong-0412,14,14_gyeongsang_jeolla_country_blow,1.0
hoengseong-0218,13,13_september_thirty_march_summer,0.3956699
wonju-1210,14,14_gyeongsang_jeolla_country_blow,0.78136694
jeongeup-0503,7,7_street_streets_fence_corner,1.0
jangheung-0122,14,14_gyeongsang_jeolla_country_blow,0.68288726
goyang-0104,14,14_gyeongsang_jeolla_country_blow,0.6431676
okgu-0310,0,0_dear_sorrow_wish_weaving,0.0
hongcheon-1318,13,13_september_thirty_march_summer,0.7646846
gochang-0306,14,14_gyeongsang_jeolla_country_blow,0.7816603
goheung-0138,14,14_gyeongsang_jeolla_country_blow,1.0
haman-0301,18,18_farmer_rye_oats_horses,0.75068736
haenam-0155,14,14_gyeongsang_jeolla_country_blow,1.0
euiseong-0614,14,14_gyeongsang_jeolla_country_blow,0.5518367
cheongwon-0207,0,0_dear_sorrow_wish_weaving,0.0
jangseong-0217,14,14_gyeongsang_jeolla_country_blow,1.0
yeongcheon-0206,14,14_gyeongsang_jeolla_country_blow,0.43922228
mungyeong-0202,14,14_gyeongsang_jeolla_country_blow,0.5155583
sangju-0414,14,14_gyeongsang_jeolla_country_blow,0.6751474
goheung-0139,14,14_gyeongsang_jeolla_country_blow,0.58915895
bukjeju-1119,0,0_dear_sorrow_wish_weaving,0.0
chuncheon-0714,14,14_gyeongsang_jeolla_country_blow,0.42803532
myeongju-0711,14,14_gyeongsang_jeolla_country_blow,1.0
wonju-0820,18,18_farmer_rye_oats_horses,1.0
cheongsong-0311,10,10_young cossack_cossack_horseback_love young,0.6354621
gunwi-0220,14,14_gyeongsang_jeolla_country_blow,0.716967
yeongyang-0201,14,14_gyeongsang_jeolla_country_blow,0.58170646
hwaseong-0208,0,0_dear_sorrow_wish_weaving,0.0
gochang-0806,0,0_dear_sorrow_wish_weaving,0.0
gumi-0119,14,14_gyeongsang_jeolla_country_blow,1.0
bukjeju-1807,0,0_dear_sorrow_wish_weaving,0.0
seonsan-0403,9,9_wreath_wreaths_wreath wreath_periwinkle,1.0
goryeong-0216,14,14_gyeongsang_jeolla_country_blow,0.83902246
taean-0806,14,14_gyeongsang_jeolla_country_blow,1.0
hwaseong-0401,0,0_dear_sorrow_wish_weaving,0.0
hapcheon-0803,0,0_dear_sorrow_wish_weaving,0.0
yeongju-0114,14,14_gyeongsang_jeolla_country_blow,1.0
yeongi-0613,18,18_farmer_rye_oats_horses,1.0
gimje-0410,14,14_gyeongsang_jeolla_country_blow,0.72209644
jungwon-0418,14,14_gyeongsang_jeolla_country_blow,0.88621783
gyeongsan-0319,0,0_dear_sorrow_wish_weaving,0.0
hoengseong-0617,18,18_farmer_rye_oats_horses,0.8109249
goryeong-0106,14,14_gyeongsang_jeolla_country_blow,0.58391804
yeonggwang-0212,6,6_poplar_eyebrows_bright_boast,0.2608179
cheongwon-0408,14,14_gyeongsang_jeolla_country_blow,0.5460402
jeongseon-1210,7,7_street_streets_fence_corner,0.5546128
yeongam-0116,15,15_slave_goats_ants_feathers,1.0
cheongdo-0504,0,0_dear_sorrow_wish_weaving,0.0
yeongi-0611,14,14_gyeongsang_jeolla_country_blow,1.0
gw.goseong-0913,14,14_gyeongsang_jeolla_country_blow,1.0
euiseong-0708,7,7_street_streets_fence_corner,1.0
chuncheon-0701,18,18_farmer_rye_oats_horses,0.6744188
muju-0431,14,14_gyeongsang_jeolla_country_blow,1.0
seongju-0648,14,14_gyeongsang_jeolla_country_blow,1.0
yeongcheon-0335,14,14_gyeongsang_jeolla_country_blow,1.0
sinan-0512,0,0_dear_sorrow_wish_weaving,0.0
uljin-0106,0,0_dear_sorrow_wish_weaving,0.0
anseong-0404,14,14_gyeongsang_jeolla_country_blow,1.0
dangjin-1109,0,0_dear_sorrow_wish_weaving,0.0
yangyang-1615,14,14_gyeongsang_jeolla_country_blow,0.81815666
wanju-0407,14,14_gyeongsang_jeolla_country_blow,0.53518295
goryeong-0105,14,14_gyeongsang_jeolla_country_blow,1.0
gimpo-0105,7,7_street_streets_fence_corner,0.61453724
muju-0606,0,0_dear_sorrow_wish_weaving,0.0
gapyeong-0109,7,7_street_streets_fence_corner,1.0
hwacheon-0923,13,13_september_thirty_march_summer,0.5600662
geumreung-0709,14,14_gyeongsang_jeolla_country_blow,0.6678231
cheolwon-0906,13,13_september_thirty_march_summer,0.6805931
boeun-0305,14,14_gyeongsang_jeolla_country_blow,0.5637913
hongcheon-1311,13,13_september_thirty_march_summer,0.6567329
euiseong-0211,0,0_dear_sorrow_wish_weaving,0.0
yangyang-0709,18,18_farmer_rye_oats_horses,1.0
jeongseon-0211,14,14_gyeongsang_jeolla_country_blow,0.6297443
sangju-0809,9,9_wreath_wreaths_wreath wreath_periwinkle,1.0
haenam-0210,14,14_gyeongsang_jeolla_country_blow,1.0
hwasun-0210,15,15_slave_goats_ants_feathers,0.50284195
boryeong-0302,14,14_gyeongsang_jeolla_country_blow,1.0
dalseong-0412,13,13_september_thirty_march_summer,0.3855097
gimpo-0507,0,0_dear_sorrow_wish_weaving,0.0
cheolwon-0706,14,14_gyeongsang_jeolla_country_blow,0.32701918
seonsan-0218,7,7_street_streets_fence_corner,1.0
cheongsong-0312,10,10_young cossack_cossack_horseback_love young,0.58612204
jeongseon-0604,14,14_gyeongsang_jeolla_country_blow,0.62932056
gimpo-0406,7,7_street_streets_fence_corner,0.39763314
danyang-0311,13,13_september_thirty_march_summer,0.35146177
euiryeong-0104,0,0_dear_sorrow_wish_weaving,0.0
buyeo-0605,0,0_dear_sorrow_wish_weaving,0.0
dalseong-0521,14,14_gyeongsang_jeolla_country_blow,0.6017521
seonsan-0220,14,14_gyeongsang_jeolla_country_blow,0.82802993
yangyang-0416,7,7_street_streets_fence_corner,0.52767295
hwaseong-0206,0,0_dear_sorrow_wish_weaving,0.0
yeongcheon-0411,9,9_wreath_wreaths_wreath wreath_periwinkle,1.0
cheolwon-1015,14,14_gyeongsang_jeolla_country_blow,0.8223374
icheon-0615,14,14_gyeongsang_jeolla_country_blow,1.0
icheon-0606,6,6_poplar_eyebrows_bright_boast,0.5065663
gunwi-0110,13,13_september_thirty_march_summer,0.51080847
gw.goseong-0914,14,14_gyeongsang_jeolla_country_blow,0.5310969
hwaseong-0506,14,14_gyeongsang_jeolla_country_blow,0.7205023
damyang-0208,14,14_gyeongsang_jeolla_country_blow,0.7055089
gimpo-0506,14,14_gyeongsang_jeolla_country_blow,1.0
jincheon-0404,14,14_gyeongsang_jeolla_country_blow,0.80108327
wonju-1209,14,14_gyeongsang_jeolla_country_blow,1.0
yeongi-0206,18,18_farmer_rye_oats_horses,0.70894945
gimhae-0508,0,0_dear_sorrow_wish_weaving,0.0
cheongsong-0306,17,17_mocking_squirrel_don laugh_laugh,0.25882894
cheolwon-1009,13,13_september_thirty_march_summer,0.5812314
gapyeong-0407,0,0_dear_sorrow_wish_weaving,0.0
mungyeong-0412,0,0_dear_sorrow_wish_weaving,0.0
seonsan-0221,14,14_gyeongsang_jeolla_country_blow,0.7745241
goesan-0308,15,15_slave_goats_ants_feathers,1.0
jincheon-0406,0,0_dear_sorrow_wish_weaving,0.0
hwaseong-0402,0,0_dear_sorrow_wish_weaving,0.0
euiseong-0201,9,9_wreath_wreaths_wreath wreath_periwinkle,1.0
bukjeju-1413,7,7_street_streets_fence_corner,1.0
yecheon-0519,14,14_gyeongsang_jeolla_country_blow,1.0
cheolwon-1310,14,14_gyeongsang_jeolla_country_blow,0.6395819
nonsan-0409,0,0_dear_sorrow_wish_weaving,0.0
muju-0510,0,0_dear_sorrow_wish_weaving,0.0
hongcheon-0904,17,17_mocking_squirrel_don laugh_laugh,0.90843225
seonsan-0608,14,14_gyeongsang_jeolla_country_blow,0.7788207
gw.goseong-1304,0,0_dear_sorrow_wish_weaving,0.0
chilgok-0113,14,14_gyeongsang_jeolla_country_blow,0.76650697
jungwon-0111,14,14_gyeongsang_jeolla_country_blow,0.55734825
dalseong-0517,17,17_mocking_squirrel_don laugh_laugh,1.0
sangju-0212,14,14_gyeongsang_jeolla_country_blow,0.7602084
namjeju-0818,9,9_wreath_wreaths_wreath wreath_periwinkle,0.37273544
cheonan-0805,7,7_street_streets_fence_corner,1.0
cheongsong-0206,14,14_gyeongsang_jeolla_country_blow,1.0
gwangjusi-0106,0,0_dear_sorrow_wish_weaving,0.0
dalseong-0515,14,14_gyeongsang_jeolla_country_blow,1.0
hongseong-0114,14,14_gyeongsang_jeolla_country_blow,1.0
seonsan-0219,0,0_dear_sorrow_wish_weaving,0.0
yecheon-0836,0,0_dear_sorrow_wish_weaving,0.0
imsil-0814,14,14_gyeongsang_jeolla_country_blow,1.0
seosan-1009,11,11_little horses_horses_maids_altar,1.0
yesan-0405,14,14_gyeongsang_jeolla_country_blow,1.0
okcheon-0306,14,14_gyeongsang_jeolla_country_blow,0.64208776
chuncheon-1206,7,7_street_streets_fence_corner,0.4808066
nonsan-0406,15,15_slave_goats_ants_feathers,1.0
cheongsong-0511,17,17_mocking_squirrel_don laugh_laugh,1.0
jindo-0318,0,0_dear_sorrow_wish_weaving,0.0
okgu-0214,14,14_gyeongsang_jeolla_country_blow,0.5505416
hongseong-0134,13,13_september_thirty_march_summer,0.6764053
myeongju-0413,0,0_dear_sorrow_wish_weaving,0.0
yesan-0506,13,13_september_thirty_march_summer,1.0
seonsan-0517,0,0_dear_sorrow_wish_weaving,0.0
geumreung-0602,0,0_dear_sorrow_wish_weaving,0.0
cheolwon-0104,9,9_wreath_wreaths_wreath wreath_periwinkle,0.5792505
muju-0430,0,0_dear_sorrow_wish_weaving,0.0
geumsan-0407,0,0_dear_sorrow_wish_weaving,0.0
euiseong-0615,13,13_september_thirty_march_summer,0.9053708
haenam-0337,18,18_farmer_rye_oats_horses,0.7709226
gapyeong-0408,0,0_dear_sorrow_wish_weaving,0.0
euiseong-0618,0,0_dear_sorrow_wish_weaving,0.0
yecheon-0203,13,13_september_thirty_march_summer,0.56649905
sunchang-0210,14,14_gyeongsang_jeolla_country_blow,0.7292113
yeongil-0235,14,14_gyeongsang_jeolla_country_blow,0.48682034
hoengseong-0318,14,14_gyeongsang_jeolla_country_blow,0.607848
seongju-0616,16,16_song praise_cheerful song_sing song_sing,1.0
gochang-0406,14,14_gyeongsang_jeolla_country_blow,0.8128606
sinan-1017,14,14_gyeongsang_jeolla_country_blow,1.0
jinyang-1005,0,0_dear_sorrow_wish_weaving,0.0
ganghwa-0209,18,18_farmer_rye_oats_horses,1.0
daegu-0712,0,0_dear_sorrow_wish_weaving,0.0
jindo-0201,0,0_dear_sorrow_wish_weaving,0.0
euiseong-0619,7,7_street_streets_fence_corner,1.0
jecheon-0406,14,14_gyeongsang_jeolla_country_blow,0.6635917
icheon-0409,14,14_gyeongsang_jeolla_country_blow,0.7550412
ganghwa-0314,14,14_gyeongsang_jeolla_country_blow,1.0
cheonan-0406,14,14_gyeongsang_jeolla_country_blow,0.8586441
gimje-0712,14,14_gyeongsang_jeolla_country_blow,0.6577216
seongju-0216,14,14_gyeongsang_jeolla_country_blow,0.5229509
seonsan-0105,14,14_gyeongsang_jeolla_country_blow,0.36992094
yeongwol-0126,13,13_september_thirty_march_summer,0.6547983
yecheon-0365,18,18_farmer_rye_oats_horses,1.0
milyang-0312,0,0_dear_sorrow_wish_weaving,0.0
cheongyang-0105,13,13_september_thirty_march_summer,0.6788763
yecheon-0608,14,14_gyeongsang_jeolla_country_blow,1.0
hoengseong-0325,3,3_saint nicholas_saint_nicholas_holy evening,0.5086276
wanju-0103,0,0_dear_sorrow_wish_weaving,0.0
yeongcheon-0334,0,0_dear_sorrow_wish_weaving,0.0
uljin-0821,14,14_gyeongsang_jeolla_country_blow,1.0
euiseong-0209,18,18_farmer_rye_oats_horses,1.0
bonghwa-0806,18,18_farmer_rye_oats_horses,1.0
gyeongsan-0601,0,0_dear_sorrow_wish_weaving,0.0
andong-0702,0,0_dear_sorrow_wish_weaving,0.0
gw.goseong-0104,0,0_dear_sorrow_wish_weaving,0.0
andong-0304,14,14_gyeongsang_jeolla_country_blow,0.9037957
yeongil-0507,18,18_farmer_rye_oats_horses,0.44955647
gochang-0208,0,0_dear_sorrow_wish_weaving,0.0
sangju-0415,14,14_gyeongsang_jeolla_country_blow,0.68205017
cheonan-0806,0,0_dear_sorrow_wish_weaving,0.0
jecheon-0304,14,14_gyeongsang_jeolla_country_blow,0.6760015
haenam-0150,14,14_gyeongsang_jeolla_country_blow,1.0
cheongdo-0612,0,0_dear_sorrow_wish_weaving,0.0
muju-0734,0,0_dear_sorrow_wish_weaving,0.0
bukjeju-2109,14,14_gyeongsang_jeolla_country_blow,1.0
yecheon-0835,14,14_gyeongsang_jeolla_country_blow,0.8688609
jeongeup-0610,14,14_gyeongsang_jeolla_country_blow,1.0
yeongil-0403,14,14_gyeongsang_jeolla_country_blow,0.6870494
dalseong-0514,14,14_gyeongsang_jeolla_country_blow,1.0
bonghwa-0615,13,13_september_thirty_march_summer,0.71187377
milyang-1602,0,0_dear_sorrow_wish_weaving,0.0
cheolwon-0324,14,14_gyeongsang_jeolla_country_blow,0.6134374
icheon-0211,0,0_dear_sorrow_wish_weaving,0.0
taean-0812,0,0_dear_sorrow_wish_weaving,0.0
goheung-0429,12,12_orphans_trees_plowed field_wilderness,1.0
jincheon-0205,0,0_dear_sorrow_wish_weaving,0.0
changnyeong-0408,18,18_farmer_rye_oats_horses,0.6373801
geumsan-0505,14,14_gyeongsang_jeolla_country_blow,1.0
euiseong-0511,14,14_gyeongsang_jeolla_country_blow,1.0
eumseong-0507,14,14_gyeongsang_jeolla_country_blow,1.0
hwaseong-0309,16,16_song praise_cheerful song_sing song_sing,1.0
dalseong-0520,14,14_gyeongsang_jeolla_country_blow,1.0
milyang-1508,9,9_wreath_wreaths_wreath wreath_periwinkle,0.43704253
jeongseon-0606,18,18_farmer_rye_oats_horses,0.78371435
yesan-0305,0,0_dear_sorrow_wish_weaving,0.0
sokcho-0114,18,18_farmer_rye_oats_horses,1.0
yeongil-0234,14,14_gyeongsang_jeolla_country_blow,1.0
dalseong-0512,0,0_dear_sorrow_wish_weaving,0.0
euiseong-0704,0,0_dear_sorrow_wish_weaving,0.0
cheonan-0704,7,7_street_streets_fence_corner,0.91234463
jincheon-0207,14,14_gyeongsang_jeolla_country_blow,1.0
bukjeju-0916,10,10_young cossack_cossack_horseback_love young,0.6234299
hadong-0207,7,7_street_streets_fence_corner,1.0
nonsan-0408,18,18_farmer_rye_oats_horses,0.6036628
okgu-0112,14,14_gyeongsang_jeolla_country_blow,0.52812535
yeongil-0233,0,0_dear_sorrow_wish_weaving,0.0
cheongsong-0622,14,14_gyeongsang_jeolla_country_blow,0.6328583
andong-0404,0,0_dear_sorrow_wish_weaving,0.0
wonju-0318,13,13_september_thirty_march_summer,0.77651864
seongju-0111,14,14_gyeongsang_jeolla_country_blow,1.0
euiseong-0112,0,0_dear_sorrow_wish_weaving,0.0
sunchang-0411,14,14_gyeongsang_jeolla_country_blow,0.57254803
jeongseon-0605,14,14_gyeongsang_jeolla_country_blow,0.723914
gimhae-0602,0,0_dear_sorrow_wish_weaving,0.0
hongseong-0405,14,14_gyeongsang_jeolla_country_blow,0.8920876
mungyeong-0203,14,14_gyeongsang_jeolla_country_blow,0.82378274
geumreung-0204,14,14_gyeongsang_jeolla_country_blow,1.0
hoengseong-0433,14,14_gyeongsang_jeolla_country_blow,1.0
bukjeju-0807,14,14_gyeongsang_jeolla_country_blow,1.0
yeongcheon-0207,14,14_gyeongsang_jeolla_country_blow,0.35006914
daegu-0423,14,14_gyeongsang_jeolla_country_blow,1.0
hampyeong-0319,0,0_dear_sorrow_wish_weaving,0.0
anseong-0506,14,14_gyeongsang_jeolla_country_blow,0.77903694
chuncheon-0716,14,14_gyeongsang_jeolla_country_blow,1.0
jindo-0112,14,14_gyeongsang_jeolla_country_blow,0.8125235
dalseong-0413,14,14_gyeongsang_jeolla_country_blow,1.0
geumreung-0426,0,0_dear_sorrow_wish_weaving,0.0
inje-0711,16,16_song praise_cheerful song_sing song_sing,0.56821454
hongcheon-1317,0,0_dear_sorrow_wish_weaving,0.0
jungwon-0408,13,13_september_thirty_march_summer,1.0
okcheon-0105,14,14_gyeongsang_jeolla_country_blow,0.7819449
jangseong-0407,14,14_gyeongsang_jeolla_country_blow,1.0
gangjin-0808,0,0_dear_sorrow_wish_weaving,0.0
yeonggwang-0125,14,14_gyeongsang_jeolla_country_blow,1.0
seonsan-0712,13,13_september_thirty_march_summer,0.42416435
yesan-0306,0,0_dear_sorrow_wish_weaving,0.0
chilgok-0326,0,0_dear_sorrow_wish_weaving,0.0
yecheon-0607,5,5_horses_grazing_maidens_clover,1.0
eumseong-0404,14,14_gyeongsang_jeolla_country_blow,0.6823168
cheongwon-0804,0,0_dear_sorrow_wish_weaving,0.0
okgu-0113,14,14_gyeongsang_jeolla_country_blow,0.53637105
muju-0804,6,6_poplar_eyebrows_bright_boast,1.0
yeonggwang-0126,0,0_dear_sorrow_wish_weaving,0.0
euiseong-0208,0,0_dear_sorrow_wish_weaving,0.0
uljin-0122,14,14_gyeongsang_jeolla_country_blow,0.56459826
jincheon-0302,14,14_gyeongsang_jeolla_country_blow,1.0
okgu-0311,0,0_dear_sorrow_wish_weaving,0.0
jangheung-0317,14,14_gyeongsang_jeolla_country_blow,0.6576151
yeongcheon-0504,0,0_dear_sorrow_wish_weaving,0.0
seonsan-0607,14,14_gyeongsang_jeolla_country_blow,0.7587571
sancheong-0312,14,14_gyeongsang_jeolla_country_blow,0.5263161
buan-0609,14,14_gyeongsang_jeolla_country_blow,0.6721033
uljin-0303,0,0_dear_sorrow_wish_weaving,0.0
yeongil-0303,0,0_dear_sorrow_wish_weaving,0.0
chuncheon-0913,7,7_street_streets_fence_corner,0.58088446
icheon-0205,18,18_farmer_rye_oats_horses,0.6055425
geochang-0409,0,0_dear_sorrow_wish_weaving,0.0
uljin-0206,0,0_dear_sorrow_wish_weaving,0.0
yesan-0307,0,0_dear_sorrow_wish_weaving,0.0
myeongju-0415,14,14_gyeongsang_jeolla_country_blow,1.0
boryeong-0407,14,14_gyeongsang_jeolla_country_blow,0.8977427
chilgok-0114,14,14_gyeongsang_jeolla_country_blow,0.5456281
wanju-0211,14,14_gyeongsang_jeolla_country_blow,0.7330446
ulsan-0611,0,0_dear_sorrow_wish_weaving,0.0
icheon-0505,14,14_gyeongsang_jeolla_country_blow,0.8097932
euiryeong-0208,13,13_september_thirty_march_summer,0.55456805
daegu-0448,13,13_september_thirty_march_summer,1.0
onyang-0103,9,9_wreath_wreaths_wreath wreath_periwinkle,1.0
jungwon-0407,14,14_gyeongsang_jeolla_country_blow,1.0
ganghwa-0409,14,14_gyeongsang_jeolla_country_blow,0.50426173
seongju-0124,0,0_dear_sorrow_wish_weaving,0.0
boryeong-0408,14,14_gyeongsang_jeolla_country_blow,0.71439165
yeongdeok-0115,14,14_gyeongsang_jeolla_country_blow,0.5279183
jinyang-0704,0,0_dear_sorrow_wish_weaving,0.0
dalseong-0116,18,18_farmer_rye_oats_horses,0.5346551
anseong-0210,14,14_gyeongsang_jeolla_country_blow,1.0
hwaseong-0119,14,14_gyeongsang_jeolla_country_blow,0.6499543
chuncheon-0702,13,13_september_thirty_march_summer,0.5748669
boryeong-0707,9,9_wreath_wreaths_wreath wreath_periwinkle,0.60435987
milyang-0311,0,0_dear_sorrow_wish_weaving,0.0
gw.goseong-1115,14,14_gyeongsang_jeolla_country_blow,1.0
andong-0406,14,14_gyeongsang_jeolla_country_blow,0.7980515
jangheung-0214,14,14_gyeongsang_jeolla_country_blow,0.6666722
cheolwon-1114,14,14_gyeongsang_jeolla_country_blow,0.44054276
cheongwon-0713,14,14_gyeongsang_jeolla_country_blow,1.0
gimpo-0201,14,14_gyeongsang_jeolla_country_blow,1.0
wanju-0102,13,13_september_thirty_march_summer,1.0
sangju-0810,0,0_dear_sorrow_wish_weaving,0.0
changnyeong-0322,13,13_september_thirty_march_summer,1.0
yecheon-0219,0,0_dear_sorrow_wish_weaving,0.0
gumi-0112,16,16_song praise_cheerful song_sing song_sing,1.0
seosan-0704,0,0_dear_sorrow_wish_weaving,0.0
wanju-0305,14,14_gyeongsang_jeolla_country_blow,0.57568717
gimpo-0303,18,18_farmer_rye_oats_horses,0.39312837
cheongdo-0304,14,14_gyeongsang_jeolla_country_blow,0.5419514
yecheon-0833,9,9_wreath_wreaths_wreath wreath_periwinkle,0.50718707
wanju-0210,13,13_september_thirty_march_summer,0.90524554
namjeju-0708,14,14_gyeongsang_jeolla_country_blow,0.8865754
chilgok-0212,0,0_dear_sorrow_wish_weaving,0.0
bonghwa-0306,14,14_gyeongsang_jeolla_country_blow,0.6620474
cheongsong-0207,0,0_dear_sorrow_wish_weaving,0.0
jinyang-0916,13,13_september_thirty_march_summer,0.6207092
cheongdo-0614,13,13_september_thirty_march_summer,0.78842103
jangheung-0204,11,11_little horses_horses_maids_altar,1.0
changnyeong-0323,14,14_gyeongsang_jeolla_country_blow,0.91146433
anseong-0309,13,13_september_thirty_march_summer,0.5242628
namjeju-1021,6,6_poplar_eyebrows_bright_boast,1.0
buyeo-0505,14,14_gyeongsang_jeolla_country_blow,1.0
naju-0412,14,14_gyeongsang_jeolla_country_blow,0.6392366
anseong-0406,14,14_gyeongsang_jeolla_country_blow,0.53791326
mungyeong-0213,14,14_gyeongsang_jeolla_country_blow,0.6987078
bonghwa-0515,13,13_september_thirty_march_summer,0.415958
mungyeong-0105,14,14_gyeongsang_jeolla_country_blow,0.853144
hampyeong-0121,0,0_dear_sorrow_wish_weaving,0.0
geumreung-0603,14,14_gyeongsang_jeolla_country_blow,0.6241272
gimje-0109,14,14_gyeongsang_jeolla_country_blow,1.0
daegu-0446,13,13_september_thirty_march_summer,1.0
goryeong-0422,14,14_gyeongsang_jeolla_country_blow,0.54083276
jangseong-0509,14,14_gyeongsang_jeolla_country_blow,1.0
sangju-0318,0,0_dear_sorrow_wish_weaving,0.0
buan-0404,14,14_gyeongsang_jeolla_country_blow,1.0
jangheung-0311,14,14_gyeongsang_jeolla_country_blow,0.5291044
gw.goseong-1111,13,13_september_thirty_march_summer,1.0
yeongdeok-0412,0,0_dear_sorrow_wish_weaving,0.0
gochang-0408,13,13_september_thirty_march_summer,1.0
seosan-1103,0,0_dear_sorrow_wish_weaving,0.0
incheon-0101,15,15_slave_goats_ants_feathers,0.64032775
yeongdeok-0107,14,14_gyeongsang_jeolla_country_blow,1.0
taean-0302,0,0_dear_sorrow_wish_weaving,0.0
incheon-0209,0,0_dear_sorrow_wish_weaving,0.0
ganghwa-0502,0,0_dear_sorrow_wish_weaving,0.0
boryeong-0304,0,0_dear_sorrow_wish_weaving,0.0
myeongju-0203,13,13_september_thirty_march_summer,0.41518217
andong-0310,0,0_dear_sorrow_wish_weaving,0.0
seosan-1102,15,15_slave_goats_ants_feathers,0.58317804
sinan-0820,0,0_dear_sorrow_wish_weaving,0.0
buan-0611,0,0_dear_sorrow_wish_weaving,0.0
dangjin-1005,16,16_song praise_cheerful song_sing song_sing,1.0
gw.goseong-1203,14,14_gyeongsang_jeolla_country_blow,0.5421156
yeongil-0226,0,0_dear_sorrow_wish_weaving,0.0
boryeong-0805,0,0_dear_sorrow_wish_weaving,0.0
gyeongju-0201,0,0_dear_sorrow_wish_weaving,0.0
boryeong-0806,14,14_gyeongsang_jeolla_country_blow,0.6018507
sinan-0819,14,14_gyeongsang_jeolla_country_blow,0.67429274
seongju-0114,7,7_street_streets_fence_corner,0.65980387
yeongil-0228,0,0_dear_sorrow_wish_weaving,0.0
yeongdeok-0104,13,13_september_thirty_march_summer,0.55415773
incheon-0210,15,15_slave_goats_ants_feathers,0.5579803
incheon-0237,0,0_dear_sorrow_wish_weaving,0.0
tongyeong-0306,16,16_song praise_cheerful song_sing song_sing,0.57817453
namjeju-0503,14,14_gyeongsang_jeolla_country_blow,0.3597991
ganghwa-0501,13,13_september_thirty_march_summer,0.51186246
boryeong-0605,0,0_dear_sorrow_wish_weaving,0.0
yeongil-0229,0,0_dear_sorrow_wish_weaving,0.0
haenam-0435,0,0_dear_sorrow_wish_weaving,0.0
gunwi-0102,13,13_september_thirty_march_summer,0.45700914
geumreung-0704,0,0_dear_sorrow_wish_weaving,0.0
taean-0104,0,0_dear_sorrow_wish_weaving,0.0
seosan-0303,0,0_dear_sorrow_wish_weaving,0.0
boryeong-0210,0,0_dear_sorrow_wish_weaving,0.0
taean-0110,0,0_dear_sorrow_wish_weaving,0.0
yeongdeok-0411,18,18_farmer_rye_oats_horses,1.0
yeongil-0102,0,0_dear_sorrow_wish_weaving,0.0
sinan-0817,0,0_dear_sorrow_wish_weaving,0.0
dangjin-0408,0,0_dear_sorrow_wish_weaving,0.0
gw.goseong-1204,14,14_gyeongsang_jeolla_country_blow,1.0
taean-0304,18,18_farmer_rye_oats_horses,1.0
bukjeju-1209,9,9_wreath_wreaths_wreath wreath_periwinkle,1.0
incheon-0213,13,13_september_thirty_march_summer,0.6465765
boryeong-0508,17,17_mocking_squirrel_don laugh_laugh,1.0
sinan-0815,0,0_dear_sorrow_wish_weaving,0.0
yeongyang-0503,7,7_street_streets_fence_corner,1.0
taean-0502,9,9_wreath_wreaths_wreath wreath_periwinkle,0.5171736
taean-0101,9,9_wreath_wreaths_wreath wreath_periwinkle,0.8042554
sinan-0931,13,13_september_thirty_march_summer,0.48913944
boryeong-0405,16,16_song praise_cheerful song_sing song_sing,1.0
gwangjusi-0116,13,13_september_thirty_march_summer,0.72350925
boryeong-0703,7,7_street_streets_fence_corner,0.46654922
yeongil-0325,18,18_farmer_rye_oats_horses,0.5769198
tongyeong-0101,7,7_street_streets_fence_corner,0.4281409
seongju-0119,7,7_street_streets_fence_corner,1.0
taean-0308,0,0_dear_sorrow_wish_weaving,0.0
sinan-0719,0,0_dear_sorrow_wish_weaving,0.0
namjeju-0713,13,13_september_thirty_march_summer,0.5060866
bukjeju-1102,13,13_september_thirty_march_summer,0.4328482
bukjeju-1303,0,0_dear_sorrow_wish_weaving,0.0
yeongil-0232,0,0_dear_sorrow_wish_weaving,0.0
naju-0420,14,14_gyeongsang_jeolla_country_blow,0.5044083
yeongdeok-0103,9,9_wreath_wreaths_wreath wreath_periwinkle,0.45567298
bukjeju-0109,14,14_gyeongsang_jeolla_country_blow,0.35689285
dangjin-0407,0,0_dear_sorrow_wish_weaving,0.0
boryeong-0602,6,6_poplar_eyebrows_bright_boast,1.0
bukjeju-1101,15,15_slave_goats_ants_feathers,1.0
sinan-0831,0,0_dear_sorrow_wish_weaving,0.0
sinan-0822,14,14_gyeongsang_jeolla_country_blow,1.0
boryeong-0402,13,13_september_thirty_march_summer,1.0
yeongil-0230,0,0_dear_sorrow_wish_weaving,0.0
ganghwa-0707,0,0_dear_sorrow_wish_weaving,0.0
andong-0309,0,0_dear_sorrow_wish_weaving,0.0
buyeo-0601,13,13_september_thirty_march_summer,0.6689477
bukjeju-1213,14,14_gyeongsang_jeolla_country_blow,0.32091877
taean-0108,9,9_wreath_wreaths_wreath wreath_periwinkle,1.0
dangjin-0409,0,0_dear_sorrow_wish_weaving,0.0
yeongdeok-0106,13,13_september_thirty_march_summer,0.51116234
bukjeju-1304,14,14_gyeongsang_jeolla_country_blow,1.0
cheongsong-0217,0,0_dear_sorrow_wish_weaving,0.0
bukjeju-1604,18,18_farmer_rye_oats_horses,1.0
gw.goseong-1205,0,0_dear_sorrow_wish_weaving,0.0
sangju-0309,13,13_september_thirty_march_summer,0.6608677
yeocheon-0303,0,0_dear_sorrow_wish_weaving,0.0
jejusi-0102,15,15_slave_goats_ants_feathers,0.37885842
namjeju-0918,0,0_dear_sorrow_wish_weaving,0.0
sinan-0829,15,15_slave_goats_ants_feathers,1.0
cheongwon-0706,0,0_dear_sorrow_wish_weaving,0.0
boryeong-0203,0,0_dear_sorrow_wish_weaving,0.0
boryeong-0228,0,0_dear_sorrow_wish_weaving,0.0
sinan-0826,0,0_dear_sorrow_wish_weaving,0.0
myeongju-0202,17,17_mocking_squirrel_don laugh_laugh,1.0
buan-0405,14,14_gyeongsang_jeolla_country_blow,1.0
seosan-0504,15,15_slave_goats_ants_feathers,0.8947196
incheon-0202,0,0_dear_sorrow_wish_weaving,0.0
haenam-0434,18,18_farmer_rye_oats_horses,1.0
sinan-0705,0,0_dear_sorrow_wish_weaving,0.0
sokcho-0201,0,0_dear_sorrow_wish_weaving,0.0
gw.goseong-1202,14,14_gyeongsang_jeolla_country_blow,0.8096069
seosan-0304,18,18_farmer_rye_oats_horses,0.48035747
bukjeju-0608,13,13_september_thirty_march_summer,1.0
yeonggwang-0308,0,0_dear_sorrow_wish_weaving,0.0
dangjin-0410,0,0_dear_sorrow_wish_weaving,0.0
ganghwa-0708,18,18_farmer_rye_oats_horses,1.0
yeongam-0220,0,0_dear_sorrow_wish_weaving,0.0
sangju-0218,9,9_wreath_wreaths_wreath wreath_periwinkle,1.0
yeongdeok-0101,13,13_september_thirty_march_summer,0.44006512
gochang-0611,13,13_september_thirty_march_summer,0.50039643
yanggu-0714,15,15_slave_goats_ants_feathers,1.0
bukjeju-1803,14,14_gyeongsang_jeolla_country_blow,0.59209275
gochang-0304,13,13_september_thirty_march_summer,1.0
bukjeju-1801,15,15_slave_goats_ants_feathers,0.34493974
ganghwa-0706,16,16_song praise_cheerful song_sing song_sing,0.50871044
yeongi-0107,13,13_september_thirty_march_summer,0.7351393
yeongdeok-0145,14,14_gyeongsang_jeolla_country_blow,1.0
gochang-0106,13,13_september_thirty_march_summer,0.8838526
buan-0406,0,0_dear_sorrow_wish_weaving,0.0
namjeju-1112,0,0_dear_sorrow_wish_weaving,0.0
dangjin-0406,6,6_poplar_eyebrows_bright_boast,1.0
yeocheon-0304,0,0_dear_sorrow_wish_weaving,0.0
sinan-0814,0,0_dear_sorrow_wish_weaving,0.0
bukjeju-1802,10,10_young cossack_cossack_horseback_love young,0.5034623
boryeong-0404,0,0_dear_sorrow_wish_weaving,0.0
boryeong-0801,0,0_dear_sorrow_wish_weaving,0.0
yangyang-1102,0,0_dear_sorrow_wish_weaving,0.0
seosan-1101,15,15_slave_goats_ants_feathers,0.9342693
geumreung-0706,14,14_gyeongsang_jeolla_country_blow,1.0
incheon-0235,0,0_dear_sorrow_wish_weaving,0.0
bukjeju-1501,15,15_slave_goats_ants_feathers,1.0
jejusi-0107,0,0_dear_sorrow_wish_weaving,0.0
sinan-0834,0,0_dear_sorrow_wish_weaving,0.0
tongyeong-0202,0,0_dear_sorrow_wish_weaving,0.0
taean-0106,0,0_dear_sorrow_wish_weaving,0.0
boryeong-0226,0,0_dear_sorrow_wish_weaving,0.0
goheung-0218,14,14_gyeongsang_jeolla_country_blow,1.0
sangju-0308,13,13_september_thirty_march_summer,0.6654681
taean-0509,0,0_dear_sorrow_wish_weaving,0.0
jangheung-0310,0,0_dear_sorrow_wish_weaving,0.0
taean-0102,9,9_wreath_wreaths_wreath wreath_periwinkle,1.0
samcheonpo-0203,14,14_gyeongsang_jeolla_country_blow,1.0
naju-0509,13,13_september_thirty_march_summer,0.7659643
geumreung-0705,0,0_dear_sorrow_wish_weaving,0.0
gw.goseong-0806,0,0_dear_sorrow_wish_weaving,0.0
sinan-0821,0,0_dear_sorrow_wish_weaving,0.0
wando-0505,0,0_dear_sorrow_wish_weaving,0.0
yeongil-0231,0,0_dear_sorrow_wish_weaving,0.0
yeonggwang-0302,0,0_dear_sorrow_wish_weaving,0.0
boryeong-0209,0,0_dear_sorrow_wish_weaving,0.0
namjeju-0208,15,15_slave_goats_ants_feathers,0.80197424
bukjeju-1502,15,15_slave_goats_ants_feathers,0.68884796
sinan-0823,13,13_september_thirty_march_summer,0.51116234
boryeong-0212,7,7_street_streets_fence_corner,1.0
namhae-0105,15,15_slave_goats_ants_feathers,0.8434319
taean-0112,9,9_wreath_wreaths_wreath wreath_periwinkle,0.77650124
sangju-0547,13,13_september_thirty_march_summer,0.90315515
boryeong-0603,0,0_dear_sorrow_wish_weaving,0.0
samcheok-0904,14,14_gyeongsang_jeolla_country_blow,0.7613002
yeongil-0227,14,14_gyeongsang_jeolla_country_blow,1.0
cheongsong-0218,0,0_dear_sorrow_wish_weaving,0.0
taean-0105,18,18_farmer_rye_oats_horses,0.7261725
taean-0305,0,0_dear_sorrow_wish_weaving,0.0
geumreung-0148,0,0_dear_sorrow_wish_weaving,0.0
myeongju-0204,13,13_september_thirty_march_summer,1.0
tongyeong-0302,11,11_little horses_horses_maids_altar,1.0
namjeju-1110,0,0_dear_sorrow_wish_weaving,0.0
sinan-0809,0,0_dear_sorrow_wish_weaving,0.0
buan-0113,17,17_mocking_squirrel_don laugh_laugh,1.0
namjeju-1101,13,13_september_thirty_march_summer,0.39927882
seosan-0301,18,18_farmer_rye_oats_horses,0.80216163
buan-0403,14,14_gyeongsang_jeolla_country_blow,1.0
bukjeju-0609,14,14_gyeongsang_jeolla_country_blow,0.6885965
boryeong-0307,0,0_dear_sorrow_wish_weaving,0.0
taean-0410,0,0_dear_sorrow_wish_weaving,0.0
cheonan-0902,0,0_dear_sorrow_wish_weaving,0.0
naju-0310,13,13_september_thirty_march_summer,0.8262014
incheon-0211,0,0_dear_sorrow_wish_weaving,0.0
yeongam-0302,0,0_dear_sorrow_wish_weaving,0.0
bukjeju-0917,0,0_dear_sorrow_wish_weaving,0.0
seosan-0509,0,0_dear_sorrow_wish_weaving,0.0
seongju-0113,13,13_september_thirty_march_summer,1.0
bukjeju-1117,0,0_dear_sorrow_wish_weaving,0.0
sinan-0720,13,13_september_thirty_march_summer,1.0
inje-0308,9,9_wreath_wreaths_wreath wreath_periwinkle,1.0
yeonggwang-0304,17,17_mocking_squirrel_don laugh_laugh,0.41700226
cheongdo-0626,0,0_dear_sorrow_wish_weaving,0.0
yeongil-0110,0,0_dear_sorrow_wish_weaving,0.0
hwaseong-0301,18,18_farmer_rye_oats_horses,0.46804294
bukjeju-1808,14,14_gyeongsang_jeolla_country_blow,1.0
yangyang-1705,18,18_farmer_rye_oats_horses,1.0
sinan-0825,11,11_little horses_horses_maids_altar,0.83838856
jejusi-0108,15,15_slave_goats_ants_feathers,0.57290494
gyeongju-0305,0,0_dear_sorrow_wish_weaving,0.0
yanggu-0702,14,14_gyeongsang_jeolla_country_blow,0.53972596
tongyeong-0301,0,0_dear_sorrow_wish_weaving,0.0
taean-0109,14,14_gyeongsang_jeolla_country_blow,1.0
yeongdeok-0143,0,0_dear_sorrow_wish_weaving,0.0
yeonggwang-0303,14,14_gyeongsang_jeolla_country_blow,0.7051529
bukjeju-1718,14,14_gyeongsang_jeolla_country_blow,0.4328622
yeongam-0305,0,0_dear_sorrow_wish_weaving,0.0
myeongju-0201,17,17_mocking_squirrel_don laugh_laugh,0.44476116
boryeong-0802,6,6_poplar_eyebrows_bright_boast,1.0
wando-0506,13,13_september_thirty_march_summer,0.6672784
yecheon-0371,14,14_gyeongsang_jeolla_country_blow,0.46450508
boryeong-0510,0,0_dear_sorrow_wish_weaving,0.0
taean-0111,0,0_dear_sorrow_wish_weaving,0.0
sangju-0307,13,13_september_thirty_march_summer,0.5984624
sinan-0715,0,0_dear_sorrow_wish_weaving,0.0
sinan-0827,0,0_dear_sorrow_wish_weaving,0.0
tongyeong-0307,13,13_september_thirty_march_summer,1.0
boryeong-0208,0,0_dear_sorrow_wish_weaving,0.0
yeongdeok-0102,0,0_dear_sorrow_wish_weaving,0.0
taean-0306,15,15_slave_goats_ants_feathers,1.0
yangyang-1709,0,0_dear_sorrow_wish_weaving,0.0
seongju-0118,7,7_street_streets_fence_corner,1.0
boryeong-0403,13,13_september_thirty_march_summer,0.62298095
yangyang-1706,13,13_september_thirty_march_summer,1.0
namjeju-1111,14,14_gyeongsang_jeolla_country_blow,0.42378324
seongju-0712,0,0_dear_sorrow_wish_weaving,0.0
tongyeong-0201,0,0_dear_sorrow_wish_weaving,0.0
bukjeju-2106,9,9_wreath_wreaths_wreath wreath_periwinkle,0.59069526
boryeong-0513,0,0_dear_sorrow_wish_weaving,0.0
gochang-0107,13,13_september_thirty_march_summer,0.8064613
sinan-0701,15,15_slave_goats_ants_feathers,1.0
seosan-1104,6,6_poplar_eyebrows_bright_boast,1.0
wando-0601,0,0_dear_sorrow_wish_weaving,0.0
sinan-1018,13,13_september_thirty_march_summer,0.54338664
bukjeju-2108,14,14_gyeongsang_jeolla_country_blow,1.0
naju-0309,13,13_september_thirty_march_summer,0.7111937
buan-0112,14,14_gyeongsang_jeolla_country_blow,1.0
ganghwa-0705,0,0_dear_sorrow_wish_weaving,0.0
boryeong-0604,14,14_gyeongsang_jeolla_country_blow,0.8259173
seongju-0116,14,14_gyeongsang_jeolla_country_blow,0.5608445
yeongil-0513,18,18_farmer_rye_oats_horses,1.0
okgu-0317,14,14_gyeongsang_jeolla_country_blow,0.7032383
jeongseon-0404,13,13_september_thirty_march_summer,0.800739
dangjin-1111,13,13_september_thirty_march_summer,0.68639857
wonju-0512,14,14_gyeongsang_jeolla_country_blow,1.0
cheolwon-0106,13,13_september_thirty_march_summer,0.46655348
seongju-0225,0,0_dear_sorrow_wish_weaving,0.0
dalseong-0111,0,0_dear_sorrow_wish_weaving,0.0
yeongdong-0909,13,13_september_thirty_march_summer,0.7159982
sokcho-0111,13,13_september_thirty_march_summer,0.6130656
jinan-0124,13,13_september_thirty_march_summer,1.0
milyang-0211,6,6_poplar_eyebrows_bright_boast,1.0
jincheon-0212,7,7_street_streets_fence_corner,0.2237012
okcheon-0113,18,18_farmer_rye_oats_horses,0.3725068
yeongam-0221,13,13_september_thirty_march_summer,0.51116234
buan-0521,0,0_dear_sorrow_wish_weaving,0.0
namjeju-0214,0,0_dear_sorrow_wish_weaving,0.0
buyeo-0110,7,7_street_streets_fence_corner,0.8352742
sangju-0337,7,7_street_streets_fence_corner,1.0
dalseong-0249,13,13_september_thirty_march_summer,0.35686505
yeongwol-0410,13,13_september_thirty_march_summer,0.3147106
jecheon-0107,7,7_street_streets_fence_corner,0.6917207
gimhae-0226,13,13_september_thirty_march_summer,0.40373844
cheongwon-0313,18,18_farmer_rye_oats_horses,0.45859617
wonju-0601,14,14_gyeongsang_jeolla_country_blow,0.38175967
bonghwa-0122,0,0_dear_sorrow_wish_weaving,0.0
seungju-0330,0,0_dear_sorrow_wish_weaving,0.0
yecheon-0837,18,18_farmer_rye_oats_horses,1.0
dalseong-0323,18,18_farmer_rye_oats_horses,0.51300985
goryeong-0505,13,13_september_thirty_march_summer,0.7147839
sangju-0910,0,0_dear_sorrow_wish_weaving,0.0
hwacheon-0509,13,13_september_thirty_march_summer,0.4142974
geochang-0115,0,0_dear_sorrow_wish_weaving,0.0
andong-0209,13,13_september_thirty_march_summer,1.0
pyeongchang-0819,7,7_street_streets_fence_corner,0.26004168
gochang-0203,13,13_september_thirty_march_summer,0.58086854
muju-0739,14,14_gyeongsang_jeolla_country_blow,0.72693616
goryeong-0413,7,7_street_streets_fence_corner,0.67157185
sangju-1324,18,18_farmer_rye_oats_horses,1.0
hapcheon-0902,16,16_song praise_cheerful song_sing song_sing,1.0
mungyeong-0217,0,0_dear_sorrow_wish_weaving,0.0
jeongseon-0212,13,13_september_thirty_march_summer,0.33946896
jangseong-0312,7,7_street_streets_fence_corner,1.0
jangseong-0210,0,0_dear_sorrow_wish_weaving,0.0
wanju-0412,0,0_dear_sorrow_wish_weaving,0.0
ulreung-0106,9,9_wreath_wreaths_wreath wreath_periwinkle,0.4805244
jangseong-0411,13,13_september_thirty_march_summer,0.51116234
goryeong-0418,13,13_september_thirty_march_summer,1.0
sangju-1116,13,13_september_thirty_march_summer,0.56313103
jinyang-0516,13,13_september_thirty_march_summer,0.6206349
yanggu-0108,7,7_street_streets_fence_corner,0.87593913
jungwon-0415,7,7_street_streets_fence_corner,1.0
gwangyang-0221,7,7_street_streets_fence_corner,0.7985346
yeongyang-0408,14,14_gyeongsang_jeolla_country_blow,1.0
gochang-0118,13,13_september_thirty_march_summer,1.0
jeongseon-0405,7,7_street_streets_fence_corner,0.8865716
buyeo-0707,13,13_september_thirty_march_summer,0.5473654
yeongyang-0105,6,6_poplar_eyebrows_bright_boast,1.0
cheongwon-0208,13,13_september_thirty_march_summer,0.6535455
goesan-0121,0,0_dear_sorrow_wish_weaving,0.0
wanju-0422,10,10_young cossack_cossack_horseback_love young,1.0
gyeongju-0736,13,13_september_thirty_march_summer,0.7643896
gunwi-0327,0,0_dear_sorrow_wish_weaving,0.0
sancheong-0216,9,9_wreath_wreaths_wreath wreath_periwinkle,1.0
yecheon-0521,14,14_gyeongsang_jeolla_country_blow,1.0
goryeong-0313,18,18_farmer_rye_oats_horses,1.0
hamyang-0711,14,14_gyeongsang_jeolla_country_blow,0.5603238
yeonggwang-0111,13,13_september_thirty_march_summer,0.52893025
muju-0738,13,13_september_thirty_march_summer,0.51116234
ulsan-0921,13,13_september_thirty_march_summer,0.26828724
chuncheon-0722,14,14_gyeongsang_jeolla_country_blow,0.41473213
hamyang-0142,13,13_september_thirty_march_summer,1.0
gunwi-0328,14,14_gyeongsang_jeolla_country_blow,1.0
sangju-1329,0,0_dear_sorrow_wish_weaving,0.0
icheon-0406,14,14_gyeongsang_jeolla_country_blow,0.3945619
hampyeong-0531,14,14_gyeongsang_jeolla_country_blow,1.0
uljin-0412,0,0_dear_sorrow_wish_weaving,0.0
hwaseong-0115,14,14_gyeongsang_jeolla_country_blow,1.0
hongcheon-0905,0,0_dear_sorrow_wish_weaving,0.0
nonsan-0801,14,14_gyeongsang_jeolla_country_blow,0.31161627
seocheon-0604,14,14_gyeongsang_jeolla_country_blow,1.0
sangju-0340,9,9_wreath_wreaths_wreath wreath_periwinkle,0.4409333
yangsan-0502,14,14_gyeongsang_jeolla_country_blow,0.46561074
haenam-0137,7,7_street_streets_fence_corner,1.0
yecheon-0611,18,18_farmer_rye_oats_horses,1.0
yeongyang-0311,0,0_dear_sorrow_wish_weaving,0.0
hapcheon-0712,11,11_little horses_horses_maids_altar,1.0
nonsan-0318,11,11_little horses_horses_maids_altar,0.6951836
haenam-0136,0,0_dear_sorrow_wish_weaving,0.0
dalseong-0248,18,18_farmer_rye_oats_horses,0.6372146
jincheon-0214,18,18_farmer_rye_oats_horses,0.46609238
cheongsong-0416,0,0_dear_sorrow_wish_weaving,0.0
ulsan-0302,9,9_wreath_wreaths_wreath wreath_periwinkle,0.3957198
yangyang-1230,18,18_farmer_rye_oats_horses,0.5254425
dalseong-0113,0,0_dear_sorrow_wish_weaving,0.0
sangju-1213,0,0_dear_sorrow_wish_weaving,0.0
dalseong-0109,7,7_street_streets_fence_corner,0.80548656
cheongwon-0211,13,13_september_thirty_march_summer,1.0
buan-0520,18,18_farmer_rye_oats_horses,0.792935
gwangjusi-0220,0,0_dear_sorrow_wish_weaving,0.0
dangjin-0108,0,0_dear_sorrow_wish_weaving,0.0
geumsan-0408,13,13_september_thirty_march_summer,0.4822329
nonsan-0102,13,13_september_thirty_march_summer,0.5642015
hwaseong-0209,13,13_september_thirty_march_summer,0.512453
cheolwon-0822,13,13_september_thirty_march_summer,0.77406573
daegu-0449,18,18_farmer_rye_oats_horses,0.49333587
sangju-1214,18,18_farmer_rye_oats_horses,0.5449869
icheon-0207,7,7_street_streets_fence_corner,0.56741375
jangseong-0310,14,14_gyeongsang_jeolla_country_blow,0.6262088
gn.goseong-0544,18,18_farmer_rye_oats_horses,0.7996203
jinan-0417,13,13_september_thirty_march_summer,0.3730647
dalseong-0524,0,0_dear_sorrow_wish_weaving,0.0
namwon-0116,13,13_september_thirty_march_summer,0.93246216
icheon-0311,14,14_gyeongsang_jeolla_country_blow,1.0
hwacheon-0921,13,13_september_thirty_march_summer,0.74534076
muju-0512,13,13_september_thirty_march_summer,0.7265891
yeonggwang-0213,13,13_september_thirty_march_summer,0.5943809
sangju-0540,13,13_september_thirty_march_summer,0.5315736
goryeong-0411,14,14_gyeongsang_jeolla_country_blow,0.84399754
goryeong-0539,7,7_street_streets_fence_corner,0.960788
goryeong-0415,13,13_september_thirty_march_summer,0.7200673
danyang-0408,13,13_september_thirty_march_summer,0.69460946
jincheon-0307,13,13_september_thirty_march_summer,0.52011025
muan-0721,18,18_farmer_rye_oats_horses,1.0
inje-0712,7,7_street_streets_fence_corner,0.47155634
hwacheon-0919,0,0_dear_sorrow_wish_weaving,0.0
namhae-0112,13,13_september_thirty_march_summer,1.0
seocheon-0603,0,0_dear_sorrow_wish_weaving,0.0
okgu-0108,14,14_gyeongsang_jeolla_country_blow,0.5547105
ulreung-0105,13,13_september_thirty_march_summer,0.4522567
yangsan-0409,13,13_september_thirty_march_summer,0.6735249
milyang-1611,13,13_september_thirty_march_summer,0.39332095
yeongdong-0910,0,0_dear_sorrow_wish_weaving,0.0
jungwon-0108,13,13_september_thirty_march_summer,0.5982564
changwon-0107,13,13_september_thirty_march_summer,1.0
buan-0522,9,9_wreath_wreaths_wreath wreath_periwinkle,0.5047925
cheongdo-0608,14,14_gyeongsang_jeolla_country_blow,0.42836425
goryeong-0412,18,18_farmer_rye_oats_horses,0.59693635
yeongil-0514,9,9_wreath_wreaths_wreath wreath_periwinkle,1.0
yangyang-0308,18,18_farmer_rye_oats_horses,0.41145423
jungwon-0340,0,0_dear_sorrow_wish_weaving,0.0
buyeo-0206,13,13_september_thirty_march_summer,0.70240694
cheolwon-0506,18,18_farmer_rye_oats_horses,0.3640867
dalseong-0108,9,9_wreath_wreaths_wreath wreath_periwinkle,0.50944513
sangju-0120,7,7_street_streets_fence_corner,0.46644622
jungwon-0317,0,0_dear_sorrow_wish_weaving,0.0
andong-0411,14,14_gyeongsang_jeolla_country_blow,0.6744358
yanggu-0217,13,13_september_thirty_march_summer,0.30991104
jeongeup-0616,14,14_gyeongsang_jeolla_country_blow,0.4491951
jeongeup-0406,18,18_farmer_rye_oats_horses,0.54588616
gyeongju-0206,14,14_gyeongsang_jeolla_country_blow,0.5376622
yanggu-0503,9,9_wreath_wreaths_wreath wreath_periwinkle,1.0
hongseong-0306,13,13_september_thirty_march_summer,1.0
geumreung-0428,7,7_street_streets_fence_corner,0.7812845
gyeongju-0708,0,0_dear_sorrow_wish_weaving,0.0
andong-0710,13,13_september_thirty_march_summer,0.5156912
daegu-0431,14,14_gyeongsang_jeolla_country_blow,0.6870191
anseong-0408,18,18_farmer_rye_oats_horses,1.0
yecheon-0612,13,13_september_thirty_march_summer,1.0
buan-0203,14,14_gyeongsang_jeolla_country_blow,0.59111655
hamyang-0504,18,18_farmer_rye_oats_horses,0.440856
yecheon-0838,14,14_gyeongsang_jeolla_country_blow,0.4749783
myeongju-0612,13,13_september_thirty_march_summer,1.0
gimhae-0225,18,18_farmer_rye_oats_horses,1.0
eumseong-0532,7,7_street_streets_fence_corner,0.607875
hoengseong-0414,13,13_september_thirty_march_summer,0.6035454
daejeon-0310,13,13_september_thirty_march_summer,0.8075625
dalseong-0110,14,14_gyeongsang_jeolla_country_blow,0.46954158
yeongyang-0225,18,18_farmer_rye_oats_horses,0.6610562
muju-0807,14,14_gyeongsang_jeolla_country_blow,1.0
yangsan-0503,13,13_september_thirty_march_summer,0.6776352
sangju-1212,18,18_farmer_rye_oats_horses,0.5279137
mungyeong-0447,14,14_gyeongsang_jeolla_country_blow,0.54577506
gimpo-0305,7,7_street_streets_fence_corner,0.52470785
buyeo-0706,18,18_farmer_rye_oats_horses,0.34265038
yeongdong-0409,17,17_mocking_squirrel_don laugh_laugh,0.4934222
sangju-1435,18,18_farmer_rye_oats_horses,0.5367845
goryeong-0511,14,14_gyeongsang_jeolla_country_blow,1.0
wando-0209,13,13_september_thirty_march_summer,0.94173086
gyeongsan-0631,7,7_street_streets_fence_corner,0.51776016
dalseong-0324,14,14_gyeongsang_jeolla_country_blow,0.46928385
jangseong-0534,0,0_dear_sorrow_wish_weaving,0.0
jangsu-0352,14,14_gyeongsang_jeolla_country_blow,1.0
bonghwa-0123,0,0_dear_sorrow_wish_weaving,0.0
e000076720019,12,12_orphans_trees_plowed field_wilderness,0.54732466
e000077690016,17,17_mocking_squirrel_don laugh_laugh,0.8772691
e000078640008,12,12_orphans_trees_plowed field_wilderness,0.76019865
e000080410027,15,15_slave_goats_ants_feathers,0.63327724
e000178260013,12,12_orphans_trees_plowed field_wilderness,0.46393782
e000536610000,0,0_dear_sorrow_wish_weaving,0.0
e000595320022,12,12_orphans_trees_plowed field_wilderness,0.7722396
e000595340023,17,17_mocking_squirrel_don laugh_laugh,0.74746495
e000598870000,9,9_wreath_wreaths_wreath wreath_periwinkle,1.0
e000683680005,18,18_farmer_rye_oats_horses,0.5698468
ea00009830014,17,17_mocking_squirrel_don laugh_laugh,1.0
ea00009850016,18,18_farmer_rye_oats_horses,1.0
eks0100240000,17,17_mocking_squirrel_don laugh_laugh,0.5032962
era200101100001,0,0_dear_sorrow_wish_weaving,0.0
era200101140006,18,18_farmer_rye_oats_horses,1.0
era200101370001,9,9_wreath_wreaths_wreath wreath_periwinkle,1.0
era200601230001,12,12_orphans_trees_plowed field_wilderness,0.53726906
era200703640019,14,14_gyeongsang_jeolla_country_blow,1.0
era200703650021,0,0_dear_sorrow_wish_weaving,0.0
era200703750047,0,0_dear_sorrow_wish_weaving,0.0
era201107500009,0,0_dear_sorrow_wish_weaving,0.0
era201400340008,0,0_dear_sorrow_wish_weaving,0.0
era201400450006,14,14_gyeongsang_jeolla_country_blow,0.9390978
era201401710006,9,9_wreath_wreaths_wreath wreath_periwinkle,0.44821325
era201402110004,7,7_street_streets_fence_corner,1.0
era201402730010,0,0_dear_sorrow_wish_weaving,0.0
era201708700000,18,18_farmer_rye_oats_horses,1.0
era202400960005,18,18_farmer_rye_oats_horses,0.5682899
era202403130031,13,13_september_thirty_march_summer,0.7061919
era202403280055,13,13_september_thirty_march_summer,1.0
era202404730001,0,0_dear_sorrow_wish_weaving,0.0
era202404840012,0,0_dear_sorrow_wish_weaving,0.0
era202405030001,0,0_dear_sorrow_wish_weaving,0.0
era202405050003,14,14_gyeongsang_jeolla_country_blow,0.53195333
era202405410001,0,0_dear_sorrow_wish_weaving,0.0
era202405420003,13,13_september_thirty_march_summer,1.0
era202500360003,17,17_mocking_squirrel_don laugh_laugh,1.0
era202502010005,0,0_dear_sorrow_wish_weaving,0.0
era203102410002,9,9_wreath_wreaths_wreath wreath_periwinkle,0.5353617
era203500180003,12,12_orphans_trees_plowed field_wilderness,1.0
era204101470006,17,17_mocking_squirrel_don laugh_laugh,1.0
era204104630003,13,13_september_thirty_march_summer,1.0
era207100110013,0,0_dear_sorrow_wish_weaving,0.0
era207100190006,0,0_dear_sorrow_wish_weaving,0.0
era207100210010,13,13_september_thirty_march_summer,1.0
era207100230006,15,15_slave_goats_ants_feathers,1.0
era207100250013,9,9_wreath_wreaths_wreath wreath_periwinkle,1.0
era207100250015,0,0_dear_sorrow_wish_weaving,0.0
era207100350007,0,0_dear_sorrow_wish_weaving,0.0
era207100370011,18,18_farmer_rye_oats_horses,0.54491466
era207100490009,0,0_dear_sorrow_wish_weaving,0.0
era207100510016,13,13_september_thirty_march_summer,1.0
era207100650012,0,0_dear_sorrow_wish_weaving,0.0
era207100890013,0,0_dear_sorrow_wish_weaving,0.0
era207101030022,0,0_dear_sorrow_wish_weaving,0.0
era207101050008,0,0_dear_sorrow_wish_weaving,0.0
era207101070015,0,0_dear_sorrow_wish_weaving,0.0
era207101110009,0,0_dear_sorrow_wish_weaving,0.0
era207101130016,0,0_dear_sorrow_wish_weaving,0.0
era207101130020,0,0_dear_sorrow_wish_weaving,0.0
era207101250007,14,14_gyeongsang_jeolla_country_blow,1.0
era207101250010,13,13_september_thirty_march_summer,0.7194428
era207101290023,0,0_dear_sorrow_wish_weaving,0.0
era207101310005,0,0_dear_sorrow_wish_weaving,0.0
era207101450007,0,0_dear_sorrow_wish_weaving,0.0
era207101450010,0,0_dear_sorrow_wish_weaving,0.0
era207101690005,13,13_september_thirty_march_summer,1.0
era207101770017,0,0_dear_sorrow_wish_weaving,0.0
era207101790005,12,12_orphans_trees_plowed field_wilderness,1.0
era207101790006,13,13_september_thirty_march_summer,1.0
era207101870014,0,0_dear_sorrow_wish_weaving,0.0
era207101950005,13,13_september_thirty_march_summer,1.0
era207102030007,0,0_dear_sorrow_wish_weaving,0.0
era207102050008,18,18_farmer_rye_oats_horses,0.69385177
era207102090008,0,0_dear_sorrow_wish_weaving,0.0
era207102090010,18,18_farmer_rye_oats_horses,1.0
era207102220012,18,18_farmer_rye_oats_horses,1.0
era207102250000,13,13_september_thirty_march_summer,1.0
era207102290006,0,0_dear_sorrow_wish_weaving,0.0
era207102310004,0,0_dear_sorrow_wish_weaving,0.0
era207102390007,0,0_dear_sorrow_wish_weaving,0.0
era207102470012,0,0_dear_sorrow_wish_weaving,0.0
era207102510004,0,0_dear_sorrow_wish_weaving,0.0
era207102530011,7,7_street_streets_fence_corner,1.0
era207102650009,9,9_wreath_wreaths_wreath wreath_periwinkle,1.0
era207102770003,0,0_dear_sorrow_wish_weaving,0.0
era207102790008,0,0_dear_sorrow_wish_weaving,0.0
era207102790009,17,17_mocking_squirrel_don laugh_laugh,1.0
era207102870011,0,0_dear_sorrow_wish_weaving,0.0
era207103010008,0,0_dear_sorrow_wish_weaving,0.0
era207103110016,18,18_farmer_rye_oats_horses,1.0
era207103210010,7,7_street_streets_fence_corner,1.0
era207103270014,0,0_dear_sorrow_wish_weaving,0.0
era208305750007,0,0_dear_sorrow_wish_weaving,0.0
era208401570016,12,12_orphans_trees_plowed field_wilderness,1.0
era208403920023,9,9_wreath_wreaths_wreath wreath_periwinkle,1.0
era212200320010,18,18_farmer_rye_oats_horses,0.843644
era212203650061,0,0_dear_sorrow_wish_weaving,0.0
era212203670064,0,0_dear_sorrow_wish_weaving,0.0
era213100110002,17,17_mocking_squirrel_don laugh_laugh,0.5045414
era213100110003,13,13_september_thirty_march_summer,1.0
era213100120004,0,0_dear_sorrow_wish_weaving,0.0
era213100140007,0,0_dear_sorrow_wish_weaving,0.0
era217201370004,12,12_orphans_trees_plowed field_wilderness,1.0
era217201370007,0,0_dear_sorrow_wish_weaving,0.0
era217201390006,14,14_gyeongsang_jeolla_country_blow,0.5614054
era217201590001,0,0_dear_sorrow_wish_weaving,0.0
era217201720001,14,14_gyeongsang_jeolla_country_blow,1.0
era217201850003,18,18_farmer_rye_oats_horses,1.0
era217201900007,0,0_dear_sorrow_wish_weaving,0.0
era217202080001,14,14_gyeongsang_jeolla_country_blow,1.0
era217202080005,18,18_farmer_rye_oats_horses,0.54491466
era217202180004,15,15_slave_goats_ants_feathers,1.0
era217800300081,7,7_street_streets_fence_corner,0.90149194
era217800310083,13,13_september_thirty_march_summer,1.0
era217800690049,0,0_dear_sorrow_wish_weaving,0.0
era218304970047,0,0_dear_sorrow_wish_weaving,0.0
era218304980053,0,0_dear_sorrow_wish_weaving,0.0
era218305020067,14,14_gyeongsang_jeolla_country_blow,0.56570184
era218305060081,13,13_september_thirty_march_summer,0.5009824
era218305080087,14,14_gyeongsang_jeolla_country_blow,1.0
era219903910024,17,17_mocking_squirrel_don laugh_laugh,1.0
era225005460023,0,0_dear_sorrow_wish_weaving,0.0
era225905470002,13,13_september_thirty_march_summer,1.0
estk4000020003,17,17_mocking_squirrel_don laugh_laugh,1.0
estk4000620096,17,17_mocking_squirrel_don laugh_laugh,1.0
estk4001020143,12,12_orphans_trees_plowed field_wilderness,1.0
eys0505750007,0,0_dear_sorrow_wish_weaving,0.0
eys0505850064,0,0_dear_sorrow_wish_weaving,0.0
eys0505920001,9,9_wreath_wreaths_wreath wreath_periwinkle,0.5353617
eys0506240046,13,13_september_thirty_march_summer,1.0
eys0506640101,14,14_gyeongsang_jeolla_country_blow,1.0
eys0506650102,0,0_dear_sorrow_wish_weaving,0.0
eys0506820124,0,0_dear_sorrow_wish_weaving,0.0
eys0613780030,13,13_september_thirty_march_summer,1.0
eys0614580143,17,17_mocking_squirrel_don laugh_laugh,0.6763391
eys0616020018,0,0_dear_sorrow_wish_weaving,0.0
eys0616280066,18,18_farmer_rye_oats_horses,1.0
eys0616320075,12,12_orphans_trees_plowed field_wilderness,1.0
eys0616840135,0,0_dear_sorrow_wish_weaving,0.0
eys0617060172,0,0_dear_sorrow_wish_weaving,0.0
eys0617240202,0,0_dear_sorrow_wish_weaving,0.0
eys0617400227,0,0_dear_sorrow_wish_weaving,0.0
eys0617720281,0,0_dear_sorrow_wish_weaving,0.0
eys0715320007,17,17_mocking_squirrel_don laugh_laugh,0.7933933
eys0715810096,0,0_dear_sorrow_wish_weaving,0.0
eys0716530201,0,0_dear_sorrow_wish_weaving,0.0
eys0723050072,9,9_wreath_wreaths_wreath wreath_periwinkle,1.0
eys0725450033,9,9_wreath_wreaths_wreath wreath_periwinkle,0.73047245
eys0900450023,0,0_dear_sorrow_wish_weaving,0.0
eys0900450024,0,0_dear_sorrow_wish_weaving,0.0
eys0900460026,0,0_dear_sorrow_wish_weaving,0.0
eys0900460027,0,0_dear_sorrow_wish_weaving,0.0
eys0900790071,0,0_dear_sorrow_wish_weaving,0.0
eys0903490118,0,0_dear_sorrow_wish_weaving,0.0
eys0909950081,15,15_slave_goats_ants_feathers,0.68769664
eys1023290166,0,0_dear_sorrow_wish_weaving,0.0
eys1029170108,18,18_farmer_rye_oats_horses,1.0
eys1107620338,14,14_gyeongsang_jeolla_country_blow,1.0
h10102300097,17,17_mocking_squirrel_don laugh_laugh,0.6763391
h20102670395,0,0_dear_sorrow_wish_weaving,0.0
h21005340308,0,0_dear_sorrow_wish_weaving,0.0
h21302300003,13,13_september_thirty_march_summer,0.58769363
h21302380011,9,9_wreath_wreaths_wreath wreath_periwinkle,1.0
h21303600004,14,14_gyeongsang_jeolla_country_blow,1.0
h21306500001,0,0_dear_sorrow_wish_weaving,0.0
h21306500002,0,0_dear_sorrow_wish_weaving,0.0
h21402710012,14,14_gyeongsang_jeolla_country_blow,1.0
h21405080005,0,0_dear_sorrow_wish_weaving,0.0
h21405080006,18,18_farmer_rye_oats_horses,1.0
h21405090007,0,0_dear_sorrow_wish_weaving,0.0
h22600930052,0,0_dear_sorrow_wish_weaving,0.0
h2390907900b,17,17_mocking_squirrel_don laugh_laugh,1.0
h24004040015,0,0_dear_sorrow_wish_weaving,0.0
h25400370001,0,0_dear_sorrow_wish_weaving,0.0
h25401630029,13,13_september_thirty_march_summer,1.0
h31204460003,15,15_slave_goats_ants_feathers,1.0
h31708630018,0,0_dear_sorrow_wish_weaving,0.0
h40103770022,14,14_gyeongsang_jeolla_country_blow,1.0
hr0401860001,14,14_gyeongsang_jeolla_country_blow,1.0
hr040186000a,14,14_gyeongsang_jeolla_country_blow,0.44730225
e000051820004,15,15_slave_goats_ants_feathers,1.0
e000051870008,0,0_dear_sorrow_wish_weaving,0.0
e000051880009,0,0_dear_sorrow_wish_weaving,0.0
e000070640005,0,0_dear_sorrow_wish_weaving,0.0
e000072070023,18,18_farmer_rye_oats_horses,1.0
e000076620004,14,14_gyeongsang_jeolla_country_blow,0.66643155
e000076630005,0,0_dear_sorrow_wish_weaving,0.0
e000077190023,0,0_dear_sorrow_wish_weaving,0.0
e000077340010,14,14_gyeongsang_jeolla_country_blow,1.0
e000078260000,0,0_dear_sorrow_wish_weaving,0.0
e000079420031,14,14_gyeongsang_jeolla_country_blow,0.5374301
e000079460004,5,5_horses_grazing_maidens_clover,1.0
e000080510039,11,11_little horses_horses_maids_altar,0.5718942
e000093460028,0,0_dear_sorrow_wish_weaving,0.0
e000093490031,0,0_dear_sorrow_wish_weaving,0.0
e000093520034,14,14_gyeongsang_jeolla_country_blow,0.42363286
e000093670047,0,0_dear_sorrow_wish_weaving,0.0
e000093910062,15,15_slave_goats_ants_feathers,0.40489295
e000099630001,15,15_slave_goats_ants_feathers,0.3938161
e000099680004,12,12_orphans_trees_plowed field_wilderness,0.57464993
e000099830014,18,18_farmer_rye_oats_horses,1.0
e000106310008,0,0_dear_sorrow_wish_weaving,0.0
e000107390001,0,0_dear_sorrow_wish_weaving,0.0
e000178150003,16,16_song praise_cheerful song_sing song_sing,0.5081708
e000178240011,14,14_gyeongsang_jeolla_country_blow,0.8565682
e000178310017,14,14_gyeongsang_jeolla_country_blow,0.32107067
e000201380001,0,0_dear_sorrow_wish_weaving,0.0
e000201440002,18,18_farmer_rye_oats_horses,0.547488
e00051510000a,0,0_dear_sorrow_wish_weaving,0.0
e000536460000,14,14_gyeongsang_jeolla_country_blow,0.72535247
e000549580000,0,0_dear_sorrow_wish_weaving,0.0
e000576550000,0,0_dear_sorrow_wish_weaving,0.0
e000616550002,17,17_mocking_squirrel_don laugh_laugh,0.42826855
e000617380040,9,9_wreath_wreaths_wreath wreath_periwinkle,0.75843155
e000617510050,18,18_farmer_rye_oats_horses,0.8120997
ea00002620025,18,18_farmer_rye_oats_horses,0.6830859
ea00006950014,11,11_little horses_horses_maids_altar,1.0
ea00007040023,13,13_september_thirty_march_summer,0.6330486
ea00010090007,14,14_gyeongsang_jeolla_country_blow,0.61004454
ekms40106250008,0,0_dear_sorrow_wish_weaving,0.0
ekms40106430011,14,14_gyeongsang_jeolla_country_blow,1.0
eks0100170000,17,17_mocking_squirrel_don laugh_laugh,1.0
eks2800030003,0,0_dear_sorrow_wish_weaving,0.0
eks2800070010,18,18_farmer_rye_oats_horses,1.0
era200101380001,13,13_september_thirty_march_summer,0.73524576
era200101500002,0,0_dear_sorrow_wish_weaving,0.0
era200703670031,0,0_dear_sorrow_wish_weaving,0.0
era200l01470002,0,0_dear_sorrow_wish_weaving,0.0
era201205650001,18,18_farmer_rye_oats_horses,0.5662436
era201402410028,9,9_wreath_wreaths_wreath wreath_periwinkle,0.44467816
era202401660005,16,16_song praise_cheerful song_sing song_sing,1.0
era202500530018,5,5_horses_grazing_maidens_clover,1.0
era204101540015,0,0_dear_sorrow_wish_weaving,0.0
era205705370008,11,11_little horses_horses_maids_altar,1.0
era205705380009,18,18_farmer_rye_oats_horses,1.0
estk3701610001,5,5_horses_grazing_maidens_clover,0.3922144
estk3701850032,0,0_dear_sorrow_wish_weaving,0.0
estk4000230047,0,0_dear_sorrow_wish_weaving,0.0
estk4000450073,16,16_song praise_cheerful song_sing song_sing,0.44199494
estk4000830120,18,18_farmer_rye_oats_horses,1.0
estk4000980136,0,0_dear_sorrow_wish_weaving,0.0
eys0210620056,10,10_young cossack_cossack_horseback_love young,0.72106403
eys0506000013,0,0_dear_sorrow_wish_weaving,0.0
eys0506120029,0,0_dear_sorrow_wish_weaving,0.0
eys0506120030,13,13_september_thirty_march_summer,0.8348976
eys0506260051,0,0_dear_sorrow_wish_weaving,0.0
eys0506290194,7,7_street_streets_fence_corner,0.91383785
eys0506780118,0,0_dear_sorrow_wish_weaving,0.0
eys0506830127,0,0_dear_sorrow_wish_weaving,0.0
eys0506910137,13,13_september_thirty_march_summer,0.69821453
eys0506980145,0,0_dear_sorrow_wish_weaving,0.0
eys0507060158,9,9_wreath_wreaths_wreath wreath_periwinkle,1.0
eys0507100162,0,0_dear_sorrow_wish_weaving,0.0
eys0507110164,13,13_september_thirty_march_summer,1.0
eys0507130167,15,15_slave_goats_ants_feathers,0.62477803
eys0507200181,13,13_september_thirty_march_summer,0.47594935
eys0507270191,18,18_farmer_rye_oats_horses,0.8399226
eys0613810033,6,6_poplar_eyebrows_bright_boast,0.48549974
eys0614100068,0,0_dear_sorrow_wish_weaving,0.0
eys0614300096,13,13_september_thirty_march_summer,0.31087586
eys0614440123,5,5_horses_grazing_maidens_clover,1.0
eys0614630148,15,15_slave_goats_ants_feathers,1.0
eys0615810348,0,0_dear_sorrow_wish_weaving,0.0
eys0615970009,17,17_mocking_squirrel_don laugh_laugh,1.0
eys0616430086,7,7_street_streets_fence_corner,0.622252
eys0616560104,14,14_gyeongsang_jeolla_country_blow,0.53396976
eys0616680115,13,13_september_thirty_march_summer,0.7473218
eys0616740123,14,14_gyeongsang_jeolla_country_blow,1.0
eys0616820132,17,17_mocking_squirrel_don laugh_laugh,0.55336547
eys0617180191,18,18_farmer_rye_oats_horses,0.539229
eys0617190192,0,0_dear_sorrow_wish_weaving,0.0
eys0617220197,14,14_gyeongsang_jeolla_country_blow,0.43682212
eys0617660268,14,14_gyeongsang_jeolla_country_blow,1.0
eys0706530004,0,0_dear_sorrow_wish_weaving,0.0
eys0708530011,15,15_slave_goats_ants_feathers,1.0
eys0708560014,0,0_dear_sorrow_wish_weaving,0.0
eys0708560016,17,17_mocking_squirrel_don laugh_laugh,1.0
eys0716330166,0,0_dear_sorrow_wish_weaving,0.0
eys0716510196,0,0_dear_sorrow_wish_weaving,0.0
eys0716580210,14,14_gyeongsang_jeolla_country_blow,1.0
eys0716620215,0,0_dear_sorrow_wish_weaving,0.0
eys0716800240,0,0_dear_sorrow_wish_weaving,0.0
eys0717180316,0,0_dear_sorrow_wish_weaving,0.0
eys0717680390,15,15_slave_goats_ants_feathers,1.0
eys0718350014,11,11_little horses_horses_maids_altar,1.0
eys0722800021,0,0_dear_sorrow_wish_weaving,0.0
eys0722920044,11,11_little horses_horses_maids_altar,1.0
eys0723310128,12,12_orphans_trees_plowed field_wilderness,0.88436335
eys0723320129,0,0_dear_sorrow_wish_weaving,0.0
eys0723320130,18,18_farmer_rye_oats_horses,0.6544485
eys0723400138,5,5_horses_grazing_maidens_clover,0.5232771
eys0724010263,13,13_september_thirty_march_summer,0.66133827
eys0724500385,15,15_slave_goats_ants_feathers,1.0
eys0804240169,5,5_horses_grazing_maidens_clover,1.0
eys0805390016,15,15_slave_goats_ants_feathers,1.0
eys0805500034,12,12_orphans_trees_plowed field_wilderness,0.38596648
eys0806090137,0,0_dear_sorrow_wish_weaving,0.0
eys0806100138,0,0_dear_sorrow_wish_weaving,0.0
eys0806330173,18,18_farmer_rye_oats_horses,1.0
eys0806380183,12,12_orphans_trees_plowed field_wilderness,1.0
eys0807290316,0,0_dear_sorrow_wish_weaving,0.0
eys0807590364,11,11_little horses_horses_maids_altar,0.54782224
eys0808140445,0,0_dear_sorrow_wish_weaving,0.0
eys0808300471,0,0_dear_sorrow_wish_weaving,0.0
eys0808730540,18,18_farmer_rye_oats_horses,0.77554375
eys0808810552,13,13_september_thirty_march_summer,1.0
eys0811490002,14,14_gyeongsang_jeolla_country_blow,1.0
eys0811600025,16,16_song praise_cheerful song_sing song_sing,0.523048
eys0811720043,7,7_street_streets_fence_corner,1.0
eys0811850065,12,12_orphans_trees_plowed field_wilderness,0.8130812
eys0811880072,14,14_gyeongsang_jeolla_country_blow,0.6581355
eys0909540018,18,18_farmer_rye_oats_horses,1.0
eys0909570021,12,12_orphans_trees_plowed field_wilderness,1.0
eys0909580023,14,14_gyeongsang_jeolla_country_blow,1.0
eys0909730046,11,11_little horses_horses_maids_altar,1.0
eys0909840062,14,14_gyeongsang_jeolla_country_blow,1.0
eys0910040094,0,0_dear_sorrow_wish_weaving,0.0
eys0910490162,15,15_slave_goats_ants_feathers,0.4846561
eys1022410010,0,0_dear_sorrow_wish_weaving,0.0
eys1022420015,0,0_dear_sorrow_wish_weaving,0.0
eys1022450022,14,14_gyeongsang_jeolla_country_blow,1.0
eys1022570046,0,0_dear_sorrow_wish_weaving,0.0
eys1022730079,14,14_gyeongsang_jeolla_country_blow,1.0
eys1022790087,0,0_dear_sorrow_wish_weaving,0.0
eys1023010122,12,12_orphans_trees_plowed field_wilderness,0.71904683
eys1023210152,0,0_dear_sorrow_wish_weaving,0.0
eys1023710201,0,0_dear_sorrow_wish_weaving,0.0
eys1029020072,14,14_gyeongsang_jeolla_country_blow,1.0
eys1029030074,0,0_dear_sorrow_wish_weaving,0.0
eys1029100095,16,16_song praise_cheerful song_sing song_sing,0.47675705
eys1029110097,17,17_mocking_squirrel_don laugh_laugh,0.8742155
h10101420007,11,11_little horses_horses_maids_altar,1.0
h10101450015,14,14_gyeongsang_jeolla_country_blow,0.6666011
h10101460017,0,0_dear_sorrow_wish_weaving,0.0
h10101460019,0,0_dear_sorrow_wish_weaving,0.0
h10101810004,18,18_farmer_rye_oats_horses,1.0
h10102420121,14,14_gyeongsang_jeolla_country_blow,0.84187776
h10102450127,9,9_wreath_wreaths_wreath wreath_periwinkle,1.0
h10102500135,7,7_street_streets_fence_corner,0.6864848
h10700460036,17,17_mocking_squirrel_don laugh_laugh,0.8114819
h10700510045,14,14_gyeongsang_jeolla_country_blow,1.0
h10700610063,18,18_farmer_rye_oats_horses,1.0
h20101330185,11,11_little horses_horses_maids_altar,1.0
h20101340187,0,0_dear_sorrow_wish_weaving,0.0
h20102660392,9,9_wreath_wreaths_wreath wreath_periwinkle,1.0
h20102800413,0,0_dear_sorrow_wish_weaving,0.0
h21109460003,16,16_song praise_cheerful song_sing song_sing,0.52113664
h21300990047,5,5_horses_grazing_maidens_clover,1.0
h21301170004,13,13_september_thirty_march_summer,0.51116234
h21301310024,0,0_dear_sorrow_wish_weaving,0.0
h21301810003,18,18_farmer_rye_oats_horses,0.8416819
h21301840006,9,9_wreath_wreaths_wreath wreath_periwinkle,0.5239833
h21302280002,7,7_street_streets_fence_corner,0.61433506
h21303350007,13,13_september_thirty_march_summer,0.8108917
h21304370010,9,9_wreath_wreaths_wreath wreath_periwinkle,0.67741823
h21305070020,14,14_gyeongsang_jeolla_country_blow,0.82749224
h21305290036,0,0_dear_sorrow_wish_weaving,0.0
h21305340041,0,0_dear_sorrow_wish_weaving,0.0
h21305820003,16,16_song praise_cheerful song_sing song_sing,0.5542202
h21306000001,18,18_farmer_rye_oats_horses,0.51403993
h21306520004,18,18_farmer_rye_oats_horses,1.0
h21306540009,18,18_farmer_rye_oats_horses,0.81894034
h21400090005,18,18_farmer_rye_oats_horses,0.59769464
h21400690089,17,17_mocking_squirrel_don laugh_laugh,0.37228915
h21400950008,14,14_gyeongsang_jeolla_country_blow,1.0
h21400990010,7,7_street_streets_fence_corner,0.7261879
h21401290001,9,9_wreath_wreaths_wreath wreath_periwinkle,0.5386056
h21401410013,18,18_farmer_rye_oats_horses,0.87741137
h21401520025,0,0_dear_sorrow_wish_weaving,0.0
h21401610036,18,18_farmer_rye_oats_horses,1.0
h21404020005,0,0_dear_sorrow_wish_weaving,0.0
h21404810010,14,14_gyeongsang_jeolla_country_blow,1.0
h21405060004,0,0_dear_sorrow_wish_weaving,0.0
h21406270004,5,5_horses_grazing_maidens_clover,0.989293
h21605750011,0,0_dear_sorrow_wish_weaving,0.0
h24607010006,14,14_gyeongsang_jeolla_country_blow,1.0
h24607020008,18,18_farmer_rye_oats_horses,1.0
h24607100023,0,0_dear_sorrow_wish_weaving,0.0
h24607110025,17,17_mocking_squirrel_don laugh_laugh,1.0
h24608390024,15,15_slave_goats_ants_feathers,1.0
h24608430028,14,14_gyeongsang_jeolla_country_blow,0.84466946
h24609400009,0,0_dear_sorrow_wish_weaving,0.0
h25704130001,9,9_wreath_wreaths_wreath wreath_periwinkle,0.4039788
h25704180004,18,18_farmer_rye_oats_horses,1.0
h25704260008,0,0_dear_sorrow_wish_weaving,0.0
h25706290012,0,0_dear_sorrow_wish_weaving,0.0
h25706350021,0,0_dear_sorrow_wish_weaving,0.0
h25706430029,0,0_dear_sorrow_wish_weaving,0.0
h26703001910,11,11_little horses_horses_maids_altar,1.0
h26804900006,0,0_dear_sorrow_wish_weaving,0.0
h26805030024,9,9_wreath_wreaths_wreath wreath_periwinkle,0.65015787
h30101380007,14,14_gyeongsang_jeolla_country_blow,1.0
h30101460013,0,0_dear_sorrow_wish_weaving,0.0
h30101630017,0,0_dear_sorrow_wish_weaving,0.0
h30401790007,14,14_gyeongsang_jeolla_country_blow,0.47826985
h30402120002,14,14_gyeongsang_jeolla_country_blow,0.34695062
h30402410000,17,17_mocking_squirrel_don laugh_laugh,0.41030124
h31703930059,17,17_mocking_squirrel_don laugh_laugh,0.6895494
h31703950061,13,13_september_thirty_march_summer,1.0
h31704040072,0,0_dear_sorrow_wish_weaving,0.0
h31709530012,0,0_dear_sorrow_wish_weaving,0.0
h31800440012,0,0_dear_sorrow_wish_weaving,0.0
h32301860002,0,0_dear_sorrow_wish_weaving,0.0
h32302270008,18,18_farmer_rye_oats_horses,1.0
h32302410019,18,18_farmer_rye_oats_horses,0.6184104
h32700510010,18,18_farmer_rye_oats_horses,0.7861567
h40102900003,14,14_gyeongsang_jeolla_country_blow,0.61348176
h40102930006,14,14_gyeongsang_jeolla_country_blow,1.0
h40103310015,0,0_dear_sorrow_wish_weaving,0.0
hgrq01900086,0,0_dear_sorrow_wish_weaving,0.0
hgrq01950096,11,11_little horses_horses_maids_altar,1.0
aesmt04900110003,16,16_song praise_cheerful song_sing song_sing,0.8082289
e000051910013,0,0_dear_sorrow_wish_weaving,0.0
e000068530005,18,18_farmer_rye_oats_horses,0.80943054
e000068540006,0,0_dear_sorrow_wish_weaving,0.0
e000068550007,0,0_dear_sorrow_wish_weaving,0.0
e000071670028,14,14_gyeongsang_jeolla_country_blow,1.0
e000071760037,17,17_mocking_squirrel_don laugh_laugh,1.0
e000074570000,6,6_poplar_eyebrows_bright_boast,1.0
e000074620000,16,16_song praise_cheerful song_sing song_sing,0.74401087
e000076700016,9,9_wreath_wreaths_wreath wreath_periwinkle,1.0
e000076710017,0,0_dear_sorrow_wish_weaving,0.0
e000076900024,7,7_street_streets_fence_corner,1.0
e000077250004,0,0_dear_sorrow_wish_weaving,0.0
e000077500004,7,7_street_streets_fence_corner,1.0
e000077540011,13,13_september_thirty_march_summer,1.0
e000078590005,9,9_wreath_wreaths_wreath wreath_periwinkle,1.0
e000078890013,9,9_wreath_wreaths_wreath wreath_periwinkle,0.4353235
e000079180002,18,18_farmer_rye_oats_horses,1.0
e000079510012,0,0_dear_sorrow_wish_weaving,0.0
e000080690055,18,18_farmer_rye_oats_horses,0.6733678
e000093580038,13,13_september_thirty_march_summer,0.43718153
e000093930064,15,15_slave_goats_ants_feathers,0.5374813
e000099890018,18,18_farmer_rye_oats_horses,0.7594124
e000104140009,13,13_september_thirty_march_summer,0.5848274
e000107530021,13,13_september_thirty_march_summer,1.0
e000114880009,0,0_dear_sorrow_wish_weaving,0.0
e000117920016,14,14_gyeongsang_jeolla_country_blow,1.0
e000123240003,17,17_mocking_squirrel_don laugh_laugh,0.50648546
e000145860001,14,14_gyeongsang_jeolla_country_blow,0.5372192
e000151010003,0,0_dear_sorrow_wish_weaving,0.0
e000151020004,9,9_wreath_wreaths_wreath wreath_periwinkle,0.65660954
e000158690009,0,0_dear_sorrow_wish_weaving,0.0
e000177610006,18,18_farmer_rye_oats_horses,1.0
e000221660007,0,0_dear_sorrow_wish_weaving,0.0
e000410660019,13,13_september_thirty_march_summer,1.0
e000418780000,0,0_dear_sorrow_wish_weaving,0.0
e000424680002,13,13_september_thirty_march_summer,0.7659265
e000518920000,18,18_farmer_rye_oats_horses,0.7403957
e000532010011,0,0_dear_sorrow_wish_weaving,0.0
e000539550002,13,13_september_thirty_march_summer,1.0
e000546730004,18,18_farmer_rye_oats_horses,0.5553634
e000575630007,14,14_gyeongsang_jeolla_country_blow,1.0
e000592080005,10,10_young cossack_cossack_horseback_love young,1.0
e000592270026,14,14_gyeongsang_jeolla_country_blow,1.0
e000598820007,9,9_wreath_wreaths_wreath wreath_periwinkle,1.0
e000616650008,18,18_farmer_rye_oats_horses,1.0
e000616900005,13,13_september_thirty_march_summer,1.0
e000617070016,13,13_september_thirty_march_summer,0.77898514
e000617580057,15,15_slave_goats_ants_feathers,0.59657675
ea00002480012,0,0_dear_sorrow_wish_weaving,0.0
ea00002490013,0,0_dear_sorrow_wish_weaving,0.0
ea00002510016,0,0_dear_sorrow_wish_weaving,0.0
ea00002520017,7,7_street_streets_fence_corner,0.6007364
ea00006830003,14,14_gyeongsang_jeolla_country_blow,0.34081218
ea00009870003,9,9_wreath_wreaths_wreath wreath_periwinkle,1.0
ea00009990004,7,7_street_streets_fence_corner,1.0
ea00010540003,13,13_september_thirty_march_summer,0.7791056
ekms40106420010,18,18_farmer_rye_oats_horses,0.6584184
era201101830001,18,18_farmer_rye_oats_horses,1.0
era201402310021,17,17_mocking_squirrel_don laugh_laugh,1.0
era202300280006,6,6_poplar_eyebrows_bright_boast,1.0
era202400910001,0,0_dear_sorrow_wish_weaving,0.0
era202403460114,0,0_dear_sorrow_wish_weaving,0.0
era202500380006,12,12_orphans_trees_plowed field_wilderness,1.0
era203201710003,0,0_dear_sorrow_wish_weaving,0.0
era204202470000,14,14_gyeongsang_jeolla_country_blow,1.0
era205705530027,0,0_dear_sorrow_wish_weaving,0.0
estk3700990003,0,0_dear_sorrow_wish_weaving,0.0
estk3701760019,7,7_street_streets_fence_corner,1.0
estk3701820026,18,18_farmer_rye_oats_horses,1.0
estk4000020002,0,0_dear_sorrow_wish_weaving,0.0
estk4000470076,18,18_farmer_rye_oats_horses,1.0
estk4000720107,15,15_slave_goats_ants_feathers,1.0
estk4000760111,0,0_dear_sorrow_wish_weaving,0.0
estk4001520167,0,0_dear_sorrow_wish_weaving,0.0
eys0506150033,0,0_dear_sorrow_wish_weaving,0.0
eys0506250048,9,9_wreath_wreaths_wreath wreath_periwinkle,0.61507356
eys0506520082,15,15_slave_goats_ants_feathers,1.0
eys0506540084,0,0_dear_sorrow_wish_weaving,0.0
eys0506580091,0,0_dear_sorrow_wish_weaving,0.0
eys0506810123,18,18_farmer_rye_oats_horses,1.0
eys0507030153,14,14_gyeongsang_jeolla_country_blow,1.0
eys050707158b,18,18_farmer_rye_oats_horses,1.0
eys0507170175,15,15_slave_goats_ants_feathers,0.5137534
eys0507250189,12,12_orphans_trees_plowed field_wilderness,1.0
eys0507310196,14,14_gyeongsang_jeolla_country_blow,0.93911237
eys0613630006,0,0_dear_sorrow_wish_weaving,0.0
eys0614870185,13,13_september_thirty_march_summer,1.0
eys0615630312,18,18_farmer_rye_oats_horses,1.0
eys0616300069,0,0_dear_sorrow_wish_weaving,0.0
eys0616710119,0,0_dear_sorrow_wish_weaving,0.0
eys0617010164,0,0_dear_sorrow_wish_weaving,0.0
eys0617070175,14,14_gyeongsang_jeolla_country_blow,1.0
eys0617290212,11,11_little horses_horses_maids_altar,1.0
eys0617480242,0,0_dear_sorrow_wish_weaving,0.0
eys0617620262,18,18_farmer_rye_oats_horses,1.0
eys0617630263,17,17_mocking_squirrel_don laugh_laugh,0.6199485
eys0707430016,17,17_mocking_squirrel_don laugh_laugh,1.0
eys070753038a,0,0_dear_sorrow_wish_weaving,0.0
eys0707610015,9,9_wreath_wreaths_wreath wreath_periwinkle,1.0
eys0707640021,0,0_dear_sorrow_wish_weaving,0.0
eys0708580020,0,0_dear_sorrow_wish_weaving,0.0
eys0715560048,13,13_september_thirty_march_summer,1.0
eys0715680074,18,18_farmer_rye_oats_horses,1.0
eys0715950115,0,0_dear_sorrow_wish_weaving,0.0
eys0716290161,18,18_farmer_rye_oats_horses,1.0
eys0716340169,14,14_gyeongsang_jeolla_country_blow,1.0
eys0716690222,15,15_slave_goats_ants_feathers,0.63837194
eys0716770233,7,7_street_streets_fence_corner,1.0
eys0716860251,0,0_dear_sorrow_wish_weaving,0.0
eys0717050288,9,9_wreath_wreaths_wreath wreath_periwinkle,1.0
eys0719450154,15,15_slave_goats_ants_feathers,0.6363575
eys0722850029,0,0_dear_sorrow_wish_weaving,0.0
eys0722950048,16,16_song praise_cheerful song_sing song_sing,1.0
eys0723570163,18,18_farmer_rye_oats_horses,0.55272317
eys0723970251,0,0_dear_sorrow_wish_weaving,0.0
eys0723970253,0,0_dear_sorrow_wish_weaving,0.0
eys0724140293,18,18_farmer_rye_oats_horses,1.0
eys0724250316,0,0_dear_sorrow_wish_weaving,0.0
eys0724310333,0,0_dear_sorrow_wish_weaving,0.0
eys0805760090,15,15_slave_goats_ants_feathers,0.624513
eys0805880104,13,13_september_thirty_march_summer,0.42206368
eys0806230161,9,9_wreath_wreaths_wreath wreath_periwinkle,1.0
eys0806930277,13,13_september_thirty_march_summer,0.51467144
eys0808340476,13,13_september_thirty_march_summer,0.8502579
eys0808590517,0,0_dear_sorrow_wish_weaving,0.0
eys0808760544,13,13_september_thirty_march_summer,0.5009668
eys0808790549,13,13_september_thirty_march_summer,1.0
eys0811560014,0,0_dear_sorrow_wish_weaving,0.0
eys0900880084,0,0_dear_sorrow_wish_weaving,0.0
eys0909450008,14,14_gyeongsang_jeolla_country_blow,1.0
eys0909700042,14,14_gyeongsang_jeolla_country_blow,1.0
eys0909850064,13,13_september_thirty_march_summer,0.51116234
eys0909910076,15,15_slave_goats_ants_feathers,0.7604888
eys1022400009,0,0_dear_sorrow_wish_weaving,0.0
eys1022560043,18,18_farmer_rye_oats_horses,1.0
eys1022680070,0,0_dear_sorrow_wish_weaving,0.0
eys1029030075,0,0_dear_sorrow_wish_weaving,0.0
eys1029060084,13,13_september_thirty_march_summer,1.0
eys1029090093,11,11_little horses_horses_maids_altar,0.692551
eys1108200009,0,0_dear_sorrow_wish_weaving,0.0
h10101240003,9,9_wreath_wreaths_wreath wreath_periwinkle,1.0
h10101440013,15,15_slave_goats_ants_feathers,0.45717886
h10102280090,0,0_dear_sorrow_wish_weaving,0.0
h10102300096,2,2_married life_sister_husband_mother law,0.66051805
h10102400116,0,0_dear_sorrow_wish_weaving,0.0
h10102470129,13,13_september_thirty_march_summer,0.68472964
h10700290001,18,18_farmer_rye_oats_horses,1.0
h10700630065,0,0_dear_sorrow_wish_weaving,0.0
h20102710400,17,17_mocking_squirrel_don laugh_laugh,1.0
h20106530841,17,17_mocking_squirrel_don laugh_laugh,1.0
h21005400317,0,0_dear_sorrow_wish_weaving,0.0
h21300380008,15,15_slave_goats_ants_feathers,1.0
h21300390009,0,0_dear_sorrow_wish_weaving,0.0
h21300400010,15,15_slave_goats_ants_feathers,1.0
h21300600034,0,0_dear_sorrow_wish_weaving,0.0
h21300630002,0,0_dear_sorrow_wish_weaving,0.0
h21300820025,17,17_mocking_squirrel_don laugh_laugh,1.0
h21300820026,0,0_dear_sorrow_wish_weaving,0.0
h21300940040,0,0_dear_sorrow_wish_weaving,0.0
h21300950041,0,0_dear_sorrow_wish_weaving,0.0
h21301110065,15,15_slave_goats_ants_feathers,1.0
h21301130068,0,0_dear_sorrow_wish_weaving,0.0
h21301320026,15,15_slave_goats_ants_feathers,0.63461155
h21303310002,13,13_september_thirty_march_summer,0.73504585
h21303450010,17,17_mocking_squirrel_don laugh_laugh,1.0
h21305530063,14,14_gyeongsang_jeolla_country_blow,1.0
h21305910010,0,0_dear_sorrow_wish_weaving,0.0
h21305930013,5,5_horses_grazing_maidens_clover,1.0
h21306440023,13,13_september_thirty_march_summer,1.0
h21306510002,15,15_slave_goats_ants_feathers,0.76244116
h21306520006,15,15_slave_goats_ants_feathers,1.0
h21400110008,0,0_dear_sorrow_wish_weaving,0.0
h21400370051,12,12_orphans_trees_plowed field_wilderness,1.0
h21400400056,13,13_september_thirty_march_summer,0.6816509
h21400470065,13,13_september_thirty_march_summer,1.0
h21400500070,14,14_gyeongsang_jeolla_country_blow,1.0
h21400750094,0,0_dear_sorrow_wish_weaving,0.0
h21403490010,14,14_gyeongsang_jeolla_country_blow,1.0
h21403510011,6,6_poplar_eyebrows_bright_boast,1.0
h21404420012,13,13_september_thirty_march_summer,1.0
h21404420013,0,0_dear_sorrow_wish_weaving,0.0
h21605720009,0,0_dear_sorrow_wish_weaving,0.0
h23806740004,0,0_dear_sorrow_wish_weaving,0.0
h23807410005,17,17_mocking_squirrel_don laugh_laugh,1.0
h24000971043,0,0_dear_sorrow_wish_weaving,0.0
h24607810009,13,13_september_thirty_march_summer,1.0
h25401820075,13,13_september_thirty_march_summer,1.0
h26502840020,0,0_dear_sorrow_wish_weaving,0.0
h26503350009,18,18_farmer_rye_oats_horses,0.35778397
h30401490003,7,7_street_streets_fence_corner,1.0
h30401910001,0,0_dear_sorrow_wish_weaving,0.0
h31205930002,0,0_dear_sorrow_wish_weaving,0.0
h31701200006,0,0_dear_sorrow_wish_weaving,0.0
h31701500007,0,0_dear_sorrow_wish_weaving,0.0
h31704090075,2,2_married life_sister_husband_mother law,1.0
h31707210001,13,13_september_thirty_march_summer,0.84873146
h31707440014,13,13_september_thirty_march_summer,0.67316484
h31708470002,0,0_dear_sorrow_wish_weaving,0.0
h40400610001,11,11_little horses_horses_maids_altar,0.75408137
h40400670004,13,13_september_thirty_march_summer,0.41715664
hgrq01570027,15,15_slave_goats_ants_feathers,0.80422354
hgrq01600029,14,14_gyeongsang_jeolla_country_blow,1.0
hgrq01730045,10,10_young cossack_cossack_horseback_love young,1.0
hgrq01820067,14,14_gyeongsang_jeolla_country_blow,1.0
hgrq01860077,14,14_gyeongsang_jeolla_country_blow,1.0
hgrq01930092,0,0_dear_sorrow_wish_weaving,0.0
hr0103070003,15,15_slave_goats_ants_feathers,0.61843985
e000051840005,9,9_wreath_wreaths_wreath wreath_periwinkle,1.0
e000051950017,14,14_gyeongsang_jeolla_country_blow,1.0
e000070610001,0,0_dear_sorrow_wish_weaving,0.0
e000071480009,0,0_dear_sorrow_wish_weaving,0.0
e000071500010,15,15_slave_goats_ants_feathers,0.3937574
e000071510011,9,9_wreath_wreaths_wreath wreath_periwinkle,1.0
e000071520012,18,18_farmer_rye_oats_horses,1.0
e000071620022,13,13_september_thirty_march_summer,1.0
e000071900002,9,9_wreath_wreaths_wreath wreath_periwinkle,1.0
e000071920005,18,18_farmer_rye_oats_horses,0.8287508
e000072030017,0,0_dear_sorrow_wish_weaving,0.0
e000072050021,16,16_song praise_cheerful song_sing song_sing,0.51700544
e000076780005,16,16_song praise_cheerful song_sing song_sing,0.62715775
e000076790008,15,15_slave_goats_ants_feathers,0.45813695
e000076890023,18,18_farmer_rye_oats_horses,1.0
e000077000012,14,14_gyeongsang_jeolla_country_blow,1.0
e000077010014,14,14_gyeongsang_jeolla_country_blow,0.7340179
e000077020015,13,13_september_thirty_march_summer,0.66345936
e000077030016,0,0_dear_sorrow_wish_weaving,0.0
e000077030017,18,18_farmer_rye_oats_horses,0.7293454
e000077040018,9,9_wreath_wreaths_wreath wreath_periwinkle,0.2997266
e000077060020,18,18_farmer_rye_oats_horses,0.5499085
e000077100006,18,18_farmer_rye_oats_horses,0.5208613
e000077130013,18,18_farmer_rye_oats_horses,0.82061434
e000077170019,0,0_dear_sorrow_wish_weaving,0.0
e000077190025,14,14_gyeongsang_jeolla_country_blow,1.0
e000077210027,17,17_mocking_squirrel_don laugh_laugh,1.0
e000077340008,0,0_dear_sorrow_wish_weaving,0.0
e000077630009,17,17_mocking_squirrel_don laugh_laugh,0.7084
e000077640010,18,18_farmer_rye_oats_horses,0.8157366
e000077770011,15,15_slave_goats_ants_feathers,1.0
e000078270003,12,12_orphans_trees_plowed field_wilderness,0.75511146
e000078340014,0,0_dear_sorrow_wish_weaving,0.0
e000078740006,0,0_dear_sorrow_wish_weaving,0.0
e000078860011,15,15_slave_goats_ants_feathers,1.0
e000079100040,9,9_wreath_wreaths_wreath wreath_periwinkle,1.0
e000079280013,7,7_street_streets_fence_corner,0.7891466
e00007931017a,15,15_slave_goats_ants_feathers,0.52631027
e000079450002,0,0_dear_sorrow_wish_weaving,0.0
e000079450003,9,9_wreath_wreaths_wreath wreath_periwinkle,1.0
e000079470005,17,17_mocking_squirrel_don laugh_laugh,0.50452775
e000079520014,14,14_gyeongsang_jeolla_country_blow,0.51490855
e000080540041,10,10_young cossack_cossack_horseback_love young,0.55828613
e000080750059,12,12_orphans_trees_plowed field_wilderness,1.0
e000093470029,7,7_street_streets_fence_corner,1.0
e000093740053,14,14_gyeongsang_jeolla_country_blow,0.3943315
e000093960067,0,0_dear_sorrow_wish_weaving,0.0
e000094140090,18,18_farmer_rye_oats_horses,1.0
e000104130007,12,12_orphans_trees_plowed field_wilderness,0.6676095
e000104150014,15,15_slave_goats_ants_feathers,0.5116692
e000105630010,18,18_farmer_rye_oats_horses,1.0
e000107510019,9,9_wreath_wreaths_wreath wreath_periwinkle,1.0
e000117870005,0,0_dear_sorrow_wish_weaving,0.0
e000117890010,9,9_wreath_wreaths_wreath wreath_periwinkle,1.0
e000117930018,13,13_september_thirty_march_summer,0.7597758
e000117990033,17,17_mocking_squirrel_don laugh_laugh,1.0
e000135850004,7,7_street_streets_fence_corner,1.0
e000138040001,15,15_slave_goats_ants_feathers,0.51474816
e000151060012,14,14_gyeongsang_jeolla_country_blow,1.0
e000151070014,0,0_dear_sorrow_wish_weaving,0.0
e000151080017,0,0_dear_sorrow_wish_weaving,0.0
e000178180006,14,14_gyeongsang_jeolla_country_blow,0.4309436
e000239830002,13,13_september_thirty_march_summer,0.59536535
e000418750000,0,0_dear_sorrow_wish_weaving,0.0
e000518390006,0,0_dear_sorrow_wish_weaving,0.0
e000518940004,14,14_gyeongsang_jeolla_country_blow,0.7378444
e000536560008,0,0_dear_sorrow_wish_weaving,0.0
e000547710000,18,18_farmer_rye_oats_horses,0.6708635
e000547720000,0,0_dear_sorrow_wish_weaving,0.0
e000549670000,14,14_gyeongsang_jeolla_country_blow,0.87934947
e000576710000,7,7_street_streets_fence_corner,0.94549054
e000595280000,0,0_dear_sorrow_wish_weaving,0.0
e000597700001,0,0_dear_sorrow_wish_weaving,0.0
e00059879000a,0,0_dear_sorrow_wish_weaving,0.0
e000599030004,17,17_mocking_squirrel_don laugh_laugh,1.0
e000616990011,15,15_slave_goats_ants_feathers,1.0
e000617000012,13,13_september_thirty_march_summer,0.513576
e000617100018,0,0_dear_sorrow_wish_weaving,0.0
e000617110019,0,0_dear_sorrow_wish_weaving,0.0
e000617330035,18,18_farmer_rye_oats_horses,1.0
e000643660001,9,9_wreath_wreaths_wreath wreath_periwinkle,0.7922238
e000786160003,0,0_dear_sorrow_wish_weaving,0.0
e000828660001,18,18_farmer_rye_oats_horses,1.0
ea00002010007,9,9_wreath_wreaths_wreath wreath_periwinkle,1.0
ea00002020011,0,0_dear_sorrow_wish_weaving,0.0
ea00002580022,14,14_gyeongsang_jeolla_country_blow,1.0
ea00002670027,15,15_slave_goats_ants_feathers,1.0
ea00002760036,17,17_mocking_squirrel_don laugh_laugh,1.0
ea00002780038,0,0_dear_sorrow_wish_weaving,0.0
ea00006820002,15,15_slave_goats_ants_feathers,0.7218715
ea00006840005,9,9_wreath_wreaths_wreath wreath_periwinkle,1.0
ea00007030022,0,0_dear_sorrow_wish_weaving,0.0
ea00009630003,0,0_dear_sorrow_wish_weaving,0.0
ea00009750001,0,0_dear_sorrow_wish_weaving,0.0
ea00009820013,12,12_orphans_trees_plowed field_wilderness,0.6202569
ea00009840014,0,0_dear_sorrow_wish_weaving,0.0
ea00009840015,0,0_dear_sorrow_wish_weaving,0.0
ea00010160011,0,0_dear_sorrow_wish_weaving,0.0
ekms40504230009,0,0_dear_sorrow_wish_weaving,0.0
ekms40504250010,18,18_farmer_rye_oats_horses,1.0
ekms40504270011,9,9_wreath_wreaths_wreath wreath_periwinkle,1.0
ekms40504290012,17,17_mocking_squirrel_don laugh_laugh,1.0
eks0100450000,9,9_wreath_wreaths_wreath wreath_periwinkle,0.72672546
eks2800060008,0,0_dear_sorrow_wish_weaving,0.0
eks2800120004,15,15_slave_goats_ants_feathers,1.0
ekse00400001,9,9_wreath_wreaths_wreath wreath_periwinkle,1.0
ekse00410002,9,9_wreath_wreaths_wreath wreath_periwinkle,0.88510066
ekse00420005,0,0_dear_sorrow_wish_weaving,0.0
ekse00450001,16,16_song praise_cheerful song_sing song_sing,1.0
era200101290006,0,0_dear_sorrow_wish_weaving,0.0
era200604480003,0,0_dear_sorrow_wish_weaving,0.0
era200703620018,13,13_september_thirty_march_summer,1.0
era200703710039,0,0_dear_sorrow_wish_weaving,0.0
era201107270003,14,14_gyeongsang_jeolla_country_blow,0.6812602
era201107540010,18,18_farmer_rye_oats_horses,0.8148597
era201400360012,0,0_dear_sorrow_wish_weaving,0.0
era201401220075,17,17_mocking_squirrel_don laugh_laugh,0.50323147
era201402150007,0,0_dear_sorrow_wish_weaving,0.0
era201402170008,10,10_young cossack_cossack_horseback_love young,1.0
era201402190009,0,0_dear_sorrow_wish_weaving,0.0
era201402230011,18,18_farmer_rye_oats_horses,1.0
era201402250012,0,0_dear_sorrow_wish_weaving,0.0
era201402430029,0,0_dear_sorrow_wish_weaving,0.0
era201402590001,0,0_dear_sorrow_wish_weaving,0.0
era201402710008,17,17_mocking_squirrel_don laugh_laugh,1.0
era202401820016,0,0_dear_sorrow_wish_weaving,0.0
era202401830017,0,0_dear_sorrow_wish_weaving,0.0
era202402300041,17,17_mocking_squirrel_don laugh_laugh,1.0
era202402300042,0,0_dear_sorrow_wish_weaving,0.0
era202402310043,17,17_mocking_squirrel_don laugh_laugh,1.0
era202403250053,9,9_wreath_wreaths_wreath wreath_periwinkle,1.0
era202403490002,0,0_dear_sorrow_wish_weaving,0.0
era202403570013,7,7_street_streets_fence_corner,1.0
era202403770003,17,17_mocking_squirrel_don laugh_laugh,1.0
era202405060004,0,0_dear_sorrow_wish_weaving,0.0
era202405250005,0,0_dear_sorrow_wish_weaving,0.0
era202405500008,18,18_farmer_rye_oats_horses,0.6469471
era202405760020,12,12_orphans_trees_plowed field_wilderness,0.55521286
era202405770021,18,18_farmer_rye_oats_horses,1.0
era202405820022,15,15_slave_goats_ants_feathers,0.6948808
era202405940031,11,11_little horses_horses_maids_altar,0.6770445
era202407240002,9,9_wreath_wreaths_wreath wreath_periwinkle,1.0
era202407310001,0,0_dear_sorrow_wish_weaving,0.0
era202407330003,0,0_dear_sorrow_wish_weaving,0.0
era202500310024,0,0_dear_sorrow_wish_weaving,0.0
era202500370005,17,17_mocking_squirrel_don laugh_laugh,1.0
era202500440011,15,15_slave_goats_ants_feathers,1.0
era202500510016,15,15_slave_goats_ants_feathers,1.0
era202501050041,0,0_dear_sorrow_wish_weaving,0.0
era202501500005,14,14_gyeongsang_jeolla_country_blow,0.73570615
era202501720004,0,0_dear_sorrow_wish_weaving,0.0
era202502900005,15,15_slave_goats_ants_feathers,1.0
era203201750005,0,0_dear_sorrow_wish_weaving,0.0
era204101470005,0,0_dear_sorrow_wish_weaving,0.0
era204101500010,17,17_mocking_squirrel_don laugh_laugh,1.0
era204104670004,12,12_orphans_trees_plowed field_wilderness,0.4639565
era205705340003,17,17_mocking_squirrel_don laugh_laugh,0.65926486
era205705410013,18,18_farmer_rye_oats_horses,0.7990438
era206003930001,13,13_september_thirty_march_summer,0.51116234
era208403830001,0,0_dear_sorrow_wish_weaving,0.0
era208403900020,7,7_street_streets_fence_corner,0.66770095
era208904530003,9,9_wreath_wreaths_wreath wreath_periwinkle,1.0
era208904540005,9,9_wreath_wreaths_wreath wreath_periwinkle,0.884084
era213102350388,0,0_dear_sorrow_wish_weaving,0.0
era213102960002,18,18_farmer_rye_oats_horses,0.5984877
era214901200002,0,0_dear_sorrow_wish_weaving,0.0
era214901310019,12,12_orphans_trees_plowed field_wilderness,1.0
era217202120001,0,0_dear_sorrow_wish_weaving,0.0
era217202130003,9,9_wreath_wreaths_wreath wreath_periwinkle,1.0
era217800310082,0,0_dear_sorrow_wish_weaving,0.0
era218304630015,0,0_dear_sorrow_wish_weaving,0.0
era218305080086,12,12_orphans_trees_plowed field_wilderness,1.0
era218305120103,18,18_farmer_rye_oats_horses,1.0
era218305150111,0,0_dear_sorrow_wish_weaving,0.0
era219904940017,13,13_september_thirty_march_summer,0.7211907
era229800920162,15,15_slave_goats_ants_feathers,1.0
erm9400170000,0,0_dear_sorrow_wish_weaving,0.0
estk2700610001,15,15_slave_goats_ants_feathers,0.78895164
estk2700620002,9,9_wreath_wreaths_wreath wreath_periwinkle,1.0
estk3701560002,0,0_dear_sorrow_wish_weaving,0.0
estk3701640003,7,7_street_streets_fence_corner,1.0
estk4000100022,15,15_slave_goats_ants_feathers,1.0
estk4000160032,0,0_dear_sorrow_wish_weaving,0.0
estk4000300059,16,16_song praise_cheerful song_sing song_sing,1.0
estk4000660101,17,17_mocking_squirrel_don laugh_laugh,1.0
estk4001080151,0,0_dear_sorrow_wish_weaving,0.0
estk4001630010,0,0_dear_sorrow_wish_weaving,0.0
estk4001640011,0,0_dear_sorrow_wish_weaving,0.0
estk4001740019,0,0_dear_sorrow_wish_weaving,0.0
eys0206300130,0,0_dear_sorrow_wish_weaving,0.0
eys0210390031,0,0_dear_sorrow_wish_weaving,0.0
eys0300950029,13,13_september_thirty_march_summer,0.51116234
eys0505830052,0,0_dear_sorrow_wish_weaving,0.0
eys0505930002,0,0_dear_sorrow_wish_weaving,0.0
eys0505960007,15,15_slave_goats_ants_feathers,0.7656802
eys0506030018,0,0_dear_sorrow_wish_weaving,0.0
eys0506200041,15,15_slave_goats_ants_feathers,1.0
eys0506460074,14,14_gyeongsang_jeolla_country_blow,1.0
eys0506550086,15,15_slave_goats_ants_feathers,0.4437937
eys0506600094,17,17_mocking_squirrel_don laugh_laugh,1.0
eys0506710108,15,15_slave_goats_ants_feathers,1.0
eys050683125b,0,0_dear_sorrow_wish_weaving,0.0
eys0506850130,17,17_mocking_squirrel_don laugh_laugh,0.67510504
eys0507080159,0,0_dear_sorrow_wish_weaving,0.0
eys0507280192,9,9_wreath_wreaths_wreath wreath_periwinkle,0.77458495
eys0610740237,0,0_dear_sorrow_wish_weaving,0.0
eys0613670014,0,0_dear_sorrow_wish_weaving,0.0
eys0613750026,0,0_dear_sorrow_wish_weaving,0.0
eys0613860038,18,18_farmer_rye_oats_horses,1.0
eys0614040060,17,17_mocking_squirrel_don laugh_laugh,1.0
eys0614050061,12,12_orphans_trees_plowed field_wilderness,1.0
eys0614070063,0,0_dear_sorrow_wish_weaving,0.0
eys0614170079,0,0_dear_sorrow_wish_weaving,0.0
eys0614380109,0,0_dear_sorrow_wish_weaving,0.0
eys0614400113,0,0_dear_sorrow_wish_weaving,0.0
eys0614410115,9,9_wreath_wreaths_wreath wreath_periwinkle,1.0
eys0614410116,11,11_little horses_horses_maids_altar,1.0
eys0614480131,9,9_wreath_wreaths_wreath wreath_periwinkle,0.7327099
eys0614510135,9,9_wreath_wreaths_wreath wreath_periwinkle,1.0
eys0614610147,17,17_mocking_squirrel_don laugh_laugh,0.6424762
eys0614670156,12,12_orphans_trees_plowed field_wilderness,1.0
eys0614750168,14,14_gyeongsang_jeolla_country_blow,1.0
eys0614760171,15,15_slave_goats_ants_feathers,1.0
eys0614910192,6,6_poplar_eyebrows_bright_boast,1.0
eys0614920194,18,18_farmer_rye_oats_horses,0.3565152
eys0614950200,0,0_dear_sorrow_wish_weaving,0.0
eys0615040229,9,9_wreath_wreaths_wreath wreath_periwinkle,0.4608237
eys0615060232,0,0_dear_sorrow_wish_weaving,0.0
eys0615520298,0,0_dear_sorrow_wish_weaving,0.0
eys0615530299,14,14_gyeongsang_jeolla_country_blow,1.0
eys0615620310,0,0_dear_sorrow_wish_weaving,0.0
eys0615700326,18,18_farmer_rye_oats_horses,1.0
eys0615750340,0,0_dear_sorrow_wish_weaving,0.0
eys0615840353,18,18_farmer_rye_oats_horses,1.0
eys0615990013,9,9_wreath_wreaths_wreath wreath_periwinkle,1.0
eys0616010017,18,18_farmer_rye_oats_horses,0.717085
eys0616030021,0,0_dear_sorrow_wish_weaving,0.0
eys0616040022,6,6_poplar_eyebrows_bright_boast,0.44308123
eys0616130039,14,14_gyeongsang_jeolla_country_blow,0.66273385
eys0616150042,9,9_wreath_wreaths_wreath wreath_periwinkle,1.0
eys0616170044,12,12_orphans_trees_plowed field_wilderness,1.0
eys0616200048,0,0_dear_sorrow_wish_weaving,0.0
eys0616200049,16,16_song praise_cheerful song_sing song_sing,1.0
eys0616210051,0,0_dear_sorrow_wish_weaving,0.0
eys0616220052,18,18_farmer_rye_oats_horses,1.0
eys0616220053,0,0_dear_sorrow_wish_weaving,0.0
eys0616390082,9,9_wreath_wreaths_wreath wreath_periwinkle,1.0
eys0616530097,18,18_farmer_rye_oats_horses,0.63099337
eys0616540099,0,0_dear_sorrow_wish_weaving,0.0
eys0616590108,0,0_dear_sorrow_wish_weaving,0.0
eys0616720121,7,7_street_streets_fence_corner,0.57141066
eys0616800129,13,13_september_thirty_march_summer,0.51116234
eys0616800130,13,13_september_thirty_march_summer,1.0
eys0617080176,17,17_mocking_squirrel_don laugh_laugh,1.0
eys0617230199,12,12_orphans_trees_plowed field_wilderness,1.0
eys0617230200,12,12_orphans_trees_plowed field_wilderness,1.0
eys0617540250,11,11_little horses_horses_maids_altar,1.0
eys0617590256,0,0_dear_sorrow_wish_weaving,0.0
eys0617600258,0,0_dear_sorrow_wish_weaving,0.0
eys0617610259,0,0_dear_sorrow_wish_weaving,0.0
eys0617690273,18,18_farmer_rye_oats_horses,1.0
eys0618010319,0,0_dear_sorrow_wish_weaving,0.0
eys0707390010,17,17_mocking_squirrel_don laugh_laugh,0.5561113
eys0707420014,12,12_orphans_trees_plowed field_wilderness,0.5059495
eys0707460023,0,0_dear_sorrow_wish_weaving,0.0
eys0707570005,0,0_dear_sorrow_wish_weaving,0.0
eys0707620016,9,9_wreath_wreaths_wreath wreath_periwinkle,1.0
eys0707880008,9,9_wreath_wreaths_wreath wreath_periwinkle,0.7743831
eys0715510037,17,17_mocking_squirrel_don laugh_laugh,1.0
eys0715590058,18,18_farmer_rye_oats_horses,1.0
eys0715620063,18,18_farmer_rye_oats_horses,1.0
eys0715650070,9,9_wreath_wreaths_wreath wreath_periwinkle,1.0
eys0715700078,0,0_dear_sorrow_wish_weaving,0.0
eys0715730081,14,14_gyeongsang_jeolla_country_blow,0.7071422
eys0715730082,18,18_farmer_rye_oats_horses,1.0
eys0715750086,0,0_dear_sorrow_wish_weaving,0.0
eys0715800094,9,9_wreath_wreaths_wreath wreath_periwinkle,0.7063538
eys0715930113,18,18_farmer_rye_oats_horses,0.58400446
eys0716060125,15,15_slave_goats_ants_feathers,1.0
eys0716090131,12,12_orphans_trees_plowed field_wilderness,1.0
eys0716140140,0,0_dear_sorrow_wish_weaving,0.0
eys0716170146,14,14_gyeongsang_jeolla_country_blow,0.78275275
eys0716360172,17,17_mocking_squirrel_don laugh_laugh,1.0
eys0716520199,18,18_farmer_rye_oats_horses,1.0
eys0716640217,11,11_little horses_horses_maids_altar,1.0
eys0716650218,9,9_wreath_wreaths_wreath wreath_periwinkle,1.0
eys0716760231,0,0_dear_sorrow_wish_weaving,0.0
eys0716860250,15,15_slave_goats_ants_feathers,1.0
eys0716920257,0,0_dear_sorrow_wish_weaving,0.0
eys0716940262,0,0_dear_sorrow_wish_weaving,0.0
eys0716950263,0,0_dear_sorrow_wish_weaving,0.0
eys0717100297,14,14_gyeongsang_jeolla_country_blow,1.0
eys0717290328,9,9_wreath_wreaths_wreath wreath_periwinkle,0.7743831
eys0717300329,0,0_dear_sorrow_wish_weaving,0.0
eys0717320333,0,0_dear_sorrow_wish_weaving,0.0
eys0718470032,0,0_dear_sorrow_wish_weaving,0.0
eys0718480034,13,13_september_thirty_march_summer,0.2079532
eys0719440152,0,0_dear_sorrow_wish_weaving,0.0
eys0719460157,18,18_farmer_rye_oats_horses,1.0
eys0719810196,14,14_gyeongsang_jeolla_country_blow,0.39612606
eys0722790018,0,0_dear_sorrow_wish_weaving,0.0
eys0723200106,0,0_dear_sorrow_wish_weaving,0.0
eys0723400139,14,14_gyeongsang_jeolla_country_blow,0.74807477
eys0723600168,0,0_dear_sorrow_wish_weaving,0.0
eys0723670180,0,0_dear_sorrow_wish_weaving,0.0
eys0723690186,13,13_september_thirty_march_summer,0.61952746
eys0723740195,0,0_dear_sorrow_wish_weaving,0.0
eys0723790209,0,0_dear_sorrow_wish_weaving,0.0
eys0723980255,14,14_gyeongsang_jeolla_country_blow,0.5614306
eys0723990259,15,15_slave_goats_ants_feathers,1.0
eys0724040271,14,14_gyeongsang_jeolla_country_blow,0.82545686
eys0724060274,15,15_slave_goats_ants_feathers,1.0
eys0724090282,0,0_dear_sorrow_wish_weaving,0.0
eys0724150296,7,7_street_streets_fence_corner,0.7924823
eys0724210306,0,0_dear_sorrow_wish_weaving,0.0
eys0724310334,17,17_mocking_squirrel_don laugh_laugh,0.69567186
eys0724640414,0,0_dear_sorrow_wish_weaving,0.0
eys0725090480,17,17_mocking_squirrel_don laugh_laugh,1.0
eys0725090482,0,0_dear_sorrow_wish_weaving,0.0
eys0725190500,13,13_september_thirty_march_summer,0.51116234
eys0725240508,18,18_farmer_rye_oats_horses,1.0
eys0805400017,17,17_mocking_squirrel_don laugh_laugh,0.67639375
eys0805410018,13,13_september_thirty_march_summer,1.0
eys0805540041,0,0_dear_sorrow_wish_weaving,0.0
eys0805800095,0,0_dear_sorrow_wish_weaving,0.0
eys0805900105,7,7_street_streets_fence_corner,0.4613946
eys0805920107,14,14_gyeongsang_jeolla_country_blow,0.5094505
eys0805930109,0,0_dear_sorrow_wish_weaving,0.0
eys0805940114,0,0_dear_sorrow_wish_weaving,0.0
eys0805990123,14,14_gyeongsang_jeolla_country_blow,1.0
eys0806040133,9,9_wreath_wreaths_wreath wreath_periwinkle,1.0
eys0806360177,7,7_street_streets_fence_corner,1.0
eys0806440195,0,0_dear_sorrow_wish_weaving,0.0
eys0806550221,18,18_farmer_rye_oats_horses,1.0
eys0806830261,0,0_dear_sorrow_wish_weaving,0.0
eys0806850264,15,15_slave_goats_ants_feathers,1.0
eys0806860265,6,6_poplar_eyebrows_bright_boast,1.0
eys0806950280,0,0_dear_sorrow_wish_weaving,0.0
eys0807280313,0,0_dear_sorrow_wish_weaving,0.0
eys0807730383,0,0_dear_sorrow_wish_weaving,0.0
eys0807750386,10,10_young cossack_cossack_horseback_love young,1.0
eys0807760387,18,18_farmer_rye_oats_horses,1.0
eys0807800391,9,9_wreath_wreaths_wreath wreath_periwinkle,0.7578709
eys0808290469,0,0_dear_sorrow_wish_weaving,0.0
eys0808330474,13,13_september_thirty_march_summer,0.5858392
eys0808440495,9,9_wreath_wreaths_wreath wreath_periwinkle,0.80580497
eys0808510506,15,15_slave_goats_ants_feathers,0.57688123
eys0808640526,14,14_gyeongsang_jeolla_country_blow,0.5091621
eys0808780546,0,0_dear_sorrow_wish_weaving,0.0
eys0808790550,6,6_poplar_eyebrows_bright_boast,0.5258098
eys0811480001,9,9_wreath_wreaths_wreath wreath_periwinkle,0.69099295
eys0811550011,13,13_september_thirty_march_summer,1.0
eys0811550012,0,0_dear_sorrow_wish_weaving,0.0
eys0811720040,18,18_farmer_rye_oats_horses,1.0
eys0811790056,0,0_dear_sorrow_wish_weaving,0.0
eys0811900074,12,12_orphans_trees_plowed field_wilderness,0.3775612
eys0900420019,18,18_farmer_rye_oats_horses,1.0
eys0900450022,0,0_dear_sorrow_wish_weaving,0.0
eys0909270009,18,18_farmer_rye_oats_horses,1.0
eys0909820060,0,0_dear_sorrow_wish_weaving,0.0
eys0910140112,0,0_dear_sorrow_wish_weaving,0.0
eys0910200123,14,14_gyeongsang_jeolla_country_blow,1.0
eys1020540312,18,18_farmer_rye_oats_horses,1.0
eys1022430018,0,0_dear_sorrow_wish_weaving,0.0
eys1022480029,0,0_dear_sorrow_wish_weaving,0.0
eys1022530038,0,0_dear_sorrow_wish_weaving,0.0
eys1022550041,0,0_dear_sorrow_wish_weaving,0.0
eys1022620059,15,15_slave_goats_ants_feathers,0.45200664
eys1022680071,18,18_farmer_rye_oats_horses,1.0
eys1022700074,13,13_september_thirty_march_summer,1.0
eys1022930108,17,17_mocking_squirrel_don laugh_laugh,1.0
eys1023020124,0,0_dear_sorrow_wish_weaving,0.0
eys1023020125,0,0_dear_sorrow_wish_weaving,0.0
eys1023100134,0,0_dear_sorrow_wish_weaving,0.0
eys1023130140,18,18_farmer_rye_oats_horses,1.0
eys1023160143,0,0_dear_sorrow_wish_weaving,0.0
eys1023190148,18,18_farmer_rye_oats_horses,1.0
eys1023200150,18,18_farmer_rye_oats_horses,1.0
eys1023470177,9,9_wreath_wreaths_wreath wreath_periwinkle,0.46833944
eys1023500180,11,11_little horses_horses_maids_altar,1.0
eys1023680196,0,0_dear_sorrow_wish_weaving,0.0
eys1023690198,0,0_dear_sorrow_wish_weaving,0.0
eys1025720032,0,0_dear_sorrow_wish_weaving,0.0
eys1025750036,0,0_dear_sorrow_wish_weaving,0.0
eys1025770040,0,0_dear_sorrow_wish_weaving,0.0
eys1025770041,12,12_orphans_trees_plowed field_wilderness,1.0
eys1025830053,15,15_slave_goats_ants_feathers,1.0
eys1029080088,15,15_slave_goats_ants_feathers,0.41569254
eys1029090090,0,0_dear_sorrow_wish_weaving,0.0
eys1029090091,0,0_dear_sorrow_wish_weaving,0.0
eys1029090092,18,18_farmer_rye_oats_horses,1.0
eys1108210011,14,14_gyeongsang_jeolla_country_blow,1.0
h10101480022,17,17_mocking_squirrel_don laugh_laugh,1.0
h10101510027,14,14_gyeongsang_jeolla_country_blow,0.6498667
h10101550036,15,15_slave_goats_ants_feathers,1.0
h10101600046,7,7_street_streets_fence_corner,0.91649556
h10102170065,9,9_wreath_wreaths_wreath wreath_periwinkle,0.38515902
h10102260085,0,0_dear_sorrow_wish_weaving,0.0
h10102310098,16,16_song praise_cheerful song_sing song_sing,0.7934972
h10102480130,18,18_farmer_rye_oats_horses,0.7015099
h10102600152,0,0_dear_sorrow_wish_weaving,0.0
h10102640163,14,14_gyeongsang_jeolla_country_blow,1.0
h10102660167,18,18_farmer_rye_oats_horses,1.0
h10700320006,0,0_dear_sorrow_wish_weaving,0.0
h10700340013,9,9_wreath_wreaths_wreath wreath_periwinkle,1.0
h10700570054,15,15_slave_goats_ants_feathers,1.0
h10700630064,0,0_dear_sorrow_wish_weaving,0.0
h10700720075,15,15_slave_goats_ants_feathers,1.0
h20101370193,11,11_little horses_horses_maids_altar,1.0
h20101410200,0,0_dear_sorrow_wish_weaving,0.0
h20101440207,0,0_dear_sorrow_wish_weaving,0.0
h20102730404,0,0_dear_sorrow_wish_weaving,0.0
h20105230693,14,14_gyeongsang_jeolla_country_blow,0.45332164
h20106540846,17,17_mocking_squirrel_don laugh_laugh,0.61344516
h21005180292,15,15_slave_goats_ants_feathers,1.0
h21005190293,14,14_gyeongsang_jeolla_country_blow,0.83681977
h21109540009,7,7_street_streets_fence_corner,1.0
h21300080021,0,0_dear_sorrow_wish_weaving,0.0
h21300770019,0,0_dear_sorrow_wish_weaving,0.0
h21300850030,6,6_poplar_eyebrows_bright_boast,0.65604496
h21300900035,14,14_gyeongsang_jeolla_country_blow,1.0
h21300920038,9,9_wreath_wreaths_wreath wreath_periwinkle,0.6821479
h21301060058,0,0_dear_sorrow_wish_weaving,0.0
h21301150001,17,17_mocking_squirrel_don laugh_laugh,0.68175095
h21301390033,18,18_farmer_rye_oats_horses,1.0
h21301410034,9,9_wreath_wreaths_wreath wreath_periwinkle,0.6359324
h21301450036,9,9_wreath_wreaths_wreath wreath_periwinkle,1.0
h21301460037,15,15_slave_goats_ants_feathers,0.7572037
h21301510039,14,14_gyeongsang_jeolla_country_blow,0.5029297
h21301520040,15,15_slave_goats_ants_feathers,0.7787247
h21301900015,14,14_gyeongsang_jeolla_country_blow,1.0
h21301900016,14,14_gyeongsang_jeolla_country_blow,0.60164905
h21301940020,7,7_street_streets_fence_corner,1.0
h21301950022,0,0_dear_sorrow_wish_weaving,0.0
h21302030030,16,16_song praise_cheerful song_sing song_sing,1.0
h21302320005,0,0_dear_sorrow_wish_weaving,0.0
h21303320003,15,15_slave_goats_ants_feathers,0.6425479
h21303430007,0,0_dear_sorrow_wish_weaving,0.0
h21303600003,0,0_dear_sorrow_wish_weaving,0.0
h21303860008,11,11_little horses_horses_maids_altar,1.0
h21305310038,6,6_poplar_eyebrows_bright_boast,1.0
h21305360044,13,13_september_thirty_march_summer,0.6269075
h21305390048,17,17_mocking_squirrel_don laugh_laugh,1.0
h21305410050,14,14_gyeongsang_jeolla_country_blow,1.0
h21305850005,18,18_farmer_rye_oats_horses,1.0
h21306150013,14,14_gyeongsang_jeolla_country_blow,0.8039221
h21306170015,0,0_dear_sorrow_wish_weaving,0.0
h21306450026,9,9_wreath_wreaths_wreath wreath_periwinkle,0.41414347
h21307680026,0,0_dear_sorrow_wish_weaving,0.0
h21400130014,0,0_dear_sorrow_wish_weaving,0.0
h21400380053,0,0_dear_sorrow_wish_weaving,0.0
h21401430016,12,12_orphans_trees_plowed field_wilderness,0.5476387
h21401650040,7,7_street_streets_fence_corner,0.5378998
h21402070001,9,9_wreath_wreaths_wreath wreath_periwinkle,0.8177084
h21402670007,0,0_dear_sorrow_wish_weaving,0.0
h21402840019,13,13_september_thirty_march_summer,0.41993955
h21402860020,14,14_gyeongsang_jeolla_country_blow,0.8255091
h21403610004,9,9_wreath_wreaths_wreath wreath_periwinkle,1.0
h21404030007,14,14_gyeongsang_jeolla_country_blow,0.7205669
h21404280019,18,18_farmer_rye_oats_horses,1.0
h21404410010,0,0_dear_sorrow_wish_weaving,0.0
h21404670011,9,9_wreath_wreaths_wreath wreath_periwinkle,0.65537566
h21405020038,0,0_dear_sorrow_wish_weaving,0.0
h22609120006,0,0_dear_sorrow_wish_weaving,0.0
h23806440006,18,18_farmer_rye_oats_horses,0.6058055
h23806840009,0,0_dear_sorrow_wish_weaving,0.0
h23807420006,9,9_wreath_wreaths_wreath wreath_periwinkle,1.0
h23808580004,7,7_street_streets_fence_corner,0.73606753
h24003061353,18,18_farmer_rye_oats_horses,1.0
h24003960005,14,14_gyeongsang_jeolla_country_blow,0.35651094
h24003960006,0,0_dear_sorrow_wish_weaving,0.0
h24003990010,0,0_dear_sorrow_wish_weaving,0.0
h24607820010,14,14_gyeongsang_jeolla_country_blow,1.0
h24607830012,12,12_orphans_trees_plowed field_wilderness,0.82087386
h24608010009,18,18_farmer_rye_oats_horses,0.7890516
h24608020010,7,7_street_streets_fence_corner,0.69510525
h24608030011,7,7_street_streets_fence_corner,0.7635424
h24608040012,15,15_slave_goats_ants_feathers,0.48986483
h24608120018,18,18_farmer_rye_oats_horses,1.0
h24608210003,0,0_dear_sorrow_wish_weaving,0.0
h24608380022,15,15_slave_goats_ants_feathers,1.0
h25400380008,9,9_wreath_wreaths_wreath wreath_periwinkle,1.0
h25705650003,13,13_september_thirty_march_summer,0.8362335
h25706330018,13,13_september_thirty_march_summer,1.0
h2570646031d,0,0_dear_sorrow_wish_weaving,0.0
h2570647031g,18,18_farmer_rye_oats_horses,1.0
h26502370001,11,11_little horses_horses_maids_altar,0.667635
h26502510017,0,0_dear_sorrow_wish_weaving,0.0
h26502520021,16,16_song praise_cheerful song_sing song_sing,0.7970469
h26502680006,5,5_horses_grazing_maidens_clover,1.0
h26503320004,0,0_dear_sorrow_wish_weaving,0.0
h26503470019,9,9_wreath_wreaths_wreath wreath_periwinkle,0.72071046
h26804900005,0,0_dear_sorrow_wish_weaving,0.0
h26804910007,12,12_orphans_trees_plowed field_wilderness,1.0
h30101560006,12,12_orphans_trees_plowed field_wilderness,0.51098585
h30400490001,18,18_farmer_rye_oats_horses,1.0
h30400520004,0,0_dear_sorrow_wish_weaving,0.0
h30401640001,0,0_dear_sorrow_wish_weaving,0.0
h30401920002,7,7_street_streets_fence_corner,0.54993266
h30401970006,15,15_slave_goats_ants_feathers,0.769144
h30402190002,14,14_gyeongsang_jeolla_country_blow,1.0
h31204450001,0,0_dear_sorrow_wish_weaving,0.0
h31204490005,13,13_september_thirty_march_summer,0.6542573
h31204620003,9,9_wreath_wreaths_wreath wreath_periwinkle,1.0
h31204960013,0,0_dear_sorrow_wish_weaving,0.0
h31406750007,14,14_gyeongsang_jeolla_country_blow,0.62698466
h31701210008,0,0_dear_sorrow_wish_weaving,0.0
h31701550013,13,13_september_thirty_march_summer,0.34448048
h31708500005,17,17_mocking_squirrel_don laugh_laugh,1.0
h31708510006,9,9_wreath_wreaths_wreath wreath_periwinkle,1.0
h31708580013,18,18_farmer_rye_oats_horses,0.8148393
h31709500008,0,0_dear_sorrow_wish_weaving,0.0
h31709530011,0,0_dear_sorrow_wish_weaving,0.0
h31800410007,17,17_mocking_squirrel_don laugh_laugh,1.0
h32301880006,16,16_song praise_cheerful song_sing song_sing,1.0
h32302030022,0,0_dear_sorrow_wish_weaving,0.0
h32700510011,10,10_young cossack_cossack_horseback_love young,0.49350408
h32700580016,15,15_slave_goats_ants_feathers,1.0
h32700590017,0,0_dear_sorrow_wish_weaving,0.0
h4010326012a,7,7_street_streets_fence_corner,0.6937241
h40103350019,0,0_dear_sorrow_wish_weaving,0.0
h40103690003,14,14_gyeongsang_jeolla_country_blow,1.0
h40103790024,15,15_slave_goats_ants_feathers,1.0
h40103820028,0,0_dear_sorrow_wish_weaving,0.0
h40900570005,12,12_orphans_trees_plowed field_wilderness,1.0
hgrq01480015,0,0_dear_sorrow_wish_weaving,0.0
hgrq01520021,0,0_dear_sorrow_wish_weaving,0.0
hgrq01550023,14,14_gyeongsang_jeolla_country_blow,1.0
hgrq01650035,0,0_dear_sorrow_wish_weaving,0.0
hgrq01750050,7,7_street_streets_fence_corner,1.0
hgrq01790059,9,9_wreath_wreaths_wreath wreath_periwinkle,0.6934689
hgrq01840074,0,0_dear_sorrow_wish_weaving,0.0
hgrq01910089,15,15_slave_goats_ants_feathers,1.0
e000035110004,18,18_farmer_rye_oats_horses,0.61446875
e000051790002,14,14_gyeongsang_jeolla_country_blow,0.63814366
e000068460001,15,15_slave_goats_ants_feathers,1.0
e000068570009,17,17_mocking_squirrel_don laugh_laugh,1.0
e000070660007,0,0_dear_sorrow_wish_weaving,0.0
e000071780039,15,15_slave_goats_ants_feathers,0.5229494
e000071840045,14,14_gyeongsang_jeolla_country_blow,1.0
e000071860046,7,7_street_streets_fence_corner,1.0
e000071910004,18,18_farmer_rye_oats_horses,1.0
e000072130028,12,12_orphans_trees_plowed field_wilderness,0.8131082
e000074590002,15,15_slave_goats_ants_feathers,1.0
e000074600003,14,14_gyeongsang_jeolla_country_blow,1.0
e000074600004,0,0_dear_sorrow_wish_weaving,0.0
e000076590001,7,7_street_streets_fence_corner,0.7716606
e000076610003,15,15_slave_goats_ants_feathers,0.65299326
e000076690013,15,15_slave_goats_ants_feathers,1.0
e000076850018,9,9_wreath_wreaths_wreath wreath_periwinkle,0.4442595
e000076920003,11,11_little horses_horses_maids_altar,0.53178275
e000076970007,18,18_farmer_rye_oats_horses,0.67648876
e000077090004,18,18_farmer_rye_oats_horses,0.5402136
e000077140014,0,0_dear_sorrow_wish_weaving,0.0
e000077190024,0,0_dear_sorrow_wish_weaving,0.0
e000077280009,12,12_orphans_trees_plowed field_wilderness,1.0
e000077320004,18,18_farmer_rye_oats_horses,1.0
e000077410019,0,0_dear_sorrow_wish_weaving,0.0
e000077410021,0,0_dear_sorrow_wish_weaving,0.0
e000077420022,11,11_little horses_horses_maids_altar,0.72200394
e000077430023,0,0_dear_sorrow_wish_weaving,0.0
e000077450027,13,13_september_thirty_march_summer,0.49063537
e000077490003,12,12_orphans_trees_plowed field_wilderness,0.5214902
e000077530010,14,14_gyeongsang_jeolla_country_blow,1.0
e000077760009,0,0_dear_sorrow_wish_weaving,0.0
e000078310007,9,9_wreath_wreaths_wreath wreath_periwinkle,0.56178546
e000078370002,0,0_dear_sorrow_wish_weaving,0.0
e000078620007,16,16_song praise_cheerful song_sing song_sing,0.5617629
e000078720002,15,15_slave_goats_ants_feathers,1.0
e000078730004,13,13_september_thirty_march_summer,0.45162186
e000078780013,0,0_dear_sorrow_wish_weaving,0.0
e000078820005,9,9_wreath_wreaths_wreath wreath_periwinkle,0.5835336
e00007909037b,14,14_gyeongsang_jeolla_country_blow,0.6016963
e000079100041,14,14_gyeongsang_jeolla_country_blow,0.69794106
e000079180001,15,15_slave_goats_ants_feathers,1.0
e000079210002,18,18_farmer_rye_oats_horses,1.0
e000079220003,0,0_dear_sorrow_wish_weaving,0.0
e000079220004,11,11_little horses_horses_maids_altar,0.47477746
e000079240007,11,11_little horses_horses_maids_altar,0.57764065
e000079410028,11,11_little horses_horses_maids_altar,0.7298042
e000079420030,14,14_gyeongsang_jeolla_country_blow,1.0
e000079580024,5,5_horses_grazing_maidens_clover,1.0
e000080640052,0,0_dear_sorrow_wish_weaving,0.0
e000080650053,9,9_wreath_wreaths_wreath wreath_periwinkle,0.6505865
e000080820064,17,17_mocking_squirrel_don laugh_laugh,1.0
e000093430025,0,0_dear_sorrow_wish_weaving,0.0
e000093450027,11,11_little horses_horses_maids_altar,0.6362462
e000093560037,14,14_gyeongsang_jeolla_country_blow,0.8042083
e000093590039,12,12_orphans_trees_plowed field_wilderness,0.7996232
e000093610041,14,14_gyeongsang_jeolla_country_blow,1.0
e000093790056,7,7_street_streets_fence_corner,0.89489996
e000093880058,0,0_dear_sorrow_wish_weaving,0.0
e000094040076,13,13_september_thirty_march_summer,1.0
e000094050077,14,14_gyeongsang_jeolla_country_blow,1.0
e000094150091,0,0_dear_sorrow_wish_weaving,0.0
e000094170095,18,18_farmer_rye_oats_horses,0.5092324
e000099760009,0,0_dear_sorrow_wish_weaving,0.0
e000104150012,14,14_gyeongsang_jeolla_country_blow,1.0
e000106280001,15,15_slave_goats_ants_feathers,0.6757055
e000106340015,18,18_farmer_rye_oats_horses,1.0
e000107410004,0,0_dear_sorrow_wish_weaving,0.0
e000107540022,11,11_little horses_horses_maids_altar,1.0
e000114870007,0,0_dear_sorrow_wish_weaving,0.0
e000117860003,7,7_street_streets_fence_corner,1.0
e000117870004,7,7_street_streets_fence_corner,1.0
e000117900014,7,7_street_streets_fence_corner,0.67247254
e000117930019,0,0_dear_sorrow_wish_weaving,0.0
e000117980030,0,0_dear_sorrow_wish_weaving,0.0
e000117990034,0,0_dear_sorrow_wish_weaving,0.0
e000123220001,17,17_mocking_squirrel_don laugh_laugh,1.0
e000135840003,0,0_dear_sorrow_wish_weaving,0.0
e000137650001,13,13_september_thirty_march_summer,1.0
e000137660002,12,12_orphans_trees_plowed field_wilderness,1.0
e000137760006,17,17_mocking_squirrel_don laugh_laugh,1.0
e000137810011,7,7_street_streets_fence_corner,1.0
e000138060003,6,6_poplar_eyebrows_bright_boast,0.51142067
e000138090006,0,0_dear_sorrow_wish_weaving,0.0
e000138170018,7,7_street_streets_fence_corner,0.50036484
e000145860002,16,16_song praise_cheerful song_sing song_sing,0.5052569
e000151040008,0,0_dear_sorrow_wish_weaving,0.0
e000151110023,0,0_dear_sorrow_wish_weaving,0.0
e000178160005,14,14_gyeongsang_jeolla_country_blow,1.0
e000178190007,14,14_gyeongsang_jeolla_country_blow,0.539809
e000178220009,18,18_farmer_rye_oats_horses,0.740053
e000178230010,15,15_slave_goats_ants_feathers,0.7157391
e000178350020,0,0_dear_sorrow_wish_weaving,0.0
e000221620003,14,14_gyeongsang_jeolla_country_blow,0.57464194
e000239840004,18,18_farmer_rye_oats_horses,0.70877516
e000259280025,6,6_poplar_eyebrows_bright_boast,0.6605699
e000351660000,0,0_dear_sorrow_wish_weaving,0.0
e00041876000a,13,13_september_thirty_march_summer,0.7755721
e000515070000,14,14_gyeongsang_jeolla_country_blow,0.51349735
e000518380001,15,15_slave_goats_ants_feathers,0.61361766
e000518390007,15,15_slave_goats_ants_feathers,1.0
e000518400008,0,0_dear_sorrow_wish_weaving,0.0
e000518930002,0,0_dear_sorrow_wish_weaving,0.0
e000531980007,11,11_little horses_horses_maids_altar,1.0
e000531990009,14,14_gyeongsang_jeolla_country_blow,0.7040081
e000540410007,14,14_gyeongsang_jeolla_country_blow,0.6208367
e000575680010,0,0_dear_sorrow_wish_weaving,0.0
e000575810003,15,15_slave_goats_ants_feathers,1.0
e000576650000,15,15_slave_goats_ants_feathers,0.5383219
e000576660000,0,0_dear_sorrow_wish_weaving,0.0
e000583000001,18,18_farmer_rye_oats_horses,1.0
e000592130012,6,6_poplar_eyebrows_bright_boast,1.0
e000592260024,18,18_farmer_rye_oats_horses,1.0
e000592310031,7,7_street_streets_fence_corner,0.91096836
e000592390040,0,0_dear_sorrow_wish_weaving,0.0
e000592400041,0,0_dear_sorrow_wish_weaving,0.0
e000595230007,0,0_dear_sorrow_wish_weaving,0.0
e000595290017,0,0_dear_sorrow_wish_weaving,0.0
e000598860000,12,12_orphans_trees_plowed field_wilderness,1.0
e000598920000,12,12_orphans_trees_plowed field_wilderness,1.0
e000616730012,14,14_gyeongsang_jeolla_country_blow,1.0
e000616870002,7,7_street_streets_fence_corner,1.0
e000616970010,16,16_song praise_cheerful song_sing song_sing,1.0
e000617200028,0,0_dear_sorrow_wish_weaving,0.0
e000617500049,18,18_farmer_rye_oats_horses,0.8188903
e000617560055,17,17_mocking_squirrel_don laugh_laugh,0.6036127
e000643680002,0,0_dear_sorrow_wish_weaving,0.0
e800X00450183,14,14_gyeongsang_jeolla_country_blow,0.8590299
ea00001970001,0,0_dear_sorrow_wish_weaving,0.0
ea00002020010,0,0_dear_sorrow_wish_weaving,0.0
ea00002030013,0,0_dear_sorrow_wish_weaving,0.0
ea00002690029,14,14_gyeongsang_jeolla_country_blow,1.0
ea00002790039,10,10_young cossack_cossack_horseback_love young,1.0
ea00002830042,0,0_dear_sorrow_wish_weaving,0.0
ea00002840043,9,9_wreath_wreaths_wreath wreath_periwinkle,0.35435048
ea00009790008,0,0_dear_sorrow_wish_weaving,0.0
ea00009800011,0,0_dear_sorrow_wish_weaving,0.0
ea00009880005,0,0_dear_sorrow_wish_weaving,0.0
ea00010110008,0,0_dear_sorrow_wish_weaving,0.0
ea00010530002,14,14_gyeongsang_jeolla_country_blow,1.0
ea00010600012,6,6_poplar_eyebrows_bright_boast,0.7382482
ekms40106260012,0,0_dear_sorrow_wish_weaving,0.0
ekms40504170004,14,14_gyeongsang_jeolla_country_blow,0.4427461
eks010016000a,9,9_wreath_wreaths_wreath wreath_periwinkle,1.0
eks010027000a,0,0_dear_sorrow_wish_weaving,0.0
eks0100360000,0,0_dear_sorrow_wish_weaving,0.0
eks0100370000,18,18_farmer_rye_oats_horses,0.73639613
eks0100380000,15,15_slave_goats_ants_feathers,1.0
eks010044000a,0,0_dear_sorrow_wish_weaving,0.0
eks010054000b,0,0_dear_sorrow_wish_weaving,0.0
eks0101250003,0,0_dear_sorrow_wish_weaving,0.0
eks0101350012,0,0_dear_sorrow_wish_weaving,0.0
eks0101360013,12,12_orphans_trees_plowed field_wilderness,0.61320543
eks0101400000,0,0_dear_sorrow_wish_weaving,0.0
eks1500030002,0,0_dear_sorrow_wish_weaving,0.0
eks1500050001,18,18_farmer_rye_oats_horses,1.0
eks2800010001,7,7_street_streets_fence_corner,0.8567254
era100203390001,0,0_dear_sorrow_wish_weaving,0.0
era100203410001,0,0_dear_sorrow_wish_weaving,0.0
era200101240001,13,13_september_thirty_march_summer,0.76708513
era200101250001,7,7_street_streets_fence_corner,1.0
era200101250002,17,17_mocking_squirrel_don laugh_laugh,0.45368707
era200101340012,0,0_dear_sorrow_wish_weaving,0.0
era200101440002,17,17_mocking_squirrel_don laugh_laugh,1.0
era200101470001,0,0_dear_sorrow_wish_weaving,0.0
era200l01520001,12,12_orphans_trees_plowed field_wilderness,1.0
era201101760002,0,0_dear_sorrow_wish_weaving,0.0
era201101770002,15,15_slave_goats_ants_feathers,1.0
era201101800003,18,18_farmer_rye_oats_horses,0.5019745
era201101900002,12,12_orphans_trees_plowed field_wilderness,1.0
era201101920001,15,15_slave_goats_ants_feathers,0.40493616
era201107250002,10,10_young cossack_cossack_horseback_love young,1.0
era201400420004,0,0_dear_sorrow_wish_weaving,0.0
era201401710005,12,12_orphans_trees_plowed field_wilderness,1.0
era202401620002,18,18_farmer_rye_oats_horses,0.88018984
era202401760012,11,11_little horses_horses_maids_altar,1.0
era202404100001,0,0_dear_sorrow_wish_weaving,0.0
era202406010035,17,17_mocking_squirrel_don laugh_laugh,1.0
era202406290001,14,14_gyeongsang_jeolla_country_blow,1.0
era202500460013,0,0_dear_sorrow_wish_weaving,0.0
era202500560020,14,14_gyeongsang_jeolla_country_blow,0.4685879
era202501050040,0,0_dear_sorrow_wish_weaving,0.0
era202501190021,0,0_dear_sorrow_wish_weaving,0.0
era202501450001,0,0_dear_sorrow_wish_weaving,0.0
era202501510006,18,18_farmer_rye_oats_horses,1.0
era202501530010,0,0_dear_sorrow_wish_weaving,0.0
era202501540012,7,7_street_streets_fence_corner,1.0
era203102430004,7,7_street_streets_fence_corner,0.62371546
era203201670001,18,18_farmer_rye_oats_horses,0.5274895
era204101450002,0,0_dear_sorrow_wish_weaving,0.0
era204101520013,14,14_gyeongsang_jeolla_country_blow,0.67253995
era204101550017,0,0_dear_sorrow_wish_weaving,0.0
era205705480021,7,7_street_streets_fence_corner,1.0
era205705490023,14,14_gyeongsang_jeolla_country_blow,1.0
era205705590033,7,7_street_streets_fence_corner,0.52922004
era208402190005,0,0_dear_sorrow_wish_weaving,0.0
era208403850007,0,0_dear_sorrow_wish_weaving,0.0
era208403880017,9,9_wreath_wreaths_wreath wreath_periwinkle,1.0
era212005350024,10,10_young cossack_cossack_horseback_love young,0.6159892
era212107050000,0,0_dear_sorrow_wish_weaving,0.0
era212200140007,18,18_farmer_rye_oats_horses,1.0
era212200330011,0,0_dear_sorrow_wish_weaving,0.0
era213102950001,10,10_young cossack_cossack_horseback_love young,0.9206293
era214901270015,0,0_dear_sorrow_wish_weaving,0.0
era216700850002,6,6_poplar_eyebrows_bright_boast,0.8367652
era217205270061,12,12_orphans_trees_plowed field_wilderness,0.5651261
era225805160020,9,9_wreath_wreaths_wreath wreath_periwinkle,0.76653427
erm13300020004,0,0_dear_sorrow_wish_weaving,0.0
erm16700150018,5,5_horses_grazing_maidens_clover,0.8067728
erm16700170019,0,0_dear_sorrow_wish_weaving,0.0
erm16700170020,12,12_orphans_trees_plowed field_wilderness,1.0
estk2700510001,10,10_young cossack_cossack_horseback_love young,1.0
estk3700980002,7,7_street_streets_fence_corner,0.92653877
estk3701660006,0,0_dear_sorrow_wish_weaving,0.0
estk3701670007,0,0_dear_sorrow_wish_weaving,0.0
estk3701770020,18,18_farmer_rye_oats_horses,1.0
estk3701810025,0,0_dear_sorrow_wish_weaving,0.0
estk4000050006,15,15_slave_goats_ants_feathers,1.0
estk4000110026,0,0_dear_sorrow_wish_weaving,0.0
estk4000130028,0,0_dear_sorrow_wish_weaving,0.0
estk4000150030,14,14_gyeongsang_jeolla_country_blow,0.7435164
estk4000290057,17,17_mocking_squirrel_don laugh_laugh,1.0
estk4000730109,7,7_street_streets_fence_corner,0.79973114
estk4000990139,0,0_dear_sorrow_wish_weaving,0.0
eys0210350020,0,0_dear_sorrow_wish_weaving,0.0
eys0210550047,0,0_dear_sorrow_wish_weaving,0.0
eys0210610055,9,9_wreath_wreaths_wreath wreath_periwinkle,0.5183698
eys0505760013,0,0_dear_sorrow_wish_weaving,0.0
eys0505940004,18,18_farmer_rye_oats_horses,1.0
eys0506020016,0,0_dear_sorrow_wish_weaving,0.0
eys0506100028,11,11_little horses_horses_maids_altar,1.0
eys0506130031,9,9_wreath_wreaths_wreath wreath_periwinkle,1.0
eys0506150034,17,17_mocking_squirrel_don laugh_laugh,0.50045663
eys0506220043,0,0_dear_sorrow_wish_weaving,0.0
eys0506300059,0,0_dear_sorrow_wish_weaving,0.0
eys0506560088,0,0_dear_sorrow_wish_weaving,0.0
eys0506580092,18,18_farmer_rye_oats_horses,1.0
eys0506610097,10,10_young cossack_cossack_horseback_love young,1.0
eys0506630098,0,0_dear_sorrow_wish_weaving,0.0
eys0506660103,13,13_september_thirty_march_summer,0.7844687
eys0506670104,0,0_dear_sorrow_wish_weaving,0.0
eys0506680106,0,0_dear_sorrow_wish_weaving,0.0
eys0506770116,13,13_september_thirty_march_summer,1.0
eys0506770117,0,0_dear_sorrow_wish_weaving,0.0
eys0506780119,18,18_farmer_rye_oats_horses,0.5976534
eys0506790120,18,18_farmer_rye_oats_horses,1.0
eys050685128b,18,18_farmer_rye_oats_horses,0.51124275
eys0506980146,0,0_dear_sorrow_wish_weaving,0.0
eys0507000148,9,9_wreath_wreaths_wreath wreath_periwinkle,1.0
eys0507020151,0,0_dear_sorrow_wish_weaving,0.0
eys0507040155,7,7_street_streets_fence_corner,0.6589807
eys0507050157,9,9_wreath_wreaths_wreath wreath_periwinkle,1.0
eys0507120165,0,0_dear_sorrow_wish_weaving,0.0
eys0507120166,0,0_dear_sorrow_wish_weaving,0.0
eys0507140170,15,15_slave_goats_ants_feathers,1.0
eys0507210182,13,13_september_thirty_march_summer,1.0
eys0507280193,0,0_dear_sorrow_wish_weaving,0.0
eys0613610001,0,0_dear_sorrow_wish_weaving,0.0
eys0613660012,7,7_street_streets_fence_corner,0.7197619
eys0613790032,12,12_orphans_trees_plowed field_wilderness,0.84304404
eys0613840037,13,13_september_thirty_march_summer,0.60457206
eys0613980053,0,0_dear_sorrow_wish_weaving,0.0
eys0614080065,17,17_mocking_squirrel_don laugh_laugh,1.0
eys0614490132,18,18_farmer_rye_oats_horses,0.6302382
eys0614600145,0,0_dear_sorrow_wish_weaving,0.0
eys0614720161,0,0_dear_sorrow_wish_weaving,0.0
eys0614770172,7,7_street_streets_fence_corner,0.5673664
eys0614780173,17,17_mocking_squirrel_don laugh_laugh,0.30742344
eys0614850181,13,13_september_thirty_march_summer,1.0
eys0614850182,0,0_dear_sorrow_wish_weaving,0.0
eys0615060233,12,12_orphans_trees_plowed field_wilderness,1.0
eys0615070236,0,0_dear_sorrow_wish_weaving,0.0
eys0615390287,14,14_gyeongsang_jeolla_country_blow,1.0
eys0615460292,0,0_dear_sorrow_wish_weaving,0.0
eys0615570303,7,7_street_streets_fence_corner,0.59361684
eys0615620311,17,17_mocking_squirrel_don laugh_laugh,0.5210876
eys0615640314,15,15_slave_goats_ants_feathers,0.68520796
eys0615730335,0,0_dear_sorrow_wish_weaving,0.0
eys0615870356,14,14_gyeongsang_jeolla_country_blow,1.0
eys0616140041,13,13_september_thirty_march_summer,0.6916837
eys0616310072,0,0_dear_sorrow_wish_weaving,0.0
eys0616310073,14,14_gyeongsang_jeolla_country_blow,1.0
eys0616350079,18,18_farmer_rye_oats_horses,1.0
eys0616580106,18,18_farmer_rye_oats_horses,1.0
eys0616700118,7,7_street_streets_fence_corner,0.70738804
eys0616730122,16,16_song praise_cheerful song_sing song_sing,1.0
eys0616860141,0,0_dear_sorrow_wish_weaving,0.0
eys0617000161,0,0_dear_sorrow_wish_weaving,0.0
eys0617040169,18,18_farmer_rye_oats_horses,1.0
eys0617050170,18,18_farmer_rye_oats_horses,1.0
eys0617060173,0,0_dear_sorrow_wish_weaving,0.0
eys0617110182,14,14_gyeongsang_jeolla_country_blow,0.46369722
eys0617140185,0,0_dear_sorrow_wish_weaving,0.0
eys0617150186,0,0_dear_sorrow_wish_weaving,0.0
eys0617160187,11,11_little horses_horses_maids_altar,1.0
eys0617160188,12,12_orphans_trees_plowed field_wilderness,1.0
eys0617380223,0,0_dear_sorrow_wish_weaving,0.0
eys0617380224,12,12_orphans_trees_plowed field_wilderness,1.0
eys0617470240,0,0_dear_sorrow_wish_weaving,0.0
eys0617510248,17,17_mocking_squirrel_don laugh_laugh,0.5023487
eys0617560252,0,0_dear_sorrow_wish_weaving,0.0
eys0617580255,0,0_dear_sorrow_wish_weaving,0.0
eys0617610260,12,12_orphans_trees_plowed field_wilderness,1.0
eys0617700274,0,0_dear_sorrow_wish_weaving,0.0
eys0617850288,13,13_september_thirty_march_summer,0.42641005
eys0617940302,14,14_gyeongsang_jeolla_country_blow,1.0
eys0705570004,0,0_dear_sorrow_wish_weaving,0.0
eys0706600020,15,15_slave_goats_ants_feathers,0.50121176
eys0706760047,0,0_dear_sorrow_wish_weaving,0.0
eys0706820058,18,18_farmer_rye_oats_horses,1.0
eys0706910071,13,13_september_thirty_march_summer,1.0
eys0706940077,14,14_gyeongsang_jeolla_country_blow,0.5319208
eys0707410012,14,14_gyeongsang_jeolla_country_blow,0.5457897
eys0707440019,7,7_street_streets_fence_corner,1.0
eys0707450021,0,0_dear_sorrow_wish_weaving,0.0
eys0707470026,0,0_dear_sorrow_wish_weaving,0.0
eys0707600013,15,15_slave_goats_ants_feathers,1.0
eys0707970015,0,0_dear_sorrow_wish_weaving,0.0
eys0708550012,18,18_farmer_rye_oats_horses,0.68290144
eys0708580019,0,0_dear_sorrow_wish_weaving,0.0
eys0708590022,0,0_dear_sorrow_wish_weaving,0.0
eys0708600024,12,12_orphans_trees_plowed field_wilderness,0.74833614
eys0715420021,9,9_wreath_wreaths_wreath wreath_periwinkle,0.5121621
eys0715530042,13,13_september_thirty_march_summer,0.86571664
eys0715640068,0,0_dear_sorrow_wish_weaving,0.0
eys0715640069,0,0_dear_sorrow_wish_weaving,0.0
eys0715680073,0,0_dear_sorrow_wish_weaving,0.0
eys0715840101,6,6_poplar_eyebrows_bright_boast,0.6604726
eys0716110135,0,0_dear_sorrow_wish_weaving,0.0
eys0716180147,0,0_dear_sorrow_wish_weaving,0.0
eys0716180148,14,14_gyeongsang_jeolla_country_blow,1.0
eys0716260155,13,13_september_thirty_march_summer,0.64922357
eys0716390175,17,17_mocking_squirrel_don laugh_laugh,1.0
eys0716470188,0,0_dear_sorrow_wish_weaving,0.0
eys0716550205,7,7_street_streets_fence_corner,1.0
eys0716570209,0,0_dear_sorrow_wish_weaving,0.0
eys0716770234,0,0_dear_sorrow_wish_weaving,0.0
eys0717020282,9,9_wreath_wreaths_wreath wreath_periwinkle,1.0
eys0717030283,0,0_dear_sorrow_wish_weaving,0.0
eys0717060291,0,0_dear_sorrow_wish_weaving,0.0
eys0717070293,9,9_wreath_wreaths_wreath wreath_periwinkle,1.0
eys0717080294,18,18_farmer_rye_oats_horses,1.0
eys0717310331,9,9_wreath_wreaths_wreath wreath_periwinkle,1.0
eys0717580379,18,18_farmer_rye_oats_horses,1.0
eys0717590382,9,9_wreath_wreaths_wreath wreath_periwinkle,1.0
eys0718310007,9,9_wreath_wreaths_wreath wreath_periwinkle,0.6553362
eys0718340013,0,0_dear_sorrow_wish_weaving,0.0
eys0718420025,0,0_dear_sorrow_wish_weaving,0.0
eys0718460030,0,0_dear_sorrow_wish_weaving,0.0
eys0718510036,17,17_mocking_squirrel_don laugh_laugh,1.0
eys0719460155,0,0_dear_sorrow_wish_weaving,0.0
eys0719470158,14,14_gyeongsang_jeolla_country_blow,1.0
eys0721190104,14,14_gyeongsang_jeolla_country_blow,1.0
eys0722690008,6,6_poplar_eyebrows_bright_boast,0.40995032
eys0722720010,18,18_farmer_rye_oats_horses,0.80601704
eys0722730011,15,15_slave_goats_ants_feathers,0.66081536
eys0722770016,0,0_dear_sorrow_wish_weaving,0.0
eys0722780017,0,0_dear_sorrow_wish_weaving,0.0
eys0722970049,7,7_street_streets_fence_corner,0.9091259
eys0722990052,14,14_gyeongsang_jeolla_country_blow,0.5028479
eys0723020057,7,7_street_streets_fence_corner,0.5741116
eys0723030060,15,15_slave_goats_ants_feathers,1.0
eys0723070078,0,0_dear_sorrow_wish_weaving,0.0
eys0723200105,15,15_slave_goats_ants_feathers,1.0
eys0723210111,9,9_wreath_wreaths_wreath wreath_periwinkle,1.0
eys0723220112,15,15_slave_goats_ants_feathers,1.0
eys0723220114,18,18_farmer_rye_oats_horses,1.0
eys0723240118,9,9_wreath_wreaths_wreath wreath_periwinkle,0.5963078
eys0723240119,7,7_street_streets_fence_corner,1.0
eys0723280126,16,16_song praise_cheerful song_sing song_sing,0.4861769
eys0723450147,0,0_dear_sorrow_wish_weaving,0.0
eys0723500152,0,0_dear_sorrow_wish_weaving,0.0
eys0723510153,0,0_dear_sorrow_wish_weaving,0.0
eys0723620170,13,13_september_thirty_march_summer,1.0
eys0723620171,17,17_mocking_squirrel_don laugh_laugh,1.0
eys0723690185,12,12_orphans_trees_plowed field_wilderness,0.5432679
eys0723790210,17,17_mocking_squirrel_don laugh_laugh,1.0
eys0723830218,0,0_dear_sorrow_wish_weaving,0.0
eys0723840220,17,17_mocking_squirrel_don laugh_laugh,1.0
eys0723920235,13,13_september_thirty_march_summer,0.51116234
eys0723920236,14,14_gyeongsang_jeolla_country_blow,1.0
eys0723960250,0,0_dear_sorrow_wish_weaving,0.0
eys0724000260,0,0_dear_sorrow_wish_weaving,0.0
eys0724000261,0,0_dear_sorrow_wish_weaving,0.0
eys0724220310,0,0_dear_sorrow_wish_weaving,0.0
eys0724330340,0,0_dear_sorrow_wish_weaving,0.0
eys0724430369,9,9_wreath_wreaths_wreath wreath_periwinkle,1.0
eys0724510386,18,18_farmer_rye_oats_horses,1.0
eys0724540391,7,7_street_streets_fence_corner,1.0
eys0724590397,18,18_farmer_rye_oats_horses,0.6857236
eys0724630406,17,17_mocking_squirrel_don laugh_laugh,1.0
eys0725080478,0,0_dear_sorrow_wish_weaving,0.0
eys0725100483,0,0_dear_sorrow_wish_weaving,0.0
eys0725120486,0,0_dear_sorrow_wish_weaving,0.0
eys0725130489,0,0_dear_sorrow_wish_weaving,0.0
eys0725130490,11,11_little horses_horses_maids_altar,1.0
eys0725170496,9,9_wreath_wreaths_wreath wreath_periwinkle,1.0
eys0725180498,7,7_street_streets_fence_corner,0.7048907
eys0805490033,18,18_farmer_rye_oats_horses,1.0
eys0805540040,0,0_dear_sorrow_wish_weaving,0.0
eys0805620067,0,0_dear_sorrow_wish_weaving,0.0
eys0805680080,7,7_street_streets_fence_corner,0.92657197
eys0805750089,12,12_orphans_trees_plowed field_wilderness,1.0
eys0805830098,0,0_dear_sorrow_wish_weaving,0.0
eys0806000124,0,0_dear_sorrow_wish_weaving,0.0
eys0806410188,10,10_young cossack_cossack_horseback_love young,1.0
eys0806530214,14,14_gyeongsang_jeolla_country_blow,1.0
eys0806690242,14,14_gyeongsang_jeolla_country_blow,0.66919094
eys0806760247,7,7_street_streets_fence_corner,1.0
eys0806840263,15,15_slave_goats_ants_feathers,1.0
eys0807230301,0,0_dear_sorrow_wish_weaving,0.0
eys0807320321,15,15_slave_goats_ants_feathers,0.5120729
eys0807490348,0,0_dear_sorrow_wish_weaving,0.0
eys0807510352,16,16_song praise_cheerful song_sing song_sing,1.0
eys0807850399,0,0_dear_sorrow_wish_weaving,0.0
eys0807990420,14,14_gyeongsang_jeolla_country_blow,0.34680566
eys0808040425,5,5_horses_grazing_maidens_clover,1.0
eys0808240458,18,18_farmer_rye_oats_horses,1.0
eys0808250459,7,7_street_streets_fence_corner,1.0
eys0808250460,0,0_dear_sorrow_wish_weaving,0.0
eys0808460499,12,12_orphans_trees_plowed field_wilderness,1.0
eys0808470500,14,14_gyeongsang_jeolla_country_blow,1.0
eys0808620522,10,10_young cossack_cossack_horseback_love young,0.5851225
eys0808680532,0,0_dear_sorrow_wish_weaving,0.0
eys0808830556,6,6_poplar_eyebrows_bright_boast,0.683654
eys0811500004,0,0_dear_sorrow_wish_weaving,0.0
eys0811530009,17,17_mocking_squirrel_don laugh_laugh,1.0
eys0811800057,0,0_dear_sorrow_wish_weaving,0.0
eys0811820060,0,0_dear_sorrow_wish_weaving,0.0
eys0811840064,0,0_dear_sorrow_wish_weaving,0.0
eys0811860066,10,10_young cossack_cossack_horseback_love young,0.65342635
eys0811870070,18,18_farmer_rye_oats_horses,1.0
eys0900870082,0,0_dear_sorrow_wish_weaving,0.0
eys090097095b,18,18_farmer_rye_oats_horses,1.0
eys0901030103,0,0_dear_sorrow_wish_weaving,0.0
eys0903480117,18,18_farmer_rye_oats_horses,0.69489634
eys0909430004,12,12_orphans_trees_plowed field_wilderness,1.0
eys0909470010,14,14_gyeongsang_jeolla_country_blow,1.0
eys0909560020,18,18_farmer_rye_oats_horses,0.24425721
eys0909610028,0,0_dear_sorrow_wish_weaving,0.0
eys0909750049,12,12_orphans_trees_plowed field_wilderness,1.0
eys0909930078,15,15_slave_goats_ants_feathers,1.0
eys0909970083,0,0_dear_sorrow_wish_weaving,0.0
eys0909970084,9,9_wreath_wreaths_wreath wreath_periwinkle,0.82391787
eys0909980085,18,18_farmer_rye_oats_horses,0.620538
eys0910110105,18,18_farmer_rye_oats_horses,0.6947391
eys0910210127,0,0_dear_sorrow_wish_weaving,0.0
eys0910340140,0,0_dear_sorrow_wish_weaving,0.0
eys0910410148,0,0_dear_sorrow_wish_weaving,0.0
eys0910600174,18,18_farmer_rye_oats_horses,0.5127195
eys1022410013,0,0_dear_sorrow_wish_weaving,0.0
eys1022440020,0,0_dear_sorrow_wish_weaving,0.0
eys1022510035,0,0_dear_sorrow_wish_weaving,0.0
eys1022580052,18,18_farmer_rye_oats_horses,1.0
eys1022630060,9,9_wreath_wreaths_wreath wreath_periwinkle,0.80269855
eys1022690073,7,7_street_streets_fence_corner,1.0
eys1022710076,0,0_dear_sorrow_wish_weaving,0.0
eys1022750081,12,12_orphans_trees_plowed field_wilderness,0.6578223
eys1022750082,0,0_dear_sorrow_wish_weaving,0.0
eys1022950110,0,0_dear_sorrow_wish_weaving,0.0
eys1023150142,0,0_dear_sorrow_wish_weaving,0.0
eys1023320170,16,16_song praise_cheerful song_sing song_sing,0.74803257
eys1023500181,0,0_dear_sorrow_wish_weaving,0.0
eys1023730204,9,9_wreath_wreaths_wreath wreath_periwinkle,1.0
eys1025730034,12,12_orphans_trees_plowed field_wilderness,1.0
eys1025760039,15,15_slave_goats_ants_feathers,1.0
eys1025830054,0,0_dear_sorrow_wish_weaving,0.0
eys1025850056,7,7_street_streets_fence_corner,1.0
eys1026650212,9,9_wreath_wreaths_wreath wreath_periwinkle,0.7289328
eys1029060085,14,14_gyeongsang_jeolla_country_blow,1.0
eys1029090089,7,7_street_streets_fence_corner,0.8742855
eys1029120098,15,15_slave_goats_ants_feathers,1.0
eys1107630342,0,0_dear_sorrow_wish_weaving,0.0
h10100170004,17,17_mocking_squirrel_don laugh_laugh,1.0
h10100190007,18,18_farmer_rye_oats_horses,1.0
h10101310002,0,0_dear_sorrow_wish_weaving,0.0
h10101350008,15,15_slave_goats_ants_feathers,1.0
h10101450016,9,9_wreath_wreaths_wreath wreath_periwinkle,1.0
h10101480021,12,12_orphans_trees_plowed field_wilderness,0.58884645
h10101490023,18,18_farmer_rye_oats_horses,1.0
h10101510026,15,15_slave_goats_ants_feathers,1.0
h10101540033,18,18_farmer_rye_oats_horses,1.0
h10101550035,15,15_slave_goats_ants_feathers,1.0
h10101570040,15,15_slave_goats_ants_feathers,1.0
h10101620049,14,14_gyeongsang_jeolla_country_blow,1.0
h10101630052,0,0_dear_sorrow_wish_weaving,0.0
h10102040042,0,0_dear_sorrow_wish_weaving,0.0
h10102210073,15,15_slave_goats_ants_feathers,1.0
h10102240079,14,14_gyeongsang_jeolla_country_blow,1.0
h10102250082,0,0_dear_sorrow_wish_weaving,0.0
h10102340104,13,13_september_thirty_march_summer,0.7955086
h10102350106,17,17_mocking_squirrel_don laugh_laugh,1.0
h10102400115,0,0_dear_sorrow_wish_weaving,0.0
h10102420120,15,15_slave_goats_ants_feathers,0.3680442
h10102510137,18,18_farmer_rye_oats_horses,1.0
h10102530139,0,0_dear_sorrow_wish_weaving,0.0
h10102530140,15,15_slave_goats_ants_feathers,0.835272
h10102610155,12,12_orphans_trees_plowed field_wilderness,0.8789843
h10700340011,0,0_dear_sorrow_wish_weaving,0.0
h10700380023,14,14_gyeongsang_jeolla_country_blow,0.7691797
h10700470039,14,14_gyeongsang_jeolla_country_blow,1.0
h10700480040,14,14_gyeongsang_jeolla_country_blow,0.7818303
h10700500043,18,18_farmer_rye_oats_horses,1.0
h10700590058,9,9_wreath_wreaths_wreath wreath_periwinkle,1.0
h10700710074,14,14_gyeongsang_jeolla_country_blow,0.6695953
h20101310180,0,0_dear_sorrow_wish_weaving,0.0
h20101320183,13,13_september_thirty_march_summer,0.73175174
h20101320184,18,18_farmer_rye_oats_horses,0.72763926
h20101450209,13,13_september_thirty_march_summer,1.0
h20102770410,18,18_farmer_rye_oats_horses,0.5026616
h20102790412,16,16_song praise_cheerful song_sing song_sing,1.0
h20102830419,0,0_dear_sorrow_wish_weaving,0.0
h20102840420,0,0_dear_sorrow_wish_weaving,0.0
h20102840421,0,0_dear_sorrow_wish_weaving,0.0
h20102850422,0,0_dear_sorrow_wish_weaving,0.0
h20105260695,7,7_street_streets_fence_corner,1.0
h20106510837,18,18_farmer_rye_oats_horses,1.0
h20106530843,0,0_dear_sorrow_wish_weaving,0.0
h21005220296,9,9_wreath_wreaths_wreath wreath_periwinkle,0.31557447
h21005280301,14,14_gyeongsang_jeolla_country_blow,1.0
h21300290019,6,6_poplar_eyebrows_bright_boast,1.0
h21300340004,0,0_dear_sorrow_wish_weaving,0.0
h21300410012,11,11_little horses_horses_maids_altar,1.0
h21300430014,9,9_wreath_wreaths_wreath wreath_periwinkle,1.0
h21300460018,0,0_dear_sorrow_wish_weaving,0.0
h21300470020,16,16_song praise_cheerful song_sing song_sing,1.0
h21300530026,0,0_dear_sorrow_wish_weaving,0.0
h21300610036,10,10_young cossack_cossack_horseback_love young,0.7507675
h21300620038,0,0_dear_sorrow_wish_weaving,0.0
h21300650005,7,7_street_streets_fence_corner,0.5825249
h21300750016,9,9_wreath_wreaths_wreath wreath_periwinkle,1.0
h21300800024,18,18_farmer_rye_oats_horses,0.46072334
h21300870032,14,14_gyeongsang_jeolla_country_blow,0.45649305
h21300980046,18,18_farmer_rye_oats_horses,1.0
h21301050056,0,0_dear_sorrow_wish_weaving,0.0
h21301060057,0,0_dear_sorrow_wish_weaving,0.0
h21301080061,7,7_street_streets_fence_corner,1.0
h21301260017,0,0_dear_sorrow_wish_weaving,0.0
h21301270019,9,9_wreath_wreaths_wreath wreath_periwinkle,0.3848957
h21301300023,0,0_dear_sorrow_wish_weaving,0.0
h21301330027,0,0_dear_sorrow_wish_weaving,0.0
h21301820004,9,9_wreath_wreaths_wreath wreath_periwinkle,1.0
h21302000027,9,9_wreath_wreaths_wreath wreath_periwinkle,1.0
h21302520022,9,9_wreath_wreaths_wreath wreath_periwinkle,0.78813845
h21303200004,17,17_mocking_squirrel_don laugh_laugh,0.6078932
h21303480015,6,6_poplar_eyebrows_bright_boast,1.0
h21303610005,9,9_wreath_wreaths_wreath wreath_periwinkle,0.51177806
h21303630008,18,18_farmer_rye_oats_horses,1.0
h21304310006,13,13_september_thirty_march_summer,0.52496064
h21304330007,7,7_street_streets_fence_corner,0.7775522
h21304380012,14,14_gyeongsang_jeolla_country_blow,1.0
h21305030014,13,13_september_thirty_march_summer,1.0
h21305040015,9,9_wreath_wreaths_wreath wreath_periwinkle,0.4281516
h21305070019,17,17_mocking_squirrel_don laugh_laugh,1.0
h21305120023,7,7_street_streets_fence_corner,0.6512254
h21305350042,14,14_gyeongsang_jeolla_country_blow,1.0
h21305360043,0,0_dear_sorrow_wish_weaving,0.0
h21305550066,0,0_dear_sorrow_wish_weaving,0.0
h21305820002,0,0_dear_sorrow_wish_weaving,0.0
h21305850006,17,17_mocking_squirrel_don laugh_laugh,0.56174165
h21306040004,17,17_mocking_squirrel_don laugh_laugh,1.0
h21306090006,14,14_gyeongsang_jeolla_country_blow,1.0
h21306180016,12,12_orphans_trees_plowed field_wilderness,0.5488474
h21306210020,0,0_dear_sorrow_wish_weaving,0.0
h21306370008,13,13_september_thirty_march_summer,1.0
h21306410015,18,18_farmer_rye_oats_horses,1.0
h21306430020,3,3_saint nicholas_saint_nicholas_holy evening,0.61389595
h21306450025,14,14_gyeongsang_jeolla_country_blow,0.80471843
h21306480035,14,14_gyeongsang_jeolla_country_blow,1.0
h21306530007,7,7_street_streets_fence_corner,0.575053
h21306800001,16,16_song praise_cheerful song_sing song_sing,1.0
h21306810004,0,0_dear_sorrow_wish_weaving,0.0
h21307080004,15,15_slave_goats_ants_feathers,0.50256497
h21307470006,0,0_dear_sorrow_wish_weaving,0.0
h21307540013,18,18_farmer_rye_oats_horses,0.8279865
h21307550014,0,0_dear_sorrow_wish_weaving,0.0
h21307600019,14,14_gyeongsang_jeolla_country_blow,1.0
h21307620022,0,0_dear_sorrow_wish_weaving,0.0
h21307700028,0,0_dear_sorrow_wish_weaving,0.0
h21400070001,0,0_dear_sorrow_wish_weaving,0.0
h21400140015,14,14_gyeongsang_jeolla_country_blow,0.7323928
h21400240027,7,7_street_streets_fence_corner,1.0
h21400280035,0,0_dear_sorrow_wish_weaving,0.0
h21400290036,0,0_dear_sorrow_wish_weaving,0.0
h21400310039,0,0_dear_sorrow_wish_weaving,0.0
h21400360049,13,13_september_thirty_march_summer,0.51116234
h21400440058,18,18_farmer_rye_oats_horses,1.0
h21400460063,15,15_slave_goats_ants_feathers,1.0
h21400740093,0,0_dear_sorrow_wish_weaving,0.0
h21400860003,0,0_dear_sorrow_wish_weaving,0.0
h21400870004,14,14_gyeongsang_jeolla_country_blow,0.59385264
h21401460017,0,0_dear_sorrow_wish_weaving,0.0
h21401480020,15,15_slave_goats_ants_feathers,0.56122804
h21401510024,14,14_gyeongsang_jeolla_country_blow,0.66232705
h21401570032,16,16_song praise_cheerful song_sing song_sing,1.0
h21401600035,0,0_dear_sorrow_wish_weaving,0.0
h21401640039,0,0_dear_sorrow_wish_weaving,0.0
h21402640005,18,18_farmer_rye_oats_horses,1.0
h21402810018,14,14_gyeongsang_jeolla_country_blow,0.3675764
h21402970002,13,13_september_thirty_march_summer,0.6684213
h21403030006,0,0_dear_sorrow_wish_weaving,0.0
h21403160015,9,9_wreath_wreaths_wreath wreath_periwinkle,0.8807816
h21403420005,13,13_september_thirty_march_summer,1.0
h21403430006,18,18_farmer_rye_oats_horses,1.0
h21403860011,15,15_slave_goats_ants_feathers,1.0
h21403990001,18,18_farmer_rye_oats_horses,1.0
h21404230015,0,0_dear_sorrow_wish_weaving,0.0
h21404280020,0,0_dear_sorrow_wish_weaving,0.0
h21404390002,0,0_dear_sorrow_wish_weaving,0.0
h21404410009,0,0_dear_sorrow_wish_weaving,0.0
h21404750001,0,0_dear_sorrow_wish_weaving,0.0
h21404750003,15,15_slave_goats_ants_feathers,0.7142902
h21405050001,13,13_september_thirty_march_summer,0.51116234
h21406090003,15,15_slave_goats_ants_feathers,1.0
h21406260003,11,11_little horses_horses_maids_altar,0.7173443
h21605770013,17,17_mocking_squirrel_don laugh_laugh,0.5573244
h22609140012,0,0_dear_sorrow_wish_weaving,0.0
h23700570011,13,13_september_thirty_march_summer,1.0
h23806500011,13,13_september_thirty_march_summer,0.5219018
h23807040099,0,0_dear_sorrow_wish_weaving,0.0
h23807130109,0,0_dear_sorrow_wish_weaving,0.0
h23807530001,14,14_gyeongsang_jeolla_country_blow,0.3327113
h24001941190,14,14_gyeongsang_jeolla_country_blow,1.0
h24003091358,12,12_orphans_trees_plowed field_wilderness,0.64503944
h24003101359,14,14_gyeongsang_jeolla_country_blow,0.54911244
h24003930001,0,0_dear_sorrow_wish_weaving,0.0
h24010620006,15,15_slave_goats_ants_feathers,1.0
h24607020007,0,0_dear_sorrow_wish_weaving,0.0
h24607030009,14,14_gyeongsang_jeolla_country_blow,1.0
h24607060015,0,0_dear_sorrow_wish_weaving,0.0
h24607070017,0,0_dear_sorrow_wish_weaving,0.0
h24607990007,15,15_slave_goats_ants_feathers,0.84895766
h24608320015,11,11_little horses_horses_maids_altar,1.0
h24608340018,12,12_orphans_trees_plowed field_wilderness,0.47995928
h24701100008,15,15_slave_goats_ants_feathers,0.352805
h25705910001,5,5_horses_grazing_maidens_clover,1.0
h25706190001,15,15_slave_goats_ants_feathers,1.0
h25706200003,18,18_farmer_rye_oats_horses,0.6875003
h25706220004,18,18_farmer_rye_oats_horses,0.52144724
h25706360022,18,18_farmer_rye_oats_horses,0.51753074
h25706370023,18,18_farmer_rye_oats_horses,0.34126723
h25706380024,0,0_dear_sorrow_wish_weaving,0.0
h25706870002,9,9_wreath_wreaths_wreath wreath_periwinkle,1.0
h26502390004,18,18_farmer_rye_oats_horses,1.0
h26502640004,12,12_orphans_trees_plowed field_wilderness,1.0
h26502660005,18,18_farmer_rye_oats_horses,1.0
h26502860022,0,0_dear_sorrow_wish_weaving,0.0
h26502920029,6,6_poplar_eyebrows_bright_boast,0.78339416
h26503400014,7,7_street_streets_fence_corner,1.0
h26503450018,9,9_wreath_wreaths_wreath wreath_periwinkle,0.5083507
h26700121699,15,15_slave_goats_ants_feathers,1.0
h26700251735,3,3_saint nicholas_saint_nicholas_holy evening,1.0
h26700261736,18,18_farmer_rye_oats_horses,0.4713507
h26700291752,0,0_dear_sorrow_wish_weaving,0.0
h26804990019,13,13_september_thirty_march_summer,1.0
h26805050026,0,0_dear_sorrow_wish_weaving,0.0
h30101540004,18,18_farmer_rye_oats_horses,1.0
h30300440002,13,13_september_thirty_march_summer,1.0
h30400210005,14,14_gyeongsang_jeolla_country_blow,0.7144856
h30400950004,15,15_slave_goats_ants_feathers,1.0
h30401050014,0,0_dear_sorrow_wish_weaving,0.0
h30401160004,18,18_farmer_rye_oats_horses,0.68912464
h30401220011,9,9_wreath_wreaths_wreath wreath_periwinkle,0.70592624
h30401310019,14,14_gyeongsang_jeolla_country_blow,1.0
h30402070012,0,0_dear_sorrow_wish_weaving,0.0
h31204630005,17,17_mocking_squirrel_don laugh_laugh,1.0
h31204920009,0,0_dear_sorrow_wish_weaving,0.0
h31204980017,0,0_dear_sorrow_wish_weaving,0.0
h31204990018,18,18_farmer_rye_oats_horses,1.0
h31205000019,17,17_mocking_squirrel_don laugh_laugh,1.0
h31205590001,0,0_dear_sorrow_wish_weaving,0.0
h31205830010,14,14_gyeongsang_jeolla_country_blow,0.84433466
h31701190004,0,0_dear_sorrow_wish_weaving,0.0
h31701510008,13,13_september_thirty_march_summer,0.7327613
h31701580016,0,0_dear_sorrow_wish_weaving,0.0
h31703800043,14,14_gyeongsang_jeolla_country_blow,1.0
h31708600015,18,18_farmer_rye_oats_horses,1.0
h31708620017,18,18_farmer_rye_oats_horses,0.444622
h31709480006,18,18_farmer_rye_oats_horses,1.0
h31800380002,12,12_orphans_trees_plowed field_wilderness,1.0
h31800960003,0,0_dear_sorrow_wish_weaving,0.0
h31800990006,14,14_gyeongsang_jeolla_country_blow,0.8828178
h32205940002,10,10_young cossack_cossack_horseback_love young,0.58548427
h32301870004,7,7_street_streets_fence_corner,0.9014783
h32301880005,9,9_wreath_wreaths_wreath wreath_periwinkle,1.0
h32301920010,9,9_wreath_wreaths_wreath wreath_periwinkle,0.64724046
h32302060027,0,0_dear_sorrow_wish_weaving,0.0
h32302070028,0,0_dear_sorrow_wish_weaving,0.0
h32302350015,0,0_dear_sorrow_wish_weaving,0.0
h32302430020,0,0_dear_sorrow_wish_weaving,0.0
h32700450001,0,0_dear_sorrow_wish_weaving,0.0
h32700550013,0,0_dear_sorrow_wish_weaving,0.0
h32700560014,0,0_dear_sorrow_wish_weaving,0.0
h32700590018,18,18_farmer_rye_oats_horses,0.771429
h40102990015,0,0_dear_sorrow_wish_weaving,0.0
h40103370021,9,9_wreath_wreaths_wreath wreath_periwinkle,0.675337
h40103720009,0,0_dear_sorrow_wish_weaving,0.0
h40103720011,0,0_dear_sorrow_wish_weaving,0.0
h40103740015,0,0_dear_sorrow_wish_weaving,0.0
h40103740016,0,0_dear_sorrow_wish_weaving,0.0
h40103760020,0,0_dear_sorrow_wish_weaving,0.0
h40103820027,12,12_orphans_trees_plowed field_wilderness,0.38040996
hgrq01400006,7,7_street_streets_fence_corner,1.0
hgrq01420008,9,9_wreath_wreaths_wreath wreath_periwinkle,1.0
hgrq01470014,7,7_street_streets_fence_corner,1.0
hgrq01500017,9,9_wreath_wreaths_wreath wreath_periwinkle,1.0
hgrq01510018,7,7_street_streets_fence_corner,0.9719516
hgrq01640034,11,11_little horses_horses_maids_altar,1.0
hgrq01910088,0,0_dear_sorrow_wish_weaving,0.0
hgrq01920091,0,0_dear_sorrow_wish_weaving,0.0
hgrq01930093,0,0_dear_sorrow_wish_weaving,0.0
hgrq01960099,9,9_wreath_wreaths_wreath wreath_periwinkle,0.7547707
hr0103070004,14,14_gyeongsang_jeolla_country_blow,1.0
tem1300130009,0,0_dear_sorrow_wish_weaving,0.0
tem1300170014,18,18_farmer_rye_oats_horses,0.84891707
aesmt04900130004,14,14_gyeongsang_jeolla_country_blow,0.51654065
e000051930015,14,14_gyeongsang_jeolla_country_blow,0.8145517
e000070620003,7,7_street_streets_fence_corner,1.0
e000071450005,6,6_poplar_eyebrows_bright_boast,1.0
e000071460006,13,13_september_thirty_march_summer,1.0
e000071560016,15,15_slave_goats_ants_feathers,1.0
e000071940009,13,13_september_thirty_march_summer,0.8602386
e000072010015,0,0_dear_sorrow_wish_weaving,0.0
e000072040019,14,14_gyeongsang_jeolla_country_blow,1.0
e000072080025,0,0_dear_sorrow_wish_weaving,0.0
e000076650009,14,14_gyeongsang_jeolla_country_blow,0.59169734
e000076700015,15,15_slave_goats_ants_feathers,1.0
e000076730020,13,13_september_thirty_march_summer,0.29307225
e000076830013,15,15_slave_goats_ants_feathers,0.86611253
e000076850017,18,18_farmer_rye_oats_horses,0.65266186
e000077310002,13,13_september_thirty_march_summer,1.0
e000077400018,0,0_dear_sorrow_wish_weaving,0.0
e000077470001,18,18_farmer_rye_oats_horses,0.64344406
e000078320008,15,15_slave_goats_ants_feathers,1.0
e000078360001,0,0_dear_sorrow_wish_weaving,0.0
e000078520007,15,15_slave_goats_ants_feathers,0.52582556
e000079580025,9,9_wreath_wreaths_wreath wreath_periwinkle,0.6240569
e000079590026,0,0_dear_sorrow_wish_weaving,0.0
e000080460033,0,0_dear_sorrow_wish_weaving,0.0
e000093710051,15,15_slave_goats_ants_feathers,1.0
e000094090083,18,18_farmer_rye_oats_horses,1.0
e000094100084,0,0_dear_sorrow_wish_weaving,0.0
e000094150092,17,17_mocking_squirrel_don laugh_laugh,0.7293641
e000099780011,18,18_farmer_rye_oats_horses,0.43937483
e000104150013,13,13_september_thirty_march_summer,0.66651744
e000106080018,12,12_orphans_trees_plowed field_wilderness,0.4736328
e000106290004,0,0_dear_sorrow_wish_weaving,0.0
e000117850002,15,15_slave_goats_ants_feathers,0.29339314
e000117880008,15,15_slave_goats_ants_feathers,0.5121879
e000117930017,12,12_orphans_trees_plowed field_wilderness,0.38457486
e000117940022,13,13_september_thirty_march_summer,0.74059266
e000117980032,0,0_dear_sorrow_wish_weaving,0.0
e000137780008,15,15_slave_goats_ants_feathers,0.5064652
e000137790009,13,13_september_thirty_march_summer,1.0
e000145900006,7,7_street_streets_fence_corner,1.0
e000164290001,0,0_dear_sorrow_wish_weaving,0.0
e000178400028,13,13_september_thirty_march_summer,0.6849488
e000180070001,14,14_gyeongsang_jeolla_country_blow,1.0
e000239850005,13,13_september_thirty_march_summer,0.8628433
e000418770000,14,14_gyeongsang_jeolla_country_blow,1.0
e000515030002,18,18_farmer_rye_oats_horses,0.6279001
e000531950003,15,15_slave_goats_ants_feathers,1.0
e000536490000,0,0_dear_sorrow_wish_weaving,0.0
e000536510001,0,0_dear_sorrow_wish_weaving,0.0
e000536510002,15,15_slave_goats_ants_feathers,0.76466936
e000536510003,0,0_dear_sorrow_wish_weaving,0.0
e000540420008,15,15_slave_goats_ants_feathers,1.0
e000549600000,18,18_farmer_rye_oats_horses,0.54498565
e000575600001,13,13_september_thirty_march_summer,1.0
e000575620005,0,0_dear_sorrow_wish_weaving,0.0
e000576740020,0,0_dear_sorrow_wish_weaving,0.0
e000576750000,15,15_slave_goats_ants_feathers,1.0
e000592100007,13,13_september_thirty_march_summer,1.0
e000592330033,0,0_dear_sorrow_wish_weaving,0.0
e000595190001,0,0_dear_sorrow_wish_weaving,0.0
e000598810006,0,0_dear_sorrow_wish_weaving,0.0
e000598920004,9,9_wreath_wreaths_wreath wreath_periwinkle,0.4793821
e000616880003,0,0_dear_sorrow_wish_weaving,0.0
e000616940008,12,12_orphans_trees_plowed field_wilderness,1.0
e000617010013,16,16_song praise_cheerful song_sing song_sing,0.46761966
e000617190027,13,13_september_thirty_march_summer,0.35676965
e000617410043,15,15_slave_goats_ants_feathers,0.5989857
e000617440046,14,14_gyeongsang_jeolla_country_blow,0.45536906
e000617470047,14,14_gyeongsang_jeolla_country_blow,0.62605196
e800X00330158,14,14_gyeongsang_jeolla_country_blow,1.0
ea00009670007,14,14_gyeongsang_jeolla_country_blow,0.58150566
ea00010060006,15,15_slave_goats_ants_feathers,0.44654784
ea00010140010,9,9_wreath_wreaths_wreath wreath_periwinkle,0.618131
ekms40106240007,0,0_dear_sorrow_wish_weaving,0.0
eks0100470000,0,0_dear_sorrow_wish_weaving,0.0
eks0101300007,0,0_dear_sorrow_wish_weaving,0.0
eks0101300008,9,9_wreath_wreaths_wreath wreath_periwinkle,1.0
era200101210005,14,14_gyeongsang_jeolla_country_blow,1.0
era200101220002,15,15_slave_goats_ants_feathers,0.5439607
era200101320009,0,0_dear_sorrow_wish_weaving,0.0
era200101480001,15,15_slave_goats_ants_feathers,0.8661966
era201400470001,14,14_gyeongsang_jeolla_country_blow,0.7128843
era201402770014,9,9_wreath_wreaths_wreath wreath_periwinkle,1.0
era201402890028,0,0_dear_sorrow_wish_weaving,0.0
era202401690007,0,0_dear_sorrow_wish_weaving,0.0
era202403450113,15,15_slave_goats_ants_feathers,0.5140447
era202403500003,0,0_dear_sorrow_wish_weaving,0.0
era202407490003,15,15_slave_goats_ants_feathers,1.0
era202500410008,3,3_saint nicholas_saint_nicholas_holy evening,0.4276991
era202500870001,12,12_orphans_trees_plowed field_wilderness,1.0
era202500880002,0,0_dear_sorrow_wish_weaving,0.0
era202501470002,18,18_farmer_rye_oats_horses,1.0
era202501550013,13,13_september_thirty_march_summer,0.341287
era202501980010,15,15_slave_goats_ants_feathers,1.0
era203500500003,0,0_dear_sorrow_wish_weaving,0.0
era204101630001,14,14_gyeongsang_jeolla_country_blow,0.5579824
era205705350005,14,14_gyeongsang_jeolla_country_blow,1.0
era205705390010,15,15_slave_goats_ants_feathers,1.0
era205705520025,15,15_slave_goats_ants_feathers,0.60061026
era208401580019,15,15_slave_goats_ants_feathers,1.0
era216704210001,0,0_dear_sorrow_wish_weaving,0.0
era217800130010,0,0_dear_sorrow_wish_weaving,0.0
era218304830055,15,15_slave_goats_ants_feathers,1.0
era218305140109,0,0_dear_sorrow_wish_weaving,0.0
erm13300060011,0,0_dear_sorrow_wish_weaving,0.0
erm13300060012,12,12_orphans_trees_plowed field_wilderness,0.65828913
erm9400030000,17,17_mocking_squirrel_don laugh_laugh,0.66157526
erm940009000a,0,0_dear_sorrow_wish_weaving,0.0
erm9400110000,13,13_september_thirty_march_summer,0.61046785
estk2700690002,15,15_slave_goats_ants_feathers,1.0
estk3701730012,0,0_dear_sorrow_wish_weaving,0.0
estk3701750016,12,12_orphans_trees_plowed field_wilderness,1.0
estk3701800022,17,17_mocking_squirrel_don laugh_laugh,0.6577822
estk4000070011,0,0_dear_sorrow_wish_weaving,0.0
estk4000090017,6,6_poplar_eyebrows_bright_boast,1.0
estk4000170034,0,0_dear_sorrow_wish_weaving,0.0
estk4000200039,0,0_dear_sorrow_wish_weaving,0.0
estk4000200040,0,0_dear_sorrow_wish_weaving,0.0
estk4000200041,0,0_dear_sorrow_wish_weaving,0.0
estk4000240048,0,0_dear_sorrow_wish_weaving,0.0
estk4000560086,9,9_wreath_wreaths_wreath wreath_periwinkle,1.0
estk4000570087,0,0_dear_sorrow_wish_weaving,0.0
estk4000860126,0,0_dear_sorrow_wish_weaving,0.0
estk4001060147,15,15_slave_goats_ants_feathers,1.0
eys0210280007,15,15_slave_goats_ants_feathers,0.6526349
eys0210590052,0,0_dear_sorrow_wish_weaving,0.0
eys0505800037,0,0_dear_sorrow_wish_weaving,0.0
eys0506010015,15,15_slave_goats_ants_feathers,1.0
eys0506090026,11,11_little horses_horses_maids_altar,1.0
eys0506190038,15,15_slave_goats_ants_feathers,1.0
eys0506530083,15,15_slave_goats_ants_feathers,0.50108415
eys0506570090,15,15_slave_goats_ants_feathers,1.0
eys0506680105,18,18_farmer_rye_oats_horses,1.0
eys0506920138,0,0_dear_sorrow_wish_weaving,0.0
eys0506970143,12,12_orphans_trees_plowed field_wilderness,1.0
eys0507230186,14,14_gyeongsang_jeolla_country_blow,0.52049786
eys0507260190,18,18_farmer_rye_oats_horses,1.0
eys0610840257,18,18_farmer_rye_oats_horses,1.0
eys0610840258,7,7_street_streets_fence_corner,0.9224721
eys0611610058,0,0_dear_sorrow_wish_weaving,0.0
eys0611630062,18,18_farmer_rye_oats_horses,0.5547891
eys0613650010,18,18_farmer_rye_oats_horses,1.0
eys0613900044,0,0_dear_sorrow_wish_weaving,0.0
eys0614140075,18,18_farmer_rye_oats_horses,0.5469521
eys0614210084,9,9_wreath_wreaths_wreath wreath_periwinkle,1.0
eys0614230087,14,14_gyeongsang_jeolla_country_blow,0.8507277
eys0614600146,9,9_wreath_wreaths_wreath wreath_periwinkle,1.0
eys0614960204,15,15_slave_goats_ants_feathers,1.0
eys0614980209,15,15_slave_goats_ants_feathers,1.0
eys0614980210,0,0_dear_sorrow_wish_weaving,0.0
eys0614980211,0,0_dear_sorrow_wish_weaving,0.0
eys0615020220,15,15_slave_goats_ants_feathers,0.67284334
eys0615080240,14,14_gyeongsang_jeolla_country_blow,0.5133937
eys0615090241,15,15_slave_goats_ants_feathers,1.0
eys0615130249,13,13_september_thirty_march_summer,1.0
eys0615140251,12,12_orphans_trees_plowed field_wilderness,1.0
eys0615140252,0,0_dear_sorrow_wish_weaving,0.0
eys0615640313,18,18_farmer_rye_oats_horses,1.0
eys0615830350,0,0_dear_sorrow_wish_weaving,0.0
eys0615850354,0,0_dear_sorrow_wish_weaving,0.0
eys0615940002,0,0_dear_sorrow_wish_weaving,0.0
eys0615970008,0,0_dear_sorrow_wish_weaving,0.0
eys0616950154,0,0_dear_sorrow_wish_weaving,0.0
eys0617440233,7,7_street_streets_fence_corner,1.0
eys0617680271,13,13_september_thirty_march_summer,1.0
eys0617730282,0,0_dear_sorrow_wish_weaving,0.0
eys0706540006,15,15_slave_goats_ants_feathers,1.0
eys0706540007,0,0_dear_sorrow_wish_weaving,0.0
eys0706570015,7,7_street_streets_fence_corner,1.0
eys0706740043,0,0_dear_sorrow_wish_weaving,0.0
eys0706900068,0,0_dear_sorrow_wish_weaving,0.0
eys0707320004,14,14_gyeongsang_jeolla_country_blow,0.6255504
eys0707500031,18,18_farmer_rye_oats_horses,0.3679696
eys0707560003,0,0_dear_sorrow_wish_weaving,0.0
eys0707650022,18,18_farmer_rye_oats_horses,1.0
eys0707650023,6,6_poplar_eyebrows_bright_boast,0.63699806
eys0715440023,0,0_dear_sorrow_wish_weaving,0.0
eys0715440024,15,15_slave_goats_ants_feathers,0.60670084
eys0715450025,0,0_dear_sorrow_wish_weaving,0.0
eys0715580055,0,0_dear_sorrow_wish_weaving,0.0
eys0716100133,15,15_slave_goats_ants_feathers,1.0
eys0716110137,0,0_dear_sorrow_wish_weaving,0.0
eys0716230152,13,13_september_thirty_march_summer,1.0
eys0716320165,0,0_dear_sorrow_wish_weaving,0.0
eys0716780236,14,14_gyeongsang_jeolla_country_blow,0.7897508
eys0716800239,0,0_dear_sorrow_wish_weaving,0.0
eys0716840248,7,7_street_streets_fence_corner,0.76351154
eys0716850249,14,14_gyeongsang_jeolla_country_blow,1.0
eys0716930260,0,0_dear_sorrow_wish_weaving,0.0
eys0716950264,0,0_dear_sorrow_wish_weaving,0.0
eys0717000274,13,13_september_thirty_march_summer,1.0
eys0717000275,18,18_farmer_rye_oats_horses,1.0
eys0717130305,0,0_dear_sorrow_wish_weaving,0.0
eys0717130306,0,0_dear_sorrow_wish_weaving,0.0
eys0717160312,7,7_street_streets_fence_corner,1.0
eys0717590380,0,0_dear_sorrow_wish_weaving,0.0
eys0717610383,0,0_dear_sorrow_wish_weaving,0.0
eys0718370017,15,15_slave_goats_ants_feathers,0.62752074
eys0718400021,0,0_dear_sorrow_wish_weaving,0.0
eys0718420024,0,0_dear_sorrow_wish_weaving,0.0
eys0721430329,0,0_dear_sorrow_wish_weaving,0.0
eys0722890037,0,0_dear_sorrow_wish_weaving,0.0
eys0723110086,0,0_dear_sorrow_wish_weaving,0.0
eys0723170101,0,0_dear_sorrow_wish_weaving,0.0
eys0723490151,7,7_street_streets_fence_corner,0.510139
eys0723670179,0,0_dear_sorrow_wish_weaving,0.0
eys0723720193,0,0_dear_sorrow_wish_weaving,0.0
eys0723750199,0,0_dear_sorrow_wish_weaving,0.0
eys0723830217,12,12_orphans_trees_plowed field_wilderness,1.0
eys0723910232,0,0_dear_sorrow_wish_weaving,0.0
eys0723980256,0,0_dear_sorrow_wish_weaving,0.0
eys0724010262,12,12_orphans_trees_plowed field_wilderness,1.0
eys0724210307,15,15_slave_goats_ants_feathers,0.7485031
eys0724300331,15,15_slave_goats_ants_feathers,1.0
eys0724340342,15,15_slave_goats_ants_feathers,0.6364282
eys0724360346,15,15_slave_goats_ants_feathers,1.0
eys0724430368,18,18_farmer_rye_oats_horses,1.0
eys0724580396,14,14_gyeongsang_jeolla_country_blow,0.837498
eys0724660420,0,0_dear_sorrow_wish_weaving,0.0
eys0724750457,12,12_orphans_trees_plowed field_wilderness,1.0
eys0725110484,9,9_wreath_wreaths_wreath wreath_periwinkle,1.0
eys0725120487,18,18_farmer_rye_oats_horses,1.0
eys0805380014,0,0_dear_sorrow_wish_weaving,0.0
eys0805590060,0,0_dear_sorrow_wish_weaving,0.0
eys0805590061,14,14_gyeongsang_jeolla_country_blow,0.51014113
eys0805670078,15,15_slave_goats_ants_feathers,0.53103095
eys0805780093,7,7_street_streets_fence_corner,0.34634614
eys0806020127,15,15_slave_goats_ants_feathers,1.0
eys0806680239,0,0_dear_sorrow_wish_weaving,0.0
eys0806840262,9,9_wreath_wreaths_wreath wreath_periwinkle,1.0
eys0806870266,7,7_street_streets_fence_corner,0.4117671
eys0806920274,0,0_dear_sorrow_wish_weaving,0.0
eys0806960282,13,13_september_thirty_march_summer,0.51647997
eys0807250306,0,0_dear_sorrow_wish_weaving,0.0
eys0807280314,0,0_dear_sorrow_wish_weaving,0.0
eys0807350329,0,0_dear_sorrow_wish_weaving,0.0
eys0807380338,0,0_dear_sorrow_wish_weaving,0.0
eys0807460346,0,0_dear_sorrow_wish_weaving,0.0
eys0807610366,6,6_poplar_eyebrows_bright_boast,1.0
eys0808090437,14,14_gyeongsang_jeolla_country_blow,0.74409413
eys0808220455,14,14_gyeongsang_jeolla_country_blow,0.70004755
eys0811570019,17,17_mocking_squirrel_don laugh_laugh,1.0
eys0811730044,11,11_little horses_horses_maids_altar,1.0
eys0811760049,14,14_gyeongsang_jeolla_country_blow,0.6756223
eys0811770052,15,15_slave_goats_ants_feathers,1.0
eys0901140114,0,0_dear_sorrow_wish_weaving,0.0
eys0901160117,0,0_dear_sorrow_wish_weaving,0.0
eys0909520015,15,15_slave_goats_ants_feathers,1.0
eys0910120107,0,0_dear_sorrow_wish_weaving,0.0
eys0911720158,0,0_dear_sorrow_wish_weaving,0.0
eys1022570047,0,0_dear_sorrow_wish_weaving,0.0
eys1023000121,0,0_dear_sorrow_wish_weaving,0.0
eys1023060130,15,15_slave_goats_ants_feathers,0.6416875
eys1023120139,14,14_gyeongsang_jeolla_country_blow,0.5816559
eys1023140141,13,13_september_thirty_march_summer,0.77692485
eys1023250159,18,18_farmer_rye_oats_horses,1.0
eys1023560186,18,18_farmer_rye_oats_horses,0.8816727
eys1023650194,15,15_slave_goats_ants_feathers,1.0
eys1025780043,15,15_slave_goats_ants_feathers,1.0
eys1025880062,15,15_slave_goats_ants_feathers,1.0
eys1026710222,0,0_dear_sorrow_wish_weaving,0.0
eys1026720225,0,0_dear_sorrow_wish_weaving,0.0
eys1029020070,12,12_orphans_trees_plowed field_wilderness,1.0
eys1029050079,0,0_dear_sorrow_wish_weaving,0.0
eys1029050080,14,14_gyeongsang_jeolla_country_blow,1.0
eys1029160105,17,17_mocking_squirrel_don laugh_laugh,0.50546557
eys1029160106,3,3_saint nicholas_saint_nicholas_holy evening,0.5262418
h10100190006,0,0_dear_sorrow_wish_weaving,0.0
h10101630053,0,0_dear_sorrow_wish_weaving,0.0
h10101850011,13,13_september_thirty_march_summer,1.0
h10101930020,0,0_dear_sorrow_wish_weaving,0.0
h10101950025,15,15_slave_goats_ants_feathers,1.0
h10102320100,0,0_dear_sorrow_wish_weaving,0.0
h10102400117,0,0_dear_sorrow_wish_weaving,0.0
h10102490132,14,14_gyeongsang_jeolla_country_blow,1.0
h10700310003,9,9_wreath_wreaths_wreath wreath_periwinkle,0.47689617
h10700640066,0,0_dear_sorrow_wish_weaving,0.0
h10700690071,0,0_dear_sorrow_wish_weaving,0.0
h10700720076,0,0_dear_sorrow_wish_weaving,0.0
h20101320182,0,0_dear_sorrow_wish_weaving,0.0
h20102690397,14,14_gyeongsang_jeolla_country_blow,1.0
h20102720401,13,13_september_thirty_march_summer,1.0
h20102830418,9,9_wreath_wreaths_wreath wreath_periwinkle,0.8769239
h20106510836,0,0_dear_sorrow_wish_weaving,0.0
h20106530842,0,0_dear_sorrow_wish_weaving,0.0
h20106540844,0,0_dear_sorrow_wish_weaving,0.0
h20106540845,0,0_dear_sorrow_wish_weaving,0.0
h21300320002,15,15_slave_goats_ants_feathers,0.7367922
h21300680009,13,13_september_thirty_march_summer,0.83452684
h21300710011,0,0_dear_sorrow_wish_weaving,0.0
h21300730014,0,0_dear_sorrow_wish_weaving,0.0
h21301030052,0,0_dear_sorrow_wish_weaving,0.0
h21301070059,0,0_dear_sorrow_wish_weaving,0.0
h21301160002,0,0_dear_sorrow_wish_weaving,0.0
h21301260018,9,9_wreath_wreaths_wreath wreath_periwinkle,0.7579147
h21302040033,12,12_orphans_trees_plowed field_wilderness,1.0
h21302370010,13,13_september_thirty_march_summer,1.0
h21302590024,0,0_dear_sorrow_wish_weaving,0.0
h21302600025,18,18_farmer_rye_oats_horses,1.0
h21304290003,0,0_dear_sorrow_wish_weaving,0.0
h21306200018,13,13_september_thirty_march_summer,1.0
h21306350003,0,0_dear_sorrow_wish_weaving,0.0
h21306360005,14,14_gyeongsang_jeolla_country_blow,1.0
h21306400012,0,0_dear_sorrow_wish_weaving,0.0
h21306510003,14,14_gyeongsang_jeolla_country_blow,0.6876746
h21307490008,0,0_dear_sorrow_wish_weaving,0.0
h21307520011,11,11_little horses_horses_maids_altar,1.0
h21400270034,18,18_farmer_rye_oats_horses,1.0
h21400450060,0,0_dear_sorrow_wish_weaving,0.0
h21400490069,0,0_dear_sorrow_wish_weaving,0.0
h21400620079,12,12_orphans_trees_plowed field_wilderness,1.0
h21400960009,18,18_farmer_rye_oats_horses,0.5297506
h21401220017,13,13_september_thirty_march_summer,1.0
h21401300002,13,13_september_thirty_march_summer,0.42985907
h21401350006,0,0_dear_sorrow_wish_weaving,0.0
h21402880021,18,18_farmer_rye_oats_horses,1.0
h21403150014,13,13_september_thirty_march_summer,0.65649265
h21403600003,14,14_gyeongsang_jeolla_country_blow,1.0
h21404680013,15,15_slave_goats_ants_feathers,1.0
h21404760005,0,0_dear_sorrow_wish_weaving,0.0
h21404800009,0,0_dear_sorrow_wish_weaving,0.0
h21405100010,18,18_farmer_rye_oats_horses,1.0
h21406110007,9,9_wreath_wreaths_wreath wreath_periwinkle,1.0
h22600650009,15,15_slave_goats_ants_feathers,1.0
h22600670011,0,0_dear_sorrow_wish_weaving,0.0
h22600690016,0,0_dear_sorrow_wish_weaving,0.0
h22600920050,13,13_september_thirty_march_summer,1.0
h22609110002,13,13_september_thirty_march_summer,0.7038093
h22609180023,17,17_mocking_squirrel_don laugh_laugh,1.0
h23700580012,0,0_dear_sorrow_wish_weaving,0.0
h23806370001,6,6_poplar_eyebrows_bright_boast,1.0
h23806380002,0,0_dear_sorrow_wish_weaving,0.0
h23806420004,14,14_gyeongsang_jeolla_country_blow,1.0
h23807080104,15,15_slave_goats_ants_feathers,0.46192473
h23807110106,15,15_slave_goats_ants_feathers,1.0
h23807400003,0,0_dear_sorrow_wish_weaving,0.0
h24000941040,15,15_slave_goats_ants_feathers,1.0
h24606980003,7,7_street_streets_fence_corner,0.62239903
h24607070018,0,0_dear_sorrow_wish_weaving,0.0
h24607090022,14,14_gyeongsang_jeolla_country_blow,0.39894745
h24607130028,13,13_september_thirty_march_summer,0.52083254
h24607140030,14,14_gyeongsang_jeolla_country_blow,1.0
h24607880020,15,15_slave_goats_ants_feathers,1.0
h24607980006,0,0_dear_sorrow_wish_weaving,0.0
h24608190001,13,13_september_thirty_march_summer,1.0
h24608280010,0,0_dear_sorrow_wish_weaving,0.0
h25401510004,12,12_orphans_trees_plowed field_wilderness,1.0
h25705260002,9,9_wreath_wreaths_wreath wreath_periwinkle,1.0
h25705300007,0,0_dear_sorrow_wish_weaving,0.0
h25705690007,0,0_dear_sorrow_wish_weaving,0.0
h25705990012,0,0_dear_sorrow_wish_weaving,0.0
h25706240005,0,0_dear_sorrow_wish_weaving,0.0
h26502420009,14,14_gyeongsang_jeolla_country_blow,1.0
h26502490015,0,0_dear_sorrow_wish_weaving,0.0
h26502520019,14,14_gyeongsang_jeolla_country_blow,1.0
h26502590001,0,0_dear_sorrow_wish_weaving,0.0
h2650265004b,0,0_dear_sorrow_wish_weaving,0.0
h26502900026,11,11_little horses_horses_maids_altar,1.0
h26503270001,11,11_little horses_horses_maids_altar,1.0
h26503510025,13,13_september_thirty_march_summer,0.42637354
h26700461803,0,0_dear_sorrow_wish_weaving,0.0
h26804710020,16,16_song praise_cheerful song_sing song_sing,1.0
h26804870001,0,0_dear_sorrow_wish_weaving,0.0
h30101550005,14,14_gyeongsang_jeolla_country_blow,0.7752751
h30104620014,12,12_orphans_trees_plowed field_wilderness,0.6711049
h30300440003,0,0_dear_sorrow_wish_weaving,0.0
h30302600010,0,0_dear_sorrow_wish_weaving,0.0
h30303780001,13,13_september_thirty_march_summer,1.0
h30400240007,0,0_dear_sorrow_wish_weaving,0.0
h30400510003,15,15_slave_goats_ants_feathers,1.0
h30401020010,0,0_dear_sorrow_wish_weaving,0.0
h30401030011,14,14_gyeongsang_jeolla_country_blow,1.0
h30401300018,0,0_dear_sorrow_wish_weaving,0.0
h30401530009,0,0_dear_sorrow_wish_weaving,0.0
h30401680004,13,13_september_thirty_march_summer,0.255618
h30401960005,0,0_dear_sorrow_wish_weaving,0.0
h30402030010,18,18_farmer_rye_oats_horses,0.5792414
h30402100015,13,13_september_thirty_march_summer,0.4431837
h31204290001,14,14_gyeongsang_jeolla_country_blow,0.6767408
h31204910007,15,15_slave_goats_ants_feathers,0.5767837
h31204950012,11,11_little horses_horses_maids_altar,1.0
h31701540011,13,13_september_thirty_march_summer,0.5487462
h31703820046,15,15_slave_goats_ants_feathers,1.0
h31703890053,0,0_dear_sorrow_wish_weaving,0.0
h31707290004,14,14_gyeongsang_jeolla_country_blow,0.67224586
h31708490003,9,9_wreath_wreaths_wreath wreath_periwinkle,1.0
h31800970004,14,14_gyeongsang_jeolla_country_blow,0.76461744
h32301890007,0,0_dear_sorrow_wish_weaving,0.0
h32302000019,15,15_slave_goats_ants_feathers,1.0
h32302220003,9,9_wreath_wreaths_wreath wreath_periwinkle,0.6528119
h32700470004,15,15_slave_goats_ants_feathers,1.0
h40103470003,0,0_dear_sorrow_wish_weaving,0.0
h40400770001,18,18_farmer_rye_oats_horses,0.650853
h40400790003,11,11_little horses_horses_maids_altar,0.6641793
hgrq01760052,0,0_dear_sorrow_wish_weaving,0.0
hgrq01790060,15,15_slave_goats_ants_feathers,1.0
hgrq01900085,9,9_wreath_wreaths_wreath wreath_periwinkle,1.0
tem01010a000a,9,9_wreath_wreaths_wreath wreath_periwinkle,0.61951965
tem1300070001,15,15_slave_goats_ants_feathers,1.0
tem1300100005,15,15_slave_goats_ants_feathers,0.33816278
aesmt04900190008,0,0_dear_sorrow_wish_weaving,0.0
e000035100003,12,12_orphans_trees_plowed field_wilderness,0.5415851
e000051810003,13,13_september_thirty_march_summer,0.4555961
e000051970019,12,12_orphans_trees_plowed field_wilderness,1.0
e000071470007,0,0_dear_sorrow_wish_weaving,0.0
e000071630023,18,18_farmer_rye_oats_horses,0.52655226
e000071840044,0,0_dear_sorrow_wish_weaving,0.0
e000071890001,0,0_dear_sorrow_wish_weaving,0.0
e000074590001,15,15_slave_goats_ants_feathers,1.0
e000074610005,18,18_farmer_rye_oats_horses,1.0
e000076830014,7,7_street_streets_fence_corner,0.6145802
e000077120010,14,14_gyeongsang_jeolla_country_blow,0.69374955
e000077120011,0,0_dear_sorrow_wish_weaving,0.0
e000077160018,12,12_orphans_trees_plowed field_wilderness,0.71801424
e000077340009,14,14_gyeongsang_jeolla_country_blow,0.80997604
e000077460030,18,18_farmer_rye_oats_horses,0.69226474
e000077510005,14,14_gyeongsang_jeolla_country_blow,0.7245415
e000077700018,18,18_farmer_rye_oats_horses,0.64705044
e000077730004,7,7_street_streets_fence_corner,0.552118
e000078230000,0,0_dear_sorrow_wish_weaving,0.0
e000078670013,0,0_dear_sorrow_wish_weaving,0.0
e000078970025,18,18_farmer_rye_oats_horses,0.47034234
e000078970026,13,13_september_thirty_march_summer,0.77990735
e00007931017b,0,0_dear_sorrow_wish_weaving,0.0
e000079470006,16,16_song praise_cheerful song_sing song_sing,0.43679416
e000079480008,18,18_farmer_rye_oats_horses,1.0
e000080580045,0,0_dear_sorrow_wish_weaving,0.0
e000080740058,18,18_farmer_rye_oats_horses,1.0
e000093600040,0,0_dear_sorrow_wish_weaving,0.0
e000106310009,15,15_slave_goats_ants_feathers,0.7062858
e000107520020,0,0_dear_sorrow_wish_weaving,0.0
e000114860001,0,0_dear_sorrow_wish_weaving,0.0
e000114870005,0,0_dear_sorrow_wish_weaving,0.0
e000114890011,12,12_orphans_trees_plowed field_wilderness,0.45237878
e000117870006,0,0_dear_sorrow_wish_weaving,0.0
e000117900013,14,14_gyeongsang_jeolla_country_blow,0.58397466
e000138150012,7,7_street_streets_fence_corner,1.0
e000151010002,0,0_dear_sorrow_wish_weaving,0.0
e000151020005,14,14_gyeongsang_jeolla_country_blow,0.45323202
e000177600004,0,0_dear_sorrow_wish_weaving,0.0
e000221640005,18,18_farmer_rye_oats_horses,1.0
e000410680022,14,14_gyeongsang_jeolla_country_blow,1.0
e000418790000,0,0_dear_sorrow_wish_weaving,0.0
e000546790004,18,18_farmer_rye_oats_horses,0.7786998
e000583000002,13,13_september_thirty_march_summer,1.0
e000592160016,0,0_dear_sorrow_wish_weaving,0.0
e000592410001,18,18_farmer_rye_oats_horses,1.0
e000595280016,0,0_dear_sorrow_wish_weaving,0.0
e000598840000,0,0_dear_sorrow_wish_weaving,0.0
e000598890000,0,0_dear_sorrow_wish_weaving,0.0
e000615520000,0,0_dear_sorrow_wish_weaving,0.0
e000616740013,0,0_dear_sorrow_wish_weaving,0.0
e000616830020,18,18_farmer_rye_oats_horses,0.48160338
e000617130021,0,0_dear_sorrow_wish_weaving,0.0
e000617420044,14,14_gyeongsang_jeolla_country_blow,1.0
e000626080001,13,13_september_thirty_march_summer,1.0
e000683680004,0,0_dear_sorrow_wish_weaving,0.0
ea00002610024,17,17_mocking_squirrel_don laugh_laugh,1.0
ea00006840004,12,12_orphans_trees_plowed field_wilderness,0.50527126
ea00006940013,18,18_farmer_rye_oats_horses,1.0
ea00007020020,17,17_mocking_squirrel_don laugh_laugh,0.5013122
ea00009810012,17,17_mocking_squirrel_don laugh_laugh,0.47283286
ekms40106200004,0,0_dear_sorrow_wish_weaving,0.0
ekms40106350001,12,12_orphans_trees_plowed field_wilderness,0.70644283
ekms40504210007,11,11_little horses_horses_maids_altar,1.0
eks010043000a,0,0_dear_sorrow_wish_weaving,0.0
eks010047000a,0,0_dear_sorrow_wish_weaving,0.0
eks0101330010,0,0_dear_sorrow_wish_weaving,0.0
eks010143000a,17,17_mocking_squirrel_don laugh_laugh,1.0
eks0101440000,18,18_farmer_rye_oats_horses,1.0
eks2800070011,13,13_september_thirty_march_summer,0.32704002
ekse00140003,14,14_gyeongsang_jeolla_country_blow,1.0
era200101120003,0,0_dear_sorrow_wish_weaving,0.0
era200604400001,18,18_farmer_rye_oats_horses,1.0
era200704170050,18,18_farmer_rye_oats_horses,1.0
era201400340007,0,0_dear_sorrow_wish_weaving,0.0
era201400760013,12,12_orphans_trees_plowed field_wilderness,1.0
era201400760015,9,9_wreath_wreaths_wreath wreath_periwinkle,0.7201507
era201402050002,14,14_gyeongsang_jeolla_country_blow,1.0
era201402390026,17,17_mocking_squirrel_don laugh_laugh,0.7550506
era201402750013,9,9_wreath_wreaths_wreath wreath_periwinkle,1.0
era202400980006,0,0_dear_sorrow_wish_weaving,0.0
era202401720009,18,18_farmer_rye_oats_horses,0.6306545
era202403010004,14,14_gyeongsang_jeolla_country_blow,0.6546964
era202403760002,0,0_dear_sorrow_wish_weaving,0.0
era202405930028,17,17_mocking_squirrel_don laugh_laugh,1.0
era202406940002,17,17_mocking_squirrel_don laugh_laugh,1.0
era202500330001,18,18_farmer_rye_oats_horses,1.0
era202500370004,18,18_farmer_rye_oats_horses,1.0
era202500590022,9,9_wreath_wreaths_wreath wreath_periwinkle,1.0
era202500880003,6,6_poplar_eyebrows_bright_boast,1.0
era202502010006,0,0_dear_sorrow_wish_weaving,0.0
era203500470001,15,15_slave_goats_ants_feathers,1.0
era203500470002,9,9_wreath_wreaths_wreath wreath_periwinkle,1.0
era203500980001,9,9_wreath_wreaths_wreath wreath_periwinkle,1.0
era204101490009,7,7_street_streets_fence_corner,1.0
era20420245000a,17,17_mocking_squirrel_don laugh_laugh,0.50544405
era208403860009,15,15_slave_goats_ants_feathers,0.6388257
era208403860010,12,12_orphans_trees_plowed field_wilderness,0.6367199
era212005340023,9,9_wreath_wreaths_wreath wreath_periwinkle,1.0
era21220153,16,16_song praise_cheerful song_sing song_sing,0.84311235
era212202530022,17,17_mocking_squirrel_don laugh_laugh,1.0
era213103570098,0,0_dear_sorrow_wish_weaving,0.0
era217201730002,9,9_wreath_wreaths_wreath wreath_periwinkle,0.6320364
era217201940013,0,0_dear_sorrow_wish_weaving,0.0
era217906240004,0,0_dear_sorrow_wish_weaving,0.0
estk2701090003,18,18_farmer_rye_oats_horses,0.7736053
estk3701720010,14,14_gyeongsang_jeolla_country_blow,1.0
estk3701920042,0,0_dear_sorrow_wish_weaving,0.0
estk4000060008,16,16_song praise_cheerful song_sing song_sing,1.0
estk4000060009,0,0_dear_sorrow_wish_weaving,0.0
estk4000410070,14,14_gyeongsang_jeolla_country_blow,1.0
estk4001130159,17,17_mocking_squirrel_don laugh_laugh,1.0
estk4001690015,0,0_dear_sorrow_wish_weaving,0.0
eys0210300011,14,14_gyeongsang_jeolla_country_blow,1.0
eys0210310013,13,13_september_thirty_march_summer,0.59843194
eys0210320014,9,9_wreath_wreaths_wreath wreath_periwinkle,0.62909484
eys0210340017,0,0_dear_sorrow_wish_weaving,0.0
eys0210340018,13,13_september_thirty_march_summer,1.0
eys0210340019,0,0_dear_sorrow_wish_weaving,0.0
eys0505970008,13,13_september_thirty_march_summer,0.6614605
eys0505980009,0,0_dear_sorrow_wish_weaving,0.0
eys0505990010,0,0_dear_sorrow_wish_weaving,0.0
eys0506030019,0,0_dear_sorrow_wish_weaving,0.0
eys0506100027,18,18_farmer_rye_oats_horses,1.0
eys0506320062,17,17_mocking_squirrel_don laugh_laugh,0.6358377
eys0506590093,18,18_farmer_rye_oats_horses,0.591361
eys050659093b,0,0_dear_sorrow_wish_weaving,0.0
eys0507150172,0,0_dear_sorrow_wish_weaving,0.0
eys0610830256,17,17_mocking_squirrel_don laugh_laugh,0.6565963
eys0613830034,8,8_garden little_young maiden_nightingale_little cuckoo,1.0
eys0614080064,18,18_farmer_rye_oats_horses,0.733899
eys0614090067,0,0_dear_sorrow_wish_weaving,0.0
eys0614150077,17,17_mocking_squirrel_don laugh_laugh,0.7131242
eys0614350102,0,0_dear_sorrow_wish_weaving,0.0
eys0614810174,13,13_september_thirty_march_summer,1.0
eys0615040227,0,0_dear_sorrow_wish_weaving,0.0
eys0615130250,0,0_dear_sorrow_wish_weaving,0.0
eys0615690323,0,0_dear_sorrow_wish_weaving,0.0
eys0615690324,17,17_mocking_squirrel_don laugh_laugh,1.0
eys0616080029,17,17_mocking_squirrel_don laugh_laugh,1.0
eys0616180045,7,7_street_streets_fence_corner,0.73676413
eys0616440087,7,7_street_streets_fence_corner,0.78981674
eys0616550102,0,0_dear_sorrow_wish_weaving,0.0
eys0616820133,14,14_gyeongsang_jeolla_country_blow,0.66884303
eys0616830134,18,18_farmer_rye_oats_horses,1.0
eys0616930152,9,9_wreath_wreaths_wreath wreath_periwinkle,1.0
eys0616980158,0,0_dear_sorrow_wish_weaving,0.0
eys0617250204,6,6_poplar_eyebrows_bright_boast,1.0
eys0617420229,17,17_mocking_squirrel_don laugh_laugh,1.0
eys0617510247,0,0_dear_sorrow_wish_weaving,0.0
eys0617670270,7,7_street_streets_fence_corner,1.0
eys0617720280,0,0_dear_sorrow_wish_weaving,0.0
eys0706520001,13,13_september_thirty_march_summer,1.0
eys0706570012,0,0_dear_sorrow_wish_weaving,0.0
eys0706570013,18,18_farmer_rye_oats_horses,1.0
eys0706590017,12,12_orphans_trees_plowed field_wilderness,1.0
eys0706600018,15,15_slave_goats_ants_feathers,0.56170624
eys0706620024,15,15_slave_goats_ants_feathers,0.5013229
eys0706650028,12,12_orphans_trees_plowed field_wilderness,1.0
eys0706740044,0,0_dear_sorrow_wish_weaving,0.0
eys0706980083,9,9_wreath_wreaths_wreath wreath_periwinkle,1.0
eys0707460024,18,18_farmer_rye_oats_horses,1.0
eys070748029b,0,0_dear_sorrow_wish_weaving,0.0
eys0715570052,12,12_orphans_trees_plowed field_wilderness,0.6277855
eys0715610061,17,17_mocking_squirrel_don laugh_laugh,1.0
eys0715710079,14,14_gyeongsang_jeolla_country_blow,0.7418544
eys0716060124,0,0_dear_sorrow_wish_weaving,0.0
eys0716340168,6,6_poplar_eyebrows_bright_boast,1.0
eys0716410179,0,0_dear_sorrow_wish_weaving,0.0
eys0716420182,0,0_dear_sorrow_wish_weaving,0.0
eys0716460187,10,10_young cossack_cossack_horseback_love young,0.5827451
eys0716510197,0,0_dear_sorrow_wish_weaving,0.0
eys0716780235,0,0_dear_sorrow_wish_weaving,0.0
eys0717030284,9,9_wreath_wreaths_wreath wreath_periwinkle,1.0
eys0717110299,14,14_gyeongsang_jeolla_country_blow,0.51338017
eys0717120302,14,14_gyeongsang_jeolla_country_blow,1.0
eys0717150310,0,0_dear_sorrow_wish_weaving,0.0
eys0717150311,0,0_dear_sorrow_wish_weaving,0.0
eys0717170314,12,12_orphans_trees_plowed field_wilderness,0.5635938
eys0717450345,14,14_gyeongsang_jeolla_country_blow,1.0
eys0717470351,12,12_orphans_trees_plowed field_wilderness,1.0
eys0717490356,15,15_slave_goats_ants_feathers,1.0
eys0717510360,13,13_september_thirty_march_summer,1.0
eys0717740397,7,7_street_streets_fence_corner,1.0
eys0719440153,14,14_gyeongsang_jeolla_country_blow,1.0
eys0723110087,0,0_dear_sorrow_wish_weaving,0.0
eys0723250120,18,18_farmer_rye_oats_horses,0.7593432
eys0723340132,0,0_dear_sorrow_wish_weaving,0.0
eys0723420142,0,0_dear_sorrow_wish_weaving,0.0
eys0723520154,0,0_dear_sorrow_wish_weaving,0.0
eys0723540158,0,0_dear_sorrow_wish_weaving,0.0
eys0723660177,14,14_gyeongsang_jeolla_country_blow,1.0
eys0723810215,13,13_september_thirty_march_summer,0.8212718
eys0723850222,0,0_dear_sorrow_wish_weaving,0.0
eys0723870226,12,12_orphans_trees_plowed field_wilderness,1.0
eys0724070275,0,0_dear_sorrow_wish_weaving,0.0
eys0724100286,9,9_wreath_wreaths_wreath wreath_periwinkle,0.45166898
eys0724200305,12,12_orphans_trees_plowed field_wilderness,0.49955496
eys0724290330,0,0_dear_sorrow_wish_weaving,0.0
eys0724520388,14,14_gyeongsang_jeolla_country_blow,0.7542462
eys0724570395,16,16_song praise_cheerful song_sing song_sing,1.0
eys0724960462,0,0_dear_sorrow_wish_weaving,0.0
eys0725000467,0,0_dear_sorrow_wish_weaving,0.0
eys0725050475,0,0_dear_sorrow_wish_weaving,0.0
eys0725110485,0,0_dear_sorrow_wish_weaving,0.0
eys0725130488,12,12_orphans_trees_plowed field_wilderness,1.0
eys0725200501,0,0_dear_sorrow_wish_weaving,0.0
eys0805130145,7,7_street_streets_fence_corner,1.0
eys0805550043,17,17_mocking_squirrel_don laugh_laugh,1.0
eys0805600063,18,18_farmer_rye_oats_horses,1.0
eys0805630070,15,15_slave_goats_ants_feathers,1.0
eys0805990122,13,13_september_thirty_march_summer,0.8585423
eys0806200154,7,7_street_streets_fence_corner,0.5264628
eys0806290167,0,0_dear_sorrow_wish_weaving,0.0
eys0806300168,6,6_poplar_eyebrows_bright_boast,0.5338492
eys0806310170,12,12_orphans_trees_plowed field_wilderness,1.0
eys0806490205,0,0_dear_sorrow_wish_weaving,0.0
eys0806490206,0,0_dear_sorrow_wish_weaving,0.0
eys0806520213,0,0_dear_sorrow_wish_weaving,0.0
eys0806550220,3,3_saint nicholas_saint_nicholas_holy evening,0.8582036
eys0806610230,0,0_dear_sorrow_wish_weaving,0.0
eys0806800255,14,14_gyeongsang_jeolla_country_blow,1.0
eys0806900272,18,18_farmer_rye_oats_horses,1.0
eys0807270309,0,0_dear_sorrow_wish_weaving,0.0
eys0807440343,17,17_mocking_squirrel_don laugh_laugh,0.6396451
eys0807520354,0,0_dear_sorrow_wish_weaving,0.0
eys0807650374,9,9_wreath_wreaths_wreath wreath_periwinkle,1.0
eys0807780389,16,16_song praise_cheerful song_sing song_sing,1.0
eys0808780547,0,0_dear_sorrow_wish_weaving,0.0
eys0811580021,12,12_orphans_trees_plowed field_wilderness,1.0
eys0811620027,18,18_farmer_rye_oats_horses,1.0
eys0900860079,13,13_september_thirty_march_summer,1.0
eys0901080107,12,12_orphans_trees_plowed field_wilderness,0.58732647
eys0909540017,0,0_dear_sorrow_wish_weaving,0.0
eys0909610027,18,18_farmer_rye_oats_horses,1.0
eys0909880070,0,0_dear_sorrow_wish_weaving,0.0
eys0910000087,0,0_dear_sorrow_wish_weaving,0.0
eys0910010089,9,9_wreath_wreaths_wreath wreath_periwinkle,0.74224466
eys0910120106,18,18_farmer_rye_oats_horses,1.0
eys0910160117,0,0_dear_sorrow_wish_weaving,0.0
eys0910570170,0,0_dear_sorrow_wish_weaving,0.0
eys1022480030,7,7_street_streets_fence_corner,0.3940807
eys1022650064,0,0_dear_sorrow_wish_weaving,0.0
eys1022960112,9,9_wreath_wreaths_wreath wreath_periwinkle,0.37665722
eys1022990119,16,16_song praise_cheerful song_sing song_sing,1.0
eys1023170146,0,0_dear_sorrow_wish_weaving,0.0
eys1023280165,12,12_orphans_trees_plowed field_wilderness,0.6325726
eys1023490179,13,13_september_thirty_march_summer,1.0
eys1023680197,0,0_dear_sorrow_wish_weaving,0.0
eys1023700200,12,12_orphans_trees_plowed field_wilderness,0.7792912
eys1025690027,18,18_farmer_rye_oats_horses,1.0
eys1025750037,7,7_street_streets_fence_corner,1.0
eys1026710223,0,0_dear_sorrow_wish_weaving,0.0
eys1029070087,14,14_gyeongsang_jeolla_country_blow,0.5184594
eys1107630340,17,17_mocking_squirrel_don laugh_laugh,1.0
h10101400005,6,6_poplar_eyebrows_bright_boast,1.0
h10101420008,13,13_september_thirty_march_summer,0.78203696
h10101530030,11,11_little horses_horses_maids_altar,1.0
h10101560038,0,0_dear_sorrow_wish_weaving,0.0
h10101910019,15,15_slave_goats_ants_feathers,0.8265538
h10101940022,16,16_song praise_cheerful song_sing song_sing,0.526988
h10101960029,14,14_gyeongsang_jeolla_country_blow,1.0
h10101970030,15,15_slave_goats_ants_feathers,1.0
h10102050044,18,18_farmer_rye_oats_horses,1.0
h10102100054,0,0_dear_sorrow_wish_weaving,0.0
h10102190071,9,9_wreath_wreaths_wreath wreath_periwinkle,0.66709596
h10102250081,0,0_dear_sorrow_wish_weaving,0.0
h10102370110,12,12_orphans_trees_plowed field_wilderness,1.0
h10102380111,13,13_september_thirty_march_summer,0.41759673
h10102550145,15,15_slave_goats_ants_feathers,1.0
h10102650166,7,7_street_streets_fence_corner,1.0
h10700320008,0,0_dear_sorrow_wish_weaving,0.0
h10700360017,0,0_dear_sorrow_wish_weaving,0.0
h10700450035,12,12_orphans_trees_plowed field_wilderness,0.4221107
h10700540049,0,0_dear_sorrow_wish_weaving,0.0
h10700700073,12,12_orphans_trees_plowed field_wilderness,0.77215403
h20101430203,0,0_dear_sorrow_wish_weaving,0.0
h20106550848,0,0_dear_sorrow_wish_weaving,0.0
h21005350310,0,0_dear_sorrow_wish_weaving,0.0
h21300070001,12,12_orphans_trees_plowed field_wilderness,0.5450408
h21300220015,14,14_gyeongsang_jeolla_country_blow,1.0
h21300360006,14,14_gyeongsang_jeolla_country_blow,0.37414864
h21300960044,9,9_wreath_wreaths_wreath wreath_periwinkle,0.8029262
h21301340029,0,0_dear_sorrow_wish_weaving,0.0
h21301890014,0,0_dear_sorrow_wish_weaving,0.0
h21302100037,18,18_farmer_rye_oats_horses,0.69319856
h21302600026,0,0_dear_sorrow_wish_weaving,0.0
h21302640030,14,14_gyeongsang_jeolla_country_blow,0.7818629
h21302650031,13,13_september_thirty_march_summer,0.9211425
h21302670034,14,14_gyeongsang_jeolla_country_blow,0.899033
h21303450009,6,6_poplar_eyebrows_bright_boast,1.0
h21303470012,0,0_dear_sorrow_wish_weaving,0.0
h21303590001,12,12_orphans_trees_plowed field_wilderness,0.53330415
h21305060017,0,0_dear_sorrow_wish_weaving,0.0
h21305250032,14,14_gyeongsang_jeolla_country_blow,1.0
h21305430053,9,9_wreath_wreaths_wreath wreath_periwinkle,0.687064
h21305860007,17,17_mocking_squirrel_don laugh_laugh,1.0
h21307570016,13,13_september_thirty_march_summer,1.0
h21400120009,13,13_september_thirty_march_summer,1.0
h21400170020,14,14_gyeongsang_jeolla_country_blow,1.0
h21400340044,13,13_september_thirty_march_summer,0.7133136
h21400450061,7,7_street_streets_fence_corner,0.84015983
h21400480066,0,0_dear_sorrow_wish_weaving,0.0
h21400650082,13,13_september_thirty_march_summer,0.7282207
h21400660085,0,0_dear_sorrow_wish_weaving,0.0
h21400680087,17,17_mocking_squirrel_don laugh_laugh,1.0
h21400710090,6,6_poplar_eyebrows_bright_boast,1.0
h21400730092,12,12_orphans_trees_plowed field_wilderness,0.45292825
h21401370009,14,14_gyeongsang_jeolla_country_blow,0.41660175
h21401390011,18,18_farmer_rye_oats_horses,0.55212814
h21402620004,6,6_poplar_eyebrows_bright_boast,0.72983485
h21402700010,12,12_orphans_trees_plowed field_wilderness,0.42105305
h21403130012,0,0_dear_sorrow_wish_weaving,0.0
h21403710001,0,0_dear_sorrow_wish_weaving,0.0
h21403800006,14,14_gyeongsang_jeolla_country_blow,0.5352004
h21403840009,13,13_september_thirty_march_summer,1.0
h21403990002,0,0_dear_sorrow_wish_weaving,0.0
h21404070010,13,13_september_thirty_march_summer,0.44330782
h21404390001,0,0_dear_sorrow_wish_weaving,0.0
h21404400003,17,17_mocking_squirrel_don laugh_laugh,1.0
h21406110006,0,0_dear_sorrow_wish_weaving,0.0
h21406120000,12,12_orphans_trees_plowed field_wilderness,0.45292825
h21406300007,14,14_gyeongsang_jeolla_country_blow,1.0
h22609120009,0,0_dear_sorrow_wish_weaving,0.0
h23806830008,17,17_mocking_squirrel_don laugh_laugh,1.0
h23807080103,0,0_dear_sorrow_wish_weaving,0.0
h23807430008,17,17_mocking_squirrel_don laugh_laugh,0.520918
h24607760001,18,18_farmer_rye_oats_horses,1.0
h24607780005,0,0_dear_sorrow_wish_weaving,0.0
h24607850014,13,13_september_thirty_march_summer,1.0
h24608080016,12,12_orphans_trees_plowed field_wilderness,0.2954467
h25705920003,0,0_dear_sorrow_wish_weaving,0.0
h25706200002,9,9_wreath_wreaths_wreath wreath_periwinkle,1.0
h25706270009,12,12_orphans_trees_plowed field_wilderness,1.0
h25706290013,12,12_orphans_trees_plowed field_wilderness,0.42704734
h25706310014,17,17_mocking_squirrel_don laugh_laugh,0.77940494
h25706330019,0,0_dear_sorrow_wish_weaving,0.0
h25706400026,18,18_farmer_rye_oats_horses,0.49210376
h25706420028,0,0_dear_sorrow_wish_weaving,0.0
h2570647031h,0,0_dear_sorrow_wish_weaving,0.0
h26502380002,0,0_dear_sorrow_wish_weaving,0.0
h26502700007,0,0_dear_sorrow_wish_weaving,0.0
h26503350007,18,18_farmer_rye_oats_horses,1.0
h26804950012,17,17_mocking_squirrel_don laugh_laugh,1.0
h30401180005,0,0_dear_sorrow_wish_weaving,0.0
h30401190006,13,13_september_thirty_march_summer,0.5144404
h30401240014,15,15_slave_goats_ants_feathers,1.0
h30402200003,0,0_dear_sorrow_wish_weaving,0.0
h30402390007,14,14_gyeongsang_jeolla_country_blow,0.5123092
h30402400008,13,13_september_thirty_march_summer,1.0
h30402470047,0,0_dear_sorrow_wish_weaving,0.0
h30402470048,0,0_dear_sorrow_wish_weaving,0.0
h31204610001,17,17_mocking_squirrel_don laugh_laugh,0.4697154
h31701620019,9,9_wreath_wreaths_wreath wreath_periwinkle,1.0
h31703840049,15,15_slave_goats_ants_feathers,0.56900823
h31707380008,15,15_slave_goats_ants_feathers,0.60050404
h31800780001,17,17_mocking_squirrel_don laugh_laugh,1.0
h32302330014,12,12_orphans_trees_plowed field_wilderness,0.5999395
h32700610020,0,0_dear_sorrow_wish_weaving,0.0
h40103060004,0,0_dear_sorrow_wish_weaving,0.0
h40103150001,18,18_farmer_rye_oats_horses,1.0
h40103150002,18,18_farmer_rye_oats_horses,1.0
h40103460002,14,14_gyeongsang_jeolla_country_blow,0.4963506
h40103670001,14,14_gyeongsang_jeolla_country_blow,0.7233045
h40103730012,11,11_little horses_horses_maids_altar,1.0
h40103730013,13,13_september_thirty_march_summer,1.0
h40103740014,0,0_dear_sorrow_wish_weaving,0.0
h40103810026,14,14_gyeongsang_jeolla_country_blow,0.80942684
h40103830030,14,14_gyeongsang_jeolla_country_blow,1.0
hgrq01350001,7,7_street_streets_fence_corner,1.0
hgrq01540023,13,13_september_thirty_march_summer,1.0
hgrq01560024,0,0_dear_sorrow_wish_weaving,0.0
hgrq01650036,0,0_dear_sorrow_wish_weaving,0.0
hgrq01770056,0,0_dear_sorrow_wish_weaving,0.0
hgrq01800063,0,0_dear_sorrow_wish_weaving,0.0
hgrq01910087,12,12_orphans_trees_plowed field_wilderness,0.62989306
hgrq01920090,14,14_gyeongsang_jeolla_country_blow,1.0
e000076630006,14,14_gyeongsang_jeolla_country_blow,1.0
e000076640007,14,14_gyeongsang_jeolla_country_blow,0.72426456
e000076660010,13,13_september_thirty_march_summer,0.70120627
e000076680012,13,13_september_thirty_march_summer,0.589091
e000076720018,0,0_dear_sorrow_wish_weaving,0.0
e000078330011,5,5_horses_grazing_maidens_clover,0.6739868
e000078720003,12,12_orphans_trees_plowed field_wilderness,0.52373946
e000078760010,15,15_slave_goats_ants_feathers,0.6776896
e000079440033,14,14_gyeongsang_jeolla_country_blow,0.72359705
e000079620003,16,16_song praise_cheerful song_sing song_sing,0.49132186
e000080800063,14,14_gyeongsang_jeolla_country_blow,0.34818178
e000093620043,12,12_orphans_trees_plowed field_wilderness,1.0
e000093950066,16,16_song praise_cheerful song_sing song_sing,0.5632056
e000104160016,0,0_dear_sorrow_wish_weaving,0.0
e000105610007,11,11_little horses_horses_maids_altar,0.67127913
e000117850001,13,13_september_thirty_march_summer,0.5990371
e000137800010,13,13_september_thirty_march_summer,0.52935416
e000145890003,13,13_september_thirty_march_summer,0.7431436
e000151030006,12,12_orphans_trees_plowed field_wilderness,0.821421
e000151150028,0,0_dear_sorrow_wish_weaving,0.0
e000178390026,11,11_little horses_horses_maids_altar,0.73008895
e000410670021,12,12_orphans_trees_plowed field_wilderness,1.0
e000536670000,17,17_mocking_squirrel_don laugh_laugh,0.61450875
e000592110009,12,12_orphans_trees_plowed field_wilderness,1.0
e000615500000,15,15_slave_goats_ants_feathers,1.0
e000617340037,13,13_september_thirty_march_summer,0.7838434
e000617400042,13,13_september_thirty_march_summer,0.72489774
ea00002550020,10,10_young cossack_cossack_horseback_love young,1.0
ea00002740035,10,10_young cossack_cossack_horseback_love young,1.0
ea00009770004,0,0_dear_sorrow_wish_weaving,0.0
ea00009770005,6,6_poplar_eyebrows_bright_boast,0.34676778
ea00010050005,14,14_gyeongsang_jeolla_country_blow,0.9351722
ea00010530001,10,10_young cossack_cossack_horseback_love young,1.0
ekms40106410009,15,15_slave_goats_ants_feathers,1.0
eks0100190000,14,14_gyeongsang_jeolla_country_blow,0.84710217
eks0100510000,18,18_farmer_rye_oats_horses,0.50408995
eks010052000a,12,12_orphans_trees_plowed field_wilderness,0.6673009
era200l01480002,10,10_young cossack_cossack_horseback_love young,1.0
era201107330005,18,18_farmer_rye_oats_horses,0.7072784
era201400310002,15,15_slave_goats_ants_feathers,0.7396206
era201400760014,0,0_dear_sorrow_wish_weaving,0.0
era201402250014,12,12_orphans_trees_plowed field_wilderness,1.0
era201402850023,10,10_young cossack_cossack_horseback_love young,1.0
era202400990008,12,12_orphans_trees_plowed field_wilderness,1.0
era202403470001,12,12_orphans_trees_plowed field_wilderness,1.0
era202406970005,0,0_dear_sorrow_wish_weaving,0.0
era202500570021,12,12_orphans_trees_plowed field_wilderness,0.6775315
era202500890004,0,0_dear_sorrow_wish_weaving,0.0
era203000620002,15,15_slave_goats_ants_feathers,0.40578687
era205705570031,10,10_young cossack_cossack_horseback_love young,0.5265393
era20840384005a,0,0_dear_sorrow_wish_weaving,0.0
era20840384005b,14,14_gyeongsang_jeolla_country_blow,0.50685364
erm13300070014,9,9_wreath_wreaths_wreath wreath_periwinkle,0.5067713
erm13900870005,12,12_orphans_trees_plowed field_wilderness,0.4417791
erm9400070000,16,16_song praise_cheerful song_sing song_sing,1.0
erm9400090000,0,0_dear_sorrow_wish_weaving,0.0
estk3701700009,12,12_orphans_trees_plowed field_wilderness,0.6706222
eys0210290010,0,0_dear_sorrow_wish_weaving,0.0
eys0506570089,17,17_mocking_squirrel_don laugh_laugh,1.0
eys0506890135,12,12_orphans_trees_plowed field_wilderness,0.6944662
eys0507140169,0,0_dear_sorrow_wish_weaving,0.0
eys0610700231,14,14_gyeongsang_jeolla_country_blow,1.0
eys0610710232,13,13_september_thirty_march_summer,1.0
eys0613750027,7,7_street_streets_fence_corner,0.7433033
eys0614180080,14,14_gyeongsang_jeolla_country_blow,0.55336165
eys0614240089,7,7_street_streets_fence_corner,0.70166355
eys0614480130,0,0_dear_sorrow_wish_weaving,0.0
eys0614540139,7,7_street_streets_fence_corner,1.0
eys0614570142,0,0_dear_sorrow_wish_weaving,0.0
eys0614810176,0,0_dear_sorrow_wish_weaving,0.0
eys0614820178,9,9_wreath_wreaths_wreath wreath_periwinkle,1.0
eys0615400288,5,5_horses_grazing_maidens_clover,1.0
eys0616880144,0,0_dear_sorrow_wish_weaving,0.0
eys0617000163,13,13_september_thirty_march_summer,1.0
eys0617070174,6,6_poplar_eyebrows_bright_boast,1.0
eys0618000318,12,12_orphans_trees_plowed field_wilderness,0.79619586
eys0706880066,0,0_dear_sorrow_wish_weaving,0.0
eys0706890067,10,10_young cossack_cossack_horseback_love young,0.8004599
eys0706920072,14,14_gyeongsang_jeolla_country_blow,1.0
eys0707480029,0,0_dear_sorrow_wish_weaving,0.0
eys0707520037,14,14_gyeongsang_jeolla_country_blow,0.7980147
eys0715350013,13,13_september_thirty_march_summer,1.0
eys0715620064,18,18_farmer_rye_oats_horses,1.0
eys0715940114,12,12_orphans_trees_plowed field_wilderness,1.0
eys0716310164,9,9_wreath_wreaths_wreath wreath_periwinkle,0.25939268
eys0716350170,0,0_dear_sorrow_wish_weaving,0.0
eys0716380174,9,9_wreath_wreaths_wreath wreath_periwinkle,1.0
eys0716590211,13,13_september_thirty_march_summer,0.7635953
eys0716740229,13,13_september_thirty_march_summer,1.0
eys0716980270,0,0_dear_sorrow_wish_weaving,0.0
eys0717320332,0,0_dear_sorrow_wish_weaving,0.0
eys0722810023,11,11_little horses_horses_maids_altar,1.0
eys0722900039,15,15_slave_goats_ants_feathers,0.6033032
eys0723790205,17,17_mocking_squirrel_don laugh_laugh,0.8276463
eys0723830216,13,13_september_thirty_march_summer,0.9146298
eys0723910231,0,0_dear_sorrow_wish_weaving,0.0
eys0724180303,10,10_young cossack_cossack_horseback_love young,1.0
eys0724320339,12,12_orphans_trees_plowed field_wilderness,0.71704084
eys0724430370,13,13_september_thirty_march_summer,0.71007913
eys0724550392,15,15_slave_goats_ants_feathers,1.0
eys0724610401,8,8_garden little_young maiden_nightingale_little cuckoo,1.0
eys0724640413,0,0_dear_sorrow_wish_weaving,0.0
eys0724670421,12,12_orphans_trees_plowed field_wilderness,1.0
eys0724720430,10,10_young cossack_cossack_horseback_love young,0.51911813
eys0725040473,10,10_young cossack_cossack_horseback_love young,1.0
eys0805630071,0,0_dear_sorrow_wish_weaving,0.0
eys0805820097,11,11_little horses_horses_maids_altar,1.0
eys0806140147,12,12_orphans_trees_plowed field_wilderness,1.0
eys0806630231,13,13_september_thirty_march_summer,0.48838577
eys0806670238,0,0_dear_sorrow_wish_weaving,0.0
eys0806720244,3,3_saint nicholas_saint_nicholas_holy evening,0.50062174
eys0806940278,11,11_little horses_horses_maids_altar,1.0
eys0807230300,12,12_orphans_trees_plowed field_wilderness,1.0
eys0807290315,0,0_dear_sorrow_wish_weaving,0.0
eys0807500350,13,13_september_thirty_march_summer,1.0
eys0808760543,0,0_dear_sorrow_wish_weaving,0.0
eys0808800551,13,13_september_thirty_march_summer,0.8371922
eys0811820062,18,18_farmer_rye_oats_horses,0.50649804
eys0900710062,12,12_orphans_trees_plowed field_wilderness,1.0
eys0903500120,14,14_gyeongsang_jeolla_country_blow,0.5112121
eys0909680037,0,0_dear_sorrow_wish_weaving,0.0
eys0909770051,0,0_dear_sorrow_wish_weaving,0.0
eys0909880072,7,7_street_streets_fence_corner,1.0
eys0910180119,15,15_slave_goats_ants_feathers,0.67859674
eys091171156b,12,12_orphans_trees_plowed field_wilderness,1.0
eys1022810090,12,12_orphans_trees_plowed field_wilderness,1.0
eys1022910104,12,12_orphans_trees_plowed field_wilderness,1.0
eys1022920107,15,15_slave_goats_ants_feathers,0.38237876
eys1022940109,12,12_orphans_trees_plowed field_wilderness,0.55787677
eys1022980118,10,10_young cossack_cossack_horseback_love young,1.0
eys1025730035,12,12_orphans_trees_plowed field_wilderness,1.0
eys1025810049,15,15_slave_goats_ants_feathers,0.7588731
eys1108190008,9,9_wreath_wreaths_wreath wreath_periwinkle,0.64782965
h10101440014,0,0_dear_sorrow_wish_weaving,0.0
h10101580043,13,13_september_thirty_march_summer,0.37154025
h10101890017,18,18_farmer_rye_oats_horses,1.0
h10102610156,0,0_dear_sorrow_wish_weaving,0.0
h10700520047,14,14_gyeongsang_jeolla_country_blow,1.0
h10700530048,17,17_mocking_squirrel_don laugh_laugh,0.50676346
h10700570053,14,14_gyeongsang_jeolla_country_blow,1.0
h10700740080,12,12_orphans_trees_plowed field_wilderness,1.0
h20101390197,17,17_mocking_squirrel_don laugh_laugh,0.42059383
h20101400198,10,10_young cossack_cossack_horseback_love young,1.0
h20101410199,0,0_dear_sorrow_wish_weaving,0.0
h20102690398,12,12_orphans_trees_plowed field_wilderness,1.0
h20106520839,0,0_dear_sorrow_wish_weaving,0.0
h21005110285,0,0_dear_sorrow_wish_weaving,0.0
h21005120286,7,7_street_streets_fence_corner,1.0
h21109540010,16,16_song praise_cheerful song_sing song_sing,1.0
h21300210014,15,15_slave_goats_ants_feathers,1.0
h21300460019,0,0_dear_sorrow_wish_weaving,0.0
h21300500023,7,7_street_streets_fence_corner,1.0
h21300510024,12,12_orphans_trees_plowed field_wilderness,0.8734883
h21300640003,14,14_gyeongsang_jeolla_country_blow,0.6998553
h21300700010,13,13_september_thirty_march_summer,1.0
h21301010050,0,0_dear_sorrow_wish_weaving,0.0
h21301190007,7,7_street_streets_fence_corner,1.0
h21301880013,7,7_street_streets_fence_corner,0.64589745
h21303650012,12,12_orphans_trees_plowed field_wilderness,1.0
h21304280002,11,11_little horses_horses_maids_altar,0.66740274
h21305320039,15,15_slave_goats_ants_feathers,0.27759638
h21305420052,0,0_dear_sorrow_wish_weaving,0.0
h21305960017,14,14_gyeongsang_jeolla_country_blow,0.37694427
h21306130012,10,10_young cossack_cossack_horseback_love young,0.73810875
h21306410017,12,12_orphans_trees_plowed field_wilderness,0.89269984
h21306580016,7,7_street_streets_fence_corner,0.7544992
h21307560015,7,7_street_streets_fence_corner,0.6609264
h21307700029,12,12_orphans_trees_plowed field_wilderness,1.0
h21400230025,11,11_little horses_horses_maids_altar,0.5712694
h21400230026,0,0_dear_sorrow_wish_weaving,0.0
h21400350047,0,0_dear_sorrow_wish_weaving,0.0
h21400360048,14,14_gyeongsang_jeolla_country_blow,1.0
h21401040013,18,18_farmer_rye_oats_horses,0.80131584
h21401630038,0,0_dear_sorrow_wish_weaving,0.0
h21405090008,12,12_orphans_trees_plowed field_wilderness,1.0
h21406290006,14,14_gyeongsang_jeolla_country_blow,1.0
h21605770012,18,18_farmer_rye_oats_horses,0.66771215
h23700580013,0,0_dear_sorrow_wish_weaving,0.0
h24000851028,10,10_young cossack_cossack_horseback_love young,1.0
h24000871031,14,14_gyeongsang_jeolla_country_blow,0.796693
h24000911037,12,12_orphans_trees_plowed field_wilderness,1.0
h24607930001,18,18_farmer_rye_oats_horses,1.0
h24607960004,16,16_song praise_cheerful song_sing song_sing,0.6741264
h24608230005,12,12_orphans_trees_plowed field_wilderness,1.0
h25401830077,13,13_september_thirty_march_summer,1.0
h25705660005,6,6_poplar_eyebrows_bright_boast,0.693234
h26804690019,13,13_september_thirty_march_summer,0.752954
h30101580009,0,0_dear_sorrow_wish_weaving,0.0
h30101640018,10,10_young cossack_cossack_horseback_love young,0.61628383
h30302660011,0,0_dear_sorrow_wish_weaving,0.0
h30400100001,10,10_young cossack_cossack_horseback_love young,1.0
h30400530005,16,16_song praise_cheerful song_sing song_sing,1.0
h30401530011,9,9_wreath_wreaths_wreath wreath_periwinkle,1.0
h30401760006,9,9_wreath_wreaths_wreath wreath_periwinkle,0.4006162
h30402110001,0,0_dear_sorrow_wish_weaving,0.0
h31204450002,12,12_orphans_trees_plowed field_wilderness,0.500199
h31707250003,13,13_september_thirty_march_summer,0.28514618
h31800430011,13,13_september_thirty_march_summer,1.0
h32302240005,11,11_little horses_horses_maids_altar,0.7414367
h32302290011,14,14_gyeongsang_jeolla_country_blow,1.0
h40103080007,13,13_september_thirty_march_summer,0.81297565
h40103680002,10,10_young cossack_cossack_horseback_love young,0.66407436
h40103860035,0,0_dear_sorrow_wish_weaving,0.0
hgrq01440011,12,12_orphans_trees_plowed field_wilderness,1.0
hgrq01660037,10,10_young cossack_cossack_horseback_love young,0.66407436
hgrq01780058,14,14_gyeongsang_jeolla_country_blow,0.63335973
e000051850006,9,9_wreath_wreaths_wreath wreath_periwinkle,0.453354
e000068520004,18,18_farmer_rye_oats_horses,0.52636695
e000071810040,6,6_poplar_eyebrows_bright_boast,0.51483953
e000076990011,0,0_dear_sorrow_wish_weaving,0.0
e000077170020,14,14_gyeongsang_jeolla_country_blow,0.81289494
e000077180021,15,15_slave_goats_ants_feathers,0.7246517
e000077260005,9,9_wreath_wreaths_wreath wreath_periwinkle,1.0
e000077330006,0,0_dear_sorrow_wish_weaving,0.0
e000077450028,18,18_farmer_rye_oats_horses,0.6974511
e000077450029,15,15_slave_goats_ants_feathers,0.69117826
e000077680015,18,18_farmer_rye_oats_horses,0.6859817
e000077730005,14,14_gyeongsang_jeolla_country_blow,0.65376544
e000077790013,0,0_dear_sorrow_wish_weaving,0.0
e000078280004,17,17_mocking_squirrel_don laugh_laugh,1.0
e000078330010,0,0_dear_sorrow_wish_weaving,0.0
e000078340013,15,15_slave_goats_ants_feathers,1.0
e000078790002,9,9_wreath_wreaths_wreath wreath_periwinkle,1.0
e000078800003,15,15_slave_goats_ants_feathers,1.0
e000078830006,12,12_orphans_trees_plowed field_wilderness,1.0
e000079110042,0,0_dear_sorrow_wish_weaving,0.0
e000079550019,15,15_slave_goats_ants_feathers,1.0
e000079610001,14,14_gyeongsang_jeolla_country_blow,1.0
e000093610042,15,15_slave_goats_ants_feathers,0.802957
e000093880059,16,16_song praise_cheerful song_sing song_sing,1.0
e000093940065,11,11_little horses_horses_maids_altar,0.34226584
e000107420006,0,0_dear_sorrow_wish_weaving,0.0
e000107460011,9,9_wreath_wreaths_wreath wreath_periwinkle,1.0
e000107490016,15,15_slave_goats_ants_feathers,0.900505
e000117900012,15,15_slave_goats_ants_feathers,0.807298
e000135800001,9,9_wreath_wreaths_wreath wreath_periwinkle,0.6302805
e000138130009,13,13_september_thirty_march_summer,1.0
e000138130010,15,15_slave_goats_ants_feathers,0.5227028
e000138180020,13,13_september_thirty_march_summer,0.7031277
e000145690001,18,18_farmer_rye_oats_horses,0.817474
e000151050009,15,15_slave_goats_ants_feathers,0.6673829
e000151090019,10,10_young cossack_cossack_horseback_love young,1.0
e000151090020,7,7_street_streets_fence_corner,1.0
e000164300003,14,14_gyeongsang_jeolla_country_blow,0.62237614
e000178360021,11,11_little horses_horses_maids_altar,1.0
e000179600003,15,15_slave_goats_ants_feathers,0.8176605
e000259270024,14,14_gyeongsang_jeolla_country_blow,1.0
e000410670020,0,0_dear_sorrow_wish_weaving,0.0
e000431080000,0,0_dear_sorrow_wish_weaving,0.0
e000515020001,15,15_slave_goats_ants_feathers,0.65994906
e000518380003,18,18_farmer_rye_oats_horses,1.0
e000536470000,14,14_gyeongsang_jeolla_country_blow,0.24939294
e000536510000,0,0_dear_sorrow_wish_weaving,0.0
e00053662000a,18,18_farmer_rye_oats_horses,1.0
e000546740005,15,15_slave_goats_ants_feathers,0.7623764
e000546750006,3,3_saint nicholas_saint_nicholas_holy evening,0.79737765
e000592280027,5,5_horses_grazing_maidens_clover,1.0
e000595300018,15,15_slave_goats_ants_feathers,1.0
e00059881000a,17,17_mocking_squirrel_don laugh_laugh,0.7636018
e000613850001,18,18_farmer_rye_oats_horses,1.0
e000617180026,17,17_mocking_squirrel_don laugh_laugh,0.50059265
e000617430045,15,15_slave_goats_ants_feathers,0.8848689
ea00001970002,0,0_dear_sorrow_wish_weaving,0.0
ea00002040015,15,15_slave_goats_ants_feathers,1.0
ea00002510015,0,0_dear_sorrow_wish_weaving,0.0
ea00009900002,15,15_slave_goats_ants_feathers,1.0
eks010021000b,0,0_dear_sorrow_wish_weaving,0.0
eks010047000b,15,15_slave_goats_ants_feathers,0.9827728
eks2800110003,15,15_slave_goats_ants_feathers,1.0
ekse00420004,14,14_gyeongsang_jeolla_country_blow,1.0
era200101170002,0,0_dear_sorrow_wish_weaving,0.0
era200101460005,14,14_gyeongsang_jeolla_country_blow,1.0
era200101530001,15,15_slave_goats_ants_feathers,1.0
era201400790021,15,15_slave_goats_ants_feathers,0.84218985
era201401150050,0,0_dear_sorrow_wish_weaving,0.0
era201402250013,13,13_september_thirty_march_summer,1.0
era201402650004,13,13_september_thirty_march_summer,1.0
era201402790016,17,17_mocking_squirrel_don laugh_laugh,1.0
era201402790017,0,0_dear_sorrow_wish_weaving,0.0
era202300270001,0,0_dear_sorrow_wish_weaving,0.0
era202300590000,18,18_farmer_rye_oats_horses,1.0
era202401700008,14,14_gyeongsang_jeolla_country_blow,0.37062433
era202401870001,0,0_dear_sorrow_wish_weaving,0.0
era202402190003,0,0_dear_sorrow_wish_weaving,0.0
era202402960036,0,0_dear_sorrow_wish_weaving,0.0
era202402990001,11,11_little horses_horses_maids_altar,1.0
era202403450112,0,0_dear_sorrow_wish_weaving,0.0
era202403460115,0,0_dear_sorrow_wish_weaving,0.0
era202403550009,0,0_dear_sorrow_wish_weaving,0.0
era202404750003,14,14_gyeongsang_jeolla_country_blow,1.0
era202405880024,14,14_gyeongsang_jeolla_country_blow,1.0
era202405880025,14,14_gyeongsang_jeolla_country_blow,1.0
era202405900026,0,0_dear_sorrow_wish_weaving,0.0
era202406000034,0,0_dear_sorrow_wish_weaving,0.0
era202406300002,0,0_dear_sorrow_wish_weaving,0.0
era202501520008,15,15_slave_goats_ants_feathers,1.0
era203201690002,15,15_slave_goats_ants_feathers,0.86141616
era203500990003,18,18_farmer_rye_oats_horses,0.84811735
era205705410014,10,10_young cossack_cossack_horseback_love young,0.4161716
era208403830002,11,11_little horses_horses_maids_altar,1.0
era208403920024,15,15_slave_goats_ants_feathers,1.0
era212201650001,14,14_gyeongsang_jeolla_country_blow,1.0
era213100720036,18,18_farmer_rye_oats_horses,0.7203343
era217201520008,0,0_dear_sorrow_wish_weaving,0.0
era218305070084,14,14_gyeongsang_jeolla_country_blow,1.0
era218305150112,0,0_dear_sorrow_wish_weaving,0.0
estk2600180024,0,0_dear_sorrow_wish_weaving,0.0
estk2701080002,18,18_farmer_rye_oats_horses,0.83208054
estk3701740014,0,0_dear_sorrow_wish_weaving,0.0
estk4000070010,0,0_dear_sorrow_wish_weaving,0.0
estk4000100023,0,0_dear_sorrow_wish_weaving,0.0
estk4000110024,0,0_dear_sorrow_wish_weaving,0.0
estk4000640099,14,14_gyeongsang_jeolla_country_blow,1.0
estk4000790116,0,0_dear_sorrow_wish_weaving,0.0
estk4000840123,13,13_september_thirty_march_summer,1.0
eys0210320015,18,18_farmer_rye_oats_horses,1.0
eys0505820046,0,0_dear_sorrow_wish_weaving,0.0
eys0506030020,18,18_farmer_rye_oats_horses,1.0
eys0506340066,18,18_farmer_rye_oats_horses,0.442501
eys0506350067,14,14_gyeongsang_jeolla_country_blow,1.0
eys0506410071,14,14_gyeongsang_jeolla_country_blow,1.0
eys0506960142,15,15_slave_goats_ants_feathers,0.66069984
eys0507010150,14,14_gyeongsang_jeolla_country_blow,1.0
eys050706157b,12,12_orphans_trees_plowed field_wilderness,1.0
eys0507110163,15,15_slave_goats_ants_feathers,1.0
eys0507150171,18,18_farmer_rye_oats_horses,1.0
eys0507170176,18,18_farmer_rye_oats_horses,1.0
eys0507220184,9,9_wreath_wreaths_wreath wreath_periwinkle,1.0
eys0610850260,18,18_farmer_rye_oats_horses,1.0
eys0611600055,18,18_farmer_rye_oats_horses,1.0
eys0611610056,13,13_september_thirty_march_summer,1.0
eys0614090066,0,0_dear_sorrow_wish_weaving,0.0
eys0614380108,15,15_slave_goats_ants_feathers,0.58708835
eys0614460129,0,0_dear_sorrow_wish_weaving,0.0
eys0614590144,0,0_dear_sorrow_wish_weaving,0.0
eys0614640149,13,13_september_thirty_march_summer,0.51116234
eys0614890189,0,0_dear_sorrow_wish_weaving,0.0
eys0614930195,15,15_slave_goats_ants_feathers,1.0
eys0615020223,14,14_gyeongsang_jeolla_country_blow,1.0
eys0615700327,0,0_dear_sorrow_wish_weaving,0.0
eys0615710330,0,0_dear_sorrow_wish_weaving,0.0
eys0616270064,14,14_gyeongsang_jeolla_country_blow,1.0
eys0616290067,18,18_farmer_rye_oats_horses,1.0
eys0616610110,15,15_slave_goats_ants_feathers,1.0
eys0616710120,0,0_dear_sorrow_wish_weaving,0.0
eys0616760124,15,15_slave_goats_ants_feathers,0.76969403
eys0616770125,15,15_slave_goats_ants_feathers,1.0
eys0616770126,7,7_street_streets_fence_corner,0.8834745
eys0616900146,9,9_wreath_wreaths_wreath wreath_periwinkle,1.0
eys0617020166,15,15_slave_goats_ants_feathers,0.6802872
eys0617140184,15,15_slave_goats_ants_feathers,0.86703974
eys0617360221,15,15_slave_goats_ants_feathers,0.2983965
eys0617370222,15,15_slave_goats_ants_feathers,0.89602685
eys0617450236,0,0_dear_sorrow_wish_weaving,0.0
eys0617530249,15,15_slave_goats_ants_feathers,0.89602685
eys0617620261,3,3_saint nicholas_saint_nicholas_holy evening,1.0
eys0617730283,0,0_dear_sorrow_wish_weaving,0.0
eys0617930301,0,0_dear_sorrow_wish_weaving,0.0
eys0706630025,0,0_dear_sorrow_wish_weaving,0.0
eys0706690035,9,9_wreath_wreaths_wreath wreath_periwinkle,0.74359626
eys0706740045,0,0_dear_sorrow_wish_weaving,0.0
eys070675045b,15,15_slave_goats_ants_feathers,1.0
eys0706780052,0,0_dear_sorrow_wish_weaving,0.0
eys0706840060,14,14_gyeongsang_jeolla_country_blow,0.53515345
eys0706850061,13,13_september_thirty_march_summer,0.49200654
eys0706860062,0,0_dear_sorrow_wish_weaving,0.0
eys0707440017,18,18_farmer_rye_oats_horses,1.0
eys0708500004,18,18_farmer_rye_oats_horses,0.51536787
eys0708500005,0,0_dear_sorrow_wish_weaving,0.0
eys0708510006,0,0_dear_sorrow_wish_weaving,0.0
eys0708510007,0,0_dear_sorrow_wish_weaving,0.0
eys0715300005,9,9_wreath_wreaths_wreath wreath_periwinkle,0.31848857
eys0715360014,15,15_slave_goats_ants_feathers,1.0
eys0715400017,15,15_slave_goats_ants_feathers,0.7346857
eys0715410018,0,0_dear_sorrow_wish_weaving,0.0
eys0715460026,0,0_dear_sorrow_wish_weaving,0.0
eys0715470030,0,0_dear_sorrow_wish_weaving,0.0
eys0715520040,13,13_september_thirty_march_summer,0.59820086
eys0715820097,0,0_dear_sorrow_wish_weaving,0.0
eys0715850103,15,15_slave_goats_ants_feathers,0.8778868
eys0716080128,0,0_dear_sorrow_wish_weaving,0.0
eys0716080129,0,0_dear_sorrow_wish_weaving,0.0
eys0716080130,9,9_wreath_wreaths_wreath wreath_periwinkle,1.0
eys0716150144,17,17_mocking_squirrel_don laugh_laugh,0.51075715
eys0716420183,15,15_slave_goats_ants_feathers,0.5067741
eys0716490193,0,0_dear_sorrow_wish_weaving,0.0
eys0716500195,0,0_dear_sorrow_wish_weaving,0.0
eys0716790237,0,0_dear_sorrow_wish_weaving,0.0
eys0716840247,0,0_dear_sorrow_wish_weaving,0.0
eys0716880253,14,14_gyeongsang_jeolla_country_blow,0.6880259
eys0716900254,0,0_dear_sorrow_wish_weaving,0.0
eys0716900255,14,14_gyeongsang_jeolla_country_blow,0.53786063
eys0716970267,0,0_dear_sorrow_wish_weaving,0.0
eys0717010277,0,0_dear_sorrow_wish_weaving,0.0
eys0717040287,15,15_slave_goats_ants_feathers,1.0
eys0717060290,15,15_slave_goats_ants_feathers,1.0
eys0717100298,0,0_dear_sorrow_wish_weaving,0.0
eys0717500357,15,15_slave_goats_ants_feathers,0.8966498
eys0717520362,0,0_dear_sorrow_wish_weaving,0.0
eys0717590381,9,9_wreath_wreaths_wreath wreath_periwinkle,1.0
eys0717710394,18,18_farmer_rye_oats_horses,0.7656469
eys0717770400,0,0_dear_sorrow_wish_weaving,0.0
eys0718340011,0,0_dear_sorrow_wish_weaving,0.0
eys0722770015,14,14_gyeongsang_jeolla_country_blow,1.0
eys0722810024,15,15_slave_goats_ants_feathers,0.81491894
eys0722870032,14,14_gyeongsang_jeolla_country_blow,0.34196633
eys0722900038,15,15_slave_goats_ants_feathers,0.83785987
eys0723040065,0,0_dear_sorrow_wish_weaving,0.0
eys0723260123,15,15_slave_goats_ants_feathers,0.5640559
eys0723270124,7,7_street_streets_fence_corner,1.0
eys0723390136,14,14_gyeongsang_jeolla_country_blow,1.0
eys0723640173,15,15_slave_goats_ants_feathers,0.56395525
eys0723650176,15,15_slave_goats_ants_feathers,0.9356229
eys0723920234,0,0_dear_sorrow_wish_weaving,0.0
eys0724140291,14,14_gyeongsang_jeolla_country_blow,0.5090646
eys0724150294,15,15_slave_goats_ants_feathers,0.8710281
eys0724230311,15,15_slave_goats_ants_feathers,1.0
eys0724230312,15,15_slave_goats_ants_feathers,0.5049158
eys0724230314,15,15_slave_goats_ants_feathers,1.0
eys072425315f,15,15_slave_goats_ants_feathers,1.0
eys0724270322,0,0_dear_sorrow_wish_weaving,0.0
eys0724530389,9,9_wreath_wreaths_wreath wreath_periwinkle,0.5824288
eys0724530390,15,15_slave_goats_ants_feathers,0.4326956
eys0724620404,15,15_slave_goats_ants_feathers,0.9013132
eys0724660419,0,0_dear_sorrow_wish_weaving,0.0
eys0724730432,7,7_street_streets_fence_corner,0.6599552
eys0724740434,0,0_dear_sorrow_wish_weaving,0.0
eys0724960461,12,12_orphans_trees_plowed field_wilderness,1.0
eys0724990466,12,12_orphans_trees_plowed field_wilderness,0.5544668
eys0725050474,14,14_gyeongsang_jeolla_country_blow,1.0
eys0804210158,0,0_dear_sorrow_wish_weaving,0.0
eys0805640073,0,0_dear_sorrow_wish_weaving,0.0
eys0806100139,0,0_dear_sorrow_wish_weaving,0.0
eys0806220156,18,18_farmer_rye_oats_horses,1.0
eys0806380184,0,0_dear_sorrow_wish_weaving,0.0
eys0806460199,18,18_farmer_rye_oats_horses,1.0
eys0806500207,0,0_dear_sorrow_wish_weaving,0.0
eys0806970284,14,14_gyeongsang_jeolla_country_blow,0.7132711
eys0807240304,15,15_slave_goats_ants_feathers,1.0
eys0807510353,0,0_dear_sorrow_wish_weaving,0.0
eys0807620367,0,0_dear_sorrow_wish_weaving,0.0
eys0807670376,18,18_farmer_rye_oats_horses,1.0
eys0807770388,15,15_slave_goats_ants_feathers,0.75771934
eys0807980418,15,15_slave_goats_ants_feathers,0.5128325
eys0808060430,0,0_dear_sorrow_wish_weaving,0.0
eys0808140446,13,13_september_thirty_march_summer,1.0
eys0808400487,0,0_dear_sorrow_wish_weaving,0.0
eys0808430493,11,11_little horses_horses_maids_altar,1.0
eys0811590023,0,0_dear_sorrow_wish_weaving,0.0
eys0811630029,0,0_dear_sorrow_wish_weaving,0.0
eys0900800072,13,13_september_thirty_march_summer,1.0
eys090085077c,0,0_dear_sorrow_wish_weaving,0.0
eys0909590024,18,18_farmer_rye_oats_horses,1.0
eys0909630031,9,9_wreath_wreaths_wreath wreath_periwinkle,0.82454556
eys0909690039,18,18_farmer_rye_oats_horses,0.81286776
eys0909790055,0,0_dear_sorrow_wish_weaving,0.0
eys0909800057,15,15_slave_goats_ants_feathers,1.0
eys0909880071,0,0_dear_sorrow_wish_weaving,0.0
eys0909990086,15,15_slave_goats_ants_feathers,0.75143796
eys0910090099,15,15_slave_goats_ants_feathers,1.0
eys0910160115,15,15_slave_goats_ants_feathers,0.7076669
eys0910180120,15,15_slave_goats_ants_feathers,0.63787013
eys0910310136,7,7_street_streets_fence_corner,0.79354936
eys0910480159,15,15_slave_goats_ants_feathers,1.0
eys0910520165,17,17_mocking_squirrel_don laugh_laugh,0.63583493
eys0911700153,10,10_young cossack_cossack_horseback_love young,1.0
eys0911700155,15,15_slave_goats_ants_feathers,0.70605433
eys1022420014,5,5_horses_grazing_maidens_clover,0.31811598
eys1022440019,0,0_dear_sorrow_wish_weaving,0.0
eys1022470027,0,0_dear_sorrow_wish_weaving,0.0
eys1022560044,11,11_little horses_horses_maids_altar,1.0
eys1023200149,0,0_dear_sorrow_wish_weaving,0.0
eys1023240157,14,14_gyeongsang_jeolla_country_blow,0.6934146
eys1023460176,18,18_farmer_rye_oats_horses,1.0
eys1023730205,15,15_slave_goats_ants_feathers,0.6548821
eys1025760038,15,15_slave_goats_ants_feathers,1.0
eys1026690218,15,15_slave_goats_ants_feathers,0.61193603
eys1026730227,15,15_slave_goats_ants_feathers,0.8710281
eys1026730228,0,0_dear_sorrow_wish_weaving,0.0
eys1026730229,14,14_gyeongsang_jeolla_country_blow,1.0
eys1026730230,0,0_dear_sorrow_wish_weaving,0.0
eys1029030073,11,11_little horses_horses_maids_altar,1.0
h10101240002,0,0_dear_sorrow_wish_weaving,0.0
h10101530032,15,15_slave_goats_ants_feathers,1.0
h10102010036,15,15_slave_goats_ants_feathers,0.71082157
h10102090053,14,14_gyeongsang_jeolla_country_blow,1.0
h10102120057,14,14_gyeongsang_jeolla_country_blow,0.7160792
h10102190069,15,15_slave_goats_ants_feathers,1.0
h10102260084,0,0_dear_sorrow_wish_weaving,0.0
h10102260086,18,18_farmer_rye_oats_horses,1.0
h10102450126,18,18_farmer_rye_oats_horses,1.0
h10102570148,0,0_dear_sorrow_wish_weaving,0.0
h10102630162,0,0_dear_sorrow_wish_weaving,0.0
h10700360016,15,15_slave_goats_ants_feathers,1.0
h10700380021,15,15_slave_goats_ants_feathers,1.0
h10700430032,14,14_gyeongsang_jeolla_country_blow,0.8571693
h10700580055,18,18_farmer_rye_oats_horses,1.0
h20102670394,0,0_dear_sorrow_wish_weaving,0.0
h20102730403,15,15_slave_goats_ants_feathers,0.89060545
h21005360311,0,0_dear_sorrow_wish_weaving,0.0
h21109510005,13,13_september_thirty_march_summer,0.56868476
h21109530008,18,18_farmer_rye_oats_horses,0.7575404
h21300330003,0,0_dear_sorrow_wish_weaving,0.0
h21300440016,14,14_gyeongsang_jeolla_country_blow,0.88714164
h21300480022,15,15_slave_goats_ants_feathers,0.65781444
h21300580031,15,15_slave_goats_ants_feathers,0.6606219
h21300590032,9,9_wreath_wreaths_wreath wreath_periwinkle,1.0
h21300590033,0,0_dear_sorrow_wish_weaving,0.0
h21300930039,9,9_wreath_wreaths_wreath wreath_periwinkle,1.0
h21301120066,10,10_young cossack_cossack_horseback_love young,1.0
h21301160003,14,14_gyeongsang_jeolla_country_blow,1.0
h21301230013,14,14_gyeongsang_jeolla_country_blow,1.0
h21301940019,18,18_farmer_rye_oats_horses,1.0
h21301990025,15,15_slave_goats_ants_feathers,1.0
h21302030031,13,13_september_thirty_march_summer,0.5455718
h21302660033,18,18_farmer_rye_oats_horses,1.0
h21302860001,0,0_dear_sorrow_wish_weaving,0.0
h21302870003,18,18_farmer_rye_oats_horses,1.0
h21303380011,13,13_september_thirty_march_summer,0.51116234
h21303460011,18,18_farmer_rye_oats_horses,0.86522233
h21305210029,16,16_song praise_cheerful song_sing song_sing,0.41374958
h21305420051,0,0_dear_sorrow_wish_weaving,0.0
h21305460056,14,14_gyeongsang_jeolla_country_blow,1.0
h21305520061,0,0_dear_sorrow_wish_weaving,0.0
h21305520062,12,12_orphans_trees_plowed field_wilderness,0.55849624
h21305540065,7,7_street_streets_fence_corner,0.572081
h21306020002,15,15_slave_goats_ants_feathers,0.9280315
h21306350002,0,0_dear_sorrow_wish_weaving,0.0
h21306430021,15,15_slave_goats_ants_feathers,0.92467403
h21306460031,17,17_mocking_squirrel_don laugh_laugh,0.5000979
h21306510001,0,0_dear_sorrow_wish_weaving,0.0
h21307600020,14,14_gyeongsang_jeolla_country_blow,0.6191548
h21307670025,0,0_dear_sorrow_wish_weaving,0.0
h21400170019,14,14_gyeongsang_jeolla_country_blow,1.0
h21400320041,15,15_slave_goats_ants_feathers,0.70173174
h21400350045,0,0_dear_sorrow_wish_weaving,0.0
h21400350046,14,14_gyeongsang_jeolla_country_blow,1.0
h21400480067,0,0_dear_sorrow_wish_weaving,0.0
h21400490068,0,0_dear_sorrow_wish_weaving,0.0
h21400630081,13,13_september_thirty_march_summer,1.0
h21401190015,15,15_slave_goats_ants_feathers,0.860208
h21401360007,0,0_dear_sorrow_wish_weaving,0.0
h21401360008,0,0_dear_sorrow_wish_weaving,0.0
h21403390003,18,18_farmer_rye_oats_horses,0.5470608
h21404030006,15,15_slave_goats_ants_feathers,1.0
h21404270018,6,6_poplar_eyebrows_bright_boast,1.0
h21404420011,16,16_song praise_cheerful song_sing song_sing,0.50031394
h21404690014,15,15_slave_goats_ants_feathers,1.0
h21404750002,0,0_dear_sorrow_wish_weaving,0.0
h21406300008,14,14_gyeongsang_jeolla_country_blow,1.0
h22600770027,0,0_dear_sorrow_wish_weaving,0.0
h22600890044,10,10_young cossack_cossack_horseback_love young,1.0
h22600920051,18,18_farmer_rye_oats_horses,0.60637766
h22609110003,12,12_orphans_trees_plowed field_wilderness,0.83636326
h23806420005,18,18_farmer_rye_oats_horses,1.0
h23807140110,18,18_farmer_rye_oats_horses,1.0
h23807420007,13,13_september_thirty_march_summer,0.70086455
h23807550002,9,9_wreath_wreaths_wreath wreath_periwinkle,0.8535647
h2390907900a,15,15_slave_goats_ants_feathers,0.47017807
h24000861030,15,15_slave_goats_ants_feathers,0.5337739
h24000891034,0,0_dear_sorrow_wish_weaving,0.0
h24000921038,12,12_orphans_trees_plowed field_wilderness,1.0
h24001941191,0,0_dear_sorrow_wish_weaving,0.0
h24010620005,15,15_slave_goats_ants_feathers,0.8301205
h24607790006,14,14_gyeongsang_jeolla_country_blow,0.6972131
h24608220004,9,9_wreath_wreaths_wreath wreath_periwinkle,1.0
h24608360020,9,9_wreath_wreaths_wreath wreath_periwinkle,0.3802105
h24701150013,0,0_dear_sorrow_wish_weaving,0.0
h25705630001,0,0_dear_sorrow_wish_weaving,0.0
h25706310015,18,18_farmer_rye_oats_horses,1.0
h26502880023,12,12_orphans_trees_plowed field_wilderness,0.3591057
h26503430015,7,7_street_streets_fence_corner,1.0
h26804740023,7,7_street_streets_fence_corner,0.85437465
h30101590010,15,15_slave_goats_ants_feathers,0.7829222
h30101600011,18,18_farmer_rye_oats_horses,1.0
h30101610013,15,15_slave_goats_ants_feathers,1.0
h30302590007,18,18_farmer_rye_oats_horses,1.0
h30400190003,9,9_wreath_wreaths_wreath wreath_periwinkle,1.0
h30401080017,0,0_dear_sorrow_wish_weaving,0.0
h31204630004,15,15_slave_goats_ants_feathers,0.92810225
h31204800002,0,0_dear_sorrow_wish_weaving,0.0
h31701210009,15,15_slave_goats_ants_feathers,1.0
h31701490006,15,15_slave_goats_ants_feathers,1.0
h31703770039,0,0_dear_sorrow_wish_weaving,0.0
h31707230002,9,9_wreath_wreaths_wreath wreath_periwinkle,0.718268
h31707310005,6,6_poplar_eyebrows_bright_boast,0.8127126
h31709450003,14,14_gyeongsang_jeolla_country_blow,0.8691194
h31709470005,17,17_mocking_squirrel_don laugh_laugh,0.50885415
h31800770002,13,13_september_thirty_march_summer,1.0
h31800980005,5,5_horses_grazing_maidens_clover,0.7533416
h32301990018,18,18_farmer_rye_oats_horses,1.0
h40102880002,18,18_farmer_rye_oats_horses,0.48447376
h40102920005,6,6_poplar_eyebrows_bright_boast,1.0
h40102950009,14,14_gyeongsang_jeolla_country_blow,0.783546
h40102980013,0,0_dear_sorrow_wish_weaving,0.0
h40103070006,0,0_dear_sorrow_wish_weaving,0.0
h40103470004,9,9_wreath_wreaths_wreath wreath_periwinkle,0.82610697
h40103750018,18,18_farmer_rye_oats_horses,0.55128664
h40103760021,15,15_slave_goats_ants_feathers,1.0
hgrq01770055,7,7_street_streets_fence_corner,0.70921177
hgrq01810065,0,0_dear_sorrow_wish_weaving,0.0
hgrq01880081,15,15_slave_goats_ants_feathers,1.0
hgrq01950098,0,0_dear_sorrow_wish_weaving,0.0
tem1300200015,14,14_gyeongsang_jeolla_country_blow,0.5085428
HPod_1,0,0_dear_sorrow_wish_weaving,0.0
HPod_4,11,11_little horses_horses_maids_altar,1.0
HPod_9,18,18_farmer_rye_oats_horses,1.0
HPod_11,16,16_song praise_cheerful song_sing song_sing,0.44948506
HPod_12,16,16_song praise_cheerful song_sing song_sing,1.0
HPod_13,0,0_dear_sorrow_wish_weaving,0.0
HPod_15,17,17_mocking_squirrel_don laugh_laugh,1.0
HPod_16,0,0_dear_sorrow_wish_weaving,0.0
HPod_18,0,0_dear_sorrow_wish_weaving,0.0
HPod_19,17,17_mocking_squirrel_don laugh_laugh,1.0
HPod_21,18,18_farmer_rye_oats_horses,0.5518019
HPod_22,14,14_gyeongsang_jeolla_country_blow,0.50560904
HPod_23,7,7_street_streets_fence_corner,1.0
HPod_24,10,10_young cossack_cossack_horseback_love young,0.5208149
HPod_27,14,14_gyeongsang_jeolla_country_blow,1.0
HPod_28,0,0_dear_sorrow_wish_weaving,0.0
HPod_30,17,17_mocking_squirrel_don laugh_laugh,1.0
HPod_31,18,18_farmer_rye_oats_horses,0.55780846
HPod_32,6,6_poplar_eyebrows_bright_boast,0.77336776
HPod_33,18,18_farmer_rye_oats_horses,0.5277887
HPod_34,9,9_wreath_wreaths_wreath wreath_periwinkle,0.49253857
HPod_37,11,11_little horses_horses_maids_altar,1.0
HPod_41,14,14_gyeongsang_jeolla_country_blow,0.53755534
HPod_42,14,14_gyeongsang_jeolla_country_blow,1.0
HPod_43,0,0_dear_sorrow_wish_weaving,0.0
HPod_44,18,18_farmer_rye_oats_horses,1.0
HPod_45,18,18_farmer_rye_oats_horses,1.0
HPod_46,12,12_orphans_trees_plowed field_wilderness,1.0
HPod_48,0,0_dear_sorrow_wish_weaving,0.0
HPod_49,18,18_farmer_rye_oats_horses,1.0
HPod_50,14,14_gyeongsang_jeolla_country_blow,1.0
HPod_51,0,0_dear_sorrow_wish_weaving,0.0
HPod_52,0,0_dear_sorrow_wish_weaving,0.0
HPod_53,0,0_dear_sorrow_wish_weaving,0.0
HPod_54,0,0_dear_sorrow_wish_weaving,0.0
HPod_55,0,0_dear_sorrow_wish_weaving,0.0
HPod_56,14,14_gyeongsang_jeolla_country_blow,1.0
HPod_57,18,18_farmer_rye_oats_horses,1.0
HPod_58,0,0_dear_sorrow_wish_weaving,0.0
HPod_59,11,11_little horses_horses_maids_altar,1.0
HPod_60,18,18_farmer_rye_oats_horses,1.0
HPod_65,18,18_farmer_rye_oats_horses,0.6665133
HPod_67,0,0_dear_sorrow_wish_weaving,0.0
HPod_70,18,18_farmer_rye_oats_horses,0.4066642
HPod_71,18,18_farmer_rye_oats_horses,1.0
HPod_72,18,18_farmer_rye_oats_horses,1.0
HPod_75,9,9_wreath_wreaths_wreath wreath_periwinkle,0.7839382
HPod_77,0,0_dear_sorrow_wish_weaving,0.0
HPod_78,18,18_farmer_rye_oats_horses,1.0
HPod_82,18,18_farmer_rye_oats_horses,0.53264374
HPod_84,18,18_farmer_rye_oats_horses,1.0
HPod_85,11,11_little horses_horses_maids_altar,0.8386235
HPod_86,0,0_dear_sorrow_wish_weaving,0.0
HPod_87,17,17_mocking_squirrel_don laugh_laugh,0.7990172
HPod_88,0,0_dear_sorrow_wish_weaving,0.0
HPod_89,0,0_dear_sorrow_wish_weaving,0.0
HPod_94,18,18_farmer_rye_oats_horses,1.0
HPod_95,0,0_dear_sorrow_wish_weaving,0.0
HPod_97,0,0_dear_sorrow_wish_weaving,0.0
HPod_98,11,11_little horses_horses_maids_altar,1.0
HPod_99,0,0_dear_sorrow_wish_weaving,0.0
HPod_100,18,18_farmer_rye_oats_horses,1.0
HPod_101,18,18_farmer_rye_oats_horses,1.0
HPod_102,18,18_farmer_rye_oats_horses,0.88243127
HPod_107,18,18_farmer_rye_oats_horses,0.6647891
HPod_108,0,0_dear_sorrow_wish_weaving,0.0
HPod_110,0,0_dear_sorrow_wish_weaving,0.0
HPod_112,9,9_wreath_wreaths_wreath wreath_periwinkle,1.0
HPod_115,0,0_dear_sorrow_wish_weaving,0.0
HPod_116,0,0_dear_sorrow_wish_weaving,0.0
HPod_118,0,0_dear_sorrow_wish_weaving,0.0
HPod_122,13,13_september_thirty_march_summer,1.0
HPod_123,0,0_dear_sorrow_wish_weaving,0.0
HPod_125,9,9_wreath_wreaths_wreath wreath_periwinkle,1.0
HPod_126,18,18_farmer_rye_oats_horses,1.0
HPod_127,9,9_wreath_wreaths_wreath wreath_periwinkle,0.8040255
HPod_128,0,0_dear_sorrow_wish_weaving,0.0
HPod_129,18,18_farmer_rye_oats_horses,0.8183186
HPod_130,17,17_mocking_squirrel_don laugh_laugh,1.0
HPod_131,0,0_dear_sorrow_wish_weaving,0.0
HPod_132,18,18_farmer_rye_oats_horses,1.0
HPod_133,3,3_saint nicholas_saint_nicholas_holy evening,0.3961253
HPod_134,0,0_dear_sorrow_wish_weaving,0.0
HPod_135,18,18_farmer_rye_oats_horses,1.0
HPod_136,18,18_farmer_rye_oats_horses,0.620632
HPod_141,0,0_dear_sorrow_wish_weaving,0.0
HPod_143,9,9_wreath_wreaths_wreath wreath_periwinkle,0.6104168
HPod_148,16,16_song praise_cheerful song_sing song_sing,1.0
HPod_149,17,17_mocking_squirrel_don laugh_laugh,1.0
HPod_150,0,0_dear_sorrow_wish_weaving,0.0
HPod_151,9,9_wreath_wreaths_wreath wreath_periwinkle,0.81040365
HPod_155,0,0_dear_sorrow_wish_weaving,0.0
HPod_156,18,18_farmer_rye_oats_horses,0.8063224
HPod_159,18,18_farmer_rye_oats_horses,0.780587
HPod_160,0,0_dear_sorrow_wish_weaving,0.0
HPod_162,0,0_dear_sorrow_wish_weaving,0.0
HPod_163,13,13_september_thirty_march_summer,1.0
HPod_166,18,18_farmer_rye_oats_horses,0.67611325
HPod_167,6,6_poplar_eyebrows_bright_boast,0.6693182
HPod_168,0,0_dear_sorrow_wish_weaving,0.0
HPod_169,0,0_dear_sorrow_wish_weaving,0.0
HPod_170,14,14_gyeongsang_jeolla_country_blow,1.0
HPod_171,18,18_farmer_rye_oats_horses,1.0
HPod_174,18,18_farmer_rye_oats_horses,0.75741386
HPod_176,0,0_dear_sorrow_wish_weaving,0.0
HPod_177,17,17_mocking_squirrel_don laugh_laugh,0.6047388
HPod_183,18,18_farmer_rye_oats_horses,0.492108
HPod_185,9,9_wreath_wreaths_wreath wreath_periwinkle,1.0
HPod_187,0,0_dear_sorrow_wish_weaving,0.0
HPod_188,18,18_farmer_rye_oats_horses,0.6822717
HPod_189,14,14_gyeongsang_jeolla_country_blow,0.5078061
HPod_190,16,16_song praise_cheerful song_sing song_sing,0.6316325
HPod_191,13,13_september_thirty_march_summer,1.0
HPod_192,0,0_dear_sorrow_wish_weaving,0.0
HPod_194,0,0_dear_sorrow_wish_weaving,0.0
HPod_195,9,9_wreath_wreaths_wreath wreath_periwinkle,1.0
HPod_196,9,9_wreath_wreaths_wreath wreath_periwinkle,1.0
HPod_197,0,0_dear_sorrow_wish_weaving,0.0
HPod_199,13,13_september_thirty_march_summer,0.33903953
HPod_203,14,14_gyeongsang_jeolla_country_blow,0.5310562
HPod_204,0,0_dear_sorrow_wish_weaving,0.0
HPod_205,14,14_gyeongsang_jeolla_country_blow,1.0
HPod_206,18,18_farmer_rye_oats_horses,0.7655821
HPod_208,16,16_song praise_cheerful song_sing song_sing,1.0
HPod_209,0,0_dear_sorrow_wish_weaving,0.0
HPod_211,18,18_farmer_rye_oats_horses,0.513316
HPod_212,11,11_little horses_horses_maids_altar,1.0
HPod_214,0,0_dear_sorrow_wish_weaving,0.0
HPod_222,0,0_dear_sorrow_wish_weaving,0.0
HPod_225,13,13_september_thirty_march_summer,1.0
HPod_226,18,18_farmer_rye_oats_horses,1.0
HPod_227,18,18_farmer_rye_oats_horses,0.7041888
HPod_230,0,0_dear_sorrow_wish_weaving,0.0
HPod_232,0,0_dear_sorrow_wish_weaving,0.0
HPod_233,3,3_saint nicholas_saint_nicholas_holy evening,0.45447305
HPod_234,0,0_dear_sorrow_wish_weaving,0.0
HPod_235,11,11_little horses_horses_maids_altar,0.693897
HPod_236,17,17_mocking_squirrel_don laugh_laugh,0.5600787
HPod_239,18,18_farmer_rye_oats_horses,0.6000813
HPod_241,0,0_dear_sorrow_wish_weaving,0.0
HPod_243,17,17_mocking_squirrel_don laugh_laugh,1.0
HPod_245,0,0_dear_sorrow_wish_weaving,0.0
HPod_247,18,18_farmer_rye_oats_horses,0.48684806
HPod_251,14,14_gyeongsang_jeolla_country_blow,1.0
HPod_253,0,0_dear_sorrow_wish_weaving,0.0
HPod_254,0,0_dear_sorrow_wish_weaving,0.0
HPod_255,16,16_song praise_cheerful song_sing song_sing,1.0
HPod_256,18,18_farmer_rye_oats_horses,1.0
HPod_259,17,17_mocking_squirrel_don laugh_laugh,1.0
HPod_262,16,16_song praise_cheerful song_sing song_sing,0.6693243
HPod_264,18,18_farmer_rye_oats_horses,1.0
HPod_265,18,18_farmer_rye_oats_horses,0.6414841
HPod_267,0,0_dear_sorrow_wish_weaving,0.0
HPod_268,0,0_dear_sorrow_wish_weaving,0.0
HPod_269,18,18_farmer_rye_oats_horses,1.0
HPod_271,0,0_dear_sorrow_wish_weaving,0.0
HPod_276,6,6_poplar_eyebrows_bright_boast,1.0
HPod_278,14,14_gyeongsang_jeolla_country_blow,1.0
HPod_279,16,16_song praise_cheerful song_sing song_sing,1.0
HPod_282,18,18_farmer_rye_oats_horses,1.0
HPod_284,17,17_mocking_squirrel_don laugh_laugh,1.0
HPod_285,10,10_young cossack_cossack_horseback_love young,1.0
HPod_287,18,18_farmer_rye_oats_horses,1.0
HPod_288,16,16_song praise_cheerful song_sing song_sing,0.7812585
HPod_289,0,0_dear_sorrow_wish_weaving,0.0
HPod_290,0,0_dear_sorrow_wish_weaving,0.0
HPod_292,18,18_farmer_rye_oats_horses,0.39788324
HPod_294,17,17_mocking_squirrel_don laugh_laugh,1.0
HPod_295,9,9_wreath_wreaths_wreath wreath_periwinkle,0.5476016
HPod_298,0,0_dear_sorrow_wish_weaving,0.0
HPod_299,13,13_september_thirty_march_summer,0.51116234
HPod_300,0,0_dear_sorrow_wish_weaving,0.0
HPod_302,0,0_dear_sorrow_wish_weaving,0.0
HPod_303,0,0_dear_sorrow_wish_weaving,0.0
HPod_305,16,16_song praise_cheerful song_sing song_sing,1.0
HPod_306,14,14_gyeongsang_jeolla_country_blow,1.0
HPod_307,11,11_little horses_horses_maids_altar,1.0
HPod_308,16,16_song praise_cheerful song_sing song_sing,0.5339273
HPod_310,0,0_dear_sorrow_wish_weaving,0.0
HPod_314,18,18_farmer_rye_oats_horses,0.84479225
HPod_318,11,11_little horses_horses_maids_altar,1.0
HPod_319,16,16_song praise_cheerful song_sing song_sing,0.58149356
HPod_322,9,9_wreath_wreaths_wreath wreath_periwinkle,0.35798973
HPod_323,7,7_street_streets_fence_corner,1.0
HPod_324,0,0_dear_sorrow_wish_weaving,0.0
HPod_326,0,0_dear_sorrow_wish_weaving,0.0
HPod_327,18,18_farmer_rye_oats_horses,0.76895
HPod_328,14,14_gyeongsang_jeolla_country_blow,0.7104496
HPod_329,0,0_dear_sorrow_wish_weaving,0.0
HPod_330,6,6_poplar_eyebrows_bright_boast,1.0
HPod_331,0,0_dear_sorrow_wish_weaving,0.0
HPod_332,9,9_wreath_wreaths_wreath wreath_periwinkle,0.5501411
HPod_333,0,0_dear_sorrow_wish_weaving,0.0
HPod_334,14,14_gyeongsang_jeolla_country_blow,1.0
HPod_335,6,6_poplar_eyebrows_bright_boast,1.0
HPod_337,0,0_dear_sorrow_wish_weaving,0.0
HPod_338,0,0_dear_sorrow_wish_weaving,0.0
HPod_341,18,18_farmer_rye_oats_horses,0.7553745
HPod_342,0,0_dear_sorrow_wish_weaving,0.0
HPod_343,11,11_little horses_horses_maids_altar,0.53652936
HPod_346,14,14_gyeongsang_jeolla_country_blow,1.0
HPod_348,0,0_dear_sorrow_wish_weaving,0.0
HPod_350,18,18_farmer_rye_oats_horses,0.7368629
HPod_352,16,16_song praise_cheerful song_sing song_sing,0.6387892
HPod_353,18,18_farmer_rye_oats_horses,1.0
HPod_354,3,3_saint nicholas_saint_nicholas_holy evening,0.6798944
HPod_355,7,7_street_streets_fence_corner,0.8659248
HPod_357,6,6_poplar_eyebrows_bright_boast,0.68669003
HPod_358,17,17_mocking_squirrel_don laugh_laugh,1.0
HPod_359,16,16_song praise_cheerful song_sing song_sing,0.5447854
HPod_360,13,13_september_thirty_march_summer,0.52850336
HPod_362,0,0_dear_sorrow_wish_weaving,0.0
HPod_365,0,0_dear_sorrow_wish_weaving,0.0
HPod_366,6,6_poplar_eyebrows_bright_boast,0.773324
HPod_367,18,18_farmer_rye_oats_horses,0.84521884
HPod_370,13,13_september_thirty_march_summer,1.0
HPod_371,18,18_farmer_rye_oats_horses,1.0
HPod_372,18,18_farmer_rye_oats_horses,0.5540627
HPod_373,11,11_little horses_horses_maids_altar,1.0
HPod_374,0,0_dear_sorrow_wish_weaving,0.0
HPod_375,0,0_dear_sorrow_wish_weaving,0.0
HPod_376,16,16_song praise_cheerful song_sing song_sing,1.0
HPod_377,0,0_dear_sorrow_wish_weaving,0.0
HPod_379,0,0_dear_sorrow_wish_weaving,0.0
HPod_380,9,9_wreath_wreaths_wreath wreath_periwinkle,0.8640297
HPod_381,9,9_wreath_wreaths_wreath wreath_periwinkle,0.683331
HPod_382,17,17_mocking_squirrel_don laugh_laugh,1.0
HPod_383,0,0_dear_sorrow_wish_weaving,0.0
HPod_384,9,9_wreath_wreaths_wreath wreath_periwinkle,1.0
HPod_385,0,0_dear_sorrow_wish_weaving,0.0
HPod_386,0,0_dear_sorrow_wish_weaving,0.0
HPod_388,18,18_farmer_rye_oats_horses,0.55780846
HPod_389,0,0_dear_sorrow_wish_weaving,0.0
HPod_390,7,7_street_streets_fence_corner,1.0
HPod_391,14,14_gyeongsang_jeolla_country_blow,0.53993994
HPod_392,0,0_dear_sorrow_wish_weaving,0.0
HPod_394,0,0_dear_sorrow_wish_weaving,0.0
HPod_396,11,11_little horses_horses_maids_altar,1.0
HPod_400,14,14_gyeongsang_jeolla_country_blow,0.51846105
HPod_401,17,17_mocking_squirrel_don laugh_laugh,0.5852658
HPod_402,0,0_dear_sorrow_wish_weaving,0.0
HPod_403,18,18_farmer_rye_oats_horses,1.0
HPod_404,0,0_dear_sorrow_wish_weaving,0.0
HPod_405,18,18_farmer_rye_oats_horses,0.57039475
HPod_409,0,0_dear_sorrow_wish_weaving,0.0
HPod_410,14,14_gyeongsang_jeolla_country_blow,1.0
HPod_411,11,11_little horses_horses_maids_altar,1.0
HPod_413,16,16_song praise_cheerful song_sing song_sing,1.0
HPod_415,0,0_dear_sorrow_wish_weaving,0.0
HPod_416,18,18_farmer_rye_oats_horses,1.0
HPod_417,18,18_farmer_rye_oats_horses,1.0
HPod_419,18,18_farmer_rye_oats_horses,0.8041738
HPod_421,14,14_gyeongsang_jeolla_country_blow,1.0
HPod_423,18,18_farmer_rye_oats_horses,1.0
HPod_424,2,2_married life_sister_husband_mother law,0.64720273
HPod_426,0,0_dear_sorrow_wish_weaving,0.0
HPod_427,0,0_dear_sorrow_wish_weaving,0.0
HPod_429,18,18_farmer_rye_oats_horses,0.6646603
HPod_430,0,0_dear_sorrow_wish_weaving,0.0
HPod_433,0,0_dear_sorrow_wish_weaving,0.0
HPod_434,18,18_farmer_rye_oats_horses,0.6564781
HPod_436,14,14_gyeongsang_jeolla_country_blow,0.3752388
HPod_438,0,0_dear_sorrow_wish_weaving,0.0
HPod_439,18,18_farmer_rye_oats_horses,1.0
HPod_440,0,0_dear_sorrow_wish_weaving,0.0
HPod_442,18,18_farmer_rye_oats_horses,0.38002715
HPod_444,16,16_song praise_cheerful song_sing song_sing,1.0
HPod_445,17,17_mocking_squirrel_don laugh_laugh,0.680886
HPod_446,14,14_gyeongsang_jeolla_country_blow,1.0
HPod_448,18,18_farmer_rye_oats_horses,1.0
HPod_450,14,14_gyeongsang_jeolla_country_blow,0.69757485
HPod_453,0,0_dear_sorrow_wish_weaving,0.0
HPod_454,0,0_dear_sorrow_wish_weaving,0.0
HPod_455,17,17_mocking_squirrel_don laugh_laugh,1.0
HPod_462,0,0_dear_sorrow_wish_weaving,0.0
HPod_463,16,16_song praise_cheerful song_sing song_sing,1.0
HPod_464,14,14_gyeongsang_jeolla_country_blow,1.0
HPod_465,0,0_dear_sorrow_wish_weaving,0.0
HPod_466,18,18_farmer_rye_oats_horses,1.0
HPod_467,0,0_dear_sorrow_wish_weaving,0.0
HPod_469,0,0_dear_sorrow_wish_weaving,0.0
HPod_470,15,15_slave_goats_ants_feathers,1.0
HPod_471,18,18_farmer_rye_oats_horses,0.81614494
HPod_472,18,18_farmer_rye_oats_horses,0.50840193
HPod_475,0,0_dear_sorrow_wish_weaving,0.0
HPod_476,0,0_dear_sorrow_wish_weaving,0.0
HPod_477,0,0_dear_sorrow_wish_weaving,0.0
HPod_478,0,0_dear_sorrow_wish_weaving,0.0
HPod_480,0,0_dear_sorrow_wish_weaving,0.0
HPod_481,0,0_dear_sorrow_wish_weaving,0.0
HPod_482,0,0_dear_sorrow_wish_weaving,0.0
HPod_483,14,14_gyeongsang_jeolla_country_blow,1.0
HPod_484,17,17_mocking_squirrel_don laugh_laugh,1.0
HPod_485,18,18_farmer_rye_oats_horses,1.0
HPod_486,9,9_wreath_wreaths_wreath wreath_periwinkle,0.6709289
HPod_487,0,0_dear_sorrow_wish_weaving,0.0
HPod_488,0,0_dear_sorrow_wish_weaving,0.0
HPod_489,0,0_dear_sorrow_wish_weaving,0.0
HPod_490,0,0_dear_sorrow_wish_weaving,0.0
HPod_491,16,16_song praise_cheerful song_sing song_sing,1.0
HPod_493,0,0_dear_sorrow_wish_weaving,0.0
HPod_494,15,15_slave_goats_ants_feathers,1.0
HPod_497,0,0_dear_sorrow_wish_weaving,0.0
HPod_498,18,18_farmer_rye_oats_horses,0.3526429
HPod_500,0,0_dear_sorrow_wish_weaving,0.0
HPod_501,0,0_dear_sorrow_wish_weaving,0.0
HPod_502,14,14_gyeongsang_jeolla_country_blow,0.7611956
HPod_506,0,0_dear_sorrow_wish_weaving,0.0
HPod_508,0,0_dear_sorrow_wish_weaving,0.0
HPod_509,0,0_dear_sorrow_wish_weaving,0.0
HPod_511,0,0_dear_sorrow_wish_weaving,0.0
HPod_512,0,0_dear_sorrow_wish_weaving,0.0
HPod_514,0,0_dear_sorrow_wish_weaving,0.0
HPod_516,0,0_dear_sorrow_wish_weaving,0.0
HPod_517,0,0_dear_sorrow_wish_weaving,0.0
HPod_518,0,0_dear_sorrow_wish_weaving,0.0
HPod_519,0,0_dear_sorrow_wish_weaving,0.0
HPod_523,0,0_dear_sorrow_wish_weaving,0.0
HPod_524,17,17_mocking_squirrel_don laugh_laugh,1.0
HPod_526,13,13_september_thirty_march_summer,1.0
HPod_527,0,0_dear_sorrow_wish_weaving,0.0
HPod_528,11,11_little horses_horses_maids_altar,0.5322311
HPod_529,0,0_dear_sorrow_wish_weaving,0.0
HPod_530,0,0_dear_sorrow_wish_weaving,0.0
HPod_532,0,0_dear_sorrow_wish_weaving,0.0
HPod_533,11,11_little horses_horses_maids_altar,1.0
HPod_536,0,0_dear_sorrow_wish_weaving,0.0
HPod_537,0,0_dear_sorrow_wish_weaving,0.0
HPod_538,0,0_dear_sorrow_wish_weaving,0.0
HPod_539,11,11_little horses_horses_maids_altar,1.0
HPod_541,0,0_dear_sorrow_wish_weaving,0.0
HPod_542,0,0_dear_sorrow_wish_weaving,0.0
HPod_543,9,9_wreath_wreaths_wreath wreath_periwinkle,0.46598643
HPod_544,18,18_farmer_rye_oats_horses,1.0
HPod_545,6,6_poplar_eyebrows_bright_boast,0.75949115
HPod_547,0,0_dear_sorrow_wish_weaving,0.0
HPod_548,0,0_dear_sorrow_wish_weaving,0.0
HPod_550,0,0_dear_sorrow_wish_weaving,0.0
HPod_553,0,0_dear_sorrow_wish_weaving,0.0
HPod_555,0,0_dear_sorrow_wish_weaving,0.0
HPod_557,0,0_dear_sorrow_wish_weaving,0.0
HPod_558,17,17_mocking_squirrel_don laugh_laugh,1.0
HPod_559,18,18_farmer_rye_oats_horses,0.5114619
HPod_560,18,18_farmer_rye_oats_horses,1.0
HPod_561,0,0_dear_sorrow_wish_weaving,0.0
HPod_562,0,0_dear_sorrow_wish_weaving,0.0
HPod_563,15,15_slave_goats_ants_feathers,1.0
HPod_564,0,0_dear_sorrow_wish_weaving,0.0
HPod_565,9,9_wreath_wreaths_wreath wreath_periwinkle,1.0
HPod_566,16,16_song praise_cheerful song_sing song_sing,1.0
HPod_567,0,0_dear_sorrow_wish_weaving,0.0
HPod_569,13,13_september_thirty_march_summer,1.0
HPod_570,0,0_dear_sorrow_wish_weaving,0.0
HPod_572,18,18_farmer_rye_oats_horses,0.5605076
HPod_573,9,9_wreath_wreaths_wreath wreath_periwinkle,1.0
HPod_575,13,13_september_thirty_march_summer,1.0
HPod_577,14,14_gyeongsang_jeolla_country_blow,0.67716324
HPod_578,0,0_dear_sorrow_wish_weaving,0.0
HPod_579,18,18_farmer_rye_oats_horses,1.0
HPod_581,0,0_dear_sorrow_wish_weaving,0.0
HPod_582,0,0_dear_sorrow_wish_weaving,0.0
HPod_583,0,0_dear_sorrow_wish_weaving,0.0
HPod_584,11,11_little horses_horses_maids_altar,0.53438056
HPod_586,14,14_gyeongsang_jeolla_country_blow,1.0
HPod_587,0,0_dear_sorrow_wish_weaving,0.0
HPod_588,14,14_gyeongsang_jeolla_country_blow,1.0
HPod_590,0,0_dear_sorrow_wish_weaving,0.0
HPod_591,17,17_mocking_squirrel_don laugh_laugh,0.7799916
HPod_592,17,17_mocking_squirrel_don laugh_laugh,1.0
HPod_595,0,0_dear_sorrow_wish_weaving,0.0
HPod_596,0,0_dear_sorrow_wish_weaving,0.0
HPod_601,11,11_little horses_horses_maids_altar,0.51076573
HPod_602,0,0_dear_sorrow_wish_weaving,0.0
HPod_604,0,0_dear_sorrow_wish_weaving,0.0
HPod_605,0,0_dear_sorrow_wish_weaving,0.0
HPod_606,0,0_dear_sorrow_wish_weaving,0.0
HPod_607,18,18_farmer_rye_oats_horses,1.0
HPod_608,7,7_street_streets_fence_corner,0.86173695
HPod_609,0,0_dear_sorrow_wish_weaving,0.0
HPod_613,18,18_farmer_rye_oats_horses,1.0
HPod_615,0,0_dear_sorrow_wish_weaving,0.0
HPod_618,18,18_farmer_rye_oats_horses,1.0
HPod_619,0,0_dear_sorrow_wish_weaving,0.0
HPod_620,17,17_mocking_squirrel_don laugh_laugh,1.0
HPod_621,0,0_dear_sorrow_wish_weaving,0.0
HPod_622,13,13_september_thirty_march_summer,0.81807125
HPod_625,0,0_dear_sorrow_wish_weaving,0.0
HPod_627,0,0_dear_sorrow_wish_weaving,0.0
HPod_628,0,0_dear_sorrow_wish_weaving,0.0
HPod_631,0,0_dear_sorrow_wish_weaving,0.0
HPod_632,0,0_dear_sorrow_wish_weaving,0.0
HPod_635,14,14_gyeongsang_jeolla_country_blow,0.38808295
HPod_636,18,18_farmer_rye_oats_horses,1.0
HPod_639,18,18_farmer_rye_oats_horses,1.0
HPod_640,9,9_wreath_wreaths_wreath wreath_periwinkle,1.0
HPod_641,18,18_farmer_rye_oats_horses,1.0
HPod_644,18,18_farmer_rye_oats_horses,1.0
HPod_645,0,0_dear_sorrow_wish_weaving,0.0
HPod_648,9,9_wreath_wreaths_wreath wreath_periwinkle,1.0
HPod_649,14,14_gyeongsang_jeolla_country_blow,1.0
HPod_650,11,11_little horses_horses_maids_altar,1.0
HPod_651,0,0_dear_sorrow_wish_weaving,0.0
HPod_653,18,18_farmer_rye_oats_horses,1.0
HPod_654,18,18_farmer_rye_oats_horses,0.8595001
HPod_655,0,0_dear_sorrow_wish_weaving,0.0
HPod_656,9,9_wreath_wreaths_wreath wreath_periwinkle,0.6167831
HPod_657,0,0_dear_sorrow_wish_weaving,0.0
HPod_658,18,18_farmer_rye_oats_horses,0.65069425
HPod_659,0,0_dear_sorrow_wish_weaving,0.0
HPod_660,18,18_farmer_rye_oats_horses,0.67517614
HPod_661,18,18_farmer_rye_oats_horses,1.0
HPod_663,0,0_dear_sorrow_wish_weaving,0.0
HPod_664,18,18_farmer_rye_oats_horses,0.49029255
HPod_665,0,0_dear_sorrow_wish_weaving,0.0
HPod_667,18,18_farmer_rye_oats_horses,1.0
HPod_668,0,0_dear_sorrow_wish_weaving,0.0
HPod_669,0,0_dear_sorrow_wish_weaving,0.0
HPod_670,13,13_september_thirty_march_summer,0.5094731
HPod_671,0,0_dear_sorrow_wish_weaving,0.0
HPod_673,0,0_dear_sorrow_wish_weaving,0.0
HPod_674,18,18_farmer_rye_oats_horses,1.0
HPod_675,0,0_dear_sorrow_wish_weaving,0.0
HPod_677,11,11_little horses_horses_maids_altar,1.0
HPod_679,15,15_slave_goats_ants_feathers,0.53821445
HPod_680,18,18_farmer_rye_oats_horses,0.7145898
HPod_681,0,0_dear_sorrow_wish_weaving,0.0
HPod_683,9,9_wreath_wreaths_wreath wreath_periwinkle,0.5509181
HPod_684,0,0_dear_sorrow_wish_weaving,0.0
HPod_685,0,0_dear_sorrow_wish_weaving,0.0
HPod_686,5,5_horses_grazing_maidens_clover,0.7133339
HPod_687,11,11_little horses_horses_maids_altar,1.0
HPod_688,0,0_dear_sorrow_wish_weaving,0.0
HPod_690,18,18_farmer_rye_oats_horses,0.649884
HPod_691,0,0_dear_sorrow_wish_weaving,0.0
HPod_692,0,0_dear_sorrow_wish_weaving,0.0
HPod_693,0,0_dear_sorrow_wish_weaving,0.0
HPod_694,11,11_little horses_horses_maids_altar,1.0
HPod_695,18,18_farmer_rye_oats_horses,1.0
HPod_696,10,10_young cossack_cossack_horseback_love young,1.0
HPod_697,0,0_dear_sorrow_wish_weaving,0.0
HPod_698,0,0_dear_sorrow_wish_weaving,0.0
HPod_700,13,13_september_thirty_march_summer,1.0
HPra_1,16,16_song praise_cheerful song_sing song_sing,1.0
HPra_2,6,6_poplar_eyebrows_bright_boast,0.7240773
HPra_4,14,14_gyeongsang_jeolla_country_blow,0.5200233
HPra_5,18,18_farmer_rye_oats_horses,0.65890014
HPra_6,14,14_gyeongsang_jeolla_country_blow,1.0
HPra_7,6,6_poplar_eyebrows_bright_boast,1.0
HPra_8,0,0_dear_sorrow_wish_weaving,0.0
HPra_10,0,0_dear_sorrow_wish_weaving,0.0
HPra_11,18,18_farmer_rye_oats_horses,0.24969205
HPra_14,17,17_mocking_squirrel_don laugh_laugh,1.0
HPra_16,16,16_song praise_cheerful song_sing song_sing,1.0
HPra_17,18,18_farmer_rye_oats_horses,0.7489357
HPra_18,0,0_dear_sorrow_wish_weaving,0.0
HPra_19,14,14_gyeongsang_jeolla_country_blow,0.76432663
HPra_20,11,11_little horses_horses_maids_altar,0.58745015
HPra_23,0,0_dear_sorrow_wish_weaving,0.0
HPra_25,9,9_wreath_wreaths_wreath wreath_periwinkle,1.0
HPra_26,18,18_farmer_rye_oats_horses,1.0
HPra_27,17,17_mocking_squirrel_don laugh_laugh,0.50004566
HPra_28,18,18_farmer_rye_oats_horses,0.74343586
HPra_29,0,0_dear_sorrow_wish_weaving,0.0
HPra_30,0,0_dear_sorrow_wish_weaving,0.0
HPra_32,18,18_farmer_rye_oats_horses,0.63234276
HPra_33,17,17_mocking_squirrel_don laugh_laugh,1.0
HPra_34,6,6_poplar_eyebrows_bright_boast,1.0
HPra_35,18,18_farmer_rye_oats_horses,0.6914738
HPra_36,11,11_little horses_horses_maids_altar,0.800107
HPra_37,16,16_song praise_cheerful song_sing song_sing,0.6171276
HPra_38,18,18_farmer_rye_oats_horses,1.0
HPra_39,16,16_song praise_cheerful song_sing song_sing,0.41725612
HPra_40,17,17_mocking_squirrel_don laugh_laugh,0.5538544
HPra_41,0,0_dear_sorrow_wish_weaving,0.0
HPra_42,14,14_gyeongsang_jeolla_country_blow,0.34666428
HPra_43,14,14_gyeongsang_jeolla_country_blow,0.4397564
HPra_44,0,0_dear_sorrow_wish_weaving,0.0
HPra_45,0,0_dear_sorrow_wish_weaving,0.0
HPra_46,9,9_wreath_wreaths_wreath wreath_periwinkle,1.0
HPra_47,9,9_wreath_wreaths_wreath wreath_periwinkle,0.43805584
HPra_48,0,0_dear_sorrow_wish_weaving,0.0
HPra_49,6,6_poplar_eyebrows_bright_boast,0.49739233
HPra_50,18,18_farmer_rye_oats_horses,1.0
HPra_51,0,0_dear_sorrow_wish_weaving,0.0
HPra_53,0,0_dear_sorrow_wish_weaving,0.0
HPra_54,16,16_song praise_cheerful song_sing song_sing,1.0
HPra_55,18,18_farmer_rye_oats_horses,0.6125062
HPra_56,18,18_farmer_rye_oats_horses,1.0
HPra_61,18,18_farmer_rye_oats_horses,1.0
HPra_65,0,0_dear_sorrow_wish_weaving,0.0
HPra_67,18,18_farmer_rye_oats_horses,0.53000253
HPra_68,18,18_farmer_rye_oats_horses,0.6326678
HPra_69,6,6_poplar_eyebrows_bright_boast,0.81802154
HPra_70,0,0_dear_sorrow_wish_weaving,0.0
HPra_71,18,18_farmer_rye_oats_horses,1.0
HPra_72,0,0_dear_sorrow_wish_weaving,0.0
HPra_73,18,18_farmer_rye_oats_horses,1.0
HPra_75,9,9_wreath_wreaths_wreath wreath_periwinkle,1.0
HPra_76,6,6_poplar_eyebrows_bright_boast,0.52982914
HPra_77,3,3_saint nicholas_saint_nicholas_holy evening,0.5541342
HPra_78,18,18_farmer_rye_oats_horses,0.5647696
HPra_79,7,7_street_streets_fence_corner,1.0
HPra_80,0,0_dear_sorrow_wish_weaving,0.0
HPra_81,0,0_dear_sorrow_wish_weaving,0.0
HPra_82,9,9_wreath_wreaths_wreath wreath_periwinkle,1.0
HPra_83,18,18_farmer_rye_oats_horses,0.5518557
HPra_84,7,7_street_streets_fence_corner,0.7484013
HPra_85,17,17_mocking_squirrel_don laugh_laugh,1.0
HPra_88,0,0_dear_sorrow_wish_weaving,0.0
HPra_89,9,9_wreath_wreaths_wreath wreath_periwinkle,0.5073001
HPra_91,18,18_farmer_rye_oats_horses,0.88243127
HPra_92,16,16_song praise_cheerful song_sing song_sing,0.65930915
HPra_93,10,10_young cossack_cossack_horseback_love young,0.36898512
HPra_95,13,13_september_thirty_march_summer,0.5299839
HPra_96,0,0_dear_sorrow_wish_weaving,0.0
HPra_97,0,0_dear_sorrow_wish_weaving,0.0
HPra_98,11,11_little horses_horses_maids_altar,1.0
HPra_99,13,13_september_thirty_march_summer,0.6256814
HPra_100,7,7_street_streets_fence_corner,0.6529979
HPra_101,17,17_mocking_squirrel_don laugh_laugh,1.0
HPra_103,0,0_dear_sorrow_wish_weaving,0.0
HPra_104,0,0_dear_sorrow_wish_weaving,0.0
HPra_105,0,0_dear_sorrow_wish_weaving,0.0
HPra_106,9,9_wreath_wreaths_wreath wreath_periwinkle,1.0
HPra_108,14,14_gyeongsang_jeolla_country_blow,0.907676
HPra_109,18,18_farmer_rye_oats_horses,0.7642152
HPra_110,0,0_dear_sorrow_wish_weaving,0.0
HPra_111,14,14_gyeongsang_jeolla_country_blow,0.4153397
HPra_112,0,0_dear_sorrow_wish_weaving,0.0
HPra_114,10,10_young cossack_cossack_horseback_love young,1.0
HPra_115,9,9_wreath_wreaths_wreath wreath_periwinkle,1.0
HPra_116,0,0_dear_sorrow_wish_weaving,0.0
HPra_117,18,18_farmer_rye_oats_horses,0.6632816
HPra_118,0,0_dear_sorrow_wish_weaving,0.0
HPra_122,6,6_poplar_eyebrows_bright_boast,0.76080245
HPra_123,16,16_song praise_cheerful song_sing song_sing,0.65030766
HPra_124,0,0_dear_sorrow_wish_weaving,0.0
HPra_125,0,0_dear_sorrow_wish_weaving,0.0
HPra_127,16,16_song praise_cheerful song_sing song_sing,0.353463
HPra_128,10,10_young cossack_cossack_horseback_love young,1.0
HPra_130,18,18_farmer_rye_oats_horses,0.8166947
HPra_133,13,13_september_thirty_march_summer,1.0
HPra_134,18,18_farmer_rye_oats_horses,0.6879528
HPra_135,18,18_farmer_rye_oats_horses,1.0
HPra_138,18,18_farmer_rye_oats_horses,1.0
HPra_140,16,16_song praise_cheerful song_sing song_sing,1.0
HPra_142,9,9_wreath_wreaths_wreath wreath_periwinkle,0.6195894
HPra_143,14,14_gyeongsang_jeolla_country_blow,0.7105072
HPra_145,17,17_mocking_squirrel_don laugh_laugh,0.5188732
HPra_147,7,7_street_streets_fence_corner,1.0
HPra_148,0,0_dear_sorrow_wish_weaving,0.0
HPra_149,0,0_dear_sorrow_wish_weaving,0.0
HPra_150,0,0_dear_sorrow_wish_weaving,0.0
HPra_152,6,6_poplar_eyebrows_bright_boast,0.74474794
HPra_153,0,0_dear_sorrow_wish_weaving,0.0
HPra_154,0,0_dear_sorrow_wish_weaving,0.0
HPra_156,14,14_gyeongsang_jeolla_country_blow,1.0
HPra_157,0,0_dear_sorrow_wish_weaving,0.0
HPra_158,13,13_september_thirty_march_summer,1.0
HPra_159,0,0_dear_sorrow_wish_weaving,0.0
HPra_160,0,0_dear_sorrow_wish_weaving,0.0
HPra_161,14,14_gyeongsang_jeolla_country_blow,1.0
HPra_162,18,18_farmer_rye_oats_horses,0.71124107
HPra_163,0,0_dear_sorrow_wish_weaving,0.0
HPra_164,14,14_gyeongsang_jeolla_country_blow,1.0
HPra_165,14,14_gyeongsang_jeolla_country_blow,1.0
HPra_166,0,0_dear_sorrow_wish_weaving,0.0
HPra_167,0,0_dear_sorrow_wish_weaving,0.0
HPra_168,18,18_farmer_rye_oats_horses,1.0
HPra_171,11,11_little horses_horses_maids_altar,1.0
HPra_172,11,11_little horses_horses_maids_altar,1.0
HPra_173,0,0_dear_sorrow_wish_weaving,0.0
HPra_174,0,0_dear_sorrow_wish_weaving,0.0
HPra_176,13,13_september_thirty_march_summer,1.0
HPra_177,0,0_dear_sorrow_wish_weaving,0.0
HPra_178,9,9_wreath_wreaths_wreath wreath_periwinkle,1.0
HPra_179,18,18_farmer_rye_oats_horses,1.0
HPra_180,0,0_dear_sorrow_wish_weaving,0.0
HPra_181,14,14_gyeongsang_jeolla_country_blow,1.0
HPra_182,0,0_dear_sorrow_wish_weaving,0.0
HPra_183,0,0_dear_sorrow_wish_weaving,0.0
HPra_184,18,18_farmer_rye_oats_horses,1.0
HPra_185,0,0_dear_sorrow_wish_weaving,0.0
HPra_186,0,0_dear_sorrow_wish_weaving,0.0
HPra_188,0,0_dear_sorrow_wish_weaving,0.0
HPra_189,18,18_farmer_rye_oats_horses,1.0
HPra_191,18,18_farmer_rye_oats_horses,0.7395744
HPra_192,18,18_farmer_rye_oats_horses,1.0
HPra_193,0,0_dear_sorrow_wish_weaving,0.0
HPra_195,18,18_farmer_rye_oats_horses,0.6646603
HPra_196,7,7_street_streets_fence_corner,1.0
HPra_197,9,9_wreath_wreaths_wreath wreath_periwinkle,1.0
HPra_198,13,13_september_thirty_march_summer,1.0
HPra_200,0,0_dear_sorrow_wish_weaving,0.0
HPra_201,0,0_dear_sorrow_wish_weaving,0.0
HPra_202,0,0_dear_sorrow_wish_weaving,0.0
HPra_203,18,18_farmer_rye_oats_horses,1.0
HPra_205,0,0_dear_sorrow_wish_weaving,0.0
HPra_206,8,8_garden little_young maiden_nightingale_little cuckoo,1.0
HPra_209,0,0_dear_sorrow_wish_weaving,0.0
HPra_210,18,18_farmer_rye_oats_horses,1.0
HPra_211,0,0_dear_sorrow_wish_weaving,0.0
HPra_212,7,7_street_streets_fence_corner,0.7569475
HPra_213,0,0_dear_sorrow_wish_weaving,0.0
HPra_214,0,0_dear_sorrow_wish_weaving,0.0
HPra_219,17,17_mocking_squirrel_don laugh_laugh,1.0
HPra_220,0,0_dear_sorrow_wish_weaving,0.0
HPra_222,18,18_farmer_rye_oats_horses,0.50840193
HPra_223,6,6_poplar_eyebrows_bright_boast,1.0
HPra_224,17,17_mocking_squirrel_don laugh_laugh,1.0
HPra_225,14,14_gyeongsang_jeolla_country_blow,1.0
HPra_226,17,17_mocking_squirrel_don laugh_laugh,1.0
HPra_227,18,18_farmer_rye_oats_horses,0.52597237
HPra_228,0,0_dear_sorrow_wish_weaving,0.0
HPra_232,18,18_farmer_rye_oats_horses,0.74632144
HPra_235,0,0_dear_sorrow_wish_weaving,0.0
HPra_236,13,13_september_thirty_march_summer,1.0
HPra_237,0,0_dear_sorrow_wish_weaving,0.0
HPra_238,0,0_dear_sorrow_wish_weaving,0.0
HPra_240,0,0_dear_sorrow_wish_weaving,0.0
HPra_241,0,0_dear_sorrow_wish_weaving,0.0
HPra_242,9,9_wreath_wreaths_wreath wreath_periwinkle,1.0
HPra_243,15,15_slave_goats_ants_feathers,1.0
HPra_244,14,14_gyeongsang_jeolla_country_blow,0.510698
HPra_245,18,18_farmer_rye_oats_horses,0.7635461
HPra_247,0,0_dear_sorrow_wish_weaving,0.0
HPra_248,0,0_dear_sorrow_wish_weaving,0.0
HPra_249,0,0_dear_sorrow_wish_weaving,0.0
HPra_251,0,0_dear_sorrow_wish_weaving,0.0
HPra_253,0,0_dear_sorrow_wish_weaving,0.0
HPra_254,9,9_wreath_wreaths_wreath wreath_periwinkle,0.33694664
HPra_255,0,0_dear_sorrow_wish_weaving,0.0
HPra_257,0,0_dear_sorrow_wish_weaving,0.0
HPra_258,0,0_dear_sorrow_wish_weaving,0.0
HPra_259,0,0_dear_sorrow_wish_weaving,0.0
HPra_262,0,0_dear_sorrow_wish_weaving,0.0
HPra_263,0,0_dear_sorrow_wish_weaving,0.0
HPra_264,18,18_farmer_rye_oats_horses,1.0
HPra_266,10,10_young cossack_cossack_horseback_love young,0.569714
HPra_267,0,0_dear_sorrow_wish_weaving,0.0
HPra_268,0,0_dear_sorrow_wish_weaving,0.0
HPra_270,0,0_dear_sorrow_wish_weaving,0.0
HPra_271,0,0_dear_sorrow_wish_weaving,0.0
HPra_272,0,0_dear_sorrow_wish_weaving,0.0
HPra_273,0,0_dear_sorrow_wish_weaving,0.0
HPra_274,18,18_farmer_rye_oats_horses,1.0
HPra_275,0,0_dear_sorrow_wish_weaving,0.0
HPra_276,11,11_little horses_horses_maids_altar,1.0
HPra_279,11,11_little horses_horses_maids_altar,0.66266817
HPra_280,13,13_september_thirty_march_summer,0.767568
HPra_281,13,13_september_thirty_march_summer,1.0
HPra_282,18,18_farmer_rye_oats_horses,1.0
HPra_284,13,13_september_thirty_march_summer,0.844717
HPra_286,0,0_dear_sorrow_wish_weaving,0.0
HPra_287,17,17_mocking_squirrel_don laugh_laugh,1.0
HPra_288,17,17_mocking_squirrel_don laugh_laugh,1.0
HPra_289,0,0_dear_sorrow_wish_weaving,0.0
HPra_290,0,0_dear_sorrow_wish_weaving,0.0
HPra_291,11,11_little horses_horses_maids_altar,0.6069445
HPra_292,0,0_dear_sorrow_wish_weaving,0.0
HPra_294,16,16_song praise_cheerful song_sing song_sing,1.0
HPra_295,11,11_little horses_horses_maids_altar,1.0
HPra_296,18,18_farmer_rye_oats_horses,1.0
HPra_298,7,7_street_streets_fence_corner,1.0
HPra_299,0,0_dear_sorrow_wish_weaving,0.0
HPra_301,9,9_wreath_wreaths_wreath wreath_periwinkle,1.0
HPra_303,0,0_dear_sorrow_wish_weaving,0.0
HPra_304,18,18_farmer_rye_oats_horses,1.0
HPra_305,11,11_little horses_horses_maids_altar,0.7441023
HPra_306,13,13_september_thirty_march_summer,1.0
HPra_307,10,10_young cossack_cossack_horseback_love young,1.0
HPra_311,9,9_wreath_wreaths_wreath wreath_periwinkle,1.0
HPra_312,0,0_dear_sorrow_wish_weaving,0.0
HPra_316,16,16_song praise_cheerful song_sing song_sing,0.57566863
HPra_320,14,14_gyeongsang_jeolla_country_blow,1.0
HPra_321,18,18_farmer_rye_oats_horses,0.8136475
HPra_322,0,0_dear_sorrow_wish_weaving,0.0
HPra_323,17,17_mocking_squirrel_don laugh_laugh,1.0
HPra_324,16,16_song praise_cheerful song_sing song_sing,1.0
HPra_325,0,0_dear_sorrow_wish_weaving,0.0
HPra_326,18,18_farmer_rye_oats_horses,0.66975003
HPra_327,0,0_dear_sorrow_wish_weaving,0.0
HPra_328,13,13_september_thirty_march_summer,1.0
HPra_329,14,14_gyeongsang_jeolla_country_blow,1.0
HPra_330,0,0_dear_sorrow_wish_weaving,0.0
HPra_331,0,0_dear_sorrow_wish_weaving,0.0
HPra_332,0,0_dear_sorrow_wish_weaving,0.0
HPra_333,11,11_little horses_horses_maids_altar,1.0
HPra_336,0,0_dear_sorrow_wish_weaving,0.0
HPra_338,18,18_farmer_rye_oats_horses,1.0
HPra_339,14,14_gyeongsang_jeolla_country_blow,1.0
HPra_340,11,11_little horses_horses_maids_altar,0.75117993
HPra_341,0,0_dear_sorrow_wish_weaving,0.0
HPra_342,13,13_september_thirty_march_summer,0.68421483
HPra_343,11,11_little horses_horses_maids_altar,0.7335621
HPra_344,0,0_dear_sorrow_wish_weaving,0.0
HPra_347,7,7_street_streets_fence_corner,1.0
HPra_348,18,18_farmer_rye_oats_horses,1.0
HPra_350,13,13_september_thirty_march_summer,1.0
HPra_355,0,0_dear_sorrow_wish_weaving,0.0
HPra_356,13,13_september_thirty_march_summer,0.56647897
HPra_357,0,0_dear_sorrow_wish_weaving,0.0
HPra_359,0,0_dear_sorrow_wish_weaving,0.0
HPra_360,14,14_gyeongsang_jeolla_country_blow,1.0
HPra_361,18,18_farmer_rye_oats_horses,1.0
HPra_362,14,14_gyeongsang_jeolla_country_blow,1.0
HPra_363,0,0_dear_sorrow_wish_weaving,0.0
HPra_365,0,0_dear_sorrow_wish_weaving,0.0
HPra_366,0,0_dear_sorrow_wish_weaving,0.0
HPra_367,0,0_dear_sorrow_wish_weaving,0.0
HPra_368,0,0_dear_sorrow_wish_weaving,0.0
HPra_369,7,7_street_streets_fence_corner,1.0
HPra_370,0,0_dear_sorrow_wish_weaving,0.0
HPra_372,18,18_farmer_rye_oats_horses,1.0
HPra_373,0,0_dear_sorrow_wish_weaving,0.0
HPra_374,0,0_dear_sorrow_wish_weaving,0.0
HPra_375,0,0_dear_sorrow_wish_weaving,0.0
HPra_376,0,0_dear_sorrow_wish_weaving,0.0
HPra_377,0,0_dear_sorrow_wish_weaving,0.0
HPra_379,18,18_farmer_rye_oats_horses,1.0
HPra_380,14,14_gyeongsang_jeolla_country_blow,1.0
HPra_381,0,0_dear_sorrow_wish_weaving,0.0
HPra_382,0,0_dear_sorrow_wish_weaving,0.0
HPra_384,18,18_farmer_rye_oats_horses,0.86321825
HPra_385,0,0_dear_sorrow_wish_weaving,0.0
HPra_386,13,13_september_thirty_march_summer,1.0
HPra_388,18,18_farmer_rye_oats_horses,0.7583338
HPra_389,9,9_wreath_wreaths_wreath wreath_periwinkle,1.0
HPra_390,18,18_farmer_rye_oats_horses,1.0
HPra_392,18,18_farmer_rye_oats_horses,1.0
HPra_393,17,17_mocking_squirrel_don laugh_laugh,0.5067328
HPra_394,13,13_september_thirty_march_summer,1.0
HPra_395,0,0_dear_sorrow_wish_weaving,0.0
HPra_398,9,9_wreath_wreaths_wreath wreath_periwinkle,1.0
HPra_399,17,17_mocking_squirrel_don laugh_laugh,1.0
HPra_400,13,13_september_thirty_march_summer,1.0
HPra_402,7,7_street_streets_fence_corner,0.5965285
HPra_403,0,0_dear_sorrow_wish_weaving,0.0
HPra_404,0,0_dear_sorrow_wish_weaving,0.0
HPra_405,0,0_dear_sorrow_wish_weaving,0.0
HPra_406,18,18_farmer_rye_oats_horses,0.6196788
HPra_408,11,11_little horses_horses_maids_altar,0.8608037
HPra_409,18,18_farmer_rye_oats_horses,1.0
HPra_410,0,0_dear_sorrow_wish_weaving,0.0
HPra_411,13,13_september_thirty_march_summer,0.5435662
HPra_412,0,0_dear_sorrow_wish_weaving,0.0
HPra_413,18,18_farmer_rye_oats_horses,0.70827293
HPra_414,0,0_dear_sorrow_wish_weaving,0.0
HPra_415,0,0_dear_sorrow_wish_weaving,0.0
HPra_416,18,18_farmer_rye_oats_horses,0.5633113
HPra_417,0,0_dear_sorrow_wish_weaving,0.0
HPra_418,18,18_farmer_rye_oats_horses,0.64535415
HPra_419,18,18_farmer_rye_oats_horses,0.49066672
HPra_420,18,18_farmer_rye_oats_horses,0.5362682
HPra_421,9,9_wreath_wreaths_wreath wreath_periwinkle,0.38146237
HPra_422,18,18_farmer_rye_oats_horses,1.0
HPra_423,9,9_wreath_wreaths_wreath wreath_periwinkle,0.6750205
HPra_424,14,14_gyeongsang_jeolla_country_blow,1.0
HPra_425,6,6_poplar_eyebrows_bright_boast,1.0
HPra_426,13,13_september_thirty_march_summer,0.5965036
HPra_427,0,0_dear_sorrow_wish_weaving,0.0
HPra_428,13,13_september_thirty_march_summer,0.43887916
HPra_429,18,18_farmer_rye_oats_horses,0.8783823
HPra_430,11,11_little horses_horses_maids_altar,0.6594699
HPra_431,0,0_dear_sorrow_wish_weaving,0.0
HPra_432,18,18_farmer_rye_oats_horses,1.0
HPra_433,14,14_gyeongsang_jeolla_country_blow,1.0
HPra_434,18,18_farmer_rye_oats_horses,1.0
HPra_435,9,9_wreath_wreaths_wreath wreath_periwinkle,1.0
HPra_437,0,0_dear_sorrow_wish_weaving,0.0
HPra_441,0,0_dear_sorrow_wish_weaving,0.0
HPra_443,0,0_dear_sorrow_wish_weaving,0.0
HPra_444,11,11_little horses_horses_maids_altar,0.7409989
HPra_445,0,0_dear_sorrow_wish_weaving,0.0
HPra_448,18,18_farmer_rye_oats_horses,1.0
HPra_449,0,0_dear_sorrow_wish_weaving,0.0
HPra_450,17,17_mocking_squirrel_don laugh_laugh,1.0
HPra_451,18,18_farmer_rye_oats_horses,1.0
HPra_453,14,14_gyeongsang_jeolla_country_blow,1.0
HPra_454,6,6_poplar_eyebrows_bright_boast,1.0
HPra_455,14,14_gyeongsang_jeolla_country_blow,1.0
HPra_456,17,17_mocking_squirrel_don laugh_laugh,0.41380125
HPra_458,13,13_september_thirty_march_summer,0.84811836
HPra_460,0,0_dear_sorrow_wish_weaving,0.0
HPra_461,7,7_street_streets_fence_corner,1.0
HPra_462,18,18_farmer_rye_oats_horses,0.44040263
HPra_463,14,14_gyeongsang_jeolla_country_blow,1.0
HPra_465,17,17_mocking_squirrel_don laugh_laugh,0.5884747
HPra_467,18,18_farmer_rye_oats_horses,1.0
HPra_468,17,17_mocking_squirrel_don laugh_laugh,1.0
HPra_469,10,10_young cossack_cossack_horseback_love young,0.49498868
HPra_471,0,0_dear_sorrow_wish_weaving,0.0
HPra_479,18,18_farmer_rye_oats_horses,1.0
HPra_482,0,0_dear_sorrow_wish_weaving,0.0
HPra_483,0,0_dear_sorrow_wish_weaving,0.0
HPra_484,0,0_dear_sorrow_wish_weaving,0.0
HPra_485,0,0_dear_sorrow_wish_weaving,0.0
HPra_486,0,0_dear_sorrow_wish_weaving,0.0
HPra_488,0,0_dear_sorrow_wish_weaving,0.0
HPra_560,9,9_wreath_wreaths_wreath wreath_periwinkle,0.40427032
HPra_564,16,16_song praise_cheerful song_sing song_sing,1.0
HPra_566,11,11_little horses_horses_maids_altar,1.0
HPra_567,18,18_farmer_rye_oats_horses,0.83169687
HPra_568,17,17_mocking_squirrel_don laugh_laugh,0.9106766
HPra_569,0,0_dear_sorrow_wish_weaving,0.0
HPra_570,17,17_mocking_squirrel_don laugh_laugh,0.55929536
HPra_571,18,18_farmer_rye_oats_horses,1.0
HPra_572,16,16_song praise_cheerful song_sing song_sing,1.0
HPra_573,12,12_orphans_trees_plowed field_wilderness,0.5091839
HPra_576,14,14_gyeongsang_jeolla_country_blow,0.5338486
HPra_577,18,18_farmer_rye_oats_horses,1.0
HPra_578,17,17_mocking_squirrel_don laugh_laugh,0.626827
HPra_579,17,17_mocking_squirrel_don laugh_laugh,1.0
HPra_580,17,17_mocking_squirrel_don laugh_laugh,0.4217327
HPra_581,16,16_song praise_cheerful song_sing song_sing,1.0
HPra_582,18,18_farmer_rye_oats_horses,1.0
HPra_583,6,6_poplar_eyebrows_bright_boast,1.0
HPra_586,17,17_mocking_squirrel_don laugh_laugh,1.0
HPra_588,17,17_mocking_squirrel_don laugh_laugh,1.0
HPra_589,17,17_mocking_squirrel_don laugh_laugh,0.72206765
HPra_591,3,3_saint nicholas_saint_nicholas_holy evening,0.35955417
HPra_592,17,17_mocking_squirrel_don laugh_laugh,0.496821
HPra_593,17,17_mocking_squirrel_don laugh_laugh,1.0
HPra_596,17,17_mocking_squirrel_don laugh_laugh,0.8394096
HPra_597,9,9_wreath_wreaths_wreath wreath_periwinkle,0.50629056
HPra_598,17,17_mocking_squirrel_don laugh_laugh,0.3683741
HPra_601,17,17_mocking_squirrel_don laugh_laugh,1.0
HPra_602,16,16_song praise_cheerful song_sing song_sing,0.70798206
HPra_603,17,17_mocking_squirrel_don laugh_laugh,1.0
HPra_605,0,0_dear_sorrow_wish_weaving,0.0
HPra_606,17,17_mocking_squirrel_don laugh_laugh,0.62400746
HPra_608,11,11_little horses_horses_maids_altar,0.50751233
HPra_609,3,3_saint nicholas_saint_nicholas_holy evening,1.0
HPra_610,0,0_dear_sorrow_wish_weaving,0.0
HPra_611,3,3_saint nicholas_saint_nicholas_holy evening,0.4467111
HPra_612,0,0_dear_sorrow_wish_weaving,0.0
HPra_613,0,0_dear_sorrow_wish_weaving,0.0
HPra_614,0,0_dear_sorrow_wish_weaving,0.0
HPra_616,16,16_song praise_cheerful song_sing song_sing,1.0
HPra_617,18,18_farmer_rye_oats_horses,0.71450645
HPra_618,0,0_dear_sorrow_wish_weaving,0.0
HPra_619,0,0_dear_sorrow_wish_weaving,0.0
HPra_620,6,6_poplar_eyebrows_bright_boast,0.5954946
HPra_622,0,0_dear_sorrow_wish_weaving,0.0
HPra_624,9,9_wreath_wreaths_wreath wreath_periwinkle,0.78318405
HPra_625,16,16_song praise_cheerful song_sing song_sing,1.0
HPra_626,0,0_dear_sorrow_wish_weaving,0.0
HPra_627,0,0_dear_sorrow_wish_weaving,0.0
HPra_628,14,14_gyeongsang_jeolla_country_blow,0.46484312
HPra_629,14,14_gyeongsang_jeolla_country_blow,0.38688567
HPra_630,7,7_street_streets_fence_corner,0.7162351
HPra_631,15,15_slave_goats_ants_feathers,0.6099177
HPra_633,9,9_wreath_wreaths_wreath wreath_periwinkle,0.5359723
HPra_634,16,16_song praise_cheerful song_sing song_sing,1.0
HPra_635,0,0_dear_sorrow_wish_weaving,0.0
HPra_636,17,17_mocking_squirrel_don laugh_laugh,0.8628532
Erb_1,0,0_dear_sorrow_wish_weaving,0.0
Erb_2,0,0_dear_sorrow_wish_weaving,0.0
Erb_3,0,0_dear_sorrow_wish_weaving,0.0
Erb_4,11,11_little horses_horses_maids_altar,1.0
Erb_5,0,0_dear_sorrow_wish_weaving,0.0
Erb_6,0,0_dear_sorrow_wish_weaving,0.0
Erb_8,17,17_mocking_squirrel_don laugh_laugh,1.0
Erb_10,17,17_mocking_squirrel_don laugh_laugh,1.0
Erb_11,13,13_september_thirty_march_summer,0.69428015
Erb_12,11,11_little horses_horses_maids_altar,1.0
Erb_13,11,11_little horses_horses_maids_altar,1.0
Erb_14,18,18_farmer_rye_oats_horses,1.0
Erb_15,0,0_dear_sorrow_wish_weaving,0.0
Erb_16,0,0_dear_sorrow_wish_weaving,0.0
Erb_17,17,17_mocking_squirrel_don laugh_laugh,1.0
Erb_19,0,0_dear_sorrow_wish_weaving,0.0
Erb_21,0,0_dear_sorrow_wish_weaving,0.0
Erb_22,18,18_farmer_rye_oats_horses,0.7863372
Erb_23,0,0_dear_sorrow_wish_weaving,0.0
Erb_24,17,17_mocking_squirrel_don laugh_laugh,1.0
Erb_25,17,17_mocking_squirrel_don laugh_laugh,0.93603796
Erb_26,0,0_dear_sorrow_wish_weaving,0.0
Erb_27,15,15_slave_goats_ants_feathers,0.5268759
Erb_28,11,11_little horses_horses_maids_altar,1.0
Erb_29,13,13_september_thirty_march_summer,1.0
Erb_30,0,0_dear_sorrow_wish_weaving,0.0
Erb_31,0,0_dear_sorrow_wish_weaving,0.0
Erb_32,13,13_september_thirty_march_summer,1.0
Erb_34,0,0_dear_sorrow_wish_weaving,0.0
Erb_35,0,0_dear_sorrow_wish_weaving,0.0
Erb_36,0,0_dear_sorrow_wish_weaving,0.0
Erb_37,0,0_dear_sorrow_wish_weaving,0.0
Erb_66,18,18_farmer_rye_oats_horses,1.0
Erb_67,0,0_dear_sorrow_wish_weaving,0.0
Erb_68,13,13_september_thirty_march_summer,0.6333153
Erb_69,13,13_september_thirty_march_summer,1.0
Erb_70,0,0_dear_sorrow_wish_weaving,0.0
Erb_71,0,0_dear_sorrow_wish_weaving,0.0
Erb_72,0,0_dear_sorrow_wish_weaving,0.0
Erb_73,13,13_september_thirty_march_summer,0.51116234
Erb_74,0,0_dear_sorrow_wish_weaving,0.0
Erb_75,13,13_september_thirty_march_summer,0.51116234
Erb_77,0,0_dear_sorrow_wish_weaving,0.0
Erb_78,0,0_dear_sorrow_wish_weaving,0.0
Erb_79,0,0_dear_sorrow_wish_weaving,0.0
Erb_80,0,0_dear_sorrow_wish_weaving,0.0
Erb_81,0,0_dear_sorrow_wish_weaving,0.0
Erb_82,15,15_slave_goats_ants_feathers,1.0
Erb_83,17,17_mocking_squirrel_don laugh_laugh,1.0
Erb_84,18,18_farmer_rye_oats_horses,1.0
Erb_85,0,0_dear_sorrow_wish_weaving,0.0
Erb_86,7,7_street_streets_fence_corner,0.64719206
Erb_87,0,0_dear_sorrow_wish_weaving,0.0
Erb_88,6,6_poplar_eyebrows_bright_boast,1.0
Erb_89,13,13_september_thirty_march_summer,0.8887304
Erb_90,0,0_dear_sorrow_wish_weaving,0.0
Erb_91,0,0_dear_sorrow_wish_weaving,0.0
Erb_92,13,13_september_thirty_march_summer,1.0
Erb_93,17,17_mocking_squirrel_don laugh_laugh,1.0
Erb_94,0,0_dear_sorrow_wish_weaving,0.0
Erb_95,0,0_dear_sorrow_wish_weaving,0.0
Erb_96,17,17_mocking_squirrel_don laugh_laugh,0.9292864
Erb_97,17,17_mocking_squirrel_don laugh_laugh,1.0
Erb_98,0,0_dear_sorrow_wish_weaving,0.0
Erb_99,18,18_farmer_rye_oats_horses,1.0
Erb_100,17,17_mocking_squirrel_don laugh_laugh,0.8279884
Erb_101,0,0_dear_sorrow_wish_weaving,0.0
Erb_103,7,7_street_streets_fence_corner,0.5133181
Erb_104,18,18_farmer_rye_oats_horses,0.73440766
Erb_108,16,16_song praise_cheerful song_sing song_sing,1.0
Erb_109,7,7_street_streets_fence_corner,0.81681645
Erb_112,17,17_mocking_squirrel_don laugh_laugh,1.0
Erb_113,0,0_dear_sorrow_wish_weaving,0.0
Erb_114,17,17_mocking_squirrel_don laugh_laugh,1.0
Erb_115,13,13_september_thirty_march_summer,0.54110265
Erb_116,16,16_song praise_cheerful song_sing song_sing,1.0
Erb_117,13,13_september_thirty_march_summer,1.0
Erb_118,0,0_dear_sorrow_wish_weaving,0.0
Erb_119,17,17_mocking_squirrel_don laugh_laugh,1.0
Erb_120,0,0_dear_sorrow_wish_weaving,0.0
Erb_121,0,0_dear_sorrow_wish_weaving,0.0
Erb_122,17,17_mocking_squirrel_don laugh_laugh,0.80932397
Erb_123,0,0_dear_sorrow_wish_weaving,0.0
Erb_124,11,11_little horses_horses_maids_altar,0.54416394
Erb_125,17,17_mocking_squirrel_don laugh_laugh,1.0
Erb_127,17,17_mocking_squirrel_don laugh_laugh,0.5193122
Erb_129,11,11_little horses_horses_maids_altar,1.0
Erb_130,17,17_mocking_squirrel_don laugh_laugh,0.55995256
Erb_131,13,13_september_thirty_march_summer,0.44649017
Erb_133,16,16_song praise_cheerful song_sing song_sing,0.70851624
Erb_134,14,14_gyeongsang_jeolla_country_blow,0.6598589
Erb_135,16,16_song praise_cheerful song_sing song_sing,1.0
Erb_136,0,0_dear_sorrow_wish_weaving,0.0
Erb_137,18,18_farmer_rye_oats_horses,1.0
Erb_138,0,0_dear_sorrow_wish_weaving,0.0
Erb_139,0,0_dear_sorrow_wish_weaving,0.0
Erb_140,0,0_dear_sorrow_wish_weaving,0.0
Erb_141,13,13_september_thirty_march_summer,0.513218
Erb_142,14,14_gyeongsang_jeolla_country_blow,0.6060133
Erb_143,18,18_farmer_rye_oats_horses,1.0
Erb_144,17,17_mocking_squirrel_don laugh_laugh,1.0
Erb_146,17,17_mocking_squirrel_don laugh_laugh,0.7829057
Erb_147,13,13_september_thirty_march_summer,0.6617783
Erb_148,18,18_farmer_rye_oats_horses,0.48455572
Erb_150,0,0_dear_sorrow_wish_weaving,0.0
Erb_151,3,3_saint nicholas_saint_nicholas_holy evening,0.7340817
Erb_152,0,0_dear_sorrow_wish_weaving,0.0
Erb_153,13,13_september_thirty_march_summer,1.0
Erb_154,13,13_september_thirty_march_summer,1.0
Erb_155,0,0_dear_sorrow_wish_weaving,0.0
Erb_156,11,11_little horses_horses_maids_altar,1.0
Erb_157,11,11_little horses_horses_maids_altar,1.0
Erb_159,0,0_dear_sorrow_wish_weaving,0.0
Erb_160,0,0_dear_sorrow_wish_weaving,0.0
Erb_161,0,0_dear_sorrow_wish_weaving,0.0
Erb_162,0,0_dear_sorrow_wish_weaving,0.0
Erb_163,11,11_little horses_horses_maids_altar,0.5364798
Erb_164,16,16_song praise_cheerful song_sing song_sing,0.6910986
Erb_165,16,16_song praise_cheerful song_sing song_sing,0.697271
Erb_166,0,0_dear_sorrow_wish_weaving,0.0
Erb_168,0,0_dear_sorrow_wish_weaving,0.0
Erb_169,0,0_dear_sorrow_wish_weaving,0.0
Erb_170,14,14_gyeongsang_jeolla_country_blow,1.0
Erb_171,18,18_farmer_rye_oats_horses,1.0
Erb_172,0,0_dear_sorrow_wish_weaving,0.0
Erb_173,0,0_dear_sorrow_wish_weaving,0.0
Erb_174,14,14_gyeongsang_jeolla_country_blow,0.8458049
Erb_175,0,0_dear_sorrow_wish_weaving,0.0
Erb_176,0,0_dear_sorrow_wish_weaving,0.0
Erb_177,0,0_dear_sorrow_wish_weaving,0.0
Erb_178,13,13_september_thirty_march_summer,1.0
Erb_179,0,0_dear_sorrow_wish_weaving,0.0
Erb_180,14,14_gyeongsang_jeolla_country_blow,1.0
Erb_181,18,18_farmer_rye_oats_horses,0.47752824
Erb_183,9,9_wreath_wreaths_wreath wreath_periwinkle,1.0
Erb_184,6,6_poplar_eyebrows_bright_boast,1.0
Erb_185,0,0_dear_sorrow_wish_weaving,0.0
Erb_186,14,14_gyeongsang_jeolla_country_blow,0.5572691
Erb_187,11,11_little horses_horses_maids_altar,1.0
Erb_189,0,0_dear_sorrow_wish_weaving,0.0
Erb_190,0,0_dear_sorrow_wish_weaving,0.0
Erb_191,0,0_dear_sorrow_wish_weaving,0.0
Erb_192,17,17_mocking_squirrel_don laugh_laugh,0.9435491
Erb_193,18,18_farmer_rye_oats_horses,1.0
Erb_197,13,13_september_thirty_march_summer,1.0
Erb_198,11,11_little horses_horses_maids_altar,0.51760423
Erb_199,14,14_gyeongsang_jeolla_country_blow,1.0
Erb_200,0,0_dear_sorrow_wish_weaving,0.0
Erb_201,17,17_mocking_squirrel_don laugh_laugh,1.0
Erb_202,9,9_wreath_wreaths_wreath wreath_periwinkle,0.50496924
Erb_203,0,0_dear_sorrow_wish_weaving,0.0
Erb_205,13,13_september_thirty_march_summer,0.4000166
Erb_209,0,0_dear_sorrow_wish_weaving,0.0
Erb_210,3,3_saint nicholas_saint_nicholas_holy evening,1.0
Erb_211,14,14_gyeongsang_jeolla_country_blow,0.43633276
Erb_213,18,18_farmer_rye_oats_horses,1.0
Erb_214,18,18_farmer_rye_oats_horses,0.5386005
Erb_215,3,3_saint nicholas_saint_nicholas_holy evening,0.35682225
Erb_217,9,9_wreath_wreaths_wreath wreath_periwinkle,0.5194716
Erb_218,11,11_little horses_horses_maids_altar,1.0
Erb_219,13,13_september_thirty_march_summer,1.0
Erb_220,0,0_dear_sorrow_wish_weaving,0.0
Erb_221,3,3_saint nicholas_saint_nicholas_holy evening,1.0
Erb_222,0,0_dear_sorrow_wish_weaving,0.0
Erb_223,0,0_dear_sorrow_wish_weaving,0.0
Erb_224,17,17_mocking_squirrel_don laugh_laugh,0.5026749
Erb_225,0,0_dear_sorrow_wish_weaving,0.0
Erb_227,0,0_dear_sorrow_wish_weaving,0.0
Erb_228,11,11_little horses_horses_maids_altar,1.0
Erb_229,0,0_dear_sorrow_wish_weaving,0.0
Erb_230,18,18_farmer_rye_oats_horses,1.0
Erb_232,7,7_street_streets_fence_corner,1.0
Erb_234,17,17_mocking_squirrel_don laugh_laugh,1.0
Erb_235,17,17_mocking_squirrel_don laugh_laugh,0.8679249
Erb_236,0,0_dear_sorrow_wish_weaving,0.0
Erb_237,0,0_dear_sorrow_wish_weaving,0.0
Erb_238,17,17_mocking_squirrel_don laugh_laugh,1.0
Erb_239,0,0_dear_sorrow_wish_weaving,0.0
Erb_240,0,0_dear_sorrow_wish_weaving,0.0
Erb_241,0,0_dear_sorrow_wish_weaving,0.0
Erb_242,17,17_mocking_squirrel_don laugh_laugh,1.0
Erb_243,17,17_mocking_squirrel_don laugh_laugh,1.0
Erb_244,3,3_saint nicholas_saint_nicholas_holy evening,0.73515034
Erb_245,17,17_mocking_squirrel_don laugh_laugh,0.7755685
Erb_247,0,0_dear_sorrow_wish_weaving,0.0
Erb_248,0,0_dear_sorrow_wish_weaving,0.0
Erb_249,0,0_dear_sorrow_wish_weaving,0.0
Erb_250,0,0_dear_sorrow_wish_weaving,0.0
Erb_251,0,0_dear_sorrow_wish_weaving,0.0
Erb_252,17,17_mocking_squirrel_don laugh_laugh,1.0
Erb_253,7,7_street_streets_fence_corner,0.8377571
Erb_254,0,0_dear_sorrow_wish_weaving,0.0
Erb_255,13,13_september_thirty_march_summer,1.0
Erb_256,0,0_dear_sorrow_wish_weaving,0.0
Erb_257,0,0_dear_sorrow_wish_weaving,0.0
Erb_258,14,14_gyeongsang_jeolla_country_blow,1.0
Erb_259,0,0_dear_sorrow_wish_weaving,0.0
Erb_260,13,13_september_thirty_march_summer,0.691523
Erb_262,18,18_farmer_rye_oats_horses,0.4988604
Erb_263,0,0_dear_sorrow_wish_weaving,0.0
Erb_264,0,0_dear_sorrow_wish_weaving,0.0
Erb_265,14,14_gyeongsang_jeolla_country_blow,0.2955773
Erb_266,0,0_dear_sorrow_wish_weaving,0.0
Erb_267,0,0_dear_sorrow_wish_weaving,0.0
Erb_269,18,18_farmer_rye_oats_horses,1.0
Erb_270,0,0_dear_sorrow_wish_weaving,0.0
Erb_271,11,11_little horses_horses_maids_altar,1.0
Erb_272,7,7_street_streets_fence_corner,1.0
Erb_273,0,0_dear_sorrow_wish_weaving,0.0
Erb_274,11,11_little horses_horses_maids_altar,0.5170636
Erb_275,6,6_poplar_eyebrows_bright_boast,0.69348013
Erb_276,9,9_wreath_wreaths_wreath wreath_periwinkle,0.87506765
Erb_277,15,15_slave_goats_ants_feathers,0.5275044
Erb_278,18,18_farmer_rye_oats_horses,0.49427003
Erb_279,13,13_september_thirty_march_summer,0.52426594
Erb_280,15,15_slave_goats_ants_feathers,1.0
Erb_282,0,0_dear_sorrow_wish_weaving,0.0
Erb_283,15,15_slave_goats_ants_feathers,1.0
Erb_287,0,0_dear_sorrow_wish_weaving,0.0
Erb_288,13,13_september_thirty_march_summer,1.0
Erb_289,13,13_september_thirty_march_summer,1.0
Erb_290,0,0_dear_sorrow_wish_weaving,0.0
Erb_291,13,13_september_thirty_march_summer,0.85263973
Erb_292,0,0_dear_sorrow_wish_weaving,0.0
Erb_293,0,0_dear_sorrow_wish_weaving,0.0
Erb_294,13,13_september_thirty_march_summer,0.50804245
Erb_295,9,9_wreath_wreaths_wreath wreath_periwinkle,1.0
Erb_296,0,0_dear_sorrow_wish_weaving,0.0
Erb_297,14,14_gyeongsang_jeolla_country_blow,1.0
Erb_298,0,0_dear_sorrow_wish_weaving,0.0
Erb_299,13,13_september_thirty_march_summer,1.0
Erb_300,18,18_farmer_rye_oats_horses,0.81371987
Erb_301,0,0_dear_sorrow_wish_weaving,0.0
Erb_302,11,11_little horses_horses_maids_altar,1.0
Erb_303,9,9_wreath_wreaths_wreath wreath_periwinkle,1.0
Erb_307,18,18_farmer_rye_oats_horses,1.0
Erb_308,13,13_september_thirty_march_summer,0.31027314
Erb_309,16,16_song praise_cheerful song_sing song_sing,0.73066777
Erb_310,16,16_song praise_cheerful song_sing song_sing,0.57605535
Erb_311,17,17_mocking_squirrel_don laugh_laugh,1.0
Erb_312,16,16_song praise_cheerful song_sing song_sing,1.0
Erb_313,13,13_september_thirty_march_summer,0.41500998
Erb_314,9,9_wreath_wreaths_wreath wreath_periwinkle,0.51501983
Erb_315,7,7_street_streets_fence_corner,1.0
Erb_316,0,0_dear_sorrow_wish_weaving,0.0
Erb_317,13,13_september_thirty_march_summer,1.0
Erb_318,0,0_dear_sorrow_wish_weaving,0.0
Erb_319,11,11_little horses_horses_maids_altar,1.0
Erb_320,18,18_farmer_rye_oats_horses,1.0
Erb_321,0,0_dear_sorrow_wish_weaving,0.0
Erb_322,13,13_september_thirty_march_summer,0.37063277
Erb_323,0,0_dear_sorrow_wish_weaving,0.0
Erb_324,0,0_dear_sorrow_wish_weaving,0.0
Erb_325,18,18_farmer_rye_oats_horses,1.0
Erb_326,0,0_dear_sorrow_wish_weaving,0.0
Erb_327,11,11_little horses_horses_maids_altar,1.0
Erb_332,0,0_dear_sorrow_wish_weaving,0.0
Erb_333,0,0_dear_sorrow_wish_weaving,0.0
Erb_334,0,0_dear_sorrow_wish_weaving,0.0
Erb_335,17,17_mocking_squirrel_don laugh_laugh,1.0
Erb_336,18,18_farmer_rye_oats_horses,1.0
Erb_337,16,16_song praise_cheerful song_sing song_sing,1.0
Erb_338,0,0_dear_sorrow_wish_weaving,0.0
Erb_339,0,0_dear_sorrow_wish_weaving,0.0
Erb_340,0,0_dear_sorrow_wish_weaving,0.0
Erb_341,0,0_dear_sorrow_wish_weaving,0.0
Erb_342,13,13_september_thirty_march_summer,1.0
Erb_343,0,0_dear_sorrow_wish_weaving,0.0
Erb_344,3,3_saint nicholas_saint_nicholas_holy evening,0.50569224
Erb_345,13,13_september_thirty_march_summer,1.0
Erb_346,13,13_september_thirty_march_summer,1.0
Erb_347,13,13_september_thirty_march_summer,1.0
Erb_348,13,13_september_thirty_march_summer,1.0
Erb_349,13,13_september_thirty_march_summer,1.0
Erb_350,0,0_dear_sorrow_wish_weaving,0.0
Erb_351,0,0_dear_sorrow_wish_weaving,0.0
Erb_352,13,13_september_thirty_march_summer,1.0
Erb_353,0,0_dear_sorrow_wish_weaving,0.0
Erb_354,0,0_dear_sorrow_wish_weaving,0.0
Erb_355,0,0_dear_sorrow_wish_weaving,0.0
Erb_356,0,0_dear_sorrow_wish_weaving,0.0
Erb_357,9,9_wreath_wreaths_wreath wreath_periwinkle,0.5681727
Erb_359,0,0_dear_sorrow_wish_weaving,0.0
Erb_360,13,13_september_thirty_march_summer,1.0
Erb_361,0,0_dear_sorrow_wish_weaving,0.0
Erb_362,0,0_dear_sorrow_wish_weaving,0.0
Erb_363,13,13_september_thirty_march_summer,1.0
Erb_364,0,0_dear_sorrow_wish_weaving,0.0
Erb_365,0,0_dear_sorrow_wish_weaving,0.0
Erb_367,0,0_dear_sorrow_wish_weaving,0.0
Erb_368,7,7_street_streets_fence_corner,1.0
Erb_369,18,18_farmer_rye_oats_horses,0.73408484
Erb_370,18,18_farmer_rye_oats_horses,1.0
Erb_371,0,0_dear_sorrow_wish_weaving,0.0
Erb_372,0,0_dear_sorrow_wish_weaving,0.0
Erb_373,0,0_dear_sorrow_wish_weaving,0.0
Erb_374,18,18_farmer_rye_oats_horses,0.87955093
Erb_375,13,13_september_thirty_march_summer,1.0
Erb_376,13,13_september_thirty_march_summer,1.0
Erb_377,0,0_dear_sorrow_wish_weaving,0.0
Erb_379,7,7_street_streets_fence_corner,1.0
Erb_380,18,18_farmer_rye_oats_horses,1.0
Erb_381,0,0_dear_sorrow_wish_weaving,0.0
Erb_382,0,0_dear_sorrow_wish_weaving,0.0
Erb_383,0,0_dear_sorrow_wish_weaving,0.0
Erb_384,17,17_mocking_squirrel_don laugh_laugh,1.0
Erb_385,18,18_farmer_rye_oats_horses,1.0
Erb_386,13,13_september_thirty_march_summer,1.0
Erb_387,13,13_september_thirty_march_summer,0.88109833
Erb_388,18,18_farmer_rye_oats_horses,0.5279351
Erb_389,0,0_dear_sorrow_wish_weaving,0.0
Erb_390,0,0_dear_sorrow_wish_weaving,0.0
Erb_391,14,14_gyeongsang_jeolla_country_blow,1.0
Erb_392,0,0_dear_sorrow_wish_weaving,0.0
Erb_393,6,6_poplar_eyebrows_bright_boast,1.0
Erb_394,0,0_dear_sorrow_wish_weaving,0.0
Erb_395,0,0_dear_sorrow_wish_weaving,0.0
Erb_397,0,0_dear_sorrow_wish_weaving,0.0
Erb_399,0,0_dear_sorrow_wish_weaving,0.0
Erb_400,0,0_dear_sorrow_wish_weaving,0.0
Erb_401,0,0_dear_sorrow_wish_weaving,0.0
Erb_402,0,0_dear_sorrow_wish_weaving,0.0
Erb_403,13,13_september_thirty_march_summer,1.0
Erb_404,0,0_dear_sorrow_wish_weaving,0.0
Erb_405,0,0_dear_sorrow_wish_weaving,0.0
Erb_406,13,13_september_thirty_march_summer,0.5907797
Erb_407,13,13_september_thirty_march_summer,1.0
Erb_408,0,0_dear_sorrow_wish_weaving,0.0
Erb_409,13,13_september_thirty_march_summer,1.0
Erb_410,0,0_dear_sorrow_wish_weaving,0.0
Erb_411,0,0_dear_sorrow_wish_weaving,0.0
Erb_412,0,0_dear_sorrow_wish_weaving,0.0
Erb_413,0,0_dear_sorrow_wish_weaving,0.0
Erb_415,14,14_gyeongsang_jeolla_country_blow,0.47302768
Erb_416,13,13_september_thirty_march_summer,0.50075483
Erb_417,9,9_wreath_wreaths_wreath wreath_periwinkle,0.4916089
Erb_418,17,17_mocking_squirrel_don laugh_laugh,1.0
Erb_419,11,11_little horses_horses_maids_altar,0.39389732
Erb_420,17,17_mocking_squirrel_don laugh_laugh,0.67550373
Erb_424,13,13_september_thirty_march_summer,1.0
Erb_425,0,0_dear_sorrow_wish_weaving,0.0
Erb_426,0,0_dear_sorrow_wish_weaving,0.0
Erb_427,0,0_dear_sorrow_wish_weaving,0.0
Erb_428,18,18_farmer_rye_oats_horses,0.7301279
Erb_429,0,0_dear_sorrow_wish_weaving,0.0
Erb_430,0,0_dear_sorrow_wish_weaving,0.0
Erb_433,18,18_farmer_rye_oats_horses,1.0
Erb_434,0,0_dear_sorrow_wish_weaving,0.0
Erb_435,18,18_farmer_rye_oats_horses,0.73027676
Erb_436,0,0_dear_sorrow_wish_weaving,0.0
Erb_437,9,9_wreath_wreaths_wreath wreath_periwinkle,1.0
Erb_438,0,0_dear_sorrow_wish_weaving,0.0
Erb_439,16,16_song praise_cheerful song_sing song_sing,1.0
Erb_440,9,9_wreath_wreaths_wreath wreath_periwinkle,1.0
Erb_441,0,0_dear_sorrow_wish_weaving,0.0
Erb_442,17,17_mocking_squirrel_don laugh_laugh,0.6731627
Erb_443,0,0_dear_sorrow_wish_weaving,0.0
Erb_444,13,13_september_thirty_march_summer,1.0
Erb_445,9,9_wreath_wreaths_wreath wreath_periwinkle,0.7136665
Erb_446,13,13_september_thirty_march_summer,1.0
Erb_447,0,0_dear_sorrow_wish_weaving,0.0
Erb_448,0,0_dear_sorrow_wish_weaving,0.0
Erb_449,17,17_mocking_squirrel_don laugh_laugh,1.0
Erb_450,13,13_september_thirty_march_summer,1.0
Erb_451,0,0_dear_sorrow_wish_weaving,0.0
Erb_452,13,13_september_thirty_march_summer,1.0
Erb_453,17,17_mocking_squirrel_don laugh_laugh,1.0
Erb_454,0,0_dear_sorrow_wish_weaving,0.0
Erb_455,0,0_dear_sorrow_wish_weaving,0.0
Erb_456,17,17_mocking_squirrel_don laugh_laugh,1.0
Erb_457,13,13_september_thirty_march_summer,1.0
Erb_458,0,0_dear_sorrow_wish_weaving,0.0
Erb_459,16,16_song praise_cheerful song_sing song_sing,0.5308282
Erb_460,18,18_farmer_rye_oats_horses,1.0
Erb_461,17,17_mocking_squirrel_don laugh_laugh,0.6952239
Erb_462,18,18_farmer_rye_oats_horses,0.7992695
Erb_463,11,11_little horses_horses_maids_altar,0.81787723
Erb_464,0,0_dear_sorrow_wish_weaving,0.0
Erb_465,18,18_farmer_rye_oats_horses,1.0
Erb_466,17,17_mocking_squirrel_don laugh_laugh,0.3524701
Erb_467,11,11_little horses_horses_maids_altar,1.0
Erb_469,0,0_dear_sorrow_wish_weaving,0.0
Erb_470,0,0_dear_sorrow_wish_weaving,0.0
Erb_471,0,0_dear_sorrow_wish_weaving,0.0
Erb_472,0,0_dear_sorrow_wish_weaving,0.0
Erb_473,0,0_dear_sorrow_wish_weaving,0.0
Erb_475,0,0_dear_sorrow_wish_weaving,0.0
Erb_477,13,13_september_thirty_march_summer,1.0
Erb_478,18,18_farmer_rye_oats_horses,0.7506624
Erb_480,0,0_dear_sorrow_wish_weaving,0.0
Erb_481,0,0_dear_sorrow_wish_weaving,0.0
Erb_482,0,0_dear_sorrow_wish_weaving,0.0
Erb_483,0,0_dear_sorrow_wish_weaving,0.0
Erb_484,0,0_dear_sorrow_wish_weaving,0.0
Erb_486,0,0_dear_sorrow_wish_weaving,0.0
Erb_487,18,18_farmer_rye_oats_horses,0.82864666
Erb_491,0,0_dear_sorrow_wish_weaving,0.0
Erb_492,14,14_gyeongsang_jeolla_country_blow,1.0
Erb_494,11,11_little horses_horses_maids_altar,0.5215396
Erb_496,18,18_farmer_rye_oats_horses,1.0
Erb_499,6,6_poplar_eyebrows_bright_boast,1.0
Erb_501,0,0_dear_sorrow_wish_weaving,0.0
Erb_502,0,0_dear_sorrow_wish_weaving,0.0
Erb_503,11,11_little horses_horses_maids_altar,0.8776922
Erb_505,11,11_little horses_horses_maids_altar,1.0
Erb_507,0,0_dear_sorrow_wish_weaving,0.0
Erb_508,11,11_little horses_horses_maids_altar,1.0
Erb_510,14,14_gyeongsang_jeolla_country_blow,1.0
Erb_511,0,0_dear_sorrow_wish_weaving,0.0
Erb_512,0,0_dear_sorrow_wish_weaving,0.0
Erb_513,18,18_farmer_rye_oats_horses,1.0
Erb_515,18,18_farmer_rye_oats_horses,1.0
Erb_516,15,15_slave_goats_ants_feathers,1.0
Erb_517,13,13_september_thirty_march_summer,1.0
Erb_519,0,0_dear_sorrow_wish_weaving,0.0
Erb_521,18,18_farmer_rye_oats_horses,1.0
Erb_522,0,0_dear_sorrow_wish_weaving,0.0
Erb_523,0,0_dear_sorrow_wish_weaving,0.0
Erb_524,0,0_dear_sorrow_wish_weaving,0.0
Erb_525,0,0_dear_sorrow_wish_weaving,0.0
Erb_526,11,11_little horses_horses_maids_altar,1.0
Erb_527,18,18_farmer_rye_oats_horses,1.0
Erb_529,0,0_dear_sorrow_wish_weaving,0.0
Erb_532,9,9_wreath_wreaths_wreath wreath_periwinkle,1.0
Erb_533,0,0_dear_sorrow_wish_weaving,0.0
Erb_535,18,18_farmer_rye_oats_horses,0.7987668
Erb_537,0,0_dear_sorrow_wish_weaving,0.0
Erb_538,9,9_wreath_wreaths_wreath wreath_periwinkle,1.0
Erb_540,0,0_dear_sorrow_wish_weaving,0.0
Erb_541,0,0_dear_sorrow_wish_weaving,0.0
Erb_543,0,0_dear_sorrow_wish_weaving,0.0
Erb_544,16,16_song praise_cheerful song_sing song_sing,0.71052426
Erb_546,0,0_dear_sorrow_wish_weaving,0.0
Erb_547,6,6_poplar_eyebrows_bright_boast,0.5526543
Erb_549,0,0_dear_sorrow_wish_weaving,0.0
Erb_550,6,6_poplar_eyebrows_bright_boast,0.8334927
Erb_553,11,11_little horses_horses_maids_altar,1.0
Erb_555,18,18_farmer_rye_oats_horses,0.8999565
Erb_557,0,0_dear_sorrow_wish_weaving,0.0
Erb_559,0,0_dear_sorrow_wish_weaving,0.0
Erb_560,16,16_song praise_cheerful song_sing song_sing,1.0
Erb_561,0,0_dear_sorrow_wish_weaving,0.0
Erb_562,0,0_dear_sorrow_wish_weaving,0.0
Erb_563,0,0_dear_sorrow_wish_weaving,0.0
Erb_564,0,0_dear_sorrow_wish_weaving,0.0
Erb_565,11,11_little horses_horses_maids_altar,0.45752507
Erb_566,0,0_dear_sorrow_wish_weaving,0.0
Erb_567,17,17_mocking_squirrel_don laugh_laugh,1.0
Erb_568,0,0_dear_sorrow_wish_weaving,0.0
Erb_569,18,18_farmer_rye_oats_horses,1.0
Erb_571,18,18_farmer_rye_oats_horses,1.0
Erb_573,14,14_gyeongsang_jeolla_country_blow,1.0
Erb_574,0,0_dear_sorrow_wish_weaving,0.0
Erb_576,18,18_farmer_rye_oats_horses,1.0
Erb_579,18,18_farmer_rye_oats_horses,1.0
Erb_581,18,18_farmer_rye_oats_horses,1.0
Erb_584,3,3_saint nicholas_saint_nicholas_holy evening,0.6726261
Erb_585,0,0_dear_sorrow_wish_weaving,0.0
Erb_586,18,18_farmer_rye_oats_horses,0.75829536
Erb_588,0,0_dear_sorrow_wish_weaving,0.0
Erb_590,0,0_dear_sorrow_wish_weaving,0.0
Erb_591,0,0_dear_sorrow_wish_weaving,0.0
Erb_592,16,16_song praise_cheerful song_sing song_sing,1.0
Erb_595,13,13_september_thirty_march_summer,1.0
Erb_596,18,18_farmer_rye_oats_horses,1.0
Erb_597,7,7_street_streets_fence_corner,1.0
Erb_598,0,0_dear_sorrow_wish_weaving,0.0
Erb_599,11,11_little horses_horses_maids_altar,1.0
Erb_600,0,0_dear_sorrow_wish_weaving,0.0
Erb_601,18,18_farmer_rye_oats_horses,0.8175317
Erb_603,0,0_dear_sorrow_wish_weaving,0.0
Erb_604,0,0_dear_sorrow_wish_weaving,0.0
Erb_605,18,18_farmer_rye_oats_horses,1.0
Erb_608,18,18_farmer_rye_oats_horses,1.0
Erb_609,18,18_farmer_rye_oats_horses,1.0
Erb_610,18,18_farmer_rye_oats_horses,1.0
Erb_612,0,0_dear_sorrow_wish_weaving,0.0
Erb_613,0,0_dear_sorrow_wish_weaving,0.0
Erb_614,0,0_dear_sorrow_wish_weaving,0.0
Erb_616,0,0_dear_sorrow_wish_weaving,0.0
Erb_617,0,0_dear_sorrow_wish_weaving,0.0
Erb_618,0,0_dear_sorrow_wish_weaving,0.0
Erb_619,0,0_dear_sorrow_wish_weaving,0.0
Erb_621,0,0_dear_sorrow_wish_weaving,0.0
Erb_622,0,0_dear_sorrow_wish_weaving,0.0
Erb_623,0,0_dear_sorrow_wish_weaving,0.0
Erb_624,0,0_dear_sorrow_wish_weaving,0.0
Erb_626,0,0_dear_sorrow_wish_weaving,0.0
Erb_627,0,0_dear_sorrow_wish_weaving,0.0
Erb_628,16,16_song praise_cheerful song_sing song_sing,1.0
Erb_633,0,0_dear_sorrow_wish_weaving,0.0
Erb_634,16,16_song praise_cheerful song_sing song_sing,0.7579901
Erb_635,18,18_farmer_rye_oats_horses,1.0
Erb_637,0,0_dear_sorrow_wish_weaving,0.0
Erb_638,18,18_farmer_rye_oats_horses,0.59954214
Erb_640,0,0_dear_sorrow_wish_weaving,0.0
Erb_641,0,0_dear_sorrow_wish_weaving,0.0
Erb_643,16,16_song praise_cheerful song_sing song_sing,0.66582096
Erb_644,0,0_dear_sorrow_wish_weaving,0.0
Erb_645,18,18_farmer_rye_oats_horses,1.0
Erb_646,3,3_saint nicholas_saint_nicholas_holy evening,0.6800557
Erb_648,13,13_september_thirty_march_summer,1.0
Erb_649,18,18_farmer_rye_oats_horses,1.0
Erb_651,0,0_dear_sorrow_wish_weaving,0.0
Erb_653,0,0_dear_sorrow_wish_weaving,0.0
Erb_655,18,18_farmer_rye_oats_horses,0.87564605
Erb_661,18,18_farmer_rye_oats_horses,0.6460929
Erb_663,0,0_dear_sorrow_wish_weaving,0.0
Erb_664,11,11_little horses_horses_maids_altar,1.0
Erb_666,14,14_gyeongsang_jeolla_country_blow,1.0
Erb_667,0,0_dear_sorrow_wish_weaving,0.0
Erb_668,14,14_gyeongsang_jeolla_country_blow,0.69755685
Erb_669,17,17_mocking_squirrel_don laugh_laugh,0.7918051
Erb_670,9,9_wreath_wreaths_wreath wreath_periwinkle,0.51610035
Erb_672,0,0_dear_sorrow_wish_weaving,0.0
Erb_673,17,17_mocking_squirrel_don laugh_laugh,1.0
Erb_674,0,0_dear_sorrow_wish_weaving,0.0
Erb_676,0,0_dear_sorrow_wish_weaving,0.0
Erb_678,17,17_mocking_squirrel_don laugh_laugh,1.0
Erb_679,0,0_dear_sorrow_wish_weaving,0.0
Erb_680,0,0_dear_sorrow_wish_weaving,0.0
Erb_681,18,18_farmer_rye_oats_horses,1.0
Erb_682,0,0_dear_sorrow_wish_weaving,0.0
Erb_683,6,6_poplar_eyebrows_bright_boast,1.0
Erb_684,16,16_song praise_cheerful song_sing song_sing,1.0
Erb_685,14,14_gyeongsang_jeolla_country_blow,1.0
Erb_688,0,0_dear_sorrow_wish_weaving,0.0
Erb_689,0,0_dear_sorrow_wish_weaving,0.0
Erb_690,0,0_dear_sorrow_wish_weaving,0.0
Erb_692,0,0_dear_sorrow_wish_weaving,0.0
Erb_695,0,0_dear_sorrow_wish_weaving,0.0
Erb_697,13,13_september_thirty_march_summer,1.0
Erb_698,18,18_farmer_rye_oats_horses,1.0
Erb_699,0,0_dear_sorrow_wish_weaving,0.0
Erb_700,14,14_gyeongsang_jeolla_country_blow,1.0
Erb_703,0,0_dear_sorrow_wish_weaving,0.0
Erb_706,18,18_farmer_rye_oats_horses,1.0
Erb_707,6,6_poplar_eyebrows_bright_boast,1.0
Erb_709,0,0_dear_sorrow_wish_weaving,0.0
Erb_710,18,18_farmer_rye_oats_horses,1.0
Erb_711,0,0_dear_sorrow_wish_weaving,0.0
Erb_713,7,7_street_streets_fence_corner,1.0
Erb_715,0,0_dear_sorrow_wish_weaving,0.0
Erb_716,17,17_mocking_squirrel_don laugh_laugh,0.69485277
Erb_717,18,18_farmer_rye_oats_horses,0.5096805
Erb_719,0,0_dear_sorrow_wish_weaving,0.0
Erb_720,16,16_song praise_cheerful song_sing song_sing,1.0
Erb_722,18,18_farmer_rye_oats_horses,0.80567956
Erb_723,0,0_dear_sorrow_wish_weaving,0.0
Erb_724,0,0_dear_sorrow_wish_weaving,0.0
Erb_726,0,0_dear_sorrow_wish_weaving,0.0
Erb_727,0,0_dear_sorrow_wish_weaving,0.0
Erb_728,16,16_song praise_cheerful song_sing song_sing,1.0
Erb_729,0,0_dear_sorrow_wish_weaving,0.0
Erb_730,0,0_dear_sorrow_wish_weaving,0.0
Erb_731,0,0_dear_sorrow_wish_weaving,0.0
Erb_732,0,0_dear_sorrow_wish_weaving,0.0
Erb_733,0,0_dear_sorrow_wish_weaving,0.0
Erb_734,13,13_september_thirty_march_summer,1.0
Erb_735,0,0_dear_sorrow_wish_weaving,0.0
Erb_736,0,0_dear_sorrow_wish_weaving,0.0
Erb_737,0,0_dear_sorrow_wish_weaving,0.0
Erb_739,0,0_dear_sorrow_wish_weaving,0.0
Erb_740,18,18_farmer_rye_oats_horses,1.0
Erb_741,0,0_dear_sorrow_wish_weaving,0.0
Erb_745,18,18_farmer_rye_oats_horses,1.0
Erb_746,0,0_dear_sorrow_wish_weaving,0.0
Erb_747,0,0_dear_sorrow_wish_weaving,0.0
Erb_748,9,9_wreath_wreaths_wreath wreath_periwinkle,1.0
Erb_751,9,9_wreath_wreaths_wreath wreath_periwinkle,1.0
Erb_753,0,0_dear_sorrow_wish_weaving,0.0
Erb_754,0,0_dear_sorrow_wish_weaving,0.0
Erb_755,18,18_farmer_rye_oats_horses,1.0
Erb_756,0,0_dear_sorrow_wish_weaving,0.0
Erb_757,17,17_mocking_squirrel_don laugh_laugh,0.5709509
Erb_759,0,0_dear_sorrow_wish_weaving,0.0
Erb_761,0,0_dear_sorrow_wish_weaving,0.0
Erb_762,18,18_farmer_rye_oats_horses,1.0
Erb_766,11,11_little horses_horses_maids_altar,1.0
Erb_768,0,0_dear_sorrow_wish_weaving,0.0
Erb_769,16,16_song praise_cheerful song_sing song_sing,1.0
Erb_770,18,18_farmer_rye_oats_horses,1.0
Erb_772,0,0_dear_sorrow_wish_weaving,0.0
Erb_774,16,16_song praise_cheerful song_sing song_sing,1.0
Erb_776,0,0_dear_sorrow_wish_weaving,0.0
Erb_777,18,18_farmer_rye_oats_horses,0.7632849
Erb_778,0,0_dear_sorrow_wish_weaving,0.0
Erb_779,0,0_dear_sorrow_wish_weaving,0.0
Erb_782,0,0_dear_sorrow_wish_weaving,0.0
Erb_783,11,11_little horses_horses_maids_altar,1.0
Erb_785,0,0_dear_sorrow_wish_weaving,0.0
Erb_786,0,0_dear_sorrow_wish_weaving,0.0
Erb_787,0,0_dear_sorrow_wish_weaving,0.0
Erb_789,18,18_farmer_rye_oats_horses,1.0
Erb_790,0,0_dear_sorrow_wish_weaving,0.0
Erb_791,0,0_dear_sorrow_wish_weaving,0.0
Erb_792,16,16_song praise_cheerful song_sing song_sing,1.0
Erb_793,0,0_dear_sorrow_wish_weaving,0.0
Erb_795,18,18_farmer_rye_oats_horses,1.0
Erb_796,18,18_farmer_rye_oats_horses,0.55534595
Erb_797,11,11_little horses_horses_maids_altar,1.0
Erb_799,14,14_gyeongsang_jeolla_country_blow,1.0
Erb_800,9,9_wreath_wreaths_wreath wreath_periwinkle,1.0
Erb_801,18,18_farmer_rye_oats_horses,1.0
Erb_804,13,13_september_thirty_march_summer,0.6163408
Erb_808,18,18_farmer_rye_oats_horses,0.66781944
Erb_809,14,14_gyeongsang_jeolla_country_blow,0.52513814
Erb_810,6,6_poplar_eyebrows_bright_boast,1.0
Erb_812,9,9_wreath_wreaths_wreath wreath_periwinkle,1.0
Erb_813,0,0_dear_sorrow_wish_weaving,0.0
Erb_816,18,18_farmer_rye_oats_horses,0.49277484
Erb_821,18,18_farmer_rye_oats_horses,1.0
Erb_824,18,18_farmer_rye_oats_horses,1.0
Erb_826,9,9_wreath_wreaths_wreath wreath_periwinkle,1.0
Erb_834,11,11_little horses_horses_maids_altar,1.0
Erb_835,0,0_dear_sorrow_wish_weaving,0.0
Erb_837,18,18_farmer_rye_oats_horses,1.0
Erb_838,0,0_dear_sorrow_wish_weaving,0.0
Erb_840,18,18_farmer_rye_oats_horses,1.0
Erb_843,0,0_dear_sorrow_wish_weaving,0.0
Erb_844,0,0_dear_sorrow_wish_weaving,0.0
Erb_847,18,18_farmer_rye_oats_horses,1.0
Erb_849,16,16_song praise_cheerful song_sing song_sing,1.0
Erb_851,0,0_dear_sorrow_wish_weaving,0.0
Erb_855,0,0_dear_sorrow_wish_weaving,0.0
Erb_856,17,17_mocking_squirrel_don laugh_laugh,1.0
Erb_860,18,18_farmer_rye_oats_horses,1.0
Erb_862,11,11_little horses_horses_maids_altar,1.0
Erb_864,17,17_mocking_squirrel_don laugh_laugh,0.74326366
Erb_866,9,9_wreath_wreaths_wreath wreath_periwinkle,1.0
Erb_870,0,0_dear_sorrow_wish_weaving,0.0
Erb_872,12,12_orphans_trees_plowed field_wilderness,1.0
Erb_876,0,0_dear_sorrow_wish_weaving,0.0
Erb_879,0,0_dear_sorrow_wish_weaving,0.0
Erb_880,0,0_dear_sorrow_wish_weaving,0.0
Erb_882,18,18_farmer_rye_oats_horses,0.7067221
Erb_884,0,0_dear_sorrow_wish_weaving,0.0
Erb_885,0,0_dear_sorrow_wish_weaving,0.0
Erb_886,17,17_mocking_squirrel_don laugh_laugh,1.0
Erb_888,0,0_dear_sorrow_wish_weaving,0.0
Erb_889,0,0_dear_sorrow_wish_weaving,0.0
Erb_890,0,0_dear_sorrow_wish_weaving,0.0
Erb_894,16,16_song praise_cheerful song_sing song_sing,1.0
Erb_899,17,17_mocking_squirrel_don laugh_laugh,0.7119918
Erb_901,7,7_street_streets_fence_corner,1.0
Erb_903,13,13_september_thirty_march_summer,0.3857367
Erb_907,11,11_little horses_horses_maids_altar,1.0
Erb_910,0,0_dear_sorrow_wish_weaving,0.0
Erb_911,17,17_mocking_squirrel_don laugh_laugh,1.0
Erb_913,11,11_little horses_horses_maids_altar,0.5335503
Erb_914,0,0_dear_sorrow_wish_weaving,0.0
Erb_917,0,0_dear_sorrow_wish_weaving,0.0
Erb_919,11,11_little horses_horses_maids_altar,1.0
Erb_920,6,6_poplar_eyebrows_bright_boast,1.0
Erb_922,18,18_farmer_rye_oats_horses,1.0
Erb_924,0,0_dear_sorrow_wish_weaving,0.0
Erb_925,0,0_dear_sorrow_wish_weaving,0.0
Erb_927,9,9_wreath_wreaths_wreath wreath_periwinkle,1.0
Erb_929,18,18_farmer_rye_oats_horses,1.0
Erb_931,0,0_dear_sorrow_wish_weaving,0.0
Erb_932,18,18_farmer_rye_oats_horses,0.50430965
Erb_934,13,13_september_thirty_march_summer,1.0
Erb_936,18,18_farmer_rye_oats_horses,0.89797604
Erb_937,18,18_farmer_rye_oats_horses,1.0
Erb_941,16,16_song praise_cheerful song_sing song_sing,1.0
Erb_943,16,16_song praise_cheerful song_sing song_sing,0.51412135
Erb_944,18,18_farmer_rye_oats_horses,1.0
Erb_946,16,16_song praise_cheerful song_sing song_sing,1.0
Erb_949,14,14_gyeongsang_jeolla_country_blow,1.0
Erb_950,0,0_dear_sorrow_wish_weaving,0.0
Erb_953,9,9_wreath_wreaths_wreath wreath_periwinkle,0.6515132
Erb_954,7,7_street_streets_fence_corner,0.56716394
Erb_955,11,11_little horses_horses_maids_altar,1.0
Erb_959,18,18_farmer_rye_oats_horses,1.0
Erb_960,14,14_gyeongsang_jeolla_country_blow,0.8028404
Erb_963,14,14_gyeongsang_jeolla_country_blow,0.520037
Erb_967,14,14_gyeongsang_jeolla_country_blow,0.694344
Erb_971,18,18_farmer_rye_oats_horses,0.4810281
Erb_974,0,0_dear_sorrow_wish_weaving,0.0
Erb_975,18,18_farmer_rye_oats_horses,1.0
Erb_980,0,0_dear_sorrow_wish_weaving,0.0
Erb_981,17,17_mocking_squirrel_don laugh_laugh,0.855938
Erb_986,17,17_mocking_squirrel_don laugh_laugh,1.0
Erb_988,3,3_saint nicholas_saint_nicholas_holy evening,0.40517542
Erb_995,0,0_dear_sorrow_wish_weaving,0.0
Erb_996,18,18_farmer_rye_oats_horses,1.0
Erb_1001,0,0_dear_sorrow_wish_weaving,0.0
Erb_1004,16,16_song praise_cheerful song_sing song_sing,1.0
Erb_1007,18,18_farmer_rye_oats_horses,1.0
Erb_1008,17,17_mocking_squirrel_don laugh_laugh,0.59335524
Erb_1013,9,9_wreath_wreaths_wreath wreath_periwinkle,0.72222894
Erb_1017,9,9_wreath_wreaths_wreath wreath_periwinkle,1.0
Erb_1019,7,7_street_streets_fence_corner,0.5661539
Erb_1023,16,16_song praise_cheerful song_sing song_sing,0.4222166
Erb_1025,18,18_farmer_rye_oats_horses,0.66418856
Erb_1027,16,16_song praise_cheerful song_sing song_sing,0.35835478
Erb_1028,0,0_dear_sorrow_wish_weaving,0.0
Erb_1033,11,11_little horses_horses_maids_altar,1.0
Erb_1037,16,16_song praise_cheerful song_sing song_sing,0.7824767
Erb_1040,17,17_mocking_squirrel_don laugh_laugh,0.55179745
Erb_1043,18,18_farmer_rye_oats_horses,1.0
Erb_1044,0,0_dear_sorrow_wish_weaving,0.0
Erb_1046,0,0_dear_sorrow_wish_weaving,0.0
Erb_1048,16,16_song praise_cheerful song_sing song_sing,0.40047276
Erb_1049,13,13_september_thirty_march_summer,0.51116234
Erb_1051,18,18_farmer_rye_oats_horses,1.0
Erb_1053,16,16_song praise_cheerful song_sing song_sing,1.0
Erb_1058,18,18_farmer_rye_oats_horses,0.42119122
Erb_1059,18,18_farmer_rye_oats_horses,1.0
Erb_1061,0,0_dear_sorrow_wish_weaving,0.0
Erb_1062,0,0_dear_sorrow_wish_weaving,0.0
Erb_1064,17,17_mocking_squirrel_don laugh_laugh,0.5513324
Erb_1065,3,3_saint nicholas_saint_nicholas_holy evening,0.5149018
Erb_1072,0,0_dear_sorrow_wish_weaving,0.0
Erb_1074,0,0_dear_sorrow_wish_weaving,0.0
Erb_1076,18,18_farmer_rye_oats_horses,0.7822751
Erb_1083,0,0_dear_sorrow_wish_weaving,0.0
Erb_1084,17,17_mocking_squirrel_don laugh_laugh,1.0
Erb_1085,9,9_wreath_wreaths_wreath wreath_periwinkle,0.5528288
Erb_1088,13,13_september_thirty_march_summer,0.5049446
Erb_1089,0,0_dear_sorrow_wish_weaving,0.0
Erb_1092,3,3_saint nicholas_saint_nicholas_holy evening,0.3751174
Erb_1097,18,18_farmer_rye_oats_horses,1.0
Erb_1100,0,0_dear_sorrow_wish_weaving,0.0
Erb_1101,9,9_wreath_wreaths_wreath wreath_periwinkle,1.0
Erb_1104,16,16_song praise_cheerful song_sing song_sing,1.0
Erb_1110,13,13_september_thirty_march_summer,0.6974892
Erb_1112,0,0_dear_sorrow_wish_weaving,0.0
Erb_1113,0,0_dear_sorrow_wish_weaving,0.0
Erb_1115,9,9_wreath_wreaths_wreath wreath_periwinkle,0.5503188
Erb_1116,6,6_poplar_eyebrows_bright_boast,1.0
Erb_1122,5,5_horses_grazing_maidens_clover,1.0
Erb_1123,0,0_dear_sorrow_wish_weaving,0.0
Erb_1124,0,0_dear_sorrow_wish_weaving,0.0
Erb_1126,18,18_farmer_rye_oats_horses,1.0
Erb_1128,14,14_gyeongsang_jeolla_country_blow,1.0
Erb_1129,17,17_mocking_squirrel_don laugh_laugh,0.59232634
Erb_1131,16,16_song praise_cheerful song_sing song_sing,0.52065957
Erb_1133,11,11_little horses_horses_maids_altar,1.0
Erb_1134,0,0_dear_sorrow_wish_weaving,0.0
Erb_1135,0,0_dear_sorrow_wish_weaving,0.0
Erb_1136,0,0_dear_sorrow_wish_weaving,0.0
Erb_1139,11,11_little horses_horses_maids_altar,0.82787025
Erb_1141,0,0_dear_sorrow_wish_weaving,0.0
Erb_1144,16,16_song praise_cheerful song_sing song_sing,0.7017638
Erb_1147,0,0_dear_sorrow_wish_weaving,0.0
Erb_1148,0,0_dear_sorrow_wish_weaving,0.0
Erb_1150,9,9_wreath_wreaths_wreath wreath_periwinkle,0.46264628
Erb_1151,0,0_dear_sorrow_wish_weaving,0.0
Erb_1152,0,0_dear_sorrow_wish_weaving,0.0
Erb_1153,0,0_dear_sorrow_wish_weaving,0.0
Erb_1155,0,0_dear_sorrow_wish_weaving,0.0
Erb_1158,18,18_farmer_rye_oats_horses,0.6138131
Erb_1164,11,11_little horses_horses_maids_altar,1.0
Erb_1166,0,0_dear_sorrow_wish_weaving,0.0
Erb_1169,0,0_dear_sorrow_wish_weaving,0.0
Erb_1170,0,0_dear_sorrow_wish_weaving,0.0
Erb_1171,18,18_farmer_rye_oats_horses,1.0
Erb_1172,6,6_poplar_eyebrows_bright_boast,1.0
Erb_1173,14,14_gyeongsang_jeolla_country_blow,0.5623254
Erb_1180,11,11_little horses_horses_maids_altar,1.0
Erb_1181,17,17_mocking_squirrel_don laugh_laugh,1.0
Erb_1182,18,18_farmer_rye_oats_horses,1.0
Erb_1183,0,0_dear_sorrow_wish_weaving,0.0
Erb_1184,0,0_dear_sorrow_wish_weaving,0.0
Erb_1186,18,18_farmer_rye_oats_horses,0.6011394
Erb_1187,6,6_poplar_eyebrows_bright_boast,1.0
Erb_1188,0,0_dear_sorrow_wish_weaving,0.0
Erb_1190,0,0_dear_sorrow_wish_weaving,0.0
Erb_1193,17,17_mocking_squirrel_don laugh_laugh,0.7832026
Erb_1194,0,0_dear_sorrow_wish_weaving,0.0
Erb_1200,13,13_september_thirty_march_summer,1.0
Erb_1201,0,0_dear_sorrow_wish_weaving,0.0
Erb_1202,0,0_dear_sorrow_wish_weaving,0.0
Erb_1204,17,17_mocking_squirrel_don laugh_laugh,1.0
Erb_1205,14,14_gyeongsang_jeolla_country_blow,0.7061814
Erb_1207,0,0_dear_sorrow_wish_weaving,0.0
Erb_1211,18,18_farmer_rye_oats_horses,1.0
Erb_1214,17,17_mocking_squirrel_don laugh_laugh,1.0
Erb_1216,14,14_gyeongsang_jeolla_country_blow,1.0
Erb_1218,0,0_dear_sorrow_wish_weaving,0.0
Erb_1220,17,17_mocking_squirrel_don laugh_laugh,1.0
Erb_1222,16,16_song praise_cheerful song_sing song_sing,1.0
Erb_1224,13,13_september_thirty_march_summer,1.0
Erb_1226,0,0_dear_sorrow_wish_weaving,0.0
Erb_1229,9,9_wreath_wreaths_wreath wreath_periwinkle,1.0
Erb_1231,18,18_farmer_rye_oats_horses,1.0
Erb_1233,0,0_dear_sorrow_wish_weaving,0.0
Erb_1238,0,0_dear_sorrow_wish_weaving,0.0
Erb_1244,0,0_dear_sorrow_wish_weaving,0.0
Erb_1247,0,0_dear_sorrow_wish_weaving,0.0
Erb_1249,0,0_dear_sorrow_wish_weaving,0.0
Erb_1250,0,0_dear_sorrow_wish_weaving,0.0
Erb_1252,0,0_dear_sorrow_wish_weaving,0.0
Erb_1253,0,0_dear_sorrow_wish_weaving,0.0
Erb_1254,11,11_little horses_horses_maids_altar,1.0
Erb_1255,18,18_farmer_rye_oats_horses,1.0
Erb_1256,0,0_dear_sorrow_wish_weaving,0.0
Erb_1259,0,0_dear_sorrow_wish_weaving,0.0
Erb_1262,0,0_dear_sorrow_wish_weaving,0.0
Erb_1264,16,16_song praise_cheerful song_sing song_sing,1.0
Erb_1265,0,0_dear_sorrow_wish_weaving,0.0
Erb_1267,6,6_poplar_eyebrows_bright_boast,0.5000635
Erb_1269,0,0_dear_sorrow_wish_weaving,0.0
Erb_1271,0,0_dear_sorrow_wish_weaving,0.0
Erb_1272,0,0_dear_sorrow_wish_weaving,0.0
Erb_1273,0,0_dear_sorrow_wish_weaving,0.0
Erb_1274,0,0_dear_sorrow_wish_weaving,0.0
Erb_1275,18,18_farmer_rye_oats_horses,1.0
Erb_1276,0,0_dear_sorrow_wish_weaving,0.0
Erb_1279,18,18_farmer_rye_oats_horses,1.0
Erb_1281,0,0_dear_sorrow_wish_weaving,0.0
Erb_1284,18,18_farmer_rye_oats_horses,1.0
Erb_1285,0,0_dear_sorrow_wish_weaving,0.0
Erb_1286,18,18_farmer_rye_oats_horses,0.75709045
Erb_1288,0,0_dear_sorrow_wish_weaving,0.0
Erb_1290,17,17_mocking_squirrel_don laugh_laugh,1.0
Erb_1291,0,0_dear_sorrow_wish_weaving,0.0
Erb_1294,18,18_farmer_rye_oats_horses,1.0
Erb_1299,17,17_mocking_squirrel_don laugh_laugh,0.67735815
Erb_1300,18,18_farmer_rye_oats_horses,1.0
Erb_1304,18,18_farmer_rye_oats_horses,1.0
Erb_1305,0,0_dear_sorrow_wish_weaving,0.0
Erb_1307,7,7_street_streets_fence_corner,1.0
Erb_1309,0,0_dear_sorrow_wish_weaving,0.0
Erb_1311,18,18_farmer_rye_oats_horses,1.0
Erb_1312,0,0_dear_sorrow_wish_weaving,0.0
Erb_1313,12,12_orphans_trees_plowed field_wilderness,1.0
Erb_1316,0,0_dear_sorrow_wish_weaving,0.0
Erb_1317,18,18_farmer_rye_oats_horses,1.0
Erb_1319,0,0_dear_sorrow_wish_weaving,0.0
Erb_1320,18,18_farmer_rye_oats_horses,1.0
Erb_1322,0,0_dear_sorrow_wish_weaving,0.0
Erb_1325,0,0_dear_sorrow_wish_weaving,0.0
Erb_1326,0,0_dear_sorrow_wish_weaving,0.0
Erb_1330,0,0_dear_sorrow_wish_weaving,0.0
Erb_1335,0,0_dear_sorrow_wish_weaving,0.0
Erb_1337,0,0_dear_sorrow_wish_weaving,0.0
Erb_1340,11,11_little horses_horses_maids_altar,1.0
Erb_1341,9,9_wreath_wreaths_wreath wreath_periwinkle,0.6201903
Erb_1345,0,0_dear_sorrow_wish_weaving,0.0
Erb_1346,0,0_dear_sorrow_wish_weaving,0.0
Erb_1348,0,0_dear_sorrow_wish_weaving,0.0
Erb_1349,0,0_dear_sorrow_wish_weaving,0.0
Erb_1350,0,0_dear_sorrow_wish_weaving,0.0
Erb_1351,0,0_dear_sorrow_wish_weaving,0.0
Erb_1352,17,17_mocking_squirrel_don laugh_laugh,1.0
Erb_1353,17,17_mocking_squirrel_don laugh_laugh,1.0
Erb_1354,18,18_farmer_rye_oats_horses,1.0
Erb_1355,18,18_farmer_rye_oats_horses,1.0
Erb_1357,0,0_dear_sorrow_wish_weaving,0.0
Erb_1358,18,18_farmer_rye_oats_horses,1.0
Erb_1359,18,18_farmer_rye_oats_horses,1.0
Erb_1361,18,18_farmer_rye_oats_horses,1.0
Erb_1363,18,18_farmer_rye_oats_horses,1.0
Erb_1365,18,18_farmer_rye_oats_horses,1.0
Erb_1367,11,11_little horses_horses_maids_altar,1.0
Erb_1368,11,11_little horses_horses_maids_altar,0.60563517
Erb_1369,0,0_dear_sorrow_wish_weaving,0.0
Erb_1371,0,0_dear_sorrow_wish_weaving,0.0
Erb_1372,0,0_dear_sorrow_wish_weaving,0.0
Erb_1373,11,11_little horses_horses_maids_altar,0.5008636
Erb_1375,0,0_dear_sorrow_wish_weaving,0.0
Erb_1378,16,16_song praise_cheerful song_sing song_sing,0.6479731
Erb_1380,6,6_poplar_eyebrows_bright_boast,1.0
Erb_1381,0,0_dear_sorrow_wish_weaving,0.0
Erb_1382,11,11_little horses_horses_maids_altar,1.0
Erb_1383,16,16_song praise_cheerful song_sing song_sing,0.6421634
Erb_1385,0,0_dear_sorrow_wish_weaving,0.0
Erb_1388,3,3_saint nicholas_saint_nicholas_holy evening,0.7204911
Erb_1390,0,0_dear_sorrow_wish_weaving,0.0
Erb_1392,18,18_farmer_rye_oats_horses,0.72739756
Erb_1395,16,16_song praise_cheerful song_sing song_sing,1.0
Erb_1397,16,16_song praise_cheerful song_sing song_sing,1.0
Erb_1398,14,14_gyeongsang_jeolla_country_blow,0.5127461
Erb_1400,0,0_dear_sorrow_wish_weaving,0.0
Erb_1401,0,0_dear_sorrow_wish_weaving,0.0
Erb_1402,3,3_saint nicholas_saint_nicholas_holy evening,0.68433416
Erb_1404,18,18_farmer_rye_oats_horses,1.0
Erb_1406,0,0_dear_sorrow_wish_weaving,0.0
Erb_1407,0,0_dear_sorrow_wish_weaving,0.0
Erb_1408,14,14_gyeongsang_jeolla_country_blow,0.5425536
Erb_1409,0,0_dear_sorrow_wish_weaving,0.0
Erb_1410,0,0_dear_sorrow_wish_weaving,0.0
Erb_1411,16,16_song praise_cheerful song_sing song_sing,1.0
Erb_1413,13,13_september_thirty_march_summer,0.66282547
Erb_1415,0,0_dear_sorrow_wish_weaving,0.0
Erb_1416,0,0_dear_sorrow_wish_weaving,0.0
Erb_1418,18,18_farmer_rye_oats_horses,1.0
Erb_1419,0,0_dear_sorrow_wish_weaving,0.0
Erb_1420,0,0_dear_sorrow_wish_weaving,0.0
Erb_1421,16,16_song praise_cheerful song_sing song_sing,0.76813465
Erb_1422,0,0_dear_sorrow_wish_weaving,0.0
Erb_1423,3,3_saint nicholas_saint_nicholas_holy evening,0.48281756
Erb_1425,0,0_dear_sorrow_wish_weaving,0.0
Erb_1428,0,0_dear_sorrow_wish_weaving,0.0
Erb_1429,6,6_poplar_eyebrows_bright_boast,0.51065654
Erb_1430,18,18_farmer_rye_oats_horses,1.0
Erb_1431,18,18_farmer_rye_oats_horses,0.79534125
Erb_1432,0,0_dear_sorrow_wish_weaving,0.0
Erb_1433,14,14_gyeongsang_jeolla_country_blow,1.0
Erb_1434,13,13_september_thirty_march_summer,1.0
Erb_1435,0,0_dear_sorrow_wish_weaving,0.0
Erb_1436,6,6_poplar_eyebrows_bright_boast,1.0
Erb_1437,0,0_dear_sorrow_wish_weaving,0.0
Erb_1438,0,0_dear_sorrow_wish_weaving,0.0
Erb_1439,18,18_farmer_rye_oats_horses,1.0
Erb_1442,0,0_dear_sorrow_wish_weaving,0.0
Erb_1443,0,0_dear_sorrow_wish_weaving,0.0
Erb_1444,18,18_farmer_rye_oats_horses,0.46942556
Erb_1449,0,0_dear_sorrow_wish_weaving,0.0
Erb_1450,0,0_dear_sorrow_wish_weaving,0.0
Erb_1451,18,18_farmer_rye_oats_horses,1.0
Erb_1452,0,0_dear_sorrow_wish_weaving,0.0
Erb_1453,0,0_dear_sorrow_wish_weaving,0.0
Erb_1454,18,18_farmer_rye_oats_horses,0.5106274
Erb_1455,0,0_dear_sorrow_wish_weaving,0.0
Erb_1456,0,0_dear_sorrow_wish_weaving,0.0
Erb_1457,18,18_farmer_rye_oats_horses,0.6646603
Erb_1458,0,0_dear_sorrow_wish_weaving,0.0
Erb_1460,0,0_dear_sorrow_wish_weaving,0.0
Erb_1462,17,17_mocking_squirrel_don laugh_laugh,1.0
Erb_1463,0,0_dear_sorrow_wish_weaving,0.0
Erb_1465,18,18_farmer_rye_oats_horses,1.0
Erb_1467,17,17_mocking_squirrel_don laugh_laugh,1.0
Erb_1469,0,0_dear_sorrow_wish_weaving,0.0
Erb_1470,0,0_dear_sorrow_wish_weaving,0.0
Erb_1471,14,14_gyeongsang_jeolla_country_blow,0.5468635
Erb_1473,0,0_dear_sorrow_wish_weaving,0.0
Erb_1474,18,18_farmer_rye_oats_horses,1.0
Erb_1476,16,16_song praise_cheerful song_sing song_sing,1.0
Erb_1478,14,14_gyeongsang_jeolla_country_blow,0.5298074
Erb_1479,7,7_street_streets_fence_corner,0.89206994
Erb_1480,14,14_gyeongsang_jeolla_country_blow,1.0
Erb_1482,0,0_dear_sorrow_wish_weaving,0.0
Erb_1483,9,9_wreath_wreaths_wreath wreath_periwinkle,1.0
Erb_1484,14,14_gyeongsang_jeolla_country_blow,0.69757485
Erb_1485,18,18_farmer_rye_oats_horses,1.0
Erb_1487,9,9_wreath_wreaths_wreath wreath_periwinkle,1.0
Erb_1488,0,0_dear_sorrow_wish_weaving,0.0
Erb_1489,0,0_dear_sorrow_wish_weaving,0.0
Erb_1490,0,0_dear_sorrow_wish_weaving,0.0
Erb_1491,0,0_dear_sorrow_wish_weaving,0.0
Erb_1492,0,0_dear_sorrow_wish_weaving,0.0
Erb_1493,0,0_dear_sorrow_wish_weaving,0.0
Erb_1494,0,0_dear_sorrow_wish_weaving,0.0
Erb_1495,0,0_dear_sorrow_wish_weaving,0.0
Erb_1496,16,16_song praise_cheerful song_sing song_sing,1.0
Erb_1499,14,14_gyeongsang_jeolla_country_blow,0.56306016
Erb_1501,18,18_farmer_rye_oats_horses,0.48829776
Erb_1503,0,0_dear_sorrow_wish_weaving,0.0
Erb_1505,11,11_little horses_horses_maids_altar,1.0
Erb_1506,6,6_poplar_eyebrows_bright_boast,0.5378533
Erb_1510,0,0_dear_sorrow_wish_weaving,0.0
Erb_1513,0,0_dear_sorrow_wish_weaving,0.0
Erb_1514,5,5_horses_grazing_maidens_clover,1.0
Erb_1515,18,18_farmer_rye_oats_horses,1.0
Erb_1516,11,11_little horses_horses_maids_altar,1.0
Erb_1517,18,18_farmer_rye_oats_horses,0.6228954
Erb_1519,0,0_dear_sorrow_wish_weaving,0.0
Erb_1521,0,0_dear_sorrow_wish_weaving,0.0
Erb_1524,18,18_farmer_rye_oats_horses,0.8529123
Erb_1525,6,6_poplar_eyebrows_bright_boast,1.0
Erb_1526,0,0_dear_sorrow_wish_weaving,0.0
Erb_1528,13,13_september_thirty_march_summer,1.0
Erb_1529,0,0_dear_sorrow_wish_weaving,0.0
Erb_1530,0,0_dear_sorrow_wish_weaving,0.0
Erb_1531,13,13_september_thirty_march_summer,1.0
Erb_1532,16,16_song praise_cheerful song_sing song_sing,1.0
Erb_1533,11,11_little horses_horses_maids_altar,1.0
Erb_1534,13,13_september_thirty_march_summer,1.0
Erb_1535,18,18_farmer_rye_oats_horses,1.0
Erb_1536,0,0_dear_sorrow_wish_weaving,0.0
Erb_1537,0,0_dear_sorrow_wish_weaving,0.0
Erb_1538,0,0_dear_sorrow_wish_weaving,0.0
Erb_1539,0,0_dear_sorrow_wish_weaving,0.0
Erb_1543,11,11_little horses_horses_maids_altar,1.0
Erb_1544,18,18_farmer_rye_oats_horses,1.0
Erb_1545,0,0_dear_sorrow_wish_weaving,0.0
Erb_1546,0,0_dear_sorrow_wish_weaving,0.0
Erb_1547,18,18_farmer_rye_oats_horses,1.0
Erb_1548,18,18_farmer_rye_oats_horses,0.64364654
Erb_1549,0,0_dear_sorrow_wish_weaving,0.0
Erb_1550,0,0_dear_sorrow_wish_weaving,0.0
Erb_1551,0,0_dear_sorrow_wish_weaving,0.0
Erb_1552,18,18_farmer_rye_oats_horses,1.0
Erb_1553,18,18_farmer_rye_oats_horses,1.0
Erb_1554,18,18_farmer_rye_oats_horses,1.0
Erb_1555,0,0_dear_sorrow_wish_weaving,0.0
Erb_1556,18,18_farmer_rye_oats_horses,1.0
Erb_1557,0,0_dear_sorrow_wish_weaving,0.0
Erb_1558,0,0_dear_sorrow_wish_weaving,0.0
Erb_1559,18,18_farmer_rye_oats_horses,1.0
Erb_1560,0,0_dear_sorrow_wish_weaving,0.0
Erb_1561,0,0_dear_sorrow_wish_weaving,0.0
Erb_1562,7,7_street_streets_fence_corner,1.0
Erb_1563,0,0_dear_sorrow_wish_weaving,0.0
Erb_1565,13,13_september_thirty_march_summer,1.0
Erb_1566,13,13_september_thirty_march_summer,0.69669294
Erb_1567,11,11_little horses_horses_maids_altar,0.5811292
Erb_1568,0,0_dear_sorrow_wish_weaving,0.0
Erb_1570,18,18_farmer_rye_oats_horses,1.0
Erb_1571,0,0_dear_sorrow_wish_weaving,0.0
Erb_1572,0,0_dear_sorrow_wish_weaving,0.0
Erb_1573,0,0_dear_sorrow_wish_weaving,0.0
Erb_1574,0,0_dear_sorrow_wish_weaving,0.0
Erb_1575,0,0_dear_sorrow_wish_weaving,0.0
Erb_1577,0,0_dear_sorrow_wish_weaving,0.0
Erb_1579,14,14_gyeongsang_jeolla_country_blow,0.4473721
Erb_1583,0,0_dear_sorrow_wish_weaving,0.0
Erb_1584,18,18_farmer_rye_oats_horses,1.0
Erb_1585,17,17_mocking_squirrel_don laugh_laugh,1.0
Erb_1586,0,0_dear_sorrow_wish_weaving,0.0
Erb_1587,18,18_farmer_rye_oats_horses,1.0
Erb_1588,0,0_dear_sorrow_wish_weaving,0.0
Erb_1589,11,11_little horses_horses_maids_altar,1.0
Erb_1591,16,16_song praise_cheerful song_sing song_sing,1.0
Erb_1592,11,11_little horses_horses_maids_altar,1.0
Erb_1593,0,0_dear_sorrow_wish_weaving,0.0
Erb_1594,0,0_dear_sorrow_wish_weaving,0.0
Erb_1595,0,0_dear_sorrow_wish_weaving,0.0
Erb_1596,0,0_dear_sorrow_wish_weaving,0.0
Erb_1598,0,0_dear_sorrow_wish_weaving,0.0
Erb_1599,0,0_dear_sorrow_wish_weaving,0.0
Erb_1600,0,0_dear_sorrow_wish_weaving,0.0
Erb_1601,13,13_september_thirty_march_summer,1.0
Erb_1602,0,0_dear_sorrow_wish_weaving,0.0
Erb_1603,0,0_dear_sorrow_wish_weaving,0.0
Erb_1604,0,0_dear_sorrow_wish_weaving,0.0
Erb_1605,18,18_farmer_rye_oats_horses,1.0
Erb_1606,0,0_dear_sorrow_wish_weaving,0.0
Erb_1608,0,0_dear_sorrow_wish_weaving,0.0
Erb_1609,14,14_gyeongsang_jeolla_country_blow,0.88028777
Erb_1610,0,0_dear_sorrow_wish_weaving,0.0
Erb_1611,11,11_little horses_horses_maids_altar,1.0
Erb_1612,11,11_little horses_horses_maids_altar,1.0
Erb_1613,5,5_horses_grazing_maidens_clover,0.5674081
Erb_1614,11,11_little horses_horses_maids_altar,1.0
Erb_1615,18,18_farmer_rye_oats_horses,1.0
Erb_1617,0,0_dear_sorrow_wish_weaving,0.0
Erb_1618,0,0_dear_sorrow_wish_weaving,0.0
Erb_1620,18,18_farmer_rye_oats_horses,0.35012484
Erb_1622,0,0_dear_sorrow_wish_weaving,0.0
Erb_1624,0,0_dear_sorrow_wish_weaving,0.0
Erb_1626,0,0_dear_sorrow_wish_weaving,0.0
Erb_1627,11,11_little horses_horses_maids_altar,1.0
Erb_1628,0,0_dear_sorrow_wish_weaving,0.0
Erb_1629,0,0_dear_sorrow_wish_weaving,0.0
Erb_1630,0,0_dear_sorrow_wish_weaving,0.0
Erb_1633,0,0_dear_sorrow_wish_weaving,0.0
Erb_1634,11,11_little horses_horses_maids_altar,1.0
Erb_1636,11,11_little horses_horses_maids_altar,0.8086846
Erb_1637,0,0_dear_sorrow_wish_weaving,0.0
Erb_1638,0,0_dear_sorrow_wish_weaving,0.0
Erb_1639,11,11_little horses_horses_maids_altar,1.0
Erb_1640,6,6_poplar_eyebrows_bright_boast,1.0
Erb_1646,0,0_dear_sorrow_wish_weaving,0.0
Erb_1647,18,18_farmer_rye_oats_horses,1.0
Erb_1650,0,0_dear_sorrow_wish_weaving,0.0
Erb_1652,0,0_dear_sorrow_wish_weaving,0.0
Erb_1654,0,0_dear_sorrow_wish_weaving,0.0
Erb_1655,0,0_dear_sorrow_wish_weaving,0.0
Erb_1656,0,0_dear_sorrow_wish_weaving,0.0
Erb_1657,11,11_little horses_horses_maids_altar,0.72667897
Erb_1658,11,11_little horses_horses_maids_altar,1.0
Erb_1659,18,18_farmer_rye_oats_horses,0.6949719
Erb_1661,18,18_farmer_rye_oats_horses,1.0
Erb_1663,14,14_gyeongsang_jeolla_country_blow,1.0
Erb_1665,0,0_dear_sorrow_wish_weaving,0.0
Erb_1667,13,13_september_thirty_march_summer,1.0
Erb_1668,10,10_young cossack_cossack_horseback_love young,0.66812915
Erb_1670,0,0_dear_sorrow_wish_weaving,0.0
Erb_1671,18,18_farmer_rye_oats_horses,1.0
Erb_1672,11,11_little horses_horses_maids_altar,1.0
Erb_1673,0,0_dear_sorrow_wish_weaving,0.0
Erb_1674,9,9_wreath_wreaths_wreath wreath_periwinkle,0.518821
Erb_1675,14,14_gyeongsang_jeolla_country_blow,1.0
Erb_1676,13,13_september_thirty_march_summer,1.0
Erb_1677,0,0_dear_sorrow_wish_weaving,0.0
Erb_1678,18,18_farmer_rye_oats_horses,0.75843924
Erb_1679,0,0_dear_sorrow_wish_weaving,0.0
Erb_1681,18,18_farmer_rye_oats_horses,1.0
Erb_1683,16,16_song praise_cheerful song_sing song_sing,0.6423818
Erb_1684,0,0_dear_sorrow_wish_weaving,0.0
Erb_1685,0,0_dear_sorrow_wish_weaving,0.0
Erb_1687,11,11_little horses_horses_maids_altar,1.0
Erb_1688,0,0_dear_sorrow_wish_weaving,0.0
Erb_1689,0,0_dear_sorrow_wish_weaving,0.0
Erb_1690,0,0_dear_sorrow_wish_weaving,0.0
Erb_1691,0,0_dear_sorrow_wish_weaving,0.0
Erb_1692,0,0_dear_sorrow_wish_weaving,0.0
Erb_1693,11,11_little horses_horses_maids_altar,1.0
Erb_1695,0,0_dear_sorrow_wish_weaving,0.0
Erb_1696,0,0_dear_sorrow_wish_weaving,0.0
Erb_1697,0,0_dear_sorrow_wish_weaving,0.0
Erb_1698,0,0_dear_sorrow_wish_weaving,0.0
Erb_1702,0,0_dear_sorrow_wish_weaving,0.0
Erb_1703,0,0_dear_sorrow_wish_weaving,0.0
Erb_1704,11,11_little horses_horses_maids_altar,0.6444206
Erb_1705,0,0_dear_sorrow_wish_weaving,0.0
Erb_1706,0,0_dear_sorrow_wish_weaving,0.0
Erb_1708,0,0_dear_sorrow_wish_weaving,0.0
Erb_1709,0,0_dear_sorrow_wish_weaving,0.0
Erb_1710,0,0_dear_sorrow_wish_weaving,0.0
Erb_1711,0,0_dear_sorrow_wish_weaving,0.0
Erb_1712,0,0_dear_sorrow_wish_weaving,0.0
Erb_1713,7,7_street_streets_fence_corner,0.75621086
Erb_1716,0,0_dear_sorrow_wish_weaving,0.0
Erb_1718,18,18_farmer_rye_oats_horses,1.0
Erb_1720,0,0_dear_sorrow_wish_weaving,0.0
Erb_1721,0,0_dear_sorrow_wish_weaving,0.0
Erb_1722,18,18_farmer_rye_oats_horses,1.0
Erb_1723,18,18_farmer_rye_oats_horses,0.55780846
Erb_1724,18,18_farmer_rye_oats_horses,1.0
Erb_1726,0,0_dear_sorrow_wish_weaving,0.0
Erb_1727,0,0_dear_sorrow_wish_weaving,0.0
Erb_1728,18,18_farmer_rye_oats_horses,0.61940336
Erb_1729,11,11_little horses_horses_maids_altar,1.0
Erb_1730,14,14_gyeongsang_jeolla_country_blow,1.0
Erb_1731,0,0_dear_sorrow_wish_weaving,0.0
Erb_1733,0,0_dear_sorrow_wish_weaving,0.0
Erb_1734,18,18_farmer_rye_oats_horses,1.0
Erb_1736,0,0_dear_sorrow_wish_weaving,0.0
Erb_1737,11,11_little horses_horses_maids_altar,1.0
Erb_1738,11,11_little horses_horses_maids_altar,0.8697426
Erb_1739,0,0_dear_sorrow_wish_weaving,0.0
Erb_1740,11,11_little horses_horses_maids_altar,1.0
Erb_1744,10,10_young cossack_cossack_horseback_love young,1.0
Erb_1745,0,0_dear_sorrow_wish_weaving,0.0
Erb_1746,0,0_dear_sorrow_wish_weaving,0.0
Erb_1747,16,16_song praise_cheerful song_sing song_sing,0.5093266
Erb_1748,3,3_saint nicholas_saint_nicholas_holy evening,0.67387724
Erb_1749,13,13_september_thirty_march_summer,1.0
Erb_1752,0,0_dear_sorrow_wish_weaving,0.0
Erb_1753,18,18_farmer_rye_oats_horses,0.42306575
Erb_1754,0,0_dear_sorrow_wish_weaving,0.0
Erb_1755,7,7_street_streets_fence_corner,1.0
Erb_1756,0,0_dear_sorrow_wish_weaving,0.0
Erb_1757,11,11_little horses_horses_maids_altar,1.0
Erb_1758,18,18_farmer_rye_oats_horses,1.0
Erb_1760,18,18_farmer_rye_oats_horses,0.5302921
Erb_1762,0,0_dear_sorrow_wish_weaving,0.0
Erb_1764,0,0_dear_sorrow_wish_weaving,0.0
Erb_1766,0,0_dear_sorrow_wish_weaving,0.0
Erb_1767,18,18_farmer_rye_oats_horses,1.0
Erb_1768,11,11_little horses_horses_maids_altar,1.0
Erb_1769,14,14_gyeongsang_jeolla_country_blow,1.0
Erb_1772,17,17_mocking_squirrel_don laugh_laugh,0.5115861
Erb_1775,9,9_wreath_wreaths_wreath wreath_periwinkle,0.4565932
Erb_1778,0,0_dear_sorrow_wish_weaving,0.0
Erb_1780,0,0_dear_sorrow_wish_weaving,0.0
Erb_1781,0,0_dear_sorrow_wish_weaving,0.0
Erb_1782,18,18_farmer_rye_oats_horses,1.0
Erb_1784,11,11_little horses_horses_maids_altar,1.0
Erb_1785,0,0_dear_sorrow_wish_weaving,0.0
Erb_1787,0,0_dear_sorrow_wish_weaving,0.0
Erb_1788,0,0_dear_sorrow_wish_weaving,0.0
Erb_1789,0,0_dear_sorrow_wish_weaving,0.0
Erb_1790,0,0_dear_sorrow_wish_weaving,0.0
Erb_1791,0,0_dear_sorrow_wish_weaving,0.0
Erb_1792,16,16_song praise_cheerful song_sing song_sing,1.0
Erb_1793,18,18_farmer_rye_oats_horses,0.8235843
Erb_1794,11,11_little horses_horses_maids_altar,0.7983267
Erb_1795,0,0_dear_sorrow_wish_weaving,0.0
Erb_1796,16,16_song praise_cheerful song_sing song_sing,1.0
Erb_1797,0,0_dear_sorrow_wish_weaving,0.0
Erb_1798,9,9_wreath_wreaths_wreath wreath_periwinkle,1.0
Erb_1799,11,11_little horses_horses_maids_altar,1.0
Erb_1800,16,16_song praise_cheerful song_sing song_sing,1.0
Erb_1801,0,0_dear_sorrow_wish_weaving,0.0
Erb_1802,16,16_song praise_cheerful song_sing song_sing,1.0
Erb_1803,0,0_dear_sorrow_wish_weaving,0.0
Erb_1804,18,18_farmer_rye_oats_horses,0.7336547
Erb_1807,16,16_song praise_cheerful song_sing song_sing,1.0
Erb_1809,18,18_farmer_rye_oats_horses,1.0
Erb_1811,11,11_little horses_horses_maids_altar,1.0
Erb_1814,0,0_dear_sorrow_wish_weaving,0.0
Erb_1815,11,11_little horses_horses_maids_altar,1.0
Erb_1816,18,18_farmer_rye_oats_horses,0.5329197
Erb_1817,18,18_farmer_rye_oats_horses,0.6711184
Erb_1818,0,0_dear_sorrow_wish_weaving,0.0
Erb_1819,0,0_dear_sorrow_wish_weaving,0.0
Erb_1820,18,18_farmer_rye_oats_horses,1.0
Erb_1821,6,6_poplar_eyebrows_bright_boast,1.0
Erb_1823,11,11_little horses_horses_maids_altar,0.8279862
Erb_1824,0,0_dear_sorrow_wish_weaving,0.0
Erb_1827,18,18_farmer_rye_oats_horses,1.0
Erb_1828,0,0_dear_sorrow_wish_weaving,0.0
Erb_1829,14,14_gyeongsang_jeolla_country_blow,0.5102819
Erb_1831,0,0_dear_sorrow_wish_weaving,0.0
Erb_1833,18,18_farmer_rye_oats_horses,0.6938701
Erb_1834,9,9_wreath_wreaths_wreath wreath_periwinkle,1.0
Erb_1836,11,11_little horses_horses_maids_altar,1.0
Erb_1838,0,0_dear_sorrow_wish_weaving,0.0
Erb_1839,18,18_farmer_rye_oats_horses,1.0
Erb_1840,0,0_dear_sorrow_wish_weaving,0.0
Erb_1843,0,0_dear_sorrow_wish_weaving,0.0
Erb_1844,16,16_song praise_cheerful song_sing song_sing,1.0
Erb_1848,0,0_dear_sorrow_wish_weaving,0.0
Erb_1858,0,0_dear_sorrow_wish_weaving,0.0
Erb_1860,0,0_dear_sorrow_wish_weaving,0.0
Erb_1861,11,11_little horses_horses_maids_altar,0.964093
Erb_1864,0,0_dear_sorrow_wish_weaving,0.0
Erb_1865,11,11_little horses_horses_maids_altar,1.0
Erb_1866,3,3_saint nicholas_saint_nicholas_holy evening,0.7317369
Erb_1867,0,0_dear_sorrow_wish_weaving,0.0
Erb_1868,0,0_dear_sorrow_wish_weaving,0.0
Erb_1872,16,16_song praise_cheerful song_sing song_sing,1.0
Erb_1873,0,0_dear_sorrow_wish_weaving,0.0
Erb_1874,18,18_farmer_rye_oats_horses,1.0
Erb_1875,0,0_dear_sorrow_wish_weaving,0.0
Erb_1876,18,18_farmer_rye_oats_horses,1.0
Erb_1877,14,14_gyeongsang_jeolla_country_blow,1.0
Erb_1878,11,11_little horses_horses_maids_altar,1.0
Erb_1879,0,0_dear_sorrow_wish_weaving,0.0
Erb_1882,11,11_little horses_horses_maids_altar,1.0
Erb_1883,18,18_farmer_rye_oats_horses,1.0
Erb_1884,9,9_wreath_wreaths_wreath wreath_periwinkle,0.54307044
Erb_1887,18,18_farmer_rye_oats_horses,1.0
Erb_1890,18,18_farmer_rye_oats_horses,0.67145497
Erb_1893,18,18_farmer_rye_oats_horses,0.7701281
Erb_1894,11,11_little horses_horses_maids_altar,1.0
Erb_1895,0,0_dear_sorrow_wish_weaving,0.0
Erb_1896,18,18_farmer_rye_oats_horses,1.0
Erb_1897,0,0_dear_sorrow_wish_weaving,0.0
Erb_1898,0,0_dear_sorrow_wish_weaving,0.0
Erb_1905,13,13_september_thirty_march_summer,1.0
Erb_1907,17,17_mocking_squirrel_don laugh_laugh,0.83525664
Erb_1909,0,0_dear_sorrow_wish_weaving,0.0
Erb_1910,18,18_farmer_rye_oats_horses,1.0
Erb_1915,13,13_september_thirty_march_summer,0.85583407
Erb_1917,0,0_dear_sorrow_wish_weaving,0.0
Erb_1918,11,11_little horses_horses_maids_altar,1.0
Erb_1924,0,0_dear_sorrow_wish_weaving,0.0
Erb_1928,11,11_little horses_horses_maids_altar,1.0
Erb_1929,0,0_dear_sorrow_wish_weaving,0.0
Erb_1930,0,0_dear_sorrow_wish_weaving,0.0
Erb_1931,0,0_dear_sorrow_wish_weaving,0.0
Erb_1932,16,16_song praise_cheerful song_sing song_sing,1.0
Erb_1934,16,16_song praise_cheerful song_sing song_sing,0.63833326
Erb_1940,0,0_dear_sorrow_wish_weaving,0.0
Erb_1942,0,0_dear_sorrow_wish_weaving,0.0
Erb_1943,11,11_little horses_horses_maids_altar,1.0
Erb_1944,14,14_gyeongsang_jeolla_country_blow,1.0
Erb_1945,6,6_poplar_eyebrows_bright_boast,0.6088591
Erb_1946,14,14_gyeongsang_jeolla_country_blow,0.6590427
Erb_1948,18,18_farmer_rye_oats_horses,1.0
Erb_1950,0,0_dear_sorrow_wish_weaving,0.0
Erb_1951,18,18_farmer_rye_oats_horses,1.0
Erb_1952,11,11_little horses_horses_maids_altar,0.8645826
Erb_1955,11,11_little horses_horses_maids_altar,0.71095926
Erb_1957,11,11_little horses_horses_maids_altar,1.0
Erb_1958,0,0_dear_sorrow_wish_weaving,0.0
Erb_1959,11,11_little horses_horses_maids_altar,0.6812904
Erb_1967,11,11_little horses_horses_maids_altar,0.5370626
Erb_1968,11,11_little horses_horses_maids_altar,1.0
Erb_1969,11,11_little horses_horses_maids_altar,0.91629237
Erb_1970,11,11_little horses_horses_maids_altar,1.0
Erb_1972,18,18_farmer_rye_oats_horses,0.60016096
Erb_1973,11,11_little horses_horses_maids_altar,1.0
Erb_1974,18,18_farmer_rye_oats_horses,1.0
Erb_1978,0,0_dear_sorrow_wish_weaving,0.0
Erb_1979,0,0_dear_sorrow_wish_weaving,0.0
Erb_1980,11,11_little horses_horses_maids_altar,1.0
Erb_1981,18,18_farmer_rye_oats_horses,0.6718051
Erb_1982,18,18_farmer_rye_oats_horses,1.0
Erb_1984,18,18_farmer_rye_oats_horses,0.71992034
Erb_1987,18,18_farmer_rye_oats_horses,0.50039047
Erb_1988,0,0_dear_sorrow_wish_weaving,0.0
Erb_1989,18,18_farmer_rye_oats_horses,1.0
Erb_1991,0,0_dear_sorrow_wish_weaving,0.0
Erb_1992,18,18_farmer_rye_oats_horses,1.0
Erb_1993,14,14_gyeongsang_jeolla_country_blow,0.79950804
Erb_1994,0,0_dear_sorrow_wish_weaving,0.0
Erb_1995,0,0_dear_sorrow_wish_weaving,0.0
Erb_1997,11,11_little horses_horses_maids_altar,1.0
Erb_1999,18,18_farmer_rye_oats_horses,0.48736456
Erb_2003,18,18_farmer_rye_oats_horses,1.0
Erb_2004,18,18_farmer_rye_oats_horses,0.81437534
Erb_2005,0,0_dear_sorrow_wish_weaving,0.0
Erb_2009,16,16_song praise_cheerful song_sing song_sing,1.0
Erb_2013,18,18_farmer_rye_oats_horses,1.0
Erb_2016,0,0_dear_sorrow_wish_weaving,0.0
Erb_2017,0,0_dear_sorrow_wish_weaving,0.0
Erb_2018,0,0_dear_sorrow_wish_weaving,0.0
Erb_2020,0,0_dear_sorrow_wish_weaving,0.0
Erb_2022,16,16_song praise_cheerful song_sing song_sing,1.0
Erb_2023,0,0_dear_sorrow_wish_weaving,0.0
Erb_2024,0,0_dear_sorrow_wish_weaving,0.0
Erb_2025,0,0_dear_sorrow_wish_weaving,0.0
Erb_2026,0,0_dear_sorrow_wish_weaving,0.0
Erb_2027,18,18_farmer_rye_oats_horses,1.0
Erb_2034,0,0_dear_sorrow_wish_weaving,0.0
Erb_2036,18,18_farmer_rye_oats_horses,0.53398836
Erb_2039,11,11_little horses_horses_maids_altar,1.0
Erb_2040,0,0_dear_sorrow_wish_weaving,0.0
Erb_2041,0,0_dear_sorrow_wish_weaving,0.0
Erb_2044,0,0_dear_sorrow_wish_weaving,0.0
Erb_2048,11,11_little horses_horses_maids_altar,1.0
Erb_2049,0,0_dear_sorrow_wish_weaving,0.0
Erb_2051,0,0_dear_sorrow_wish_weaving,0.0
Erb_2052,13,13_september_thirty_march_summer,0.8485755
Erb_2054,0,0_dear_sorrow_wish_weaving,0.0
Erb_2055,0,0_dear_sorrow_wish_weaving,0.0
Erb_2056,11,11_little horses_horses_maids_altar,1.0
Erb_2057,11,11_little horses_horses_maids_altar,0.7072123
Erb_2058,13,13_september_thirty_march_summer,1.0
Erb_2059,0,0_dear_sorrow_wish_weaving,0.0
Erb_2060,0,0_dear_sorrow_wish_weaving,0.0
Erb_2061,0,0_dear_sorrow_wish_weaving,0.0
Erb_2062,0,0_dear_sorrow_wish_weaving,0.0
Erb_2063,11,11_little horses_horses_maids_altar,1.0
Erb_2065,11,11_little horses_horses_maids_altar,1.0
Erb_2067,0,0_dear_sorrow_wish_weaving,0.0
Erb_2068,0,0_dear_sorrow_wish_weaving,0.0
Erb_2069,0,0_dear_sorrow_wish_weaving,0.0
Erb_2070,18,18_farmer_rye_oats_horses,1.0
Erb_2072,0,0_dear_sorrow_wish_weaving,0.0
Erb_2074,15,15_slave_goats_ants_feathers,1.0
Erb_2075,18,18_farmer_rye_oats_horses,1.0
Erb_2077,0,0_dear_sorrow_wish_weaving,0.0
Erb_2082,18,18_farmer_rye_oats_horses,1.0
Erb_2083,17,17_mocking_squirrel_don laugh_laugh,0.6764743
Erb_2084,0,0_dear_sorrow_wish_weaving,0.0
Erb_2086,18,18_farmer_rye_oats_horses,1.0
Erb_2088,11,11_little horses_horses_maids_altar,1.0
Erb_2089,18,18_farmer_rye_oats_horses,1.0
Erb_2090,0,0_dear_sorrow_wish_weaving,0.0
Erb_2091,0,0_dear_sorrow_wish_weaving,0.0
Erb_2092,0,0_dear_sorrow_wish_weaving,0.0
Erb_2093,16,16_song praise_cheerful song_sing song_sing,1.0
Erb_2095,0,0_dear_sorrow_wish_weaving,0.0
Erb_2097,0,0_dear_sorrow_wish_weaving,0.0
Erb_2099,11,11_little horses_horses_maids_altar,1.0
Erb_2100,17,17_mocking_squirrel_don laugh_laugh,1.0
Erb_2102,15,15_slave_goats_ants_feathers,1.0
Erb_2104,15,15_slave_goats_ants_feathers,1.0
Erb_2106,18,18_farmer_rye_oats_horses,1.0
Erb_2107,0,0_dear_sorrow_wish_weaving,0.0
Erb_2108,0,0_dear_sorrow_wish_weaving,0.0
Erb_2109,0,0_dear_sorrow_wish_weaving,0.0
Erb_2110,11,11_little horses_horses_maids_altar,1.0
Erb_2112,0,0_dear_sorrow_wish_weaving,0.0
Erb_2113,0,0_dear_sorrow_wish_weaving,0.0
Erb_2114,0,0_dear_sorrow_wish_weaving,0.0
Erb_2116,0,0_dear_sorrow_wish_weaving,0.0
Erb_2117,0,0_dear_sorrow_wish_weaving,0.0
Erb_2119,14,14_gyeongsang_jeolla_country_blow,1.0
Erb_2120,0,0_dear_sorrow_wish_weaving,0.0
Erb_2121,17,17_mocking_squirrel_don laugh_laugh,1.0
Erb_2124,18,18_farmer_rye_oats_horses,0.7318709
Erb_2126,0,0_dear_sorrow_wish_weaving,0.0
Erb_2127,0,0_dear_sorrow_wish_weaving,0.0
Erb_2128,0,0_dear_sorrow_wish_weaving,0.0
Erb_2130,0,0_dear_sorrow_wish_weaving,0.0
Erb_2131,0,0_dear_sorrow_wish_weaving,0.0
Erb_2134,0,0_dear_sorrow_wish_weaving,0.0
Erb_2135,0,0_dear_sorrow_wish_weaving,0.0
Erb_2137,18,18_farmer_rye_oats_horses,0.50099266
Erb_2138,0,0_dear_sorrow_wish_weaving,0.0
Erb_2141,18,18_farmer_rye_oats_horses,1.0
Erb_2143,18,18_farmer_rye_oats_horses,1.0
Erb_2145,0,0_dear_sorrow_wish_weaving,0.0
Erb_2146,18,18_farmer_rye_oats_horses,1.0
Erb_2150,16,16_song praise_cheerful song_sing song_sing,0.747003
Erb_2151,5,5_horses_grazing_maidens_clover,1.0
Erb_2153,0,0_dear_sorrow_wish_weaving,0.0
Erb_2154,0,0_dear_sorrow_wish_weaving,0.0
Erb_2159,14,14_gyeongsang_jeolla_country_blow,1.0
Erb_2160,0,0_dear_sorrow_wish_weaving,0.0
Erb_2163,0,0_dear_sorrow_wish_weaving,0.0
Erb_2166,0,0_dear_sorrow_wish_weaving,0.0
Erb_2169,0,0_dear_sorrow_wish_weaving,0.0
Erb_2170,0,0_dear_sorrow_wish_weaving,0.0
Erb_2171,0,0_dear_sorrow_wish_weaving,0.0
Erb_2175,13,13_september_thirty_march_summer,1.0
Erb_2177,13,13_september_thirty_march_summer,1.0
Erb_2180,9,9_wreath_wreaths_wreath wreath_periwinkle,0.64019775
Erb_2181,11,11_little horses_horses_maids_altar,0.37658074
Erb_2182,3,3_saint nicholas_saint_nicholas_holy evening,0.8414112
Erb_2183,0,0_dear_sorrow_wish_weaving,0.0
Erb_2186,0,0_dear_sorrow_wish_weaving,0.0
Erb_2187,0,0_dear_sorrow_wish_weaving,0.0
Erb_2189,11,11_little horses_horses_maids_altar,1.0
Erb_2190,16,16_song praise_cheerful song_sing song_sing,0.3979669
Erb_2191,18,18_farmer_rye_oats_horses,1.0
Erb_2192,0,0_dear_sorrow_wish_weaving,0.0
Erb_2194,0,0_dear_sorrow_wish_weaving,0.0
Erb_2196,0,0_dear_sorrow_wish_weaving,0.0
Erb_2197,10,10_young cossack_cossack_horseback_love young,1.0
Erb_2198,0,0_dear_sorrow_wish_weaving,0.0
Erb_2201,0,0_dear_sorrow_wish_weaving,0.0
Erb_2203,0,0_dear_sorrow_wish_weaving,0.0
Erb_2204,0,0_dear_sorrow_wish_weaving,0.0
Erb_2207,0,0_dear_sorrow_wish_weaving,0.0
Erb_2208,0,0_dear_sorrow_wish_weaving,0.0
Erb_2209,0,0_dear_sorrow_wish_weaving,0.0
Erb_2210,0,0_dear_sorrow_wish_weaving,0.0
Erb_2211,0,0_dear_sorrow_wish_weaving,0.0
Erb_2212,10,10_young cossack_cossack_horseback_love young,1.0
Erb_2213,0,0_dear_sorrow_wish_weaving,0.0
Erb_2215,18,18_farmer_rye_oats_horses,1.0
Erb_2216,0,0_dear_sorrow_wish_weaving,0.0
Erb_2217,0,0_dear_sorrow_wish_weaving,0.0
Erb_2219,18,18_farmer_rye_oats_horses,1.0
Erb_2220,0,0_dear_sorrow_wish_weaving,0.0
Erb_2221,3,3_saint nicholas_saint_nicholas_holy evening,0.4304407
Erb_2223,13,13_september_thirty_march_summer,1.0
Erb_2224,18,18_farmer_rye_oats_horses,0.79161763
Erb_2225,18,18_farmer_rye_oats_horses,0.6534588
Erb_2227,0,0_dear_sorrow_wish_weaving,0.0
Erb_2228,0,0_dear_sorrow_wish_weaving,0.0
Erb_2230,9,9_wreath_wreaths_wreath wreath_periwinkle,0.74363226
Erb_2231,0,0_dear_sorrow_wish_weaving,0.0
Erb_2232,18,18_farmer_rye_oats_horses,1.0
Erb_2233,11,11_little horses_horses_maids_altar,1.0
Erb_2234,0,0_dear_sorrow_wish_weaving,0.0
Erb_2235,0,0_dear_sorrow_wish_weaving,0.0
Erb_2238,18,18_farmer_rye_oats_horses,1.0
Erb_2239,18,18_farmer_rye_oats_horses,1.0
Erb_2240,18,18_farmer_rye_oats_horses,1.0
Erb_2241,0,0_dear_sorrow_wish_weaving,0.0
Erb_2243,0,0_dear_sorrow_wish_weaving,0.0
Erb_2244,0,0_dear_sorrow_wish_weaving,0.0
Erb_2245,3,3_saint nicholas_saint_nicholas_holy evening,0.7968777
Erb_2246,18,18_farmer_rye_oats_horses,1.0
Erb_2248,0,0_dear_sorrow_wish_weaving,0.0
Erb_2249,7,7_street_streets_fence_corner,0.8899599
Erb_2250,18,18_farmer_rye_oats_horses,1.0
Erb_2252,18,18_farmer_rye_oats_horses,0.4640363
Erb_2255,11,11_little horses_horses_maids_altar,1.0
Erb_2256,13,13_september_thirty_march_summer,0.8473616
Erb_2257,16,16_song praise_cheerful song_sing song_sing,0.36054215
Erb_2260,13,13_september_thirty_march_summer,0.78929925
Erb_2261,9,9_wreath_wreaths_wreath wreath_periwinkle,0.6167831
Erb_2264,0,0_dear_sorrow_wish_weaving,0.0
Erb_2265,0,0_dear_sorrow_wish_weaving,0.0
Erb_2266,0,0_dear_sorrow_wish_weaving,0.0
Erb_2268,14,14_gyeongsang_jeolla_country_blow,1.0
Erb_2269,0,0_dear_sorrow_wish_weaving,0.0
Erb_2270,0,0_dear_sorrow_wish_weaving,0.0
Erb_2271,13,13_september_thirty_march_summer,0.49413636
Erb_2272,18,18_farmer_rye_oats_horses,0.4819467
Erb_2276,0,0_dear_sorrow_wish_weaving,0.0
Erb_2277,0,0_dear_sorrow_wish_weaving,0.0
Erb_2278,0,0_dear_sorrow_wish_weaving,0.0
Erb_2279,11,11_little horses_horses_maids_altar,1.0
Erb_2280,14,14_gyeongsang_jeolla_country_blow,0.8512656
Erb_2282,0,0_dear_sorrow_wish_weaving,0.0
Erb_2283,0,0_dear_sorrow_wish_weaving,0.0
Erb_2284,0,0_dear_sorrow_wish_weaving,0.0
Erb_2285,0,0_dear_sorrow_wish_weaving,0.0
Erb_2286,18,18_farmer_rye_oats_horses,1.0
Erb_2287,11,11_little horses_horses_maids_altar,0.64401466
Erb_2291,11,11_little horses_horses_maids_altar,1.0
Erb_2292,0,0_dear_sorrow_wish_weaving,0.0
Erb_2293,18,18_farmer_rye_oats_horses,1.0
Erb_2296,0,0_dear_sorrow_wish_weaving,0.0
Erb_2297,0,0_dear_sorrow_wish_weaving,0.0
Erb_2298,0,0_dear_sorrow_wish_weaving,0.0
Erb_2299,9,9_wreath_wreaths_wreath wreath_periwinkle,1.0
Erb_2300,0,0_dear_sorrow_wish_weaving,0.0
Erb_2301,0,0_dear_sorrow_wish_weaving,0.0
Erb_2302,0,0_dear_sorrow_wish_weaving,0.0
Erb_2303,18,18_farmer_rye_oats_horses,1.0
Erb_2305,0,0_dear_sorrow_wish_weaving,0.0
Erb_2306,13,13_september_thirty_march_summer,0.6990937
Erb_2307,0,0_dear_sorrow_wish_weaving,0.0
Erb_2308,0,0_dear_sorrow_wish_weaving,0.0
Erb_2309,18,18_farmer_rye_oats_horses,0.8989913
Erb_2310,0,0_dear_sorrow_wish_weaving,0.0
Erb_2312,18,18_farmer_rye_oats_horses,0.63452494
Erb_2313,0,0_dear_sorrow_wish_weaving,0.0
Erb_2314,0,0_dear_sorrow_wish_weaving,0.0
Erb_2315,18,18_farmer_rye_oats_horses,1.0
Erb_2316,0,0_dear_sorrow_wish_weaving,0.0
Erb_2317,18,18_farmer_rye_oats_horses,1.0
Erb_2318,0,0_dear_sorrow_wish_weaving,0.0
Erb_2319,0,0_dear_sorrow_wish_weaving,0.0
Erb_2320,0,0_dear_sorrow_wish_weaving,0.0
Erb_2321,0,0_dear_sorrow_wish_weaving,0.0
Erb_2322,18,18_farmer_rye_oats_horses,1.0
Erb_2323,11,11_little horses_horses_maids_altar,0.7606722
Erb_2324,0,0_dear_sorrow_wish_weaving,0.0
Erb_2325,0,0_dear_sorrow_wish_weaving,0.0
Erb_2326,0,0_dear_sorrow_wish_weaving,0.0
Erb_2327,14,14_gyeongsang_jeolla_country_blow,0.37078425
Erb_2328,11,11_little horses_horses_maids_altar,1.0
Erb_2329,11,11_little horses_horses_maids_altar,1.0
Erb_2330,0,0_dear_sorrow_wish_weaving,0.0
Erb_2331,3,3_saint nicholas_saint_nicholas_holy evening,0.76305735
Erb_2332,18,18_farmer_rye_oats_horses,1.0
Erb_2333,0,0_dear_sorrow_wish_weaving,0.0
Erb_2334,16,16_song praise_cheerful song_sing song_sing,1.0
Erb_2335,0,0_dear_sorrow_wish_weaving,0.0
Erb_2336,18,18_farmer_rye_oats_horses,1.0
Erb_2337,18,18_farmer_rye_oats_horses,1.0
Erb_2338,9,9_wreath_wreaths_wreath wreath_periwinkle,1.0
Erb_2339,0,0_dear_sorrow_wish_weaving,0.0
Erb_2340,0,0_dear_sorrow_wish_weaving,0.0
Erb_2342,18,18_farmer_rye_oats_horses,0.9334138
Erb_2344,7,7_street_streets_fence_corner,0.8306356
Erb_2345,7,7_street_streets_fence_corner,1.0
Erb_2346,0,0_dear_sorrow_wish_weaving,0.0
Erb_2348,0,0_dear_sorrow_wish_weaving,0.0
Erb_2349,0,0_dear_sorrow_wish_weaving,0.0
Erb_2350,0,0_dear_sorrow_wish_weaving,0.0
Erb_2352,16,16_song praise_cheerful song_sing song_sing,0.6535234
Erb_2355,7,7_street_streets_fence_corner,1.0
Erb_2356,11,11_little horses_horses_maids_altar,0.76991117
Erb_2358,0,0_dear_sorrow_wish_weaving,0.0
Erb_2359,0,0_dear_sorrow_wish_weaving,0.0
Erb_2361,0,0_dear_sorrow_wish_weaving,0.0
Erb_2362,18,18_farmer_rye_oats_horses,0.51785845
Erb_2363,9,9_wreath_wreaths_wreath wreath_periwinkle,1.0
Erb_2364,0,0_dear_sorrow_wish_weaving,0.0
Erb_2366,0,0_dear_sorrow_wish_weaving,0.0
Erb_2367,0,0_dear_sorrow_wish_weaving,0.0
Erb_2368,18,18_farmer_rye_oats_horses,1.0
Erb_2369,15,15_slave_goats_ants_feathers,1.0
Erb_2370,18,18_farmer_rye_oats_horses,0.5435833
Erb_2372,0,0_dear_sorrow_wish_weaving,0.0
Erb_2373,0,0_dear_sorrow_wish_weaving,0.0
Erb_2374,11,11_little horses_horses_maids_altar,1.0
Erb_2375,11,11_little horses_horses_maids_altar,1.0
Erb_2376,0,0_dear_sorrow_wish_weaving,0.0
Erb_2378,13,13_september_thirty_march_summer,1.0
Erb_2379,0,0_dear_sorrow_wish_weaving,0.0
Erb_2380,14,14_gyeongsang_jeolla_country_blow,1.0
Erb_2384,0,0_dear_sorrow_wish_weaving,0.0
Erb_2387,18,18_farmer_rye_oats_horses,1.0
Erb_2389,17,17_mocking_squirrel_don laugh_laugh,1.0
Erb_2390,9,9_wreath_wreaths_wreath wreath_periwinkle,1.0
Erb_2391,0,0_dear_sorrow_wish_weaving,0.0
Erb_2392,14,14_gyeongsang_jeolla_country_blow,0.531676
Erb_2394,18,18_farmer_rye_oats_horses,1.0
Erb_2397,0,0_dear_sorrow_wish_weaving,0.0
Erb_2402,18,18_farmer_rye_oats_horses,1.0
Erb_2403,0,0_dear_sorrow_wish_weaving,0.0
Erb_2404,9,9_wreath_wreaths_wreath wreath_periwinkle,1.0
Erb_2405,14,14_gyeongsang_jeolla_country_blow,1.0
Erb_2406,0,0_dear_sorrow_wish_weaving,0.0
Erb_2407,0,0_dear_sorrow_wish_weaving,0.0
Erb_2408,0,0_dear_sorrow_wish_weaving,0.0
Erb_2409,0,0_dear_sorrow_wish_weaving,0.0
Erb_2410,18,18_farmer_rye_oats_horses,1.0
Erb_2412,0,0_dear_sorrow_wish_weaving,0.0
Erb_2413,18,18_farmer_rye_oats_horses,1.0
Erb_2414,13,13_september_thirty_march_summer,1.0
Erb_2415,0,0_dear_sorrow_wish_weaving,0.0
Erb_2416,9,9_wreath_wreaths_wreath wreath_periwinkle,1.0
Erb_2417,0,0_dear_sorrow_wish_weaving,0.0
Erb_2418,0,0_dear_sorrow_wish_weaving,0.0
Erb_2419,18,18_farmer_rye_oats_horses,1.0
Erb_2420,0,0_dear_sorrow_wish_weaving,0.0
Erb_2422,0,0_dear_sorrow_wish_weaving,0.0
Erb_2423,0,0_dear_sorrow_wish_weaving,0.0
Erb_2426,14,14_gyeongsang_jeolla_country_blow,1.0
Erb_2427,0,0_dear_sorrow_wish_weaving,0.0
Erb_2429,12,12_orphans_trees_plowed field_wilderness,1.0
Erb_2430,0,0_dear_sorrow_wish_weaving,0.0
Erb_2431,0,0_dear_sorrow_wish_weaving,0.0
Erb_2432,14,14_gyeongsang_jeolla_country_blow,0.6600617
Erb_2434,0,0_dear_sorrow_wish_weaving,0.0
Erb_2435,0,0_dear_sorrow_wish_weaving,0.0
Erb_2436,0,0_dear_sorrow_wish_weaving,0.0
Erb_2437,18,18_farmer_rye_oats_horses,1.0
Erb_2438,18,18_farmer_rye_oats_horses,0.652281
Erb_2439,0,0_dear_sorrow_wish_weaving,0.0
Erb_2441,0,0_dear_sorrow_wish_weaving,0.0
Erb_2442,0,0_dear_sorrow_wish_weaving,0.0
Erb_2443,18,18_farmer_rye_oats_horses,1.0
Erb_2444,14,14_gyeongsang_jeolla_country_blow,0.61007607
Erb_2446,11,11_little horses_horses_maids_altar,1.0
Erb_2447,0,0_dear_sorrow_wish_weaving,0.0
Erb_2450,0,0_dear_sorrow_wish_weaving,0.0
Erb_2451,0,0_dear_sorrow_wish_weaving,0.0
Erb_2452,0,0_dear_sorrow_wish_weaving,0.0
Erb_2453,0,0_dear_sorrow_wish_weaving,0.0
Erb_2455,0,0_dear_sorrow_wish_weaving,0.0
Erb_2456,14,14_gyeongsang_jeolla_country_blow,1.0
Erb_2457,0,0_dear_sorrow_wish_weaving,0.0
Erb_2459,0,0_dear_sorrow_wish_weaving,0.0
Erb_2460,7,7_street_streets_fence_corner,1.0
Erb_2461,0,0_dear_sorrow_wish_weaving,0.0
Erb_2463,9,9_wreath_wreaths_wreath wreath_periwinkle,1.0
Erb_2466,16,16_song praise_cheerful song_sing song_sing,0.7685511
Erb_2468,0,0_dear_sorrow_wish_weaving,0.0
Erb_2470,14,14_gyeongsang_jeolla_country_blow,1.0
Erb_2471,17,17_mocking_squirrel_don laugh_laugh,1.0
Erb_2473,18,18_farmer_rye_oats_horses,1.0
Erb_2476,16,16_song praise_cheerful song_sing song_sing,1.0
Erb_2477,0,0_dear_sorrow_wish_weaving,0.0
Erb_2478,14,14_gyeongsang_jeolla_country_blow,1.0
Erb_2479,0,0_dear_sorrow_wish_weaving,0.0
Erb_2480,12,12_orphans_trees_plowed field_wilderness,1.0
Erb_2481,18,18_farmer_rye_oats_horses,0.6074809
Erb_2482,0,0_dear_sorrow_wish_weaving,0.0
Erb_2483,0,0_dear_sorrow_wish_weaving,0.0
Erb_2484,11,11_little horses_horses_maids_altar,1.0
Erb_2488,18,18_farmer_rye_oats_horses,1.0
Erb_2490,13,13_september_thirty_march_summer,0.916074
Erb_2493,0,0_dear_sorrow_wish_weaving,0.0
Erb_2494,18,18_farmer_rye_oats_horses,1.0
Erb_2495,13,13_september_thirty_march_summer,1.0
Erb_2496,18,18_farmer_rye_oats_horses,1.0
Erb_2497,0,0_dear_sorrow_wish_weaving,0.0
Erb_2498,0,0_dear_sorrow_wish_weaving,0.0
Erb_2499,11,11_little horses_horses_maids_altar,1.0
Erb_2500,11,11_little horses_horses_maids_altar,1.0
Erb_2501,0,0_dear_sorrow_wish_weaving,0.0
Erb_2502,0,0_dear_sorrow_wish_weaving,0.0
Erb_2503,15,15_slave_goats_ants_feathers,1.0
Erb_2504,0,0_dear_sorrow_wish_weaving,0.0
Erb_2506,0,0_dear_sorrow_wish_weaving,0.0
Erb_2507,9,9_wreath_wreaths_wreath wreath_periwinkle,1.0
Erb_2508,0,0_dear_sorrow_wish_weaving,0.0
Erb_2509,18,18_farmer_rye_oats_horses,1.0
Erb_2510,0,0_dear_sorrow_wish_weaving,0.0
Erb_2511,0,0_dear_sorrow_wish_weaving,0.0
Erb_2513,14,14_gyeongsang_jeolla_country_blow,1.0
Erb_2516,0,0_dear_sorrow_wish_weaving,0.0
Erb_2517,18,18_farmer_rye_oats_horses,1.0
Erb_2518,0,0_dear_sorrow_wish_weaving,0.0
Erb_2519,0,0_dear_sorrow_wish_weaving,0.0
Erb_2520,18,18_farmer_rye_oats_horses,0.5627626
Erb_2521,0,0_dear_sorrow_wish_weaving,0.0
Erb_2522,0,0_dear_sorrow_wish_weaving,0.0
Erb_2523,0,0_dear_sorrow_wish_weaving,0.0
Erb_2526,0,0_dear_sorrow_wish_weaving,0.0
Erb_2529,16,16_song praise_cheerful song_sing song_sing,1.0
Erb_2530,18,18_farmer_rye_oats_horses,1.0
Erb_2532,0,0_dear_sorrow_wish_weaving,0.0
Erb_2535,14,14_gyeongsang_jeolla_country_blow,0.74842346
Erb_2536,0,0_dear_sorrow_wish_weaving,0.0
Erb_2537,0,0_dear_sorrow_wish_weaving,0.0
Erb_2540,0,0_dear_sorrow_wish_weaving,0.0
Erb_2541,0,0_dear_sorrow_wish_weaving,0.0
Erb_2543,0,0_dear_sorrow_wish_weaving,0.0
Erb_2544,14,14_gyeongsang_jeolla_country_blow,1.0
Erb_2545,18,18_farmer_rye_oats_horses,1.0
Erb_2546,17,17_mocking_squirrel_don laugh_laugh,1.0
Erb_2547,0,0_dear_sorrow_wish_weaving,0.0
Erb_2548,7,7_street_streets_fence_corner,1.0
Erb_2550,0,0_dear_sorrow_wish_weaving,0.0
Erb_2551,0,0_dear_sorrow_wish_weaving,0.0
Erb_2552,0,0_dear_sorrow_wish_weaving,0.0
Erb_2553,0,0_dear_sorrow_wish_weaving,0.0
Erb_2555,0,0_dear_sorrow_wish_weaving,0.0
Erb_2556,0,0_dear_sorrow_wish_weaving,0.0
Erb_2558,14,14_gyeongsang_jeolla_country_blow,1.0
Erb_2559,0,0_dear_sorrow_wish_weaving,0.0
Erb_2560,11,11_little horses_horses_maids_altar,0.6335194
Erb_2561,18,18_farmer_rye_oats_horses,0.5472493
Erb_2562,18,18_farmer_rye_oats_horses,0.9414039
Erb_2563,18,18_farmer_rye_oats_horses,0.57357043
Erb_2564,15,15_slave_goats_ants_feathers,1.0
Erb_2565,18,18_farmer_rye_oats_horses,1.0
Erb_2566,0,0_dear_sorrow_wish_weaving,0.0
Erb_2567,9,9_wreath_wreaths_wreath wreath_periwinkle,0.83022225
Erb_2568,0,0_dear_sorrow_wish_weaving,0.0
Erb_2569,18,18_farmer_rye_oats_horses,1.0
Erb_2570,18,18_farmer_rye_oats_horses,1.0
Erb_2571,0,0_dear_sorrow_wish_weaving,0.0
Erb_2572,9,9_wreath_wreaths_wreath wreath_periwinkle,1.0
Erb_2573,18,18_farmer_rye_oats_horses,0.8485626
Erb_2574,16,16_song praise_cheerful song_sing song_sing,0.6282683
Erb_2576,18,18_farmer_rye_oats_horses,1.0
Erb_2577,18,18_farmer_rye_oats_horses,0.982502
Erb_2579,18,18_farmer_rye_oats_horses,1.0
Erb_2580,0,0_dear_sorrow_wish_weaving,0.0
Erb_2581,11,11_little horses_horses_maids_altar,0.39424315
Erb_2582,0,0_dear_sorrow_wish_weaving,0.0
Erb_2583,0,0_dear_sorrow_wish_weaving,0.0
Erb_2584,18,18_farmer_rye_oats_horses,1.0
Erb_2585,0,0_dear_sorrow_wish_weaving,0.0
Erb_2586,18,18_farmer_rye_oats_horses,1.0
Erb_2587,18,18_farmer_rye_oats_horses,0.57880545
Erb_2589,0,0_dear_sorrow_wish_weaving,0.0
Erb_2590,18,18_farmer_rye_oats_horses,0.65307987
Erb_2591,0,0_dear_sorrow_wish_weaving,0.0
Erb_2592,11,11_little horses_horses_maids_altar,0.68246126
Erb_2593,18,18_farmer_rye_oats_horses,0.51136154
Erb_2594,6,6_poplar_eyebrows_bright_boast,1.0
Erb_2596,0,0_dear_sorrow_wish_weaving,0.0
Erb_2599,18,18_farmer_rye_oats_horses,1.0
Erb_2601,18,18_farmer_rye_oats_horses,1.0
Erb_2602,0,0_dear_sorrow_wish_weaving,0.0
Erb_2603,14,14_gyeongsang_jeolla_country_blow,1.0
Erb_2604,18,18_farmer_rye_oats_horses,1.0
Erb_2605,0,0_dear_sorrow_wish_weaving,0.0
Erb_2606,0,0_dear_sorrow_wish_weaving,0.0
Erb_2607,0,0_dear_sorrow_wish_weaving,0.0
Erb_2609,0,0_dear_sorrow_wish_weaving,0.0
Erb_2610,0,0_dear_sorrow_wish_weaving,0.0
Erb_2612,0,0_dear_sorrow_wish_weaving,0.0
Erb_2613,11,11_little horses_horses_maids_altar,1.0
Erb_2614,0,0_dear_sorrow_wish_weaving,0.0
Erb_2615,0,0_dear_sorrow_wish_weaving,0.0
Erb_2616,16,16_song praise_cheerful song_sing song_sing,1.0
Erb_2618,16,16_song praise_cheerful song_sing song_sing,0.6421634
Erb_2620,0,0_dear_sorrow_wish_weaving,0.0
Erb_2622,13,13_september_thirty_march_summer,0.56669956
Erb_2623,0,0_dear_sorrow_wish_weaving,0.0
Erb_2624,18,18_farmer_rye_oats_horses,1.0
Erb_2625,0,0_dear_sorrow_wish_weaving,0.0
Erb_2626,0,0_dear_sorrow_wish_weaving,0.0
Erb_2627,0,0_dear_sorrow_wish_weaving,0.0
Erb_2628,0,0_dear_sorrow_wish_weaving,0.0
Erb_2630,0,0_dear_sorrow_wish_weaving,0.0
Erb_2631,13,13_september_thirty_march_summer,1.0
Erb_2632,0,0_dear_sorrow_wish_weaving,0.0
Erb_2633,14,14_gyeongsang_jeolla_country_blow,1.0
Erb_2634,18,18_farmer_rye_oats_horses,1.0
Erb_2635,18,18_farmer_rye_oats_horses,1.0
Erb_2636,18,18_farmer_rye_oats_horses,1.0
Erb_2638,16,16_song praise_cheerful song_sing song_sing,1.0
Erb_2639,0,0_dear_sorrow_wish_weaving,0.0
Erb_2641,0,0_dear_sorrow_wish_weaving,0.0
Erb_2642,0,0_dear_sorrow_wish_weaving,0.0
Erb_2643,0,0_dear_sorrow_wish_weaving,0.0
Erb_2644,9,9_wreath_wreaths_wreath wreath_periwinkle,0.53657883
Erb_2645,18,18_farmer_rye_oats_horses,0.8983411
Erb_2646,11,11_little horses_horses_maids_altar,1.0
Erb_2647,0,0_dear_sorrow_wish_weaving,0.0
Erb_2648,0,0_dear_sorrow_wish_weaving,0.0
Erb_2649,0,0_dear_sorrow_wish_weaving,0.0
Erb_2650,0,0_dear_sorrow_wish_weaving,0.0
Erb_2652,0,0_dear_sorrow_wish_weaving,0.0
Erb_2653,18,18_farmer_rye_oats_horses,0.546854
Erb_2654,0,0_dear_sorrow_wish_weaving,0.0
Erb_2657,18,18_farmer_rye_oats_horses,1.0
Erb_2658,0,0_dear_sorrow_wish_weaving,0.0
Erb_2659,0,0_dear_sorrow_wish_weaving,0.0
Erb_2660,0,0_dear_sorrow_wish_weaving,0.0
Erb_2661,18,18_farmer_rye_oats_horses,0.848056
Erb_2663,0,0_dear_sorrow_wish_weaving,0.0
Erb_2664,18,18_farmer_rye_oats_horses,0.7730737
Erb_2665,0,0_dear_sorrow_wish_weaving,0.0
Erb_2666,18,18_farmer_rye_oats_horses,1.0
Erb_2668,0,0_dear_sorrow_wish_weaving,0.0
Erb_2669,0,0_dear_sorrow_wish_weaving,0.0
Erb_2670,0,0_dear_sorrow_wish_weaving,0.0
Erb_2671,11,11_little horses_horses_maids_altar,1.0
Erb_2672,18,18_farmer_rye_oats_horses,1.0
Erb_2673,18,18_farmer_rye_oats_horses,1.0
Erb_2674,0,0_dear_sorrow_wish_weaving,0.0
Erb_2675,0,0_dear_sorrow_wish_weaving,0.0
Erb_2676,0,0_dear_sorrow_wish_weaving,0.0
Erb_2677,0,0_dear_sorrow_wish_weaving,0.0
Erb_2678,18,18_farmer_rye_oats_horses,1.0
Erb_2679,18,18_farmer_rye_oats_horses,0.5012676
Erb_2681,0,0_dear_sorrow_wish_weaving,0.0
Erb_2683,0,0_dear_sorrow_wish_weaving,0.0
Erb_2684,18,18_farmer_rye_oats_horses,0.8625842
Erb_2685,11,11_little horses_horses_maids_altar,0.5132283
Erb_2686,14,14_gyeongsang_jeolla_country_blow,1.0
Erb_2687,18,18_farmer_rye_oats_horses,0.81432647
Erb_2688,13,13_september_thirty_march_summer,0.66498625
Erb_2689,0,0_dear_sorrow_wish_weaving,0.0
Erb_2690,0,0_dear_sorrow_wish_weaving,0.0
Erb_2691,0,0_dear_sorrow_wish_weaving,0.0
Erb_2692,0,0_dear_sorrow_wish_weaving,0.0
Erb_2694,0,0_dear_sorrow_wish_weaving,0.0
Erb_2695,14,14_gyeongsang_jeolla_country_blow,1.0
Erb_2696,0,0_dear_sorrow_wish_weaving,0.0
Erb_2697,0,0_dear_sorrow_wish_weaving,0.0
Erb_2698,0,0_dear_sorrow_wish_weaving,0.0
Erb_2699,18,18_farmer_rye_oats_horses,1.0
Erb_2700,0,0_dear_sorrow_wish_weaving,0.0
Erb_2702,0,0_dear_sorrow_wish_weaving,0.0
Erb_2705,11,11_little horses_horses_maids_altar,0.45785385
Erb_2706,0,0_dear_sorrow_wish_weaving,0.0
Erb_2707,0,0_dear_sorrow_wish_weaving,0.0
Erb_2708,15,15_slave_goats_ants_feathers,0.4749626
Erb_2710,17,17_mocking_squirrel_don laugh_laugh,0.7001275
Erb_2713,0,0_dear_sorrow_wish_weaving,0.0
Erb_2714,18,18_farmer_rye_oats_horses,1.0
Erb_2715,0,0_dear_sorrow_wish_weaving,0.0
Erb_2717,13,13_september_thirty_march_summer,0.61736923
Erb_2718,10,10_young cossack_cossack_horseback_love young,1.0
Erb_2719,13,13_september_thirty_march_summer,0.5362934
Erb_2723,11,11_little horses_horses_maids_altar,1.0
Erb_2725,0,0_dear_sorrow_wish_weaving,0.0
Erb_2726,18,18_farmer_rye_oats_horses,1.0
Erb_2731,0,0_dear_sorrow_wish_weaving,0.0
Erb_2732,0,0_dear_sorrow_wish_weaving,0.0
Erb_2734,0,0_dear_sorrow_wish_weaving,0.0
Erb_2736,18,18_farmer_rye_oats_horses,0.53854066
Erb_2737,11,11_little horses_horses_maids_altar,0.7655555
Erb_2739,11,11_little horses_horses_maids_altar,1.0
Erb_2750,0,0_dear_sorrow_wish_weaving,0.0
Erb_2752,0,0_dear_sorrow_wish_weaving,0.0
Erb_2753,0,0_dear_sorrow_wish_weaving,0.0
Erb_2754,14,14_gyeongsang_jeolla_country_blow,0.6504488
Erb_2757,0,0_dear_sorrow_wish_weaving,0.0
Erb_2758,0,0_dear_sorrow_wish_weaving,0.0
Erb_2759,0,0_dear_sorrow_wish_weaving,0.0
Erb_2762,13,13_september_thirty_march_summer,0.5927775
Erb_2764,10,10_young cossack_cossack_horseback_love young,1.0
Erb_2765,14,14_gyeongsang_jeolla_country_blow,1.0
Erb_2766,17,17_mocking_squirrel_don laugh_laugh,1.0
Erb_2768,0,0_dear_sorrow_wish_weaving,0.0
Erb_2769,11,11_little horses_horses_maids_altar,1.0
Erb_2770,0,0_dear_sorrow_wish_weaving,0.0
Erb_2771,11,11_little horses_horses_maids_altar,0.6314339
Erb_2773,3,3_saint nicholas_saint_nicholas_holy evening,0.6520566
Erb_2776,0,0_dear_sorrow_wish_weaving,0.0
Erb_2777,18,18_farmer_rye_oats_horses,1.0
Erb_2778,9,9_wreath_wreaths_wreath wreath_periwinkle,1.0
Erb_2779,0,0_dear_sorrow_wish_weaving,0.0
Erb_2780,13,13_september_thirty_march_summer,1.0
Erb_2781,11,11_little horses_horses_maids_altar,0.62354714
Erb_2783,18,18_farmer_rye_oats_horses,1.0
Erb_2784,11,11_little horses_horses_maids_altar,0.5068273
Erb_2788,0,0_dear_sorrow_wish_weaving,0.0
Erb_2789,18,18_farmer_rye_oats_horses,0.5119432
Erb_2791,18,18_farmer_rye_oats_horses,0.6212824
Erb_2794,0,0_dear_sorrow_wish_weaving,0.0
Erb_2795,11,11_little horses_horses_maids_altar,1.0
Erb_2796,0,0_dear_sorrow_wish_weaving,0.0
Erb_2798,18,18_farmer_rye_oats_horses,1.0
Erb_2799,18,18_farmer_rye_oats_horses,1.0
Erb_2801,0,0_dear_sorrow_wish_weaving,0.0
Erb_2802,0,0_dear_sorrow_wish_weaving,0.0
Erb_2804,0,0_dear_sorrow_wish_weaving,0.0
Erb_2806,11,11_little horses_horses_maids_altar,0.5071094
Erb_2807,13,13_september_thirty_march_summer,0.5803246
Erb_2810,14,14_gyeongsang_jeolla_country_blow,1.0
Erb_2811,13,13_september_thirty_march_summer,1.0
Erb_2812,9,9_wreath_wreaths_wreath wreath_periwinkle,1.0
Erb_2813,11,11_little horses_horses_maids_altar,0.6161713
Erb_2816,14,14_gyeongsang_jeolla_country_blow,0.7382645
Erb_2817,18,18_farmer_rye_oats_horses,0.721189
Erb_2818,0,0_dear_sorrow_wish_weaving,0.0
Erb_2819,14,14_gyeongsang_jeolla_country_blow,0.49570253
Erb_2820,0,0_dear_sorrow_wish_weaving,0.0
Erb_2822,0,0_dear_sorrow_wish_weaving,0.0
Erb_2824,13,13_september_thirty_march_summer,0.6605705
Erb_2827,7,7_street_streets_fence_corner,1.0
Erb_2828,13,13_september_thirty_march_summer,0.66203105
Erb_2830,11,11_little horses_horses_maids_altar,1.0
Erb_2831,6,6_poplar_eyebrows_bright_boast,0.45872384
Erb_2833,13,13_september_thirty_march_summer,1.0
Erb_2834,0,0_dear_sorrow_wish_weaving,0.0
Erb_2835,16,16_song praise_cheerful song_sing song_sing,0.9259478
Erb_2836,18,18_farmer_rye_oats_horses,1.0
Erb_2837,0,0_dear_sorrow_wish_weaving,0.0
Erb_2839,0,0_dear_sorrow_wish_weaving,0.0
Erb_2841,7,7_street_streets_fence_corner,1.0
Erb_2842,0,0_dear_sorrow_wish_weaving,0.0
Erb_2843,0,0_dear_sorrow_wish_weaving,0.0
Erb_2844,0,0_dear_sorrow_wish_weaving,0.0
Erb_2845,11,11_little horses_horses_maids_altar,1.0
Erb_2846,0,0_dear_sorrow_wish_weaving,0.0
Erb_2847,18,18_farmer_rye_oats_horses,1.0
Erb_2848,17,17_mocking_squirrel_don laugh_laugh,1.0
Erb_2850,18,18_farmer_rye_oats_horses,1.0
Erb_2851,0,0_dear_sorrow_wish_weaving,0.0
Erb_2852,7,7_street_streets_fence_corner,1.0
Erb_2853,0,0_dear_sorrow_wish_weaving,0.0
Erb_2854,0,0_dear_sorrow_wish_weaving,0.0
Erb_2855,0,0_dear_sorrow_wish_weaving,0.0
Erb_2858,0,0_dear_sorrow_wish_weaving,0.0
Erb_2860,9,9_wreath_wreaths_wreath wreath_periwinkle,1.0
Erb_2861,0,0_dear_sorrow_wish_weaving,0.0
Erb_2864,13,13_september_thirty_march_summer,0.8332824
Erb_2866,17,17_mocking_squirrel_don laugh_laugh,1.0
Erb_2868,18,18_farmer_rye_oats_horses,1.0
Erb_2869,18,18_farmer_rye_oats_horses,1.0
Erb_2870,11,11_little horses_horses_maids_altar,1.0
Erb_2871,18,18_farmer_rye_oats_horses,0.7346726
Erb_2872,11,11_little horses_horses_maids_altar,1.0
Erb_2873,13,13_september_thirty_march_summer,1.0
Erb_2874,18,18_farmer_rye_oats_horses,1.0
Erb_2877,18,18_farmer_rye_oats_horses,1.0
Erb_2878,18,18_farmer_rye_oats_horses,1.0
Erb_2879,18,18_farmer_rye_oats_horses,1.0
Erb_2881,18,18_farmer_rye_oats_horses,1.0
Erb_2884,0,0_dear_sorrow_wish_weaving,0.0
Erb_2885,0,0_dear_sorrow_wish_weaving,0.0
Erb_2886,18,18_farmer_rye_oats_horses,0.66298854
Erb_2887,18,18_farmer_rye_oats_horses,0.8115782
Erb_2888,13,13_september_thirty_march_summer,1.0
Erb_2889,0,0_dear_sorrow_wish_weaving,0.0
Erb_2890,14,14_gyeongsang_jeolla_country_blow,0.51647604
Erb_2893,18,18_farmer_rye_oats_horses,0.4565312
Erb_2894,18,18_farmer_rye_oats_horses,0.51438165
Erb_2896,0,0_dear_sorrow_wish_weaving,0.0
Erb_2897,7,7_street_streets_fence_corner,0.5960658
Erb_2898,13,13_september_thirty_march_summer,1.0
Erb_2900,16,16_song praise_cheerful song_sing song_sing,0.32135
THB_11,9,9_wreath_wreaths_wreath wreath_periwinkle,1.0
THB_12,14,14_gyeongsang_jeolla_country_blow,1.0
THB_13,9,9_wreath_wreaths_wreath wreath_periwinkle,1.0
THB_14,17,17_mocking_squirrel_don laugh_laugh,1.0
THB_15,11,11_little horses_horses_maids_altar,0.8090073
THB_16,18,18_farmer_rye_oats_horses,0.70172954
THB_17,14,14_gyeongsang_jeolla_country_blow,1.0
THB_18,0,0_dear_sorrow_wish_weaving,0.0
THB_19,0,0_dear_sorrow_wish_weaving,0.0
THB_20,3,3_saint nicholas_saint_nicholas_holy evening,0.80666727
THB_22,17,17_mocking_squirrel_don laugh_laugh,1.0
THB_23,0,0_dear_sorrow_wish_weaving,0.0
THB_24,17,17_mocking_squirrel_don laugh_laugh,1.0
THB_25,9,9_wreath_wreaths_wreath wreath_periwinkle,1.0
THB_26,0,0_dear_sorrow_wish_weaving,0.0
THB_27,11,11_little horses_horses_maids_altar,0.63594455
THB_28,0,0_dear_sorrow_wish_weaving,0.0
THB_29,18,18_farmer_rye_oats_horses,0.8396616
THB_30,0,0_dear_sorrow_wish_weaving,0.0
THB_31,0,0_dear_sorrow_wish_weaving,0.0
THB_32,18,18_farmer_rye_oats_horses,0.91952384
THB_33,11,11_little horses_horses_maids_altar,1.0
THB_34,0,0_dear_sorrow_wish_weaving,0.0
THB_35,11,11_little horses_horses_maids_altar,0.54018563
THB_36,0,0_dear_sorrow_wish_weaving,0.0
THB_37,16,16_song praise_cheerful song_sing song_sing,0.87419206
THB_38,6,6_poplar_eyebrows_bright_boast,1.0
THB_39,0,0_dear_sorrow_wish_weaving,0.0
THB_40,9,9_wreath_wreaths_wreath wreath_periwinkle,0.7590784
THB_41,18,18_farmer_rye_oats_horses,1.0
THB_42,16,16_song praise_cheerful song_sing song_sing,1.0
THB_43,0,0_dear_sorrow_wish_weaving,0.0
THB_44,14,14_gyeongsang_jeolla_country_blow,1.0
THB_46,14,14_gyeongsang_jeolla_country_blow,1.0
THB_47,13,13_september_thirty_march_summer,1.0
THB_48,14,14_gyeongsang_jeolla_country_blow,0.9451302
THB_49,0,0_dear_sorrow_wish_weaving,0.0
THB_50,18,18_farmer_rye_oats_horses,0.5835849
THB_51,0,0_dear_sorrow_wish_weaving,0.0
THB_52,18,18_farmer_rye_oats_horses,0.4885608
THB_53,13,13_september_thirty_march_summer,0.57922786
THB_54,0,0_dear_sorrow_wish_weaving,0.0
THB_55,7,7_street_streets_fence_corner,0.76764077
THB_56,18,18_farmer_rye_oats_horses,1.0
THB_57,0,0_dear_sorrow_wish_weaving,0.0
THB_58,11,11_little horses_horses_maids_altar,1.0
THB_60,7,7_street_streets_fence_corner,0.9055025
THB_61,16,16_song praise_cheerful song_sing song_sing,1.0
THB_62,0,0_dear_sorrow_wish_weaving,0.0
THB_64,11,11_little horses_horses_maids_altar,1.0
THB_65,0,0_dear_sorrow_wish_weaving,0.0
THB_66,17,17_mocking_squirrel_don laugh_laugh,0.6000939
THB_67,0,0_dear_sorrow_wish_weaving,0.0
THB_68,0,0_dear_sorrow_wish_weaving,0.0
THB_69,0,0_dear_sorrow_wish_weaving,0.0
THB_70,0,0_dear_sorrow_wish_weaving,0.0
THB_71,0,0_dear_sorrow_wish_weaving,0.0
THB_72,17,17_mocking_squirrel_don laugh_laugh,0.65067524
THB_93,0,0_dear_sorrow_wish_weaving,0.0
THB_94,18,18_farmer_rye_oats_horses,0.83052355
THB_95,18,18_farmer_rye_oats_horses,1.0
THB_96,18,18_farmer_rye_oats_horses,1.0
THB_97,11,11_little horses_horses_maids_altar,0.5730052
THB_98,11,11_little horses_horses_maids_altar,0.62069315
THB_99,0,0_dear_sorrow_wish_weaving,0.0
THB_100,0,0_dear_sorrow_wish_weaving,0.0
THB_101,0,0_dear_sorrow_wish_weaving,0.0
THB_102,0,0_dear_sorrow_wish_weaving,0.0
THB_103,18,18_farmer_rye_oats_horses,1.0
THB_104,0,0_dear_sorrow_wish_weaving,0.0
THB_105,13,13_september_thirty_march_summer,0.7285296
THB_137,13,13_september_thirty_march_summer,1.0
THB_138,13,13_september_thirty_march_summer,0.7948227
THB_139,17,17_mocking_squirrel_don laugh_laugh,1.0
THB_140,0,0_dear_sorrow_wish_weaving,0.0
THB_141,13,13_september_thirty_march_summer,1.0
THB_142,18,18_farmer_rye_oats_horses,0.5844579
THB_143,17,17_mocking_squirrel_don laugh_laugh,0.7053213
THB_144,17,17_mocking_squirrel_don laugh_laugh,0.75503916
THB_145,0,0_dear_sorrow_wish_weaving,0.0
THB_146,17,17_mocking_squirrel_don laugh_laugh,1.0
