id,assigned_topic,topic_label,top_topic_prob
HPod_1,6,6_crying_scarf_money_daughter,0.94351655
HPod_4,0,0_beloved_maiden_wreath_song,0.70754975
HPod_9,8,8_coat_dress_wear_peasant,0.48366842
HPod_11,8,8_coat_dress_wear_peasant,0.20508662
HPod_12,1,1_farmer_plowing_sheep_peasant,0.218414
HPod_13,3,3_beer_drink_drank_praise,0.39907256
HPod_15,7,7_rye_barley_saint_wheat,0.31868207
HPod_16,6,6_crying_scarf_money_daughter,0.8216773
HPod_18,0,0_beloved_maiden_wreath_song,0.0
HPod_19,8,8_coat_dress_wear_peasant,0.77622145
HPod_21,2,2_maiden_marry_old woman_woman,0.23880187
HPod_22,7,7_rye_barley_saint_wheat,0.21275042
HPod_23,6,6_crying_scarf_money_daughter,0.50772053
HPod_24,2,2_maiden_marry_old woman_woman,0.4197449
HPod_27,6,6_crying_scarf_money_daughter,0.23742823
HPod_28,0,0_beloved_maiden_wreath_song,0.0
HPod_30,8,8_coat_dress_wear_peasant,0.7768977
HPod_31,5,5_shoes_feet_wear_trousers,0.36407283
HPod_32,6,6_crying_scarf_money_daughter,0.43056938
HPod_33,7,7_rye_barley_saint_wheat,0.26057345
HPod_34,0,0_beloved_maiden_wreath_song,0.45070672
HPod_37,1,1_farmer_plowing_sheep_peasant,0.5467217
HPod_41,0,0_beloved_maiden_wreath_song,0.0
HPod_42,4,4_sunday_saint_day_spring,0.33582756
HPod_43,2,2_maiden_marry_old woman_woman,0.30227312
HPod_44,8,8_coat_dress_wear_peasant,0.55834484
HPod_45,8,8_coat_dress_wear_peasant,0.4190026
HPod_46,8,8_coat_dress_wear_peasant,0.44976422
HPod_48,3,3_beer_drink_drank_praise,0.42082712
HPod_49,3,3_beer_drink_drank_praise,0.5306083
HPod_50,7,7_rye_barley_saint_wheat,0.4558742
HPod_51,6,6_crying_scarf_money_daughter,0.37338328
HPod_52,6,6_crying_scarf_money_daughter,0.27843967
HPod_53,0,0_beloved_maiden_wreath_song,0.62322605
HPod_54,8,8_coat_dress_wear_peasant,0.33071736
HPod_55,0,0_beloved_maiden_wreath_song,0.3806235
HPod_56,0,0_beloved_maiden_wreath_song,0.26441774
HPod_57,0,0_beloved_maiden_wreath_song,0.0
HPod_58,6,6_crying_scarf_money_daughter,0.39864293
HPod_59,6,6_crying_scarf_money_daughter,0.65661395
HPod_60,2,2_maiden_marry_old woman_woman,0.21845202
HPod_65,8,8_coat_dress_wear_peasant,0.37829214
HPod_67,0,0_beloved_maiden_wreath_song,0.4632231
HPod_70,4,4_sunday_saint_day_spring,0.290502
HPod_71,7,7_rye_barley_saint_wheat,0.449131
HPod_72,1,1_farmer_plowing_sheep_peasant,0.49920094
HPod_75,8,8_coat_dress_wear_peasant,0.44536173
HPod_77,6,6_crying_scarf_money_daughter,0.28303215
HPod_78,4,4_sunday_saint_day_spring,0.29591036
HPod_82,2,2_maiden_marry_old woman_woman,0.41566506
HPod_84,0,0_beloved_maiden_wreath_song,0.0
HPod_85,8,8_coat_dress_wear_peasant,0.45753625
HPod_86,2,2_maiden_marry_old woman_woman,0.37297156
HPod_87,1,1_farmer_plowing_sheep_peasant,1.0
HPod_88,2,2_maiden_marry_old woman_woman,1.0
HPod_89,6,6_crying_scarf_money_daughter,0.5513123
HPod_94,7,7_rye_barley_saint_wheat,0.38326517
HPod_95,0,0_beloved_maiden_wreath_song,0.0
HPod_97,0,0_beloved_maiden_wreath_song,0.0
HPod_98,4,4_sunday_saint_day_spring,0.31442878
HPod_99,8,8_coat_dress_wear_peasant,0.6590922
HPod_100,0,0_beloved_maiden_wreath_song,0.0
HPod_101,8,8_coat_dress_wear_peasant,0.45451218
HPod_102,8,8_coat_dress_wear_peasant,0.3533279
HPod_107,0,0_beloved_maiden_wreath_song,0.2673816
HPod_108,6,6_crying_scarf_money_daughter,0.32030743
HPod_110,6,6_crying_scarf_money_daughter,0.28618395
HPod_112,7,7_rye_barley_saint_wheat,0.6157251
HPod_115,4,4_sunday_saint_day_spring,1.0
HPod_116,6,6_crying_scarf_money_daughter,0.3881501
HPod_118,0,0_beloved_maiden_wreath_song,0.18232399
HPod_122,3,3_beer_drink_drank_praise,0.57494056
HPod_123,6,6_crying_scarf_money_daughter,1.0
HPod_125,5,5_shoes_feet_wear_trousers,0.2984906
HPod_126,7,7_rye_barley_saint_wheat,0.4641696
HPod_127,3,3_beer_drink_drank_praise,0.599837
HPod_128,0,0_beloved_maiden_wreath_song,0.0
HPod_129,6,6_crying_scarf_money_daughter,0.5545032
HPod_130,0,0_beloved_maiden_wreath_song,0.5291352
HPod_131,8,8_coat_dress_wear_peasant,0.2282796
HPod_132,8,8_coat_dress_wear_peasant,0.56992793
HPod_133,0,0_beloved_maiden_wreath_song,0.3252715
HPod_134,6,6_crying_scarf_money_daughter,0.73651004
HPod_135,8,8_coat_dress_wear_peasant,0.56067467
HPod_136,2,2_maiden_marry_old woman_woman,0.2422826
HPod_141,2,2_maiden_marry_old woman_woman,0.42570764
HPod_143,2,2_maiden_marry_old woman_woman,0.38412756
HPod_148,6,6_crying_scarf_money_daughter,0.36795714
HPod_149,8,8_coat_dress_wear_peasant,0.67416483
HPod_150,4,4_sunday_saint_day_spring,0.65593594
HPod_151,8,8_coat_dress_wear_peasant,0.27141285
HPod_155,4,4_sunday_saint_day_spring,0.32062972
HPod_156,0,0_beloved_maiden_wreath_song,0.5286921
HPod_159,6,6_crying_scarf_money_daughter,0.50204676
HPod_160,2,2_maiden_marry_old woman_woman,0.385546
HPod_162,7,7_rye_barley_saint_wheat,0.4300709
HPod_163,7,7_rye_barley_saint_wheat,0.3813062
HPod_166,6,6_crying_scarf_money_daughter,0.26749566
HPod_167,0,0_beloved_maiden_wreath_song,0.0
HPod_168,0,0_beloved_maiden_wreath_song,0.5336688
HPod_169,0,0_beloved_maiden_wreath_song,0.50115997
HPod_170,2,2_maiden_marry_old woman_woman,0.30798
HPod_171,8,8_coat_dress_wear_peasant,0.41711083
HPod_174,2,2_maiden_marry_old woman_woman,0.36062822
HPod_176,8,8_coat_dress_wear_peasant,1.0
HPod_177,8,8_coat_dress_wear_peasant,0.43690705
HPod_183,6,6_crying_scarf_money_daughter,0.3956166
HPod_185,7,7_rye_barley_saint_wheat,0.4702306
HPod_187,8,8_coat_dress_wear_peasant,1.0
HPod_188,1,1_farmer_plowing_sheep_peasant,0.36345795
HPod_189,4,4_sunday_saint_day_spring,0.4749723
HPod_190,7,7_rye_barley_saint_wheat,0.43453345
HPod_191,6,6_crying_scarf_money_daughter,0.36421832
HPod_192,4,4_sunday_saint_day_spring,0.3631716
HPod_194,4,4_sunday_saint_day_spring,0.3731883
HPod_195,0,0_beloved_maiden_wreath_song,0.0
HPod_196,4,4_sunday_saint_day_spring,0.4126383
HPod_197,1,1_farmer_plowing_sheep_peasant,0.40492308
HPod_199,8,8_coat_dress_wear_peasant,0.34139818
HPod_203,6,6_crying_scarf_money_daughter,0.41899332
HPod_204,8,8_coat_dress_wear_peasant,0.4125866
HPod_205,4,4_sunday_saint_day_spring,0.34279126
HPod_206,2,2_maiden_marry_old woman_woman,0.549943
HPod_208,7,7_rye_barley_saint_wheat,0.41959122
HPod_209,7,7_rye_barley_saint_wheat,0.46082824
HPod_211,4,4_sunday_saint_day_spring,0.396515
HPod_212,4,4_sunday_saint_day_spring,0.4014219
HPod_214,7,7_rye_barley_saint_wheat,0.74932563
HPod_222,7,7_rye_barley_saint_wheat,0.48281595
HPod_225,6,6_crying_scarf_money_daughter,0.39495423
HPod_226,2,2_maiden_marry_old woman_woman,0.4280014
HPod_227,1,1_farmer_plowing_sheep_peasant,0.28777868
HPod_230,5,5_shoes_feet_wear_trousers,0.48126915
HPod_232,0,0_beloved_maiden_wreath_song,0.0
HPod_233,8,8_coat_dress_wear_peasant,0.28271255
HPod_234,7,7_rye_barley_saint_wheat,0.4808459
HPod_235,7,7_rye_barley_saint_wheat,0.31121522
HPod_236,2,2_maiden_marry_old woman_woman,0.43718278
HPod_239,8,8_coat_dress_wear_peasant,0.28054866
HPod_241,2,2_maiden_marry_old woman_woman,0.6019278
HPod_243,4,4_sunday_saint_day_spring,0.4249848
HPod_245,6,6_crying_scarf_money_daughter,0.4876635
HPod_247,3,3_beer_drink_drank_praise,0.1912492
HPod_251,0,0_beloved_maiden_wreath_song,1.0
HPod_253,1,1_farmer_plowing_sheep_peasant,0.42440167
HPod_254,8,8_coat_dress_wear_peasant,1.0
HPod_255,5,5_shoes_feet_wear_trousers,0.33892614
HPod_256,6,6_crying_scarf_money_daughter,1.0
HPod_259,8,8_coat_dress_wear_peasant,0.7699815
HPod_262,1,1_farmer_plowing_sheep_peasant,0.3862547
HPod_264,7,7_rye_barley_saint_wheat,0.43007585
HPod_265,7,7_rye_barley_saint_wheat,0.34974083
HPod_267,4,4_sunday_saint_day_spring,1.0
HPod_268,2,2_maiden_marry_old woman_woman,0.5320602
HPod_269,8,8_coat_dress_wear_peasant,1.0
HPod_271,0,0_beloved_maiden_wreath_song,0.0
HPod_276,4,4_sunday_saint_day_spring,0.24653006
HPod_278,2,2_maiden_marry_old woman_woman,0.5035894
HPod_279,0,0_beloved_maiden_wreath_song,0.50747854
HPod_282,8,8_coat_dress_wear_peasant,0.65367496
HPod_284,4,4_sunday_saint_day_spring,0.32910898
HPod_285,5,5_shoes_feet_wear_trousers,0.20591225
HPod_287,1,1_farmer_plowing_sheep_peasant,0.51736766
HPod_288,7,7_rye_barley_saint_wheat,0.38128623
HPod_289,3,3_beer_drink_drank_praise,0.50897294
HPod_290,0,0_beloved_maiden_wreath_song,0.0
HPod_292,4,4_sunday_saint_day_spring,0.5325795
HPod_294,4,4_sunday_saint_day_spring,0.38608968
HPod_295,2,2_maiden_marry_old woman_woman,0.3112775
HPod_298,5,5_shoes_feet_wear_trousers,0.3991046
HPod_299,2,2_maiden_marry_old woman_woman,0.3691861
HPod_300,3,3_beer_drink_drank_praise,0.47014293
HPod_302,7,7_rye_barley_saint_wheat,0.5926811
HPod_303,1,1_farmer_plowing_sheep_peasant,0.68052524
HPod_305,6,6_crying_scarf_money_daughter,0.73131794
HPod_306,4,4_sunday_saint_day_spring,0.40395975
HPod_307,2,2_maiden_marry_old woman_woman,0.57605547
HPod_308,2,2_maiden_marry_old woman_woman,0.33999658
HPod_310,7,7_rye_barley_saint_wheat,0.4065264
HPod_314,2,2_maiden_marry_old woman_woman,0.41112974
HPod_318,8,8_coat_dress_wear_peasant,0.29368064
HPod_319,7,7_rye_barley_saint_wheat,0.5173927
HPod_322,4,4_sunday_saint_day_spring,0.3468555
HPod_323,0,0_beloved_maiden_wreath_song,0.5663813
HPod_324,4,4_sunday_saint_day_spring,1.0
HPod_326,3,3_beer_drink_drank_praise,0.46838093
HPod_327,0,0_beloved_maiden_wreath_song,0.4695888
HPod_328,8,8_coat_dress_wear_peasant,0.45619276
HPod_329,1,1_farmer_plowing_sheep_peasant,0.37615392
HPod_330,0,0_beloved_maiden_wreath_song,0.66011167
HPod_331,0,0_beloved_maiden_wreath_song,0.0
HPod_332,0,0_beloved_maiden_wreath_song,0.29877883
HPod_333,4,4_sunday_saint_day_spring,0.4153162
HPod_334,4,4_sunday_saint_day_spring,0.38847986
HPod_335,4,4_sunday_saint_day_spring,0.34486485
HPod_337,5,5_shoes_feet_wear_trousers,0.3976303
HPod_338,4,4_sunday_saint_day_spring,0.37387967
HPod_341,1,1_farmer_plowing_sheep_peasant,0.34080204
HPod_342,6,6_crying_scarf_money_daughter,0.57122844
HPod_343,4,4_sunday_saint_day_spring,0.29224935
HPod_346,2,2_maiden_marry_old woman_woman,0.5156453
HPod_348,0,0_beloved_maiden_wreath_song,0.0
HPod_350,8,8_coat_dress_wear_peasant,0.45154068
HPod_352,2,2_maiden_marry_old woman_woman,0.39379653
HPod_353,2,2_maiden_marry_old woman_woman,0.5489275
HPod_354,4,4_sunday_saint_day_spring,0.25042498
HPod_355,2,2_maiden_marry_old woman_woman,0.32222757
HPod_357,4,4_sunday_saint_day_spring,0.30771914
HPod_358,0,0_beloved_maiden_wreath_song,1.0
HPod_359,0,0_beloved_maiden_wreath_song,0.47785935
HPod_360,2,2_maiden_marry_old woman_woman,0.29424948
HPod_362,6,6_crying_scarf_money_daughter,0.32613122
HPod_365,6,6_crying_scarf_money_daughter,0.23038729
HPod_366,7,7_rye_barley_saint_wheat,0.29402104
HPod_367,8,8_coat_dress_wear_peasant,0.46326384
HPod_370,1,1_farmer_plowing_sheep_peasant,0.3434286
HPod_371,6,6_crying_scarf_money_daughter,0.5111873
HPod_372,6,6_crying_scarf_money_daughter,0.33963537
HPod_373,0,0_beloved_maiden_wreath_song,0.26363957
HPod_374,4,4_sunday_saint_day_spring,0.4246562
HPod_375,0,0_beloved_maiden_wreath_song,0.0
HPod_376,7,7_rye_barley_saint_wheat,0.5787736
HPod_377,5,5_shoes_feet_wear_trousers,0.51699644
HPod_379,0,0_beloved_maiden_wreath_song,0.0
HPod_380,6,6_crying_scarf_money_daughter,0.26962984
HPod_381,3,3_beer_drink_drank_praise,0.44742587
HPod_382,5,5_shoes_feet_wear_trousers,0.5798697
HPod_383,8,8_coat_dress_wear_peasant,0.41364622
HPod_384,8,8_coat_dress_wear_peasant,1.0
HPod_385,6,6_crying_scarf_money_daughter,0.3528036
HPod_386,8,8_coat_dress_wear_peasant,0.41708064
HPod_388,3,3_beer_drink_drank_praise,0.48061955
HPod_389,1,1_farmer_plowing_sheep_peasant,1.0
HPod_390,3,3_beer_drink_drank_praise,0.65164554
HPod_391,6,6_crying_scarf_money_daughter,0.42526987
HPod_392,3,3_beer_drink_drank_praise,1.0
HPod_394,4,4_sunday_saint_day_spring,0.6433033
HPod_396,3,3_beer_drink_drank_praise,0.66447574
HPod_400,7,7_rye_barley_saint_wheat,0.3482472
HPod_401,4,4_sunday_saint_day_spring,1.0
HPod_402,2,2_maiden_marry_old woman_woman,0.4002618
HPod_403,8,8_coat_dress_wear_peasant,1.0
HPod_404,8,8_coat_dress_wear_peasant,1.0
HPod_405,8,8_coat_dress_wear_peasant,0.23579638
HPod_409,4,4_sunday_saint_day_spring,0.50811183
HPod_410,6,6_crying_scarf_money_daughter,0.46969333
HPod_411,2,2_maiden_marry_old woman_woman,0.667866
HPod_413,1,1_farmer_plowing_sheep_peasant,0.3978392
HPod_415,5,5_shoes_feet_wear_trousers,0.63258684
HPod_416,6,6_crying_scarf_money_daughter,0.56765866
HPod_417,1,1_farmer_plowing_sheep_peasant,0.95199263
HPod_419,1,1_farmer_plowing_sheep_peasant,0.73621565
HPod_421,1,1_farmer_plowing_sheep_peasant,0.48132566
HPod_423,6,6_crying_scarf_money_daughter,1.0
HPod_424,3,3_beer_drink_drank_praise,0.53975123
HPod_426,0,0_beloved_maiden_wreath_song,0.0
HPod_427,5,5_shoes_feet_wear_trousers,0.53729016
HPod_429,4,4_sunday_saint_day_spring,0.43226117
HPod_430,2,2_maiden_marry_old woman_woman,0.54309016
HPod_433,3,3_beer_drink_drank_praise,0.7758494
HPod_434,8,8_coat_dress_wear_peasant,0.49444032
HPod_436,2,2_maiden_marry_old woman_woman,0.41871327
HPod_438,8,8_coat_dress_wear_peasant,0.3297352
HPod_439,5,5_shoes_feet_wear_trousers,0.34913245
HPod_440,3,3_beer_drink_drank_praise,1.0
HPod_442,2,2_maiden_marry_old woman_woman,0.38721573
HPod_444,8,8_coat_dress_wear_peasant,1.0
HPod_445,0,0_beloved_maiden_wreath_song,1.0
HPod_446,0,0_beloved_maiden_wreath_song,0.0
HPod_448,5,5_shoes_feet_wear_trousers,0.37726763
HPod_450,2,2_maiden_marry_old woman_woman,0.3918411
HPod_453,6,6_crying_scarf_money_daughter,0.4398465
HPod_454,0,0_beloved_maiden_wreath_song,0.0
HPod_455,1,1_farmer_plowing_sheep_peasant,0.7509958
HPod_462,5,5_shoes_feet_wear_trousers,0.69845176
HPod_463,4,4_sunday_saint_day_spring,0.7105149
HPod_464,2,2_maiden_marry_old woman_woman,1.0
HPod_465,5,5_shoes_feet_wear_trousers,0.3057839
HPod_466,8,8_coat_dress_wear_peasant,0.6555814
HPod_467,0,0_beloved_maiden_wreath_song,0.0
HPod_469,6,6_crying_scarf_money_daughter,0.57765085
HPod_470,4,4_sunday_saint_day_spring,0.3079338
HPod_471,6,6_crying_scarf_money_daughter,0.29693788
HPod_472,2,2_maiden_marry_old woman_woman,1.0
HPod_475,4,4_sunday_saint_day_spring,0.58441305
HPod_476,0,0_beloved_maiden_wreath_song,0.0
HPod_477,4,4_sunday_saint_day_spring,0.49451673
HPod_478,3,3_beer_drink_drank_praise,0.72153103
HPod_480,6,6_crying_scarf_money_daughter,1.0
HPod_481,3,3_beer_drink_drank_praise,0.48962688
HPod_482,6,6_crying_scarf_money_daughter,0.7888641
HPod_483,4,4_sunday_saint_day_spring,0.23879692
HPod_484,3,3_beer_drink_drank_praise,0.39537698
HPod_485,3,3_beer_drink_drank_praise,0.76296294
HPod_486,2,2_maiden_marry_old woman_woman,0.28855026
HPod_487,1,1_farmer_plowing_sheep_peasant,0.2576339
HPod_488,8,8_coat_dress_wear_peasant,0.44421154
HPod_489,4,4_sunday_saint_day_spring,1.0
HPod_490,8,8_coat_dress_wear_peasant,1.0
HPod_491,8,8_coat_dress_wear_peasant,0.6250213
HPod_493,6,6_crying_scarf_money_daughter,0.33429834
HPod_494,3,3_beer_drink_drank_praise,0.65435255
HPod_497,5,5_shoes_feet_wear_trousers,0.62208796
HPod_498,6,6_crying_scarf_money_daughter,0.34420323
HPod_500,3,3_beer_drink_drank_praise,1.0
HPod_501,0,0_beloved_maiden_wreath_song,0.0
HPod_502,0,0_beloved_maiden_wreath_song,0.0
HPod_506,8,8_coat_dress_wear_peasant,0.3403496
HPod_508,6,6_crying_scarf_money_daughter,0.6427924
HPod_509,6,6_crying_scarf_money_daughter,0.612523
HPod_511,8,8_coat_dress_wear_peasant,0.4083986
HPod_512,7,7_rye_barley_saint_wheat,0.45502973
HPod_514,1,1_farmer_plowing_sheep_peasant,0.30984384
HPod_516,8,8_coat_dress_wear_peasant,0.5313108
HPod_517,6,6_crying_scarf_money_daughter,0.40173784
HPod_518,0,0_beloved_maiden_wreath_song,0.0
HPod_519,1,1_farmer_plowing_sheep_peasant,0.4228827
HPod_523,7,7_rye_barley_saint_wheat,0.74417144
HPod_524,5,5_shoes_feet_wear_trousers,0.40519294
HPod_526,3,3_beer_drink_drank_praise,0.7137094
HPod_527,2,2_maiden_marry_old woman_woman,0.43838897
HPod_528,5,5_shoes_feet_wear_trousers,0.7932537
HPod_529,0,0_beloved_maiden_wreath_song,0.0
HPod_530,1,1_farmer_plowing_sheep_peasant,0.6555421
HPod_532,0,0_beloved_maiden_wreath_song,0.0
HPod_533,6,6_crying_scarf_money_daughter,0.786873
HPod_536,6,6_crying_scarf_money_daughter,0.38408184
HPod_537,1,1_farmer_plowing_sheep_peasant,0.58919114
HPod_538,0,0_beloved_maiden_wreath_song,0.0
HPod_539,6,6_crying_scarf_money_daughter,1.0
HPod_541,3,3_beer_drink_drank_praise,0.7768239
HPod_542,0,0_beloved_maiden_wreath_song,0.53820765
HPod_543,8,8_coat_dress_wear_peasant,0.3533014
HPod_544,8,8_coat_dress_wear_peasant,0.3812092
HPod_545,3,3_beer_drink_drank_praise,0.5244942
HPod_547,4,4_sunday_saint_day_spring,1.0
HPod_548,2,2_maiden_marry_old woman_woman,0.33686414
HPod_550,6,6_crying_scarf_money_daughter,0.50772053
HPod_553,4,4_sunday_saint_day_spring,1.0
HPod_555,2,2_maiden_marry_old woman_woman,0.37307608
HPod_557,3,3_beer_drink_drank_praise,0.29382142
HPod_558,5,5_shoes_feet_wear_trousers,0.56282645
HPod_559,1,1_farmer_plowing_sheep_peasant,0.67130876
HPod_560,3,3_beer_drink_drank_praise,0.7733053
HPod_561,0,0_beloved_maiden_wreath_song,0.0
HPod_562,5,5_shoes_feet_wear_trousers,0.8356172
HPod_563,6,6_crying_scarf_money_daughter,0.36212543
HPod_564,8,8_coat_dress_wear_peasant,1.0
HPod_565,2,2_maiden_marry_old woman_woman,0.6870255
HPod_566,0,0_beloved_maiden_wreath_song,0.34857282
HPod_567,3,3_beer_drink_drank_praise,0.89769614
HPod_569,6,6_crying_scarf_money_daughter,0.50555575
HPod_570,6,6_crying_scarf_money_daughter,0.40551767
HPod_572,3,3_beer_drink_drank_praise,0.33380583
HPod_573,5,5_shoes_feet_wear_trousers,1.0
HPod_575,6,6_crying_scarf_money_daughter,0.48355657
HPod_577,8,8_coat_dress_wear_peasant,0.4739677
HPod_578,2,2_maiden_marry_old woman_woman,0.48523736
HPod_579,6,6_crying_scarf_money_daughter,0.51791704
HPod_581,6,6_crying_scarf_money_daughter,0.7340952
HPod_582,8,8_coat_dress_wear_peasant,0.32431653
HPod_583,8,8_coat_dress_wear_peasant,0.6225208
HPod_584,2,2_maiden_marry_old woman_woman,0.3504696
HPod_586,3,3_beer_drink_drank_praise,0.63103175
HPod_587,5,5_shoes_feet_wear_trousers,1.0
HPod_588,7,7_rye_barley_saint_wheat,0.7655683
HPod_590,8,8_coat_dress_wear_peasant,0.36024693
HPod_591,6,6_crying_scarf_money_daughter,1.0
HPod_592,0,0_beloved_maiden_wreath_song,0.0
HPod_595,6,6_crying_scarf_money_daughter,0.35917103
HPod_596,4,4_sunday_saint_day_spring,0.80909973
HPod_601,4,4_sunday_saint_day_spring,0.47595695
HPod_602,4,4_sunday_saint_day_spring,0.58226377
HPod_604,2,2_maiden_marry_old woman_woman,0.39465424
HPod_605,5,5_shoes_feet_wear_trousers,0.35270938
HPod_606,0,0_beloved_maiden_wreath_song,0.0
HPod_607,0,0_beloved_maiden_wreath_song,0.0
HPod_608,8,8_coat_dress_wear_peasant,1.0
HPod_609,4,4_sunday_saint_day_spring,0.45717588
HPod_613,2,2_maiden_marry_old woman_woman,0.47483513
HPod_615,0,0_beloved_maiden_wreath_song,0.0
HPod_618,3,3_beer_drink_drank_praise,0.4123711
HPod_619,5,5_shoes_feet_wear_trousers,0.40670714
HPod_620,1,1_farmer_plowing_sheep_peasant,0.5243856
HPod_621,8,8_coat_dress_wear_peasant,0.2871602
HPod_622,7,7_rye_barley_saint_wheat,0.29641837
HPod_625,6,6_crying_scarf_money_daughter,0.22859262
HPod_627,0,0_beloved_maiden_wreath_song,0.0
HPod_628,3,3_beer_drink_drank_praise,0.6384099
HPod_631,6,6_crying_scarf_money_daughter,0.4223719
HPod_632,0,0_beloved_maiden_wreath_song,0.0
HPod_635,8,8_coat_dress_wear_peasant,0.4108646
HPod_636,5,5_shoes_feet_wear_trousers,0.37773788
HPod_639,0,0_beloved_maiden_wreath_song,0.0
HPod_640,8,8_coat_dress_wear_peasant,0.3065784
HPod_641,8,8_coat_dress_wear_peasant,0.45297852
HPod_644,8,8_coat_dress_wear_peasant,1.0
HPod_645,4,4_sunday_saint_day_spring,0.51397204
HPod_648,8,8_coat_dress_wear_peasant,0.579542
HPod_649,0,0_beloved_maiden_wreath_song,0.0
HPod_650,3,3_beer_drink_drank_praise,0.5055385
HPod_651,4,4_sunday_saint_day_spring,0.7176133
HPod_653,0,0_beloved_maiden_wreath_song,0.0
HPod_654,5,5_shoes_feet_wear_trousers,0.3731314
HPod_655,6,6_crying_scarf_money_daughter,1.0
HPod_656,3,3_beer_drink_drank_praise,0.76716065
HPod_657,6,6_crying_scarf_money_daughter,1.0
HPod_658,7,7_rye_barley_saint_wheat,0.8088854
HPod_659,5,5_shoes_feet_wear_trousers,0.5124338
HPod_660,6,6_crying_scarf_money_daughter,0.22626708
HPod_661,8,8_coat_dress_wear_peasant,0.8739961
HPod_663,0,0_beloved_maiden_wreath_song,0.0
HPod_664,3,3_beer_drink_drank_praise,0.29381007
HPod_665,2,2_maiden_marry_old woman_woman,0.43684033
HPod_667,7,7_rye_barley_saint_wheat,1.0
HPod_668,2,2_maiden_marry_old woman_woman,0.58842915
HPod_669,0,0_beloved_maiden_wreath_song,0.0
HPod_670,8,8_coat_dress_wear_peasant,0.24240376
HPod_671,6,6_crying_scarf_money_daughter,0.66675264
HPod_673,1,1_farmer_plowing_sheep_peasant,1.0
HPod_674,7,7_rye_barley_saint_wheat,0.36879265
HPod_675,1,1_farmer_plowing_sheep_peasant,0.83937305
HPod_677,4,4_sunday_saint_day_spring,0.62283796
HPod_679,6,6_crying_scarf_money_daughter,0.34738237
HPod_680,7,7_rye_barley_saint_wheat,0.6043091
HPod_681,0,0_beloved_maiden_wreath_song,0.0
HPod_683,3,3_beer_drink_drank_praise,0.41920978
HPod_684,7,7_rye_barley_saint_wheat,0.29326025
HPod_685,6,6_crying_scarf_money_daughter,1.0
HPod_686,3,3_beer_drink_drank_praise,0.7013526
HPod_687,8,8_coat_dress_wear_peasant,1.0
HPod_688,6,6_crying_scarf_money_daughter,0.5473175
HPod_690,6,6_crying_scarf_money_daughter,0.5000701
HPod_691,2,2_maiden_marry_old woman_woman,1.0
HPod_692,2,2_maiden_marry_old woman_woman,0.40927702
HPod_693,8,8_coat_dress_wear_peasant,1.0
HPod_694,2,2_maiden_marry_old woman_woman,0.48500863
HPod_695,8,8_coat_dress_wear_peasant,0.30380502
HPod_696,4,4_sunday_saint_day_spring,0.36469764
HPod_697,0,0_beloved_maiden_wreath_song,0.0
HPod_698,0,0_beloved_maiden_wreath_song,0.0
HPod_700,7,7_rye_barley_saint_wheat,0.6331599
HPra_1,8,8_coat_dress_wear_peasant,0.18643074
HPra_2,8,8_coat_dress_wear_peasant,0.35523063
HPra_4,7,7_rye_barley_saint_wheat,0.4146469
HPra_5,0,0_beloved_maiden_wreath_song,0.39005035
HPra_6,8,8_coat_dress_wear_peasant,1.0
HPra_7,7,7_rye_barley_saint_wheat,0.5651473
HPra_8,3,3_beer_drink_drank_praise,0.49967116
HPra_10,4,4_sunday_saint_day_spring,0.714021
HPra_11,0,0_beloved_maiden_wreath_song,0.2211741
HPra_14,1,1_farmer_plowing_sheep_peasant,0.5702946
HPra_16,8,8_coat_dress_wear_peasant,0.26648384
HPra_17,7,7_rye_barley_saint_wheat,0.2996093
HPra_18,8,8_coat_dress_wear_peasant,0.48694593
HPra_19,3,3_beer_drink_drank_praise,0.34735408
HPra_20,0,0_beloved_maiden_wreath_song,0.0
HPra_23,1,1_farmer_plowing_sheep_peasant,0.5143057
HPra_25,2,2_maiden_marry_old woman_woman,0.48012257
HPra_26,1,1_farmer_plowing_sheep_peasant,0.537421
HPra_27,1,1_farmer_plowing_sheep_peasant,0.29460388
HPra_28,6,6_crying_scarf_money_daughter,0.6186075
HPra_29,4,4_sunday_saint_day_spring,0.36239868
HPra_30,8,8_coat_dress_wear_peasant,0.27014196
HPra_32,8,8_coat_dress_wear_peasant,0.529859
HPra_33,1,1_farmer_plowing_sheep_peasant,0.34724036
HPra_34,6,6_crying_scarf_money_daughter,0.76224136
HPra_35,8,8_coat_dress_wear_peasant,0.8649219
HPra_36,8,8_coat_dress_wear_peasant,0.3745088
HPra_37,2,2_maiden_marry_old woman_woman,0.6046882
HPra_38,1,1_farmer_plowing_sheep_peasant,0.75711113
HPra_39,8,8_coat_dress_wear_peasant,0.44232556
HPra_40,7,7_rye_barley_saint_wheat,0.5503297
HPra_41,4,4_sunday_saint_day_spring,1.0
HPra_42,3,3_beer_drink_drank_praise,0.28938425
HPra_43,8,8_coat_dress_wear_peasant,0.29689065
HPra_44,0,0_beloved_maiden_wreath_song,0.502741
HPra_45,4,4_sunday_saint_day_spring,0.3879898
HPra_46,5,5_shoes_feet_wear_trousers,0.35219073
HPra_47,2,2_maiden_marry_old woman_woman,0.2223645
HPra_48,6,6_crying_scarf_money_daughter,0.8350962
HPra_49,4,4_sunday_saint_day_spring,0.59519213
HPra_50,8,8_coat_dress_wear_peasant,0.7034876
HPra_51,0,0_beloved_maiden_wreath_song,0.7490624
HPra_53,4,4_sunday_saint_day_spring,1.0
HPra_54,7,7_rye_barley_saint_wheat,0.37731603
HPra_55,6,6_crying_scarf_money_daughter,0.72051704
HPra_56,6,6_crying_scarf_money_daughter,0.2521436
HPra_61,2,2_maiden_marry_old woman_woman,0.39578938
HPra_65,8,8_coat_dress_wear_peasant,0.27788854
HPra_67,4,4_sunday_saint_day_spring,0.26078156
HPra_68,1,1_farmer_plowing_sheep_peasant,1.0
HPra_69,4,4_sunday_saint_day_spring,0.3372739
HPra_70,6,6_crying_scarf_money_daughter,1.0
HPra_71,1,1_farmer_plowing_sheep_peasant,0.383488
HPra_72,2,2_maiden_marry_old woman_woman,0.4674987
HPra_73,8,8_coat_dress_wear_peasant,0.45878842
HPra_75,4,4_sunday_saint_day_spring,0.2891613
HPra_76,2,2_maiden_marry_old woman_woman,0.2367387
HPra_77,2,2_maiden_marry_old woman_woman,0.8451816
HPra_78,8,8_coat_dress_wear_peasant,0.6181513
HPra_79,6,6_crying_scarf_money_daughter,1.0
HPra_80,8,8_coat_dress_wear_peasant,0.92283094
HPra_81,0,0_beloved_maiden_wreath_song,0.0
HPra_82,4,4_sunday_saint_day_spring,0.4247841
HPra_83,4,4_sunday_saint_day_spring,0.29424238
HPra_84,8,8_coat_dress_wear_peasant,0.49444517
HPra_85,7,7_rye_barley_saint_wheat,0.29272366
HPra_88,3,3_beer_drink_drank_praise,0.68568796
HPra_89,4,4_sunday_saint_day_spring,0.3084278
HPra_91,2,2_maiden_marry_old woman_woman,0.4574408
HPra_92,7,7_rye_barley_saint_wheat,1.0
HPra_93,4,4_sunday_saint_day_spring,0.58088934
HPra_95,4,4_sunday_saint_day_spring,0.35520393
HPra_96,4,4_sunday_saint_day_spring,0.5531088
HPra_97,8,8_coat_dress_wear_peasant,1.0
HPra_98,4,4_sunday_saint_day_spring,0.49775103
HPra_99,3,3_beer_drink_drank_praise,0.65713054
HPra_100,8,8_coat_dress_wear_peasant,0.44745457
HPra_101,0,0_beloved_maiden_wreath_song,0.0
HPra_103,2,2_maiden_marry_old woman_woman,0.4598947
HPra_104,6,6_crying_scarf_money_daughter,0.23851901
HPra_105,5,5_shoes_feet_wear_trousers,0.27139887
HPra_106,5,5_shoes_feet_wear_trousers,0.40400177
HPra_108,4,4_sunday_saint_day_spring,0.23784985
HPra_109,2,2_maiden_marry_old woman_woman,0.5204549
HPra_110,8,8_coat_dress_wear_peasant,0.3361886
HPra_111,8,8_coat_dress_wear_peasant,0.3593667
HPra_112,0,0_beloved_maiden_wreath_song,0.27705485
HPra_114,1,1_farmer_plowing_sheep_peasant,0.34762377
HPra_115,7,7_rye_barley_saint_wheat,0.60897225
HPra_116,6,6_crying_scarf_money_daughter,1.0
HPra_117,1,1_farmer_plowing_sheep_peasant,0.5169595
HPra_118,3,3_beer_drink_drank_praise,0.32122564
HPra_122,2,2_maiden_marry_old woman_woman,0.25122657
HPra_123,4,4_sunday_saint_day_spring,0.35422996
HPra_124,8,8_coat_dress_wear_peasant,1.0
HPra_125,0,0_beloved_maiden_wreath_song,0.0
HPra_127,1,1_farmer_plowing_sheep_peasant,0.29285774
HPra_128,5,5_shoes_feet_wear_trousers,1.0
HPra_130,4,4_sunday_saint_day_spring,0.6105099
HPra_133,8,8_coat_dress_wear_peasant,0.68553174
HPra_134,1,1_farmer_plowing_sheep_peasant,0.2392508
HPra_135,3,3_beer_drink_drank_praise,0.310855
HPra_138,8,8_coat_dress_wear_peasant,0.42374048
HPra_140,7,7_rye_barley_saint_wheat,0.4082417
HPra_142,8,8_coat_dress_wear_peasant,0.22297813
HPra_143,8,8_coat_dress_wear_peasant,0.2886347
HPra_145,0,0_beloved_maiden_wreath_song,0.3142487
HPra_147,8,8_coat_dress_wear_peasant,0.36284727
HPra_148,7,7_rye_barley_saint_wheat,0.6390243
HPra_149,6,6_crying_scarf_money_daughter,0.7267201
HPra_150,7,7_rye_barley_saint_wheat,0.5110791
HPra_152,4,4_sunday_saint_day_spring,0.28761145
HPra_153,0,0_beloved_maiden_wreath_song,0.0
HPra_154,0,0_beloved_maiden_wreath_song,0.0
HPra_156,3,3_beer_drink_drank_praise,0.562343
HPra_157,8,8_coat_dress_wear_peasant,0.46123695
HPra_158,6,6_crying_scarf_money_daughter,0.20879866
HPra_159,4,4_sunday_saint_day_spring,0.39784825
HPra_160,6,6_crying_scarf_money_daughter,1.0
HPra_161,8,8_coat_dress_wear_peasant,0.42483336
HPra_162,6,6_crying_scarf_money_daughter,0.52954584
HPra_163,0,0_beloved_maiden_wreath_song,0.0
HPra_164,6,6_crying_scarf_money_daughter,0.43988818
HPra_165,4,4_sunday_saint_day_spring,0.714021
HPra_166,8,8_coat_dress_wear_peasant,1.0
HPra_167,0,0_beloved_maiden_wreath_song,0.0
HPra_168,8,8_coat_dress_wear_peasant,0.38155404
HPra_171,6,6_crying_scarf_money_daughter,1.0
HPra_172,0,0_beloved_maiden_wreath_song,1.0
HPra_173,0,0_beloved_maiden_wreath_song,0.0
HPra_174,8,8_coat_dress_wear_peasant,1.0
HPra_176,8,8_coat_dress_wear_peasant,1.0
HPra_177,3,3_beer_drink_drank_praise,0.55872244
HPra_178,8,8_coat_dress_wear_peasant,0.37500548
HPra_179,8,8_coat_dress_wear_peasant,0.44226006
HPra_180,8,8_coat_dress_wear_peasant,0.5242663
HPra_181,1,1_farmer_plowing_sheep_peasant,0.73683906
HPra_182,0,0_beloved_maiden_wreath_song,0.0
HPra_183,3,3_beer_drink_drank_praise,0.50619036
HPra_184,5,5_shoes_feet_wear_trousers,0.3806262
HPra_185,2,2_maiden_marry_old woman_woman,0.5296366
HPra_186,2,2_maiden_marry_old woman_woman,0.50244665
HPra_188,4,4_sunday_saint_day_spring,0.53279334
HPra_189,7,7_rye_barley_saint_wheat,0.38468418
HPra_191,8,8_coat_dress_wear_peasant,0.7164247
HPra_192,6,6_crying_scarf_money_daughter,0.74020576
HPra_193,2,2_maiden_marry_old woman_woman,0.34676284
HPra_195,4,4_sunday_saint_day_spring,0.43226117
HPra_196,7,7_rye_barley_saint_wheat,0.35124752
HPra_197,6,6_crying_scarf_money_daughter,0.5176575
HPra_198,0,0_beloved_maiden_wreath_song,0.0
HPra_200,0,0_beloved_maiden_wreath_song,0.0
HPra_201,8,8_coat_dress_wear_peasant,0.857803
HPra_202,0,0_beloved_maiden_wreath_song,0.7552582
HPra_203,8,8_coat_dress_wear_peasant,0.9367745
HPra_205,7,7_rye_barley_saint_wheat,0.6897189
HPra_206,1,1_farmer_plowing_sheep_peasant,0.39975822
HPra_209,4,4_sunday_saint_day_spring,1.0
HPra_210,8,8_coat_dress_wear_peasant,1.0
HPra_211,5,5_shoes_feet_wear_trousers,1.0
HPra_212,7,7_rye_barley_saint_wheat,0.37043348
HPra_213,1,1_farmer_plowing_sheep_peasant,0.6567308
HPra_214,0,0_beloved_maiden_wreath_song,0.0
HPra_219,0,0_beloved_maiden_wreath_song,0.0
HPra_220,6,6_crying_scarf_money_daughter,0.41258207
HPra_222,2,2_maiden_marry_old woman_woman,1.0
HPra_223,6,6_crying_scarf_money_daughter,1.0
HPra_224,2,2_maiden_marry_old woman_woman,0.3598845
HPra_225,5,5_shoes_feet_wear_trousers,0.4545355
HPra_226,6,6_crying_scarf_money_daughter,0.9190552
HPra_227,7,7_rye_barley_saint_wheat,0.45102262
HPra_228,3,3_beer_drink_drank_praise,1.0
HPra_232,5,5_shoes_feet_wear_trousers,0.39087683
HPra_235,6,6_crying_scarf_money_daughter,0.5000345
HPra_236,3,3_beer_drink_drank_praise,0.87920487
HPra_237,6,6_crying_scarf_money_daughter,1.0
HPra_238,3,3_beer_drink_drank_praise,0.45050088
HPra_240,4,4_sunday_saint_day_spring,0.714021
HPra_241,6,6_crying_scarf_money_daughter,1.0
HPra_242,5,5_shoes_feet_wear_trousers,0.61155784
HPra_243,3,3_beer_drink_drank_praise,0.48988247
HPra_244,3,3_beer_drink_drank_praise,1.0
HPra_245,8,8_coat_dress_wear_peasant,0.645357
HPra_247,1,1_farmer_plowing_sheep_peasant,1.0
HPra_248,8,8_coat_dress_wear_peasant,0.6643028
HPra_249,4,4_sunday_saint_day_spring,1.0
HPra_251,8,8_coat_dress_wear_peasant,0.30671495
HPra_253,0,0_beloved_maiden_wreath_song,0.0
HPra_254,2,2_maiden_marry_old woman_woman,0.25161007
HPra_255,3,3_beer_drink_drank_praise,0.5954284
HPra_257,4,4_sunday_saint_day_spring,0.714021
HPra_258,6,6_crying_scarf_money_daughter,0.56350905
HPra_259,3,3_beer_drink_drank_praise,0.6478756
HPra_262,6,6_crying_scarf_money_daughter,0.5548664
HPra_263,1,1_farmer_plowing_sheep_peasant,0.30984384
HPra_264,8,8_coat_dress_wear_peasant,0.6986657
HPra_266,8,8_coat_dress_wear_peasant,0.455965
HPra_267,7,7_rye_barley_saint_wheat,0.51265526
HPra_268,4,4_sunday_saint_day_spring,1.0
HPra_270,0,0_beloved_maiden_wreath_song,0.0
HPra_271,0,0_beloved_maiden_wreath_song,0.0
HPra_272,5,5_shoes_feet_wear_trousers,0.53910387
HPra_273,3,3_beer_drink_drank_praise,0.7705626
HPra_274,0,0_beloved_maiden_wreath_song,0.0
HPra_275,3,3_beer_drink_drank_praise,0.55866766
HPra_276,6,6_crying_scarf_money_daughter,0.8243824
HPra_279,0,0_beloved_maiden_wreath_song,0.0
HPra_280,0,0_beloved_maiden_wreath_song,0.36039916
HPra_281,6,6_crying_scarf_money_daughter,0.35378265
HPra_282,1,1_farmer_plowing_sheep_peasant,0.5368604
HPra_284,5,5_shoes_feet_wear_trousers,0.5196547
HPra_286,2,2_maiden_marry_old woman_woman,1.0
HPra_287,8,8_coat_dress_wear_peasant,1.0
HPra_288,3,3_beer_drink_drank_praise,0.245182
HPra_289,8,8_coat_dress_wear_peasant,0.5256122
HPra_290,3,3_beer_drink_drank_praise,0.524798
HPra_291,8,8_coat_dress_wear_peasant,0.50367314
HPra_292,3,3_beer_drink_drank_praise,1.0
HPra_294,0,0_beloved_maiden_wreath_song,0.51420707
HPra_295,6,6_crying_scarf_money_daughter,0.37557426
HPra_296,8,8_coat_dress_wear_peasant,0.38748676
HPra_298,0,0_beloved_maiden_wreath_song,0.0
HPra_299,3,3_beer_drink_drank_praise,0.39379656
HPra_301,5,5_shoes_feet_wear_trousers,0.29859218
HPra_303,3,3_beer_drink_drank_praise,0.6952153
HPra_304,6,6_crying_scarf_money_daughter,0.5440696
HPra_305,1,1_farmer_plowing_sheep_peasant,0.7714581
HPra_306,7,7_rye_barley_saint_wheat,0.39178035
HPra_307,6,6_crying_scarf_money_daughter,0.41146
HPra_311,8,8_coat_dress_wear_peasant,1.0
HPra_312,3,3_beer_drink_drank_praise,0.6296636
HPra_316,4,4_sunday_saint_day_spring,0.3039479
HPra_320,4,4_sunday_saint_day_spring,0.714021
HPra_321,8,8_coat_dress_wear_peasant,0.8367909
HPra_322,8,8_coat_dress_wear_peasant,1.0
HPra_323,8,8_coat_dress_wear_peasant,1.0
HPra_324,7,7_rye_barley_saint_wheat,0.31104735
HPra_325,0,0_beloved_maiden_wreath_song,0.4063862
HPra_326,7,7_rye_barley_saint_wheat,0.7231902
HPra_327,1,1_farmer_plowing_sheep_peasant,0.55589634
HPra_328,2,2_maiden_marry_old woman_woman,0.4268069
HPra_329,2,2_maiden_marry_old woman_woman,0.37354785
HPra_330,1,1_farmer_plowing_sheep_peasant,0.7146993
HPra_331,8,8_coat_dress_wear_peasant,0.56438833
HPra_332,4,4_sunday_saint_day_spring,0.26673058
HPra_333,3,3_beer_drink_drank_praise,1.0
HPra_336,1,1_farmer_plowing_sheep_peasant,0.5923935
HPra_338,6,6_crying_scarf_money_daughter,0.46993372
HPra_339,8,8_coat_dress_wear_peasant,0.30284214
HPra_340,7,7_rye_barley_saint_wheat,0.25300193
HPra_341,0,0_beloved_maiden_wreath_song,0.0
HPra_342,7,7_rye_barley_saint_wheat,0.42059016
HPra_343,5,5_shoes_feet_wear_trousers,0.3603267
HPra_344,5,5_shoes_feet_wear_trousers,0.35003257
HPra_347,2,2_maiden_marry_old woman_woman,1.0
HPra_348,1,1_farmer_plowing_sheep_peasant,0.7027823
HPra_350,5,5_shoes_feet_wear_trousers,0.6236315
HPra_355,0,0_beloved_maiden_wreath_song,0.0
HPra_356,5,5_shoes_feet_wear_trousers,0.5906745
HPra_357,5,5_shoes_feet_wear_trousers,1.0
HPra_359,1,1_farmer_plowing_sheep_peasant,0.5102366
HPra_360,1,1_farmer_plowing_sheep_peasant,0.5682419
HPra_361,6,6_crying_scarf_money_daughter,0.76931614
HPra_362,8,8_coat_dress_wear_peasant,0.45228335
HPra_363,7,7_rye_barley_saint_wheat,1.0
HPra_365,0,0_beloved_maiden_wreath_song,0.0
HPra_366,6,6_crying_scarf_money_daughter,0.7204622
HPra_367,0,0_beloved_maiden_wreath_song,0.0
HPra_368,6,6_crying_scarf_money_daughter,0.4107609
HPra_369,0,0_beloved_maiden_wreath_song,0.0
HPra_370,5,5_shoes_feet_wear_trousers,1.0
HPra_372,1,1_farmer_plowing_sheep_peasant,1.0
HPra_373,6,6_crying_scarf_money_daughter,0.3620172
HPra_374,7,7_rye_barley_saint_wheat,1.0
HPra_375,0,0_beloved_maiden_wreath_song,0.0
HPra_376,0,0_beloved_maiden_wreath_song,0.0
HPra_377,7,7_rye_barley_saint_wheat,0.39881936
HPra_379,2,2_maiden_marry_old woman_woman,0.45390332
HPra_380,8,8_coat_dress_wear_peasant,1.0
HPra_381,2,2_maiden_marry_old woman_woman,0.54309016
HPra_382,0,0_beloved_maiden_wreath_song,0.0
HPra_384,3,3_beer_drink_drank_praise,0.5326786
HPra_385,0,0_beloved_maiden_wreath_song,0.3573678
HPra_386,0,0_beloved_maiden_wreath_song,0.30311498
HPra_388,5,5_shoes_feet_wear_trousers,0.3940752
HPra_389,7,7_rye_barley_saint_wheat,0.3166772
HPra_390,7,7_rye_barley_saint_wheat,0.34431058
HPra_392,8,8_coat_dress_wear_peasant,0.22476357
HPra_393,7,7_rye_barley_saint_wheat,0.38656363
HPra_394,4,4_sunday_saint_day_spring,0.29974654
HPra_395,5,5_shoes_feet_wear_trousers,0.57834786
HPra_398,4,4_sunday_saint_day_spring,0.5437883
HPra_399,4,4_sunday_saint_day_spring,0.32345498
HPra_400,8,8_coat_dress_wear_peasant,0.64752376
HPra_402,3,3_beer_drink_drank_praise,1.0
HPra_403,0,0_beloved_maiden_wreath_song,0.6820676
HPra_404,4,4_sunday_saint_day_spring,0.38875583
HPra_405,0,0_beloved_maiden_wreath_song,0.0
HPra_406,8,8_coat_dress_wear_peasant,0.79087573
HPra_408,3,3_beer_drink_drank_praise,0.4008701
HPra_409,7,7_rye_barley_saint_wheat,0.61883706
HPra_410,1,1_farmer_plowing_sheep_peasant,1.0
HPra_411,3,3_beer_drink_drank_praise,0.2370649
HPra_412,6,6_crying_scarf_money_daughter,0.45059738
HPra_413,8,8_coat_dress_wear_peasant,0.28392187
HPra_414,7,7_rye_barley_saint_wheat,0.36132506
HPra_415,1,1_farmer_plowing_sheep_peasant,0.75670695
HPra_416,7,7_rye_barley_saint_wheat,0.29062518
HPra_417,0,0_beloved_maiden_wreath_song,0.0
HPra_418,8,8_coat_dress_wear_peasant,0.40229067
HPra_419,7,7_rye_barley_saint_wheat,0.4227308
HPra_420,8,8_coat_dress_wear_peasant,0.4866502
HPra_421,4,4_sunday_saint_day_spring,0.45055863
HPra_422,2,2_maiden_marry_old woman_woman,0.41983527
HPra_423,5,5_shoes_feet_wear_trousers,0.33190718
HPra_424,6,6_crying_scarf_money_daughter,0.5227882
HPra_425,0,0_beloved_maiden_wreath_song,1.0
HPra_426,5,5_shoes_feet_wear_trousers,0.49434766
HPra_427,8,8_coat_dress_wear_peasant,0.4178442
HPra_428,2,2_maiden_marry_old woman_woman,0.57910144
HPra_429,8,8_coat_dress_wear_peasant,0.35367522
HPra_430,8,8_coat_dress_wear_peasant,0.6197484
HPra_431,2,2_maiden_marry_old woman_woman,0.34343085
HPra_432,8,8_coat_dress_wear_peasant,0.3692049
HPra_433,3,3_beer_drink_drank_praise,0.34647352
HPra_434,8,8_coat_dress_wear_peasant,0.35527506
HPra_435,6,6_crying_scarf_money_daughter,0.226065
HPra_437,0,0_beloved_maiden_wreath_song,0.0
HPra_441,1,1_farmer_plowing_sheep_peasant,0.31218332
HPra_443,6,6_crying_scarf_money_daughter,0.27866682
HPra_444,7,7_rye_barley_saint_wheat,0.30516934
HPra_445,4,4_sunday_saint_day_spring,0.66217947
HPra_448,0,0_beloved_maiden_wreath_song,0.21082386
HPra_449,0,0_beloved_maiden_wreath_song,0.0
HPra_450,6,6_crying_scarf_money_daughter,0.4552722
HPra_451,7,7_rye_barley_saint_wheat,0.283064
HPra_453,7,7_rye_barley_saint_wheat,1.0
HPra_454,4,4_sunday_saint_day_spring,0.27830505
HPra_455,1,1_farmer_plowing_sheep_peasant,0.51468384
HPra_456,8,8_coat_dress_wear_peasant,0.34624597
HPra_458,4,4_sunday_saint_day_spring,0.34198117
HPra_460,0,0_beloved_maiden_wreath_song,0.7552582
HPra_461,6,6_crying_scarf_money_daughter,0.43851575
HPra_462,6,6_crying_scarf_money_daughter,0.32740775
HPra_463,0,0_beloved_maiden_wreath_song,0.0
HPra_465,5,5_shoes_feet_wear_trousers,0.32673663
HPra_467,8,8_coat_dress_wear_peasant,1.0
HPra_468,2,2_maiden_marry_old woman_woman,0.37736028
HPra_469,5,5_shoes_feet_wear_trousers,0.48808482
HPra_471,6,6_crying_scarf_money_daughter,0.8152188
HPra_479,8,8_coat_dress_wear_peasant,0.6655075
HPra_482,0,0_beloved_maiden_wreath_song,0.0
HPra_483,7,7_rye_barley_saint_wheat,0.58096206
HPra_484,0,0_beloved_maiden_wreath_song,0.0
HPra_485,0,0_beloved_maiden_wreath_song,0.5080401
HPra_486,6,6_crying_scarf_money_daughter,1.0
HPra_488,0,0_beloved_maiden_wreath_song,0.0
HPra_560,6,6_crying_scarf_money_daughter,0.2659975
HPra_564,4,4_sunday_saint_day_spring,0.31941497
HPra_566,4,4_sunday_saint_day_spring,0.44927835
HPra_567,3,3_beer_drink_drank_praise,0.38699424
HPra_568,8,8_coat_dress_wear_peasant,0.48808548
HPra_569,4,4_sunday_saint_day_spring,1.0
HPra_570,6,6_crying_scarf_money_daughter,0.24936709
HPra_571,8,8_coat_dress_wear_peasant,0.5234892
HPra_572,8,8_coat_dress_wear_peasant,0.6111928
HPra_573,1,1_farmer_plowing_sheep_peasant,0.29789993
HPra_576,7,7_rye_barley_saint_wheat,0.5414249
HPra_577,0,0_beloved_maiden_wreath_song,0.0
HPra_578,4,4_sunday_saint_day_spring,0.26588714
HPra_579,6,6_crying_scarf_money_daughter,0.32837176
HPra_580,6,6_crying_scarf_money_daughter,0.3439855
HPra_581,8,8_coat_dress_wear_peasant,0.3233389
HPra_582,7,7_rye_barley_saint_wheat,0.5680275
HPra_583,4,4_sunday_saint_day_spring,0.34201536
HPra_586,1,1_farmer_plowing_sheep_peasant,0.50603896
HPra_588,0,0_beloved_maiden_wreath_song,0.0
HPra_589,8,8_coat_dress_wear_peasant,0.49244615
HPra_591,4,4_sunday_saint_day_spring,0.42029753
HPra_592,4,4_sunday_saint_day_spring,0.39920166
HPra_593,8,8_coat_dress_wear_peasant,0.64478636
HPra_596,7,7_rye_barley_saint_wheat,0.2038439
HPra_597,6,6_crying_scarf_money_daughter,0.51849085
HPra_598,4,4_sunday_saint_day_spring,0.5092216
HPra_601,1,1_farmer_plowing_sheep_peasant,0.35557818
HPra_602,7,7_rye_barley_saint_wheat,0.43909153
HPra_603,1,1_farmer_plowing_sheep_peasant,1.0
HPra_605,4,4_sunday_saint_day_spring,0.42011738
HPra_606,4,4_sunday_saint_day_spring,0.41262782
HPra_608,2,2_maiden_marry_old woman_woman,0.3486365
HPra_609,4,4_sunday_saint_day_spring,0.4560493
HPra_610,3,3_beer_drink_drank_praise,0.6426904
HPra_611,4,4_sunday_saint_day_spring,0.4472909
HPra_612,7,7_rye_barley_saint_wheat,0.7981179
HPra_613,4,4_sunday_saint_day_spring,0.4320008
HPra_614,4,4_sunday_saint_day_spring,0.35450932
HPra_616,2,2_maiden_marry_old woman_woman,0.42804718
HPra_617,3,3_beer_drink_drank_praise,1.0
HPra_618,0,0_beloved_maiden_wreath_song,0.0
HPra_619,6,6_crying_scarf_money_daughter,0.4558211
HPra_620,4,4_sunday_saint_day_spring,0.2657745
HPra_622,2,2_maiden_marry_old woman_woman,0.43762332
HPra_624,0,0_beloved_maiden_wreath_song,0.54781395
HPra_625,6,6_crying_scarf_money_daughter,0.5015429
HPra_626,4,4_sunday_saint_day_spring,0.38468277
HPra_627,0,0_beloved_maiden_wreath_song,0.0
HPra_628,0,0_beloved_maiden_wreath_song,0.33394754
HPra_629,8,8_coat_dress_wear_peasant,0.18689153
HPra_630,0,0_beloved_maiden_wreath_song,0.3535044
HPra_631,0,0_beloved_maiden_wreath_song,0.32301542
HPra_633,6,6_crying_scarf_money_daughter,0.49550977
HPra_634,6,6_crying_scarf_money_daughter,0.36849156
HPra_635,0,0_beloved_maiden_wreath_song,0.49481553
HPra_636,0,0_beloved_maiden_wreath_song,0.27617157
Erb_1,4,4_sunday_saint_day_spring,1.0
Erb_2,7,7_rye_barley_saint_wheat,0.8325317
Erb_3,0,0_beloved_maiden_wreath_song,1.0
Erb_4,0,0_beloved_maiden_wreath_song,0.24149418
Erb_5,4,4_sunday_saint_day_spring,1.0
Erb_6,6,6_crying_scarf_money_daughter,0.32441485
Erb_8,1,1_farmer_plowing_sheep_peasant,0.3806515
Erb_10,6,6_crying_scarf_money_daughter,0.5473175
Erb_11,4,4_sunday_saint_day_spring,0.4343419
Erb_12,6,6_crying_scarf_money_daughter,0.5451808
Erb_13,6,6_crying_scarf_money_daughter,0.67585856
Erb_14,6,6_crying_scarf_money_daughter,0.39659375
Erb_15,0,0_beloved_maiden_wreath_song,0.0
Erb_16,4,4_sunday_saint_day_spring,0.32192624
Erb_17,4,4_sunday_saint_day_spring,0.36259934
Erb_19,0,0_beloved_maiden_wreath_song,0.0
Erb_21,6,6_crying_scarf_money_daughter,0.3153992
Erb_22,6,6_crying_scarf_money_daughter,0.37800187
Erb_23,6,6_crying_scarf_money_daughter,0.54636127
Erb_24,6,6_crying_scarf_money_daughter,1.0
Erb_25,8,8_coat_dress_wear_peasant,0.48937398
Erb_26,7,7_rye_barley_saint_wheat,0.46824703
Erb_27,3,3_beer_drink_drank_praise,0.3788137
Erb_28,4,4_sunday_saint_day_spring,0.796403
Erb_29,4,4_sunday_saint_day_spring,0.39008796
Erb_30,8,8_coat_dress_wear_peasant,0.35427752
Erb_31,0,0_beloved_maiden_wreath_song,0.0
Erb_32,4,4_sunday_saint_day_spring,0.41870412
Erb_34,4,4_sunday_saint_day_spring,0.26281017
Erb_35,0,0_beloved_maiden_wreath_song,0.0
Erb_36,6,6_crying_scarf_money_daughter,1.0
Erb_37,4,4_sunday_saint_day_spring,1.0
Erb_66,1,1_farmer_plowing_sheep_peasant,0.3351283
Erb_67,0,0_beloved_maiden_wreath_song,0.0
Erb_68,3,3_beer_drink_drank_praise,1.0
Erb_69,2,2_maiden_marry_old woman_woman,0.5555737
Erb_70,6,6_crying_scarf_money_daughter,0.4347351
Erb_71,0,0_beloved_maiden_wreath_song,0.0
Erb_72,0,0_beloved_maiden_wreath_song,0.0
Erb_73,8,8_coat_dress_wear_peasant,1.0
Erb_74,0,0_beloved_maiden_wreath_song,0.0
Erb_75,8,8_coat_dress_wear_peasant,1.0
Erb_77,4,4_sunday_saint_day_spring,0.54660606
Erb_78,6,6_crying_scarf_money_daughter,0.8811748
Erb_79,0,0_beloved_maiden_wreath_song,0.0
Erb_80,0,0_beloved_maiden_wreath_song,0.0
Erb_81,4,4_sunday_saint_day_spring,1.0
Erb_82,5,5_shoes_feet_wear_trousers,0.47028157
Erb_83,1,1_farmer_plowing_sheep_peasant,0.8092512
Erb_84,8,8_coat_dress_wear_peasant,0.45103237
Erb_85,8,8_coat_dress_wear_peasant,0.48671785
Erb_86,7,7_rye_barley_saint_wheat,0.4363548
Erb_87,7,7_rye_barley_saint_wheat,0.29100445
Erb_88,0,0_beloved_maiden_wreath_song,0.30359805
Erb_89,6,6_crying_scarf_money_daughter,0.31344965
Erb_90,6,6_crying_scarf_money_daughter,1.0
Erb_91,0,0_beloved_maiden_wreath_song,0.470298
Erb_92,8,8_coat_dress_wear_peasant,0.30537793
Erb_93,8,8_coat_dress_wear_peasant,0.44100565
Erb_94,6,6_crying_scarf_money_daughter,0.5598286
Erb_95,4,4_sunday_saint_day_spring,0.55307925
Erb_96,7,7_rye_barley_saint_wheat,0.38471144
Erb_97,6,6_crying_scarf_money_daughter,0.704214
Erb_98,2,2_maiden_marry_old woman_woman,0.39768952
Erb_99,4,4_sunday_saint_day_spring,0.40573868
Erb_100,5,5_shoes_feet_wear_trousers,0.49878988
Erb_101,5,5_shoes_feet_wear_trousers,0.50581646
Erb_103,2,2_maiden_marry_old woman_woman,0.36094278
Erb_104,5,5_shoes_feet_wear_trousers,0.51442647
Erb_108,5,5_shoes_feet_wear_trousers,0.44414964
Erb_109,4,4_sunday_saint_day_spring,0.33661687
Erb_112,4,4_sunday_saint_day_spring,0.35026237
Erb_113,8,8_coat_dress_wear_peasant,0.5512533
Erb_114,8,8_coat_dress_wear_peasant,0.30539814
Erb_115,8,8_coat_dress_wear_peasant,0.5619749
Erb_116,4,4_sunday_saint_day_spring,0.58259064
Erb_117,4,4_sunday_saint_day_spring,1.0
Erb_118,0,0_beloved_maiden_wreath_song,0.0
Erb_119,4,4_sunday_saint_day_spring,0.27568454
Erb_120,0,0_beloved_maiden_wreath_song,0.0
Erb_121,0,0_beloved_maiden_wreath_song,0.0
Erb_122,8,8_coat_dress_wear_peasant,1.0
Erb_123,8,8_coat_dress_wear_peasant,1.0
Erb_124,0,0_beloved_maiden_wreath_song,0.0
Erb_125,3,3_beer_drink_drank_praise,0.46524504
Erb_127,4,4_sunday_saint_day_spring,0.30905777
Erb_129,4,4_sunday_saint_day_spring,0.47741938
Erb_130,4,4_sunday_saint_day_spring,0.41489336
Erb_131,8,8_coat_dress_wear_peasant,0.29961854
Erb_133,8,8_coat_dress_wear_peasant,0.50632405
Erb_134,4,4_sunday_saint_day_spring,0.40706098
Erb_135,6,6_crying_scarf_money_daughter,0.24479665
Erb_136,2,2_maiden_marry_old woman_woman,0.21278444
Erb_137,4,4_sunday_saint_day_spring,0.21391377
Erb_138,4,4_sunday_saint_day_spring,0.5272765
Erb_139,4,4_sunday_saint_day_spring,0.2395685
Erb_140,8,8_coat_dress_wear_peasant,0.5874219
Erb_141,7,7_rye_barley_saint_wheat,0.36438626
Erb_142,4,4_sunday_saint_day_spring,0.48613414
Erb_143,5,5_shoes_feet_wear_trousers,0.4246365
Erb_144,4,4_sunday_saint_day_spring,0.63647515
Erb_146,1,1_farmer_plowing_sheep_peasant,0.35321522
Erb_147,8,8_coat_dress_wear_peasant,0.38575348
Erb_148,4,4_sunday_saint_day_spring,0.23855475
Erb_150,4,4_sunday_saint_day_spring,0.55261785
Erb_151,4,4_sunday_saint_day_spring,0.44378623
Erb_152,4,4_sunday_saint_day_spring,0.52361506
Erb_153,4,4_sunday_saint_day_spring,0.4388459
Erb_154,4,4_sunday_saint_day_spring,0.714021
Erb_155,3,3_beer_drink_drank_praise,1.0
Erb_156,4,4_sunday_saint_day_spring,0.49756142
Erb_157,4,4_sunday_saint_day_spring,0.50912756
Erb_159,0,0_beloved_maiden_wreath_song,0.0
Erb_160,0,0_beloved_maiden_wreath_song,0.0
Erb_161,3,3_beer_drink_drank_praise,1.0
Erb_162,4,4_sunday_saint_day_spring,0.58788574
Erb_163,4,4_sunday_saint_day_spring,0.3230032
Erb_164,5,5_shoes_feet_wear_trousers,0.35318878
Erb_165,5,5_shoes_feet_wear_trousers,0.3749186
Erb_166,0,0_beloved_maiden_wreath_song,0.0
Erb_168,6,6_crying_scarf_money_daughter,1.0
Erb_169,0,0_beloved_maiden_wreath_song,0.0
Erb_170,6,6_crying_scarf_money_daughter,0.83793443
Erb_171,3,3_beer_drink_drank_praise,1.0
Erb_172,8,8_coat_dress_wear_peasant,1.0
Erb_173,5,5_shoes_feet_wear_trousers,1.0
Erb_174,6,6_crying_scarf_money_daughter,0.3341171
Erb_175,3,3_beer_drink_drank_praise,1.0
Erb_176,6,6_crying_scarf_money_daughter,0.5585472
Erb_177,0,0_beloved_maiden_wreath_song,0.0
Erb_178,7,7_rye_barley_saint_wheat,0.33416215
Erb_179,4,4_sunday_saint_day_spring,1.0
Erb_180,0,0_beloved_maiden_wreath_song,0.0
Erb_181,3,3_beer_drink_drank_praise,0.44366598
Erb_183,8,8_coat_dress_wear_peasant,0.7565809
Erb_184,0,0_beloved_maiden_wreath_song,0.26252663
Erb_185,8,8_coat_dress_wear_peasant,0.772287
Erb_186,8,8_coat_dress_wear_peasant,0.5844463
Erb_187,5,5_shoes_feet_wear_trousers,0.3244957
Erb_189,5,5_shoes_feet_wear_trousers,0.46967855
Erb_190,2,2_maiden_marry_old woman_woman,1.0
Erb_191,5,5_shoes_feet_wear_trousers,0.4119856
Erb_192,8,8_coat_dress_wear_peasant,0.95956486
Erb_193,6,6_crying_scarf_money_daughter,0.49436164
Erb_197,4,4_sunday_saint_day_spring,0.33801353
Erb_198,1,1_farmer_plowing_sheep_peasant,0.34805518
Erb_199,8,8_coat_dress_wear_peasant,0.26300156
Erb_200,4,4_sunday_saint_day_spring,0.36894545
Erb_201,3,3_beer_drink_drank_praise,0.28487697
Erb_202,2,2_maiden_marry_old woman_woman,0.5642841
Erb_203,7,7_rye_barley_saint_wheat,0.39235947
Erb_205,8,8_coat_dress_wear_peasant,0.2803566
Erb_209,8,8_coat_dress_wear_peasant,0.3526878
Erb_210,2,2_maiden_marry_old woman_woman,0.76028204
Erb_211,1,1_farmer_plowing_sheep_peasant,0.297223
Erb_213,7,7_rye_barley_saint_wheat,0.7201155
Erb_214,7,7_rye_barley_saint_wheat,0.64670295
Erb_215,7,7_rye_barley_saint_wheat,0.32107022
Erb_217,8,8_coat_dress_wear_peasant,0.38913763
Erb_218,4,4_sunday_saint_day_spring,0.65233487
Erb_219,0,0_beloved_maiden_wreath_song,0.0
Erb_220,6,6_crying_scarf_money_daughter,0.3266295
Erb_221,4,4_sunday_saint_day_spring,0.39354473
Erb_222,4,4_sunday_saint_day_spring,0.5334178
Erb_223,4,4_sunday_saint_day_spring,0.60696906
Erb_224,8,8_coat_dress_wear_peasant,0.34209278
Erb_225,6,6_crying_scarf_money_daughter,0.5606435
Erb_227,4,4_sunday_saint_day_spring,0.714021
Erb_228,4,4_sunday_saint_day_spring,0.35755607
Erb_229,4,4_sunday_saint_day_spring,0.59251654
Erb_230,4,4_sunday_saint_day_spring,0.729009
Erb_232,5,5_shoes_feet_wear_trousers,0.32327113
Erb_234,1,1_farmer_plowing_sheep_peasant,0.61778903
Erb_235,1,1_farmer_plowing_sheep_peasant,0.36080536
Erb_236,8,8_coat_dress_wear_peasant,0.49582043
Erb_237,4,4_sunday_saint_day_spring,0.3710877
Erb_238,1,1_farmer_plowing_sheep_peasant,0.24235985
Erb_239,3,3_beer_drink_drank_praise,0.47880587
Erb_240,1,1_farmer_plowing_sheep_peasant,0.39484537
Erb_241,0,0_beloved_maiden_wreath_song,0.0
Erb_242,7,7_rye_barley_saint_wheat,0.43611363
Erb_243,8,8_coat_dress_wear_peasant,0.38676828
Erb_244,2,2_maiden_marry_old woman_woman,0.25374871
Erb_245,1,1_farmer_plowing_sheep_peasant,0.22810909
Erb_247,8,8_coat_dress_wear_peasant,1.0
Erb_248,7,7_rye_barley_saint_wheat,1.0
Erb_249,8,8_coat_dress_wear_peasant,0.3914919
Erb_250,1,1_farmer_plowing_sheep_peasant,0.37199643
Erb_251,1,1_farmer_plowing_sheep_peasant,0.37199643
Erb_252,3,3_beer_drink_drank_praise,0.4853607
Erb_253,1,1_farmer_plowing_sheep_peasant,0.34085834
Erb_254,2,2_maiden_marry_old woman_woman,0.26148862
Erb_255,8,8_coat_dress_wear_peasant,1.0
Erb_256,8,8_coat_dress_wear_peasant,0.4987345
Erb_257,1,1_farmer_plowing_sheep_peasant,0.38420218
Erb_258,3,3_beer_drink_drank_praise,0.46323445
Erb_259,2,2_maiden_marry_old woman_woman,0.6198823
Erb_260,8,8_coat_dress_wear_peasant,0.25749916
Erb_262,1,1_farmer_plowing_sheep_peasant,0.34947118
Erb_263,8,8_coat_dress_wear_peasant,0.29386705
Erb_264,0,0_beloved_maiden_wreath_song,0.0
Erb_265,5,5_shoes_feet_wear_trousers,0.30709136
Erb_266,6,6_crying_scarf_money_daughter,0.86981326
Erb_267,6,6_crying_scarf_money_daughter,1.0
Erb_269,7,7_rye_barley_saint_wheat,0.3621783
Erb_270,6,6_crying_scarf_money_daughter,0.45170495
Erb_271,4,4_sunday_saint_day_spring,0.398675
Erb_272,0,0_beloved_maiden_wreath_song,0.0
Erb_273,0,0_beloved_maiden_wreath_song,0.50831366
Erb_274,4,4_sunday_saint_day_spring,0.2967731
Erb_275,6,6_crying_scarf_money_daughter,0.3717613
Erb_276,0,0_beloved_maiden_wreath_song,0.7343238
Erb_277,4,4_sunday_saint_day_spring,0.75437313
Erb_278,5,5_shoes_feet_wear_trousers,0.43839508
Erb_279,4,4_sunday_saint_day_spring,0.46915504
Erb_280,4,4_sunday_saint_day_spring,0.75412214
Erb_282,4,4_sunday_saint_day_spring,0.53567773
Erb_283,1,1_farmer_plowing_sheep_peasant,0.22375333
Erb_287,4,4_sunday_saint_day_spring,0.7017271
Erb_288,4,4_sunday_saint_day_spring,1.0
Erb_289,4,4_sunday_saint_day_spring,0.5328033
Erb_290,6,6_crying_scarf_money_daughter,1.0
Erb_291,0,0_beloved_maiden_wreath_song,0.0
Erb_292,2,2_maiden_marry_old woman_woman,0.27520064
Erb_293,2,2_maiden_marry_old woman_woman,1.0
Erb_294,4,4_sunday_saint_day_spring,0.4782464
Erb_295,3,3_beer_drink_drank_praise,0.28643575
Erb_296,2,2_maiden_marry_old woman_woman,0.51943034
Erb_297,8,8_coat_dress_wear_peasant,0.34562886
Erb_298,2,2_maiden_marry_old woman_woman,0.4875575
Erb_299,4,4_sunday_saint_day_spring,0.714021
Erb_300,7,7_rye_barley_saint_wheat,1.0
Erb_301,0,0_beloved_maiden_wreath_song,0.0
Erb_302,4,4_sunday_saint_day_spring,0.54019356
Erb_303,8,8_coat_dress_wear_peasant,0.73229104
Erb_307,4,4_sunday_saint_day_spring,0.37502787
Erb_308,6,6_crying_scarf_money_daughter,0.58904374
Erb_309,3,3_beer_drink_drank_praise,0.54198325
Erb_310,7,7_rye_barley_saint_wheat,0.60127693
Erb_311,7,7_rye_barley_saint_wheat,0.80642307
Erb_312,6,6_crying_scarf_money_daughter,0.39861482
Erb_313,5,5_shoes_feet_wear_trousers,0.23705423
Erb_314,6,6_crying_scarf_money_daughter,0.5816542
Erb_315,8,8_coat_dress_wear_peasant,0.33517313
Erb_316,6,6_crying_scarf_money_daughter,0.68718064
Erb_317,3,3_beer_drink_drank_praise,0.3333453
Erb_318,7,7_rye_barley_saint_wheat,0.34625834
Erb_319,4,4_sunday_saint_day_spring,0.6363234
Erb_320,7,7_rye_barley_saint_wheat,0.4950098
Erb_321,4,4_sunday_saint_day_spring,0.3858131
Erb_322,6,6_crying_scarf_money_daughter,0.2524587
Erb_323,6,6_crying_scarf_money_daughter,0.50079083
Erb_324,0,0_beloved_maiden_wreath_song,0.7737716
Erb_325,0,0_beloved_maiden_wreath_song,0.0
Erb_326,1,1_farmer_plowing_sheep_peasant,1.0
Erb_327,4,4_sunday_saint_day_spring,0.5101206
Erb_332,7,7_rye_barley_saint_wheat,0.64227384
Erb_333,6,6_crying_scarf_money_daughter,0.67013854
Erb_334,8,8_coat_dress_wear_peasant,0.52772623
Erb_335,5,5_shoes_feet_wear_trousers,1.0
Erb_336,4,4_sunday_saint_day_spring,0.7642635
Erb_337,7,7_rye_barley_saint_wheat,1.0
Erb_338,0,0_beloved_maiden_wreath_song,0.0
Erb_339,2,2_maiden_marry_old woman_woman,1.0
Erb_340,0,0_beloved_maiden_wreath_song,0.0
Erb_341,6,6_crying_scarf_money_daughter,1.0
Erb_342,7,7_rye_barley_saint_wheat,1.0
Erb_343,4,4_sunday_saint_day_spring,0.6532773
Erb_344,8,8_coat_dress_wear_peasant,0.3782332
Erb_345,1,1_farmer_plowing_sheep_peasant,0.46633515
Erb_346,0,0_beloved_maiden_wreath_song,0.0
Erb_347,4,4_sunday_saint_day_spring,1.0
Erb_348,4,4_sunday_saint_day_spring,1.0
Erb_349,4,4_sunday_saint_day_spring,0.58346045
Erb_350,7,7_rye_barley_saint_wheat,0.5031049
Erb_351,7,7_rye_barley_saint_wheat,0.5031049
Erb_352,4,4_sunday_saint_day_spring,0.6940008
Erb_353,5,5_shoes_feet_wear_trousers,0.58868873
Erb_354,4,4_sunday_saint_day_spring,0.51728576
Erb_355,7,7_rye_barley_saint_wheat,0.66663903
Erb_356,7,7_rye_barley_saint_wheat,0.7540621
Erb_357,7,7_rye_barley_saint_wheat,0.46907488
Erb_359,4,4_sunday_saint_day_spring,0.6994199
Erb_360,4,4_sunday_saint_day_spring,0.76606846
Erb_361,4,4_sunday_saint_day_spring,0.72407097
Erb_362,7,7_rye_barley_saint_wheat,1.0
Erb_363,7,7_rye_barley_saint_wheat,0.70652896
Erb_364,4,4_sunday_saint_day_spring,1.0
Erb_365,7,7_rye_barley_saint_wheat,0.66224116
Erb_367,4,4_sunday_saint_day_spring,0.8367959
Erb_368,8,8_coat_dress_wear_peasant,0.4264678
Erb_369,6,6_crying_scarf_money_daughter,0.27007285
Erb_370,5,5_shoes_feet_wear_trousers,0.35426912
Erb_371,6,6_crying_scarf_money_daughter,0.6022777
Erb_372,0,0_beloved_maiden_wreath_song,0.3129985
Erb_373,6,6_crying_scarf_money_daughter,0.5404675
Erb_374,1,1_farmer_plowing_sheep_peasant,0.47072312
Erb_375,4,4_sunday_saint_day_spring,0.4095196
Erb_376,2,2_maiden_marry_old woman_woman,0.3467011
Erb_377,4,4_sunday_saint_day_spring,0.33251464
Erb_379,7,7_rye_barley_saint_wheat,0.5031049
Erb_380,7,7_rye_barley_saint_wheat,0.7455887
Erb_381,0,0_beloved_maiden_wreath_song,0.0
Erb_382,4,4_sunday_saint_day_spring,0.9136052
Erb_383,0,0_beloved_maiden_wreath_song,0.0
Erb_384,7,7_rye_barley_saint_wheat,0.5031049
Erb_385,7,7_rye_barley_saint_wheat,0.6930232
Erb_386,0,0_beloved_maiden_wreath_song,0.0
Erb_387,4,4_sunday_saint_day_spring,0.63338625
Erb_388,1,1_farmer_plowing_sheep_peasant,0.43181154
Erb_389,4,4_sunday_saint_day_spring,0.44477692
Erb_390,5,5_shoes_feet_wear_trousers,0.36756825
Erb_391,6,6_crying_scarf_money_daughter,1.0
Erb_392,7,7_rye_barley_saint_wheat,0.38771647
Erb_393,8,8_coat_dress_wear_peasant,0.4088991
Erb_394,6,6_crying_scarf_money_daughter,0.36955422
Erb_395,3,3_beer_drink_drank_praise,1.0
Erb_397,0,0_beloved_maiden_wreath_song,0.0
Erb_399,0,0_beloved_maiden_wreath_song,0.0
Erb_400,6,6_crying_scarf_money_daughter,1.0
Erb_401,1,1_farmer_plowing_sheep_peasant,0.470609
Erb_402,8,8_coat_dress_wear_peasant,0.40855798
Erb_403,3,3_beer_drink_drank_praise,0.43850917
Erb_404,4,4_sunday_saint_day_spring,0.60504025
Erb_405,7,7_rye_barley_saint_wheat,0.5031049
Erb_406,4,4_sunday_saint_day_spring,0.6540996
Erb_407,4,4_sunday_saint_day_spring,0.7981758
Erb_408,8,8_coat_dress_wear_peasant,0.4988048
Erb_409,7,7_rye_barley_saint_wheat,0.49631122
Erb_410,0,0_beloved_maiden_wreath_song,0.0
Erb_411,4,4_sunday_saint_day_spring,0.5049622
Erb_412,7,7_rye_barley_saint_wheat,1.0
Erb_413,3,3_beer_drink_drank_praise,0.39800823
Erb_415,6,6_crying_scarf_money_daughter,0.6402199
Erb_416,1,1_farmer_plowing_sheep_peasant,0.63778985
Erb_417,1,1_farmer_plowing_sheep_peasant,0.5469098
Erb_418,1,1_farmer_plowing_sheep_peasant,0.7299913
Erb_419,1,1_farmer_plowing_sheep_peasant,0.27994904
Erb_420,6,6_crying_scarf_money_daughter,0.37506273
Erb_424,4,4_sunday_saint_day_spring,1.0
Erb_425,4,4_sunday_saint_day_spring,0.8527954
Erb_426,4,4_sunday_saint_day_spring,0.8001375
Erb_427,4,4_sunday_saint_day_spring,0.46888167
Erb_428,7,7_rye_barley_saint_wheat,1.0
Erb_429,4,4_sunday_saint_day_spring,0.60514176
Erb_430,4,4_sunday_saint_day_spring,0.5719412
Erb_433,8,8_coat_dress_wear_peasant,0.29360858
Erb_434,3,3_beer_drink_drank_praise,0.5037373
Erb_435,1,1_farmer_plowing_sheep_peasant,0.39583528
Erb_436,5,5_shoes_feet_wear_trousers,0.337183
Erb_437,6,6_crying_scarf_money_daughter,0.54301614
Erb_438,3,3_beer_drink_drank_praise,1.0
Erb_439,2,2_maiden_marry_old woman_woman,0.39942628
Erb_440,7,7_rye_barley_saint_wheat,0.44498855
Erb_441,4,4_sunday_saint_day_spring,0.63933516
Erb_442,7,7_rye_barley_saint_wheat,0.66528386
Erb_443,0,0_beloved_maiden_wreath_song,1.0
Erb_444,4,4_sunday_saint_day_spring,0.39325044
Erb_445,0,0_beloved_maiden_wreath_song,0.0
Erb_446,7,7_rye_barley_saint_wheat,0.3840216
Erb_447,4,4_sunday_saint_day_spring,0.55143654
Erb_448,4,4_sunday_saint_day_spring,0.714021
Erb_449,4,4_sunday_saint_day_spring,0.7092292
Erb_450,4,4_sunday_saint_day_spring,0.9071878
Erb_451,4,4_sunday_saint_day_spring,0.71314704
Erb_452,4,4_sunday_saint_day_spring,0.714021
Erb_453,7,7_rye_barley_saint_wheat,0.40940687
Erb_454,7,7_rye_barley_saint_wheat,0.5031049
Erb_455,4,4_sunday_saint_day_spring,0.7361441
Erb_456,4,4_sunday_saint_day_spring,0.5813941
Erb_457,4,4_sunday_saint_day_spring,1.0
Erb_458,4,4_sunday_saint_day_spring,0.49574125
Erb_459,6,6_crying_scarf_money_daughter,0.32196695
Erb_460,4,4_sunday_saint_day_spring,0.61633766
Erb_461,6,6_crying_scarf_money_daughter,0.26580134
Erb_462,6,6_crying_scarf_money_daughter,0.28570884
Erb_463,4,4_sunday_saint_day_spring,0.47823915
Erb_464,6,6_crying_scarf_money_daughter,0.48535734
Erb_465,6,6_crying_scarf_money_daughter,0.75172025
Erb_466,6,6_crying_scarf_money_daughter,0.32151884
Erb_467,2,2_maiden_marry_old woman_woman,0.49970296
Erb_469,8,8_coat_dress_wear_peasant,0.26910183
Erb_470,3,3_beer_drink_drank_praise,0.36273548
Erb_471,0,0_beloved_maiden_wreath_song,0.0
Erb_472,4,4_sunday_saint_day_spring,0.546887
Erb_473,6,6_crying_scarf_money_daughter,1.0
Erb_475,5,5_shoes_feet_wear_trousers,0.68877107
Erb_477,6,6_crying_scarf_money_daughter,0.6450739
Erb_478,2,2_maiden_marry_old woman_woman,0.3156655
Erb_480,1,1_farmer_plowing_sheep_peasant,0.4065127
Erb_481,0,0_beloved_maiden_wreath_song,0.0
Erb_482,0,0_beloved_maiden_wreath_song,0.0
Erb_483,1,1_farmer_plowing_sheep_peasant,1.0
Erb_484,0,0_beloved_maiden_wreath_song,0.490364
Erb_486,0,0_beloved_maiden_wreath_song,0.0
Erb_487,8,8_coat_dress_wear_peasant,0.4257752
Erb_491,3,3_beer_drink_drank_praise,0.36772645
Erb_492,2,2_maiden_marry_old woman_woman,0.597404
Erb_494,2,2_maiden_marry_old woman_woman,0.41634342
Erb_496,8,8_coat_dress_wear_peasant,0.37620458
Erb_499,6,6_crying_scarf_money_daughter,0.34702718
Erb_501,0,0_beloved_maiden_wreath_song,1.0
Erb_502,0,0_beloved_maiden_wreath_song,0.0
Erb_503,6,6_crying_scarf_money_daughter,0.44619825
Erb_505,4,4_sunday_saint_day_spring,0.552877
Erb_507,6,6_crying_scarf_money_daughter,0.32508978
Erb_508,2,2_maiden_marry_old woman_woman,0.31027713
Erb_510,1,1_farmer_plowing_sheep_peasant,0.2616066
Erb_511,3,3_beer_drink_drank_praise,0.4760452
Erb_512,0,0_beloved_maiden_wreath_song,0.0
Erb_513,8,8_coat_dress_wear_peasant,0.8283164
Erb_515,3,3_beer_drink_drank_praise,0.69648117
Erb_516,5,5_shoes_feet_wear_trousers,0.6853994
Erb_517,3,3_beer_drink_drank_praise,0.23290677
Erb_519,8,8_coat_dress_wear_peasant,0.4353133
Erb_521,1,1_farmer_plowing_sheep_peasant,0.5738203
Erb_522,0,0_beloved_maiden_wreath_song,0.0
Erb_523,1,1_farmer_plowing_sheep_peasant,0.39277554
Erb_524,3,3_beer_drink_drank_praise,1.0
Erb_525,3,3_beer_drink_drank_praise,0.8063014
Erb_526,4,4_sunday_saint_day_spring,0.5048576
Erb_527,8,8_coat_dress_wear_peasant,0.44110692
Erb_529,4,4_sunday_saint_day_spring,1.0
Erb_532,0,0_beloved_maiden_wreath_song,0.46259242
Erb_533,6,6_crying_scarf_money_daughter,0.54188603
Erb_535,2,2_maiden_marry_old woman_woman,0.39014965
Erb_537,8,8_coat_dress_wear_peasant,0.31890923
Erb_538,0,0_beloved_maiden_wreath_song,0.0
Erb_540,2,2_maiden_marry_old woman_woman,0.8315498
Erb_541,2,2_maiden_marry_old woman_woman,0.5975135
Erb_543,0,0_beloved_maiden_wreath_song,1.0
Erb_544,4,4_sunday_saint_day_spring,0.42622498
Erb_546,4,4_sunday_saint_day_spring,0.38111416
Erb_547,1,1_farmer_plowing_sheep_peasant,0.41739568
Erb_549,3,3_beer_drink_drank_praise,0.5729263
Erb_550,5,5_shoes_feet_wear_trousers,0.268853
Erb_553,4,4_sunday_saint_day_spring,0.4945487
Erb_555,0,0_beloved_maiden_wreath_song,0.3745304
Erb_557,2,2_maiden_marry_old woman_woman,1.0
Erb_559,6,6_crying_scarf_money_daughter,0.65206254
Erb_560,7,7_rye_barley_saint_wheat,1.0
Erb_561,3,3_beer_drink_drank_praise,0.438942
Erb_562,3,3_beer_drink_drank_praise,0.45218593
Erb_563,8,8_coat_dress_wear_peasant,0.7405309
Erb_564,8,8_coat_dress_wear_peasant,0.7020445
Erb_565,4,4_sunday_saint_day_spring,0.55488586
Erb_566,7,7_rye_barley_saint_wheat,0.28238088
Erb_567,0,0_beloved_maiden_wreath_song,0.0
Erb_568,0,0_beloved_maiden_wreath_song,0.0
Erb_569,6,6_crying_scarf_money_daughter,0.60585904
Erb_571,6,6_crying_scarf_money_daughter,0.41378745
Erb_573,8,8_coat_dress_wear_peasant,0.6774422
Erb_574,4,4_sunday_saint_day_spring,0.8511681
Erb_576,7,7_rye_barley_saint_wheat,0.22479421
Erb_579,3,3_beer_drink_drank_praise,0.3963733
Erb_581,4,4_sunday_saint_day_spring,0.34489614
Erb_584,2,2_maiden_marry_old woman_woman,1.0
Erb_585,1,1_farmer_plowing_sheep_peasant,0.35764632
Erb_586,2,2_maiden_marry_old woman_woman,0.3562436
Erb_588,8,8_coat_dress_wear_peasant,1.0
Erb_590,6,6_crying_scarf_money_daughter,0.50263757
Erb_591,6,6_crying_scarf_money_daughter,0.41488692
Erb_592,8,8_coat_dress_wear_peasant,0.8693396
Erb_595,7,7_rye_barley_saint_wheat,0.6859386
Erb_596,7,7_rye_barley_saint_wheat,0.7979606
Erb_597,0,0_beloved_maiden_wreath_song,0.0
Erb_598,8,8_coat_dress_wear_peasant,0.3012258
Erb_599,7,7_rye_barley_saint_wheat,0.5078351
Erb_600,0,0_beloved_maiden_wreath_song,0.37036753
Erb_601,8,8_coat_dress_wear_peasant,0.3926703
Erb_603,6,6_crying_scarf_money_daughter,0.56964195
Erb_604,8,8_coat_dress_wear_peasant,0.5187414
Erb_605,4,4_sunday_saint_day_spring,0.4144361
Erb_608,1,1_farmer_plowing_sheep_peasant,0.6026129
Erb_609,8,8_coat_dress_wear_peasant,1.0
Erb_610,6,6_crying_scarf_money_daughter,0.2347561
Erb_612,6,6_crying_scarf_money_daughter,0.1930744
Erb_613,7,7_rye_barley_saint_wheat,0.22439483
Erb_614,7,7_rye_barley_saint_wheat,0.23100346
Erb_616,2,2_maiden_marry_old woman_woman,0.39839047
Erb_617,7,7_rye_barley_saint_wheat,0.38022137
Erb_618,8,8_coat_dress_wear_peasant,0.68768823
Erb_619,5,5_shoes_feet_wear_trousers,0.2959867
Erb_621,6,6_crying_scarf_money_daughter,0.3794371
Erb_622,8,8_coat_dress_wear_peasant,0.43993145
Erb_623,6,6_crying_scarf_money_daughter,1.0
Erb_624,2,2_maiden_marry_old woman_woman,0.29743272
Erb_626,0,0_beloved_maiden_wreath_song,0.0
Erb_627,1,1_farmer_plowing_sheep_peasant,1.0
Erb_628,4,4_sunday_saint_day_spring,0.47273263
Erb_633,0,0_beloved_maiden_wreath_song,0.0
Erb_634,8,8_coat_dress_wear_peasant,0.2970359
Erb_635,1,1_farmer_plowing_sheep_peasant,0.37984267
Erb_637,0,0_beloved_maiden_wreath_song,0.0
Erb_638,3,3_beer_drink_drank_praise,0.68925434
Erb_640,4,4_sunday_saint_day_spring,1.0
Erb_641,1,1_farmer_plowing_sheep_peasant,0.45522025
Erb_643,0,0_beloved_maiden_wreath_song,0.3568579
Erb_644,7,7_rye_barley_saint_wheat,0.4268253
Erb_645,8,8_coat_dress_wear_peasant,1.0
Erb_646,2,2_maiden_marry_old woman_woman,0.70040715
Erb_648,6,6_crying_scarf_money_daughter,0.35189295
Erb_649,3,3_beer_drink_drank_praise,0.416587
Erb_651,8,8_coat_dress_wear_peasant,0.66142774
Erb_653,2,2_maiden_marry_old woman_woman,0.4488442
Erb_655,6,6_crying_scarf_money_daughter,0.32401845
Erb_661,0,0_beloved_maiden_wreath_song,0.32466272
Erb_663,7,7_rye_barley_saint_wheat,0.46844265
Erb_664,4,4_sunday_saint_day_spring,0.4489953
Erb_666,8,8_coat_dress_wear_peasant,0.4345587
Erb_667,2,2_maiden_marry_old woman_woman,1.0
Erb_668,5,5_shoes_feet_wear_trousers,1.0
Erb_669,8,8_coat_dress_wear_peasant,0.7535265
Erb_670,5,5_shoes_feet_wear_trousers,0.48536992
Erb_672,0,0_beloved_maiden_wreath_song,0.0
Erb_673,8,8_coat_dress_wear_peasant,0.5180357
Erb_674,5,5_shoes_feet_wear_trousers,1.0
Erb_676,4,4_sunday_saint_day_spring,0.41553235
Erb_678,0,0_beloved_maiden_wreath_song,0.0
Erb_679,4,4_sunday_saint_day_spring,0.5327203
Erb_680,7,7_rye_barley_saint_wheat,0.4964036
Erb_681,3,3_beer_drink_drank_praise,0.545514
Erb_682,7,7_rye_barley_saint_wheat,1.0
Erb_683,1,1_farmer_plowing_sheep_peasant,0.31098396
Erb_684,7,7_rye_barley_saint_wheat,0.32472485
Erb_685,3,3_beer_drink_drank_praise,1.0
Erb_688,6,6_crying_scarf_money_daughter,0.5123587
Erb_689,6,6_crying_scarf_money_daughter,0.5210506
Erb_690,5,5_shoes_feet_wear_trousers,0.37975308
Erb_692,1,1_farmer_plowing_sheep_peasant,0.31048056
Erb_695,3,3_beer_drink_drank_praise,0.6060201
Erb_697,4,4_sunday_saint_day_spring,0.42464033
Erb_698,8,8_coat_dress_wear_peasant,0.36806476
Erb_699,6,6_crying_scarf_money_daughter,0.6690939
Erb_700,0,0_beloved_maiden_wreath_song,1.0
Erb_703,8,8_coat_dress_wear_peasant,0.6158521
Erb_706,0,0_beloved_maiden_wreath_song,1.0
Erb_707,2,2_maiden_marry_old woman_woman,0.40588027
Erb_709,8,8_coat_dress_wear_peasant,1.0
Erb_710,2,2_maiden_marry_old woman_woman,0.22562498
Erb_711,2,2_maiden_marry_old woman_woman,0.4985494
Erb_713,6,6_crying_scarf_money_daughter,1.0
Erb_715,4,4_sunday_saint_day_spring,0.5129376
Erb_716,8,8_coat_dress_wear_peasant,0.3193441
Erb_717,6,6_crying_scarf_money_daughter,0.3458786
Erb_719,2,2_maiden_marry_old woman_woman,0.42549786
Erb_720,7,7_rye_barley_saint_wheat,0.34183034
Erb_722,4,4_sunday_saint_day_spring,1.0
Erb_723,2,2_maiden_marry_old woman_woman,0.41634342
Erb_724,8,8_coat_dress_wear_peasant,0.6644664
Erb_726,0,0_beloved_maiden_wreath_song,0.5714266
Erb_727,8,8_coat_dress_wear_peasant,1.0
Erb_728,4,4_sunday_saint_day_spring,0.4519478
Erb_729,4,4_sunday_saint_day_spring,0.38362527
Erb_730,0,0_beloved_maiden_wreath_song,0.5242143
Erb_731,1,1_farmer_plowing_sheep_peasant,0.72594965
Erb_732,2,2_maiden_marry_old woman_woman,0.38922906
Erb_733,8,8_coat_dress_wear_peasant,0.4726252
Erb_734,1,1_farmer_plowing_sheep_peasant,0.7121445
Erb_735,8,8_coat_dress_wear_peasant,0.569493
Erb_736,2,2_maiden_marry_old woman_woman,0.20334171
Erb_737,6,6_crying_scarf_money_daughter,0.40306148
Erb_739,8,8_coat_dress_wear_peasant,1.0
Erb_740,2,2_maiden_marry_old woman_woman,0.3926214
Erb_741,8,8_coat_dress_wear_peasant,0.6491959
Erb_745,0,0_beloved_maiden_wreath_song,0.38270044
Erb_746,6,6_crying_scarf_money_daughter,0.48452842
Erb_747,3,3_beer_drink_drank_praise,0.556048
Erb_748,1,1_farmer_plowing_sheep_peasant,1.0
Erb_751,5,5_shoes_feet_wear_trousers,0.6461833
Erb_753,0,0_beloved_maiden_wreath_song,0.0
Erb_754,8,8_coat_dress_wear_peasant,0.2506009
Erb_755,2,2_maiden_marry_old woman_woman,0.42802387
Erb_756,2,2_maiden_marry_old woman_woman,0.6684898
Erb_757,0,0_beloved_maiden_wreath_song,0.8076763
Erb_759,0,0_beloved_maiden_wreath_song,0.0
Erb_761,0,0_beloved_maiden_wreath_song,0.0
Erb_762,8,8_coat_dress_wear_peasant,1.0
Erb_766,0,0_beloved_maiden_wreath_song,0.0
Erb_768,1,1_farmer_plowing_sheep_peasant,1.0
Erb_769,6,6_crying_scarf_money_daughter,0.36796775
Erb_770,0,0_beloved_maiden_wreath_song,0.0
Erb_772,0,0_beloved_maiden_wreath_song,1.0
Erb_774,8,8_coat_dress_wear_peasant,0.42752713
Erb_776,6,6_crying_scarf_money_daughter,0.82917917
Erb_777,6,6_crying_scarf_money_daughter,0.49906266
Erb_778,8,8_coat_dress_wear_peasant,1.0
Erb_779,0,0_beloved_maiden_wreath_song,0.0
Erb_782,3,3_beer_drink_drank_praise,0.5588527
Erb_783,7,7_rye_barley_saint_wheat,0.2681041
Erb_785,8,8_coat_dress_wear_peasant,0.47133318
Erb_786,0,0_beloved_maiden_wreath_song,0.0
Erb_787,7,7_rye_barley_saint_wheat,0.2965125
Erb_789,2,2_maiden_marry_old woman_woman,0.36907566
Erb_790,4,4_sunday_saint_day_spring,0.7552574
Erb_791,3,3_beer_drink_drank_praise,1.0
Erb_792,7,7_rye_barley_saint_wheat,0.44609803
Erb_793,0,0_beloved_maiden_wreath_song,0.8156272
Erb_795,8,8_coat_dress_wear_peasant,0.4258545
Erb_796,0,0_beloved_maiden_wreath_song,0.5512439
Erb_797,4,4_sunday_saint_day_spring,0.4014219
Erb_799,0,0_beloved_maiden_wreath_song,1.0
Erb_800,1,1_farmer_plowing_sheep_peasant,0.72978556
Erb_801,1,1_farmer_plowing_sheep_peasant,0.3312967
Erb_804,8,8_coat_dress_wear_peasant,0.9363228
Erb_808,1,1_farmer_plowing_sheep_peasant,0.50435483
Erb_809,2,2_maiden_marry_old woman_woman,0.3398464
Erb_810,8,8_coat_dress_wear_peasant,0.4401674
Erb_812,2,2_maiden_marry_old woman_woman,0.84394246
Erb_813,5,5_shoes_feet_wear_trousers,0.2624131
Erb_816,2,2_maiden_marry_old woman_woman,0.22596957
Erb_821,6,6_crying_scarf_money_daughter,0.38045076
Erb_824,7,7_rye_barley_saint_wheat,0.3768521
Erb_826,8,8_coat_dress_wear_peasant,0.18901299
Erb_834,7,7_rye_barley_saint_wheat,0.28489497
Erb_835,8,8_coat_dress_wear_peasant,1.0
Erb_837,1,1_farmer_plowing_sheep_peasant,0.84627193
Erb_838,8,8_coat_dress_wear_peasant,1.0
Erb_840,0,0_beloved_maiden_wreath_song,0.34206334
Erb_843,2,2_maiden_marry_old woman_woman,1.0
Erb_844,4,4_sunday_saint_day_spring,0.4043888
Erb_847,1,1_farmer_plowing_sheep_peasant,0.44358197
Erb_849,0,0_beloved_maiden_wreath_song,0.29923624
Erb_851,8,8_coat_dress_wear_peasant,0.5698679
Erb_855,8,8_coat_dress_wear_peasant,0.3408275
Erb_856,0,0_beloved_maiden_wreath_song,0.59175247
Erb_860,8,8_coat_dress_wear_peasant,0.4023126
Erb_862,0,0_beloved_maiden_wreath_song,0.3441072
Erb_864,0,0_beloved_maiden_wreath_song,0.0
Erb_866,5,5_shoes_feet_wear_trousers,0.38833407
Erb_870,0,0_beloved_maiden_wreath_song,1.0
Erb_872,8,8_coat_dress_wear_peasant,0.5589914
Erb_876,6,6_crying_scarf_money_daughter,0.29430395
Erb_879,3,3_beer_drink_drank_praise,0.21288683
Erb_880,1,1_farmer_plowing_sheep_peasant,0.26018208
Erb_882,6,6_crying_scarf_money_daughter,0.4462228
Erb_884,0,0_beloved_maiden_wreath_song,1.0
Erb_885,6,6_crying_scarf_money_daughter,1.0
Erb_886,0,0_beloved_maiden_wreath_song,0.0
Erb_888,4,4_sunday_saint_day_spring,1.0
Erb_889,1,1_farmer_plowing_sheep_peasant,0.43532777
Erb_890,8,8_coat_dress_wear_peasant,1.0
Erb_894,8,8_coat_dress_wear_peasant,0.7005418
Erb_899,2,2_maiden_marry_old woman_woman,0.5373488
Erb_901,6,6_crying_scarf_money_daughter,0.3097549
Erb_903,7,7_rye_barley_saint_wheat,0.6020157
Erb_907,8,8_coat_dress_wear_peasant,0.30295163
Erb_910,7,7_rye_barley_saint_wheat,0.2614952
Erb_911,0,0_beloved_maiden_wreath_song,0.0
Erb_913,6,6_crying_scarf_money_daughter,0.499678
Erb_914,2,2_maiden_marry_old woman_woman,0.5118868
Erb_917,2,2_maiden_marry_old woman_woman,0.58700895
Erb_919,8,8_coat_dress_wear_peasant,0.38171628
Erb_920,4,4_sunday_saint_day_spring,0.5129778
Erb_922,4,4_sunday_saint_day_spring,0.4356618
Erb_924,4,4_sunday_saint_day_spring,0.46361798
Erb_925,3,3_beer_drink_drank_praise,0.54830027
Erb_927,8,8_coat_dress_wear_peasant,0.32955194
Erb_929,4,4_sunday_saint_day_spring,0.32224384
Erb_931,0,0_beloved_maiden_wreath_song,0.0
Erb_932,2,2_maiden_marry_old woman_woman,0.28180355
Erb_934,4,4_sunday_saint_day_spring,0.33556035
Erb_936,6,6_crying_scarf_money_daughter,0.414193
Erb_937,1,1_farmer_plowing_sheep_peasant,0.6764809
Erb_941,7,7_rye_barley_saint_wheat,0.24134152
Erb_943,2,2_maiden_marry_old woman_woman,0.36621776
Erb_944,6,6_crying_scarf_money_daughter,0.3407304
Erb_946,2,2_maiden_marry_old woman_woman,0.37061644
Erb_949,5,5_shoes_feet_wear_trousers,1.0
Erb_950,2,2_maiden_marry_old woman_woman,0.3857733
Erb_953,8,8_coat_dress_wear_peasant,0.29338896
Erb_954,7,7_rye_barley_saint_wheat,0.24696875
Erb_955,2,2_maiden_marry_old woman_woman,0.38871062
Erb_959,4,4_sunday_saint_day_spring,0.5178534
Erb_960,8,8_coat_dress_wear_peasant,0.33117566
Erb_963,2,2_maiden_marry_old woman_woman,0.35412005
Erb_967,5,5_shoes_feet_wear_trousers,0.23926072
Erb_971,8,8_coat_dress_wear_peasant,0.22794272
Erb_974,2,2_maiden_marry_old woman_woman,0.51048297
Erb_975,7,7_rye_barley_saint_wheat,0.7482422
Erb_980,4,4_sunday_saint_day_spring,0.49833438
Erb_981,2,2_maiden_marry_old woman_woman,0.2740376
Erb_986,5,5_shoes_feet_wear_trousers,0.62539196
Erb_988,5,5_shoes_feet_wear_trousers,0.30908754
Erb_995,7,7_rye_barley_saint_wheat,0.40622526
Erb_996,2,2_maiden_marry_old woman_woman,0.2784458
Erb_1001,2,2_maiden_marry_old woman_woman,0.49469578
Erb_1004,1,1_farmer_plowing_sheep_peasant,0.3141256
Erb_1007,5,5_shoes_feet_wear_trousers,0.51664597
Erb_1008,1,1_farmer_plowing_sheep_peasant,0.3413782
Erb_1013,6,6_crying_scarf_money_daughter,0.34859383
Erb_1017,2,2_maiden_marry_old woman_woman,0.43042916
Erb_1019,2,2_maiden_marry_old woman_woman,0.35304058
Erb_1023,2,2_maiden_marry_old woman_woman,0.2213796
Erb_1025,1,1_farmer_plowing_sheep_peasant,0.38253632
Erb_1027,7,7_rye_barley_saint_wheat,0.54958063
Erb_1028,8,8_coat_dress_wear_peasant,0.33127877
Erb_1033,0,0_beloved_maiden_wreath_song,0.30048397
Erb_1037,7,7_rye_barley_saint_wheat,0.31527758
Erb_1040,2,2_maiden_marry_old woman_woman,0.31143054
Erb_1043,8,8_coat_dress_wear_peasant,0.5430433
Erb_1044,6,6_crying_scarf_money_daughter,0.21042989
Erb_1046,5,5_shoes_feet_wear_trousers,0.29238164
Erb_1048,2,2_maiden_marry_old woman_woman,0.375993
Erb_1049,5,5_shoes_feet_wear_trousers,0.5009896
Erb_1051,2,2_maiden_marry_old woman_woman,0.5480285
Erb_1053,2,2_maiden_marry_old woman_woman,0.29667148
Erb_1058,0,0_beloved_maiden_wreath_song,0.3144164
Erb_1059,8,8_coat_dress_wear_peasant,0.5174744
Erb_1061,5,5_shoes_feet_wear_trousers,1.0
Erb_1062,8,8_coat_dress_wear_peasant,0.50856596
Erb_1064,2,2_maiden_marry_old woman_woman,0.37087104
Erb_1065,0,0_beloved_maiden_wreath_song,0.32891017
Erb_1072,5,5_shoes_feet_wear_trousers,1.0
Erb_1074,0,0_beloved_maiden_wreath_song,0.0
Erb_1076,2,2_maiden_marry_old woman_woman,0.46556062
Erb_1083,0,0_beloved_maiden_wreath_song,0.0
Erb_1084,4,4_sunday_saint_day_spring,0.7339114
Erb_1085,7,7_rye_barley_saint_wheat,0.2543671
Erb_1088,0,0_beloved_maiden_wreath_song,0.5770848
Erb_1089,2,2_maiden_marry_old woman_woman,0.3406099
Erb_1092,3,3_beer_drink_drank_praise,0.3337658
Erb_1097,2,2_maiden_marry_old woman_woman,0.34760526
Erb_1100,1,1_farmer_plowing_sheep_peasant,0.39117295
Erb_1101,2,2_maiden_marry_old woman_woman,0.2725026
Erb_1104,2,2_maiden_marry_old woman_woman,0.37703964
Erb_1110,2,2_maiden_marry_old woman_woman,0.42502022
Erb_1112,6,6_crying_scarf_money_daughter,0.4285468
Erb_1113,8,8_coat_dress_wear_peasant,0.45817858
Erb_1115,4,4_sunday_saint_day_spring,0.33899662
Erb_1116,3,3_beer_drink_drank_praise,0.23640719
Erb_1122,0,0_beloved_maiden_wreath_song,0.6373923
Erb_1123,4,4_sunday_saint_day_spring,0.46481696
Erb_1124,6,6_crying_scarf_money_daughter,0.5415748
Erb_1126,0,0_beloved_maiden_wreath_song,0.0
Erb_1128,4,4_sunday_saint_day_spring,0.42506537
Erb_1129,4,4_sunday_saint_day_spring,0.34284455
Erb_1131,0,0_beloved_maiden_wreath_song,0.36585918
Erb_1133,4,4_sunday_saint_day_spring,0.3276003
Erb_1134,8,8_coat_dress_wear_peasant,1.0
Erb_1135,3,3_beer_drink_drank_praise,0.50443184
Erb_1136,8,8_coat_dress_wear_peasant,0.59856963
Erb_1139,6,6_crying_scarf_money_daughter,0.7331355
Erb_1141,1,1_farmer_plowing_sheep_peasant,0.43086335
Erb_1144,3,3_beer_drink_drank_praise,0.35270032
Erb_1147,6,6_crying_scarf_money_daughter,0.6587495
Erb_1148,2,2_maiden_marry_old woman_woman,0.25646695
Erb_1150,8,8_coat_dress_wear_peasant,0.44726682
Erb_1151,0,0_beloved_maiden_wreath_song,0.0
Erb_1152,1,1_farmer_plowing_sheep_peasant,0.7856862
Erb_1153,7,7_rye_barley_saint_wheat,0.5819223
Erb_1155,8,8_coat_dress_wear_peasant,0.77054214
Erb_1158,8,8_coat_dress_wear_peasant,0.35270724
Erb_1164,8,8_coat_dress_wear_peasant,0.65719515
Erb_1166,2,2_maiden_marry_old woman_woman,0.4122431
Erb_1169,8,8_coat_dress_wear_peasant,0.538361
Erb_1170,8,8_coat_dress_wear_peasant,1.0
Erb_1171,0,0_beloved_maiden_wreath_song,0.0
Erb_1172,0,0_beloved_maiden_wreath_song,0.27454734
Erb_1173,5,5_shoes_feet_wear_trousers,0.43889987
Erb_1180,8,8_coat_dress_wear_peasant,0.5451711
Erb_1181,6,6_crying_scarf_money_daughter,1.0
Erb_1182,5,5_shoes_feet_wear_trousers,0.4584519
Erb_1183,5,5_shoes_feet_wear_trousers,1.0
Erb_1184,7,7_rye_barley_saint_wheat,0.30387565
Erb_1186,2,2_maiden_marry_old woman_woman,0.33071783
Erb_1187,1,1_farmer_plowing_sheep_peasant,1.0
Erb_1188,0,0_beloved_maiden_wreath_song,0.0
Erb_1190,7,7_rye_barley_saint_wheat,0.57249135
Erb_1193,8,8_coat_dress_wear_peasant,0.69640756
Erb_1194,4,4_sunday_saint_day_spring,0.34295043
Erb_1200,2,2_maiden_marry_old woman_woman,0.29545036
Erb_1201,6,6_crying_scarf_money_daughter,0.3825721
Erb_1202,0,0_beloved_maiden_wreath_song,0.29639813
Erb_1204,8,8_coat_dress_wear_peasant,1.0
Erb_1205,1,1_farmer_plowing_sheep_peasant,1.0
Erb_1207,6,6_crying_scarf_money_daughter,0.35687408
Erb_1211,2,2_maiden_marry_old woman_woman,0.41962898
Erb_1214,0,0_beloved_maiden_wreath_song,0.0
Erb_1216,0,0_beloved_maiden_wreath_song,0.0
Erb_1218,6,6_crying_scarf_money_daughter,1.0
Erb_1220,0,0_beloved_maiden_wreath_song,0.41942197
Erb_1222,8,8_coat_dress_wear_peasant,0.36209202
Erb_1224,0,0_beloved_maiden_wreath_song,0.0
Erb_1226,6,6_crying_scarf_money_daughter,0.5528975
Erb_1229,7,7_rye_barley_saint_wheat,0.8016508
Erb_1231,1,1_farmer_plowing_sheep_peasant,0.46848467
Erb_1233,6,6_crying_scarf_money_daughter,0.6001974
Erb_1238,6,6_crying_scarf_money_daughter,1.0
Erb_1244,2,2_maiden_marry_old woman_woman,0.5684282
Erb_1247,8,8_coat_dress_wear_peasant,0.44011414
Erb_1249,4,4_sunday_saint_day_spring,0.5249911
Erb_1250,6,6_crying_scarf_money_daughter,0.35794312
Erb_1252,6,6_crying_scarf_money_daughter,0.33459303
Erb_1253,0,0_beloved_maiden_wreath_song,0.0
Erb_1254,3,3_beer_drink_drank_praise,0.32586697
Erb_1255,8,8_coat_dress_wear_peasant,0.18307808
Erb_1256,0,0_beloved_maiden_wreath_song,0.0
Erb_1259,6,6_crying_scarf_money_daughter,0.34650174
Erb_1262,8,8_coat_dress_wear_peasant,1.0
Erb_1264,1,1_farmer_plowing_sheep_peasant,0.6279527
Erb_1265,0,0_beloved_maiden_wreath_song,0.31762543
Erb_1267,5,5_shoes_feet_wear_trousers,0.5076194
Erb_1269,8,8_coat_dress_wear_peasant,0.60224044
Erb_1271,0,0_beloved_maiden_wreath_song,0.0
Erb_1272,7,7_rye_barley_saint_wheat,0.25965038
Erb_1273,2,2_maiden_marry_old woman_woman,0.58942986
Erb_1274,3,3_beer_drink_drank_praise,0.35212892
Erb_1275,8,8_coat_dress_wear_peasant,1.0
Erb_1276,4,4_sunday_saint_day_spring,0.3045744
Erb_1279,8,8_coat_dress_wear_peasant,0.4414481
Erb_1281,1,1_farmer_plowing_sheep_peasant,1.0
Erb_1284,4,4_sunday_saint_day_spring,0.43591714
Erb_1285,4,4_sunday_saint_day_spring,0.34279588
Erb_1286,0,0_beloved_maiden_wreath_song,0.7087652
Erb_1288,3,3_beer_drink_drank_praise,1.0
Erb_1290,3,3_beer_drink_drank_praise,0.6785024
Erb_1291,2,2_maiden_marry_old woman_woman,0.7402627
Erb_1294,8,8_coat_dress_wear_peasant,0.4489743
Erb_1299,4,4_sunday_saint_day_spring,0.44109535
Erb_1300,2,2_maiden_marry_old woman_woman,0.34111902
Erb_1304,2,2_maiden_marry_old woman_woman,0.2937954
Erb_1305,8,8_coat_dress_wear_peasant,0.6308602
Erb_1307,6,6_crying_scarf_money_daughter,0.3439408
Erb_1309,2,2_maiden_marry_old woman_woman,0.38576078
Erb_1311,2,2_maiden_marry_old woman_woman,0.47512746
Erb_1312,2,2_maiden_marry_old woman_woman,0.43286514
Erb_1313,6,6_crying_scarf_money_daughter,0.51629573
Erb_1316,4,4_sunday_saint_day_spring,0.43745548
Erb_1317,3,3_beer_drink_drank_praise,0.594898
Erb_1319,5,5_shoes_feet_wear_trousers,0.57879734
Erb_1320,6,6_crying_scarf_money_daughter,0.49425784
Erb_1322,7,7_rye_barley_saint_wheat,0.6312546
Erb_1325,7,7_rye_barley_saint_wheat,1.0
Erb_1326,5,5_shoes_feet_wear_trousers,0.4358538
Erb_1330,8,8_coat_dress_wear_peasant,1.0
Erb_1335,6,6_crying_scarf_money_daughter,0.44383866
Erb_1337,7,7_rye_barley_saint_wheat,0.4534803
Erb_1340,4,4_sunday_saint_day_spring,0.41211712
Erb_1341,7,7_rye_barley_saint_wheat,0.33536676
Erb_1345,2,2_maiden_marry_old woman_woman,0.45238012
Erb_1346,1,1_farmer_plowing_sheep_peasant,0.21054488
Erb_1348,8,8_coat_dress_wear_peasant,0.65452695
Erb_1349,8,8_coat_dress_wear_peasant,1.0
Erb_1350,4,4_sunday_saint_day_spring,0.3380393
Erb_1351,0,0_beloved_maiden_wreath_song,0.33295706
Erb_1352,0,0_beloved_maiden_wreath_song,1.0
Erb_1353,8,8_coat_dress_wear_peasant,0.45245117
Erb_1354,8,8_coat_dress_wear_peasant,0.36941177
Erb_1355,7,7_rye_barley_saint_wheat,0.8197713
Erb_1357,7,7_rye_barley_saint_wheat,0.5495342
Erb_1358,2,2_maiden_marry_old woman_woman,0.5032835
Erb_1359,2,2_maiden_marry_old woman_woman,0.33896273
Erb_1361,8,8_coat_dress_wear_peasant,0.4399581
Erb_1363,6,6_crying_scarf_money_daughter,0.39429092
Erb_1365,1,1_farmer_plowing_sheep_peasant,0.30728304
Erb_1367,8,8_coat_dress_wear_peasant,0.4430788
Erb_1368,8,8_coat_dress_wear_peasant,0.3013036
Erb_1369,0,0_beloved_maiden_wreath_song,0.46860346
Erb_1371,6,6_crying_scarf_money_daughter,0.55808485
Erb_1372,1,1_farmer_plowing_sheep_peasant,0.5393627
Erb_1373,0,0_beloved_maiden_wreath_song,0.6010996
Erb_1375,2,2_maiden_marry_old woman_woman,0.5989579
Erb_1378,2,2_maiden_marry_old woman_woman,0.38323045
Erb_1380,2,2_maiden_marry_old woman_woman,0.39193922
Erb_1381,0,0_beloved_maiden_wreath_song,0.0
Erb_1382,8,8_coat_dress_wear_peasant,0.43817374
Erb_1383,0,0_beloved_maiden_wreath_song,0.33414242
Erb_1385,8,8_coat_dress_wear_peasant,0.42297938
Erb_1388,2,2_maiden_marry_old woman_woman,0.41005877
Erb_1390,4,4_sunday_saint_day_spring,0.52652067
Erb_1392,4,4_sunday_saint_day_spring,0.42754978
Erb_1395,6,6_crying_scarf_money_daughter,0.3476373
Erb_1397,0,0_beloved_maiden_wreath_song,0.0
Erb_1398,5,5_shoes_feet_wear_trousers,0.5406285
Erb_1400,4,4_sunday_saint_day_spring,0.40751666
Erb_1401,4,4_sunday_saint_day_spring,0.50811183
Erb_1402,2,2_maiden_marry_old woman_woman,0.6691882
Erb_1404,3,3_beer_drink_drank_praise,0.63797665
Erb_1406,8,8_coat_dress_wear_peasant,0.88513994
Erb_1407,3,3_beer_drink_drank_praise,0.37288618
Erb_1408,8,8_coat_dress_wear_peasant,0.51161873
Erb_1409,0,0_beloved_maiden_wreath_song,0.0
Erb_1410,6,6_crying_scarf_money_daughter,1.0
Erb_1411,4,4_sunday_saint_day_spring,1.0
Erb_1413,7,7_rye_barley_saint_wheat,0.4590697
Erb_1415,0,0_beloved_maiden_wreath_song,0.438203
Erb_1416,5,5_shoes_feet_wear_trousers,1.0
Erb_1418,0,0_beloved_maiden_wreath_song,0.0
Erb_1419,8,8_coat_dress_wear_peasant,0.60526055
Erb_1420,2,2_maiden_marry_old woman_woman,0.36466277
Erb_1421,5,5_shoes_feet_wear_trousers,0.26920837
Erb_1422,8,8_coat_dress_wear_peasant,1.0
Erb_1423,8,8_coat_dress_wear_peasant,0.50556135
Erb_1425,4,4_sunday_saint_day_spring,1.0
Erb_1428,2,2_maiden_marry_old woman_woman,0.4581857
Erb_1429,2,2_maiden_marry_old woman_woman,0.90805817
Erb_1430,3,3_beer_drink_drank_praise,0.8238717
Erb_1431,0,0_beloved_maiden_wreath_song,0.44196144
Erb_1432,0,0_beloved_maiden_wreath_song,0.44285724
Erb_1433,0,0_beloved_maiden_wreath_song,0.68335307
Erb_1434,3,3_beer_drink_drank_praise,0.49148688
Erb_1435,8,8_coat_dress_wear_peasant,0.41259846
Erb_1436,0,0_beloved_maiden_wreath_song,0.40659285
Erb_1437,8,8_coat_dress_wear_peasant,1.0
Erb_1438,2,2_maiden_marry_old woman_woman,0.43823987
Erb_1439,3,3_beer_drink_drank_praise,0.33483964
Erb_1442,2,2_maiden_marry_old woman_woman,1.0
Erb_1443,4,4_sunday_saint_day_spring,0.714021
Erb_1444,8,8_coat_dress_wear_peasant,0.9288613
Erb_1449,8,8_coat_dress_wear_peasant,0.8155019
Erb_1450,2,2_maiden_marry_old woman_woman,0.41634342
Erb_1451,6,6_crying_scarf_money_daughter,0.8574158
Erb_1452,0,0_beloved_maiden_wreath_song,0.0
Erb_1453,1,1_farmer_plowing_sheep_peasant,0.46837378
Erb_1454,0,0_beloved_maiden_wreath_song,0.0
Erb_1455,2,2_maiden_marry_old woman_woman,0.62074584
Erb_1456,5,5_shoes_feet_wear_trousers,0.63258684
Erb_1457,4,4_sunday_saint_day_spring,0.36509773
Erb_1458,1,1_farmer_plowing_sheep_peasant,0.30984384
Erb_1460,6,6_crying_scarf_money_daughter,0.68226063
Erb_1462,6,6_crying_scarf_money_daughter,1.0
Erb_1463,5,5_shoes_feet_wear_trousers,0.57048666
Erb_1465,0,0_beloved_maiden_wreath_song,0.32169968
Erb_1467,7,7_rye_barley_saint_wheat,0.42213178
Erb_1469,5,5_shoes_feet_wear_trousers,0.4661677
Erb_1470,0,0_beloved_maiden_wreath_song,0.0
Erb_1471,5,5_shoes_feet_wear_trousers,0.53910387
Erb_1473,4,4_sunday_saint_day_spring,0.47946113
Erb_1474,0,0_beloved_maiden_wreath_song,0.0
Erb_1476,8,8_coat_dress_wear_peasant,1.0
Erb_1478,6,6_crying_scarf_money_daughter,0.31319824
Erb_1479,2,2_maiden_marry_old woman_woman,0.4873554
Erb_1480,7,7_rye_barley_saint_wheat,0.8242119
Erb_1482,2,2_maiden_marry_old woman_woman,0.41634342
Erb_1483,8,8_coat_dress_wear_peasant,0.67359394
Erb_1484,2,2_maiden_marry_old woman_woman,0.4742316
Erb_1485,4,4_sunday_saint_day_spring,0.42088798
Erb_1487,6,6_crying_scarf_money_daughter,0.513853
Erb_1488,0,0_beloved_maiden_wreath_song,0.0
Erb_1489,3,3_beer_drink_drank_praise,1.0
Erb_1490,4,4_sunday_saint_day_spring,0.41066718
Erb_1491,0,0_beloved_maiden_wreath_song,0.0
Erb_1492,0,0_beloved_maiden_wreath_song,0.0
Erb_1493,8,8_coat_dress_wear_peasant,0.6179412
Erb_1494,2,2_maiden_marry_old woman_woman,0.53903526
Erb_1495,2,2_maiden_marry_old woman_woman,1.0
Erb_1496,7,7_rye_barley_saint_wheat,0.6872478
Erb_1499,6,6_crying_scarf_money_daughter,0.21989492
Erb_1501,2,2_maiden_marry_old woman_woman,0.3576088
Erb_1503,7,7_rye_barley_saint_wheat,1.0
Erb_1505,5,5_shoes_feet_wear_trousers,0.5786661
Erb_1506,4,4_sunday_saint_day_spring,0.2547291
Erb_1510,5,5_shoes_feet_wear_trousers,0.31614375
Erb_1513,6,6_crying_scarf_money_daughter,0.33222404
Erb_1514,0,0_beloved_maiden_wreath_song,0.0
Erb_1515,4,4_sunday_saint_day_spring,0.27691293
Erb_1516,2,2_maiden_marry_old woman_woman,0.32388133
Erb_1517,3,3_beer_drink_drank_praise,0.40660155
Erb_1519,2,2_maiden_marry_old woman_woman,0.27444133
Erb_1521,8,8_coat_dress_wear_peasant,0.31405696
Erb_1524,8,8_coat_dress_wear_peasant,0.56259197
Erb_1525,7,7_rye_barley_saint_wheat,0.70860803
Erb_1526,4,4_sunday_saint_day_spring,1.0
Erb_1528,3,3_beer_drink_drank_praise,0.7298049
Erb_1529,8,8_coat_dress_wear_peasant,0.5247328
Erb_1530,8,8_coat_dress_wear_peasant,1.0
Erb_1531,6,6_crying_scarf_money_daughter,0.5516588
Erb_1532,8,8_coat_dress_wear_peasant,0.33744192
Erb_1533,7,7_rye_barley_saint_wheat,0.34242347
Erb_1534,8,8_coat_dress_wear_peasant,0.45946705
Erb_1535,8,8_coat_dress_wear_peasant,0.58938676
Erb_1536,0,0_beloved_maiden_wreath_song,0.0
Erb_1537,6,6_crying_scarf_money_daughter,0.81310576
Erb_1538,0,0_beloved_maiden_wreath_song,0.7968658
Erb_1539,0,0_beloved_maiden_wreath_song,0.0
Erb_1543,6,6_crying_scarf_money_daughter,0.7518518
Erb_1544,6,6_crying_scarf_money_daughter,0.78045034
Erb_1545,5,5_shoes_feet_wear_trousers,1.0
Erb_1546,5,5_shoes_feet_wear_trousers,0.53910387
Erb_1547,0,0_beloved_maiden_wreath_song,0.0
Erb_1548,6,6_crying_scarf_money_daughter,0.5790535
Erb_1549,4,4_sunday_saint_day_spring,0.63165224
Erb_1550,3,3_beer_drink_drank_praise,0.44969982
Erb_1551,8,8_coat_dress_wear_peasant,0.39204082
Erb_1552,0,0_beloved_maiden_wreath_song,0.0
Erb_1553,8,8_coat_dress_wear_peasant,0.39233708
Erb_1554,6,6_crying_scarf_money_daughter,0.2237592
Erb_1555,8,8_coat_dress_wear_peasant,0.6694473
Erb_1556,0,0_beloved_maiden_wreath_song,1.0
Erb_1557,5,5_shoes_feet_wear_trousers,0.63258684
Erb_1558,6,6_crying_scarf_money_daughter,1.0
Erb_1559,6,6_crying_scarf_money_daughter,0.53910935
Erb_1560,6,6_crying_scarf_money_daughter,0.6122869
Erb_1561,0,0_beloved_maiden_wreath_song,0.0
Erb_1562,0,0_beloved_maiden_wreath_song,0.5836741
Erb_1563,6,6_crying_scarf_money_daughter,1.0
Erb_1565,8,8_coat_dress_wear_peasant,1.0
Erb_1566,4,4_sunday_saint_day_spring,0.5949295
Erb_1567,8,8_coat_dress_wear_peasant,0.61220723
Erb_1568,8,8_coat_dress_wear_peasant,1.0
Erb_1570,5,5_shoes_feet_wear_trousers,0.48066458
Erb_1571,8,8_coat_dress_wear_peasant,1.0
Erb_1572,0,0_beloved_maiden_wreath_song,0.0
Erb_1573,0,0_beloved_maiden_wreath_song,0.0
Erb_1574,0,0_beloved_maiden_wreath_song,0.0
Erb_1575,1,1_farmer_plowing_sheep_peasant,1.0
Erb_1577,6,6_crying_scarf_money_daughter,0.58883613
Erb_1579,6,6_crying_scarf_money_daughter,0.7981622
Erb_1583,6,6_crying_scarf_money_daughter,0.86103886
Erb_1584,0,0_beloved_maiden_wreath_song,0.5004998
Erb_1585,1,1_farmer_plowing_sheep_peasant,0.69655645
Erb_1586,0,0_beloved_maiden_wreath_song,0.0
Erb_1587,3,3_beer_drink_drank_praise,0.59894204
Erb_1588,6,6_crying_scarf_money_daughter,0.84746957
Erb_1589,0,0_beloved_maiden_wreath_song,0.23182254
Erb_1591,0,0_beloved_maiden_wreath_song,0.37863782
Erb_1592,0,0_beloved_maiden_wreath_song,1.0
Erb_1593,8,8_coat_dress_wear_peasant,1.0
Erb_1594,0,0_beloved_maiden_wreath_song,0.0
Erb_1595,6,6_crying_scarf_money_daughter,0.60752314
Erb_1596,3,3_beer_drink_drank_praise,1.0
Erb_1598,6,6_crying_scarf_money_daughter,0.546475
Erb_1599,4,4_sunday_saint_day_spring,0.75183195
Erb_1600,7,7_rye_barley_saint_wheat,0.2872782
Erb_1601,7,7_rye_barley_saint_wheat,0.5031049
Erb_1602,1,1_farmer_plowing_sheep_peasant,0.5345346
Erb_1603,8,8_coat_dress_wear_peasant,0.7499056
Erb_1604,0,0_beloved_maiden_wreath_song,0.5035869
Erb_1605,3,3_beer_drink_drank_praise,1.0
Erb_1606,6,6_crying_scarf_money_daughter,0.6875464
Erb_1608,6,6_crying_scarf_money_daughter,1.0
Erb_1609,7,7_rye_barley_saint_wheat,0.7441703
Erb_1610,8,8_coat_dress_wear_peasant,0.4210456
Erb_1611,8,8_coat_dress_wear_peasant,0.41350704
Erb_1612,8,8_coat_dress_wear_peasant,0.31927478
Erb_1613,8,8_coat_dress_wear_peasant,0.50863224
Erb_1614,2,2_maiden_marry_old woman_woman,0.87315524
Erb_1615,1,1_farmer_plowing_sheep_peasant,0.57833564
Erb_1617,0,0_beloved_maiden_wreath_song,0.0
Erb_1618,2,2_maiden_marry_old woman_woman,0.5604708
Erb_1620,6,6_crying_scarf_money_daughter,0.33714485
Erb_1622,5,5_shoes_feet_wear_trousers,0.55599725
Erb_1624,0,0_beloved_maiden_wreath_song,0.0
Erb_1626,6,6_crying_scarf_money_daughter,1.0
Erb_1627,0,0_beloved_maiden_wreath_song,0.0
Erb_1628,2,2_maiden_marry_old woman_woman,0.7778166
Erb_1629,0,0_beloved_maiden_wreath_song,0.0
Erb_1630,8,8_coat_dress_wear_peasant,0.82154655
Erb_1633,6,6_crying_scarf_money_daughter,1.0
Erb_1634,6,6_crying_scarf_money_daughter,1.0
Erb_1636,0,0_beloved_maiden_wreath_song,0.0
Erb_1637,3,3_beer_drink_drank_praise,0.707696
Erb_1638,3,3_beer_drink_drank_praise,0.4294496
Erb_1639,3,3_beer_drink_drank_praise,0.636295
Erb_1640,8,8_coat_dress_wear_peasant,0.33340585
Erb_1646,2,2_maiden_marry_old woman_woman,0.7805339
Erb_1647,6,6_crying_scarf_money_daughter,0.4305027
Erb_1650,3,3_beer_drink_drank_praise,0.7855238
Erb_1652,2,2_maiden_marry_old woman_woman,0.32853347
Erb_1654,2,2_maiden_marry_old woman_woman,0.55107176
Erb_1655,2,2_maiden_marry_old woman_woman,0.6970207
Erb_1656,0,0_beloved_maiden_wreath_song,0.0
Erb_1657,8,8_coat_dress_wear_peasant,1.0
Erb_1658,0,0_beloved_maiden_wreath_song,0.5740587
Erb_1659,6,6_crying_scarf_money_daughter,0.445012
Erb_1661,6,6_crying_scarf_money_daughter,0.38899794
Erb_1663,4,4_sunday_saint_day_spring,0.35130522
Erb_1665,3,3_beer_drink_drank_praise,0.48888937
Erb_1667,8,8_coat_dress_wear_peasant,0.8020989
Erb_1668,2,2_maiden_marry_old woman_woman,0.38293847
Erb_1670,0,0_beloved_maiden_wreath_song,0.0
Erb_1671,7,7_rye_barley_saint_wheat,1.0
Erb_1672,0,0_beloved_maiden_wreath_song,0.0
Erb_1673,5,5_shoes_feet_wear_trousers,0.54267764
Erb_1674,8,8_coat_dress_wear_peasant,0.78966385
Erb_1675,5,5_shoes_feet_wear_trousers,0.666682
Erb_1676,5,5_shoes_feet_wear_trousers,0.43295246
Erb_1677,2,2_maiden_marry_old woman_woman,0.9336492
Erb_1678,3,3_beer_drink_drank_praise,1.0
Erb_1679,6,6_crying_scarf_money_daughter,0.7927594
Erb_1681,2,2_maiden_marry_old woman_woman,0.3317674
Erb_1683,1,1_farmer_plowing_sheep_peasant,0.5288729
Erb_1684,8,8_coat_dress_wear_peasant,1.0
Erb_1685,6,6_crying_scarf_money_daughter,0.32156447
Erb_1687,5,5_shoes_feet_wear_trousers,0.39415413
Erb_1688,7,7_rye_barley_saint_wheat,0.44977167
Erb_1689,0,0_beloved_maiden_wreath_song,0.0
Erb_1690,0,0_beloved_maiden_wreath_song,0.0
Erb_1691,2,2_maiden_marry_old woman_woman,0.65522647
Erb_1692,2,2_maiden_marry_old woman_woman,0.51048297
Erb_1693,5,5_shoes_feet_wear_trousers,0.567274
Erb_1695,0,0_beloved_maiden_wreath_song,0.0
Erb_1696,8,8_coat_dress_wear_peasant,0.46153554
Erb_1697,5,5_shoes_feet_wear_trousers,1.0
Erb_1698,8,8_coat_dress_wear_peasant,0.2773355
Erb_1702,8,8_coat_dress_wear_peasant,0.51975894
Erb_1703,6,6_crying_scarf_money_daughter,0.8264623
Erb_1704,1,1_farmer_plowing_sheep_peasant,0.75924915
Erb_1705,1,1_farmer_plowing_sheep_peasant,0.7011588
Erb_1706,3,3_beer_drink_drank_praise,0.38308427
Erb_1708,3,3_beer_drink_drank_praise,0.5822814
Erb_1709,0,0_beloved_maiden_wreath_song,0.0
Erb_1710,0,0_beloved_maiden_wreath_song,0.0
Erb_1711,7,7_rye_barley_saint_wheat,0.5236705
Erb_1712,7,7_rye_barley_saint_wheat,0.5469465
Erb_1713,2,2_maiden_marry_old woman_woman,0.47488493
Erb_1716,7,7_rye_barley_saint_wheat,0.53590816
Erb_1718,2,2_maiden_marry_old woman_woman,0.62734634
Erb_1720,2,2_maiden_marry_old woman_woman,0.5415033
Erb_1721,2,2_maiden_marry_old woman_woman,0.41634342
Erb_1722,7,7_rye_barley_saint_wheat,0.7477754
Erb_1723,2,2_maiden_marry_old woman_woman,0.51048297
Erb_1724,2,2_maiden_marry_old woman_woman,0.33819044
Erb_1726,2,2_maiden_marry_old woman_woman,0.38200992
Erb_1727,2,2_maiden_marry_old woman_woman,0.37820506
Erb_1728,8,8_coat_dress_wear_peasant,0.51457125
Erb_1729,6,6_crying_scarf_money_daughter,0.44612312
Erb_1730,2,2_maiden_marry_old woman_woman,0.580838
Erb_1731,2,2_maiden_marry_old woman_woman,0.5976272
Erb_1733,8,8_coat_dress_wear_peasant,0.72255355
Erb_1734,2,2_maiden_marry_old woman_woman,0.3676451
Erb_1736,2,2_maiden_marry_old woman_woman,0.4069417
Erb_1737,6,6_crying_scarf_money_daughter,0.50410765
Erb_1738,4,4_sunday_saint_day_spring,0.6163616
Erb_1739,8,8_coat_dress_wear_peasant,1.0
Erb_1740,2,2_maiden_marry_old woman_woman,0.44826284
Erb_1744,2,2_maiden_marry_old woman_woman,0.40052667
Erb_1745,7,7_rye_barley_saint_wheat,0.5498167
Erb_1746,2,2_maiden_marry_old woman_woman,0.54309016
Erb_1747,3,3_beer_drink_drank_praise,0.4046347
Erb_1748,2,2_maiden_marry_old woman_woman,0.67122483
Erb_1749,4,4_sunday_saint_day_spring,0.3650216
Erb_1752,8,8_coat_dress_wear_peasant,0.36138797
Erb_1753,2,2_maiden_marry_old woman_woman,0.357298
Erb_1754,5,5_shoes_feet_wear_trousers,0.50833815
Erb_1755,2,2_maiden_marry_old woman_woman,0.39627874
Erb_1756,5,5_shoes_feet_wear_trousers,0.50833815
Erb_1757,2,2_maiden_marry_old woman_woman,0.48500863
Erb_1758,2,2_maiden_marry_old woman_woman,1.0
Erb_1760,3,3_beer_drink_drank_praise,0.3395574
Erb_1762,2,2_maiden_marry_old woman_woman,0.38817915
Erb_1764,2,2_maiden_marry_old woman_woman,0.44981632
Erb_1766,2,2_maiden_marry_old woman_woman,0.33089972
Erb_1767,4,4_sunday_saint_day_spring,0.3001692
Erb_1768,8,8_coat_dress_wear_peasant,0.62283796
Erb_1769,2,2_maiden_marry_old woman_woman,0.34025794
Erb_1772,2,2_maiden_marry_old woman_woman,0.3657461
Erb_1775,3,3_beer_drink_drank_praise,0.38007152
Erb_1778,8,8_coat_dress_wear_peasant,1.0
Erb_1780,2,2_maiden_marry_old woman_woman,0.54309016
Erb_1781,2,2_maiden_marry_old woman_woman,0.36715275
Erb_1782,7,7_rye_barley_saint_wheat,0.40916616
Erb_1784,2,2_maiden_marry_old woman_woman,0.33766785
Erb_1785,7,7_rye_barley_saint_wheat,0.51209843
Erb_1787,2,2_maiden_marry_old woman_woman,0.3333571
Erb_1788,6,6_crying_scarf_money_daughter,0.75351596
Erb_1789,2,2_maiden_marry_old woman_woman,0.41634342
Erb_1790,0,0_beloved_maiden_wreath_song,0.46477005
Erb_1791,2,2_maiden_marry_old woman_woman,0.3966745
Erb_1792,7,7_rye_barley_saint_wheat,0.4129434
Erb_1793,2,2_maiden_marry_old woman_woman,0.5726884
Erb_1794,2,2_maiden_marry_old woman_woman,0.32001445
Erb_1795,2,2_maiden_marry_old woman_woman,0.45732418
Erb_1796,7,7_rye_barley_saint_wheat,0.46249792
Erb_1797,2,2_maiden_marry_old woman_woman,0.41397727
Erb_1798,4,4_sunday_saint_day_spring,0.50177926
Erb_1799,4,4_sunday_saint_day_spring,0.694757
Erb_1800,6,6_crying_scarf_money_daughter,0.6246768
Erb_1801,7,7_rye_barley_saint_wheat,0.43099505
Erb_1802,7,7_rye_barley_saint_wheat,1.0
Erb_1803,6,6_crying_scarf_money_daughter,0.2927093
Erb_1804,8,8_coat_dress_wear_peasant,0.29182905
Erb_1807,7,7_rye_barley_saint_wheat,0.3813218
Erb_1809,6,6_crying_scarf_money_daughter,0.5359727
Erb_1811,6,6_crying_scarf_money_daughter,0.39529294
Erb_1814,2,2_maiden_marry_old woman_woman,0.5618265
Erb_1815,8,8_coat_dress_wear_peasant,0.40172666
Erb_1816,1,1_farmer_plowing_sheep_peasant,0.5956949
Erb_1817,1,1_farmer_plowing_sheep_peasant,0.6194095
Erb_1818,0,0_beloved_maiden_wreath_song,0.0
Erb_1819,8,8_coat_dress_wear_peasant,0.6364497
Erb_1820,8,8_coat_dress_wear_peasant,0.83481765
Erb_1821,2,2_maiden_marry_old woman_woman,0.36217797
Erb_1823,8,8_coat_dress_wear_peasant,0.42521432
Erb_1824,6,6_crying_scarf_money_daughter,1.0
Erb_1827,1,1_farmer_plowing_sheep_peasant,1.0
Erb_1828,7,7_rye_barley_saint_wheat,0.51887906
Erb_1829,7,7_rye_barley_saint_wheat,0.90888935
Erb_1831,2,2_maiden_marry_old woman_woman,0.54309016
Erb_1833,2,2_maiden_marry_old woman_woman,0.7519387
Erb_1834,6,6_crying_scarf_money_daughter,0.66315675
Erb_1836,6,6_crying_scarf_money_daughter,0.49518025
Erb_1838,6,6_crying_scarf_money_daughter,0.6507426
Erb_1839,8,8_coat_dress_wear_peasant,0.63669646
Erb_1840,2,2_maiden_marry_old woman_woman,0.33113775
Erb_1843,6,6_crying_scarf_money_daughter,1.0
Erb_1844,7,7_rye_barley_saint_wheat,0.582719
Erb_1848,4,4_sunday_saint_day_spring,1.0
Erb_1858,7,7_rye_barley_saint_wheat,0.25902787
Erb_1860,0,0_beloved_maiden_wreath_song,0.0
Erb_1861,2,2_maiden_marry_old woman_woman,0.41634342
Erb_1864,0,0_beloved_maiden_wreath_song,0.0
Erb_1865,1,1_farmer_plowing_sheep_peasant,0.6694885
Erb_1866,2,2_maiden_marry_old woman_woman,0.36830464
Erb_1867,2,2_maiden_marry_old woman_woman,0.6465373
Erb_1868,7,7_rye_barley_saint_wheat,0.2521873
Erb_1872,7,7_rye_barley_saint_wheat,0.4490295
Erb_1873,0,0_beloved_maiden_wreath_song,0.0
Erb_1874,4,4_sunday_saint_day_spring,0.34812722
Erb_1875,0,0_beloved_maiden_wreath_song,0.7463709
Erb_1876,4,4_sunday_saint_day_spring,1.0
Erb_1877,6,6_crying_scarf_money_daughter,0.6716163
Erb_1878,3,3_beer_drink_drank_praise,0.6997156
Erb_1879,3,3_beer_drink_drank_praise,0.5037407
Erb_1882,2,2_maiden_marry_old woman_woman,0.44617304
Erb_1883,2,2_maiden_marry_old woman_woman,0.5037249
Erb_1884,7,7_rye_barley_saint_wheat,0.313656
Erb_1887,2,2_maiden_marry_old woman_woman,0.3995889
Erb_1890,7,7_rye_barley_saint_wheat,0.5119876
Erb_1893,1,1_farmer_plowing_sheep_peasant,0.84704626
Erb_1894,8,8_coat_dress_wear_peasant,0.5902254
Erb_1895,6,6_crying_scarf_money_daughter,0.4037732
Erb_1896,8,8_coat_dress_wear_peasant,1.0
Erb_1897,0,0_beloved_maiden_wreath_song,0.0
Erb_1898,7,7_rye_barley_saint_wheat,0.43278098
Erb_1905,4,4_sunday_saint_day_spring,0.50627255
Erb_1907,4,4_sunday_saint_day_spring,0.4149438
Erb_1909,0,0_beloved_maiden_wreath_song,0.0
Erb_1910,2,2_maiden_marry_old woman_woman,0.45337018
Erb_1915,1,1_farmer_plowing_sheep_peasant,0.34259188
Erb_1917,7,7_rye_barley_saint_wheat,0.19144414
Erb_1918,2,2_maiden_marry_old woman_woman,0.39856032
Erb_1924,3,3_beer_drink_drank_praise,0.19276693
Erb_1928,5,5_shoes_feet_wear_trousers,0.28473285
Erb_1929,4,4_sunday_saint_day_spring,0.43258545
Erb_1930,2,2_maiden_marry_old woman_woman,0.5505212
Erb_1931,6,6_crying_scarf_money_daughter,1.0
Erb_1932,7,7_rye_barley_saint_wheat,0.33503452
Erb_1934,2,2_maiden_marry_old woman_woman,0.2660655
Erb_1940,6,6_crying_scarf_money_daughter,0.26440096
Erb_1942,0,0_beloved_maiden_wreath_song,0.0
Erb_1943,4,4_sunday_saint_day_spring,0.7178022
Erb_1944,6,6_crying_scarf_money_daughter,0.343797
Erb_1945,4,4_sunday_saint_day_spring,0.56630796
Erb_1946,1,1_farmer_plowing_sheep_peasant,0.33436388
Erb_1948,1,1_farmer_plowing_sheep_peasant,0.3086622
Erb_1950,8,8_coat_dress_wear_peasant,1.0
Erb_1951,6,6_crying_scarf_money_daughter,0.4919003
Erb_1952,5,5_shoes_feet_wear_trousers,0.33092657
Erb_1955,8,8_coat_dress_wear_peasant,0.5299782
Erb_1957,7,7_rye_barley_saint_wheat,1.0
Erb_1958,1,1_farmer_plowing_sheep_peasant,0.42382544
Erb_1959,4,4_sunday_saint_day_spring,0.3049296
Erb_1967,4,4_sunday_saint_day_spring,0.28763646
Erb_1968,4,4_sunday_saint_day_spring,0.59538805
Erb_1969,8,8_coat_dress_wear_peasant,0.49666274
Erb_1970,0,0_beloved_maiden_wreath_song,0.50278395
Erb_1972,2,2_maiden_marry_old woman_woman,0.22943583
Erb_1973,7,7_rye_barley_saint_wheat,0.64513546
Erb_1974,8,8_coat_dress_wear_peasant,1.0
Erb_1978,0,0_beloved_maiden_wreath_song,1.0
Erb_1979,0,0_beloved_maiden_wreath_song,0.0
Erb_1980,6,6_crying_scarf_money_daughter,0.66787344
Erb_1981,2,2_maiden_marry_old woman_woman,1.0
Erb_1982,0,0_beloved_maiden_wreath_song,0.0
Erb_1984,1,1_farmer_plowing_sheep_peasant,0.28705952
Erb_1987,2,2_maiden_marry_old woman_woman,0.4359631
Erb_1988,8,8_coat_dress_wear_peasant,0.38346493
Erb_1989,6,6_crying_scarf_money_daughter,1.0
Erb_1991,8,8_coat_dress_wear_peasant,1.0
Erb_1992,6,6_crying_scarf_money_daughter,0.33554554
Erb_1993,8,8_coat_dress_wear_peasant,0.74442345
Erb_1994,8,8_coat_dress_wear_peasant,0.791348
Erb_1995,1,1_farmer_plowing_sheep_peasant,0.66524863
Erb_1997,1,1_farmer_plowing_sheep_peasant,1.0
Erb_1999,6,6_crying_scarf_money_daughter,0.24636383
Erb_2003,1,1_farmer_plowing_sheep_peasant,0.8755829
Erb_2004,1,1_farmer_plowing_sheep_peasant,1.0
Erb_2005,2,2_maiden_marry_old woman_woman,0.58442193
Erb_2009,7,7_rye_barley_saint_wheat,0.8822698
Erb_2013,6,6_crying_scarf_money_daughter,0.3699612
Erb_2016,0,0_beloved_maiden_wreath_song,0.0
Erb_2017,2,2_maiden_marry_old woman_woman,0.5387304
Erb_2018,8,8_coat_dress_wear_peasant,0.21035354
Erb_2020,4,4_sunday_saint_day_spring,0.38203612
Erb_2022,7,7_rye_barley_saint_wheat,1.0
Erb_2023,0,0_beloved_maiden_wreath_song,0.0
Erb_2024,4,4_sunday_saint_day_spring,1.0
Erb_2025,4,4_sunday_saint_day_spring,0.71305525
Erb_2026,0,0_beloved_maiden_wreath_song,0.0
Erb_2027,8,8_coat_dress_wear_peasant,0.3487183
Erb_2034,8,8_coat_dress_wear_peasant,0.32584858
Erb_2036,8,8_coat_dress_wear_peasant,0.2908375
Erb_2039,8,8_coat_dress_wear_peasant,0.672461
Erb_2040,0,0_beloved_maiden_wreath_song,0.0
Erb_2041,5,5_shoes_feet_wear_trousers,1.0
Erb_2044,2,2_maiden_marry_old woman_woman,0.54309016
Erb_2048,4,4_sunday_saint_day_spring,1.0
Erb_2049,0,0_beloved_maiden_wreath_song,0.0
Erb_2051,0,0_beloved_maiden_wreath_song,0.0
Erb_2052,0,0_beloved_maiden_wreath_song,0.29666772
Erb_2054,6,6_crying_scarf_money_daughter,0.52686274
Erb_2055,2,2_maiden_marry_old woman_woman,0.58238584
Erb_2056,8,8_coat_dress_wear_peasant,0.36532366
Erb_2057,2,2_maiden_marry_old woman_woman,0.35875586
Erb_2058,0,0_beloved_maiden_wreath_song,0.0
Erb_2059,2,2_maiden_marry_old woman_woman,0.5323298
Erb_2060,1,1_farmer_plowing_sheep_peasant,0.43451908
Erb_2061,8,8_coat_dress_wear_peasant,0.36376223
Erb_2062,6,6_crying_scarf_money_daughter,0.81907004
Erb_2063,8,8_coat_dress_wear_peasant,0.560138
Erb_2065,8,8_coat_dress_wear_peasant,0.6505278
Erb_2067,1,1_farmer_plowing_sheep_peasant,1.0
Erb_2068,0,0_beloved_maiden_wreath_song,0.0
Erb_2069,2,2_maiden_marry_old woman_woman,0.37530464
Erb_2070,8,8_coat_dress_wear_peasant,0.7416151
Erb_2072,4,4_sunday_saint_day_spring,0.4025881
Erb_2074,8,8_coat_dress_wear_peasant,1.0
Erb_2075,2,2_maiden_marry_old woman_woman,0.32651126
Erb_2077,2,2_maiden_marry_old woman_woman,0.6477202
Erb_2082,6,6_crying_scarf_money_daughter,0.6584289
Erb_2083,2,2_maiden_marry_old woman_woman,1.0
Erb_2084,5,5_shoes_feet_wear_trousers,0.402303
Erb_2086,6,6_crying_scarf_money_daughter,0.38673854
Erb_2088,2,2_maiden_marry_old woman_woman,0.35689038
Erb_2089,8,8_coat_dress_wear_peasant,0.76118416
Erb_2090,2,2_maiden_marry_old woman_woman,1.0
Erb_2091,4,4_sunday_saint_day_spring,1.0
Erb_2092,0,0_beloved_maiden_wreath_song,0.0
Erb_2093,7,7_rye_barley_saint_wheat,0.377706
Erb_2095,3,3_beer_drink_drank_praise,0.3528121
Erb_2097,8,8_coat_dress_wear_peasant,1.0
Erb_2099,2,2_maiden_marry_old woman_woman,0.43729863
Erb_2100,6,6_crying_scarf_money_daughter,0.45176318
Erb_2102,3,3_beer_drink_drank_praise,0.4217815
Erb_2104,6,6_crying_scarf_money_daughter,0.3204852
Erb_2106,2,2_maiden_marry_old woman_woman,0.63559264
Erb_2107,2,2_maiden_marry_old woman_woman,0.46913794
Erb_2108,2,2_maiden_marry_old woman_woman,0.54309016
Erb_2109,2,2_maiden_marry_old woman_woman,0.35401997
Erb_2110,4,4_sunday_saint_day_spring,0.18588805
Erb_2112,0,0_beloved_maiden_wreath_song,0.0
Erb_2113,2,2_maiden_marry_old woman_woman,0.2847873
Erb_2114,0,0_beloved_maiden_wreath_song,0.0
Erb_2116,6,6_crying_scarf_money_daughter,0.29517952
Erb_2117,6,6_crying_scarf_money_daughter,0.54314005
Erb_2119,2,2_maiden_marry_old woman_woman,0.6114079
Erb_2120,2,2_maiden_marry_old woman_woman,0.43915585
Erb_2121,7,7_rye_barley_saint_wheat,0.22914311
Erb_2124,2,2_maiden_marry_old woman_woman,0.49874708
Erb_2126,2,2_maiden_marry_old woman_woman,0.44350195
Erb_2127,4,4_sunday_saint_day_spring,0.45633987
Erb_2128,2,2_maiden_marry_old woman_woman,0.63419867
Erb_2130,2,2_maiden_marry_old woman_woman,0.26200074
Erb_2131,6,6_crying_scarf_money_daughter,0.54518366
Erb_2134,1,1_farmer_plowing_sheep_peasant,0.48967174
Erb_2135,7,7_rye_barley_saint_wheat,0.3903003
Erb_2137,6,6_crying_scarf_money_daughter,0.61102813
Erb_2138,0,0_beloved_maiden_wreath_song,0.0
Erb_2141,2,2_maiden_marry_old woman_woman,0.5750518
Erb_2143,2,2_maiden_marry_old woman_woman,0.5358744
Erb_2145,7,7_rye_barley_saint_wheat,0.52537626
Erb_2146,6,6_crying_scarf_money_daughter,0.41126955
Erb_2150,4,4_sunday_saint_day_spring,0.40033355
Erb_2151,6,6_crying_scarf_money_daughter,0.29432735
Erb_2153,6,6_crying_scarf_money_daughter,0.4581838
Erb_2154,8,8_coat_dress_wear_peasant,1.0
Erb_2159,2,2_maiden_marry_old woman_woman,0.5284184
Erb_2160,2,2_maiden_marry_old woman_woman,0.6709062
Erb_2163,8,8_coat_dress_wear_peasant,0.3080203
Erb_2166,5,5_shoes_feet_wear_trousers,0.31748423
Erb_2169,3,3_beer_drink_drank_praise,0.26720348
Erb_2170,4,4_sunday_saint_day_spring,0.52908146
Erb_2171,6,6_crying_scarf_money_daughter,0.39278987
Erb_2175,4,4_sunday_saint_day_spring,0.37706375
Erb_2177,6,6_crying_scarf_money_daughter,0.31453052
Erb_2180,2,2_maiden_marry_old woman_woman,0.5068339
Erb_2181,2,2_maiden_marry_old woman_woman,0.44486675
Erb_2182,2,2_maiden_marry_old woman_woman,0.50404805
Erb_2183,3,3_beer_drink_drank_praise,0.52303094
Erb_2186,3,3_beer_drink_drank_praise,1.0
Erb_2187,0,0_beloved_maiden_wreath_song,0.0
Erb_2189,4,4_sunday_saint_day_spring,0.60058373
Erb_2190,3,3_beer_drink_drank_praise,0.7153365
Erb_2191,3,3_beer_drink_drank_praise,1.0
Erb_2192,3,3_beer_drink_drank_praise,0.83760864
Erb_2194,3,3_beer_drink_drank_praise,0.6627748
Erb_2196,3,3_beer_drink_drank_praise,0.87339616
Erb_2197,3,3_beer_drink_drank_praise,0.5370749
Erb_2198,3,3_beer_drink_drank_praise,0.733355
Erb_2201,3,3_beer_drink_drank_praise,0.6707103
Erb_2203,3,3_beer_drink_drank_praise,0.807275
Erb_2204,3,3_beer_drink_drank_praise,0.5535847
Erb_2207,3,3_beer_drink_drank_praise,0.48935902
Erb_2208,3,3_beer_drink_drank_praise,1.0
Erb_2209,3,3_beer_drink_drank_praise,1.0
Erb_2210,0,0_beloved_maiden_wreath_song,0.0
Erb_2211,3,3_beer_drink_drank_praise,0.49649933
Erb_2212,3,3_beer_drink_drank_praise,0.5177179
Erb_2213,3,3_beer_drink_drank_praise,0.5663051
Erb_2215,3,3_beer_drink_drank_praise,0.6153809
Erb_2216,3,3_beer_drink_drank_praise,1.0
Erb_2217,3,3_beer_drink_drank_praise,0.57918817
Erb_2219,3,3_beer_drink_drank_praise,0.5052808
Erb_2220,3,3_beer_drink_drank_praise,0.6523418
Erb_2221,1,1_farmer_plowing_sheep_peasant,0.63404745
Erb_2223,4,4_sunday_saint_day_spring,0.521614
Erb_2224,3,3_beer_drink_drank_praise,0.8424213
Erb_2225,5,5_shoes_feet_wear_trousers,1.0
Erb_2227,3,3_beer_drink_drank_praise,0.6754996
Erb_2228,4,4_sunday_saint_day_spring,0.56560946
Erb_2230,8,8_coat_dress_wear_peasant,0.58309054
Erb_2231,3,3_beer_drink_drank_praise,0.537336
Erb_2232,3,3_beer_drink_drank_praise,0.7658076
Erb_2233,5,5_shoes_feet_wear_trousers,0.22154161
Erb_2234,5,5_shoes_feet_wear_trousers,1.0
Erb_2235,2,2_maiden_marry_old woman_woman,0.4700367
Erb_2238,3,3_beer_drink_drank_praise,0.52468985
Erb_2239,3,3_beer_drink_drank_praise,0.4626983
Erb_2240,3,3_beer_drink_drank_praise,0.5819586
Erb_2241,2,2_maiden_marry_old woman_woman,0.50608826
Erb_2243,3,3_beer_drink_drank_praise,0.6789871
Erb_2244,3,3_beer_drink_drank_praise,0.5817084
Erb_2245,3,3_beer_drink_drank_praise,0.43354362
Erb_2246,6,6_crying_scarf_money_daughter,0.5377637
Erb_2248,0,0_beloved_maiden_wreath_song,0.0
Erb_2249,6,6_crying_scarf_money_daughter,1.0
Erb_2250,3,3_beer_drink_drank_praise,0.48894677
Erb_2252,3,3_beer_drink_drank_praise,0.7945906
Erb_2255,3,3_beer_drink_drank_praise,0.34948105
Erb_2256,3,3_beer_drink_drank_praise,0.34524897
Erb_2257,3,3_beer_drink_drank_praise,0.5097775
Erb_2260,3,3_beer_drink_drank_praise,1.0
Erb_2261,3,3_beer_drink_drank_praise,0.76716065
Erb_2264,3,3_beer_drink_drank_praise,1.0
Erb_2265,3,3_beer_drink_drank_praise,0.8374553
Erb_2266,3,3_beer_drink_drank_praise,0.93242514
Erb_2268,8,8_coat_dress_wear_peasant,0.55544794
Erb_2269,3,3_beer_drink_drank_praise,0.7357819
Erb_2270,6,6_crying_scarf_money_daughter,0.48719588
Erb_2271,3,3_beer_drink_drank_praise,0.36927307
Erb_2272,3,3_beer_drink_drank_praise,0.5892824
Erb_2276,3,3_beer_drink_drank_praise,0.6723013
Erb_2277,0,0_beloved_maiden_wreath_song,0.0
Erb_2278,3,3_beer_drink_drank_praise,0.51475936
Erb_2279,8,8_coat_dress_wear_peasant,0.677735
Erb_2280,6,6_crying_scarf_money_daughter,0.45599163
Erb_2282,8,8_coat_dress_wear_peasant,0.55594414
Erb_2283,3,3_beer_drink_drank_praise,0.7570039
Erb_2284,8,8_coat_dress_wear_peasant,0.44121343
Erb_2285,8,8_coat_dress_wear_peasant,0.44832742
Erb_2286,3,3_beer_drink_drank_praise,0.56911004
Erb_2287,3,3_beer_drink_drank_praise,0.61163235
Erb_2291,4,4_sunday_saint_day_spring,0.6163616
Erb_2292,4,4_sunday_saint_day_spring,1.0
Erb_2293,7,7_rye_barley_saint_wheat,0.3992594
Erb_2296,8,8_coat_dress_wear_peasant,0.6679029
Erb_2297,3,3_beer_drink_drank_praise,0.53402907
Erb_2298,8,8_coat_dress_wear_peasant,0.8167031
Erb_2299,8,8_coat_dress_wear_peasant,0.77155757
Erb_2300,5,5_shoes_feet_wear_trousers,0.5395633
Erb_2301,2,2_maiden_marry_old woman_woman,0.33421978
Erb_2302,5,5_shoes_feet_wear_trousers,0.5390583
Erb_2303,6,6_crying_scarf_money_daughter,0.48847774
Erb_2305,0,0_beloved_maiden_wreath_song,0.30409002
Erb_2306,7,7_rye_barley_saint_wheat,0.34132946
Erb_2307,0,0_beloved_maiden_wreath_song,0.0
Erb_2308,0,0_beloved_maiden_wreath_song,0.0
Erb_2309,8,8_coat_dress_wear_peasant,0.91898805
Erb_2310,3,3_beer_drink_drank_praise,1.0
Erb_2312,6,6_crying_scarf_money_daughter,0.7034909
Erb_2313,7,7_rye_barley_saint_wheat,0.40065846
Erb_2314,0,0_beloved_maiden_wreath_song,0.0
Erb_2315,0,0_beloved_maiden_wreath_song,0.0
Erb_2316,3,3_beer_drink_drank_praise,0.45050088
Erb_2317,3,3_beer_drink_drank_praise,0.5051496
Erb_2318,3,3_beer_drink_drank_praise,0.5306353
Erb_2319,0,0_beloved_maiden_wreath_song,0.0
Erb_2320,0,0_beloved_maiden_wreath_song,0.0
Erb_2321,4,4_sunday_saint_day_spring,1.0
Erb_2322,6,6_crying_scarf_money_daughter,0.33429834
Erb_2323,3,3_beer_drink_drank_praise,0.5210384
Erb_2324,7,7_rye_barley_saint_wheat,0.7680113
Erb_2325,7,7_rye_barley_saint_wheat,0.45253092
Erb_2326,0,0_beloved_maiden_wreath_song,0.0
Erb_2327,4,4_sunday_saint_day_spring,0.42843762
Erb_2328,0,0_beloved_maiden_wreath_song,0.0
Erb_2329,3,3_beer_drink_drank_praise,0.5561494
Erb_2330,0,0_beloved_maiden_wreath_song,0.0
Erb_2331,2,2_maiden_marry_old woman_woman,0.39630827
Erb_2332,2,2_maiden_marry_old woman_woman,0.37354785
Erb_2333,8,8_coat_dress_wear_peasant,0.55239904
Erb_2334,2,2_maiden_marry_old woman_woman,0.51407236
Erb_2335,2,2_maiden_marry_old woman_woman,0.43762332
Erb_2336,2,2_maiden_marry_old woman_woman,0.33931857
Erb_2337,0,0_beloved_maiden_wreath_song,0.0
Erb_2338,2,2_maiden_marry_old woman_woman,0.697775
Erb_2339,8,8_coat_dress_wear_peasant,0.23350506
Erb_2340,4,4_sunday_saint_day_spring,0.55541694
Erb_2342,5,5_shoes_feet_wear_trousers,0.38318688
Erb_2344,3,3_beer_drink_drank_praise,0.9492368
Erb_2345,2,2_maiden_marry_old woman_woman,0.5527128
Erb_2346,3,3_beer_drink_drank_praise,0.67199165
Erb_2348,0,0_beloved_maiden_wreath_song,0.0
Erb_2349,8,8_coat_dress_wear_peasant,0.5466483
Erb_2350,8,8_coat_dress_wear_peasant,0.5352231
Erb_2352,7,7_rye_barley_saint_wheat,0.37333217
Erb_2355,8,8_coat_dress_wear_peasant,0.7737551
Erb_2356,4,4_sunday_saint_day_spring,0.38875425
Erb_2358,0,0_beloved_maiden_wreath_song,1.0
Erb_2359,4,4_sunday_saint_day_spring,0.50878567
Erb_2361,8,8_coat_dress_wear_peasant,0.2664295
Erb_2362,8,8_coat_dress_wear_peasant,0.5987613
Erb_2363,3,3_beer_drink_drank_praise,0.35234934
Erb_2364,8,8_coat_dress_wear_peasant,0.55239904
Erb_2366,0,0_beloved_maiden_wreath_song,1.0
Erb_2367,0,0_beloved_maiden_wreath_song,0.0
Erb_2368,6,6_crying_scarf_money_daughter,1.0
Erb_2369,7,7_rye_barley_saint_wheat,0.7686387
Erb_2370,1,1_farmer_plowing_sheep_peasant,0.40329954
Erb_2372,4,4_sunday_saint_day_spring,1.0
Erb_2373,4,4_sunday_saint_day_spring,0.3658494
Erb_2374,0,0_beloved_maiden_wreath_song,0.0
Erb_2375,1,1_farmer_plowing_sheep_peasant,0.54480886
Erb_2376,1,1_farmer_plowing_sheep_peasant,0.54480886
Erb_2378,0,0_beloved_maiden_wreath_song,0.0
Erb_2379,6,6_crying_scarf_money_daughter,0.5746957
Erb_2380,1,1_farmer_plowing_sheep_peasant,0.3988464
Erb_2384,1,1_farmer_plowing_sheep_peasant,0.3922587
Erb_2387,7,7_rye_barley_saint_wheat,0.6601593
Erb_2389,8,8_coat_dress_wear_peasant,1.0
Erb_2390,8,8_coat_dress_wear_peasant,0.81447405
Erb_2391,0,0_beloved_maiden_wreath_song,0.0
Erb_2392,1,1_farmer_plowing_sheep_peasant,0.54480886
Erb_2394,2,2_maiden_marry_old woman_woman,0.6284825
Erb_2397,4,4_sunday_saint_day_spring,0.2654541
Erb_2402,8,8_coat_dress_wear_peasant,1.0
Erb_2403,8,8_coat_dress_wear_peasant,1.0
Erb_2404,5,5_shoes_feet_wear_trousers,0.43299466
Erb_2405,3,3_beer_drink_drank_praise,0.6367847
Erb_2406,5,5_shoes_feet_wear_trousers,1.0
Erb_2407,0,0_beloved_maiden_wreath_song,0.0
Erb_2408,5,5_shoes_feet_wear_trousers,0.7994861
Erb_2409,5,5_shoes_feet_wear_trousers,0.65962124
Erb_2410,5,5_shoes_feet_wear_trousers,0.37726763
Erb_2412,5,5_shoes_feet_wear_trousers,0.53910387
Erb_2413,8,8_coat_dress_wear_peasant,0.70018125
Erb_2414,4,4_sunday_saint_day_spring,0.28871244
Erb_2415,5,5_shoes_feet_wear_trousers,0.53910387
Erb_2416,5,5_shoes_feet_wear_trousers,0.53910387
Erb_2417,5,5_shoes_feet_wear_trousers,0.5237522
Erb_2418,8,8_coat_dress_wear_peasant,0.74047315
Erb_2419,5,5_shoes_feet_wear_trousers,0.53910387
Erb_2420,4,4_sunday_saint_day_spring,0.5960216
Erb_2422,4,4_sunday_saint_day_spring,0.3397562
Erb_2423,6,6_crying_scarf_money_daughter,0.5788203
Erb_2426,4,4_sunday_saint_day_spring,0.714021
Erb_2427,7,7_rye_barley_saint_wheat,0.37104765
Erb_2429,2,2_maiden_marry_old woman_woman,0.4812944
Erb_2430,5,5_shoes_feet_wear_trousers,1.0
Erb_2431,3,3_beer_drink_drank_praise,0.33893436
Erb_2432,1,1_farmer_plowing_sheep_peasant,0.2713343
Erb_2434,1,1_farmer_plowing_sheep_peasant,1.0
Erb_2435,4,4_sunday_saint_day_spring,0.3899919
Erb_2436,1,1_farmer_plowing_sheep_peasant,0.77715373
Erb_2437,8,8_coat_dress_wear_peasant,0.66663843
Erb_2438,4,4_sunday_saint_day_spring,0.51728576
Erb_2439,0,0_beloved_maiden_wreath_song,1.0
Erb_2441,7,7_rye_barley_saint_wheat,0.4593639
Erb_2442,0,0_beloved_maiden_wreath_song,0.0
Erb_2443,8,8_coat_dress_wear_peasant,0.3467165
Erb_2444,1,1_farmer_plowing_sheep_peasant,0.3562096
Erb_2446,1,1_farmer_plowing_sheep_peasant,0.42839947
Erb_2447,0,0_beloved_maiden_wreath_song,0.0
Erb_2450,0,0_beloved_maiden_wreath_song,0.0
Erb_2451,2,2_maiden_marry_old woman_woman,0.6349567
Erb_2452,4,4_sunday_saint_day_spring,0.23378393
Erb_2453,6,6_crying_scarf_money_daughter,0.4866476
Erb_2455,1,1_farmer_plowing_sheep_peasant,0.51869726
Erb_2456,1,1_farmer_plowing_sheep_peasant,0.47988665
Erb_2457,2,2_maiden_marry_old woman_woman,0.37370393
Erb_2459,8,8_coat_dress_wear_peasant,0.34033588
Erb_2460,8,8_coat_dress_wear_peasant,0.33223018
Erb_2461,7,7_rye_barley_saint_wheat,0.4476764
Erb_2463,8,8_coat_dress_wear_peasant,0.56601036
Erb_2466,8,8_coat_dress_wear_peasant,0.24834947
Erb_2468,6,6_crying_scarf_money_daughter,0.4837195
Erb_2470,5,5_shoes_feet_wear_trousers,0.40927806
Erb_2471,1,1_farmer_plowing_sheep_peasant,0.36621946
Erb_2473,6,6_crying_scarf_money_daughter,0.31119263
Erb_2476,2,2_maiden_marry_old woman_woman,0.28680927
Erb_2477,0,0_beloved_maiden_wreath_song,0.0
Erb_2478,0,0_beloved_maiden_wreath_song,0.0
Erb_2479,0,0_beloved_maiden_wreath_song,0.0
Erb_2480,8,8_coat_dress_wear_peasant,1.0
Erb_2481,0,0_beloved_maiden_wreath_song,0.0
Erb_2482,8,8_coat_dress_wear_peasant,0.5879707
Erb_2483,6,6_crying_scarf_money_daughter,0.397599
Erb_2484,7,7_rye_barley_saint_wheat,0.2428071
Erb_2488,1,1_farmer_plowing_sheep_peasant,0.610536
Erb_2490,7,7_rye_barley_saint_wheat,0.3806464
Erb_2493,8,8_coat_dress_wear_peasant,0.6374317
Erb_2494,0,0_beloved_maiden_wreath_song,0.5026501
Erb_2495,7,7_rye_barley_saint_wheat,0.2754763
Erb_2496,4,4_sunday_saint_day_spring,0.4895682
Erb_2497,5,5_shoes_feet_wear_trousers,1.0
Erb_2498,5,5_shoes_feet_wear_trousers,1.0
Erb_2499,0,0_beloved_maiden_wreath_song,0.47824132
Erb_2500,3,3_beer_drink_drank_praise,0.24412219
Erb_2501,0,0_beloved_maiden_wreath_song,0.0
Erb_2502,0,0_beloved_maiden_wreath_song,0.0
Erb_2503,5,5_shoes_feet_wear_trousers,0.5111264
Erb_2504,6,6_crying_scarf_money_daughter,0.38490242
Erb_2506,5,5_shoes_feet_wear_trousers,0.5578914
Erb_2507,5,5_shoes_feet_wear_trousers,0.581243
Erb_2508,5,5_shoes_feet_wear_trousers,0.3381788
Erb_2509,8,8_coat_dress_wear_peasant,1.0
Erb_2510,0,0_beloved_maiden_wreath_song,0.6193209
Erb_2511,3,3_beer_drink_drank_praise,0.89737695
Erb_2513,6,6_crying_scarf_money_daughter,0.39936343
Erb_2516,7,7_rye_barley_saint_wheat,0.50785583
Erb_2517,8,8_coat_dress_wear_peasant,0.3812092
Erb_2518,3,3_beer_drink_drank_praise,0.6195364
Erb_2519,4,4_sunday_saint_day_spring,0.515396
Erb_2520,1,1_farmer_plowing_sheep_peasant,0.3757951
Erb_2521,0,0_beloved_maiden_wreath_song,0.0
Erb_2522,7,7_rye_barley_saint_wheat,0.631585
Erb_2523,2,2_maiden_marry_old woman_woman,0.2985006
Erb_2526,0,0_beloved_maiden_wreath_song,0.0
Erb_2529,6,6_crying_scarf_money_daughter,0.279893
Erb_2530,6,6_crying_scarf_money_daughter,1.0
Erb_2532,4,4_sunday_saint_day_spring,0.5228074
Erb_2535,4,4_sunday_saint_day_spring,0.57488656
Erb_2536,1,1_farmer_plowing_sheep_peasant,0.48800445
Erb_2537,1,1_farmer_plowing_sheep_peasant,0.25453413
Erb_2540,1,1_farmer_plowing_sheep_peasant,0.35863352
Erb_2541,7,7_rye_barley_saint_wheat,0.7256096
Erb_2543,5,5_shoes_feet_wear_trousers,0.71678036
Erb_2544,1,1_farmer_plowing_sheep_peasant,0.55589634
Erb_2545,1,1_farmer_plowing_sheep_peasant,0.55187523
Erb_2546,1,1_farmer_plowing_sheep_peasant,0.5474562
Erb_2547,1,1_farmer_plowing_sheep_peasant,0.44027853
Erb_2548,1,1_farmer_plowing_sheep_peasant,0.2558732
Erb_2550,1,1_farmer_plowing_sheep_peasant,0.463494
Erb_2551,0,0_beloved_maiden_wreath_song,0.0
Erb_2552,8,8_coat_dress_wear_peasant,0.27321923
Erb_2553,6,6_crying_scarf_money_daughter,1.0
Erb_2555,8,8_coat_dress_wear_peasant,0.6202905
Erb_2556,8,8_coat_dress_wear_peasant,0.49093965
Erb_2558,1,1_farmer_plowing_sheep_peasant,0.49760544
Erb_2559,1,1_farmer_plowing_sheep_peasant,0.55589634
Erb_2560,1,1_farmer_plowing_sheep_peasant,1.0
Erb_2561,8,8_coat_dress_wear_peasant,0.536651
Erb_2562,8,8_coat_dress_wear_peasant,1.0
Erb_2563,8,8_coat_dress_wear_peasant,0.44571763
Erb_2564,5,5_shoes_feet_wear_trousers,0.42825964
Erb_2565,1,1_farmer_plowing_sheep_peasant,1.0
Erb_2566,3,3_beer_drink_drank_praise,0.2460489
Erb_2567,7,7_rye_barley_saint_wheat,0.8003959
Erb_2568,1,1_farmer_plowing_sheep_peasant,0.55589634
Erb_2569,1,1_farmer_plowing_sheep_peasant,0.5277511
Erb_2570,1,1_farmer_plowing_sheep_peasant,1.0
Erb_2571,7,7_rye_barley_saint_wheat,1.0
Erb_2572,6,6_crying_scarf_money_daughter,0.65563846
Erb_2573,1,1_farmer_plowing_sheep_peasant,0.94514704
Erb_2574,8,8_coat_dress_wear_peasant,0.4629857
Erb_2576,1,1_farmer_plowing_sheep_peasant,1.0
Erb_2577,7,7_rye_barley_saint_wheat,0.4736693
Erb_2579,8,8_coat_dress_wear_peasant,0.753306
Erb_2580,1,1_farmer_plowing_sheep_peasant,0.50521946
Erb_2581,1,1_farmer_plowing_sheep_peasant,0.80429125
Erb_2582,7,7_rye_barley_saint_wheat,0.52936083
Erb_2583,1,1_farmer_plowing_sheep_peasant,0.3190571
Erb_2584,7,7_rye_barley_saint_wheat,0.3405351
Erb_2585,4,4_sunday_saint_day_spring,0.5049622
Erb_2586,0,0_beloved_maiden_wreath_song,0.0
Erb_2587,4,4_sunday_saint_day_spring,0.31702685
Erb_2589,1,1_farmer_plowing_sheep_peasant,0.55154204
Erb_2590,1,1_farmer_plowing_sheep_peasant,0.26942083
Erb_2591,8,8_coat_dress_wear_peasant,0.6636634
Erb_2592,1,1_farmer_plowing_sheep_peasant,0.54480886
Erb_2593,1,1_farmer_plowing_sheep_peasant,0.74766463
Erb_2594,6,6_crying_scarf_money_daughter,0.56913567
Erb_2596,0,0_beloved_maiden_wreath_song,0.0
Erb_2599,5,5_shoes_feet_wear_trousers,0.2912868
Erb_2601,7,7_rye_barley_saint_wheat,0.70884836
Erb_2602,1,1_farmer_plowing_sheep_peasant,0.4177051
Erb_2603,1,1_farmer_plowing_sheep_peasant,1.0
Erb_2604,6,6_crying_scarf_money_daughter,0.5030893
Erb_2605,4,4_sunday_saint_day_spring,0.7472416
Erb_2606,4,4_sunday_saint_day_spring,0.32328486
Erb_2607,4,4_sunday_saint_day_spring,0.5263449
Erb_2609,3,3_beer_drink_drank_praise,0.5306016
Erb_2610,1,1_farmer_plowing_sheep_peasant,0.29502034
Erb_2612,4,4_sunday_saint_day_spring,1.0
Erb_2613,4,4_sunday_saint_day_spring,0.44664013
Erb_2614,2,2_maiden_marry_old woman_woman,1.0
Erb_2615,4,4_sunday_saint_day_spring,1.0
Erb_2616,7,7_rye_barley_saint_wheat,0.45847598
Erb_2618,7,7_rye_barley_saint_wheat,0.30993843
Erb_2620,4,4_sunday_saint_day_spring,1.0
Erb_2622,7,7_rye_barley_saint_wheat,0.53243476
Erb_2623,0,0_beloved_maiden_wreath_song,0.0
Erb_2624,1,1_farmer_plowing_sheep_peasant,0.5637116
Erb_2625,6,6_crying_scarf_money_daughter,0.8532158
Erb_2626,3,3_beer_drink_drank_praise,0.566516
Erb_2627,1,1_farmer_plowing_sheep_peasant,0.39527667
Erb_2628,4,4_sunday_saint_day_spring,0.47520444
Erb_2630,4,4_sunday_saint_day_spring,1.0
Erb_2631,7,7_rye_barley_saint_wheat,1.0
Erb_2632,4,4_sunday_saint_day_spring,0.43136543
Erb_2633,7,7_rye_barley_saint_wheat,0.52992094
Erb_2634,7,7_rye_barley_saint_wheat,0.46944794
Erb_2635,0,0_beloved_maiden_wreath_song,0.0
Erb_2636,8,8_coat_dress_wear_peasant,1.0
Erb_2638,1,1_farmer_plowing_sheep_peasant,0.6223439
Erb_2639,1,1_farmer_plowing_sheep_peasant,1.0
Erb_2641,1,1_farmer_plowing_sheep_peasant,1.0
Erb_2642,1,1_farmer_plowing_sheep_peasant,1.0
Erb_2643,0,0_beloved_maiden_wreath_song,0.0
Erb_2644,7,7_rye_barley_saint_wheat,0.34216243
Erb_2645,3,3_beer_drink_drank_praise,0.28073385
Erb_2646,1,1_farmer_plowing_sheep_peasant,0.6367347
Erb_2647,0,0_beloved_maiden_wreath_song,0.0
Erb_2648,6,6_crying_scarf_money_daughter,0.7010407
Erb_2649,4,4_sunday_saint_day_spring,0.714021
Erb_2650,5,5_shoes_feet_wear_trousers,1.0
Erb_2652,5,5_shoes_feet_wear_trousers,0.81368744
Erb_2653,5,5_shoes_feet_wear_trousers,0.72577333
Erb_2654,5,5_shoes_feet_wear_trousers,0.7211645
Erb_2657,3,3_beer_drink_drank_praise,1.0
Erb_2658,8,8_coat_dress_wear_peasant,0.46092936
Erb_2659,8,8_coat_dress_wear_peasant,0.812727
Erb_2660,7,7_rye_barley_saint_wheat,0.5960921
Erb_2661,1,1_farmer_plowing_sheep_peasant,0.5271703
Erb_2663,6,6_crying_scarf_money_daughter,0.40887922
Erb_2664,7,7_rye_barley_saint_wheat,1.0
Erb_2665,8,8_coat_dress_wear_peasant,0.41038483
Erb_2666,6,6_crying_scarf_money_daughter,0.34824708
Erb_2668,4,4_sunday_saint_day_spring,0.8092676
Erb_2669,0,0_beloved_maiden_wreath_song,0.0
Erb_2670,0,0_beloved_maiden_wreath_song,0.0
Erb_2671,4,4_sunday_saint_day_spring,0.51728576
Erb_2672,0,0_beloved_maiden_wreath_song,0.0
Erb_2673,5,5_shoes_feet_wear_trousers,0.4757295
Erb_2674,4,4_sunday_saint_day_spring,0.51728576
Erb_2675,0,0_beloved_maiden_wreath_song,0.0
Erb_2676,1,1_farmer_plowing_sheep_peasant,1.0
Erb_2677,6,6_crying_scarf_money_daughter,0.4231388
Erb_2678,4,4_sunday_saint_day_spring,0.67174375
Erb_2679,8,8_coat_dress_wear_peasant,0.38324007
Erb_2681,3,3_beer_drink_drank_praise,0.5377664
Erb_2683,3,3_beer_drink_drank_praise,1.0
Erb_2684,8,8_coat_dress_wear_peasant,0.2945373
Erb_2685,0,0_beloved_maiden_wreath_song,0.0
Erb_2686,5,5_shoes_feet_wear_trousers,0.6248372
Erb_2687,6,6_crying_scarf_money_daughter,0.5042175
Erb_2688,6,6_crying_scarf_money_daughter,0.45977506
Erb_2689,1,1_farmer_plowing_sheep_peasant,1.0
Erb_2690,0,0_beloved_maiden_wreath_song,0.0
Erb_2691,3,3_beer_drink_drank_praise,0.2794758
Erb_2692,0,0_beloved_maiden_wreath_song,0.0
Erb_2694,0,0_beloved_maiden_wreath_song,0.0
Erb_2695,4,4_sunday_saint_day_spring,0.6007865
Erb_2696,8,8_coat_dress_wear_peasant,0.69589424
Erb_2697,3,3_beer_drink_drank_praise,1.0
Erb_2698,5,5_shoes_feet_wear_trousers,1.0
Erb_2699,1,1_farmer_plowing_sheep_peasant,0.29583478
Erb_2700,0,0_beloved_maiden_wreath_song,0.0
Erb_2702,0,0_beloved_maiden_wreath_song,1.0
Erb_2705,6,6_crying_scarf_money_daughter,0.28510574
Erb_2706,8,8_coat_dress_wear_peasant,0.45328066
Erb_2707,6,6_crying_scarf_money_daughter,1.0
Erb_2708,8,8_coat_dress_wear_peasant,0.5599302
Erb_2710,6,6_crying_scarf_money_daughter,0.29443222
Erb_2713,4,4_sunday_saint_day_spring,0.5530524
Erb_2714,6,6_crying_scarf_money_daughter,0.5244778
Erb_2715,2,2_maiden_marry_old woman_woman,0.37306237
Erb_2717,6,6_crying_scarf_money_daughter,0.3204083
Erb_2718,0,0_beloved_maiden_wreath_song,0.0
Erb_2719,4,4_sunday_saint_day_spring,0.2886842
Erb_2723,4,4_sunday_saint_day_spring,0.3328299
Erb_2725,0,0_beloved_maiden_wreath_song,0.0
Erb_2726,8,8_coat_dress_wear_peasant,0.5294549
Erb_2731,0,0_beloved_maiden_wreath_song,0.0
Erb_2732,8,8_coat_dress_wear_peasant,0.6263433
Erb_2734,0,0_beloved_maiden_wreath_song,0.0
Erb_2736,8,8_coat_dress_wear_peasant,0.61727744
Erb_2737,8,8_coat_dress_wear_peasant,0.549562
Erb_2739,6,6_crying_scarf_money_daughter,0.3315006
Erb_2750,8,8_coat_dress_wear_peasant,0.7805002
Erb_2752,4,4_sunday_saint_day_spring,0.714021
Erb_2753,7,7_rye_barley_saint_wheat,0.4139054
Erb_2754,8,8_coat_dress_wear_peasant,0.29995897
Erb_2757,0,0_beloved_maiden_wreath_song,0.37662706
Erb_2758,5,5_shoes_feet_wear_trousers,0.44693357
Erb_2759,3,3_beer_drink_drank_praise,0.47906682
Erb_2762,1,1_farmer_plowing_sheep_peasant,1.0
Erb_2764,1,1_farmer_plowing_sheep_peasant,1.0
Erb_2765,8,8_coat_dress_wear_peasant,0.8623716
Erb_2766,8,8_coat_dress_wear_peasant,1.0
Erb_2768,4,4_sunday_saint_day_spring,0.58140975
Erb_2769,6,6_crying_scarf_money_daughter,0.6574543
Erb_2770,0,0_beloved_maiden_wreath_song,0.36039916
Erb_2771,4,4_sunday_saint_day_spring,0.5812588
Erb_2773,2,2_maiden_marry_old woman_woman,0.32441103
Erb_2776,8,8_coat_dress_wear_peasant,1.0
Erb_2777,8,8_coat_dress_wear_peasant,0.58143634
Erb_2778,5,5_shoes_feet_wear_trousers,0.5162363
Erb_2779,0,0_beloved_maiden_wreath_song,0.0
Erb_2780,8,8_coat_dress_wear_peasant,0.3871632
Erb_2781,8,8_coat_dress_wear_peasant,0.21855772
Erb_2783,8,8_coat_dress_wear_peasant,0.30857414
Erb_2784,4,4_sunday_saint_day_spring,0.30215675
Erb_2788,8,8_coat_dress_wear_peasant,0.5705669
Erb_2789,4,4_sunday_saint_day_spring,0.32957613
Erb_2791,8,8_coat_dress_wear_peasant,0.43974414
Erb_2794,8,8_coat_dress_wear_peasant,0.83240646
Erb_2795,8,8_coat_dress_wear_peasant,0.5227988
Erb_2796,1,1_farmer_plowing_sheep_peasant,0.25813174
Erb_2798,8,8_coat_dress_wear_peasant,0.46615908
Erb_2799,8,8_coat_dress_wear_peasant,0.26784405
Erb_2801,6,6_crying_scarf_money_daughter,0.5152089
Erb_2802,0,0_beloved_maiden_wreath_song,0.0
Erb_2804,7,7_rye_barley_saint_wheat,0.3935181
Erb_2806,0,0_beloved_maiden_wreath_song,0.34019276
Erb_2807,0,0_beloved_maiden_wreath_song,0.37782842
Erb_2810,0,0_beloved_maiden_wreath_song,0.0
Erb_2811,7,7_rye_barley_saint_wheat,0.57324606
Erb_2812,0,0_beloved_maiden_wreath_song,0.7312412
Erb_2813,3,3_beer_drink_drank_praise,0.4928061
Erb_2816,0,0_beloved_maiden_wreath_song,0.4983213
Erb_2817,7,7_rye_barley_saint_wheat,1.0
Erb_2818,6,6_crying_scarf_money_daughter,0.49854663
Erb_2819,1,1_farmer_plowing_sheep_peasant,0.47174478
Erb_2820,2,2_maiden_marry_old woman_woman,0.4546835
Erb_2822,0,0_beloved_maiden_wreath_song,0.0
Erb_2824,3,3_beer_drink_drank_praise,0.2727782
Erb_2827,8,8_coat_dress_wear_peasant,0.23331401
Erb_2828,0,0_beloved_maiden_wreath_song,0.0
Erb_2830,1,1_farmer_plowing_sheep_peasant,0.7019837
Erb_2831,8,8_coat_dress_wear_peasant,0.5694312
Erb_2833,8,8_coat_dress_wear_peasant,0.7143181
Erb_2834,8,8_coat_dress_wear_peasant,0.33211598
Erb_2835,8,8_coat_dress_wear_peasant,0.6578826
Erb_2836,1,1_farmer_plowing_sheep_peasant,0.42379367
Erb_2837,5,5_shoes_feet_wear_trousers,0.2919798
Erb_2839,0,0_beloved_maiden_wreath_song,0.0
Erb_2841,0,0_beloved_maiden_wreath_song,1.0
Erb_2842,0,0_beloved_maiden_wreath_song,1.0
Erb_2843,4,4_sunday_saint_day_spring,0.50302356
Erb_2844,7,7_rye_barley_saint_wheat,0.828542
Erb_2845,8,8_coat_dress_wear_peasant,0.93240976
Erb_2846,4,4_sunday_saint_day_spring,0.714021
Erb_2847,1,1_farmer_plowing_sheep_peasant,0.575314
Erb_2848,0,0_beloved_maiden_wreath_song,0.37314987
Erb_2850,5,5_shoes_feet_wear_trousers,0.35563007
Erb_2851,2,2_maiden_marry_old woman_woman,0.5448804
Erb_2852,0,0_beloved_maiden_wreath_song,0.0
Erb_2853,7,7_rye_barley_saint_wheat,1.0
Erb_2854,5,5_shoes_feet_wear_trousers,0.8659679
Erb_2855,8,8_coat_dress_wear_peasant,0.27809596
Erb_2858,4,4_sunday_saint_day_spring,0.6863129
Erb_2860,5,5_shoes_feet_wear_trousers,0.40642765
Erb_2861,0,0_beloved_maiden_wreath_song,0.35726324
Erb_2864,1,1_farmer_plowing_sheep_peasant,0.5154952
Erb_2866,0,0_beloved_maiden_wreath_song,0.4531652
Erb_2868,0,0_beloved_maiden_wreath_song,1.0
Erb_2869,1,1_farmer_plowing_sheep_peasant,0.86245835
Erb_2870,0,0_beloved_maiden_wreath_song,0.0
Erb_2871,0,0_beloved_maiden_wreath_song,0.5805421
Erb_2872,2,2_maiden_marry_old woman_woman,0.48951322
Erb_2873,8,8_coat_dress_wear_peasant,0.9459269
Erb_2874,2,2_maiden_marry_old woman_woman,0.38609427
Erb_2877,2,2_maiden_marry_old woman_woman,0.71010125
Erb_2878,6,6_crying_scarf_money_daughter,1.0
Erb_2879,0,0_beloved_maiden_wreath_song,0.0
Erb_2881,2,2_maiden_marry_old woman_woman,0.71010125
Erb_2884,6,6_crying_scarf_money_daughter,0.50021756
Erb_2885,5,5_shoes_feet_wear_trousers,1.0
Erb_2886,6,6_crying_scarf_money_daughter,0.19151263
Erb_2887,8,8_coat_dress_wear_peasant,0.62654746
Erb_2888,7,7_rye_barley_saint_wheat,0.6278087
Erb_2889,2,2_maiden_marry_old woman_woman,0.43892166
Erb_2890,8,8_coat_dress_wear_peasant,0.547734
Erb_2893,8,8_coat_dress_wear_peasant,0.52165365
Erb_2894,8,8_coat_dress_wear_peasant,0.24351701
Erb_2896,7,7_rye_barley_saint_wheat,0.39354965
Erb_2897,0,0_beloved_maiden_wreath_song,1.0
Erb_2898,1,1_farmer_plowing_sheep_peasant,0.44858736
Erb_2900,8,8_coat_dress_wear_peasant,0.33181807
THB_11,0,0_beloved_maiden_wreath_song,0.394856
THB_12,0,0_beloved_maiden_wreath_song,1.0
THB_13,8,8_coat_dress_wear_peasant,0.3962973
THB_14,8,8_coat_dress_wear_peasant,0.369936
THB_15,8,8_coat_dress_wear_peasant,0.3468316
THB_16,1,1_farmer_plowing_sheep_peasant,0.52996475
THB_17,4,4_sunday_saint_day_spring,1.0
THB_18,3,3_beer_drink_drank_praise,0.564581
THB_19,2,2_maiden_marry_old woman_woman,0.36186352
THB_20,2,2_maiden_marry_old woman_woman,0.5693675
THB_22,2,2_maiden_marry_old woman_woman,0.6119475
THB_23,2,2_maiden_marry_old woman_woman,0.43631425
THB_24,8,8_coat_dress_wear_peasant,0.4678722
THB_25,8,8_coat_dress_wear_peasant,0.45868966
THB_26,3,3_beer_drink_drank_praise,0.556048
THB_27,4,4_sunday_saint_day_spring,0.5782296
THB_28,0,0_beloved_maiden_wreath_song,0.0
THB_29,8,8_coat_dress_wear_peasant,0.44526854
THB_30,8,8_coat_dress_wear_peasant,0.5483361
THB_31,4,4_sunday_saint_day_spring,0.36648104
THB_32,1,1_farmer_plowing_sheep_peasant,0.33836523
THB_33,0,0_beloved_maiden_wreath_song,0.32174483
THB_34,7,7_rye_barley_saint_wheat,0.49450684
THB_35,2,2_maiden_marry_old woman_woman,0.50747496
THB_36,4,4_sunday_saint_day_spring,0.41484532
THB_37,7,7_rye_barley_saint_wheat,0.7839647
THB_38,7,7_rye_barley_saint_wheat,0.23326279
THB_39,6,6_crying_scarf_money_daughter,0.3932363
THB_40,6,6_crying_scarf_money_daughter,0.2195514
THB_41,7,7_rye_barley_saint_wheat,0.33047116
THB_42,2,2_maiden_marry_old woman_woman,0.5644097
THB_43,7,7_rye_barley_saint_wheat,1.0
THB_44,7,7_rye_barley_saint_wheat,0.35894352
THB_46,6,6_crying_scarf_money_daughter,0.31161502
THB_47,2,2_maiden_marry_old woman_woman,0.46267408
THB_48,4,4_sunday_saint_day_spring,0.44296288
THB_49,7,7_rye_barley_saint_wheat,0.38106605
THB_50,3,3_beer_drink_drank_praise,0.9134762
THB_51,0,0_beloved_maiden_wreath_song,0.0
THB_52,8,8_coat_dress_wear_peasant,0.536417
THB_53,8,8_coat_dress_wear_peasant,0.2769023
THB_54,0,0_beloved_maiden_wreath_song,0.0
THB_55,2,2_maiden_marry_old woman_woman,0.29439083
THB_56,8,8_coat_dress_wear_peasant,0.21095668
THB_57,8,8_coat_dress_wear_peasant,0.52393514
THB_58,3,3_beer_drink_drank_praise,1.0
THB_60,4,4_sunday_saint_day_spring,0.2426069
THB_61,7,7_rye_barley_saint_wheat,1.0
THB_62,2,2_maiden_marry_old woman_woman,0.34004354
THB_64,8,8_coat_dress_wear_peasant,1.0
THB_65,6,6_crying_scarf_money_daughter,0.7010334
THB_66,7,7_rye_barley_saint_wheat,0.5196084
THB_67,0,0_beloved_maiden_wreath_song,0.5080401
THB_68,5,5_shoes_feet_wear_trousers,0.403411
THB_69,0,0_beloved_maiden_wreath_song,0.0
THB_70,4,4_sunday_saint_day_spring,0.38520235
THB_71,1,1_farmer_plowing_sheep_peasant,0.39214033
THB_72,5,5_shoes_feet_wear_trousers,0.31906378
THB_93,8,8_coat_dress_wear_peasant,1.0
THB_94,1,1_farmer_plowing_sheep_peasant,0.45197827
THB_95,1,1_farmer_plowing_sheep_peasant,1.0
THB_96,6,6_crying_scarf_money_daughter,0.4594179
THB_97,5,5_shoes_feet_wear_trousers,0.28543648
THB_98,8,8_coat_dress_wear_peasant,0.8338797
THB_99,4,4_sunday_saint_day_spring,0.26115552
THB_100,4,4_sunday_saint_day_spring,0.63933516
THB_101,6,6_crying_scarf_money_daughter,0.24361141
THB_102,2,2_maiden_marry_old woman_woman,0.6857928
THB_103,7,7_rye_barley_saint_wheat,0.49373305
THB_104,0,0_beloved_maiden_wreath_song,0.44020784
THB_105,6,6_crying_scarf_money_daughter,0.3856336
THB_137,5,5_shoes_feet_wear_trousers,1.0
THB_138,7,7_rye_barley_saint_wheat,0.34958398
THB_139,1,1_farmer_plowing_sheep_peasant,0.46898115
THB_140,0,0_beloved_maiden_wreath_song,0.0
THB_141,6,6_crying_scarf_money_daughter,0.2392798
THB_142,8,8_coat_dress_wear_peasant,0.2324827
THB_143,8,8_coat_dress_wear_peasant,1.0
THB_144,8,8_coat_dress_wear_peasant,0.52109504
THB_145,4,4_sunday_saint_day_spring,0.2882277
THB_146,4,4_sunday_saint_day_spring,0.33202124
