id,assigned_topic,topic_label,top_topic_prob
HPod_1,0,0_loved_loves_maiden_dearest,0.0
HPod_4,0,0_loved_loves_maiden_dearest,1.0
HPod_9,7,7_prague_czech_sang_soldiers,0.5878143
HPod_11,7,7_prague_czech_sang_soldiers,0.34042382
HPod_12,4,4_little horse_soldiers_black horse_horse,0.35246474
HPod_13,3,3_beer_drink_drinks_drunk,0.41233638
HPod_15,8,8_shoe_farmer_shoes_feet,0.57523376
HPod_16,0,0_loved_loves_maiden_dearest,0.0
HPod_18,0,0_loved_loves_maiden_dearest,0.0
HPod_19,6,6_circle_children_little bird_hop,0.532731
HPod_21,7,7_prague_czech_sang_soldiers,0.37649503
HPod_22,5,5_saint_saint peter_rye_sunday,1.0
HPod_23,0,0_loved_loves_maiden_dearest,1.0
HPod_24,6,6_circle_children_little bird_hop,0.5010161
HPod_27,0,0_loved_loves_maiden_dearest,0.57769835
HPod_28,0,0_loved_loves_maiden_dearest,1.0
HPod_30,7,7_prague_czech_sang_soldiers,0.42688233
HPod_31,4,4_little horse_soldiers_black horse_horse,0.39091837
HPod_32,4,4_little horse_soldiers_black horse_horse,0.5397943
HPod_33,0,0_loved_loves_maiden_dearest,0.50382376
HPod_34,3,3_beer_drink_drinks_drunk,0.28755423
HPod_37,2,2_farmer_cows_sheep_little horse,0.5916986
HPod_41,0,0_loved_loves_maiden_dearest,0.0
HPod_42,5,5_saint_saint peter_rye_sunday,0.63188607
HPod_43,0,0_loved_loves_maiden_dearest,0.51899457
HPod_44,2,2_farmer_cows_sheep_little horse,0.43881905
HPod_45,6,6_circle_children_little bird_hop,0.9033975
HPod_46,4,4_little horse_soldiers_black horse_horse,0.35289878
HPod_48,3,3_beer_drink_drinks_drunk,0.7511906
HPod_49,7,7_prague_czech_sang_soldiers,0.93891597
HPod_50,5,5_saint_saint peter_rye_sunday,0.73006153
HPod_51,7,7_prague_czech_sang_soldiers,1.0
HPod_52,5,5_saint_saint peter_rye_sunday,0.67762077
HPod_53,3,3_beer_drink_drinks_drunk,0.67354935
HPod_54,0,0_loved_loves_maiden_dearest,0.0
HPod_55,0,0_loved_loves_maiden_dearest,0.0
HPod_56,0,0_loved_loves_maiden_dearest,0.75277895
HPod_57,0,0_loved_loves_maiden_dearest,0.0
HPod_58,0,0_loved_loves_maiden_dearest,0.0
HPod_59,6,6_circle_children_little bird_hop,0.50782245
HPod_60,7,7_prague_czech_sang_soldiers,0.28622133
HPod_65,7,7_prague_czech_sang_soldiers,1.0
HPod_67,0,0_loved_loves_maiden_dearest,0.0
HPod_70,2,2_farmer_cows_sheep_little horse,0.34875894
HPod_71,5,5_saint_saint peter_rye_sunday,0.50486344
HPod_72,0,0_loved_loves_maiden_dearest,0.0
HPod_75,8,8_shoe_farmer_shoes_feet,0.80737454
HPod_77,0,0_loved_loves_maiden_dearest,1.0
HPod_78,5,5_saint_saint peter_rye_sunday,0.2340208
HPod_82,2,2_farmer_cows_sheep_little horse,1.0
HPod_84,6,6_circle_children_little bird_hop,0.6573563
HPod_85,7,7_prague_czech_sang_soldiers,0.80655444
HPod_86,2,2_farmer_cows_sheep_little horse,0.46222815
HPod_87,4,4_little horse_soldiers_black horse_horse,0.31144324
HPod_88,0,0_loved_loves_maiden_dearest,0.0
HPod_89,8,8_shoe_farmer_shoes_feet,1.0
HPod_94,5,5_saint_saint peter_rye_sunday,0.67398864
HPod_95,0,0_loved_loves_maiden_dearest,0.0
HPod_97,0,0_loved_loves_maiden_dearest,0.0
HPod_98,0,0_loved_loves_maiden_dearest,0.500823
HPod_99,5,5_saint_saint peter_rye_sunday,1.0
HPod_100,7,7_prague_czech_sang_soldiers,0.6256512
HPod_101,2,2_farmer_cows_sheep_little horse,1.0
HPod_102,7,7_prague_czech_sang_soldiers,1.0
HPod_107,7,7_prague_czech_sang_soldiers,0.8028001
HPod_108,3,3_beer_drink_drinks_drunk,0.5236452
HPod_110,3,3_beer_drink_drinks_drunk,0.62877065
HPod_112,5,5_saint_saint peter_rye_sunday,0.37729213
HPod_115,0,0_loved_loves_maiden_dearest,0.0
HPod_116,6,6_circle_children_little bird_hop,0.5914331
HPod_118,7,7_prague_czech_sang_soldiers,0.4848202
HPod_122,3,3_beer_drink_drinks_drunk,0.62835014
HPod_123,0,0_loved_loves_maiden_dearest,1.0
HPod_125,0,0_loved_loves_maiden_dearest,0.30808216
HPod_126,7,7_prague_czech_sang_soldiers,0.73183745
HPod_127,0,0_loved_loves_maiden_dearest,0.0
HPod_128,0,0_loved_loves_maiden_dearest,0.0
HPod_129,7,7_prague_czech_sang_soldiers,0.8765207
HPod_130,0,0_loved_loves_maiden_dearest,0.3763117
HPod_131,1,1_feast_christmas_lord god_heaven,0.23406003
HPod_132,1,1_feast_christmas_lord god_heaven,1.0
HPod_133,0,0_loved_loves_maiden_dearest,0.5852456
HPod_134,5,5_saint_saint peter_rye_sunday,0.8448339
HPod_135,2,2_farmer_cows_sheep_little horse,0.4181815
HPod_136,0,0_loved_loves_maiden_dearest,0.41058975
HPod_141,5,5_saint_saint peter_rye_sunday,0.61731374
HPod_143,5,5_saint_saint peter_rye_sunday,0.3367932
HPod_148,0,0_loved_loves_maiden_dearest,0.0
HPod_149,4,4_little horse_soldiers_black horse_horse,0.43767953
HPod_150,5,5_saint_saint peter_rye_sunday,0.67129576
HPod_151,3,3_beer_drink_drinks_drunk,0.39551657
HPod_155,0,0_loved_loves_maiden_dearest,1.0
HPod_156,0,0_loved_loves_maiden_dearest,0.5500682
HPod_159,6,6_circle_children_little bird_hop,0.5832285
HPod_160,0,0_loved_loves_maiden_dearest,0.0
HPod_162,7,7_prague_czech_sang_soldiers,1.0
HPod_163,8,8_shoe_farmer_shoes_feet,0.5175647
HPod_166,2,2_farmer_cows_sheep_little horse,0.3007408
HPod_167,0,0_loved_loves_maiden_dearest,1.0
HPod_168,6,6_circle_children_little bird_hop,0.5574161
HPod_169,0,0_loved_loves_maiden_dearest,1.0
HPod_170,0,0_loved_loves_maiden_dearest,0.0
HPod_171,7,7_prague_czech_sang_soldiers,1.0
HPod_174,1,1_feast_christmas_lord god_heaven,0.6293932
HPod_176,6,6_circle_children_little bird_hop,0.6970968
HPod_177,4,4_little horse_soldiers_black horse_horse,0.43486786
HPod_183,4,4_little horse_soldiers_black horse_horse,0.37257195
HPod_185,4,4_little horse_soldiers_black horse_horse,0.44109198
HPod_187,0,0_loved_loves_maiden_dearest,0.0
HPod_188,2,2_farmer_cows_sheep_little horse,0.39944962
HPod_189,5,5_saint_saint peter_rye_sunday,1.0
HPod_190,0,0_loved_loves_maiden_dearest,0.6372696
HPod_191,0,0_loved_loves_maiden_dearest,0.6169931
HPod_192,5,5_saint_saint peter_rye_sunday,0.59952116
HPod_194,6,6_circle_children_little bird_hop,0.29561877
HPod_195,2,2_farmer_cows_sheep_little horse,1.0
HPod_196,5,5_saint_saint peter_rye_sunday,0.61109614
HPod_197,4,4_little horse_soldiers_black horse_horse,0.3209724
HPod_199,4,4_little horse_soldiers_black horse_horse,0.50808907
HPod_203,6,6_circle_children_little bird_hop,0.5200578
HPod_204,3,3_beer_drink_drinks_drunk,0.41254917
HPod_205,6,6_circle_children_little bird_hop,0.30259046
HPod_206,5,5_saint_saint peter_rye_sunday,0.7705795
HPod_208,2,2_farmer_cows_sheep_little horse,0.42508322
HPod_209,5,5_saint_saint peter_rye_sunday,0.5070971
HPod_211,5,5_saint_saint peter_rye_sunday,0.5014512
HPod_212,5,5_saint_saint peter_rye_sunday,0.37017173
HPod_214,5,5_saint_saint peter_rye_sunday,0.56895304
HPod_222,2,2_farmer_cows_sheep_little horse,0.2996441
HPod_225,6,6_circle_children_little bird_hop,0.53566116
HPod_226,2,2_farmer_cows_sheep_little horse,1.0
HPod_227,5,5_saint_saint peter_rye_sunday,0.7317199
HPod_230,8,8_shoe_farmer_shoes_feet,0.37298492
HPod_232,0,0_loved_loves_maiden_dearest,0.0
HPod_233,5,5_saint_saint peter_rye_sunday,0.44254228
HPod_234,0,0_loved_loves_maiden_dearest,0.0
HPod_235,5,5_saint_saint peter_rye_sunday,0.72770023
HPod_236,7,7_prague_czech_sang_soldiers,1.0
HPod_239,8,8_shoe_farmer_shoes_feet,1.0
HPod_241,0,0_loved_loves_maiden_dearest,0.0
HPod_243,0,0_loved_loves_maiden_dearest,0.7706551
HPod_245,6,6_circle_children_little bird_hop,0.5794743
HPod_247,3,3_beer_drink_drinks_drunk,0.4133652
HPod_251,0,0_loved_loves_maiden_dearest,0.0
HPod_253,2,2_farmer_cows_sheep_little horse,0.3830907
HPod_254,7,7_prague_czech_sang_soldiers,1.0
HPod_255,6,6_circle_children_little bird_hop,0.67774975
HPod_256,0,0_loved_loves_maiden_dearest,0.0
HPod_259,7,7_prague_czech_sang_soldiers,0.7711551
HPod_262,7,7_prague_czech_sang_soldiers,0.7155299
HPod_264,5,5_saint_saint peter_rye_sunday,0.8074285
HPod_265,5,5_saint_saint peter_rye_sunday,0.37589282
HPod_267,0,0_loved_loves_maiden_dearest,0.0
HPod_268,6,6_circle_children_little bird_hop,0.8180671
HPod_269,7,7_prague_czech_sang_soldiers,1.0
HPod_271,8,8_shoe_farmer_shoes_feet,0.42851362
HPod_276,4,4_little horse_soldiers_black horse_horse,1.0
HPod_278,0,0_loved_loves_maiden_dearest,0.0
HPod_279,6,6_circle_children_little bird_hop,1.0
HPod_282,0,0_loved_loves_maiden_dearest,0.0
HPod_284,0,0_loved_loves_maiden_dearest,0.2828505
HPod_285,8,8_shoe_farmer_shoes_feet,0.70989275
HPod_287,2,2_farmer_cows_sheep_little horse,1.0
HPod_288,2,2_farmer_cows_sheep_little horse,0.39417073
HPod_289,0,0_loved_loves_maiden_dearest,0.0
HPod_290,0,0_loved_loves_maiden_dearest,0.0
HPod_292,4,4_little horse_soldiers_black horse_horse,0.20609015
HPod_294,2,2_farmer_cows_sheep_little horse,0.7099246
HPod_295,0,0_loved_loves_maiden_dearest,0.47816053
HPod_298,6,6_circle_children_little bird_hop,0.6861559
HPod_299,0,0_loved_loves_maiden_dearest,0.5472965
HPod_300,7,7_prague_czech_sang_soldiers,0.4451727
HPod_302,0,0_loved_loves_maiden_dearest,0.0
HPod_303,1,1_feast_christmas_lord god_heaven,0.29093906
HPod_305,4,4_little horse_soldiers_black horse_horse,0.5644172
HPod_306,6,6_circle_children_little bird_hop,0.65363866
HPod_307,6,6_circle_children_little bird_hop,0.52836347
HPod_308,0,0_loved_loves_maiden_dearest,0.48244953
HPod_310,7,7_prague_czech_sang_soldiers,0.3809143
HPod_314,7,7_prague_czech_sang_soldiers,0.6272545
HPod_318,4,4_little horse_soldiers_black horse_horse,0.57586277
HPod_319,7,7_prague_czech_sang_soldiers,1.0
HPod_322,5,5_saint_saint peter_rye_sunday,0.45352837
HPod_323,0,0_loved_loves_maiden_dearest,1.0
HPod_324,6,6_circle_children_little bird_hop,1.0
HPod_326,3,3_beer_drink_drinks_drunk,0.7208048
HPod_327,6,6_circle_children_little bird_hop,0.780451
HPod_328,0,0_loved_loves_maiden_dearest,0.0
HPod_329,2,2_farmer_cows_sheep_little horse,1.0
HPod_330,6,6_circle_children_little bird_hop,1.0
HPod_331,0,0_loved_loves_maiden_dearest,0.0
HPod_332,6,6_circle_children_little bird_hop,0.44027117
HPod_333,7,7_prague_czech_sang_soldiers,0.38904697
HPod_334,5,5_saint_saint peter_rye_sunday,0.43329296
HPod_335,5,5_saint_saint peter_rye_sunday,0.4304987
HPod_337,8,8_shoe_farmer_shoes_feet,0.52419555
HPod_338,5,5_saint_saint peter_rye_sunday,1.0
HPod_341,7,7_prague_czech_sang_soldiers,0.52292824
HPod_342,0,0_loved_loves_maiden_dearest,0.5964476
HPod_343,0,0_loved_loves_maiden_dearest,0.35317335
HPod_346,1,1_feast_christmas_lord god_heaven,1.0
HPod_348,0,0_loved_loves_maiden_dearest,0.0
HPod_350,4,4_little horse_soldiers_black horse_horse,0.797934
HPod_352,0,0_loved_loves_maiden_dearest,0.41303435
HPod_353,6,6_circle_children_little bird_hop,0.46643487
HPod_354,5,5_saint_saint peter_rye_sunday,0.39830902
HPod_355,0,0_loved_loves_maiden_dearest,1.0
HPod_357,0,0_loved_loves_maiden_dearest,1.0
HPod_358,0,0_loved_loves_maiden_dearest,1.0
HPod_359,6,6_circle_children_little bird_hop,0.41648132
HPod_360,8,8_shoe_farmer_shoes_feet,0.5583016
HPod_362,8,8_shoe_farmer_shoes_feet,0.30326813
HPod_365,8,8_shoe_farmer_shoes_feet,0.33338767
HPod_366,3,3_beer_drink_drinks_drunk,0.45858464
HPod_367,7,7_prague_czech_sang_soldiers,0.37522283
HPod_370,1,1_feast_christmas_lord god_heaven,0.42289296
HPod_371,6,6_circle_children_little bird_hop,0.6277567
HPod_372,3,3_beer_drink_drinks_drunk,0.51595956
HPod_373,0,0_loved_loves_maiden_dearest,0.68827885
HPod_374,1,1_feast_christmas_lord god_heaven,0.63392234
HPod_375,0,0_loved_loves_maiden_dearest,0.0
HPod_376,7,7_prague_czech_sang_soldiers,1.0
HPod_377,0,0_loved_loves_maiden_dearest,0.0
HPod_379,0,0_loved_loves_maiden_dearest,0.0
HPod_380,5,5_saint_saint peter_rye_sunday,0.40130424
HPod_381,3,3_beer_drink_drinks_drunk,0.77904564
HPod_382,6,6_circle_children_little bird_hop,0.5904985
HPod_383,7,7_prague_czech_sang_soldiers,1.0
HPod_384,6,6_circle_children_little bird_hop,0.64676684
HPod_385,3,3_beer_drink_drinks_drunk,1.0
HPod_386,1,1_feast_christmas_lord god_heaven,0.3254597
HPod_388,3,3_beer_drink_drinks_drunk,0.25540212
HPod_389,0,0_loved_loves_maiden_dearest,0.0
HPod_390,3,3_beer_drink_drinks_drunk,1.0
HPod_391,7,7_prague_czech_sang_soldiers,0.545582
HPod_392,0,0_loved_loves_maiden_dearest,0.0
HPod_394,0,0_loved_loves_maiden_dearest,0.0
HPod_396,3,3_beer_drink_drinks_drunk,0.95824057
HPod_400,8,8_shoe_farmer_shoes_feet,0.651506
HPod_401,0,0_loved_loves_maiden_dearest,0.0
HPod_402,8,8_shoe_farmer_shoes_feet,0.5192151
HPod_403,7,7_prague_czech_sang_soldiers,1.0
HPod_404,3,3_beer_drink_drinks_drunk,1.0
HPod_405,8,8_shoe_farmer_shoes_feet,0.443791
HPod_409,5,5_saint_saint peter_rye_sunday,1.0
HPod_410,6,6_circle_children_little bird_hop,0.4635063
HPod_411,0,0_loved_loves_maiden_dearest,1.0
HPod_413,2,2_farmer_cows_sheep_little horse,0.33478233
HPod_415,8,8_shoe_farmer_shoes_feet,1.0
HPod_416,7,7_prague_czech_sang_soldiers,1.0
HPod_417,2,2_farmer_cows_sheep_little horse,0.7384994
HPod_419,2,2_farmer_cows_sheep_little horse,0.5756951
HPod_421,0,0_loved_loves_maiden_dearest,0.0
HPod_423,7,7_prague_czech_sang_soldiers,0.8451346
HPod_424,3,3_beer_drink_drinks_drunk,0.54902613
HPod_426,0,0_loved_loves_maiden_dearest,0.0
HPod_427,2,2_farmer_cows_sheep_little horse,0.5198796
HPod_429,5,5_saint_saint peter_rye_sunday,0.50157577
HPod_430,0,0_loved_loves_maiden_dearest,0.0
HPod_433,3,3_beer_drink_drinks_drunk,0.9628702
HPod_434,5,5_saint_saint peter_rye_sunday,0.6389956
HPod_436,8,8_shoe_farmer_shoes_feet,0.49040556
HPod_438,6,6_circle_children_little bird_hop,0.5015879
HPod_439,8,8_shoe_farmer_shoes_feet,0.59326255
HPod_440,0,0_loved_loves_maiden_dearest,0.0
HPod_442,2,2_farmer_cows_sheep_little horse,1.0
HPod_444,4,4_little horse_soldiers_black horse_horse,1.0
HPod_445,6,6_circle_children_little bird_hop,0.67929
HPod_446,0,0_loved_loves_maiden_dearest,0.0
HPod_448,8,8_shoe_farmer_shoes_feet,1.0
HPod_450,6,6_circle_children_little bird_hop,0.86602086
HPod_453,8,8_shoe_farmer_shoes_feet,0.55327874
HPod_454,0,0_loved_loves_maiden_dearest,0.0
HPod_455,2,2_farmer_cows_sheep_little horse,1.0
HPod_462,0,0_loved_loves_maiden_dearest,0.0
HPod_463,7,7_prague_czech_sang_soldiers,0.5761262
HPod_464,6,6_circle_children_little bird_hop,0.78738093
HPod_465,8,8_shoe_farmer_shoes_feet,1.0
HPod_466,2,2_farmer_cows_sheep_little horse,0.38419908
HPod_467,0,0_loved_loves_maiden_dearest,0.0
HPod_469,8,8_shoe_farmer_shoes_feet,1.0
HPod_470,5,5_saint_saint peter_rye_sunday,0.5073652
HPod_471,3,3_beer_drink_drinks_drunk,0.35637242
HPod_472,7,7_prague_czech_sang_soldiers,1.0
HPod_475,0,0_loved_loves_maiden_dearest,0.0
HPod_476,7,7_prague_czech_sang_soldiers,1.0
HPod_477,6,6_circle_children_little bird_hop,0.49574924
HPod_478,3,3_beer_drink_drinks_drunk,0.9741175
HPod_480,0,0_loved_loves_maiden_dearest,0.0
HPod_481,4,4_little horse_soldiers_black horse_horse,0.6983364
HPod_482,0,0_loved_loves_maiden_dearest,0.0
HPod_483,5,5_saint_saint peter_rye_sunday,0.6723379
HPod_484,8,8_shoe_farmer_shoes_feet,0.5440443
HPod_485,3,3_beer_drink_drinks_drunk,0.97857255
HPod_486,6,6_circle_children_little bird_hop,0.41399905
HPod_487,6,6_circle_children_little bird_hop,0.64397305
HPod_488,4,4_little horse_soldiers_black horse_horse,0.47910348
HPod_489,8,8_shoe_farmer_shoes_feet,1.0
HPod_490,1,1_feast_christmas_lord god_heaven,1.0
HPod_491,8,8_shoe_farmer_shoes_feet,0.7969957
HPod_493,2,2_farmer_cows_sheep_little horse,0.7893254
HPod_494,3,3_beer_drink_drinks_drunk,0.93912685
HPod_497,8,8_shoe_farmer_shoes_feet,0.3604807
HPod_498,2,2_farmer_cows_sheep_little horse,0.4606589
HPod_500,0,0_loved_loves_maiden_dearest,0.0
HPod_501,0,0_loved_loves_maiden_dearest,1.0
HPod_502,7,7_prague_czech_sang_soldiers,0.7695224
HPod_506,8,8_shoe_farmer_shoes_feet,0.44918174
HPod_508,8,8_shoe_farmer_shoes_feet,1.0
HPod_509,0,0_loved_loves_maiden_dearest,0.0
HPod_511,6,6_circle_children_little bird_hop,0.41290513
HPod_512,5,5_saint_saint peter_rye_sunday,0.8501511
HPod_514,8,8_shoe_farmer_shoes_feet,0.62843174
HPod_516,1,1_feast_christmas_lord god_heaven,0.6808298
HPod_517,4,4_little horse_soldiers_black horse_horse,0.7344129
HPod_518,0,0_loved_loves_maiden_dearest,0.0
HPod_519,0,0_loved_loves_maiden_dearest,0.0
HPod_523,2,2_farmer_cows_sheep_little horse,0.6978879
HPod_524,8,8_shoe_farmer_shoes_feet,0.5897289
HPod_526,3,3_beer_drink_drinks_drunk,0.7327044
HPod_527,6,6_circle_children_little bird_hop,0.5096895
HPod_528,0,0_loved_loves_maiden_dearest,0.0
HPod_529,0,0_loved_loves_maiden_dearest,0.0
HPod_530,0,0_loved_loves_maiden_dearest,0.0
HPod_532,0,0_loved_loves_maiden_dearest,0.0
HPod_533,8,8_shoe_farmer_shoes_feet,0.6630677
HPod_536,7,7_prague_czech_sang_soldiers,0.9053259
HPod_537,2,2_farmer_cows_sheep_little horse,0.72241837
HPod_538,8,8_shoe_farmer_shoes_feet,1.0
HPod_539,0,0_loved_loves_maiden_dearest,0.0
HPod_541,3,3_beer_drink_drinks_drunk,1.0
HPod_542,0,0_loved_loves_maiden_dearest,0.0
HPod_543,5,5_saint_saint peter_rye_sunday,0.5069686
HPod_544,0,0_loved_loves_maiden_dearest,0.0
HPod_545,3,3_beer_drink_drinks_drunk,0.865877
HPod_547,1,1_feast_christmas_lord god_heaven,1.0
HPod_548,5,5_saint_saint peter_rye_sunday,0.6598714
HPod_550,7,7_prague_czech_sang_soldiers,1.0
HPod_553,0,0_loved_loves_maiden_dearest,0.0
HPod_555,8,8_shoe_farmer_shoes_feet,1.0
HPod_557,3,3_beer_drink_drinks_drunk,0.34324518
HPod_558,6,6_circle_children_little bird_hop,1.0
HPod_559,2,2_farmer_cows_sheep_little horse,1.0
HPod_560,3,3_beer_drink_drinks_drunk,1.0
HPod_561,0,0_loved_loves_maiden_dearest,0.0
HPod_562,8,8_shoe_farmer_shoes_feet,0.3509358
HPod_563,6,6_circle_children_little bird_hop,0.7135016
HPod_564,0,0_loved_loves_maiden_dearest,0.0
HPod_565,7,7_prague_czech_sang_soldiers,0.43197265
HPod_566,6,6_circle_children_little bird_hop,0.4750437
HPod_567,3,3_beer_drink_drinks_drunk,0.9217997
HPod_569,8,8_shoe_farmer_shoes_feet,1.0
HPod_570,3,3_beer_drink_drinks_drunk,0.58088136
HPod_572,3,3_beer_drink_drinks_drunk,0.5620416
HPod_573,8,8_shoe_farmer_shoes_feet,1.0
HPod_575,7,7_prague_czech_sang_soldiers,0.6118767
HPod_577,5,5_saint_saint peter_rye_sunday,0.4509048
HPod_578,0,0_loved_loves_maiden_dearest,0.0
HPod_579,3,3_beer_drink_drinks_drunk,1.0
HPod_581,5,5_saint_saint peter_rye_sunday,0.63501644
HPod_582,8,8_shoe_farmer_shoes_feet,1.0
HPod_583,6,6_circle_children_little bird_hop,1.0
HPod_584,7,7_prague_czech_sang_soldiers,0.26163
HPod_586,0,0_loved_loves_maiden_dearest,0.0
HPod_587,6,6_circle_children_little bird_hop,1.0
HPod_588,8,8_shoe_farmer_shoes_feet,1.0
HPod_590,4,4_little horse_soldiers_black horse_horse,0.53437436
HPod_591,0,0_loved_loves_maiden_dearest,1.0
HPod_592,8,8_shoe_farmer_shoes_feet,1.0
HPod_595,6,6_circle_children_little bird_hop,0.5609598
HPod_596,6,6_circle_children_little bird_hop,0.44165826
HPod_601,0,0_loved_loves_maiden_dearest,0.0
HPod_602,0,0_loved_loves_maiden_dearest,0.0
HPod_604,0,0_loved_loves_maiden_dearest,0.7823399
HPod_605,8,8_shoe_farmer_shoes_feet,0.79254127
HPod_606,0,0_loved_loves_maiden_dearest,0.0
HPod_607,0,0_loved_loves_maiden_dearest,0.0
HPod_608,0,0_loved_loves_maiden_dearest,0.0
HPod_609,5,5_saint_saint peter_rye_sunday,0.69915515
HPod_613,0,0_loved_loves_maiden_dearest,0.0
HPod_615,4,4_little horse_soldiers_black horse_horse,1.0
HPod_618,3,3_beer_drink_drinks_drunk,0.508217
HPod_619,8,8_shoe_farmer_shoes_feet,0.7164315
HPod_620,8,8_shoe_farmer_shoes_feet,0.5654329
HPod_621,7,7_prague_czech_sang_soldiers,0.48166993
HPod_622,8,8_shoe_farmer_shoes_feet,0.68890595
HPod_625,3,3_beer_drink_drinks_drunk,1.0
HPod_627,0,0_loved_loves_maiden_dearest,0.0
HPod_628,3,3_beer_drink_drinks_drunk,0.88446033
HPod_631,7,7_prague_czech_sang_soldiers,0.5835427
HPod_632,7,7_prague_czech_sang_soldiers,0.6829638
HPod_635,7,7_prague_czech_sang_soldiers,0.44533032
HPod_636,8,8_shoe_farmer_shoes_feet,1.0
HPod_639,7,7_prague_czech_sang_soldiers,1.0
HPod_640,5,5_saint_saint peter_rye_sunday,0.47671813
HPod_641,0,0_loved_loves_maiden_dearest,0.0
HPod_644,0,0_loved_loves_maiden_dearest,0.0
HPod_645,5,5_saint_saint peter_rye_sunday,1.0
HPod_648,6,6_circle_children_little bird_hop,1.0
HPod_649,0,0_loved_loves_maiden_dearest,0.0
HPod_650,3,3_beer_drink_drinks_drunk,1.0
HPod_651,1,1_feast_christmas_lord god_heaven,0.43163565
HPod_653,8,8_shoe_farmer_shoes_feet,0.737109
HPod_654,8,8_shoe_farmer_shoes_feet,1.0
HPod_655,0,0_loved_loves_maiden_dearest,0.0
HPod_656,3,3_beer_drink_drinks_drunk,0.97787327
HPod_657,0,0_loved_loves_maiden_dearest,0.0
HPod_658,5,5_saint_saint peter_rye_sunday,0.84896976
HPod_659,3,3_beer_drink_drinks_drunk,0.5048636
HPod_660,2,2_farmer_cows_sheep_little horse,0.26250234
HPod_661,0,0_loved_loves_maiden_dearest,0.0
HPod_663,0,0_loved_loves_maiden_dearest,0.0
HPod_664,3,3_beer_drink_drinks_drunk,0.6983902
HPod_665,7,7_prague_czech_sang_soldiers,0.7026969
HPod_667,0,0_loved_loves_maiden_dearest,0.0
HPod_668,6,6_circle_children_little bird_hop,0.7315437
HPod_669,5,5_saint_saint peter_rye_sunday,1.0
HPod_670,8,8_shoe_farmer_shoes_feet,0.5083679
HPod_671,7,7_prague_czech_sang_soldiers,1.0
HPod_673,7,7_prague_czech_sang_soldiers,0.5869296
HPod_674,8,8_shoe_farmer_shoes_feet,0.30220306
HPod_675,8,8_shoe_farmer_shoes_feet,1.0
HPod_677,5,5_saint_saint peter_rye_sunday,1.0
HPod_679,3,3_beer_drink_drinks_drunk,0.6043692
HPod_680,5,5_saint_saint peter_rye_sunday,0.4079462
HPod_681,7,7_prague_czech_sang_soldiers,1.0
HPod_683,3,3_beer_drink_drinks_drunk,0.8953018
HPod_684,5,5_saint_saint peter_rye_sunday,0.50059044
HPod_685,0,0_loved_loves_maiden_dearest,0.0
HPod_686,3,3_beer_drink_drinks_drunk,1.0
HPod_687,6,6_circle_children_little bird_hop,1.0
HPod_688,8,8_shoe_farmer_shoes_feet,1.0
HPod_690,3,3_beer_drink_drinks_drunk,0.6348528
HPod_691,0,0_loved_loves_maiden_dearest,0.0
HPod_692,6,6_circle_children_little bird_hop,0.87499684
HPod_693,0,0_loved_loves_maiden_dearest,0.0
HPod_694,1,1_feast_christmas_lord god_heaven,0.5444931
HPod_695,8,8_shoe_farmer_shoes_feet,0.7212877
HPod_696,0,0_loved_loves_maiden_dearest,1.0
HPod_697,4,4_little horse_soldiers_black horse_horse,0.64707154
HPod_698,0,0_loved_loves_maiden_dearest,0.0
HPod_700,4,4_little horse_soldiers_black horse_horse,0.54885536
HPra_1,4,4_little horse_soldiers_black horse_horse,0.28740624
HPra_2,8,8_shoe_farmer_shoes_feet,0.3777508
HPra_4,7,7_prague_czech_sang_soldiers,0.52008986
HPra_5,0,0_loved_loves_maiden_dearest,0.72494096
HPra_6,7,7_prague_czech_sang_soldiers,0.73281646
HPra_7,0,0_loved_loves_maiden_dearest,0.0
HPra_8,3,3_beer_drink_drinks_drunk,0.7728569
HPra_10,5,5_saint_saint peter_rye_sunday,0.48044407
HPra_11,1,1_feast_christmas_lord god_heaven,0.298605
HPra_14,0,0_loved_loves_maiden_dearest,0.51489174
HPra_16,6,6_circle_children_little bird_hop,0.68301743
HPra_17,2,2_farmer_cows_sheep_little horse,0.40889838
HPra_18,7,7_prague_czech_sang_soldiers,1.0
HPra_19,3,3_beer_drink_drinks_drunk,0.68842727
HPra_20,0,0_loved_loves_maiden_dearest,1.0
HPra_23,5,5_saint_saint peter_rye_sunday,1.0
HPra_25,7,7_prague_czech_sang_soldiers,0.75112915
HPra_26,2,2_farmer_cows_sheep_little horse,1.0
HPra_27,2,2_farmer_cows_sheep_little horse,0.6693966
HPra_28,6,6_circle_children_little bird_hop,0.75045973
HPra_29,5,5_saint_saint peter_rye_sunday,0.3753981
HPra_30,2,2_farmer_cows_sheep_little horse,0.66106737
HPra_32,0,0_loved_loves_maiden_dearest,0.39912105
HPra_33,2,2_farmer_cows_sheep_little horse,0.28704605
HPra_34,0,0_loved_loves_maiden_dearest,1.0
HPra_35,0,0_loved_loves_maiden_dearest,0.77096343
HPra_36,0,0_loved_loves_maiden_dearest,0.76171833
HPra_37,5,5_saint_saint peter_rye_sunday,1.0
HPra_38,2,2_farmer_cows_sheep_little horse,1.0
HPra_39,7,7_prague_czech_sang_soldiers,0.6576137
HPra_40,5,5_saint_saint peter_rye_sunday,0.46258086
HPra_41,6,6_circle_children_little bird_hop,0.65278554
HPra_42,5,5_saint_saint peter_rye_sunday,0.5040529
HPra_43,6,6_circle_children_little bird_hop,0.3084504
HPra_44,8,8_shoe_farmer_shoes_feet,0.5162365
HPra_45,5,5_saint_saint peter_rye_sunday,1.0
HPra_46,0,0_loved_loves_maiden_dearest,0.45560113
HPra_47,2,2_farmer_cows_sheep_little horse,0.31733727
HPra_48,0,0_loved_loves_maiden_dearest,0.0
HPra_49,4,4_little horse_soldiers_black horse_horse,0.4992102
HPra_50,7,7_prague_czech_sang_soldiers,0.58598113
HPra_51,0,0_loved_loves_maiden_dearest,1.0
HPra_53,2,2_farmer_cows_sheep_little horse,1.0
HPra_54,7,7_prague_czech_sang_soldiers,0.737941
HPra_55,0,0_loved_loves_maiden_dearest,0.42013687
HPra_56,0,0_loved_loves_maiden_dearest,0.4783352
HPra_61,0,0_loved_loves_maiden_dearest,0.0
HPra_65,7,7_prague_czech_sang_soldiers,1.0
HPra_67,5,5_saint_saint peter_rye_sunday,0.40018466
HPra_68,0,0_loved_loves_maiden_dearest,0.3573802
HPra_69,0,0_loved_loves_maiden_dearest,0.36667857
HPra_70,6,6_circle_children_little bird_hop,1.0
HPra_71,2,2_farmer_cows_sheep_little horse,0.5466979
HPra_72,7,7_prague_czech_sang_soldiers,0.33076698
HPra_73,2,2_farmer_cows_sheep_little horse,0.5703515
HPra_75,1,1_feast_christmas_lord god_heaven,0.48152325
HPra_76,0,0_loved_loves_maiden_dearest,0.22547689
HPra_77,1,1_feast_christmas_lord god_heaven,0.45611578
HPra_78,4,4_little horse_soldiers_black horse_horse,0.4154747
HPra_79,0,0_loved_loves_maiden_dearest,0.0
HPra_80,4,4_little horse_soldiers_black horse_horse,0.7809952
HPra_81,7,7_prague_czech_sang_soldiers,0.5525685
HPra_82,6,6_circle_children_little bird_hop,0.35251802
HPra_83,5,5_saint_saint peter_rye_sunday,0.5201552
HPra_84,0,0_loved_loves_maiden_dearest,0.5736274
HPra_85,5,5_saint_saint peter_rye_sunday,0.4516017
HPra_88,3,3_beer_drink_drinks_drunk,0.7249618
HPra_89,5,5_saint_saint peter_rye_sunday,0.4346672
HPra_91,2,2_farmer_cows_sheep_little horse,0.42674187
HPra_92,7,7_prague_czech_sang_soldiers,1.0
HPra_93,1,1_feast_christmas_lord god_heaven,0.41999063
HPra_95,3,3_beer_drink_drinks_drunk,0.32617757
HPra_96,5,5_saint_saint peter_rye_sunday,0.6347137
HPra_97,0,0_loved_loves_maiden_dearest,0.0
HPra_98,5,5_saint_saint peter_rye_sunday,1.0
HPra_99,3,3_beer_drink_drinks_drunk,0.8079272
HPra_100,7,7_prague_czech_sang_soldiers,0.45741546
HPra_101,8,8_shoe_farmer_shoes_feet,0.6618696
HPra_103,4,4_little horse_soldiers_black horse_horse,1.0
HPra_104,0,0_loved_loves_maiden_dearest,1.0
HPra_105,0,0_loved_loves_maiden_dearest,0.44754714
HPra_106,3,3_beer_drink_drinks_drunk,0.6340101
HPra_108,7,7_prague_czech_sang_soldiers,0.31881112
HPra_109,0,0_loved_loves_maiden_dearest,0.55107015
HPra_110,8,8_shoe_farmer_shoes_feet,0.6017237
HPra_111,7,7_prague_czech_sang_soldiers,0.4560062
HPra_112,6,6_circle_children_little bird_hop,0.3634253
HPra_114,4,4_little horse_soldiers_black horse_horse,0.5726941
HPra_115,6,6_circle_children_little bird_hop,0.67253274
HPra_116,5,5_saint_saint peter_rye_sunday,0.541969
HPra_117,2,2_farmer_cows_sheep_little horse,0.48077703
HPra_118,3,3_beer_drink_drinks_drunk,1.0
HPra_122,0,0_loved_loves_maiden_dearest,0.32654622
HPra_123,5,5_saint_saint peter_rye_sunday,0.60277826
HPra_124,0,0_loved_loves_maiden_dearest,0.0
HPra_125,0,0_loved_loves_maiden_dearest,0.0
HPra_127,4,4_little horse_soldiers_black horse_horse,0.5554321
HPra_128,0,0_loved_loves_maiden_dearest,1.0
HPra_130,5,5_saint_saint peter_rye_sunday,0.50546837
HPra_133,5,5_saint_saint peter_rye_sunday,0.4194338
HPra_134,2,2_farmer_cows_sheep_little horse,0.4857074
HPra_135,0,0_loved_loves_maiden_dearest,0.0
HPra_138,4,4_little horse_soldiers_black horse_horse,0.44248942
HPra_140,0,0_loved_loves_maiden_dearest,1.0
HPra_142,5,5_saint_saint peter_rye_sunday,0.6651977
HPra_143,5,5_saint_saint peter_rye_sunday,0.4097978
HPra_145,8,8_shoe_farmer_shoes_feet,1.0
HPra_147,0,0_loved_loves_maiden_dearest,1.0
HPra_148,5,5_saint_saint peter_rye_sunday,0.54693896
HPra_149,4,4_little horse_soldiers_black horse_horse,0.69082165
HPra_150,1,1_feast_christmas_lord god_heaven,0.40188935
HPra_152,5,5_saint_saint peter_rye_sunday,0.37013638
HPra_153,0,0_loved_loves_maiden_dearest,0.0
HPra_154,2,2_farmer_cows_sheep_little horse,0.35092145
HPra_156,3,3_beer_drink_drinks_drunk,0.8578269
HPra_157,0,0_loved_loves_maiden_dearest,0.0
HPra_158,6,6_circle_children_little bird_hop,0.5008564
HPra_159,0,0_loved_loves_maiden_dearest,0.0
HPra_160,0,0_loved_loves_maiden_dearest,0.0
HPra_161,8,8_shoe_farmer_shoes_feet,0.53817785
HPra_162,7,7_prague_czech_sang_soldiers,1.0
HPra_163,6,6_circle_children_little bird_hop,1.0
HPra_164,0,0_loved_loves_maiden_dearest,0.0
HPra_165,5,5_saint_saint peter_rye_sunday,0.67129576
HPra_166,1,1_feast_christmas_lord god_heaven,1.0
HPra_167,6,6_circle_children_little bird_hop,1.0
HPra_168,5,5_saint_saint peter_rye_sunday,1.0
HPra_171,4,4_little horse_soldiers_black horse_horse,0.644736
HPra_172,6,6_circle_children_little bird_hop,1.0
HPra_173,0,0_loved_loves_maiden_dearest,0.0
HPra_174,7,7_prague_czech_sang_soldiers,1.0
HPra_176,0,0_loved_loves_maiden_dearest,0.0
HPra_177,3,3_beer_drink_drinks_drunk,0.8373283
HPra_178,0,0_loved_loves_maiden_dearest,0.0
HPra_179,7,7_prague_czech_sang_soldiers,0.74753296
HPra_180,0,0_loved_loves_maiden_dearest,0.0
HPra_181,4,4_little horse_soldiers_black horse_horse,0.7661058
HPra_182,0,0_loved_loves_maiden_dearest,0.0
HPra_183,8,8_shoe_farmer_shoes_feet,1.0
HPra_184,8,8_shoe_farmer_shoes_feet,0.55153817
HPra_185,0,0_loved_loves_maiden_dearest,0.0
HPra_186,0,0_loved_loves_maiden_dearest,1.0
HPra_188,5,5_saint_saint peter_rye_sunday,0.63188607
HPra_189,5,5_saint_saint peter_rye_sunday,0.30314907
HPra_191,7,7_prague_czech_sang_soldiers,0.94839096
HPra_192,7,7_prague_czech_sang_soldiers,1.0
HPra_193,0,0_loved_loves_maiden_dearest,0.0
HPra_195,5,5_saint_saint peter_rye_sunday,0.50157577
HPra_196,8,8_shoe_farmer_shoes_feet,0.48016348
HPra_197,5,5_saint_saint peter_rye_sunday,0.46911266
HPra_198,8,8_shoe_farmer_shoes_feet,1.0
HPra_200,0,0_loved_loves_maiden_dearest,0.0
HPra_201,0,0_loved_loves_maiden_dearest,0.0
HPra_202,0,0_loved_loves_maiden_dearest,0.0
HPra_203,4,4_little horse_soldiers_black horse_horse,1.0
HPra_205,5,5_saint_saint peter_rye_sunday,0.8387263
HPra_206,8,8_shoe_farmer_shoes_feet,0.672081
HPra_209,5,5_saint_saint peter_rye_sunday,0.50546837
HPra_210,7,7_prague_czech_sang_soldiers,0.7134416
HPra_211,0,0_loved_loves_maiden_dearest,0.0
HPra_212,6,6_circle_children_little bird_hop,1.0
HPra_213,8,8_shoe_farmer_shoes_feet,0.52366155
HPra_214,0,0_loved_loves_maiden_dearest,0.0
HPra_219,0,0_loved_loves_maiden_dearest,0.0
HPra_220,7,7_prague_czech_sang_soldiers,0.5320441
HPra_222,7,7_prague_czech_sang_soldiers,1.0
HPra_223,0,0_loved_loves_maiden_dearest,0.0
HPra_224,6,6_circle_children_little bird_hop,0.6314981
HPra_225,0,0_loved_loves_maiden_dearest,0.0
HPra_226,0,0_loved_loves_maiden_dearest,0.0
HPra_227,5,5_saint_saint peter_rye_sunday,0.4878145
HPra_228,7,7_prague_czech_sang_soldiers,1.0
HPra_232,8,8_shoe_farmer_shoes_feet,0.78382033
HPra_235,1,1_feast_christmas_lord god_heaven,1.0
HPra_236,3,3_beer_drink_drinks_drunk,0.616506
HPra_237,0,0_loved_loves_maiden_dearest,0.0
HPra_238,6,6_circle_children_little bird_hop,1.0
HPra_240,5,5_saint_saint peter_rye_sunday,0.78269005
HPra_241,0,0_loved_loves_maiden_dearest,0.0
HPra_242,5,5_saint_saint peter_rye_sunday,1.0
HPra_243,3,3_beer_drink_drinks_drunk,0.8786519
HPra_244,3,3_beer_drink_drinks_drunk,0.8049198
HPra_245,0,0_loved_loves_maiden_dearest,0.0
HPra_247,7,7_prague_czech_sang_soldiers,1.0
HPra_248,6,6_circle_children_little bird_hop,0.692724
HPra_249,0,0_loved_loves_maiden_dearest,0.0
HPra_251,0,0_loved_loves_maiden_dearest,0.0
HPra_253,0,0_loved_loves_maiden_dearest,0.0
HPra_254,7,7_prague_czech_sang_soldiers,0.6113765
HPra_255,3,3_beer_drink_drinks_drunk,0.8882029
HPra_257,5,5_saint_saint peter_rye_sunday,0.67129576
HPra_258,3,3_beer_drink_drinks_drunk,0.6130413
HPra_259,3,3_beer_drink_drinks_drunk,0.8518157
HPra_262,0,0_loved_loves_maiden_dearest,0.0
HPra_263,8,8_shoe_farmer_shoes_feet,0.62843174
HPra_264,6,6_circle_children_little bird_hop,1.0
HPra_266,1,1_feast_christmas_lord god_heaven,0.41155592
HPra_267,7,7_prague_czech_sang_soldiers,0.5552619
HPra_268,5,5_saint_saint peter_rye_sunday,0.685082
HPra_270,0,0_loved_loves_maiden_dearest,0.0
HPra_271,1,1_feast_christmas_lord god_heaven,1.0
HPra_272,0,0_loved_loves_maiden_dearest,0.0
HPra_273,8,8_shoe_farmer_shoes_feet,1.0
HPra_274,8,8_shoe_farmer_shoes_feet,1.0
HPra_275,3,3_beer_drink_drinks_drunk,1.0
HPra_276,8,8_shoe_farmer_shoes_feet,1.0
HPra_279,0,0_loved_loves_maiden_dearest,0.0
HPra_280,3,3_beer_drink_drinks_drunk,1.0
HPra_281,5,5_saint_saint peter_rye_sunday,0.58095556
HPra_282,2,2_farmer_cows_sheep_little horse,1.0
HPra_284,8,8_shoe_farmer_shoes_feet,0.8720407
HPra_286,0,0_loved_loves_maiden_dearest,0.0
HPra_287,8,8_shoe_farmer_shoes_feet,1.0
HPra_288,3,3_beer_drink_drinks_drunk,0.38323426
HPra_289,5,5_saint_saint peter_rye_sunday,1.0
HPra_290,3,3_beer_drink_drinks_drunk,0.7983174
HPra_291,0,0_loved_loves_maiden_dearest,0.0
HPra_292,7,7_prague_czech_sang_soldiers,1.0
HPra_294,6,6_circle_children_little bird_hop,0.54364383
HPra_295,3,3_beer_drink_drinks_drunk,0.56706953
HPra_296,7,7_prague_czech_sang_soldiers,0.5815518
HPra_298,0,0_loved_loves_maiden_dearest,0.0
HPra_299,3,3_beer_drink_drinks_drunk,1.0
HPra_301,5,5_saint_saint peter_rye_sunday,0.5186084
HPra_303,3,3_beer_drink_drinks_drunk,1.0
HPra_304,3,3_beer_drink_drinks_drunk,1.0
HPra_305,2,2_farmer_cows_sheep_little horse,0.752955
HPra_306,2,2_farmer_cows_sheep_little horse,1.0
HPra_307,6,6_circle_children_little bird_hop,0.5893487
HPra_311,0,0_loved_loves_maiden_dearest,0.0
HPra_312,3,3_beer_drink_drinks_drunk,0.54441136
HPra_316,0,0_loved_loves_maiden_dearest,0.7804105
HPra_320,5,5_saint_saint peter_rye_sunday,0.67129576
HPra_321,7,7_prague_czech_sang_soldiers,0.93758595
HPra_322,0,0_loved_loves_maiden_dearest,0.0
HPra_323,6,6_circle_children_little bird_hop,1.0
HPra_324,8,8_shoe_farmer_shoes_feet,1.0
HPra_325,4,4_little horse_soldiers_black horse_horse,0.66815215
HPra_326,5,5_saint_saint peter_rye_sunday,0.83254063
HPra_327,2,2_farmer_cows_sheep_little horse,0.50368047
HPra_328,8,8_shoe_farmer_shoes_feet,0.8548425
HPra_329,8,8_shoe_farmer_shoes_feet,0.71837544
HPra_330,2,2_farmer_cows_sheep_little horse,0.6596955
HPra_331,4,4_little horse_soldiers_black horse_horse,1.0
HPra_332,3,3_beer_drink_drinks_drunk,0.27626523
HPra_333,0,0_loved_loves_maiden_dearest,0.0
HPra_336,2,2_farmer_cows_sheep_little horse,1.0
HPra_338,8,8_shoe_farmer_shoes_feet,0.624036
HPra_339,8,8_shoe_farmer_shoes_feet,0.79492754
HPra_340,7,7_prague_czech_sang_soldiers,1.0
HPra_341,6,6_circle_children_little bird_hop,1.0
HPra_342,8,8_shoe_farmer_shoes_feet,0.5054757
HPra_343,8,8_shoe_farmer_shoes_feet,0.65643275
HPra_344,8,8_shoe_farmer_shoes_feet,0.8285338
HPra_347,0,0_loved_loves_maiden_dearest,0.0
HPra_348,2,2_farmer_cows_sheep_little horse,0.49918312
HPra_350,8,8_shoe_farmer_shoes_feet,0.5311131
HPra_355,0,0_loved_loves_maiden_dearest,0.0
HPra_356,0,0_loved_loves_maiden_dearest,0.0
HPra_357,0,0_loved_loves_maiden_dearest,0.0
HPra_359,2,2_farmer_cows_sheep_little horse,0.5057748
HPra_360,2,2_farmer_cows_sheep_little horse,0.51397145
HPra_361,8,8_shoe_farmer_shoes_feet,1.0
HPra_362,1,1_feast_christmas_lord god_heaven,0.36460647
HPra_363,8,8_shoe_farmer_shoes_feet,1.0
HPra_365,7,7_prague_czech_sang_soldiers,1.0
HPra_366,2,2_farmer_cows_sheep_little horse,1.0
HPra_367,0,0_loved_loves_maiden_dearest,0.0
HPra_368,1,1_feast_christmas_lord god_heaven,1.0
HPra_369,0,0_loved_loves_maiden_dearest,0.0
HPra_370,7,7_prague_czech_sang_soldiers,0.69463664
HPra_372,2,2_farmer_cows_sheep_little horse,0.65221065
HPra_373,6,6_circle_children_little bird_hop,1.0
HPra_374,6,6_circle_children_little bird_hop,1.0
HPra_375,0,0_loved_loves_maiden_dearest,0.0
HPra_376,0,0_loved_loves_maiden_dearest,0.0
HPra_377,5,5_saint_saint peter_rye_sunday,0.8691977
HPra_379,7,7_prague_czech_sang_soldiers,0.5231596
HPra_380,8,8_shoe_farmer_shoes_feet,1.0
HPra_381,6,6_circle_children_little bird_hop,1.0
HPra_382,0,0_loved_loves_maiden_dearest,0.0
HPra_384,7,7_prague_czech_sang_soldiers,0.66996807
HPra_385,4,4_little horse_soldiers_black horse_horse,0.7890217
HPra_386,7,7_prague_czech_sang_soldiers,0.49957934
HPra_388,7,7_prague_czech_sang_soldiers,0.62100965
HPra_389,3,3_beer_drink_drinks_drunk,0.85252
HPra_390,7,7_prague_czech_sang_soldiers,0.55898833
HPra_392,4,4_little horse_soldiers_black horse_horse,0.41744065
HPra_393,8,8_shoe_farmer_shoes_feet,0.8510503
HPra_394,4,4_little horse_soldiers_black horse_horse,0.3142404
HPra_395,4,4_little horse_soldiers_black horse_horse,0.4735061
HPra_398,6,6_circle_children_little bird_hop,0.85526526
HPra_399,4,4_little horse_soldiers_black horse_horse,0.39145288
HPra_400,7,7_prague_czech_sang_soldiers,0.41010213
HPra_402,7,7_prague_czech_sang_soldiers,0.87144494
HPra_403,6,6_circle_children_little bird_hop,1.0
HPra_404,7,7_prague_czech_sang_soldiers,1.0
HPra_405,4,4_little horse_soldiers_black horse_horse,0.43713623
HPra_406,4,4_little horse_soldiers_black horse_horse,0.5157356
HPra_408,3,3_beer_drink_drinks_drunk,0.432187
HPra_409,5,5_saint_saint peter_rye_sunday,0.52279854
HPra_410,4,4_little horse_soldiers_black horse_horse,0.61830866
HPra_411,3,3_beer_drink_drinks_drunk,0.27554506
HPra_412,4,4_little horse_soldiers_black horse_horse,0.61953044
HPra_413,2,2_farmer_cows_sheep_little horse,0.6680663
HPra_414,4,4_little horse_soldiers_black horse_horse,0.80073315
HPra_415,4,4_little horse_soldiers_black horse_horse,0.6565217
HPra_416,7,7_prague_czech_sang_soldiers,0.435251
HPra_417,4,4_little horse_soldiers_black horse_horse,0.62691087
HPra_418,7,7_prague_czech_sang_soldiers,0.6894274
HPra_419,7,7_prague_czech_sang_soldiers,0.62548727
HPra_420,8,8_shoe_farmer_shoes_feet,0.466131
HPra_421,5,5_saint_saint peter_rye_sunday,0.24019158
HPra_422,4,4_little horse_soldiers_black horse_horse,0.6110859
HPra_423,4,4_little horse_soldiers_black horse_horse,0.36538887
HPra_424,4,4_little horse_soldiers_black horse_horse,0.6316313
HPra_425,7,7_prague_czech_sang_soldiers,0.64326555
HPra_426,1,1_feast_christmas_lord god_heaven,0.7763198
HPra_427,4,4_little horse_soldiers_black horse_horse,0.3489751
HPra_428,7,7_prague_czech_sang_soldiers,0.6093503
HPra_429,2,2_farmer_cows_sheep_little horse,0.40302747
HPra_430,7,7_prague_czech_sang_soldiers,0.5153538
HPra_431,4,4_little horse_soldiers_black horse_horse,0.53713804
HPra_432,7,7_prague_czech_sang_soldiers,0.68685687
HPra_433,4,4_little horse_soldiers_black horse_horse,0.27933976
HPra_434,7,7_prague_czech_sang_soldiers,0.4546949
HPra_435,7,7_prague_czech_sang_soldiers,0.41527176
HPra_437,4,4_little horse_soldiers_black horse_horse,0.45805958
HPra_441,4,4_little horse_soldiers_black horse_horse,0.66164017
HPra_443,4,4_little horse_soldiers_black horse_horse,0.6173398
HPra_444,4,4_little horse_soldiers_black horse_horse,0.62125605
HPra_445,1,1_feast_christmas_lord god_heaven,1.0
HPra_448,0,0_loved_loves_maiden_dearest,0.35441154
HPra_449,0,0_loved_loves_maiden_dearest,0.0
HPra_450,4,4_little horse_soldiers_black horse_horse,0.5378346
HPra_451,5,5_saint_saint peter_rye_sunday,0.3317435
HPra_453,7,7_prague_czech_sang_soldiers,0.83884615
HPra_454,7,7_prague_czech_sang_soldiers,0.49744838
HPra_455,6,6_circle_children_little bird_hop,1.0
HPra_456,7,7_prague_czech_sang_soldiers,0.32204205
HPra_458,5,5_saint_saint peter_rye_sunday,0.3984021
HPra_460,4,4_little horse_soldiers_black horse_horse,0.5113101
HPra_461,6,6_circle_children_little bird_hop,0.78630024
HPra_462,4,4_little horse_soldiers_black horse_horse,0.2608954
HPra_463,0,0_loved_loves_maiden_dearest,0.0
HPra_465,4,4_little horse_soldiers_black horse_horse,0.40021935
HPra_467,0,0_loved_loves_maiden_dearest,0.0
HPra_468,8,8_shoe_farmer_shoes_feet,1.0
HPra_469,4,4_little horse_soldiers_black horse_horse,0.54260534
HPra_471,0,0_loved_loves_maiden_dearest,0.0
HPra_479,0,0_loved_loves_maiden_dearest,0.0
HPra_482,0,0_loved_loves_maiden_dearest,0.0
HPra_483,0,0_loved_loves_maiden_dearest,0.0
HPra_484,0,0_loved_loves_maiden_dearest,0.0
HPra_485,0,0_loved_loves_maiden_dearest,0.0
HPra_486,6,6_circle_children_little bird_hop,1.0
HPra_488,0,0_loved_loves_maiden_dearest,0.0
HPra_560,5,5_saint_saint peter_rye_sunday,0.34479973
HPra_564,1,1_feast_christmas_lord god_heaven,0.49699995
HPra_566,1,1_feast_christmas_lord god_heaven,0.6986995
HPra_567,7,7_prague_czech_sang_soldiers,0.87055653
HPra_568,6,6_circle_children_little bird_hop,0.58285856
HPra_569,6,6_circle_children_little bird_hop,1.0
HPra_570,8,8_shoe_farmer_shoes_feet,0.6375189
HPra_571,7,7_prague_czech_sang_soldiers,0.40356398
HPra_572,7,7_prague_czech_sang_soldiers,0.44126624
HPra_573,1,1_feast_christmas_lord god_heaven,0.49861845
HPra_576,7,7_prague_czech_sang_soldiers,0.6893602
HPra_577,7,7_prague_czech_sang_soldiers,1.0
HPra_578,1,1_feast_christmas_lord god_heaven,0.44726583
HPra_579,1,1_feast_christmas_lord god_heaven,0.65664834
HPra_580,8,8_shoe_farmer_shoes_feet,0.4974123
HPra_581,1,1_feast_christmas_lord god_heaven,0.75706184
HPra_582,1,1_feast_christmas_lord god_heaven,0.50385123
HPra_583,1,1_feast_christmas_lord god_heaven,0.4787714
HPra_586,4,4_little horse_soldiers_black horse_horse,0.44221753
HPra_588,0,0_loved_loves_maiden_dearest,0.0
HPra_589,8,8_shoe_farmer_shoes_feet,0.46650264
HPra_591,8,8_shoe_farmer_shoes_feet,0.61241645
HPra_592,5,5_saint_saint peter_rye_sunday,0.2686826
HPra_593,1,1_feast_christmas_lord god_heaven,0.623587
HPra_596,1,1_feast_christmas_lord god_heaven,0.36700675
HPra_597,7,7_prague_czech_sang_soldiers,0.54550874
HPra_598,1,1_feast_christmas_lord god_heaven,0.3185402
HPra_601,1,1_feast_christmas_lord god_heaven,0.5627522
HPra_602,5,5_saint_saint peter_rye_sunday,0.6125961
HPra_603,0,0_loved_loves_maiden_dearest,0.0
HPra_605,7,7_prague_czech_sang_soldiers,0.4101336
HPra_606,1,1_feast_christmas_lord god_heaven,0.45745295
HPra_608,8,8_shoe_farmer_shoes_feet,0.34324557
HPra_609,1,1_feast_christmas_lord god_heaven,0.71721107
HPra_610,0,0_loved_loves_maiden_dearest,0.0
HPra_611,5,5_saint_saint peter_rye_sunday,0.49977565
HPra_612,0,0_loved_loves_maiden_dearest,0.0
HPra_613,1,1_feast_christmas_lord god_heaven,0.62276024
HPra_614,1,1_feast_christmas_lord god_heaven,0.46896365
HPra_616,0,0_loved_loves_maiden_dearest,0.43437207
HPra_617,5,5_saint_saint peter_rye_sunday,0.8025589
HPra_618,0,0_loved_loves_maiden_dearest,0.0
HPra_619,6,6_circle_children_little bird_hop,0.7290527
HPra_620,6,6_circle_children_little bird_hop,0.885932
HPra_622,8,8_shoe_farmer_shoes_feet,1.0
HPra_624,6,6_circle_children_little bird_hop,0.8014963
HPra_625,6,6_circle_children_little bird_hop,0.9728194
HPra_626,6,6_circle_children_little bird_hop,1.0
HPra_627,0,0_loved_loves_maiden_dearest,0.0
HPra_628,6,6_circle_children_little bird_hop,0.6553689
HPra_629,6,6_circle_children_little bird_hop,0.47201577
HPra_630,6,6_circle_children_little bird_hop,0.5896573
HPra_631,6,6_circle_children_little bird_hop,1.0
HPra_633,6,6_circle_children_little bird_hop,1.0
HPra_634,6,6_circle_children_little bird_hop,0.6116749
HPra_635,6,6_circle_children_little bird_hop,0.58820635
HPra_636,6,6_circle_children_little bird_hop,0.9131504
Erb_1,1,1_feast_christmas_lord god_heaven,1.0
Erb_2,0,0_loved_loves_maiden_dearest,0.0
Erb_3,0,0_loved_loves_maiden_dearest,1.0
Erb_4,0,0_loved_loves_maiden_dearest,0.41215336
Erb_5,1,1_feast_christmas_lord god_heaven,1.0
Erb_6,0,0_loved_loves_maiden_dearest,0.0
Erb_8,2,2_farmer_cows_sheep_little horse,0.4940009
Erb_10,8,8_shoe_farmer_shoes_feet,1.0
Erb_11,5,5_saint_saint peter_rye_sunday,0.47790235
Erb_12,6,6_circle_children_little bird_hop,0.6068999
Erb_13,6,6_circle_children_little bird_hop,0.5522882
Erb_14,6,6_circle_children_little bird_hop,0.65249443
Erb_15,0,0_loved_loves_maiden_dearest,0.0
Erb_16,1,1_feast_christmas_lord god_heaven,0.55380815
Erb_17,6,6_circle_children_little bird_hop,0.6615802
Erb_19,6,6_circle_children_little bird_hop,1.0
Erb_21,0,0_loved_loves_maiden_dearest,0.0
Erb_22,6,6_circle_children_little bird_hop,0.6433096
Erb_23,2,2_farmer_cows_sheep_little horse,1.0
Erb_24,0,0_loved_loves_maiden_dearest,0.0
Erb_25,0,0_loved_loves_maiden_dearest,0.0
Erb_26,5,5_saint_saint peter_rye_sunday,0.6971555
Erb_27,4,4_little horse_soldiers_black horse_horse,1.0
Erb_28,6,6_circle_children_little bird_hop,1.0
Erb_29,5,5_saint_saint peter_rye_sunday,0.3774696
Erb_30,8,8_shoe_farmer_shoes_feet,0.8344064
Erb_31,0,0_loved_loves_maiden_dearest,0.0
Erb_32,6,6_circle_children_little bird_hop,0.71888393
Erb_34,6,6_circle_children_little bird_hop,0.41835672
Erb_35,0,0_loved_loves_maiden_dearest,0.0
Erb_36,0,0_loved_loves_maiden_dearest,0.0
Erb_37,6,6_circle_children_little bird_hop,1.0
Erb_66,2,2_farmer_cows_sheep_little horse,0.4199666
Erb_67,7,7_prague_czech_sang_soldiers,1.0
Erb_68,3,3_beer_drink_drinks_drunk,0.92005426
Erb_69,0,0_loved_loves_maiden_dearest,0.0
Erb_70,6,6_circle_children_little bird_hop,0.82326114
Erb_71,6,6_circle_children_little bird_hop,1.0
Erb_72,0,0_loved_loves_maiden_dearest,0.0
Erb_73,1,1_feast_christmas_lord god_heaven,1.0
Erb_74,6,6_circle_children_little bird_hop,1.0
Erb_75,0,0_loved_loves_maiden_dearest,0.0
Erb_77,5,5_saint_saint peter_rye_sunday,0.89832485
Erb_78,0,0_loved_loves_maiden_dearest,0.0
Erb_79,0,0_loved_loves_maiden_dearest,0.0
Erb_80,4,4_little horse_soldiers_black horse_horse,1.0
Erb_81,6,6_circle_children_little bird_hop,1.0
Erb_82,8,8_shoe_farmer_shoes_feet,0.5413845
Erb_83,6,6_circle_children_little bird_hop,0.693409
Erb_84,8,8_shoe_farmer_shoes_feet,0.3743099
Erb_85,2,2_farmer_cows_sheep_little horse,0.525247
Erb_86,5,5_saint_saint peter_rye_sunday,0.43335
Erb_87,6,6_circle_children_little bird_hop,1.0
Erb_88,7,7_prague_czech_sang_soldiers,0.7915039
Erb_89,7,7_prague_czech_sang_soldiers,0.82560617
Erb_90,0,0_loved_loves_maiden_dearest,0.0
Erb_91,6,6_circle_children_little bird_hop,1.0
Erb_92,3,3_beer_drink_drinks_drunk,0.5070802
Erb_93,8,8_shoe_farmer_shoes_feet,1.0
Erb_94,2,2_farmer_cows_sheep_little horse,0.6807135
Erb_95,0,0_loved_loves_maiden_dearest,0.0
Erb_96,5,5_saint_saint peter_rye_sunday,0.44149914
Erb_97,5,5_saint_saint peter_rye_sunday,1.0
Erb_98,4,4_little horse_soldiers_black horse_horse,0.50167304
Erb_99,7,7_prague_czech_sang_soldiers,0.3858452
Erb_100,6,6_circle_children_little bird_hop,0.70056224
Erb_101,6,6_circle_children_little bird_hop,0.94377446
Erb_103,1,1_feast_christmas_lord god_heaven,1.0
Erb_104,1,1_feast_christmas_lord god_heaven,0.36057776
Erb_108,6,6_circle_children_little bird_hop,0.825722
Erb_109,6,6_circle_children_little bird_hop,0.8590167
Erb_112,8,8_shoe_farmer_shoes_feet,0.22238454
Erb_113,1,1_feast_christmas_lord god_heaven,0.41467258
Erb_114,6,6_circle_children_little bird_hop,0.53318554
Erb_115,1,1_feast_christmas_lord god_heaven,1.0
Erb_116,1,1_feast_christmas_lord god_heaven,1.0
Erb_117,6,6_circle_children_little bird_hop,0.5548449
Erb_118,0,0_loved_loves_maiden_dearest,0.0
Erb_119,1,1_feast_christmas_lord god_heaven,0.74276537
Erb_120,0,0_loved_loves_maiden_dearest,0.0
Erb_121,0,0_loved_loves_maiden_dearest,0.0
Erb_122,1,1_feast_christmas_lord god_heaven,0.53981596
Erb_123,6,6_circle_children_little bird_hop,0.7074353
Erb_124,0,0_loved_loves_maiden_dearest,0.0
Erb_125,2,2_farmer_cows_sheep_little horse,1.0
Erb_127,1,1_feast_christmas_lord god_heaven,0.5867524
Erb_129,1,1_feast_christmas_lord god_heaven,0.7053941
Erb_130,6,6_circle_children_little bird_hop,0.36795074
Erb_131,1,1_feast_christmas_lord god_heaven,0.5726027
Erb_133,1,1_feast_christmas_lord god_heaven,0.42560676
Erb_134,1,1_feast_christmas_lord god_heaven,0.53146315
Erb_135,1,1_feast_christmas_lord god_heaven,0.55030704
Erb_136,6,6_circle_children_little bird_hop,0.5043403
Erb_137,1,1_feast_christmas_lord god_heaven,0.8173631
Erb_138,5,5_saint_saint peter_rye_sunday,1.0
Erb_139,7,7_prague_czech_sang_soldiers,0.57313955
Erb_140,6,6_circle_children_little bird_hop,0.6578854
Erb_141,5,5_saint_saint peter_rye_sunday,0.33798805
Erb_142,1,1_feast_christmas_lord god_heaven,0.58275294
Erb_143,3,3_beer_drink_drinks_drunk,0.49303228
Erb_144,1,1_feast_christmas_lord god_heaven,0.7529193
Erb_146,8,8_shoe_farmer_shoes_feet,0.3886859
Erb_147,2,2_farmer_cows_sheep_little horse,0.31204665
Erb_148,5,5_saint_saint peter_rye_sunday,0.3080853
Erb_150,5,5_saint_saint peter_rye_sunday,0.6127938
Erb_151,5,5_saint_saint peter_rye_sunday,0.694478
Erb_152,5,5_saint_saint peter_rye_sunday,0.79088223
Erb_153,5,5_saint_saint peter_rye_sunday,0.5464249
Erb_154,5,5_saint_saint peter_rye_sunday,0.65693
Erb_155,3,3_beer_drink_drinks_drunk,1.0
Erb_156,1,1_feast_christmas_lord god_heaven,0.5269679
Erb_157,1,1_feast_christmas_lord god_heaven,0.5960248
Erb_159,0,0_loved_loves_maiden_dearest,0.0
Erb_160,0,0_loved_loves_maiden_dearest,0.0
Erb_161,3,3_beer_drink_drinks_drunk,1.0
Erb_162,5,5_saint_saint peter_rye_sunday,0.74652934
Erb_163,5,5_saint_saint peter_rye_sunday,0.39318952
Erb_164,1,1_feast_christmas_lord god_heaven,0.5459355
Erb_165,2,2_farmer_cows_sheep_little horse,0.5530505
Erb_166,4,4_little horse_soldiers_black horse_horse,0.6316313
Erb_168,3,3_beer_drink_drinks_drunk,1.0
Erb_169,1,1_feast_christmas_lord god_heaven,0.3180192
Erb_170,1,1_feast_christmas_lord god_heaven,1.0
Erb_171,7,7_prague_czech_sang_soldiers,1.0
Erb_172,0,0_loved_loves_maiden_dearest,0.0
Erb_173,4,4_little horse_soldiers_black horse_horse,1.0
Erb_174,8,8_shoe_farmer_shoes_feet,0.6352215
Erb_175,6,6_circle_children_little bird_hop,0.7831401
Erb_176,4,4_little horse_soldiers_black horse_horse,0.501619
Erb_177,0,0_loved_loves_maiden_dearest,0.0
Erb_178,5,5_saint_saint peter_rye_sunday,0.51870775
Erb_179,0,0_loved_loves_maiden_dearest,0.0
Erb_180,0,0_loved_loves_maiden_dearest,0.0
Erb_181,3,3_beer_drink_drinks_drunk,0.7063472
Erb_183,8,8_shoe_farmer_shoes_feet,0.72925025
Erb_184,7,7_prague_czech_sang_soldiers,0.85885054
Erb_185,6,6_circle_children_little bird_hop,1.0
Erb_186,7,7_prague_czech_sang_soldiers,0.5002198
Erb_187,8,8_shoe_farmer_shoes_feet,0.52884406
Erb_189,8,8_shoe_farmer_shoes_feet,0.812241
Erb_190,6,6_circle_children_little bird_hop,0.83177066
Erb_191,8,8_shoe_farmer_shoes_feet,0.928325
Erb_192,2,2_farmer_cows_sheep_little horse,0.5577959
Erb_193,8,8_shoe_farmer_shoes_feet,1.0
Erb_197,5,5_saint_saint peter_rye_sunday,0.6927997
Erb_198,0,0_loved_loves_maiden_dearest,0.38369286
Erb_199,6,6_circle_children_little bird_hop,0.5142013
Erb_200,5,5_saint_saint peter_rye_sunday,0.6136476
Erb_201,3,3_beer_drink_drinks_drunk,0.519115
Erb_202,0,0_loved_loves_maiden_dearest,0.0
Erb_203,5,5_saint_saint peter_rye_sunday,0.69179714
Erb_205,5,5_saint_saint peter_rye_sunday,0.39756042
Erb_209,5,5_saint_saint peter_rye_sunday,0.6186785
Erb_210,1,1_feast_christmas_lord god_heaven,1.0
Erb_211,1,1_feast_christmas_lord god_heaven,0.3821218
Erb_213,5,5_saint_saint peter_rye_sunday,1.0
Erb_214,5,5_saint_saint peter_rye_sunday,0.91519755
Erb_215,5,5_saint_saint peter_rye_sunday,0.37712264
Erb_217,8,8_shoe_farmer_shoes_feet,0.5160877
Erb_218,1,1_feast_christmas_lord god_heaven,0.5830402
Erb_219,8,8_shoe_farmer_shoes_feet,1.0
Erb_220,3,3_beer_drink_drinks_drunk,0.7958787
Erb_221,6,6_circle_children_little bird_hop,0.32710776
Erb_222,5,5_saint_saint peter_rye_sunday,0.57766557
Erb_223,1,1_feast_christmas_lord god_heaven,0.5767864
Erb_224,5,5_saint_saint peter_rye_sunday,0.48544043
Erb_225,1,1_feast_christmas_lord god_heaven,0.5079079
Erb_227,5,5_saint_saint peter_rye_sunday,0.67129576
Erb_228,5,5_saint_saint peter_rye_sunday,0.6014468
Erb_229,1,1_feast_christmas_lord god_heaven,1.0
Erb_230,5,5_saint_saint peter_rye_sunday,0.4752386
Erb_232,5,5_saint_saint peter_rye_sunday,0.5492299
Erb_234,5,5_saint_saint peter_rye_sunday,1.0
Erb_235,1,1_feast_christmas_lord god_heaven,1.0
Erb_236,1,1_feast_christmas_lord god_heaven,0.56825066
Erb_237,8,8_shoe_farmer_shoes_feet,0.52419555
Erb_238,1,1_feast_christmas_lord god_heaven,0.65708435
Erb_239,3,3_beer_drink_drinks_drunk,0.6223255
Erb_240,0,0_loved_loves_maiden_dearest,0.0
Erb_241,0,0_loved_loves_maiden_dearest,0.0
Erb_242,5,5_saint_saint peter_rye_sunday,1.0
Erb_243,3,3_beer_drink_drinks_drunk,0.6331075
Erb_244,1,1_feast_christmas_lord god_heaven,0.37791222
Erb_245,6,6_circle_children_little bird_hop,0.5163565
Erb_247,0,0_loved_loves_maiden_dearest,0.0
Erb_248,0,0_loved_loves_maiden_dearest,0.0
Erb_249,1,1_feast_christmas_lord god_heaven,1.0
Erb_250,2,2_farmer_cows_sheep_little horse,0.3322248
Erb_251,2,2_farmer_cows_sheep_little horse,0.3322248
Erb_252,3,3_beer_drink_drinks_drunk,0.6715086
Erb_253,0,0_loved_loves_maiden_dearest,1.0
Erb_254,8,8_shoe_farmer_shoes_feet,0.51847154
Erb_255,8,8_shoe_farmer_shoes_feet,1.0
Erb_256,6,6_circle_children_little bird_hop,0.58667976
Erb_257,6,6_circle_children_little bird_hop,1.0
Erb_258,3,3_beer_drink_drinks_drunk,0.6230529
Erb_259,6,6_circle_children_little bird_hop,0.37675825
Erb_260,6,6_circle_children_little bird_hop,0.9312145
Erb_262,6,6_circle_children_little bird_hop,0.70850396
Erb_263,6,6_circle_children_little bird_hop,0.669006
Erb_264,0,0_loved_loves_maiden_dearest,0.0
Erb_265,6,6_circle_children_little bird_hop,0.7122891
Erb_266,8,8_shoe_farmer_shoes_feet,0.7601815
Erb_267,6,6_circle_children_little bird_hop,1.0
Erb_269,6,6_circle_children_little bird_hop,1.0
Erb_270,6,6_circle_children_little bird_hop,0.67889726
Erb_271,5,5_saint_saint peter_rye_sunday,0.48172215
Erb_272,0,0_loved_loves_maiden_dearest,0.0
Erb_273,6,6_circle_children_little bird_hop,1.0
Erb_274,6,6_circle_children_little bird_hop,0.29325885
Erb_275,6,6_circle_children_little bird_hop,0.8726961
Erb_276,6,6_circle_children_little bird_hop,0.93359643
Erb_277,6,6_circle_children_little bird_hop,0.61323357
Erb_278,6,6_circle_children_little bird_hop,0.793361
Erb_279,6,6_circle_children_little bird_hop,0.7169474
Erb_280,5,5_saint_saint peter_rye_sunday,0.8180334
Erb_282,5,5_saint_saint peter_rye_sunday,1.0
Erb_283,5,5_saint_saint peter_rye_sunday,0.38990298
Erb_287,5,5_saint_saint peter_rye_sunday,1.0
Erb_288,0,0_loved_loves_maiden_dearest,0.0
Erb_289,5,5_saint_saint peter_rye_sunday,0.8740198
Erb_290,6,6_circle_children_little bird_hop,1.0
Erb_291,0,0_loved_loves_maiden_dearest,0.0
Erb_292,5,5_saint_saint peter_rye_sunday,0.8023236
Erb_293,0,0_loved_loves_maiden_dearest,1.0
Erb_294,5,5_saint_saint peter_rye_sunday,0.45924428
Erb_295,3,3_beer_drink_drinks_drunk,0.3884119
Erb_296,5,5_saint_saint peter_rye_sunday,0.44654152
Erb_297,7,7_prague_czech_sang_soldiers,0.41965264
Erb_298,0,0_loved_loves_maiden_dearest,0.0
Erb_299,5,5_saint_saint peter_rye_sunday,0.6249418
Erb_300,5,5_saint_saint peter_rye_sunday,1.0
Erb_301,0,0_loved_loves_maiden_dearest,0.0
Erb_302,1,1_feast_christmas_lord god_heaven,0.359837
Erb_303,0,0_loved_loves_maiden_dearest,0.0
Erb_307,6,6_circle_children_little bird_hop,0.57432854
Erb_308,8,8_shoe_farmer_shoes_feet,1.0
Erb_309,3,3_beer_drink_drinks_drunk,1.0
Erb_310,3,3_beer_drink_drinks_drunk,1.0
Erb_311,7,7_prague_czech_sang_soldiers,0.8158846
Erb_312,6,6_circle_children_little bird_hop,0.5846232
Erb_313,6,6_circle_children_little bird_hop,0.5452506
Erb_314,8,8_shoe_farmer_shoes_feet,0.37144288
Erb_315,1,1_feast_christmas_lord god_heaven,0.4559621
Erb_316,0,0_loved_loves_maiden_dearest,0.0
Erb_317,3,3_beer_drink_drinks_drunk,1.0
Erb_318,2,2_farmer_cows_sheep_little horse,0.28437456
Erb_319,5,5_saint_saint peter_rye_sunday,0.5683682
Erb_320,5,5_saint_saint peter_rye_sunday,0.48937273
Erb_321,6,6_circle_children_little bird_hop,0.52902645
Erb_322,5,5_saint_saint peter_rye_sunday,0.36621714
Erb_323,2,2_farmer_cows_sheep_little horse,0.76205397
Erb_324,6,6_circle_children_little bird_hop,1.0
Erb_325,4,4_little horse_soldiers_black horse_horse,0.27985904
Erb_326,0,0_loved_loves_maiden_dearest,0.0
Erb_327,6,6_circle_children_little bird_hop,0.8345272
Erb_332,5,5_saint_saint peter_rye_sunday,0.7907855
Erb_333,6,6_circle_children_little bird_hop,1.0
Erb_334,0,0_loved_loves_maiden_dearest,0.0
Erb_335,4,4_little horse_soldiers_black horse_horse,1.0
Erb_336,6,6_circle_children_little bird_hop,0.7361409
Erb_337,0,0_loved_loves_maiden_dearest,0.0
Erb_338,0,0_loved_loves_maiden_dearest,0.0
Erb_339,0,0_loved_loves_maiden_dearest,0.0
Erb_340,0,0_loved_loves_maiden_dearest,0.0
Erb_341,0,0_loved_loves_maiden_dearest,0.0
Erb_342,8,8_shoe_farmer_shoes_feet,0.5206782
Erb_343,5,5_saint_saint peter_rye_sunday,1.0
Erb_344,7,7_prague_czech_sang_soldiers,0.5177896
Erb_345,2,2_farmer_cows_sheep_little horse,0.3771096
Erb_346,0,0_loved_loves_maiden_dearest,0.0
Erb_347,0,0_loved_loves_maiden_dearest,0.0
Erb_348,0,0_loved_loves_maiden_dearest,0.0
Erb_349,5,5_saint_saint peter_rye_sunday,0.89832485
Erb_350,5,5_saint_saint peter_rye_sunday,1.0
Erb_351,5,5_saint_saint peter_rye_sunday,1.0
Erb_352,5,5_saint_saint peter_rye_sunday,0.67129576
Erb_353,0,0_loved_loves_maiden_dearest,0.0
Erb_354,0,0_loved_loves_maiden_dearest,0.0
Erb_355,5,5_saint_saint peter_rye_sunday,1.0
Erb_356,5,5_saint_saint peter_rye_sunday,0.8171724
Erb_357,0,0_loved_loves_maiden_dearest,0.0
Erb_359,5,5_saint_saint peter_rye_sunday,0.42127386
Erb_360,5,5_saint_saint peter_rye_sunday,0.67129576
Erb_361,5,5_saint_saint peter_rye_sunday,0.67129576
Erb_362,0,0_loved_loves_maiden_dearest,0.0
Erb_363,5,5_saint_saint peter_rye_sunday,0.85513294
Erb_364,5,5_saint_saint peter_rye_sunday,0.50546837
Erb_365,5,5_saint_saint peter_rye_sunday,1.0
Erb_367,6,6_circle_children_little bird_hop,0.36188468
Erb_368,6,6_circle_children_little bird_hop,0.8827656
Erb_369,6,6_circle_children_little bird_hop,0.6922192
Erb_370,6,6_circle_children_little bird_hop,0.48495632
Erb_371,6,6_circle_children_little bird_hop,0.80086744
Erb_372,6,6_circle_children_little bird_hop,0.7159897
Erb_373,6,6_circle_children_little bird_hop,0.8932341
Erb_374,6,6_circle_children_little bird_hop,0.6804848
Erb_375,6,6_circle_children_little bird_hop,0.44376928
Erb_376,8,8_shoe_farmer_shoes_feet,0.43444207
Erb_377,5,5_saint_saint peter_rye_sunday,0.27317822
Erb_379,5,5_saint_saint peter_rye_sunday,1.0
Erb_380,5,5_saint_saint peter_rye_sunday,1.0
Erb_381,0,0_loved_loves_maiden_dearest,0.0
Erb_382,5,5_saint_saint peter_rye_sunday,0.8407124
Erb_383,0,0_loved_loves_maiden_dearest,0.0
Erb_384,5,5_saint_saint peter_rye_sunday,1.0
Erb_385,5,5_saint_saint peter_rye_sunday,1.0
Erb_386,0,0_loved_loves_maiden_dearest,0.0
Erb_387,5,5_saint_saint peter_rye_sunday,0.57804865
Erb_388,5,5_saint_saint peter_rye_sunday,0.658529
Erb_389,1,1_feast_christmas_lord god_heaven,0.37330365
Erb_390,6,6_circle_children_little bird_hop,1.0
Erb_391,0,0_loved_loves_maiden_dearest,0.0
Erb_392,6,6_circle_children_little bird_hop,0.61405516
Erb_393,7,7_prague_czech_sang_soldiers,1.0
Erb_394,8,8_shoe_farmer_shoes_feet,0.3478432
Erb_395,3,3_beer_drink_drinks_drunk,0.5795549
Erb_397,7,7_prague_czech_sang_soldiers,1.0
Erb_399,0,0_loved_loves_maiden_dearest,0.0
Erb_400,0,0_loved_loves_maiden_dearest,0.0
Erb_401,1,1_feast_christmas_lord god_heaven,0.34361646
Erb_402,3,3_beer_drink_drinks_drunk,0.5081481
Erb_403,3,3_beer_drink_drinks_drunk,0.5092715
Erb_404,1,1_feast_christmas_lord god_heaven,1.0
Erb_405,5,5_saint_saint peter_rye_sunday,1.0
Erb_406,5,5_saint_saint peter_rye_sunday,1.0
Erb_407,5,5_saint_saint peter_rye_sunday,0.5960803
Erb_408,0,0_loved_loves_maiden_dearest,0.0
Erb_409,5,5_saint_saint peter_rye_sunday,0.93870175
Erb_410,0,0_loved_loves_maiden_dearest,0.0
Erb_411,5,5_saint_saint peter_rye_sunday,1.0
Erb_412,5,5_saint_saint peter_rye_sunday,1.0
Erb_413,3,3_beer_drink_drinks_drunk,0.52023476
Erb_415,6,6_circle_children_little bird_hop,0.39616805
Erb_416,6,6_circle_children_little bird_hop,0.6766606
Erb_417,6,6_circle_children_little bird_hop,0.32995644
Erb_418,2,2_farmer_cows_sheep_little horse,0.65665853
Erb_419,6,6_circle_children_little bird_hop,0.44695687
Erb_420,6,6_circle_children_little bird_hop,0.5607282
Erb_424,5,5_saint_saint peter_rye_sunday,1.0
Erb_425,5,5_saint_saint peter_rye_sunday,1.0
Erb_426,5,5_saint_saint peter_rye_sunday,0.59476495
Erb_427,5,5_saint_saint peter_rye_sunday,1.0
Erb_428,5,5_saint_saint peter_rye_sunday,1.0
Erb_429,5,5_saint_saint peter_rye_sunday,0.81003684
Erb_430,5,5_saint_saint peter_rye_sunday,1.0
Erb_433,3,3_beer_drink_drinks_drunk,0.41903177
Erb_434,6,6_circle_children_little bird_hop,0.7837882
Erb_435,2,2_farmer_cows_sheep_little horse,0.27071518
Erb_436,2,2_farmer_cows_sheep_little horse,1.0
Erb_437,5,5_saint_saint peter_rye_sunday,1.0
Erb_438,3,3_beer_drink_drinks_drunk,1.0
Erb_439,6,6_circle_children_little bird_hop,1.0
Erb_440,5,5_saint_saint peter_rye_sunday,1.0
Erb_441,5,5_saint_saint peter_rye_sunday,1.0
Erb_442,5,5_saint_saint peter_rye_sunday,0.6105096
Erb_443,6,6_circle_children_little bird_hop,1.0
Erb_444,5,5_saint_saint peter_rye_sunday,0.5702461
Erb_445,2,2_farmer_cows_sheep_little horse,1.0
Erb_446,5,5_saint_saint peter_rye_sunday,0.7182501
Erb_447,5,5_saint_saint peter_rye_sunday,0.72190136
Erb_448,5,5_saint_saint peter_rye_sunday,0.6048846
Erb_449,5,5_saint_saint peter_rye_sunday,0.70789886
Erb_450,5,5_saint_saint peter_rye_sunday,0.8749332
Erb_451,5,5_saint_saint peter_rye_sunday,0.6375797
Erb_452,5,5_saint_saint peter_rye_sunday,0.67129576
Erb_453,5,5_saint_saint peter_rye_sunday,0.6036856
Erb_454,5,5_saint_saint peter_rye_sunday,1.0
Erb_455,5,5_saint_saint peter_rye_sunday,0.49675238
Erb_456,5,5_saint_saint peter_rye_sunday,0.7911437
Erb_457,0,0_loved_loves_maiden_dearest,0.0
Erb_458,0,0_loved_loves_maiden_dearest,0.0
Erb_459,6,6_circle_children_little bird_hop,0.31035432
Erb_460,1,1_feast_christmas_lord god_heaven,0.5069907
Erb_461,6,6_circle_children_little bird_hop,0.45219782
Erb_462,6,6_circle_children_little bird_hop,0.7872446
Erb_463,6,6_circle_children_little bird_hop,0.81450367
Erb_464,6,6_circle_children_little bird_hop,1.0
Erb_465,6,6_circle_children_little bird_hop,0.654219
Erb_466,6,6_circle_children_little bird_hop,0.60829645
Erb_467,4,4_little horse_soldiers_black horse_horse,0.44353485
Erb_469,0,0_loved_loves_maiden_dearest,0.0
Erb_470,3,3_beer_drink_drinks_drunk,0.69157696
Erb_471,0,0_loved_loves_maiden_dearest,0.0
Erb_472,6,6_circle_children_little bird_hop,0.9024163
Erb_473,0,0_loved_loves_maiden_dearest,0.0
Erb_475,0,0_loved_loves_maiden_dearest,0.0
Erb_477,4,4_little horse_soldiers_black horse_horse,1.0
Erb_478,5,5_saint_saint peter_rye_sunday,0.5070971
Erb_480,0,0_loved_loves_maiden_dearest,0.0
Erb_481,0,0_loved_loves_maiden_dearest,0.0
Erb_482,0,0_loved_loves_maiden_dearest,0.0
Erb_483,0,0_loved_loves_maiden_dearest,0.0
Erb_484,0,0_loved_loves_maiden_dearest,0.0
Erb_486,0,0_loved_loves_maiden_dearest,0.0
Erb_487,7,7_prague_czech_sang_soldiers,0.42585775
Erb_491,3,3_beer_drink_drinks_drunk,0.47334635
Erb_492,4,4_little horse_soldiers_black horse_horse,0.66188926
Erb_494,0,0_loved_loves_maiden_dearest,0.0
Erb_496,7,7_prague_czech_sang_soldiers,0.75127524
Erb_499,0,0_loved_loves_maiden_dearest,0.0
Erb_501,0,0_loved_loves_maiden_dearest,0.0
Erb_502,4,4_little horse_soldiers_black horse_horse,1.0
Erb_503,0,0_loved_loves_maiden_dearest,0.6596769
Erb_505,5,5_saint_saint peter_rye_sunday,0.5275777
Erb_507,8,8_shoe_farmer_shoes_feet,1.0
Erb_508,5,5_saint_saint peter_rye_sunday,1.0
Erb_510,4,4_little horse_soldiers_black horse_horse,0.37650922
Erb_511,3,3_beer_drink_drinks_drunk,1.0
Erb_512,0,0_loved_loves_maiden_dearest,0.0
Erb_513,0,0_loved_loves_maiden_dearest,0.0
Erb_515,3,3_beer_drink_drinks_drunk,0.80331606
Erb_516,8,8_shoe_farmer_shoes_feet,0.8053266
Erb_517,5,5_saint_saint peter_rye_sunday,0.5453662
Erb_519,4,4_little horse_soldiers_black horse_horse,0.6316313
Erb_521,6,6_circle_children_little bird_hop,1.0
Erb_522,0,0_loved_loves_maiden_dearest,0.0
Erb_523,4,4_little horse_soldiers_black horse_horse,0.40829697
Erb_524,3,3_beer_drink_drinks_drunk,1.0
Erb_525,3,3_beer_drink_drinks_drunk,1.0
Erb_526,1,1_feast_christmas_lord god_heaven,0.8149779
Erb_527,8,8_shoe_farmer_shoes_feet,1.0
Erb_529,0,0_loved_loves_maiden_dearest,0.0
Erb_532,0,0_loved_loves_maiden_dearest,0.0
Erb_533,0,0_loved_loves_maiden_dearest,0.0
Erb_535,0,0_loved_loves_maiden_dearest,0.0
Erb_537,6,6_circle_children_little bird_hop,0.7181498
Erb_538,0,0_loved_loves_maiden_dearest,0.0
Erb_540,0,0_loved_loves_maiden_dearest,1.0
Erb_541,0,0_loved_loves_maiden_dearest,0.0
Erb_543,0,0_loved_loves_maiden_dearest,1.0
Erb_544,5,5_saint_saint peter_rye_sunday,0.34426752
Erb_546,0,0_loved_loves_maiden_dearest,1.0
Erb_547,2,2_farmer_cows_sheep_little horse,0.63979185
Erb_549,3,3_beer_drink_drinks_drunk,0.6919158
Erb_550,8,8_shoe_farmer_shoes_feet,0.37778497
Erb_553,5,5_saint_saint peter_rye_sunday,0.29837006
Erb_555,3,3_beer_drink_drinks_drunk,0.30390382
Erb_557,7,7_prague_czech_sang_soldiers,1.0
Erb_559,0,0_loved_loves_maiden_dearest,0.0
Erb_560,0,0_loved_loves_maiden_dearest,0.0
Erb_561,4,4_little horse_soldiers_black horse_horse,1.0
Erb_562,2,2_farmer_cows_sheep_little horse,1.0
Erb_563,6,6_circle_children_little bird_hop,1.0
Erb_564,0,0_loved_loves_maiden_dearest,1.0
Erb_565,1,1_feast_christmas_lord god_heaven,0.57359684
Erb_566,7,7_prague_czech_sang_soldiers,0.5834267
Erb_567,4,4_little horse_soldiers_black horse_horse,0.5707703
Erb_568,0,0_loved_loves_maiden_dearest,0.0
Erb_569,2,2_farmer_cows_sheep_little horse,0.850832
Erb_571,8,8_shoe_farmer_shoes_feet,1.0
Erb_573,0,0_loved_loves_maiden_dearest,1.0
Erb_574,5,5_saint_saint peter_rye_sunday,0.6249202
Erb_576,3,3_beer_drink_drinks_drunk,0.344674
Erb_579,2,2_farmer_cows_sheep_little horse,1.0
Erb_581,2,2_farmer_cows_sheep_little horse,1.0
Erb_584,1,1_feast_christmas_lord god_heaven,1.0
Erb_585,8,8_shoe_farmer_shoes_feet,1.0
Erb_586,5,5_saint_saint peter_rye_sunday,0.38144612
Erb_588,0,0_loved_loves_maiden_dearest,0.0
Erb_590,6,6_circle_children_little bird_hop,0.6619392
Erb_591,0,0_loved_loves_maiden_dearest,0.0
Erb_592,0,0_loved_loves_maiden_dearest,1.0
Erb_595,0,0_loved_loves_maiden_dearest,0.0
Erb_596,5,5_saint_saint peter_rye_sunday,1.0
Erb_597,0,0_loved_loves_maiden_dearest,0.0
Erb_598,0,0_loved_loves_maiden_dearest,0.0
Erb_599,5,5_saint_saint peter_rye_sunday,1.0
Erb_600,0,0_loved_loves_maiden_dearest,1.0
Erb_601,0,0_loved_loves_maiden_dearest,0.0
Erb_603,2,2_farmer_cows_sheep_little horse,0.34799284
Erb_604,0,0_loved_loves_maiden_dearest,0.0
Erb_605,5,5_saint_saint peter_rye_sunday,0.4965064
Erb_608,2,2_farmer_cows_sheep_little horse,1.0
Erb_609,7,7_prague_czech_sang_soldiers,1.0
Erb_610,8,8_shoe_farmer_shoes_feet,0.57374275
Erb_612,5,5_saint_saint peter_rye_sunday,0.45416045
Erb_613,5,5_saint_saint peter_rye_sunday,0.35257784
Erb_614,8,8_shoe_farmer_shoes_feet,0.77999926
Erb_616,4,4_little horse_soldiers_black horse_horse,0.60890245
Erb_617,5,5_saint_saint peter_rye_sunday,0.7491197
Erb_618,0,0_loved_loves_maiden_dearest,0.0
Erb_619,8,8_shoe_farmer_shoes_feet,0.77171534
Erb_621,5,5_saint_saint peter_rye_sunday,1.0
Erb_622,6,6_circle_children_little bird_hop,0.5852838
Erb_623,0,0_loved_loves_maiden_dearest,0.0
Erb_624,1,1_feast_christmas_lord god_heaven,0.47153014
Erb_626,0,0_loved_loves_maiden_dearest,0.0
Erb_627,0,0_loved_loves_maiden_dearest,0.0
Erb_628,5,5_saint_saint peter_rye_sunday,1.0
Erb_633,0,0_loved_loves_maiden_dearest,0.0
Erb_634,5,5_saint_saint peter_rye_sunday,1.0
Erb_635,2,2_farmer_cows_sheep_little horse,1.0
Erb_637,0,0_loved_loves_maiden_dearest,0.0
Erb_638,7,7_prague_czech_sang_soldiers,0.50766003
Erb_640,0,0_loved_loves_maiden_dearest,0.0
Erb_641,2,2_farmer_cows_sheep_little horse,1.0
Erb_643,0,0_loved_loves_maiden_dearest,0.78911155
Erb_644,0,0_loved_loves_maiden_dearest,1.0
Erb_645,0,0_loved_loves_maiden_dearest,0.0
Erb_646,1,1_feast_christmas_lord god_heaven,1.0
Erb_648,2,2_farmer_cows_sheep_little horse,0.27889356
Erb_649,0,0_loved_loves_maiden_dearest,0.0
Erb_651,0,0_loved_loves_maiden_dearest,0.0
Erb_653,0,0_loved_loves_maiden_dearest,1.0
Erb_655,3,3_beer_drink_drinks_drunk,0.93324745
Erb_661,3,3_beer_drink_drinks_drunk,0.45403555
Erb_663,5,5_saint_saint peter_rye_sunday,1.0
Erb_664,5,5_saint_saint peter_rye_sunday,1.0
Erb_666,0,0_loved_loves_maiden_dearest,0.8177729
Erb_667,0,0_loved_loves_maiden_dearest,0.0
Erb_668,4,4_little horse_soldiers_black horse_horse,0.65427405
Erb_669,0,0_loved_loves_maiden_dearest,0.40245464
Erb_670,5,5_saint_saint peter_rye_sunday,0.5095806
Erb_672,0,0_loved_loves_maiden_dearest,0.0
Erb_673,4,4_little horse_soldiers_black horse_horse,0.5707703
Erb_674,0,0_loved_loves_maiden_dearest,1.0
Erb_676,4,4_little horse_soldiers_black horse_horse,0.5957977
Erb_678,0,0_loved_loves_maiden_dearest,0.0
Erb_679,1,1_feast_christmas_lord god_heaven,0.50881124
Erb_680,6,6_circle_children_little bird_hop,0.3422131
Erb_681,3,3_beer_drink_drinks_drunk,1.0
Erb_682,0,0_loved_loves_maiden_dearest,0.0
Erb_683,2,2_farmer_cows_sheep_little horse,0.58328503
Erb_684,0,0_loved_loves_maiden_dearest,0.0
Erb_685,3,3_beer_drink_drinks_drunk,1.0
Erb_688,4,4_little horse_soldiers_black horse_horse,0.68955916
Erb_689,0,0_loved_loves_maiden_dearest,1.0
Erb_690,4,4_little horse_soldiers_black horse_horse,0.3756825
Erb_692,2,2_farmer_cows_sheep_little horse,0.77397966
Erb_695,3,3_beer_drink_drinks_drunk,0.7211297
Erb_697,6,6_circle_children_little bird_hop,1.0
Erb_698,4,4_little horse_soldiers_black horse_horse,0.6600684
Erb_699,0,0_loved_loves_maiden_dearest,0.0
Erb_700,0,0_loved_loves_maiden_dearest,0.0
Erb_703,4,4_little horse_soldiers_black horse_horse,1.0
Erb_706,0,0_loved_loves_maiden_dearest,0.0
Erb_707,0,0_loved_loves_maiden_dearest,0.3223757
Erb_709,0,0_loved_loves_maiden_dearest,0.0
Erb_710,1,1_feast_christmas_lord god_heaven,0.2524953
Erb_711,0,0_loved_loves_maiden_dearest,0.0
Erb_713,0,0_loved_loves_maiden_dearest,0.0
Erb_715,0,0_loved_loves_maiden_dearest,0.0
Erb_716,8,8_shoe_farmer_shoes_feet,0.36786067
Erb_717,8,8_shoe_farmer_shoes_feet,0.8294249
Erb_719,6,6_circle_children_little bird_hop,1.0
Erb_720,0,0_loved_loves_maiden_dearest,0.0
Erb_722,0,0_loved_loves_maiden_dearest,0.0
Erb_723,0,0_loved_loves_maiden_dearest,0.5027302
Erb_724,0,0_loved_loves_maiden_dearest,0.0
Erb_726,0,0_loved_loves_maiden_dearest,0.0
Erb_727,0,0_loved_loves_maiden_dearest,0.0
Erb_728,5,5_saint_saint peter_rye_sunday,0.6762928
Erb_729,5,5_saint_saint peter_rye_sunday,0.8623701
Erb_730,0,0_loved_loves_maiden_dearest,0.0
Erb_731,2,2_farmer_cows_sheep_little horse,1.0
Erb_732,4,4_little horse_soldiers_black horse_horse,0.6316313
Erb_733,8,8_shoe_farmer_shoes_feet,0.49485344
Erb_734,8,8_shoe_farmer_shoes_feet,0.9080327
Erb_735,0,0_loved_loves_maiden_dearest,0.0
Erb_736,7,7_prague_czech_sang_soldiers,1.0
Erb_737,8,8_shoe_farmer_shoes_feet,0.5460136
Erb_739,0,0_loved_loves_maiden_dearest,0.0
Erb_740,0,0_loved_loves_maiden_dearest,1.0
Erb_741,0,0_loved_loves_maiden_dearest,0.0
Erb_745,6,6_circle_children_little bird_hop,1.0
Erb_746,3,3_beer_drink_drinks_drunk,1.0
Erb_747,3,3_beer_drink_drinks_drunk,1.0
Erb_748,0,0_loved_loves_maiden_dearest,0.0
Erb_751,4,4_little horse_soldiers_black horse_horse,0.52101105
Erb_753,0,0_loved_loves_maiden_dearest,0.0
Erb_754,8,8_shoe_farmer_shoes_feet,0.54701644
Erb_755,2,2_farmer_cows_sheep_little horse,0.5234208
Erb_756,0,0_loved_loves_maiden_dearest,0.0
Erb_757,0,0_loved_loves_maiden_dearest,0.7529873
Erb_759,0,0_loved_loves_maiden_dearest,0.0
Erb_761,0,0_loved_loves_maiden_dearest,0.0
Erb_762,7,7_prague_czech_sang_soldiers,1.0
Erb_766,3,3_beer_drink_drinks_drunk,1.0
Erb_768,0,0_loved_loves_maiden_dearest,0.0
Erb_769,0,0_loved_loves_maiden_dearest,0.0
Erb_770,4,4_little horse_soldiers_black horse_horse,0.70282835
Erb_772,8,8_shoe_farmer_shoes_feet,0.4113532
Erb_774,0,0_loved_loves_maiden_dearest,0.0
Erb_776,0,0_loved_loves_maiden_dearest,0.0
Erb_777,0,0_loved_loves_maiden_dearest,0.0
Erb_778,8,8_shoe_farmer_shoes_feet,0.87194955
Erb_779,0,0_loved_loves_maiden_dearest,0.0
Erb_782,3,3_beer_drink_drinks_drunk,0.44760102
Erb_783,1,1_feast_christmas_lord god_heaven,0.5269679
Erb_785,4,4_little horse_soldiers_black horse_horse,0.56255764
Erb_786,0,0_loved_loves_maiden_dearest,0.0
Erb_787,5,5_saint_saint peter_rye_sunday,1.0
Erb_789,0,0_loved_loves_maiden_dearest,0.0
Erb_790,5,5_saint_saint peter_rye_sunday,1.0
Erb_791,0,0_loved_loves_maiden_dearest,0.0
Erb_792,0,0_loved_loves_maiden_dearest,1.0
Erb_793,0,0_loved_loves_maiden_dearest,1.0
Erb_795,2,2_farmer_cows_sheep_little horse,1.0
Erb_796,0,0_loved_loves_maiden_dearest,0.46477097
Erb_797,5,5_saint_saint peter_rye_sunday,0.37017173
Erb_799,3,3_beer_drink_drinks_drunk,0.6126624
Erb_800,2,2_farmer_cows_sheep_little horse,1.0
Erb_801,2,2_farmer_cows_sheep_little horse,0.70061773
Erb_804,4,4_little horse_soldiers_black horse_horse,0.5642266
Erb_808,2,2_farmer_cows_sheep_little horse,0.54658777
Erb_809,4,4_little horse_soldiers_black horse_horse,0.51384044
Erb_810,0,0_loved_loves_maiden_dearest,0.0
Erb_812,6,6_circle_children_little bird_hop,0.5124048
Erb_813,8,8_shoe_farmer_shoes_feet,0.3414516
Erb_816,7,7_prague_czech_sang_soldiers,0.49376088
Erb_821,0,0_loved_loves_maiden_dearest,0.0
Erb_824,7,7_prague_czech_sang_soldiers,0.52988935
Erb_826,6,6_circle_children_little bird_hop,0.79393405
Erb_834,5,5_saint_saint peter_rye_sunday,0.5163585
Erb_835,7,7_prague_czech_sang_soldiers,1.0
Erb_837,2,2_farmer_cows_sheep_little horse,0.6349472
Erb_838,0,0_loved_loves_maiden_dearest,0.0
Erb_840,0,0_loved_loves_maiden_dearest,0.0
Erb_843,0,0_loved_loves_maiden_dearest,0.0
Erb_844,5,5_saint_saint peter_rye_sunday,0.3831856
Erb_847,2,2_farmer_cows_sheep_little horse,1.0
Erb_849,0,0_loved_loves_maiden_dearest,0.5473841
Erb_851,7,7_prague_czech_sang_soldiers,1.0
Erb_855,0,0_loved_loves_maiden_dearest,0.0
Erb_856,0,0_loved_loves_maiden_dearest,1.0
Erb_860,0,0_loved_loves_maiden_dearest,0.0
Erb_862,4,4_little horse_soldiers_black horse_horse,0.616268
Erb_864,0,0_loved_loves_maiden_dearest,0.0
Erb_866,5,5_saint_saint peter_rye_sunday,0.71863234
Erb_870,0,0_loved_loves_maiden_dearest,0.50959766
Erb_872,2,2_farmer_cows_sheep_little horse,0.4324278
Erb_876,8,8_shoe_farmer_shoes_feet,0.38065922
Erb_879,3,3_beer_drink_drinks_drunk,0.55092543
Erb_880,8,8_shoe_farmer_shoes_feet,0.52419555
Erb_882,3,3_beer_drink_drinks_drunk,0.35451883
Erb_884,0,0_loved_loves_maiden_dearest,0.0
Erb_885,0,0_loved_loves_maiden_dearest,0.0
Erb_886,0,0_loved_loves_maiden_dearest,0.0
Erb_888,2,2_farmer_cows_sheep_little horse,1.0
Erb_889,0,0_loved_loves_maiden_dearest,0.42278886
Erb_890,7,7_prague_czech_sang_soldiers,1.0
Erb_894,7,7_prague_czech_sang_soldiers,0.5112739
Erb_899,0,0_loved_loves_maiden_dearest,0.37233278
Erb_901,8,8_shoe_farmer_shoes_feet,1.0
Erb_903,5,5_saint_saint peter_rye_sunday,0.82903236
Erb_907,0,0_loved_loves_maiden_dearest,0.33156785
Erb_910,6,6_circle_children_little bird_hop,0.28260547
Erb_911,0,0_loved_loves_maiden_dearest,0.0
Erb_913,6,6_circle_children_little bird_hop,0.27847052
Erb_914,0,0_loved_loves_maiden_dearest,0.5468593
Erb_917,6,6_circle_children_little bird_hop,1.0
Erb_919,4,4_little horse_soldiers_black horse_horse,0.8592673
Erb_920,2,2_farmer_cows_sheep_little horse,0.3730125
Erb_922,7,7_prague_czech_sang_soldiers,0.36806217
Erb_924,0,0_loved_loves_maiden_dearest,0.0
Erb_925,3,3_beer_drink_drinks_drunk,1.0
Erb_927,2,2_farmer_cows_sheep_little horse,0.5842287
Erb_929,5,5_saint_saint peter_rye_sunday,0.3693021
Erb_931,0,0_loved_loves_maiden_dearest,0.0
Erb_932,3,3_beer_drink_drinks_drunk,0.59891057
Erb_934,5,5_saint_saint peter_rye_sunday,0.3986025
Erb_936,4,4_little horse_soldiers_black horse_horse,0.56222147
Erb_937,2,2_farmer_cows_sheep_little horse,0.82939416
Erb_941,0,0_loved_loves_maiden_dearest,0.0
Erb_943,4,4_little horse_soldiers_black horse_horse,0.671022
Erb_944,2,2_farmer_cows_sheep_little horse,0.35114545
Erb_946,0,0_loved_loves_maiden_dearest,0.0
Erb_949,0,0_loved_loves_maiden_dearest,0.0
Erb_950,7,7_prague_czech_sang_soldiers,0.6381256
Erb_953,8,8_shoe_farmer_shoes_feet,0.48881218
Erb_954,3,3_beer_drink_drinks_drunk,0.43461815
Erb_955,3,3_beer_drink_drinks_drunk,1.0
Erb_959,0,0_loved_loves_maiden_dearest,0.0
Erb_960,8,8_shoe_farmer_shoes_feet,0.43268722
Erb_963,0,0_loved_loves_maiden_dearest,0.49303493
Erb_967,2,2_farmer_cows_sheep_little horse,0.6207202
Erb_971,4,4_little horse_soldiers_black horse_horse,0.33838025
Erb_974,0,0_loved_loves_maiden_dearest,1.0
Erb_975,5,5_saint_saint peter_rye_sunday,1.0
Erb_980,7,7_prague_czech_sang_soldiers,0.561674
Erb_981,0,0_loved_loves_maiden_dearest,0.39837137
Erb_986,5,5_saint_saint peter_rye_sunday,1.0
Erb_988,6,6_circle_children_little bird_hop,0.37524363
Erb_995,5,5_saint_saint peter_rye_sunday,0.5950771
Erb_996,3,3_beer_drink_drinks_drunk,0.5424975
Erb_1001,4,4_little horse_soldiers_black horse_horse,0.50107026
Erb_1004,6,6_circle_children_little bird_hop,0.44762915
Erb_1007,4,4_little horse_soldiers_black horse_horse,0.67464644
Erb_1008,2,2_farmer_cows_sheep_little horse,0.53562903
Erb_1013,6,6_circle_children_little bird_hop,0.69801384
Erb_1017,6,6_circle_children_little bird_hop,0.26957604
Erb_1019,0,0_loved_loves_maiden_dearest,0.4713081
Erb_1023,4,4_little horse_soldiers_black horse_horse,0.55847967
Erb_1025,2,2_farmer_cows_sheep_little horse,0.38331214
Erb_1027,5,5_saint_saint peter_rye_sunday,0.4710647
Erb_1028,0,0_loved_loves_maiden_dearest,0.0
Erb_1033,2,2_farmer_cows_sheep_little horse,1.0
Erb_1037,8,8_shoe_farmer_shoes_feet,0.4167487
Erb_1040,0,0_loved_loves_maiden_dearest,0.651205
Erb_1043,7,7_prague_czech_sang_soldiers,0.542451
Erb_1044,6,6_circle_children_little bird_hop,0.8382243
Erb_1046,0,0_loved_loves_maiden_dearest,1.0
Erb_1048,4,4_little horse_soldiers_black horse_horse,0.5950219
Erb_1049,2,2_farmer_cows_sheep_little horse,1.0
Erb_1051,0,0_loved_loves_maiden_dearest,1.0
Erb_1053,0,0_loved_loves_maiden_dearest,0.4415743
Erb_1058,0,0_loved_loves_maiden_dearest,0.5965312
Erb_1059,4,4_little horse_soldiers_black horse_horse,1.0
Erb_1061,3,3_beer_drink_drinks_drunk,1.0
Erb_1062,3,3_beer_drink_drinks_drunk,1.0
Erb_1064,3,3_beer_drink_drinks_drunk,0.3231184
Erb_1065,1,1_feast_christmas_lord god_heaven,1.0
Erb_1072,0,0_loved_loves_maiden_dearest,0.0
Erb_1074,4,4_little horse_soldiers_black horse_horse,0.5989289
Erb_1076,0,0_loved_loves_maiden_dearest,0.6931222
Erb_1083,0,0_loved_loves_maiden_dearest,0.0
Erb_1084,5,5_saint_saint peter_rye_sunday,0.76725185
Erb_1085,0,0_loved_loves_maiden_dearest,0.7060795
Erb_1088,0,0_loved_loves_maiden_dearest,1.0
Erb_1089,7,7_prague_czech_sang_soldiers,0.34606847
Erb_1092,3,3_beer_drink_drinks_drunk,0.7443473
Erb_1097,5,5_saint_saint peter_rye_sunday,0.5392672
Erb_1100,2,2_farmer_cows_sheep_little horse,0.36541504
Erb_1101,5,5_saint_saint peter_rye_sunday,0.44158307
Erb_1104,2,2_farmer_cows_sheep_little horse,0.3341678
Erb_1110,4,4_little horse_soldiers_black horse_horse,0.50690013
Erb_1112,0,0_loved_loves_maiden_dearest,1.0
Erb_1113,4,4_little horse_soldiers_black horse_horse,0.5942098
Erb_1115,4,4_little horse_soldiers_black horse_horse,0.37054098
Erb_1116,0,0_loved_loves_maiden_dearest,0.29887623
Erb_1122,0,0_loved_loves_maiden_dearest,1.0
Erb_1123,5,5_saint_saint peter_rye_sunday,0.7836794
Erb_1124,4,4_little horse_soldiers_black horse_horse,0.4557076
Erb_1126,0,0_loved_loves_maiden_dearest,1.0
Erb_1128,5,5_saint_saint peter_rye_sunday,0.39118126
Erb_1129,5,5_saint_saint peter_rye_sunday,0.6105766
Erb_1131,7,7_prague_czech_sang_soldiers,0.50369346
Erb_1133,7,7_prague_czech_sang_soldiers,0.5471931
Erb_1134,0,0_loved_loves_maiden_dearest,0.0
Erb_1135,3,3_beer_drink_drinks_drunk,1.0
Erb_1136,0,0_loved_loves_maiden_dearest,0.65949094
Erb_1139,0,0_loved_loves_maiden_dearest,0.0
Erb_1141,7,7_prague_czech_sang_soldiers,0.6946348
Erb_1144,3,3_beer_drink_drinks_drunk,0.4408508
Erb_1147,0,0_loved_loves_maiden_dearest,0.0
Erb_1148,5,5_saint_saint peter_rye_sunday,0.27173427
Erb_1150,5,5_saint_saint peter_rye_sunday,0.4614492
Erb_1151,0,0_loved_loves_maiden_dearest,0.0
Erb_1152,2,2_farmer_cows_sheep_little horse,1.0
Erb_1153,0,0_loved_loves_maiden_dearest,1.0
Erb_1155,0,0_loved_loves_maiden_dearest,0.0
Erb_1158,4,4_little horse_soldiers_black horse_horse,0.40384248
Erb_1164,7,7_prague_czech_sang_soldiers,0.5625165
Erb_1166,7,7_prague_czech_sang_soldiers,1.0
Erb_1169,0,0_loved_loves_maiden_dearest,1.0
Erb_1170,0,0_loved_loves_maiden_dearest,0.0
Erb_1171,7,7_prague_czech_sang_soldiers,0.7819209
Erb_1172,0,0_loved_loves_maiden_dearest,1.0
Erb_1173,5,5_saint_saint peter_rye_sunday,1.0
Erb_1180,3,3_beer_drink_drinks_drunk,0.7147734
Erb_1181,0,0_loved_loves_maiden_dearest,0.0
Erb_1182,3,3_beer_drink_drinks_drunk,1.0
Erb_1183,0,0_loved_loves_maiden_dearest,0.0
Erb_1184,7,7_prague_czech_sang_soldiers,0.74796414
Erb_1186,8,8_shoe_farmer_shoes_feet,0.5756704
Erb_1187,1,1_feast_christmas_lord god_heaven,0.31787193
Erb_1188,0,0_loved_loves_maiden_dearest,0.0
Erb_1190,0,0_loved_loves_maiden_dearest,1.0
Erb_1193,4,4_little horse_soldiers_black horse_horse,0.39405355
Erb_1194,5,5_saint_saint peter_rye_sunday,0.46768764
Erb_1200,5,5_saint_saint peter_rye_sunday,0.6815269
Erb_1201,1,1_feast_christmas_lord god_heaven,0.5594607
Erb_1202,2,2_farmer_cows_sheep_little horse,1.0
Erb_1204,0,0_loved_loves_maiden_dearest,0.0
Erb_1205,1,1_feast_christmas_lord god_heaven,0.5977178
Erb_1207,0,0_loved_loves_maiden_dearest,0.0
Erb_1211,3,3_beer_drink_drinks_drunk,1.0
Erb_1214,4,4_little horse_soldiers_black horse_horse,0.6606987
Erb_1216,0,0_loved_loves_maiden_dearest,0.0
Erb_1218,6,6_circle_children_little bird_hop,1.0
Erb_1220,0,0_loved_loves_maiden_dearest,0.38691038
Erb_1222,3,3_beer_drink_drinks_drunk,0.80985713
Erb_1224,0,0_loved_loves_maiden_dearest,0.0
Erb_1226,6,6_circle_children_little bird_hop,0.54851186
Erb_1229,6,6_circle_children_little bird_hop,1.0
Erb_1231,5,5_saint_saint peter_rye_sunday,1.0
Erb_1233,0,0_loved_loves_maiden_dearest,0.0
Erb_1238,4,4_little horse_soldiers_black horse_horse,0.68877
Erb_1244,0,0_loved_loves_maiden_dearest,0.0
Erb_1247,4,4_little horse_soldiers_black horse_horse,0.51276404
Erb_1249,5,5_saint_saint peter_rye_sunday,0.5318957
Erb_1250,0,0_loved_loves_maiden_dearest,0.74354625
Erb_1252,0,0_loved_loves_maiden_dearest,0.0
Erb_1253,0,0_loved_loves_maiden_dearest,0.0
Erb_1254,7,7_prague_czech_sang_soldiers,1.0
Erb_1255,0,0_loved_loves_maiden_dearest,0.0
Erb_1256,0,0_loved_loves_maiden_dearest,0.0
Erb_1259,0,0_loved_loves_maiden_dearest,0.27325833
Erb_1262,0,0_loved_loves_maiden_dearest,0.0
Erb_1264,0,0_loved_loves_maiden_dearest,0.0
Erb_1265,0,0_loved_loves_maiden_dearest,0.43318164
Erb_1267,0,0_loved_loves_maiden_dearest,1.0
Erb_1269,0,0_loved_loves_maiden_dearest,0.0
Erb_1271,0,0_loved_loves_maiden_dearest,0.0
Erb_1272,8,8_shoe_farmer_shoes_feet,0.58059764
Erb_1273,0,0_loved_loves_maiden_dearest,0.0
Erb_1274,3,3_beer_drink_drinks_drunk,0.6953283
Erb_1275,0,0_loved_loves_maiden_dearest,0.0
Erb_1276,6,6_circle_children_little bird_hop,0.541467
Erb_1279,4,4_little horse_soldiers_black horse_horse,0.53192294
Erb_1281,6,6_circle_children_little bird_hop,1.0
Erb_1284,0,0_loved_loves_maiden_dearest,0.0
Erb_1285,5,5_saint_saint peter_rye_sunday,0.38031143
Erb_1286,4,4_little horse_soldiers_black horse_horse,1.0
Erb_1288,3,3_beer_drink_drinks_drunk,0.809182
Erb_1290,0,0_loved_loves_maiden_dearest,0.0
Erb_1291,0,0_loved_loves_maiden_dearest,1.0
Erb_1294,6,6_circle_children_little bird_hop,0.33029374
Erb_1299,5,5_saint_saint peter_rye_sunday,0.47823325
Erb_1300,7,7_prague_czech_sang_soldiers,0.805438
Erb_1304,7,7_prague_czech_sang_soldiers,1.0
Erb_1305,0,0_loved_loves_maiden_dearest,0.0
Erb_1307,0,0_loved_loves_maiden_dearest,0.0
Erb_1309,7,7_prague_czech_sang_soldiers,1.0
Erb_1311,5,5_saint_saint peter_rye_sunday,0.5070971
Erb_1312,0,0_loved_loves_maiden_dearest,0.0
Erb_1313,7,7_prague_czech_sang_soldiers,0.6202762
Erb_1316,4,4_little horse_soldiers_black horse_horse,0.5358881
Erb_1317,3,3_beer_drink_drinks_drunk,0.6904082
Erb_1319,8,8_shoe_farmer_shoes_feet,1.0
Erb_1320,2,2_farmer_cows_sheep_little horse,0.8935918
Erb_1322,0,0_loved_loves_maiden_dearest,0.0
Erb_1325,7,7_prague_czech_sang_soldiers,1.0
Erb_1326,7,7_prague_czech_sang_soldiers,1.0
Erb_1330,0,0_loved_loves_maiden_dearest,0.0
Erb_1335,3,3_beer_drink_drinks_drunk,1.0
Erb_1337,4,4_little horse_soldiers_black horse_horse,0.5769052
Erb_1340,3,3_beer_drink_drinks_drunk,1.0
Erb_1341,7,7_prague_czech_sang_soldiers,1.0
Erb_1345,0,0_loved_loves_maiden_dearest,0.0
Erb_1346,8,8_shoe_farmer_shoes_feet,1.0
Erb_1348,0,0_loved_loves_maiden_dearest,1.0
Erb_1349,0,0_loved_loves_maiden_dearest,0.0
Erb_1350,5,5_saint_saint peter_rye_sunday,0.66521716
Erb_1351,0,0_loved_loves_maiden_dearest,0.0
Erb_1352,4,4_little horse_soldiers_black horse_horse,0.5301951
Erb_1353,0,0_loved_loves_maiden_dearest,0.0
Erb_1354,5,5_saint_saint peter_rye_sunday,0.48798895
Erb_1355,5,5_saint_saint peter_rye_sunday,1.0
Erb_1357,2,2_farmer_cows_sheep_little horse,1.0
Erb_1358,0,0_loved_loves_maiden_dearest,0.0
Erb_1359,6,6_circle_children_little bird_hop,0.51693034
Erb_1361,8,8_shoe_farmer_shoes_feet,1.0
Erb_1363,4,4_little horse_soldiers_black horse_horse,0.41980773
Erb_1365,2,2_farmer_cows_sheep_little horse,0.45879713
Erb_1367,4,4_little horse_soldiers_black horse_horse,0.86907583
Erb_1368,7,7_prague_czech_sang_soldiers,0.4987042
Erb_1369,2,2_farmer_cows_sheep_little horse,0.2547779
Erb_1371,6,6_circle_children_little bird_hop,1.0
Erb_1372,0,0_loved_loves_maiden_dearest,0.0
Erb_1373,0,0_loved_loves_maiden_dearest,0.0
Erb_1375,4,4_little horse_soldiers_black horse_horse,0.6069645
Erb_1378,0,0_loved_loves_maiden_dearest,0.5115666
Erb_1380,0,0_loved_loves_maiden_dearest,0.0
Erb_1381,0,0_loved_loves_maiden_dearest,0.0
Erb_1382,4,4_little horse_soldiers_black horse_horse,1.0
Erb_1383,2,2_farmer_cows_sheep_little horse,0.54056084
Erb_1385,4,4_little horse_soldiers_black horse_horse,0.42912093
Erb_1388,3,3_beer_drink_drinks_drunk,0.39087638
Erb_1390,1,1_feast_christmas_lord god_heaven,1.0
Erb_1392,5,5_saint_saint peter_rye_sunday,0.52845937
Erb_1395,0,0_loved_loves_maiden_dearest,0.33407226
Erb_1397,0,0_loved_loves_maiden_dearest,0.0
Erb_1398,4,4_little horse_soldiers_black horse_horse,0.50183797
Erb_1400,0,0_loved_loves_maiden_dearest,0.0
Erb_1401,5,5_saint_saint peter_rye_sunday,1.0
Erb_1402,1,1_feast_christmas_lord god_heaven,0.4504613
Erb_1404,3,3_beer_drink_drinks_drunk,0.75276613
Erb_1406,6,6_circle_children_little bird_hop,1.0
Erb_1407,3,3_beer_drink_drinks_drunk,1.0
Erb_1408,5,5_saint_saint peter_rye_sunday,1.0
Erb_1409,0,0_loved_loves_maiden_dearest,0.0
Erb_1410,0,0_loved_loves_maiden_dearest,0.0
Erb_1411,6,6_circle_children_little bird_hop,1.0
Erb_1413,0,0_loved_loves_maiden_dearest,0.0
Erb_1415,0,0_loved_loves_maiden_dearest,0.0
Erb_1416,8,8_shoe_farmer_shoes_feet,1.0
Erb_1418,0,0_loved_loves_maiden_dearest,0.0
Erb_1419,7,7_prague_czech_sang_soldiers,1.0
Erb_1420,5,5_saint_saint peter_rye_sunday,1.0
Erb_1421,8,8_shoe_farmer_shoes_feet,1.0
Erb_1422,7,7_prague_czech_sang_soldiers,1.0
Erb_1423,0,0_loved_loves_maiden_dearest,0.43731084
Erb_1425,0,0_loved_loves_maiden_dearest,0.0
Erb_1428,0,0_loved_loves_maiden_dearest,0.0
Erb_1429,0,0_loved_loves_maiden_dearest,0.0
Erb_1430,3,3_beer_drink_drinks_drunk,1.0
Erb_1431,0,0_loved_loves_maiden_dearest,0.0
Erb_1432,0,0_loved_loves_maiden_dearest,1.0
Erb_1433,0,0_loved_loves_maiden_dearest,1.0
Erb_1434,3,3_beer_drink_drinks_drunk,0.656116
Erb_1435,0,0_loved_loves_maiden_dearest,0.0
Erb_1436,0,0_loved_loves_maiden_dearest,0.0
Erb_1437,0,0_loved_loves_maiden_dearest,0.0
Erb_1438,0,0_loved_loves_maiden_dearest,1.0
Erb_1439,8,8_shoe_farmer_shoes_feet,1.0
Erb_1442,0,0_loved_loves_maiden_dearest,0.0
Erb_1443,5,5_saint_saint peter_rye_sunday,0.67129576
Erb_1444,7,7_prague_czech_sang_soldiers,0.58381754
Erb_1449,0,0_loved_loves_maiden_dearest,0.0
Erb_1450,0,0_loved_loves_maiden_dearest,0.0
Erb_1451,0,0_loved_loves_maiden_dearest,0.0
Erb_1452,0,0_loved_loves_maiden_dearest,0.0
Erb_1453,0,0_loved_loves_maiden_dearest,0.0
Erb_1454,0,0_loved_loves_maiden_dearest,0.0
Erb_1455,0,0_loved_loves_maiden_dearest,0.0
Erb_1456,8,8_shoe_farmer_shoes_feet,1.0
Erb_1457,5,5_saint_saint peter_rye_sunday,0.62885195
Erb_1458,8,8_shoe_farmer_shoes_feet,0.62843174
Erb_1460,4,4_little horse_soldiers_black horse_horse,1.0
Erb_1462,2,2_farmer_cows_sheep_little horse,0.5027695
Erb_1463,4,4_little horse_soldiers_black horse_horse,0.52495414
Erb_1465,6,6_circle_children_little bird_hop,0.56523734
Erb_1467,3,3_beer_drink_drinks_drunk,1.0
Erb_1469,5,5_saint_saint peter_rye_sunday,0.684701
Erb_1470,1,1_feast_christmas_lord god_heaven,1.0
Erb_1471,0,0_loved_loves_maiden_dearest,0.0
Erb_1473,5,5_saint_saint peter_rye_sunday,0.40907943
Erb_1474,0,0_loved_loves_maiden_dearest,0.0
Erb_1476,0,0_loved_loves_maiden_dearest,0.0
Erb_1478,5,5_saint_saint peter_rye_sunday,1.0
Erb_1479,6,6_circle_children_little bird_hop,0.42258158
Erb_1480,0,0_loved_loves_maiden_dearest,0.0
Erb_1482,0,0_loved_loves_maiden_dearest,0.0
Erb_1483,5,5_saint_saint peter_rye_sunday,0.3649607
Erb_1484,6,6_circle_children_little bird_hop,0.7380294
Erb_1485,1,1_feast_christmas_lord god_heaven,1.0
Erb_1487,1,1_feast_christmas_lord god_heaven,0.50881124
Erb_1488,4,4_little horse_soldiers_black horse_horse,1.0
Erb_1489,4,4_little horse_soldiers_black horse_horse,0.6316313
Erb_1490,7,7_prague_czech_sang_soldiers,1.0
Erb_1491,0,0_loved_loves_maiden_dearest,0.0
Erb_1492,6,6_circle_children_little bird_hop,1.0
Erb_1493,1,1_feast_christmas_lord god_heaven,0.7203887
Erb_1494,6,6_circle_children_little bird_hop,1.0
Erb_1495,0,0_loved_loves_maiden_dearest,0.0
Erb_1496,3,3_beer_drink_drinks_drunk,0.3786216
Erb_1499,3,3_beer_drink_drinks_drunk,0.50829613
Erb_1501,0,0_loved_loves_maiden_dearest,0.36531252
Erb_1503,5,5_saint_saint peter_rye_sunday,0.5070971
Erb_1505,8,8_shoe_farmer_shoes_feet,0.84257865
Erb_1506,8,8_shoe_farmer_shoes_feet,0.5164512
Erb_1510,6,6_circle_children_little bird_hop,0.27344093
Erb_1513,8,8_shoe_farmer_shoes_feet,1.0
Erb_1514,8,8_shoe_farmer_shoes_feet,1.0
Erb_1515,1,1_feast_christmas_lord god_heaven,0.34940475
Erb_1516,6,6_circle_children_little bird_hop,0.7989814
Erb_1517,0,0_loved_loves_maiden_dearest,0.46533075
Erb_1519,0,0_loved_loves_maiden_dearest,0.0
Erb_1521,4,4_little horse_soldiers_black horse_horse,0.67345035
Erb_1524,7,7_prague_czech_sang_soldiers,1.0
Erb_1525,6,6_circle_children_little bird_hop,0.52695566
Erb_1526,4,4_little horse_soldiers_black horse_horse,0.7478309
Erb_1528,0,0_loved_loves_maiden_dearest,0.0
Erb_1529,0,0_loved_loves_maiden_dearest,0.0
Erb_1530,0,0_loved_loves_maiden_dearest,0.0
Erb_1531,0,0_loved_loves_maiden_dearest,0.0
Erb_1532,3,3_beer_drink_drinks_drunk,1.0
Erb_1533,5,5_saint_saint peter_rye_sunday,0.3054669
Erb_1534,0,0_loved_loves_maiden_dearest,0.0
Erb_1535,0,0_loved_loves_maiden_dearest,0.0
Erb_1536,0,0_loved_loves_maiden_dearest,0.0
Erb_1537,0,0_loved_loves_maiden_dearest,0.0
Erb_1538,1,1_feast_christmas_lord god_heaven,0.78367853
Erb_1539,0,0_loved_loves_maiden_dearest,0.0
Erb_1543,2,2_farmer_cows_sheep_little horse,1.0
Erb_1544,0,0_loved_loves_maiden_dearest,0.0
Erb_1545,8,8_shoe_farmer_shoes_feet,1.0
Erb_1546,8,8_shoe_farmer_shoes_feet,1.0
Erb_1547,7,7_prague_czech_sang_soldiers,1.0
Erb_1548,2,2_farmer_cows_sheep_little horse,1.0
Erb_1549,5,5_saint_saint peter_rye_sunday,1.0
Erb_1550,3,3_beer_drink_drinks_drunk,1.0
Erb_1551,7,7_prague_czech_sang_soldiers,1.0
Erb_1552,0,0_loved_loves_maiden_dearest,0.0
Erb_1553,3,3_beer_drink_drinks_drunk,1.0
Erb_1554,5,5_saint_saint peter_rye_sunday,0.521775
Erb_1555,0,0_loved_loves_maiden_dearest,1.0
Erb_1556,0,0_loved_loves_maiden_dearest,0.0
Erb_1557,8,8_shoe_farmer_shoes_feet,1.0
Erb_1558,0,0_loved_loves_maiden_dearest,0.0
Erb_1559,0,0_loved_loves_maiden_dearest,0.0
Erb_1560,3,3_beer_drink_drinks_drunk,1.0
Erb_1561,0,0_loved_loves_maiden_dearest,0.0
Erb_1562,0,0_loved_loves_maiden_dearest,0.0
Erb_1563,0,0_loved_loves_maiden_dearest,0.0
Erb_1565,0,0_loved_loves_maiden_dearest,0.0
Erb_1566,5,5_saint_saint peter_rye_sunday,0.55954295
Erb_1567,6,6_circle_children_little bird_hop,0.4783571
Erb_1568,7,7_prague_czech_sang_soldiers,1.0
Erb_1570,8,8_shoe_farmer_shoes_feet,1.0
Erb_1571,0,0_loved_loves_maiden_dearest,0.0
Erb_1572,0,0_loved_loves_maiden_dearest,0.0
Erb_1573,0,0_loved_loves_maiden_dearest,0.0
Erb_1574,0,0_loved_loves_maiden_dearest,0.0
Erb_1575,0,0_loved_loves_maiden_dearest,0.0
Erb_1577,0,0_loved_loves_maiden_dearest,0.0
Erb_1579,6,6_circle_children_little bird_hop,0.7113588
Erb_1583,3,3_beer_drink_drinks_drunk,1.0
Erb_1584,6,6_circle_children_little bird_hop,1.0
Erb_1585,2,2_farmer_cows_sheep_little horse,0.41745472
Erb_1586,8,8_shoe_farmer_shoes_feet,1.0
Erb_1587,6,6_circle_children_little bird_hop,0.6542201
Erb_1588,7,7_prague_czech_sang_soldiers,0.35192588
Erb_1589,0,0_loved_loves_maiden_dearest,0.32607454
Erb_1591,6,6_circle_children_little bird_hop,0.48205706
Erb_1592,6,6_circle_children_little bird_hop,0.41481304
Erb_1593,6,6_circle_children_little bird_hop,1.0
Erb_1594,0,0_loved_loves_maiden_dearest,0.0
Erb_1595,3,3_beer_drink_drinks_drunk,1.0
Erb_1596,3,3_beer_drink_drinks_drunk,0.6826903
Erb_1598,3,3_beer_drink_drinks_drunk,0.6230607
Erb_1599,3,3_beer_drink_drinks_drunk,1.0
Erb_1600,6,6_circle_children_little bird_hop,1.0
Erb_1601,5,5_saint_saint peter_rye_sunday,0.4822485
Erb_1602,6,6_circle_children_little bird_hop,0.706048
Erb_1603,6,6_circle_children_little bird_hop,1.0
Erb_1604,6,6_circle_children_little bird_hop,1.0
Erb_1605,0,0_loved_loves_maiden_dearest,1.0
Erb_1606,6,6_circle_children_little bird_hop,1.0
Erb_1608,0,0_loved_loves_maiden_dearest,0.0
Erb_1609,5,5_saint_saint peter_rye_sunday,1.0
Erb_1610,6,6_circle_children_little bird_hop,1.0
Erb_1611,8,8_shoe_farmer_shoes_feet,0.39071485
Erb_1612,6,6_circle_children_little bird_hop,0.64457273
Erb_1613,6,6_circle_children_little bird_hop,1.0
Erb_1614,6,6_circle_children_little bird_hop,0.53377795
Erb_1615,2,2_farmer_cows_sheep_little horse,0.64244044
Erb_1617,7,7_prague_czech_sang_soldiers,0.43895245
Erb_1618,6,6_circle_children_little bird_hop,1.0
Erb_1620,6,6_circle_children_little bird_hop,0.52572024
Erb_1622,7,7_prague_czech_sang_soldiers,1.0
Erb_1624,0,0_loved_loves_maiden_dearest,0.0
Erb_1626,4,4_little horse_soldiers_black horse_horse,0.51384044
Erb_1627,3,3_beer_drink_drinks_drunk,1.0
Erb_1628,7,7_prague_czech_sang_soldiers,0.88547045
Erb_1629,7,7_prague_czech_sang_soldiers,1.0
Erb_1630,0,0_loved_loves_maiden_dearest,0.0
Erb_1633,6,6_circle_children_little bird_hop,1.0
Erb_1634,0,0_loved_loves_maiden_dearest,0.0
Erb_1636,0,0_loved_loves_maiden_dearest,0.0
Erb_1637,0,0_loved_loves_maiden_dearest,0.0
Erb_1638,5,5_saint_saint peter_rye_sunday,0.66389084
Erb_1639,0,0_loved_loves_maiden_dearest,0.0
Erb_1640,5,5_saint_saint peter_rye_sunday,0.382988
Erb_1646,0,0_loved_loves_maiden_dearest,0.51210827
Erb_1647,3,3_beer_drink_drinks_drunk,0.73594946
Erb_1650,3,3_beer_drink_drinks_drunk,0.89287794
Erb_1652,6,6_circle_children_little bird_hop,1.0
Erb_1654,7,7_prague_czech_sang_soldiers,1.0
Erb_1655,0,0_loved_loves_maiden_dearest,0.0
Erb_1656,0,0_loved_loves_maiden_dearest,0.0
Erb_1657,0,0_loved_loves_maiden_dearest,0.0
Erb_1658,6,6_circle_children_little bird_hop,1.0
Erb_1659,7,7_prague_czech_sang_soldiers,0.63012344
Erb_1661,3,3_beer_drink_drinks_drunk,0.81646824
Erb_1663,0,0_loved_loves_maiden_dearest,0.0
Erb_1665,3,3_beer_drink_drinks_drunk,0.5505431
Erb_1667,8,8_shoe_farmer_shoes_feet,0.8009264
Erb_1668,3,3_beer_drink_drinks_drunk,0.45461473
Erb_1670,0,0_loved_loves_maiden_dearest,1.0
Erb_1671,5,5_saint_saint peter_rye_sunday,1.0
Erb_1672,0,0_loved_loves_maiden_dearest,0.0
Erb_1673,8,8_shoe_farmer_shoes_feet,1.0
Erb_1674,6,6_circle_children_little bird_hop,0.7524244
Erb_1675,8,8_shoe_farmer_shoes_feet,0.7227479
Erb_1676,8,8_shoe_farmer_shoes_feet,0.8999824
Erb_1677,7,7_prague_czech_sang_soldiers,0.90806323
Erb_1678,6,6_circle_children_little bird_hop,1.0
Erb_1679,0,0_loved_loves_maiden_dearest,0.0
Erb_1681,0,0_loved_loves_maiden_dearest,0.0
Erb_1683,2,2_farmer_cows_sheep_little horse,1.0
Erb_1684,6,6_circle_children_little bird_hop,1.0
Erb_1685,0,0_loved_loves_maiden_dearest,0.0
Erb_1687,8,8_shoe_farmer_shoes_feet,0.41229692
Erb_1688,5,5_saint_saint peter_rye_sunday,0.5704784
Erb_1689,0,0_loved_loves_maiden_dearest,0.0
Erb_1690,0,0_loved_loves_maiden_dearest,0.0
Erb_1691,0,0_loved_loves_maiden_dearest,1.0
Erb_1692,0,0_loved_loves_maiden_dearest,0.0
Erb_1693,1,1_feast_christmas_lord god_heaven,0.5633896
Erb_1695,0,0_loved_loves_maiden_dearest,0.0
Erb_1696,8,8_shoe_farmer_shoes_feet,0.9340801
Erb_1697,0,0_loved_loves_maiden_dearest,0.0
Erb_1698,8,8_shoe_farmer_shoes_feet,0.54068696
Erb_1702,0,0_loved_loves_maiden_dearest,0.0
Erb_1703,0,0_loved_loves_maiden_dearest,0.0
Erb_1704,2,2_farmer_cows_sheep_little horse,1.0
Erb_1705,2,2_farmer_cows_sheep_little horse,0.6079469
Erb_1706,1,1_feast_christmas_lord god_heaven,0.34665957
Erb_1708,0,0_loved_loves_maiden_dearest,0.0
Erb_1709,8,8_shoe_farmer_shoes_feet,0.80898803
Erb_1710,0,0_loved_loves_maiden_dearest,1.0
Erb_1711,4,4_little horse_soldiers_black horse_horse,1.0
Erb_1712,7,7_prague_czech_sang_soldiers,1.0
Erb_1713,3,3_beer_drink_drinks_drunk,0.54165214
Erb_1716,0,0_loved_loves_maiden_dearest,1.0
Erb_1718,0,0_loved_loves_maiden_dearest,1.0
Erb_1720,0,0_loved_loves_maiden_dearest,1.0
Erb_1721,0,0_loved_loves_maiden_dearest,0.0
Erb_1722,5,5_saint_saint peter_rye_sunday,1.0
Erb_1723,4,4_little horse_soldiers_black horse_horse,0.4512503
Erb_1724,7,7_prague_czech_sang_soldiers,0.3693846
Erb_1726,5,5_saint_saint peter_rye_sunday,0.5917709
Erb_1727,5,5_saint_saint peter_rye_sunday,1.0
Erb_1728,7,7_prague_czech_sang_soldiers,1.0
Erb_1729,0,0_loved_loves_maiden_dearest,0.0
Erb_1730,3,3_beer_drink_drinks_drunk,0.74869645
Erb_1731,8,8_shoe_farmer_shoes_feet,0.7587446
Erb_1733,7,7_prague_czech_sang_soldiers,0.80272794
Erb_1734,8,8_shoe_farmer_shoes_feet,0.5857554
Erb_1736,0,0_loved_loves_maiden_dearest,0.0
Erb_1737,3,3_beer_drink_drinks_drunk,1.0
Erb_1738,1,1_feast_christmas_lord god_heaven,0.5269679
Erb_1739,7,7_prague_czech_sang_soldiers,1.0
Erb_1740,3,3_beer_drink_drinks_drunk,0.5193207
Erb_1744,0,0_loved_loves_maiden_dearest,1.0
Erb_1745,2,2_farmer_cows_sheep_little horse,1.0
Erb_1746,0,0_loved_loves_maiden_dearest,0.0
Erb_1747,3,3_beer_drink_drinks_drunk,1.0
Erb_1748,1,1_feast_christmas_lord god_heaven,0.5801087
Erb_1749,5,5_saint_saint peter_rye_sunday,0.41810405
Erb_1752,0,0_loved_loves_maiden_dearest,0.0
Erb_1753,3,3_beer_drink_drinks_drunk,0.46765053
Erb_1754,8,8_shoe_farmer_shoes_feet,1.0
Erb_1755,5,5_saint_saint peter_rye_sunday,0.4537862
Erb_1756,8,8_shoe_farmer_shoes_feet,1.0
Erb_1757,8,8_shoe_farmer_shoes_feet,1.0
Erb_1758,0,0_loved_loves_maiden_dearest,0.0
Erb_1760,3,3_beer_drink_drinks_drunk,0.82695115
Erb_1762,0,0_loved_loves_maiden_dearest,0.7830835
Erb_1764,0,0_loved_loves_maiden_dearest,0.0
Erb_1766,0,0_loved_loves_maiden_dearest,0.0
Erb_1767,0,0_loved_loves_maiden_dearest,0.0
Erb_1768,0,0_loved_loves_maiden_dearest,0.0
Erb_1769,6,6_circle_children_little bird_hop,0.33847314
Erb_1772,0,0_loved_loves_maiden_dearest,0.6843573
Erb_1775,3,3_beer_drink_drinks_drunk,0.6909763
Erb_1778,8,8_shoe_farmer_shoes_feet,0.67629313
Erb_1780,7,7_prague_czech_sang_soldiers,1.0
Erb_1781,3,3_beer_drink_drinks_drunk,0.46331894
Erb_1782,3,3_beer_drink_drinks_drunk,1.0
Erb_1784,0,0_loved_loves_maiden_dearest,1.0
Erb_1785,5,5_saint_saint peter_rye_sunday,1.0
Erb_1787,0,0_loved_loves_maiden_dearest,0.0
Erb_1788,0,0_loved_loves_maiden_dearest,0.0
Erb_1789,0,0_loved_loves_maiden_dearest,0.0
Erb_1790,0,0_loved_loves_maiden_dearest,0.0
Erb_1791,0,0_loved_loves_maiden_dearest,0.0
Erb_1792,0,0_loved_loves_maiden_dearest,0.0
Erb_1793,0,0_loved_loves_maiden_dearest,0.0
Erb_1794,7,7_prague_czech_sang_soldiers,1.0
Erb_1795,0,0_loved_loves_maiden_dearest,1.0
Erb_1796,0,0_loved_loves_maiden_dearest,0.0
Erb_1797,1,1_feast_christmas_lord god_heaven,0.3743697
Erb_1798,5,5_saint_saint peter_rye_sunday,0.50546837
Erb_1799,5,5_saint_saint peter_rye_sunday,0.43931022
Erb_1800,6,6_circle_children_little bird_hop,1.0
Erb_1801,0,0_loved_loves_maiden_dearest,0.0
Erb_1802,0,0_loved_loves_maiden_dearest,0.0
Erb_1803,3,3_beer_drink_drinks_drunk,1.0
Erb_1804,6,6_circle_children_little bird_hop,0.469672
Erb_1807,7,7_prague_czech_sang_soldiers,0.63795877
Erb_1809,6,6_circle_children_little bird_hop,0.63562375
Erb_1811,4,4_little horse_soldiers_black horse_horse,0.3887244
Erb_1814,6,6_circle_children_little bird_hop,1.0
Erb_1815,3,3_beer_drink_drinks_drunk,0.7683418
Erb_1816,2,2_farmer_cows_sheep_little horse,0.48946378
Erb_1817,2,2_farmer_cows_sheep_little horse,1.0
Erb_1818,0,0_loved_loves_maiden_dearest,0.0
Erb_1819,0,0_loved_loves_maiden_dearest,0.0
Erb_1820,0,0_loved_loves_maiden_dearest,0.0
Erb_1821,8,8_shoe_farmer_shoes_feet,1.0
Erb_1823,4,4_little horse_soldiers_black horse_horse,0.67190063
Erb_1824,0,0_loved_loves_maiden_dearest,0.0
Erb_1827,2,2_farmer_cows_sheep_little horse,0.91164744
Erb_1828,0,0_loved_loves_maiden_dearest,0.0
Erb_1829,6,6_circle_children_little bird_hop,1.0
Erb_1831,0,0_loved_loves_maiden_dearest,0.0
Erb_1833,3,3_beer_drink_drinks_drunk,1.0
Erb_1834,6,6_circle_children_little bird_hop,0.5153562
Erb_1836,6,6_circle_children_little bird_hop,0.37782258
Erb_1838,0,0_loved_loves_maiden_dearest,0.5027302
Erb_1839,1,1_feast_christmas_lord god_heaven,0.5633896
Erb_1840,4,4_little horse_soldiers_black horse_horse,0.34940973
Erb_1843,0,0_loved_loves_maiden_dearest,0.0
Erb_1844,6,6_circle_children_little bird_hop,0.58748037
Erb_1848,6,6_circle_children_little bird_hop,1.0
Erb_1858,6,6_circle_children_little bird_hop,1.0
Erb_1860,0,0_loved_loves_maiden_dearest,0.0
Erb_1861,3,3_beer_drink_drinks_drunk,0.6363149
Erb_1864,0,0_loved_loves_maiden_dearest,0.0
Erb_1865,4,4_little horse_soldiers_black horse_horse,0.8488776
Erb_1866,1,1_feast_christmas_lord god_heaven,0.5024958
Erb_1867,0,0_loved_loves_maiden_dearest,0.0
Erb_1868,3,3_beer_drink_drinks_drunk,0.2953985
Erb_1872,0,0_loved_loves_maiden_dearest,1.0
Erb_1873,0,0_loved_loves_maiden_dearest,0.0
Erb_1874,0,0_loved_loves_maiden_dearest,0.32824844
Erb_1875,7,7_prague_czech_sang_soldiers,1.0
Erb_1876,0,0_loved_loves_maiden_dearest,0.0
Erb_1877,0,0_loved_loves_maiden_dearest,1.0
Erb_1878,3,3_beer_drink_drinks_drunk,1.0
Erb_1879,5,5_saint_saint peter_rye_sunday,1.0
Erb_1882,0,0_loved_loves_maiden_dearest,0.69399893
Erb_1883,8,8_shoe_farmer_shoes_feet,1.0
Erb_1884,3,3_beer_drink_drinks_drunk,0.59060776
Erb_1887,0,0_loved_loves_maiden_dearest,1.0
Erb_1890,6,6_circle_children_little bird_hop,0.66682035
Erb_1893,2,2_farmer_cows_sheep_little horse,0.566728
Erb_1894,0,0_loved_loves_maiden_dearest,1.0
Erb_1895,1,1_feast_christmas_lord god_heaven,1.0
Erb_1896,0,0_loved_loves_maiden_dearest,0.0
Erb_1897,7,7_prague_czech_sang_soldiers,0.5008833
Erb_1898,5,5_saint_saint peter_rye_sunday,0.450751
Erb_1905,0,0_loved_loves_maiden_dearest,0.0
Erb_1907,5,5_saint_saint peter_rye_sunday,0.67129576
Erb_1909,0,0_loved_loves_maiden_dearest,0.0
Erb_1910,4,4_little horse_soldiers_black horse_horse,0.66166806
Erb_1915,8,8_shoe_farmer_shoes_feet,1.0
Erb_1917,6,6_circle_children_little bird_hop,0.55973923
Erb_1918,5,5_saint_saint peter_rye_sunday,0.5360736
Erb_1924,6,6_circle_children_little bird_hop,1.0
Erb_1928,6,6_circle_children_little bird_hop,1.0
Erb_1929,5,5_saint_saint peter_rye_sunday,0.67129576
Erb_1930,0,0_loved_loves_maiden_dearest,0.0
Erb_1931,0,0_loved_loves_maiden_dearest,0.0
Erb_1932,1,1_feast_christmas_lord god_heaven,0.44960937
Erb_1934,5,5_saint_saint peter_rye_sunday,0.5938525
Erb_1940,5,5_saint_saint peter_rye_sunday,0.6468412
Erb_1942,0,0_loved_loves_maiden_dearest,0.0
Erb_1943,6,6_circle_children_little bird_hop,0.3753406
Erb_1944,0,0_loved_loves_maiden_dearest,0.0
Erb_1945,5,5_saint_saint peter_rye_sunday,0.53661835
Erb_1946,2,2_farmer_cows_sheep_little horse,0.36062667
Erb_1948,6,6_circle_children_little bird_hop,0.34784228
Erb_1950,0,0_loved_loves_maiden_dearest,0.0
Erb_1951,8,8_shoe_farmer_shoes_feet,0.682955
Erb_1952,1,1_feast_christmas_lord god_heaven,0.41438964
Erb_1955,0,0_loved_loves_maiden_dearest,0.0
Erb_1957,0,0_loved_loves_maiden_dearest,0.0
Erb_1958,1,1_feast_christmas_lord god_heaven,1.0
Erb_1959,3,3_beer_drink_drinks_drunk,0.36943263
Erb_1967,3,3_beer_drink_drinks_drunk,0.24891491
Erb_1968,5,5_saint_saint peter_rye_sunday,0.4750984
Erb_1969,7,7_prague_czech_sang_soldiers,0.61308163
Erb_1970,7,7_prague_czech_sang_soldiers,1.0
Erb_1972,5,5_saint_saint peter_rye_sunday,0.5744205
Erb_1973,5,5_saint_saint peter_rye_sunday,1.0
Erb_1974,0,0_loved_loves_maiden_dearest,0.0
Erb_1978,0,0_loved_loves_maiden_dearest,0.0
Erb_1979,4,4_little horse_soldiers_black horse_horse,0.5051228
Erb_1980,0,0_loved_loves_maiden_dearest,0.0
Erb_1981,7,7_prague_czech_sang_soldiers,1.0
Erb_1982,7,7_prague_czech_sang_soldiers,0.5098924
Erb_1984,2,2_farmer_cows_sheep_little horse,0.68351346
Erb_1987,2,2_farmer_cows_sheep_little horse,0.7079522
Erb_1988,2,2_farmer_cows_sheep_little horse,0.507253
Erb_1989,0,0_loved_loves_maiden_dearest,0.0
Erb_1991,0,0_loved_loves_maiden_dearest,0.0
Erb_1992,6,6_circle_children_little bird_hop,0.88433164
Erb_1993,8,8_shoe_farmer_shoes_feet,0.35956356
Erb_1994,2,2_farmer_cows_sheep_little horse,0.3413234
Erb_1995,4,4_little horse_soldiers_black horse_horse,0.46215725
Erb_1997,2,2_farmer_cows_sheep_little horse,1.0
Erb_1999,4,4_little horse_soldiers_black horse_horse,0.4683661
Erb_2003,2,2_farmer_cows_sheep_little horse,0.8560413
Erb_2004,2,2_farmer_cows_sheep_little horse,1.0
Erb_2005,8,8_shoe_farmer_shoes_feet,1.0
Erb_2009,5,5_saint_saint peter_rye_sunday,0.54090273
Erb_2013,3,3_beer_drink_drinks_drunk,1.0
Erb_2016,0,0_loved_loves_maiden_dearest,0.0
Erb_2017,4,4_little horse_soldiers_black horse_horse,0.51384044
Erb_2018,0,0_loved_loves_maiden_dearest,1.0
Erb_2020,5,5_saint_saint peter_rye_sunday,0.82187325
Erb_2022,7,7_prague_czech_sang_soldiers,1.0
Erb_2023,0,0_loved_loves_maiden_dearest,0.0
Erb_2024,0,0_loved_loves_maiden_dearest,0.0
Erb_2025,0,0_loved_loves_maiden_dearest,0.0
Erb_2026,0,0_loved_loves_maiden_dearest,0.0
Erb_2027,3,3_beer_drink_drinks_drunk,0.7945566
Erb_2034,4,4_little horse_soldiers_black horse_horse,0.8054394
Erb_2036,3,3_beer_drink_drinks_drunk,1.0
Erb_2039,0,0_loved_loves_maiden_dearest,0.0
Erb_2040,0,0_loved_loves_maiden_dearest,0.0
Erb_2041,0,0_loved_loves_maiden_dearest,0.0
Erb_2044,4,4_little horse_soldiers_black horse_horse,0.6863874
Erb_2048,5,5_saint_saint peter_rye_sunday,0.50546837
Erb_2049,0,0_loved_loves_maiden_dearest,0.0
Erb_2051,6,6_circle_children_little bird_hop,1.0
Erb_2052,1,1_feast_christmas_lord god_heaven,0.40115365
Erb_2054,0,0_loved_loves_maiden_dearest,1.0
Erb_2055,8,8_shoe_farmer_shoes_feet,1.0
Erb_2056,0,0_loved_loves_maiden_dearest,0.0
Erb_2057,0,0_loved_loves_maiden_dearest,1.0
Erb_2058,0,0_loved_loves_maiden_dearest,0.0
Erb_2059,0,0_loved_loves_maiden_dearest,0.0
Erb_2060,0,0_loved_loves_maiden_dearest,1.0
Erb_2061,2,2_farmer_cows_sheep_little horse,1.0
Erb_2062,6,6_circle_children_little bird_hop,0.8895114
Erb_2063,1,1_feast_christmas_lord god_heaven,0.45249218
Erb_2065,0,0_loved_loves_maiden_dearest,0.0
Erb_2067,0,0_loved_loves_maiden_dearest,0.0
Erb_2068,0,0_loved_loves_maiden_dearest,0.0
Erb_2069,0,0_loved_loves_maiden_dearest,0.0
Erb_2070,0,0_loved_loves_maiden_dearest,0.0
Erb_2072,0,0_loved_loves_maiden_dearest,0.0
Erb_2074,0,0_loved_loves_maiden_dearest,0.0
Erb_2075,1,1_feast_christmas_lord god_heaven,0.45785564
Erb_2077,0,0_loved_loves_maiden_dearest,0.0
Erb_2082,6,6_circle_children_little bird_hop,1.0
Erb_2083,4,4_little horse_soldiers_black horse_horse,0.5707703
Erb_2084,8,8_shoe_farmer_shoes_feet,0.4401384
Erb_2086,6,6_circle_children_little bird_hop,1.0
Erb_2088,0,0_loved_loves_maiden_dearest,0.0
Erb_2089,0,0_loved_loves_maiden_dearest,0.0
Erb_2090,0,0_loved_loves_maiden_dearest,0.0
Erb_2091,6,6_circle_children_little bird_hop,1.0
Erb_2092,0,0_loved_loves_maiden_dearest,0.0
Erb_2093,7,7_prague_czech_sang_soldiers,1.0
Erb_2095,3,3_beer_drink_drinks_drunk,1.0
Erb_2097,0,0_loved_loves_maiden_dearest,0.0
Erb_2099,5,5_saint_saint peter_rye_sunday,0.46512064
Erb_2100,3,3_beer_drink_drinks_drunk,0.7158841
Erb_2102,6,6_circle_children_little bird_hop,0.5773231
Erb_2104,3,3_beer_drink_drinks_drunk,1.0
Erb_2106,0,0_loved_loves_maiden_dearest,0.0
Erb_2107,0,0_loved_loves_maiden_dearest,1.0
Erb_2108,6,6_circle_children_little bird_hop,1.0
Erb_2109,1,1_feast_christmas_lord god_heaven,0.5633896
Erb_2110,5,5_saint_saint peter_rye_sunday,0.4943621
Erb_2112,0,0_loved_loves_maiden_dearest,0.0
Erb_2113,1,1_feast_christmas_lord god_heaven,0.803485
Erb_2114,4,4_little horse_soldiers_black horse_horse,0.78565997
Erb_2116,6,6_circle_children_little bird_hop,1.0
Erb_2117,0,0_loved_loves_maiden_dearest,0.0
Erb_2119,8,8_shoe_farmer_shoes_feet,1.0
Erb_2120,8,8_shoe_farmer_shoes_feet,1.0
Erb_2121,8,8_shoe_farmer_shoes_feet,0.41959515
Erb_2124,0,0_loved_loves_maiden_dearest,0.0
Erb_2126,8,8_shoe_farmer_shoes_feet,1.0
Erb_2127,8,8_shoe_farmer_shoes_feet,0.8692201
Erb_2128,0,0_loved_loves_maiden_dearest,0.0
Erb_2130,5,5_saint_saint peter_rye_sunday,1.0
Erb_2131,0,0_loved_loves_maiden_dearest,0.0
Erb_2134,0,0_loved_loves_maiden_dearest,0.0
Erb_2135,3,3_beer_drink_drinks_drunk,0.41299608
Erb_2137,3,3_beer_drink_drinks_drunk,0.6014173
Erb_2138,0,0_loved_loves_maiden_dearest,0.0
Erb_2141,0,0_loved_loves_maiden_dearest,0.8746206
Erb_2143,6,6_circle_children_little bird_hop,0.65943974
Erb_2145,0,0_loved_loves_maiden_dearest,0.0
Erb_2146,3,3_beer_drink_drinks_drunk,0.3252473
Erb_2150,5,5_saint_saint peter_rye_sunday,0.3626995
Erb_2151,3,3_beer_drink_drinks_drunk,0.9253256
Erb_2153,3,3_beer_drink_drinks_drunk,0.5192547
Erb_2154,8,8_shoe_farmer_shoes_feet,0.53909886
Erb_2159,0,0_loved_loves_maiden_dearest,0.0
Erb_2160,8,8_shoe_farmer_shoes_feet,1.0
Erb_2163,8,8_shoe_farmer_shoes_feet,0.5261506
Erb_2166,7,7_prague_czech_sang_soldiers,0.49582154
Erb_2169,6,6_circle_children_little bird_hop,0.5246908
Erb_2170,5,5_saint_saint peter_rye_sunday,0.6521197
Erb_2171,6,6_circle_children_little bird_hop,1.0
Erb_2175,3,3_beer_drink_drinks_drunk,0.26012984
Erb_2177,3,3_beer_drink_drinks_drunk,0.81840694
Erb_2180,4,4_little horse_soldiers_black horse_horse,0.70125544
Erb_2181,1,1_feast_christmas_lord god_heaven,0.6382499
Erb_2182,1,1_feast_christmas_lord god_heaven,0.6852199
Erb_2183,3,3_beer_drink_drinks_drunk,0.7322021
Erb_2186,3,3_beer_drink_drinks_drunk,1.0
Erb_2187,0,0_loved_loves_maiden_dearest,0.0
Erb_2189,5,5_saint_saint peter_rye_sunday,0.49294975
Erb_2190,3,3_beer_drink_drinks_drunk,0.7628901
Erb_2191,3,3_beer_drink_drinks_drunk,1.0
Erb_2192,3,3_beer_drink_drinks_drunk,1.0
Erb_2194,3,3_beer_drink_drinks_drunk,0.88740075
Erb_2196,3,3_beer_drink_drinks_drunk,1.0
Erb_2197,3,3_beer_drink_drinks_drunk,1.0
Erb_2198,3,3_beer_drink_drinks_drunk,0.9073966
Erb_2201,3,3_beer_drink_drinks_drunk,0.75035983
Erb_2203,3,3_beer_drink_drinks_drunk,1.0
Erb_2204,3,3_beer_drink_drinks_drunk,0.73248917
Erb_2207,3,3_beer_drink_drinks_drunk,1.0
Erb_2208,3,3_beer_drink_drinks_drunk,0.5385886
Erb_2209,0,0_loved_loves_maiden_dearest,0.0
Erb_2210,0,0_loved_loves_maiden_dearest,0.0
Erb_2211,3,3_beer_drink_drinks_drunk,0.7368693
Erb_2212,3,3_beer_drink_drinks_drunk,0.9555518
Erb_2213,3,3_beer_drink_drinks_drunk,0.96422863
Erb_2215,3,3_beer_drink_drinks_drunk,0.91655016
Erb_2216,3,3_beer_drink_drinks_drunk,1.0
Erb_2217,3,3_beer_drink_drinks_drunk,1.0
Erb_2219,3,3_beer_drink_drinks_drunk,1.0
Erb_2220,3,3_beer_drink_drinks_drunk,1.0
Erb_2221,7,7_prague_czech_sang_soldiers,0.642915
Erb_2223,5,5_saint_saint peter_rye_sunday,0.513263
Erb_2224,3,3_beer_drink_drinks_drunk,1.0
Erb_2225,3,3_beer_drink_drinks_drunk,1.0
Erb_2227,3,3_beer_drink_drinks_drunk,0.47441998
Erb_2228,5,5_saint_saint peter_rye_sunday,0.67129576
Erb_2230,3,3_beer_drink_drinks_drunk,0.64508307
Erb_2231,3,3_beer_drink_drinks_drunk,0.6849335
Erb_2232,0,0_loved_loves_maiden_dearest,0.0
Erb_2233,3,3_beer_drink_drinks_drunk,0.24829507
Erb_2234,3,3_beer_drink_drinks_drunk,1.0
Erb_2235,3,3_beer_drink_drinks_drunk,1.0
Erb_2238,3,3_beer_drink_drinks_drunk,0.48838302
Erb_2239,3,3_beer_drink_drinks_drunk,1.0
Erb_2240,0,0_loved_loves_maiden_dearest,0.0
Erb_2241,3,3_beer_drink_drinks_drunk,1.0
Erb_2243,3,3_beer_drink_drinks_drunk,1.0
Erb_2244,3,3_beer_drink_drinks_drunk,1.0
Erb_2245,3,3_beer_drink_drinks_drunk,0.42435738
Erb_2246,3,3_beer_drink_drinks_drunk,0.86143774
Erb_2248,0,0_loved_loves_maiden_dearest,0.0
Erb_2249,0,0_loved_loves_maiden_dearest,0.0
Erb_2250,3,3_beer_drink_drinks_drunk,0.594019
Erb_2252,3,3_beer_drink_drinks_drunk,1.0
Erb_2255,3,3_beer_drink_drinks_drunk,0.7374057
Erb_2256,3,3_beer_drink_drinks_drunk,0.4680552
Erb_2257,3,3_beer_drink_drinks_drunk,0.4877946
Erb_2260,3,3_beer_drink_drinks_drunk,1.0
Erb_2261,3,3_beer_drink_drinks_drunk,0.97787327
Erb_2264,3,3_beer_drink_drinks_drunk,1.0
Erb_2265,3,3_beer_drink_drinks_drunk,1.0
Erb_2266,3,3_beer_drink_drinks_drunk,0.93103087
Erb_2268,2,2_farmer_cows_sheep_little horse,0.4100043
Erb_2269,3,3_beer_drink_drinks_drunk,0.6934122
Erb_2270,3,3_beer_drink_drinks_drunk,0.6997245
Erb_2271,3,3_beer_drink_drinks_drunk,0.5632622
Erb_2272,3,3_beer_drink_drinks_drunk,0.8129588
Erb_2276,3,3_beer_drink_drinks_drunk,0.67657816
Erb_2277,0,0_loved_loves_maiden_dearest,0.0
Erb_2278,5,5_saint_saint peter_rye_sunday,0.50925994
Erb_2279,3,3_beer_drink_drinks_drunk,1.0
Erb_2280,7,7_prague_czech_sang_soldiers,0.5575206
Erb_2282,8,8_shoe_farmer_shoes_feet,1.0
Erb_2283,3,3_beer_drink_drinks_drunk,1.0
Erb_2284,0,0_loved_loves_maiden_dearest,0.0
Erb_2285,0,0_loved_loves_maiden_dearest,0.0
Erb_2286,3,3_beer_drink_drinks_drunk,0.6695618
Erb_2287,3,3_beer_drink_drinks_drunk,0.76600707
Erb_2291,1,1_feast_christmas_lord god_heaven,0.5269679
Erb_2292,0,0_loved_loves_maiden_dearest,0.0
Erb_2293,7,7_prague_czech_sang_soldiers,1.0
Erb_2296,0,0_loved_loves_maiden_dearest,0.0
Erb_2297,3,3_beer_drink_drinks_drunk,0.8081107
Erb_2298,2,2_farmer_cows_sheep_little horse,0.45019305
Erb_2299,0,0_loved_loves_maiden_dearest,0.0
Erb_2300,8,8_shoe_farmer_shoes_feet,0.59109986
Erb_2301,1,1_feast_christmas_lord god_heaven,0.36973175
Erb_2302,8,8_shoe_farmer_shoes_feet,1.0
Erb_2303,7,7_prague_czech_sang_soldiers,0.63870925
Erb_2305,0,0_loved_loves_maiden_dearest,0.0
Erb_2306,3,3_beer_drink_drinks_drunk,0.8065444
Erb_2307,0,0_loved_loves_maiden_dearest,0.0
Erb_2308,3,3_beer_drink_drinks_drunk,1.0
Erb_2309,7,7_prague_czech_sang_soldiers,1.0
Erb_2310,3,3_beer_drink_drinks_drunk,1.0
Erb_2312,7,7_prague_czech_sang_soldiers,1.0
Erb_2313,8,8_shoe_farmer_shoes_feet,1.0
Erb_2314,8,8_shoe_farmer_shoes_feet,1.0
Erb_2315,8,8_shoe_farmer_shoes_feet,1.0
Erb_2316,6,6_circle_children_little bird_hop,1.0
Erb_2317,8,8_shoe_farmer_shoes_feet,1.0
Erb_2318,2,2_farmer_cows_sheep_little horse,1.0
Erb_2319,6,6_circle_children_little bird_hop,1.0
Erb_2320,0,0_loved_loves_maiden_dearest,0.0
Erb_2321,0,0_loved_loves_maiden_dearest,0.0
Erb_2322,2,2_farmer_cows_sheep_little horse,0.7893254
Erb_2323,3,3_beer_drink_drinks_drunk,1.0
Erb_2324,0,0_loved_loves_maiden_dearest,0.0
Erb_2325,0,0_loved_loves_maiden_dearest,0.0
Erb_2326,6,6_circle_children_little bird_hop,1.0
Erb_2327,5,5_saint_saint peter_rye_sunday,0.792659
Erb_2328,6,6_circle_children_little bird_hop,1.0
Erb_2329,3,3_beer_drink_drinks_drunk,1.0
Erb_2330,0,0_loved_loves_maiden_dearest,0.0
Erb_2331,1,1_feast_christmas_lord god_heaven,0.46308315
Erb_2332,8,8_shoe_farmer_shoes_feet,0.6310507
Erb_2333,5,5_saint_saint peter_rye_sunday,0.5021585
Erb_2334,7,7_prague_czech_sang_soldiers,0.59689754
Erb_2335,8,8_shoe_farmer_shoes_feet,1.0
Erb_2336,8,8_shoe_farmer_shoes_feet,1.0
Erb_2337,0,0_loved_loves_maiden_dearest,0.0
Erb_2338,7,7_prague_czech_sang_soldiers,0.44834518
Erb_2339,2,2_farmer_cows_sheep_little horse,0.4967503
Erb_2340,8,8_shoe_farmer_shoes_feet,1.0
Erb_2342,2,2_farmer_cows_sheep_little horse,0.3858052
Erb_2344,3,3_beer_drink_drinks_drunk,0.6316937
Erb_2345,3,3_beer_drink_drinks_drunk,0.64366657
Erb_2346,3,3_beer_drink_drinks_drunk,0.83448434
Erb_2348,0,0_loved_loves_maiden_dearest,0.0
Erb_2349,4,4_little horse_soldiers_black horse_horse,0.67613107
Erb_2350,8,8_shoe_farmer_shoes_feet,0.5337943
Erb_2352,5,5_saint_saint peter_rye_sunday,0.46964428
Erb_2355,0,0_loved_loves_maiden_dearest,0.0
Erb_2356,1,1_feast_christmas_lord god_heaven,0.3895371
Erb_2358,0,0_loved_loves_maiden_dearest,1.0
Erb_2359,3,3_beer_drink_drinks_drunk,1.0
Erb_2361,4,4_little horse_soldiers_black horse_horse,0.30874673
Erb_2362,8,8_shoe_farmer_shoes_feet,0.50538784
Erb_2363,8,8_shoe_farmer_shoes_feet,1.0
Erb_2364,8,8_shoe_farmer_shoes_feet,1.0
Erb_2366,6,6_circle_children_little bird_hop,1.0
Erb_2367,6,6_circle_children_little bird_hop,1.0
Erb_2368,7,7_prague_czech_sang_soldiers,1.0
Erb_2369,1,1_feast_christmas_lord god_heaven,1.0
Erb_2370,2,2_farmer_cows_sheep_little horse,0.4983588
Erb_2372,0,0_loved_loves_maiden_dearest,0.0
Erb_2373,0,0_loved_loves_maiden_dearest,0.0
Erb_2374,0,0_loved_loves_maiden_dearest,0.0
Erb_2375,6,6_circle_children_little bird_hop,0.54590726
Erb_2376,8,8_shoe_farmer_shoes_feet,0.7403525
Erb_2378,8,8_shoe_farmer_shoes_feet,1.0
Erb_2379,8,8_shoe_farmer_shoes_feet,0.8646987
Erb_2380,5,5_saint_saint peter_rye_sunday,0.48751497
Erb_2384,2,2_farmer_cows_sheep_little horse,0.68828744
Erb_2387,1,1_feast_christmas_lord god_heaven,0.740012
Erb_2389,7,7_prague_czech_sang_soldiers,1.0
Erb_2390,8,8_shoe_farmer_shoes_feet,0.52205807
Erb_2391,0,0_loved_loves_maiden_dearest,0.0
Erb_2392,8,8_shoe_farmer_shoes_feet,0.52419555
Erb_2394,4,4_little horse_soldiers_black horse_horse,0.53588706
Erb_2397,3,3_beer_drink_drinks_drunk,0.48332414
Erb_2402,7,7_prague_czech_sang_soldiers,1.0
Erb_2403,0,0_loved_loves_maiden_dearest,0.0
Erb_2404,5,5_saint_saint peter_rye_sunday,0.5198689
Erb_2405,3,3_beer_drink_drinks_drunk,1.0
Erb_2406,0,0_loved_loves_maiden_dearest,0.0
Erb_2407,8,8_shoe_farmer_shoes_feet,1.0
Erb_2408,1,1_feast_christmas_lord god_heaven,1.0
Erb_2409,8,8_shoe_farmer_shoes_feet,1.0
Erb_2410,8,8_shoe_farmer_shoes_feet,1.0
Erb_2412,0,0_loved_loves_maiden_dearest,0.0
Erb_2413,8,8_shoe_farmer_shoes_feet,1.0
Erb_2414,5,5_saint_saint peter_rye_sunday,0.51240945
Erb_2415,8,8_shoe_farmer_shoes_feet,1.0
Erb_2416,0,0_loved_loves_maiden_dearest,0.0
Erb_2417,2,2_farmer_cows_sheep_little horse,0.6723576
Erb_2418,8,8_shoe_farmer_shoes_feet,1.0
Erb_2419,0,0_loved_loves_maiden_dearest,0.0
Erb_2420,6,6_circle_children_little bird_hop,1.0
Erb_2422,0,0_loved_loves_maiden_dearest,0.0
Erb_2423,2,2_farmer_cows_sheep_little horse,1.0
Erb_2426,5,5_saint_saint peter_rye_sunday,0.45043996
Erb_2427,5,5_saint_saint peter_rye_sunday,1.0
Erb_2429,0,0_loved_loves_maiden_dearest,0.0
Erb_2430,0,0_loved_loves_maiden_dearest,0.0
Erb_2431,0,0_loved_loves_maiden_dearest,0.0
Erb_2432,5,5_saint_saint peter_rye_sunday,0.3576504
Erb_2434,0,0_loved_loves_maiden_dearest,0.0
Erb_2435,1,1_feast_christmas_lord god_heaven,0.88247174
Erb_2436,0,0_loved_loves_maiden_dearest,0.0
Erb_2437,8,8_shoe_farmer_shoes_feet,0.81471837
Erb_2438,2,2_farmer_cows_sheep_little horse,0.724899
Erb_2439,0,0_loved_loves_maiden_dearest,0.0
Erb_2441,2,2_farmer_cows_sheep_little horse,1.0
Erb_2442,0,0_loved_loves_maiden_dearest,0.0
Erb_2443,2,2_farmer_cows_sheep_little horse,1.0
Erb_2444,5,5_saint_saint peter_rye_sunday,0.5053115
Erb_2446,2,2_farmer_cows_sheep_little horse,0.57612604
Erb_2447,0,0_loved_loves_maiden_dearest,0.0
Erb_2450,0,0_loved_loves_maiden_dearest,0.0
Erb_2451,0,0_loved_loves_maiden_dearest,0.0
Erb_2452,5,5_saint_saint peter_rye_sunday,0.50546837
Erb_2453,6,6_circle_children_little bird_hop,0.8106851
Erb_2455,2,2_farmer_cows_sheep_little horse,0.83454454
Erb_2456,2,2_farmer_cows_sheep_little horse,0.65802807
Erb_2457,0,0_loved_loves_maiden_dearest,0.0
Erb_2459,1,1_feast_christmas_lord god_heaven,0.50881124
Erb_2460,8,8_shoe_farmer_shoes_feet,1.0
Erb_2461,0,0_loved_loves_maiden_dearest,0.0
Erb_2463,2,2_farmer_cows_sheep_little horse,0.45260438
Erb_2466,8,8_shoe_farmer_shoes_feet,0.5109284
Erb_2468,2,2_farmer_cows_sheep_little horse,0.8255404
Erb_2470,8,8_shoe_farmer_shoes_feet,0.5423665
Erb_2471,6,6_circle_children_little bird_hop,0.6075409
Erb_2473,3,3_beer_drink_drinks_drunk,0.54747546
Erb_2476,2,2_farmer_cows_sheep_little horse,1.0
Erb_2477,0,0_loved_loves_maiden_dearest,0.0
Erb_2478,0,0_loved_loves_maiden_dearest,0.0
Erb_2479,0,0_loved_loves_maiden_dearest,0.0
Erb_2480,0,0_loved_loves_maiden_dearest,0.0
Erb_2481,0,0_loved_loves_maiden_dearest,0.0
Erb_2482,6,6_circle_children_little bird_hop,1.0
Erb_2483,3,3_beer_drink_drinks_drunk,0.5161168
Erb_2484,1,1_feast_christmas_lord god_heaven,0.38533765
Erb_2488,2,2_farmer_cows_sheep_little horse,0.46468684
Erb_2490,8,8_shoe_farmer_shoes_feet,1.0
Erb_2493,0,0_loved_loves_maiden_dearest,0.0
Erb_2494,0,0_loved_loves_maiden_dearest,0.0
Erb_2495,6,6_circle_children_little bird_hop,0.28154224
Erb_2496,0,0_loved_loves_maiden_dearest,0.0
Erb_2497,8,8_shoe_farmer_shoes_feet,1.0
Erb_2498,6,6_circle_children_little bird_hop,1.0
Erb_2499,7,7_prague_czech_sang_soldiers,1.0
Erb_2500,5,5_saint_saint peter_rye_sunday,0.3551137
Erb_2501,6,6_circle_children_little bird_hop,1.0
Erb_2502,8,8_shoe_farmer_shoes_feet,1.0
Erb_2503,1,1_feast_christmas_lord god_heaven,0.46912506
Erb_2504,7,7_prague_czech_sang_soldiers,0.5013897
Erb_2506,1,1_feast_christmas_lord god_heaven,0.71643883
Erb_2507,8,8_shoe_farmer_shoes_feet,1.0
Erb_2508,5,5_saint_saint peter_rye_sunday,0.32902303
Erb_2509,0,0_loved_loves_maiden_dearest,0.0
Erb_2510,0,0_loved_loves_maiden_dearest,0.0
Erb_2511,0,0_loved_loves_maiden_dearest,0.0
Erb_2513,3,3_beer_drink_drinks_drunk,0.5733676
Erb_2516,8,8_shoe_farmer_shoes_feet,1.0
Erb_2517,0,0_loved_loves_maiden_dearest,0.0
Erb_2518,0,0_loved_loves_maiden_dearest,0.0
Erb_2519,5,5_saint_saint peter_rye_sunday,0.769815
Erb_2520,2,2_farmer_cows_sheep_little horse,0.54829454
Erb_2521,0,0_loved_loves_maiden_dearest,0.0
Erb_2522,5,5_saint_saint peter_rye_sunday,0.8369991
Erb_2523,8,8_shoe_farmer_shoes_feet,0.72976005
Erb_2526,8,8_shoe_farmer_shoes_feet,1.0
Erb_2529,2,2_farmer_cows_sheep_little horse,0.31774375
Erb_2530,0,0_loved_loves_maiden_dearest,0.0
Erb_2532,1,1_feast_christmas_lord god_heaven,0.5278854
Erb_2535,5,5_saint_saint peter_rye_sunday,0.6090221
Erb_2536,2,2_farmer_cows_sheep_little horse,0.461709
Erb_2537,2,2_farmer_cows_sheep_little horse,0.3856208
Erb_2540,8,8_shoe_farmer_shoes_feet,0.58675927
Erb_2541,5,5_saint_saint peter_rye_sunday,1.0
Erb_2543,3,3_beer_drink_drinks_drunk,0.43791425
Erb_2544,2,2_farmer_cows_sheep_little horse,0.50368047
Erb_2545,2,2_farmer_cows_sheep_little horse,0.46131882
Erb_2546,2,2_farmer_cows_sheep_little horse,0.56161827
Erb_2547,2,2_farmer_cows_sheep_little horse,0.6548985
Erb_2548,2,2_farmer_cows_sheep_little horse,0.2786021
Erb_2550,2,2_farmer_cows_sheep_little horse,0.46617666
Erb_2551,0,0_loved_loves_maiden_dearest,0.0
Erb_2552,4,4_little horse_soldiers_black horse_horse,0.4887035
Erb_2553,0,0_loved_loves_maiden_dearest,0.0
Erb_2555,2,2_farmer_cows_sheep_little horse,1.0
Erb_2556,7,7_prague_czech_sang_soldiers,0.47127733
Erb_2558,2,2_farmer_cows_sheep_little horse,0.5703515
Erb_2559,8,8_shoe_farmer_shoes_feet,0.6328838
Erb_2560,2,2_farmer_cows_sheep_little horse,1.0
Erb_2561,4,4_little horse_soldiers_black horse_horse,0.36664158
Erb_2562,0,0_loved_loves_maiden_dearest,0.4561435
Erb_2563,0,0_loved_loves_maiden_dearest,0.5265263
Erb_2564,1,1_feast_christmas_lord god_heaven,1.0
Erb_2565,6,6_circle_children_little bird_hop,0.5004191
Erb_2566,8,8_shoe_farmer_shoes_feet,0.34754455
Erb_2567,5,5_saint_saint peter_rye_sunday,0.55748373
Erb_2568,2,2_farmer_cows_sheep_little horse,0.5703515
Erb_2569,6,6_circle_children_little bird_hop,0.6592127
Erb_2570,2,2_farmer_cows_sheep_little horse,1.0
Erb_2571,0,0_loved_loves_maiden_dearest,0.0
Erb_2572,4,4_little horse_soldiers_black horse_horse,1.0
Erb_2573,2,2_farmer_cows_sheep_little horse,0.756421
Erb_2574,4,4_little horse_soldiers_black horse_horse,1.0
Erb_2576,2,2_farmer_cows_sheep_little horse,0.5458439
Erb_2577,2,2_farmer_cows_sheep_little horse,0.41577742
Erb_2579,0,0_loved_loves_maiden_dearest,0.0
Erb_2580,2,2_farmer_cows_sheep_little horse,0.45667312
Erb_2581,2,2_farmer_cows_sheep_little horse,1.0
Erb_2582,5,5_saint_saint peter_rye_sunday,0.5200819
Erb_2583,2,2_farmer_cows_sheep_little horse,0.58922327
Erb_2584,2,2_farmer_cows_sheep_little horse,0.71554106
Erb_2585,5,5_saint_saint peter_rye_sunday,1.0
Erb_2586,7,7_prague_czech_sang_soldiers,1.0
Erb_2587,1,1_feast_christmas_lord god_heaven,0.40071648
Erb_2589,2,2_farmer_cows_sheep_little horse,1.0
Erb_2590,2,2_farmer_cows_sheep_little horse,1.0
Erb_2591,2,2_farmer_cows_sheep_little horse,1.0
Erb_2592,8,8_shoe_farmer_shoes_feet,0.52419555
Erb_2593,2,2_farmer_cows_sheep_little horse,0.55502415
Erb_2594,2,2_farmer_cows_sheep_little horse,0.55681926
Erb_2596,0,0_loved_loves_maiden_dearest,0.0
Erb_2599,2,2_farmer_cows_sheep_little horse,0.5329752
Erb_2601,0,0_loved_loves_maiden_dearest,0.0
Erb_2602,2,2_farmer_cows_sheep_little horse,0.6541862
Erb_2603,0,0_loved_loves_maiden_dearest,0.0
Erb_2604,0,0_loved_loves_maiden_dearest,0.0
Erb_2605,5,5_saint_saint peter_rye_sunday,0.50546837
Erb_2606,6,6_circle_children_little bird_hop,0.44908267
Erb_2607,2,2_farmer_cows_sheep_little horse,0.5371348
Erb_2609,5,5_saint_saint peter_rye_sunday,1.0
Erb_2610,8,8_shoe_farmer_shoes_feet,0.84309113
Erb_2612,0,0_loved_loves_maiden_dearest,0.0
Erb_2613,5,5_saint_saint peter_rye_sunday,1.0
Erb_2614,0,0_loved_loves_maiden_dearest,0.0
Erb_2615,0,0_loved_loves_maiden_dearest,0.0
Erb_2616,0,0_loved_loves_maiden_dearest,0.0
Erb_2618,2,2_farmer_cows_sheep_little horse,0.8796119
Erb_2620,1,1_feast_christmas_lord god_heaven,1.0
Erb_2622,5,5_saint_saint peter_rye_sunday,0.61318094
Erb_2623,0,0_loved_loves_maiden_dearest,0.0
Erb_2624,2,2_farmer_cows_sheep_little horse,0.65120184
Erb_2625,0,0_loved_loves_maiden_dearest,0.0
Erb_2626,3,3_beer_drink_drinks_drunk,0.78866017
Erb_2627,8,8_shoe_farmer_shoes_feet,0.34977782
Erb_2628,5,5_saint_saint peter_rye_sunday,1.0
Erb_2630,0,0_loved_loves_maiden_dearest,0.0
Erb_2631,0,0_loved_loves_maiden_dearest,0.0
Erb_2632,5,5_saint_saint peter_rye_sunday,0.810338
Erb_2633,0,0_loved_loves_maiden_dearest,0.0
Erb_2634,5,5_saint_saint peter_rye_sunday,0.76171243
Erb_2635,0,0_loved_loves_maiden_dearest,0.0
Erb_2636,0,0_loved_loves_maiden_dearest,0.0
Erb_2638,2,2_farmer_cows_sheep_little horse,0.88404286
Erb_2639,2,2_farmer_cows_sheep_little horse,1.0
Erb_2641,0,0_loved_loves_maiden_dearest,0.0
Erb_2642,0,0_loved_loves_maiden_dearest,0.0
Erb_2643,0,0_loved_loves_maiden_dearest,0.0
Erb_2644,6,6_circle_children_little bird_hop,0.6179094
Erb_2645,5,5_saint_saint peter_rye_sunday,0.83157945
Erb_2646,0,0_loved_loves_maiden_dearest,0.0
Erb_2647,0,0_loved_loves_maiden_dearest,0.0
Erb_2648,5,5_saint_saint peter_rye_sunday,1.0
Erb_2649,8,8_shoe_farmer_shoes_feet,0.44564185
Erb_2650,0,0_loved_loves_maiden_dearest,0.0
Erb_2652,0,0_loved_loves_maiden_dearest,0.0
Erb_2653,0,0_loved_loves_maiden_dearest,0.0
Erb_2654,0,0_loved_loves_maiden_dearest,0.0
Erb_2657,3,3_beer_drink_drinks_drunk,0.7678599
Erb_2658,8,8_shoe_farmer_shoes_feet,0.78034294
Erb_2659,0,0_loved_loves_maiden_dearest,0.0
Erb_2660,0,0_loved_loves_maiden_dearest,0.0
Erb_2661,2,2_farmer_cows_sheep_little horse,1.0
Erb_2663,8,8_shoe_farmer_shoes_feet,1.0
Erb_2664,1,1_feast_christmas_lord god_heaven,1.0
Erb_2665,1,1_feast_christmas_lord god_heaven,1.0
Erb_2666,3,3_beer_drink_drinks_drunk,0.5240861
Erb_2668,0,0_loved_loves_maiden_dearest,0.0
Erb_2669,0,0_loved_loves_maiden_dearest,0.0
Erb_2670,0,0_loved_loves_maiden_dearest,0.0
Erb_2671,0,0_loved_loves_maiden_dearest,0.0
Erb_2672,0,0_loved_loves_maiden_dearest,0.0
Erb_2673,6,6_circle_children_little bird_hop,1.0
Erb_2674,0,0_loved_loves_maiden_dearest,0.0
Erb_2675,0,0_loved_loves_maiden_dearest,0.0
Erb_2676,2,2_farmer_cows_sheep_little horse,1.0
Erb_2677,0,0_loved_loves_maiden_dearest,0.0
Erb_2678,5,5_saint_saint peter_rye_sunday,0.67129576
Erb_2679,0,0_loved_loves_maiden_dearest,0.0
Erb_2681,3,3_beer_drink_drinks_drunk,0.82306314
Erb_2683,3,3_beer_drink_drinks_drunk,1.0
Erb_2684,6,6_circle_children_little bird_hop,0.39993873
Erb_2685,7,7_prague_czech_sang_soldiers,1.0
Erb_2686,5,5_saint_saint peter_rye_sunday,1.0
Erb_2687,3,3_beer_drink_drinks_drunk,1.0
Erb_2688,6,6_circle_children_little bird_hop,0.5394173
Erb_2689,0,0_loved_loves_maiden_dearest,0.0
Erb_2690,0,0_loved_loves_maiden_dearest,0.0
Erb_2691,5,5_saint_saint peter_rye_sunday,0.28794158
Erb_2692,0,0_loved_loves_maiden_dearest,0.0
Erb_2694,6,6_circle_children_little bird_hop,1.0
Erb_2695,4,4_little horse_soldiers_black horse_horse,1.0
Erb_2696,7,7_prague_czech_sang_soldiers,0.7863346
Erb_2697,0,0_loved_loves_maiden_dearest,0.0
Erb_2698,6,6_circle_children_little bird_hop,0.5393462
Erb_2699,2,2_farmer_cows_sheep_little horse,0.5644424
Erb_2700,4,4_little horse_soldiers_black horse_horse,0.6316313
Erb_2702,4,4_little horse_soldiers_black horse_horse,0.70282835
Erb_2705,4,4_little horse_soldiers_black horse_horse,0.5516563
Erb_2706,7,7_prague_czech_sang_soldiers,0.7406613
Erb_2707,4,4_little horse_soldiers_black horse_horse,0.6316313
Erb_2708,0,0_loved_loves_maiden_dearest,1.0
Erb_2710,4,4_little horse_soldiers_black horse_horse,0.40790543
Erb_2713,1,1_feast_christmas_lord god_heaven,0.39560208
Erb_2714,2,2_farmer_cows_sheep_little horse,0.5196105
Erb_2715,1,1_feast_christmas_lord god_heaven,1.0
Erb_2717,6,6_circle_children_little bird_hop,0.534328
Erb_2718,4,4_little horse_soldiers_black horse_horse,0.77456605
Erb_2719,7,7_prague_czech_sang_soldiers,0.3208115
Erb_2723,8,8_shoe_farmer_shoes_feet,0.54614365
Erb_2725,0,0_loved_loves_maiden_dearest,0.0
Erb_2726,3,3_beer_drink_drinks_drunk,0.6507044
Erb_2731,7,7_prague_czech_sang_soldiers,1.0
Erb_2732,6,6_circle_children_little bird_hop,0.36801645
Erb_2734,4,4_little horse_soldiers_black horse_horse,0.67192763
Erb_2736,0,0_loved_loves_maiden_dearest,0.0
Erb_2737,7,7_prague_czech_sang_soldiers,0.8626269
Erb_2739,6,6_circle_children_little bird_hop,0.5917067
Erb_2750,4,4_little horse_soldiers_black horse_horse,0.39715123
Erb_2752,4,4_little horse_soldiers_black horse_horse,0.49986023
Erb_2753,4,4_little horse_soldiers_black horse_horse,0.6468119
Erb_2754,4,4_little horse_soldiers_black horse_horse,0.49573806
Erb_2757,4,4_little horse_soldiers_black horse_horse,0.6983603
Erb_2758,8,8_shoe_farmer_shoes_feet,0.36383966
Erb_2759,3,3_beer_drink_drinks_drunk,0.62278
Erb_2762,4,4_little horse_soldiers_black horse_horse,0.49020135
Erb_2764,4,4_little horse_soldiers_black horse_horse,0.74695206
Erb_2765,0,0_loved_loves_maiden_dearest,0.0
Erb_2766,4,4_little horse_soldiers_black horse_horse,0.47967088
Erb_2768,4,4_little horse_soldiers_black horse_horse,0.5931572
Erb_2769,4,4_little horse_soldiers_black horse_horse,0.4036184
Erb_2770,4,4_little horse_soldiers_black horse_horse,0.66682124
Erb_2771,5,5_saint_saint peter_rye_sunday,0.48289046
Erb_2773,4,4_little horse_soldiers_black horse_horse,0.4495809
Erb_2776,0,0_loved_loves_maiden_dearest,0.0
Erb_2777,7,7_prague_czech_sang_soldiers,0.95533794
Erb_2778,8,8_shoe_farmer_shoes_feet,0.43789378
Erb_2779,0,0_loved_loves_maiden_dearest,0.0
Erb_2780,4,4_little horse_soldiers_black horse_horse,0.53897834
Erb_2781,4,4_little horse_soldiers_black horse_horse,0.4612794
Erb_2783,0,0_loved_loves_maiden_dearest,0.0
Erb_2784,3,3_beer_drink_drinks_drunk,0.27828968
Erb_2788,0,0_loved_loves_maiden_dearest,0.0
Erb_2789,7,7_prague_czech_sang_soldiers,0.5907235
Erb_2791,7,7_prague_czech_sang_soldiers,0.44771028
Erb_2794,4,4_little horse_soldiers_black horse_horse,0.58842343
Erb_2795,7,7_prague_czech_sang_soldiers,0.39072174
Erb_2796,2,2_farmer_cows_sheep_little horse,0.5359527
Erb_2798,7,7_prague_czech_sang_soldiers,0.6908053
Erb_2799,7,7_prague_czech_sang_soldiers,0.50071096
Erb_2801,5,5_saint_saint peter_rye_sunday,0.4170046
Erb_2802,0,0_loved_loves_maiden_dearest,1.0
Erb_2804,4,4_little horse_soldiers_black horse_horse,0.6316313
Erb_2806,4,4_little horse_soldiers_black horse_horse,0.58818537
Erb_2807,0,0_loved_loves_maiden_dearest,0.51766634
Erb_2810,0,0_loved_loves_maiden_dearest,0.0
Erb_2811,7,7_prague_czech_sang_soldiers,0.5338734
Erb_2812,4,4_little horse_soldiers_black horse_horse,0.5113101
Erb_2813,4,4_little horse_soldiers_black horse_horse,0.41344744
Erb_2816,4,4_little horse_soldiers_black horse_horse,0.51869404
Erb_2817,7,7_prague_czech_sang_soldiers,1.0
Erb_2818,0,0_loved_loves_maiden_dearest,0.0
Erb_2819,4,4_little horse_soldiers_black horse_horse,0.44271532
Erb_2820,0,0_loved_loves_maiden_dearest,1.0
Erb_2822,4,4_little horse_soldiers_black horse_horse,0.7450263
Erb_2824,4,4_little horse_soldiers_black horse_horse,0.53915036
Erb_2827,4,4_little horse_soldiers_black horse_horse,0.48077258
Erb_2828,6,6_circle_children_little bird_hop,0.65950894
Erb_2830,4,4_little horse_soldiers_black horse_horse,0.7137834
Erb_2831,4,4_little horse_soldiers_black horse_horse,0.67928374
Erb_2833,7,7_prague_czech_sang_soldiers,0.66280663
Erb_2834,4,4_little horse_soldiers_black horse_horse,0.4197239
Erb_2835,4,4_little horse_soldiers_black horse_horse,0.7968998
Erb_2836,2,2_farmer_cows_sheep_little horse,0.9131873
Erb_2837,4,4_little horse_soldiers_black horse_horse,0.531309
Erb_2839,4,4_little horse_soldiers_black horse_horse,0.5113101
Erb_2841,4,4_little horse_soldiers_black horse_horse,0.5572114
Erb_2842,0,0_loved_loves_maiden_dearest,0.0
Erb_2843,5,5_saint_saint peter_rye_sunday,0.5535798
Erb_2844,0,0_loved_loves_maiden_dearest,0.0
Erb_2845,7,7_prague_czech_sang_soldiers,0.62707007
Erb_2846,7,7_prague_czech_sang_soldiers,0.6024917
Erb_2847,2,2_farmer_cows_sheep_little horse,1.0
Erb_2848,4,4_little horse_soldiers_black horse_horse,0.664128
Erb_2850,8,8_shoe_farmer_shoes_feet,1.0
Erb_2851,4,4_little horse_soldiers_black horse_horse,0.7983458
Erb_2852,0,0_loved_loves_maiden_dearest,0.0
Erb_2853,4,4_little horse_soldiers_black horse_horse,0.4073448
Erb_2854,0,0_loved_loves_maiden_dearest,0.0
Erb_2855,4,4_little horse_soldiers_black horse_horse,0.61615306
Erb_2858,4,4_little horse_soldiers_black horse_horse,0.5367068
Erb_2860,4,4_little horse_soldiers_black horse_horse,0.5016465
Erb_2861,4,4_little horse_soldiers_black horse_horse,1.0
Erb_2864,2,2_farmer_cows_sheep_little horse,0.4722158
Erb_2866,4,4_little horse_soldiers_black horse_horse,0.346547
Erb_2868,4,4_little horse_soldiers_black horse_horse,0.35244188
Erb_2869,2,2_farmer_cows_sheep_little horse,0.86960053
Erb_2870,4,4_little horse_soldiers_black horse_horse,0.6316313
Erb_2871,0,0_loved_loves_maiden_dearest,0.0
Erb_2872,4,4_little horse_soldiers_black horse_horse,0.84254265
Erb_2873,7,7_prague_czech_sang_soldiers,1.0
Erb_2874,4,4_little horse_soldiers_black horse_horse,0.49263105
Erb_2877,7,7_prague_czech_sang_soldiers,0.69064903
Erb_2878,7,7_prague_czech_sang_soldiers,0.63411134
Erb_2879,4,4_little horse_soldiers_black horse_horse,0.6494819
Erb_2881,7,7_prague_czech_sang_soldiers,0.68562096
Erb_2884,4,4_little horse_soldiers_black horse_horse,0.68938863
Erb_2885,4,4_little horse_soldiers_black horse_horse,0.6316313
Erb_2886,2,2_farmer_cows_sheep_little horse,0.2702838
Erb_2887,3,3_beer_drink_drinks_drunk,0.57180524
Erb_2888,7,7_prague_czech_sang_soldiers,1.0
Erb_2889,4,4_little horse_soldiers_black horse_horse,0.47994438
Erb_2890,4,4_little horse_soldiers_black horse_horse,0.40281352
Erb_2893,7,7_prague_czech_sang_soldiers,0.36752364
Erb_2894,4,4_little horse_soldiers_black horse_horse,0.37828937
Erb_2896,0,0_loved_loves_maiden_dearest,0.71247566
Erb_2897,7,7_prague_czech_sang_soldiers,0.481294
Erb_2898,7,7_prague_czech_sang_soldiers,0.5366549
Erb_2900,4,4_little horse_soldiers_black horse_horse,0.25849968
THB_11,3,3_beer_drink_drinks_drunk,0.42830864
THB_12,0,0_loved_loves_maiden_dearest,1.0
THB_13,8,8_shoe_farmer_shoes_feet,0.69518954
THB_14,8,8_shoe_farmer_shoes_feet,1.0
THB_15,7,7_prague_czech_sang_soldiers,0.7002725
THB_16,2,2_farmer_cows_sheep_little horse,0.7678509
THB_17,0,0_loved_loves_maiden_dearest,0.0
THB_18,3,3_beer_drink_drinks_drunk,0.5921366
THB_19,0,0_loved_loves_maiden_dearest,0.79476273
THB_20,5,5_saint_saint peter_rye_sunday,0.34752336
THB_22,7,7_prague_czech_sang_soldiers,0.41829452
THB_23,4,4_little horse_soldiers_black horse_horse,1.0
THB_24,3,3_beer_drink_drinks_drunk,1.0
THB_25,5,5_saint_saint peter_rye_sunday,1.0
THB_26,3,3_beer_drink_drinks_drunk,1.0
THB_27,5,5_saint_saint peter_rye_sunday,0.67129576
THB_28,0,0_loved_loves_maiden_dearest,0.0
THB_29,3,3_beer_drink_drinks_drunk,0.508217
THB_30,0,0_loved_loves_maiden_dearest,1.0
THB_31,5,5_saint_saint peter_rye_sunday,0.32916972
THB_32,2,2_farmer_cows_sheep_little horse,0.9383321
THB_33,7,7_prague_czech_sang_soldiers,0.39449152
THB_34,0,0_loved_loves_maiden_dearest,0.0
THB_35,5,5_saint_saint peter_rye_sunday,0.92655027
THB_36,6,6_circle_children_little bird_hop,0.9024163
THB_37,0,0_loved_loves_maiden_dearest,0.0
THB_38,6,6_circle_children_little bird_hop,0.44821975
THB_39,4,4_little horse_soldiers_black horse_horse,0.55560803
THB_40,4,4_little horse_soldiers_black horse_horse,0.41607174
THB_41,5,5_saint_saint peter_rye_sunday,0.44043395
THB_42,1,1_feast_christmas_lord god_heaven,0.745235
THB_43,0,0_loved_loves_maiden_dearest,0.0
THB_44,0,0_loved_loves_maiden_dearest,0.0
THB_46,7,7_prague_czech_sang_soldiers,0.3466145
THB_47,0,0_loved_loves_maiden_dearest,0.0
THB_48,4,4_little horse_soldiers_black horse_horse,0.72478414
THB_49,0,0_loved_loves_maiden_dearest,0.36099544
THB_50,7,7_prague_czech_sang_soldiers,0.5324682
THB_51,7,7_prague_czech_sang_soldiers,0.751784
THB_52,6,6_circle_children_little bird_hop,0.5398611
THB_53,6,6_circle_children_little bird_hop,0.798871
THB_54,0,0_loved_loves_maiden_dearest,0.0
THB_55,1,1_feast_christmas_lord god_heaven,0.5431926
THB_56,8,8_shoe_farmer_shoes_feet,0.25570157
THB_57,0,0_loved_loves_maiden_dearest,0.0
THB_58,4,4_little horse_soldiers_black horse_horse,0.52673155
THB_60,5,5_saint_saint peter_rye_sunday,0.5043292
THB_61,0,0_loved_loves_maiden_dearest,0.0
THB_62,5,5_saint_saint peter_rye_sunday,1.0
THB_64,1,1_feast_christmas_lord god_heaven,0.5010696
THB_65,3,3_beer_drink_drinks_drunk,1.0
THB_66,0,0_loved_loves_maiden_dearest,0.0
THB_67,0,0_loved_loves_maiden_dearest,0.0
THB_68,8,8_shoe_farmer_shoes_feet,0.5510187
THB_69,0,0_loved_loves_maiden_dearest,0.0
THB_70,1,1_feast_christmas_lord god_heaven,1.0
THB_71,2,2_farmer_cows_sheep_little horse,0.8328512
THB_72,7,7_prague_czech_sang_soldiers,1.0
THB_93,0,0_loved_loves_maiden_dearest,1.0
THB_94,2,2_farmer_cows_sheep_little horse,0.35250184
THB_95,2,2_farmer_cows_sheep_little horse,1.0
THB_96,2,2_farmer_cows_sheep_little horse,0.34599638
THB_97,4,4_little horse_soldiers_black horse_horse,0.6677486
THB_98,1,1_feast_christmas_lord god_heaven,0.50881124
THB_99,4,4_little horse_soldiers_black horse_horse,0.5396537
THB_100,5,5_saint_saint peter_rye_sunday,0.620417
THB_101,6,6_circle_children_little bird_hop,1.0
THB_102,0,0_loved_loves_maiden_dearest,0.0
THB_103,5,5_saint_saint peter_rye_sunday,1.0
THB_104,4,4_little horse_soldiers_black horse_horse,0.49474204
THB_105,6,6_circle_children_little bird_hop,0.5702664
THB_137,1,1_feast_christmas_lord god_heaven,0.42712322
THB_138,1,1_feast_christmas_lord god_heaven,0.33685076
THB_139,1,1_feast_christmas_lord god_heaven,1.0
THB_140,1,1_feast_christmas_lord god_heaven,1.0
THB_141,1,1_feast_christmas_lord god_heaven,0.3717404
THB_142,6,6_circle_children_little bird_hop,0.5051204
THB_143,0,0_loved_loves_maiden_dearest,0.0
THB_144,8,8_shoe_farmer_shoes_feet,0.42024994
THB_145,5,5_saint_saint peter_rye_sunday,0.22947976
THB_146,1,1_feast_christmas_lord god_heaven,0.55963534
