id,assigned_topic,topic_label,top_topic_prob
e000076720019,9,9_wedding_crows_crow_married,0.21289043
e000077690016,5,5_matchmaker_vodka_melody_wedding,0.16689709
e000078640008,16,16_wolf_bear_anne_leg,0.2341435
e000080410027,2,2_beer_beer drink_drank_eating,0.3901258
e000178260013,16,16_wolf_bear_anne_leg,0.21831726
e000536610000,0,0_servant_cat_wreath_horse,0.0
e000595320022,16,16_wolf_bear_anne_leg,0.2963682
e000595340023,16,16_wolf_bear_anne_leg,0.36115235
e000598870000,16,16_wolf_bear_anne_leg,0.35783842
e000683680005,6,6_sparrow_cabbage_pea_chirp,0.46613085
ea00009830014,17,17_crooked_tavern_trembles_straight,0.17849705
ea00009850016,4,4_servants_thousand_soul_book,0.6724816
eks0100240000,16,16_wolf_bear_anne_leg,0.34147426
era200101100001,11,11_apples_tree_sisters_wine,0.35225806
era200101140006,8,8_june_march_saint_day,1.0
era200101370001,16,16_wolf_bear_anne_leg,0.33160314
era200601230001,16,16_wolf_bear_anne_leg,0.32508978
era200703640019,14,14_herd_dog_tail_turning,1.0
era200703650021,16,16_wolf_bear_anne_leg,0.3445927
era200703750047,0,0_servant_cat_wreath_horse,0.0
era201107500009,6,6_sparrow_cabbage_pea_chirp,0.33257163
era201400340008,6,6_sparrow_cabbage_pea_chirp,0.32088724
era201400450006,4,4_servants_thousand_soul_book,0.5538883
era201401710006,16,16_wolf_bear_anne_leg,0.29970384
era201402110004,16,16_wolf_bear_anne_leg,0.31055665
era201402730010,14,14_herd_dog_tail_turning,0.4878641
era201708700000,6,6_sparrow_cabbage_pea_chirp,0.80904204
era202400960005,16,16_wolf_bear_anne_leg,0.36777422
era202403130031,6,6_sparrow_cabbage_pea_chirp,0.3286382
era202403280055,0,0_servant_cat_wreath_horse,0.0
era202404730001,6,6_sparrow_cabbage_pea_chirp,0.3253456
era202404840012,14,14_herd_dog_tail_turning,0.39454737
era202405030001,6,6_sparrow_cabbage_pea_chirp,0.4234071
era202405050003,14,14_herd_dog_tail_turning,0.38052762
era202405410001,16,16_wolf_bear_anne_leg,0.41284984
era202405420003,16,16_wolf_bear_anne_leg,0.2700876
era202500360003,16,16_wolf_bear_anne_leg,0.27727383
era202502010005,14,14_herd_dog_tail_turning,0.35254303
era203102410002,16,16_wolf_bear_anne_leg,0.4935696
era203500180003,16,16_wolf_bear_anne_leg,0.23255241
era204101470006,7,7_legs_calf_reed_nest,0.18115652
era204104630003,4,4_servants_thousand_soul_book,0.3170015
era207100110013,6,6_sparrow_cabbage_pea_chirp,1.0
era207100190006,14,14_herd_dog_tail_turning,0.8210633
era207100210010,6,6_sparrow_cabbage_pea_chirp,0.72479033
era207100230006,14,14_herd_dog_tail_turning,0.9661391
era207100250013,18,18_hats_hat_cap_hay,0.21877122
era207100250015,6,6_sparrow_cabbage_pea_chirp,1.0
era207100350007,14,14_herd_dog_tail_turning,0.9342017
era207100370011,6,6_sparrow_cabbage_pea_chirp,0.8085179
era207100490009,14,14_herd_dog_tail_turning,0.9842111
era207100510016,6,6_sparrow_cabbage_pea_chirp,0.75151587
era207100650012,6,6_sparrow_cabbage_pea_chirp,0.7132135
era207100890013,6,6_sparrow_cabbage_pea_chirp,0.62757885
era207101030022,6,6_sparrow_cabbage_pea_chirp,0.599691
era207101050008,6,6_sparrow_cabbage_pea_chirp,0.86017275
era207101070015,6,6_sparrow_cabbage_pea_chirp,0.75815207
era207101110009,14,14_herd_dog_tail_turning,0.9294291
era207101130016,6,6_sparrow_cabbage_pea_chirp,1.0
era207101130020,2,2_beer_beer drink_drank_eating,1.0
era207101250007,14,14_herd_dog_tail_turning,0.628924
era207101250010,6,6_sparrow_cabbage_pea_chirp,0.8367343
era207101290023,6,6_sparrow_cabbage_pea_chirp,1.0
era207101310005,14,14_herd_dog_tail_turning,0.9339956
era207101450007,14,14_herd_dog_tail_turning,0.7310613
era207101450010,5,5_matchmaker_vodka_melody_wedding,1.0
era207101690005,6,6_sparrow_cabbage_pea_chirp,0.69289726
era207101770017,2,2_beer_beer drink_drank_eating,1.0
era207101790005,14,14_herd_dog_tail_turning,0.35311443
era207101790006,6,6_sparrow_cabbage_pea_chirp,0.7695959
era207101870014,15,15_bow_fall_sail_singing,0.40955576
era207101950005,6,6_sparrow_cabbage_pea_chirp,0.7333421
era207102030007,14,14_herd_dog_tail_turning,0.27570397
era207102050008,6,6_sparrow_cabbage_pea_chirp,0.87476206
era207102090008,14,14_herd_dog_tail_turning,0.9154041
era207102090010,6,6_sparrow_cabbage_pea_chirp,0.7040281
era207102220012,6,6_sparrow_cabbage_pea_chirp,0.73656446
era207102250000,7,7_legs_calf_reed_nest,0.3191108
era207102290006,6,6_sparrow_cabbage_pea_chirp,1.0
era207102310004,6,6_sparrow_cabbage_pea_chirp,1.0
era207102390007,14,14_herd_dog_tail_turning,0.9394792
era207102470012,6,6_sparrow_cabbage_pea_chirp,0.6559033
era207102510004,14,14_herd_dog_tail_turning,0.87732124
era207102530011,6,6_sparrow_cabbage_pea_chirp,0.8709027
era207102650009,14,14_herd_dog_tail_turning,0.7716708
era207102770003,14,14_herd_dog_tail_turning,0.85206455
era207102790008,0,0_servant_cat_wreath_horse,0.0
era207102790009,6,6_sparrow_cabbage_pea_chirp,0.78626573
era207102870011,6,6_sparrow_cabbage_pea_chirp,0.5700082
era207103010008,14,14_herd_dog_tail_turning,0.7291954
era207103110016,6,6_sparrow_cabbage_pea_chirp,0.7038428
era207103210010,6,6_sparrow_cabbage_pea_chirp,0.87353295
era207103270014,6,6_sparrow_cabbage_pea_chirp,0.8410598
era208305750007,7,7_legs_calf_reed_nest,0.6977724
era208401570016,16,16_wolf_bear_anne_leg,0.291869
era208403920023,14,14_herd_dog_tail_turning,0.3254625
era212200320010,6,6_sparrow_cabbage_pea_chirp,0.43399516
era212203650061,0,0_servant_cat_wreath_horse,0.0
era212203670064,16,16_wolf_bear_anne_leg,0.34326735
era213100110002,16,16_wolf_bear_anne_leg,0.43523896
era213100110003,14,14_herd_dog_tail_turning,0.40913692
era213100120004,15,15_bow_fall_sail_singing,0.4504498
era213100140007,16,16_wolf_bear_anne_leg,0.30991355
era217201370004,11,11_apples_tree_sisters_wine,0.64710057
era217201370007,14,14_herd_dog_tail_turning,0.5741754
era217201390006,16,16_wolf_bear_anne_leg,0.33949456
era217201590001,4,4_servants_thousand_soul_book,1.0
era217201720001,7,7_legs_calf_reed_nest,0.44082335
era217201850003,6,6_sparrow_cabbage_pea_chirp,0.7934493
era217201900007,14,14_herd_dog_tail_turning,0.85495615
era217202080001,14,14_herd_dog_tail_turning,0.30765355
era217202080005,6,6_sparrow_cabbage_pea_chirp,0.9022475
era217202180004,14,14_herd_dog_tail_turning,0.39278096
era217800300081,10,10_wheat_barley_rye_pea,0.37914404
era217800310083,4,4_servants_thousand_soul_book,0.49708787
era217800690049,0,0_servant_cat_wreath_horse,0.0
era218304970047,14,14_herd_dog_tail_turning,1.0
era218304980053,14,14_herd_dog_tail_turning,0.4022243
era218305020067,16,16_wolf_bear_anne_leg,0.42124653
era218305060081,16,16_wolf_bear_anne_leg,0.5288225
era218305080087,16,16_wolf_bear_anne_leg,0.6527836
era219903910024,4,4_servants_thousand_soul_book,0.30296478
era225005460023,14,14_herd_dog_tail_turning,0.52059495
era225905470002,6,6_sparrow_cabbage_pea_chirp,0.30189317
estk4000020003,6,6_sparrow_cabbage_pea_chirp,0.2405312
estk4000620096,16,16_wolf_bear_anne_leg,0.3012989
estk4001020143,16,16_wolf_bear_anne_leg,0.39427754
eys0505750007,6,6_sparrow_cabbage_pea_chirp,0.61506736
eys0505850064,0,0_servant_cat_wreath_horse,0.0
eys0505920001,16,16_wolf_bear_anne_leg,0.24817589
eys0506240046,4,4_servants_thousand_soul_book,0.7479793
eys0506640101,14,14_herd_dog_tail_turning,0.41949958
eys0506650102,6,6_sparrow_cabbage_pea_chirp,0.24505445
eys0506820124,14,14_herd_dog_tail_turning,0.547387
eys0613780030,10,10_wheat_barley_rye_pea,1.0
eys0614580143,16,16_wolf_bear_anne_leg,0.29320452
eys0616020018,1,1_nicholas_saint_blessed_god,1.0
eys0616280066,9,9_wedding_crows_crow_married,0.4029584
eys0616320075,16,16_wolf_bear_anne_leg,0.3161051
eys0616840135,15,15_bow_fall_sail_singing,0.7678402
eys0617060172,7,7_legs_calf_reed_nest,0.6445808
eys0617240202,1,1_nicholas_saint_blessed_god,1.0
eys0617400227,8,8_june_march_saint_day,0.4202861
eys0617720281,4,4_servants_thousand_soul_book,0.6147638
eys0715320007,17,17_crooked_tavern_trembles_straight,0.68120193
eys0715810096,18,18_hats_hat_cap_hay,0.44236928
eys0716530201,16,16_wolf_bear_anne_leg,0.72585183
eys0723050072,0,0_servant_cat_wreath_horse,0.0
eys0725450033,6,6_sparrow_cabbage_pea_chirp,1.0
eys0900450023,2,2_beer_beer drink_drank_eating,0.32833195
eys0900450024,8,8_june_march_saint_day,0.5051228
eys0900460026,6,6_sparrow_cabbage_pea_chirp,1.0
eys0900460027,10,10_wheat_barley_rye_pea,0.5731565
eys0900790071,16,16_wolf_bear_anne_leg,0.71194214
eys0903490118,6,6_sparrow_cabbage_pea_chirp,0.6419406
eys0909950081,16,16_wolf_bear_anne_leg,0.3553113
eys1023290166,16,16_wolf_bear_anne_leg,0.4362569
eys1029170108,12,12_march_thirty_month_june,0.651046
eys1107620338,10,10_wheat_barley_rye_pea,0.23018509
h10102300097,16,16_wolf_bear_anne_leg,0.375986
h20102670395,0,0_servant_cat_wreath_horse,0.0
h21005340308,0,0_servant_cat_wreath_horse,0.0
h21302300003,4,4_servants_thousand_soul_book,0.31052464
h21302380011,16,16_wolf_bear_anne_leg,0.36210245
h21303600004,6,6_sparrow_cabbage_pea_chirp,0.27220428
h21306500001,8,8_june_march_saint_day,0.4444733
h21306500002,14,14_herd_dog_tail_turning,0.9582791
h21402710012,13,13_bake_basket_bells_eggs,0.26393762
h21405080005,6,6_sparrow_cabbage_pea_chirp,0.5048449
h21405080006,4,4_servants_thousand_soul_book,0.65594846
h21405090007,15,15_bow_fall_sail_singing,1.0
h22600930052,3,3_oxen_gentlemen_peasants_plow,1.0
h2390907900b,6,6_sparrow_cabbage_pea_chirp,0.1778362
h24004040015,14,14_herd_dog_tail_turning,0.69018734
h25400370001,15,15_bow_fall_sail_singing,0.45031747
h25401630029,6,6_sparrow_cabbage_pea_chirp,0.23820098
h31204460003,6,6_sparrow_cabbage_pea_chirp,0.23323517
h31708630018,5,5_matchmaker_vodka_melody_wedding,0.25773835
h40103770022,18,18_hats_hat_cap_hay,0.37650442
hr0401860001,6,6_sparrow_cabbage_pea_chirp,0.24259236
hr040186000a,4,4_servants_thousand_soul_book,0.24443983
e000051820004,15,15_bow_fall_sail_singing,0.18322524
e000051870008,11,11_apples_tree_sisters_wine,0.32868618
e000051880009,2,2_beer_beer drink_drank_eating,0.24358186
e000070640005,7,7_legs_calf_reed_nest,0.579216
e000072070023,8,8_june_march_saint_day,0.32578737
e000076620004,11,11_apples_tree_sisters_wine,0.23565891
e000076630005,14,14_herd_dog_tail_turning,0.2602714
e000077190023,18,18_hats_hat_cap_hay,0.925112
e000077340010,17,17_crooked_tavern_trembles_straight,0.36990634
e000078260000,8,8_june_march_saint_day,1.0
e000079420031,9,9_wedding_crows_crow_married,0.30081895
e000079460004,17,17_crooked_tavern_trembles_straight,0.3039119
e000080510039,4,4_servants_thousand_soul_book,0.21753499
e000093460028,7,7_legs_calf_reed_nest,0.8718782
e000093490031,7,7_legs_calf_reed_nest,0.30679587
e000093520034,12,12_march_thirty_month_june,0.17117912
e000093670047,17,17_crooked_tavern_trembles_straight,0.43562716
e000093910062,18,18_hats_hat_cap_hay,0.37485874
e000099630001,6,6_sparrow_cabbage_pea_chirp,0.27536944
e000099680004,6,6_sparrow_cabbage_pea_chirp,0.24916127
e000099830014,14,14_herd_dog_tail_turning,0.21182194
e000106310008,11,11_apples_tree_sisters_wine,0.26878875
e000107390001,13,13_bake_basket_bells_eggs,0.6395815
e000178150003,17,17_crooked_tavern_trembles_straight,0.38970098
e000178240011,16,16_wolf_bear_anne_leg,0.533325
e000178310017,14,14_herd_dog_tail_turning,0.42869303
e000201380001,12,12_march_thirty_month_june,0.3541909
e000201440002,13,13_bake_basket_bells_eggs,0.16272722
e00051510000a,14,14_herd_dog_tail_turning,0.9355061
e000536460000,4,4_servants_thousand_soul_book,0.24502935
e000549580000,1,1_nicholas_saint_blessed_god,0.41615984
e000576550000,8,8_june_march_saint_day,0.58805573
e000616550002,16,16_wolf_bear_anne_leg,0.6517327
e000617380040,2,2_beer_beer drink_drank_eating,0.34725487
e000617510050,12,12_march_thirty_month_june,0.3033124
ea00002620025,13,13_bake_basket_bells_eggs,0.18247953
ea00006950014,6,6_sparrow_cabbage_pea_chirp,0.16740704
ea00007040023,13,13_bake_basket_bells_eggs,0.19348434
ea00010090007,14,14_herd_dog_tail_turning,0.24513002
ekms40106250008,12,12_march_thirty_month_june,0.2572265
ekms40106430011,14,14_herd_dog_tail_turning,0.36516485
eks0100170000,4,4_servants_thousand_soul_book,0.3111575
eks2800030003,11,11_apples_tree_sisters_wine,1.0
eks2800070010,18,18_hats_hat_cap_hay,0.42248663
era200101380001,13,13_bake_basket_bells_eggs,0.28031936
era200101500002,1,1_nicholas_saint_blessed_god,0.5711995
era200703670031,13,13_bake_basket_bells_eggs,0.4955333
era200l01470002,12,12_march_thirty_month_june,0.366883
era201205650001,7,7_legs_calf_reed_nest,0.32637906
era201402410028,13,13_bake_basket_bells_eggs,0.2045355
era202401660005,7,7_legs_calf_reed_nest,0.2572711
era202500530018,13,13_bake_basket_bells_eggs,0.5183803
era204101540015,14,14_herd_dog_tail_turning,0.25324878
era205705370008,15,15_bow_fall_sail_singing,0.18929219
era205705380009,15,15_bow_fall_sail_singing,0.17217514
estk3701610001,13,13_bake_basket_bells_eggs,0.32334095
estk3701850032,11,11_apples_tree_sisters_wine,0.4075062
estk4000230047,15,15_bow_fall_sail_singing,0.80574197
estk4000450073,13,13_bake_basket_bells_eggs,0.3334765
estk4000830120,0,0_servant_cat_wreath_horse,0.0
estk4000980136,13,13_bake_basket_bells_eggs,0.3379505
eys0210620056,10,10_wheat_barley_rye_pea,0.30831096
eys0506000013,6,6_sparrow_cabbage_pea_chirp,0.4657375
eys0506120029,7,7_legs_calf_reed_nest,0.42473686
eys0506120030,6,6_sparrow_cabbage_pea_chirp,0.30642205
eys0506260051,16,16_wolf_bear_anne_leg,1.0
eys0506290194,16,16_wolf_bear_anne_leg,0.19259927
eys0506780118,6,6_sparrow_cabbage_pea_chirp,0.51557153
eys0506830127,16,16_wolf_bear_anne_leg,0.4561685
eys0506910137,4,4_servants_thousand_soul_book,0.29522964
eys0506980145,14,14_herd_dog_tail_turning,0.87804157
eys0507060158,14,14_herd_dog_tail_turning,0.42101422
eys0507100162,14,14_herd_dog_tail_turning,0.5468839
eys0507110164,2,2_beer_beer drink_drank_eating,0.40927342
eys0507130167,15,15_bow_fall_sail_singing,0.70117503
eys0507200181,13,13_bake_basket_bells_eggs,0.35336122
eys0507270191,1,1_nicholas_saint_blessed_god,1.0
eys0613810033,18,18_hats_hat_cap_hay,0.32179204
eys0614100068,5,5_matchmaker_vodka_melody_wedding,0.40935168
eys0614300096,16,16_wolf_bear_anne_leg,0.12451872
eys0614440123,9,9_wedding_crows_crow_married,1.0
eys0614630148,7,7_legs_calf_reed_nest,0.31564966
eys0615810348,8,8_june_march_saint_day,0.77461374
eys0615970009,1,1_nicholas_saint_blessed_god,0.50134146
eys0616430086,2,2_beer_beer drink_drank_eating,0.2809399
eys0616560104,15,15_bow_fall_sail_singing,0.35706824
eys0616680115,2,2_beer_beer drink_drank_eating,0.20146476
eys0616740123,13,13_bake_basket_bells_eggs,0.1870943
eys0616820132,7,7_legs_calf_reed_nest,0.17540023
eys0617180191,14,14_herd_dog_tail_turning,0.43744618
eys0617190192,17,17_crooked_tavern_trembles_straight,0.59389406
eys0617220197,11,11_apples_tree_sisters_wine,0.6337879
eys0617660268,6,6_sparrow_cabbage_pea_chirp,0.5883244
eys0706530004,14,14_herd_dog_tail_turning,0.24391995
eys0708530011,14,14_herd_dog_tail_turning,0.3371353
eys0708560014,9,9_wedding_crows_crow_married,1.0
eys0708560016,13,13_bake_basket_bells_eggs,0.31186247
eys0716330166,11,11_apples_tree_sisters_wine,0.81224865
eys0716510196,14,14_herd_dog_tail_turning,0.58054316
eys0716580210,14,14_herd_dog_tail_turning,0.31594682
eys0716620215,1,1_nicholas_saint_blessed_god,1.0
eys0716800240,2,2_beer_beer drink_drank_eating,0.35581842
eys0717180316,2,2_beer_beer drink_drank_eating,0.5112803
eys0717680390,13,13_bake_basket_bells_eggs,0.24964799
eys0718350014,7,7_legs_calf_reed_nest,0.278522
eys0722800021,14,14_herd_dog_tail_turning,0.77316797
eys0722920044,11,11_apples_tree_sisters_wine,0.5689648
eys0723310128,14,14_herd_dog_tail_turning,0.46368587
eys0723320129,16,16_wolf_bear_anne_leg,1.0
eys0723320130,1,1_nicholas_saint_blessed_god,0.23142321
eys0723400138,5,5_matchmaker_vodka_melody_wedding,0.5347039
eys0724010263,15,15_bow_fall_sail_singing,0.27953765
eys0724500385,3,3_oxen_gentlemen_peasants_plow,0.1924708
eys0804240169,15,15_bow_fall_sail_singing,0.23355156
eys0805390016,13,13_bake_basket_bells_eggs,0.2049368
eys0805500034,2,2_beer_beer drink_drank_eating,0.3662418
eys0806090137,7,7_legs_calf_reed_nest,0.8059876
eys0806100138,17,17_crooked_tavern_trembles_straight,0.3476892
eys0806330173,4,4_servants_thousand_soul_book,0.40297052
eys0806380183,4,4_servants_thousand_soul_book,0.40650824
eys0807290316,10,10_wheat_barley_rye_pea,1.0
eys0807590364,16,16_wolf_bear_anne_leg,0.18149373
eys0808140445,0,0_servant_cat_wreath_horse,0.0
eys0808300471,17,17_crooked_tavern_trembles_straight,0.3196441
eys0808730540,13,13_bake_basket_bells_eggs,0.2089164
eys0808810552,15,15_bow_fall_sail_singing,0.24377942
eys0811490002,0,0_servant_cat_wreath_horse,0.0
eys0811600025,6,6_sparrow_cabbage_pea_chirp,0.23809163
eys0811720043,14,14_herd_dog_tail_turning,0.4957359
eys0811850065,16,16_wolf_bear_anne_leg,0.2792983
eys0811880072,8,8_june_march_saint_day,0.4153062
eys0909540018,13,13_bake_basket_bells_eggs,0.19250627
eys0909570021,2,2_beer_beer drink_drank_eating,0.38789198
eys0909580023,14,14_herd_dog_tail_turning,0.20427552
eys0909730046,13,13_bake_basket_bells_eggs,0.46771622
eys0909840062,14,14_herd_dog_tail_turning,0.54384583
eys0910040094,18,18_hats_hat_cap_hay,0.5512023
eys0910490162,7,7_legs_calf_reed_nest,0.34320122
eys1022410010,1,1_nicholas_saint_blessed_god,0.56757325
eys1022420015,1,1_nicholas_saint_blessed_god,0.66316307
eys1022450022,11,11_apples_tree_sisters_wine,0.7580098
eys1022570046,14,14_herd_dog_tail_turning,0.28789932
eys1022730079,14,14_herd_dog_tail_turning,0.6199276
eys1022790087,11,11_apples_tree_sisters_wine,0.27872694
eys1023010122,10,10_wheat_barley_rye_pea,0.44635174
eys1023210152,2,2_beer_beer drink_drank_eating,0.35282937
eys1023710201,2,2_beer_beer drink_drank_eating,0.2243526
eys1029020072,2,2_beer_beer drink_drank_eating,0.38739496
eys1029030074,0,0_servant_cat_wreath_horse,0.0
eys1029100095,13,13_bake_basket_bells_eggs,0.27788207
eys1029110097,16,16_wolf_bear_anne_leg,0.21280259
h10101420007,13,13_bake_basket_bells_eggs,0.41959774
h10101450015,16,16_wolf_bear_anne_leg,0.24087872
h10101460017,17,17_crooked_tavern_trembles_straight,1.0
h10101460019,18,18_hats_hat_cap_hay,0.3795541
h10101810004,12,12_march_thirty_month_june,0.69855565
h10102420121,7,7_legs_calf_reed_nest,0.35097104
h10102450127,13,13_bake_basket_bells_eggs,0.26567292
h10102500135,15,15_bow_fall_sail_singing,0.42616704
h10700460036,16,16_wolf_bear_anne_leg,0.54537374
h10700510045,0,0_servant_cat_wreath_horse,0.0
h10700610063,11,11_apples_tree_sisters_wine,0.2903539
h20101330185,17,17_crooked_tavern_trembles_straight,0.4195414
h20101340187,2,2_beer_beer drink_drank_eating,0.50169945
h20102660392,1,1_nicholas_saint_blessed_god,0.28431773
h20102800413,2,2_beer_beer drink_drank_eating,0.27912843
h21109460003,16,16_wolf_bear_anne_leg,0.36985812
h21300990047,6,6_sparrow_cabbage_pea_chirp,0.3372172
h21301170004,12,12_march_thirty_month_june,1.0
h21301310024,0,0_servant_cat_wreath_horse,0.0
h21301810003,13,13_bake_basket_bells_eggs,0.30377677
h21301840006,1,1_nicholas_saint_blessed_god,0.21648066
h21302280002,11,11_apples_tree_sisters_wine,0.27126348
h21303350007,12,12_march_thirty_month_june,0.31382236
h21304370010,14,14_herd_dog_tail_turning,0.5014318
h21305070020,13,13_bake_basket_bells_eggs,0.35624894
h21305290036,14,14_herd_dog_tail_turning,0.45088068
h21305340041,14,14_herd_dog_tail_turning,0.24237762
h21305820003,17,17_crooked_tavern_trembles_straight,0.29280144
h21306000001,13,13_bake_basket_bells_eggs,0.18313238
h21306520004,18,18_hats_hat_cap_hay,0.37715808
h21306540009,3,3_oxen_gentlemen_peasants_plow,0.15430094
h21400090005,13,13_bake_basket_bells_eggs,0.24540393
h21400690089,2,2_beer_beer drink_drank_eating,0.27907637
h21400950008,17,17_crooked_tavern_trembles_straight,0.29880843
h21400990010,4,4_servants_thousand_soul_book,0.2663712
h21401290001,9,9_wedding_crows_crow_married,0.24058284
h21401410013,3,3_oxen_gentlemen_peasants_plow,0.36230612
h21401520025,14,14_herd_dog_tail_turning,0.40187758
h21401610036,13,13_bake_basket_bells_eggs,0.21862465
h21404020005,8,8_june_march_saint_day,0.51203334
h21404810010,1,1_nicholas_saint_blessed_god,0.34110832
h21405060004,8,8_june_march_saint_day,0.6514923
h21406270004,2,2_beer_beer drink_drank_eating,0.22340925
h21605750011,6,6_sparrow_cabbage_pea_chirp,0.16899419
h24607010006,1,1_nicholas_saint_blessed_god,0.27723268
h24607020008,8,8_june_march_saint_day,0.25841653
h24607100023,18,18_hats_hat_cap_hay,0.2568841
h24607110025,4,4_servants_thousand_soul_book,0.32240552
h24608390024,9,9_wedding_crows_crow_married,0.3000236
h24608430028,8,8_june_march_saint_day,0.31231982
h24609400009,10,10_wheat_barley_rye_pea,1.0
h25704130001,3,3_oxen_gentlemen_peasants_plow,0.20810801
h25704180004,15,15_bow_fall_sail_singing,0.2287335
h25704260008,3,3_oxen_gentlemen_peasants_plow,0.6310546
h25706290012,11,11_apples_tree_sisters_wine,1.0
h25706350021,14,14_herd_dog_tail_turning,0.3249212
h25706430029,16,16_wolf_bear_anne_leg,0.62676185
h26703001910,0,0_servant_cat_wreath_horse,0.0
h26804900006,13,13_bake_basket_bells_eggs,0.31806606
h26805030024,7,7_legs_calf_reed_nest,0.35796782
h30101380007,8,8_june_march_saint_day,0.27672136
h30101460013,14,14_herd_dog_tail_turning,0.5202493
h30101630017,14,14_herd_dog_tail_turning,0.73403114
h30401790007,16,16_wolf_bear_anne_leg,0.15340649
h30402120002,6,6_sparrow_cabbage_pea_chirp,0.30623227
h30402410000,16,16_wolf_bear_anne_leg,0.19152205
h31703930059,7,7_legs_calf_reed_nest,0.23301709
h31703950061,13,13_bake_basket_bells_eggs,0.4097885
h31704040072,17,17_crooked_tavern_trembles_straight,0.19324344
h31709530012,0,0_servant_cat_wreath_horse,0.0
h31800440012,14,14_herd_dog_tail_turning,0.80707276
h32301860002,2,2_beer_beer drink_drank_eating,0.43687624
h32302270008,14,14_herd_dog_tail_turning,0.26640695
h32302410019,3,3_oxen_gentlemen_peasants_plow,0.29861996
h32700510010,13,13_bake_basket_bells_eggs,0.31717056
h40102900003,7,7_legs_calf_reed_nest,0.2329866
h40102930006,8,8_june_march_saint_day,0.57228535
h40103310015,17,17_crooked_tavern_trembles_straight,0.43645465
hgrq01900086,17,17_crooked_tavern_trembles_straight,0.7110072
hgrq01950096,0,0_servant_cat_wreath_horse,0.0
aesmt04900110003,18,18_hats_hat_cap_hay,0.31842172
e000051910013,16,16_wolf_bear_anne_leg,0.3202417
e000068530005,10,10_wheat_barley_rye_pea,0.6182662
e000068540006,11,11_apples_tree_sisters_wine,0.5387374
e000068550007,16,16_wolf_bear_anne_leg,0.39048058
e000071670028,14,14_herd_dog_tail_turning,0.30936277
e000071760037,16,16_wolf_bear_anne_leg,0.35998607
e000074570000,11,11_apples_tree_sisters_wine,0.6751403
e000074620000,15,15_bow_fall_sail_singing,0.36553255
e000076700016,10,10_wheat_barley_rye_pea,0.32875815
e000076710017,7,7_legs_calf_reed_nest,0.21358567
e000076900024,18,18_hats_hat_cap_hay,0.3802097
e000077250004,10,10_wheat_barley_rye_pea,0.39732486
e000077500004,14,14_herd_dog_tail_turning,0.71654785
e000077540011,16,16_wolf_bear_anne_leg,0.355491
e000078590005,9,9_wedding_crows_crow_married,0.3151629
e000078890013,12,12_march_thirty_month_june,0.35431466
e000079180002,15,15_bow_fall_sail_singing,0.24468467
e000079510012,14,14_herd_dog_tail_turning,0.5831366
e000080690055,12,12_march_thirty_month_june,0.21936321
e000093580038,6,6_sparrow_cabbage_pea_chirp,0.2177082
e000093930064,14,14_herd_dog_tail_turning,0.29304072
e000099890018,6,6_sparrow_cabbage_pea_chirp,0.3184665
e000104140009,6,6_sparrow_cabbage_pea_chirp,0.5686797
e000107530021,12,12_march_thirty_month_june,0.20332868
e000114880009,4,4_servants_thousand_soul_book,0.2529085
e000117920016,16,16_wolf_bear_anne_leg,0.26398447
e000123240003,11,11_apples_tree_sisters_wine,0.5894862
e000145860001,10,10_wheat_barley_rye_pea,0.26708275
e000151010003,9,9_wedding_crows_crow_married,0.3584926
e000151020004,14,14_herd_dog_tail_turning,0.25394028
e000158690009,9,9_wedding_crows_crow_married,0.7681364
e000177610006,15,15_bow_fall_sail_singing,0.2724373
e000221660007,10,10_wheat_barley_rye_pea,0.35091105
e000410660019,2,2_beer_beer drink_drank_eating,0.4086696
e000418780000,1,1_nicholas_saint_blessed_god,0.7263104
e000424680002,7,7_legs_calf_reed_nest,0.47691312
e000518920000,12,12_march_thirty_month_june,0.18756784
e000532010011,9,9_wedding_crows_crow_married,0.6745699
e000539550002,9,9_wedding_crows_crow_married,0.39615148
e000546730004,16,16_wolf_bear_anne_leg,0.21425313
e000575630007,17,17_crooked_tavern_trembles_straight,0.37120128
e000592080005,4,4_servants_thousand_soul_book,0.3259361
e000592270026,3,3_oxen_gentlemen_peasants_plow,0.412442
e000598820007,6,6_sparrow_cabbage_pea_chirp,0.5748266
e000616650008,13,13_bake_basket_bells_eggs,0.28321984
e000616900005,16,16_wolf_bear_anne_leg,0.43069372
e000617070016,16,16_wolf_bear_anne_leg,0.22423743
e000617580057,11,11_apples_tree_sisters_wine,0.697117
ea00002480012,14,14_herd_dog_tail_turning,0.47621128
ea00002490013,4,4_servants_thousand_soul_book,0.6087612
ea00002510016,3,3_oxen_gentlemen_peasants_plow,0.40668124
ea00002520017,2,2_beer_beer drink_drank_eating,0.45957327
ea00006830003,16,16_wolf_bear_anne_leg,0.23621318
ea00009870003,14,14_herd_dog_tail_turning,0.3283676
ea00009990004,18,18_hats_hat_cap_hay,0.5236611
ea00010540003,12,12_march_thirty_month_june,0.27085447
ekms40106420010,10,10_wheat_barley_rye_pea,0.5936447
era201101830001,14,14_herd_dog_tail_turning,0.5965341
era201402310021,6,6_sparrow_cabbage_pea_chirp,0.57666
era202300280006,17,17_crooked_tavern_trembles_straight,0.56530577
era202400910001,8,8_june_march_saint_day,0.4541653
era202403460114,2,2_beer_beer drink_drank_eating,0.35945123
era202500380006,6,6_sparrow_cabbage_pea_chirp,0.24881911
era203201710003,10,10_wheat_barley_rye_pea,0.5512692
era204202470000,13,13_bake_basket_bells_eggs,0.41290838
era205705530027,18,18_hats_hat_cap_hay,0.3678275
estk3700990003,4,4_servants_thousand_soul_book,0.2653656
estk3701760019,2,2_beer_beer drink_drank_eating,0.55087924
estk3701820026,14,14_herd_dog_tail_turning,0.47008023
estk4000020002,9,9_wedding_crows_crow_married,0.4743188
estk4000470076,8,8_june_march_saint_day,0.36236748
estk4000720107,8,8_june_march_saint_day,0.29323867
estk4000760111,17,17_crooked_tavern_trembles_straight,0.60462505
estk4001520167,14,14_herd_dog_tail_turning,1.0
eys0506150033,18,18_hats_hat_cap_hay,0.35705143
eys0506250048,15,15_bow_fall_sail_singing,0.48618484
eys0506520082,14,14_herd_dog_tail_turning,0.5919543
eys0506540084,10,10_wheat_barley_rye_pea,0.40059704
eys0506580091,11,11_apples_tree_sisters_wine,0.40450248
eys0506810123,16,16_wolf_bear_anne_leg,0.3711397
eys0507030153,17,17_crooked_tavern_trembles_straight,0.36172915
eys050707158b,10,10_wheat_barley_rye_pea,0.4606971
eys0507170175,9,9_wedding_crows_crow_married,0.40005943
eys0507250189,15,15_bow_fall_sail_singing,0.3345169
eys0507310196,12,12_march_thirty_month_june,0.21944073
eys0613630006,13,13_bake_basket_bells_eggs,0.5054146
eys0614870185,12,12_march_thirty_month_june,0.15715925
eys0615630312,11,11_apples_tree_sisters_wine,0.46372774
eys0616300069,17,17_crooked_tavern_trembles_straight,0.42750815
eys0616710119,0,0_servant_cat_wreath_horse,0.0
eys0617010164,18,18_hats_hat_cap_hay,0.27190855
eys0617070175,3,3_oxen_gentlemen_peasants_plow,0.5092656
eys0617290212,17,17_crooked_tavern_trembles_straight,0.25397086
eys0617480242,11,11_apples_tree_sisters_wine,0.30633464
eys0617620262,8,8_june_march_saint_day,0.2880468
eys0617630263,11,11_apples_tree_sisters_wine,0.3907867
eys0707430016,16,16_wolf_bear_anne_leg,0.51105016
eys070753038a,3,3_oxen_gentlemen_peasants_plow,1.0
eys0707610015,2,2_beer_beer drink_drank_eating,0.3835447
eys0707640021,11,11_apples_tree_sisters_wine,0.42237815
eys0708580020,11,11_apples_tree_sisters_wine,0.3439451
eys0715560048,7,7_legs_calf_reed_nest,0.25057983
eys0715680074,4,4_servants_thousand_soul_book,0.6153124
eys0715950115,2,2_beer_beer drink_drank_eating,0.36485168
eys0716290161,3,3_oxen_gentlemen_peasants_plow,0.3050072
eys0716340169,3,3_oxen_gentlemen_peasants_plow,0.5063839
eys0716690222,14,14_herd_dog_tail_turning,0.84280497
eys0716770233,5,5_matchmaker_vodka_melody_wedding,0.54491305
eys0716860251,1,1_nicholas_saint_blessed_god,0.32614058
eys0717050288,9,9_wedding_crows_crow_married,0.3592589
eys0719450154,10,10_wheat_barley_rye_pea,0.25152305
eys0722850029,15,15_bow_fall_sail_singing,0.8104428
eys0722950048,16,16_wolf_bear_anne_leg,0.45016485
eys0723570163,18,18_hats_hat_cap_hay,0.26756674
eys0723970251,18,18_hats_hat_cap_hay,0.3677709
eys0723970253,14,14_herd_dog_tail_turning,0.68996423
eys0724140293,6,6_sparrow_cabbage_pea_chirp,0.3772576
eys0724250316,18,18_hats_hat_cap_hay,0.5222106
eys0724310333,0,0_servant_cat_wreath_horse,0.0
eys0805760090,9,9_wedding_crows_crow_married,0.49076983
eys0805880104,11,11_apples_tree_sisters_wine,0.15983795
eys0806230161,1,1_nicholas_saint_blessed_god,1.0
eys0806930277,0,0_servant_cat_wreath_horse,0.0
eys0808340476,8,8_june_march_saint_day,0.57747936
eys0808590517,7,7_legs_calf_reed_nest,0.4113784
eys0808760544,11,11_apples_tree_sisters_wine,0.35921124
eys0808790549,14,14_herd_dog_tail_turning,0.31866768
eys0811560014,16,16_wolf_bear_anne_leg,0.79881144
eys0900880084,16,16_wolf_bear_anne_leg,0.84365463
eys0909450008,9,9_wedding_crows_crow_married,0.22337934
eys0909700042,11,11_apples_tree_sisters_wine,0.27106372
eys0909850064,18,18_hats_hat_cap_hay,0.60450834
eys0909910076,16,16_wolf_bear_anne_leg,0.50129783
eys1022400009,16,16_wolf_bear_anne_leg,0.49585292
eys1022560043,0,0_servant_cat_wreath_horse,0.0
eys1022680070,4,4_servants_thousand_soul_book,0.5240671
eys1029030075,16,16_wolf_bear_anne_leg,0.78483367
eys1029060084,17,17_crooked_tavern_trembles_straight,0.27685335
eys1029090093,16,16_wolf_bear_anne_leg,1.0
eys1108200009,18,18_hats_hat_cap_hay,0.5942775
h10101240003,4,4_servants_thousand_soul_book,0.414941
h10101440013,5,5_matchmaker_vodka_melody_wedding,0.19218023
h10102280090,11,11_apples_tree_sisters_wine,1.0
h10102300096,17,17_crooked_tavern_trembles_straight,0.22627784
h10102400116,8,8_june_march_saint_day,0.44341394
h10102470129,18,18_hats_hat_cap_hay,0.14821754
h10700290001,16,16_wolf_bear_anne_leg,0.28859556
h10700630065,10,10_wheat_barley_rye_pea,0.21375243
h20102710400,13,13_bake_basket_bells_eggs,0.27204216
h20106530841,11,11_apples_tree_sisters_wine,0.40014148
h21005400317,7,7_legs_calf_reed_nest,0.30453166
h21300380008,8,8_june_march_saint_day,0.39220163
h21300390009,16,16_wolf_bear_anne_leg,0.5454212
h21300400010,7,7_legs_calf_reed_nest,0.6297129
h21300600034,11,11_apples_tree_sisters_wine,0.21259347
h21300630002,1,1_nicholas_saint_blessed_god,0.4099879
h21300820025,14,14_herd_dog_tail_turning,0.3761757
h21300820026,14,14_herd_dog_tail_turning,0.694505
h21300940040,12,12_march_thirty_month_june,0.53735816
h21300950041,14,14_herd_dog_tail_turning,0.6898626
h21301110065,16,16_wolf_bear_anne_leg,0.35957065
h21301130068,16,16_wolf_bear_anne_leg,0.59203374
h21301320026,2,2_beer_beer drink_drank_eating,0.5965705
h21303310002,5,5_matchmaker_vodka_melody_wedding,0.6020324
h21303450010,13,13_bake_basket_bells_eggs,0.45695826
h21305530063,14,14_herd_dog_tail_turning,0.40103287
h21305910010,14,14_herd_dog_tail_turning,0.3191182
h21305930013,7,7_legs_calf_reed_nest,0.19650559
h21306440023,10,10_wheat_barley_rye_pea,0.3107997
h21306510002,15,15_bow_fall_sail_singing,0.3530452
h21306520006,14,14_herd_dog_tail_turning,0.7006921
h21400110008,18,18_hats_hat_cap_hay,0.46106502
h21400370051,11,11_apples_tree_sisters_wine,0.52593136
h21400400056,12,12_march_thirty_month_june,0.45314446
h21400470065,11,11_apples_tree_sisters_wine,0.33179584
h21400500070,11,11_apples_tree_sisters_wine,0.74569446
h21400750094,18,18_hats_hat_cap_hay,1.0
h21403490010,17,17_crooked_tavern_trembles_straight,0.28999895
h21403510011,18,18_hats_hat_cap_hay,0.3365441
h21404420012,5,5_matchmaker_vodka_melody_wedding,0.2420895
h21404420013,7,7_legs_calf_reed_nest,0.43066314
h21605720009,10,10_wheat_barley_rye_pea,0.45952553
h23806740004,0,0_servant_cat_wreath_horse,0.0
h23807410005,18,18_hats_hat_cap_hay,0.3253357
h24000971043,10,10_wheat_barley_rye_pea,0.1919596
h24607810009,4,4_servants_thousand_soul_book,0.4203819
h25401820075,6,6_sparrow_cabbage_pea_chirp,0.42558494
h26502840020,18,18_hats_hat_cap_hay,0.504556
h26503350009,14,14_herd_dog_tail_turning,0.2197895
h30401490003,8,8_june_march_saint_day,0.27739108
h30401910001,8,8_june_march_saint_day,0.30387682
h31205930002,16,16_wolf_bear_anne_leg,0.43828052
h31701200006,18,18_hats_hat_cap_hay,1.0
h31701500007,11,11_apples_tree_sisters_wine,0.39104503
h31704090075,2,2_beer_beer drink_drank_eating,0.4204518
h31707210001,14,14_herd_dog_tail_turning,0.18497148
h31707440014,14,14_herd_dog_tail_turning,0.51745266
h31708470002,16,16_wolf_bear_anne_leg,0.39001566
h40400610001,8,8_june_march_saint_day,0.22213587
h40400670004,12,12_march_thirty_month_june,0.15565781
hgrq01570027,14,14_herd_dog_tail_turning,0.6679684
hgrq01600029,11,11_apples_tree_sisters_wine,0.28110185
hgrq01730045,14,14_herd_dog_tail_turning,0.39021564
hgrq01820067,0,0_servant_cat_wreath_horse,0.0
hgrq01860077,6,6_sparrow_cabbage_pea_chirp,0.4302176
hgrq01930092,11,11_apples_tree_sisters_wine,1.0
hr0103070003,9,9_wedding_crows_crow_married,0.26889932
e000051840005,14,14_herd_dog_tail_turning,0.3220666
e000051950017,14,14_herd_dog_tail_turning,0.26142168
e000070610001,15,15_bow_fall_sail_singing,0.35348082
e000071480009,10,10_wheat_barley_rye_pea,0.39167097
e000071500010,1,1_nicholas_saint_blessed_god,0.15865369
e000071510011,1,1_nicholas_saint_blessed_god,1.0
e000071520012,15,15_bow_fall_sail_singing,0.5977306
e000071620022,16,16_wolf_bear_anne_leg,0.18131238
e000071900002,2,2_beer_beer drink_drank_eating,0.3599766
e000071920005,7,7_legs_calf_reed_nest,0.26028576
e000072030017,14,14_herd_dog_tail_turning,1.0
e000072050021,9,9_wedding_crows_crow_married,0.15905
e000076780005,10,10_wheat_barley_rye_pea,0.3703332
e000076790008,2,2_beer_beer drink_drank_eating,0.25415292
e000076890023,8,8_june_march_saint_day,0.52149916
e000077000012,10,10_wheat_barley_rye_pea,0.315043
e000077010014,7,7_legs_calf_reed_nest,0.38017714
e000077020015,3,3_oxen_gentlemen_peasants_plow,0.17185415
e000077030016,16,16_wolf_bear_anne_leg,0.33262894
e000077030017,16,16_wolf_bear_anne_leg,0.2603903
e000077040018,5,5_matchmaker_vodka_melody_wedding,0.19116113
e000077060020,15,15_bow_fall_sail_singing,0.45273265
e000077100006,6,6_sparrow_cabbage_pea_chirp,0.2455854
e000077130013,11,11_apples_tree_sisters_wine,0.36919674
e000077170019,16,16_wolf_bear_anne_leg,0.2579757
e000077190025,2,2_beer_beer drink_drank_eating,0.38860413
e000077210027,15,15_bow_fall_sail_singing,0.270399
e000077340008,2,2_beer_beer drink_drank_eating,0.2762545
e000077630009,17,17_crooked_tavern_trembles_straight,0.26529077
e000077640010,13,13_bake_basket_bells_eggs,0.1500016
e000077770011,8,8_june_march_saint_day,0.4384187
e000078270003,2,2_beer_beer drink_drank_eating,0.31813666
e000078340014,15,15_bow_fall_sail_singing,0.7759015
e000078740006,18,18_hats_hat_cap_hay,0.65712625
e000078860011,16,16_wolf_bear_anne_leg,0.86841464
e000079100040,15,15_bow_fall_sail_singing,0.5443913
e000079280013,10,10_wheat_barley_rye_pea,0.3034834
e00007931017a,16,16_wolf_bear_anne_leg,0.49100786
e000079450002,2,2_beer_beer drink_drank_eating,0.5766289
e000079450003,10,10_wheat_barley_rye_pea,0.45586336
e000079470005,5,5_matchmaker_vodka_melody_wedding,0.6027065
e000079520014,4,4_servants_thousand_soul_book,0.2917715
e000080540041,15,15_bow_fall_sail_singing,0.75248367
e000080750059,3,3_oxen_gentlemen_peasants_plow,0.46098363
e000093470029,5,5_matchmaker_vodka_melody_wedding,0.23618889
e000093740053,18,18_hats_hat_cap_hay,0.21226142
e000093960067,6,6_sparrow_cabbage_pea_chirp,0.2382718
e000094140090,6,6_sparrow_cabbage_pea_chirp,0.31998622
e000104130007,2,2_beer_beer drink_drank_eating,0.55737275
e000104150014,15,15_bow_fall_sail_singing,0.30064526
e000105630010,12,12_march_thirty_month_june,0.19521677
e000107510019,17,17_crooked_tavern_trembles_straight,0.631132
e000117870005,3,3_oxen_gentlemen_peasants_plow,0.42901728
e000117890010,14,14_herd_dog_tail_turning,0.27446803
e000117930018,6,6_sparrow_cabbage_pea_chirp,0.3073338
e000117990033,6,6_sparrow_cabbage_pea_chirp,0.2800954
e000135850004,18,18_hats_hat_cap_hay,0.242953
e000138040001,13,13_bake_basket_bells_eggs,0.20360398
e000151060012,14,14_herd_dog_tail_turning,0.30876288
e000151070014,11,11_apples_tree_sisters_wine,0.6007945
e000151080017,16,16_wolf_bear_anne_leg,0.26933715
e000178180006,9,9_wedding_crows_crow_married,0.24891318
e000239830002,18,18_hats_hat_cap_hay,0.35644653
e000418750000,9,9_wedding_crows_crow_married,0.25867543
e000518390006,2,2_beer_beer drink_drank_eating,0.42431375
e000518940004,14,14_herd_dog_tail_turning,0.66073185
e000536560008,18,18_hats_hat_cap_hay,0.6810707
e000547710000,8,8_june_march_saint_day,0.3664357
e000547720000,4,4_servants_thousand_soul_book,1.0
e000549670000,14,14_herd_dog_tail_turning,0.36119893
e000576710000,14,14_herd_dog_tail_turning,0.57399
e000595280000,15,15_bow_fall_sail_singing,0.35075405
e000597700001,10,10_wheat_barley_rye_pea,1.0
e00059879000a,11,11_apples_tree_sisters_wine,0.38351125
e000599030004,16,16_wolf_bear_anne_leg,0.4929843
e000616990011,15,15_bow_fall_sail_singing,0.3071805
e000617000012,6,6_sparrow_cabbage_pea_chirp,0.25412834
e000617100018,8,8_june_march_saint_day,0.35199675
e000617110019,14,14_herd_dog_tail_turning,0.28085205
e000617330035,18,18_hats_hat_cap_hay,0.44667834
e000643660001,2,2_beer_beer drink_drank_eating,0.22172448
e000786160003,2,2_beer_beer drink_drank_eating,0.8528757
e000828660001,15,15_bow_fall_sail_singing,0.2913214
ea00002010007,17,17_crooked_tavern_trembles_straight,0.7284474
ea00002020011,12,12_march_thirty_month_june,1.0
ea00002580022,17,17_crooked_tavern_trembles_straight,0.26744446
ea00002670027,16,16_wolf_bear_anne_leg,0.56104666
ea00002760036,9,9_wedding_crows_crow_married,0.35349306
ea00002780038,10,10_wheat_barley_rye_pea,0.21337534
ea00006820002,17,17_crooked_tavern_trembles_straight,0.26785704
ea00006840005,11,11_apples_tree_sisters_wine,0.69508755
ea00007030022,1,1_nicholas_saint_blessed_god,0.5461902
ea00009630003,2,2_beer_beer drink_drank_eating,0.7191903
ea00009750001,8,8_june_march_saint_day,0.52033556
ea00009820013,2,2_beer_beer drink_drank_eating,0.39154696
ea00009840014,10,10_wheat_barley_rye_pea,0.41537607
ea00009840015,2,2_beer_beer drink_drank_eating,0.6781474
ea00010160011,14,14_herd_dog_tail_turning,0.25761852
ekms40504230009,15,15_bow_fall_sail_singing,0.38202003
ekms40504250010,13,13_bake_basket_bells_eggs,0.20838703
ekms40504270011,14,14_herd_dog_tail_turning,0.5151835
ekms40504290012,14,14_herd_dog_tail_turning,0.3863982
eks0100450000,2,2_beer_beer drink_drank_eating,0.38163984
eks2800060008,8,8_june_march_saint_day,0.3300567
eks2800120004,3,3_oxen_gentlemen_peasants_plow,0.60705096
ekse00400001,2,2_beer_beer drink_drank_eating,0.37403068
ekse00410002,10,10_wheat_barley_rye_pea,0.34921208
ekse00420005,16,16_wolf_bear_anne_leg,0.49332142
ekse00450001,16,16_wolf_bear_anne_leg,0.25414464
era200101290006,17,17_crooked_tavern_trembles_straight,0.4383804
era200604480003,0,0_servant_cat_wreath_horse,0.0
era200703620018,16,16_wolf_bear_anne_leg,0.4344576
era200703710039,16,16_wolf_bear_anne_leg,0.42689
era201107270003,4,4_servants_thousand_soul_book,0.4051554
era201107540010,9,9_wedding_crows_crow_married,0.21021964
era201400360012,5,5_matchmaker_vodka_melody_wedding,0.5184413
era201401220075,7,7_legs_calf_reed_nest,0.37080804
era201402150007,6,6_sparrow_cabbage_pea_chirp,1.0
era201402170008,4,4_servants_thousand_soul_book,0.5151247
era201402190009,6,6_sparrow_cabbage_pea_chirp,0.6000116
era201402230011,16,16_wolf_bear_anne_leg,0.46360418
era201402250012,0,0_servant_cat_wreath_horse,0.0
era201402430029,14,14_herd_dog_tail_turning,0.5638999
era201402590001,14,14_herd_dog_tail_turning,0.5743522
era201402710008,15,15_bow_fall_sail_singing,0.2659475
era202401820016,6,6_sparrow_cabbage_pea_chirp,0.507892
era202401830017,4,4_servants_thousand_soul_book,1.0
era202402300041,14,14_herd_dog_tail_turning,0.574039
era202402300042,14,14_herd_dog_tail_turning,0.72380614
era202402310043,10,10_wheat_barley_rye_pea,0.37180755
era202403250053,16,16_wolf_bear_anne_leg,0.36738497
era202403490002,5,5_matchmaker_vodka_melody_wedding,0.5688861
era202403570013,16,16_wolf_bear_anne_leg,0.3603735
era202403770003,15,15_bow_fall_sail_singing,0.29979923
era202405060004,0,0_servant_cat_wreath_horse,0.0
era202405250005,7,7_legs_calf_reed_nest,0.6297129
era202405500008,4,4_servants_thousand_soul_book,0.37646005
era202405760020,14,14_herd_dog_tail_turning,0.49426094
era202405770021,14,14_herd_dog_tail_turning,0.1729311
era202405820022,14,14_herd_dog_tail_turning,0.28109425
era202405940031,6,6_sparrow_cabbage_pea_chirp,0.5267295
era202407240002,14,14_herd_dog_tail_turning,0.3301322
era202407310001,11,11_apples_tree_sisters_wine,0.3382231
era202407330003,13,13_bake_basket_bells_eggs,0.39138672
era202500310024,1,1_nicholas_saint_blessed_god,1.0
era202500370005,6,6_sparrow_cabbage_pea_chirp,0.22446996
era202500440011,14,14_herd_dog_tail_turning,0.7053903
era202500510016,3,3_oxen_gentlemen_peasants_plow,0.54489195
era202501050041,3,3_oxen_gentlemen_peasants_plow,0.4667705
era202501500005,9,9_wedding_crows_crow_married,0.3900405
era202501720004,15,15_bow_fall_sail_singing,0.30190712
era202502900005,12,12_march_thirty_month_june,1.0
era203201750005,5,5_matchmaker_vodka_melody_wedding,0.35851744
era204101470005,16,16_wolf_bear_anne_leg,0.4794568
era204101500010,15,15_bow_fall_sail_singing,0.32950154
era204104670004,16,16_wolf_bear_anne_leg,0.3678717
era205705340003,17,17_crooked_tavern_trembles_straight,0.6213881
era205705410013,13,13_bake_basket_bells_eggs,0.21337616
era206003930001,18,18_hats_hat_cap_hay,0.5999818
era208403830001,8,8_june_march_saint_day,0.5567747
era208403900020,9,9_wedding_crows_crow_married,0.26170284
era208904530003,13,13_bake_basket_bells_eggs,0.25876203
era208904540005,10,10_wheat_barley_rye_pea,0.86999464
era213102350388,9,9_wedding_crows_crow_married,0.30226818
era213102960002,14,14_herd_dog_tail_turning,0.650224
era214901200002,16,16_wolf_bear_anne_leg,0.30969563
era214901310019,14,14_herd_dog_tail_turning,0.63703007
era217202120001,4,4_servants_thousand_soul_book,0.43963778
era217202130003,16,16_wolf_bear_anne_leg,0.66275823
era217800310082,16,16_wolf_bear_anne_leg,0.766236
era218304630015,10,10_wheat_barley_rye_pea,0.75642616
era218305080086,0,0_servant_cat_wreath_horse,0.0
era218305120103,16,16_wolf_bear_anne_leg,0.44541577
era218305150111,0,0_servant_cat_wreath_horse,0.0
era219904940017,14,14_herd_dog_tail_turning,0.44481295
era229800920162,2,2_beer_beer drink_drank_eating,0.7409141
erm9400170000,12,12_march_thirty_month_june,0.39902246
estk2700610001,3,3_oxen_gentlemen_peasants_plow,0.18181504
estk2700620002,15,15_bow_fall_sail_singing,0.6705076
estk3701560002,4,4_servants_thousand_soul_book,0.2822116
estk3701640003,18,18_hats_hat_cap_hay,0.85872805
estk4000100022,3,3_oxen_gentlemen_peasants_plow,0.63604444
estk4000160032,2,2_beer_beer drink_drank_eating,0.6671119
estk4000300059,2,2_beer_beer drink_drank_eating,0.340483
estk4000660101,18,18_hats_hat_cap_hay,0.38817137
estk4001080151,2,2_beer_beer drink_drank_eating,0.5720198
estk4001630010,6,6_sparrow_cabbage_pea_chirp,0.24326771
estk4001640011,10,10_wheat_barley_rye_pea,0.64298534
estk4001740019,0,0_servant_cat_wreath_horse,0.0
eys0206300130,16,16_wolf_bear_anne_leg,0.5805896
eys0210390031,0,0_servant_cat_wreath_horse,0.0
eys0300950029,12,12_march_thirty_month_june,0.29228312
eys0505830052,2,2_beer_beer drink_drank_eating,1.0
eys0505930002,8,8_june_march_saint_day,0.38201737
eys0505960007,15,15_bow_fall_sail_singing,0.2448663
eys0506030018,17,17_crooked_tavern_trembles_straight,0.6980094
eys0506200041,10,10_wheat_barley_rye_pea,0.4964935
eys0506460074,7,7_legs_calf_reed_nest,0.280735
eys0506550086,14,14_herd_dog_tail_turning,0.38003656
eys0506600094,15,15_bow_fall_sail_singing,0.32021645
eys0506710108,3,3_oxen_gentlemen_peasants_plow,0.58384454
eys050683125b,0,0_servant_cat_wreath_horse,0.0
eys0506850130,6,6_sparrow_cabbage_pea_chirp,0.47053176
eys0507080159,2,2_beer_beer drink_drank_eating,0.35242784
eys0507280192,2,2_beer_beer drink_drank_eating,0.4117406
eys0610740237,17,17_crooked_tavern_trembles_straight,0.81423897
eys0613670014,14,14_herd_dog_tail_turning,0.549883
eys0613750026,16,16_wolf_bear_anne_leg,0.33492652
eys0613860038,12,12_march_thirty_month_june,0.663459
eys0614040060,16,16_wolf_bear_anne_leg,0.3687398
eys0614050061,14,14_herd_dog_tail_turning,0.6289275
eys0614070063,6,6_sparrow_cabbage_pea_chirp,0.3767966
eys0614170079,5,5_matchmaker_vodka_melody_wedding,0.36858612
eys0614380109,2,2_beer_beer drink_drank_eating,0.6084163
eys0614400113,14,14_herd_dog_tail_turning,0.43690076
eys0614410115,17,17_crooked_tavern_trembles_straight,0.6892081
eys0614410116,17,17_crooked_tavern_trembles_straight,0.2346623
eys0614480131,2,2_beer_beer drink_drank_eating,0.35648203
eys0614510135,14,14_herd_dog_tail_turning,0.473513
eys0614610147,3,3_oxen_gentlemen_peasants_plow,0.30909553
eys0614670156,2,2_beer_beer drink_drank_eating,0.45802838
eys0614750168,4,4_servants_thousand_soul_book,0.59132224
eys0614760171,3,3_oxen_gentlemen_peasants_plow,0.45404056
eys0614910192,6,6_sparrow_cabbage_pea_chirp,0.8586554
eys0614920194,6,6_sparrow_cabbage_pea_chirp,0.26796147
eys0614950200,4,4_servants_thousand_soul_book,1.0
eys0615040229,17,17_crooked_tavern_trembles_straight,0.4913005
eys0615060232,0,0_servant_cat_wreath_horse,0.0
eys0615520298,14,14_herd_dog_tail_turning,0.35378143
eys0615530299,4,4_servants_thousand_soul_book,0.18421404
eys0615620310,14,14_herd_dog_tail_turning,0.3507919
eys0615700326,7,7_legs_calf_reed_nest,0.23228034
eys0615750340,14,14_herd_dog_tail_turning,0.30324605
eys0615840353,15,15_bow_fall_sail_singing,0.4864183
eys0615990013,2,2_beer_beer drink_drank_eating,0.34942186
eys0616010017,14,14_herd_dog_tail_turning,0.49155268
eys0616030021,12,12_march_thirty_month_june,0.59438884
eys0616040022,3,3_oxen_gentlemen_peasants_plow,0.36652058
eys0616130039,14,14_herd_dog_tail_turning,0.25567108
eys0616150042,17,17_crooked_tavern_trembles_straight,0.39843503
eys0616170044,2,2_beer_beer drink_drank_eating,0.30252436
eys0616200048,11,11_apples_tree_sisters_wine,0.36678797
eys0616200049,2,2_beer_beer drink_drank_eating,0.65771043
eys0616210051,1,1_nicholas_saint_blessed_god,1.0
eys0616220052,13,13_bake_basket_bells_eggs,0.2267873
eys0616220053,10,10_wheat_barley_rye_pea,0.4652405
eys0616390082,2,2_beer_beer drink_drank_eating,0.4648725
eys0616530097,0,0_servant_cat_wreath_horse,0.0
eys0616540099,17,17_crooked_tavern_trembles_straight,1.0
eys0616590108,2,2_beer_beer drink_drank_eating,0.37451065
eys0616720121,14,14_herd_dog_tail_turning,0.26407173
eys0616800129,12,12_march_thirty_month_june,0.44081044
eys0616800130,10,10_wheat_barley_rye_pea,0.69290775
eys0617080176,15,15_bow_fall_sail_singing,0.2530019
eys0617230199,2,2_beer_beer drink_drank_eating,0.60919696
eys0617230200,2,2_beer_beer drink_drank_eating,0.35983926
eys0617540250,2,2_beer_beer drink_drank_eating,0.2645833
eys0617590256,3,3_oxen_gentlemen_peasants_plow,0.37803224
eys0617600258,12,12_march_thirty_month_june,0.33817142
eys0617610259,14,14_herd_dog_tail_turning,0.4539121
eys0617690273,13,13_bake_basket_bells_eggs,0.25571892
eys0618010319,4,4_servants_thousand_soul_book,0.36013913
eys0707390010,17,17_crooked_tavern_trembles_straight,0.3049593
eys0707420014,14,14_herd_dog_tail_turning,1.0
eys0707460023,14,14_herd_dog_tail_turning,0.5036732
eys0707570005,2,2_beer_beer drink_drank_eating,0.5568253
eys0707620016,2,2_beer_beer drink_drank_eating,0.33082032
eys0707880008,2,2_beer_beer drink_drank_eating,0.3042516
eys0715510037,6,6_sparrow_cabbage_pea_chirp,0.6547086
eys0715590058,10,10_wheat_barley_rye_pea,0.54730815
eys0715620063,13,13_bake_basket_bells_eggs,0.30794588
eys0715650070,15,15_bow_fall_sail_singing,0.4403533
eys0715700078,8,8_june_march_saint_day,0.72565603
eys0715730081,7,7_legs_calf_reed_nest,0.40100765
eys0715730082,17,17_crooked_tavern_trembles_straight,0.46305293
eys0715750086,9,9_wedding_crows_crow_married,0.29066965
eys0715800094,2,2_beer_beer drink_drank_eating,0.2997382
eys0715930113,12,12_march_thirty_month_june,0.24891993
eys0716060125,15,15_bow_fall_sail_singing,0.43570557
eys0716090131,2,2_beer_beer drink_drank_eating,0.39258248
eys0716140140,17,17_crooked_tavern_trembles_straight,0.32019868
eys0716170146,16,16_wolf_bear_anne_leg,0.4017876
eys0716360172,14,14_herd_dog_tail_turning,0.32533956
eys0716520199,12,12_march_thirty_month_june,0.49002805
eys0716640217,17,17_crooked_tavern_trembles_straight,0.5419315
eys0716650218,17,17_crooked_tavern_trembles_straight,0.62327415
eys0716760231,10,10_wheat_barley_rye_pea,0.48378256
eys0716860250,3,3_oxen_gentlemen_peasants_plow,0.60485107
eys0716920257,2,2_beer_beer drink_drank_eating,0.40380535
eys0716940262,12,12_march_thirty_month_june,0.3951416
eys0716950263,11,11_apples_tree_sisters_wine,0.53918046
eys0717100297,18,18_hats_hat_cap_hay,0.25927877
eys0717290328,14,14_herd_dog_tail_turning,0.42407504
eys0717300329,14,14_herd_dog_tail_turning,0.20274752
eys0717320333,0,0_servant_cat_wreath_horse,0.0
eys0718470032,15,15_bow_fall_sail_singing,0.6283336
eys0718480034,2,2_beer_beer drink_drank_eating,0.34278494
eys0719440152,18,18_hats_hat_cap_hay,0.36606997
eys0719460157,9,9_wedding_crows_crow_married,0.25701922
eys0719810196,12,12_march_thirty_month_june,0.2846843
eys0722790018,5,5_matchmaker_vodka_melody_wedding,1.0
eys0723200106,13,13_bake_basket_bells_eggs,0.28540367
eys0723400139,6,6_sparrow_cabbage_pea_chirp,1.0
eys0723600168,14,14_herd_dog_tail_turning,0.4179832
eys0723670180,6,6_sparrow_cabbage_pea_chirp,0.28629962
eys0723690186,16,16_wolf_bear_anne_leg,0.4128503
eys0723740195,7,7_legs_calf_reed_nest,0.19835237
eys0723790209,14,14_herd_dog_tail_turning,0.6037478
eys0723980255,2,2_beer_beer drink_drank_eating,0.33175534
eys0723990259,2,2_beer_beer drink_drank_eating,0.31635964
eys0724040271,14,14_herd_dog_tail_turning,0.4081369
eys0724060274,15,15_bow_fall_sail_singing,0.8127366
eys0724090282,17,17_crooked_tavern_trembles_straight,0.42732614
eys0724150296,13,13_bake_basket_bells_eggs,0.26348567
eys0724210306,2,2_beer_beer drink_drank_eating,0.38267303
eys0724310334,11,11_apples_tree_sisters_wine,0.26807645
eys0724640414,0,0_servant_cat_wreath_horse,0.0
eys0725090480,7,7_legs_calf_reed_nest,0.33815134
eys0725090482,4,4_servants_thousand_soul_book,0.4245126
eys0725190500,8,8_june_march_saint_day,0.37878144
eys0725240508,13,13_bake_basket_bells_eggs,0.5459943
eys0805400017,9,9_wedding_crows_crow_married,0.212457
eys0805410018,12,12_march_thirty_month_june,0.37187448
eys0805540041,17,17_crooked_tavern_trembles_straight,0.61874646
eys0805800095,1,1_nicholas_saint_blessed_god,1.0
eys0805900105,9,9_wedding_crows_crow_married,0.20194529
eys0805920107,14,14_herd_dog_tail_turning,0.27901226
eys0805930109,18,18_hats_hat_cap_hay,0.50646657
eys0805940114,6,6_sparrow_cabbage_pea_chirp,0.25820756
eys0805990123,12,12_march_thirty_month_june,0.9132389
eys0806040133,2,2_beer_beer drink_drank_eating,0.305358
eys0806360177,16,16_wolf_bear_anne_leg,0.2881341
eys0806440195,14,14_herd_dog_tail_turning,0.49738106
eys0806550221,16,16_wolf_bear_anne_leg,0.54380774
eys0806830261,15,15_bow_fall_sail_singing,0.3161223
eys0806850264,7,7_legs_calf_reed_nest,0.16988383
eys0806860265,10,10_wheat_barley_rye_pea,0.29089236
eys0806950280,12,12_march_thirty_month_june,0.6747262
eys0807280313,4,4_servants_thousand_soul_book,0.77710545
eys0807730383,8,8_june_march_saint_day,0.41842577
eys0807750386,4,4_servants_thousand_soul_book,0.81797767
eys0807760387,14,14_herd_dog_tail_turning,0.2259185
eys0807800391,13,13_bake_basket_bells_eggs,0.3486871
eys0808290469,12,12_march_thirty_month_june,0.59438884
eys0808330474,2,2_beer_beer drink_drank_eating,0.2875825
eys0808440495,13,13_bake_basket_bells_eggs,0.49502796
eys0808510506,3,3_oxen_gentlemen_peasants_plow,0.57093483
eys0808640526,15,15_bow_fall_sail_singing,0.24992761
eys0808780546,3,3_oxen_gentlemen_peasants_plow,0.26481974
eys0808790550,6,6_sparrow_cabbage_pea_chirp,0.2780977
eys0811480001,18,18_hats_hat_cap_hay,0.42558852
eys0811550011,16,16_wolf_bear_anne_leg,0.46473268
eys0811550012,10,10_wheat_barley_rye_pea,0.3385858
eys0811720040,13,13_bake_basket_bells_eggs,0.6447646
eys0811790056,10,10_wheat_barley_rye_pea,0.6744029
eys0811900074,15,15_bow_fall_sail_singing,0.3740466
eys0900420019,12,12_march_thirty_month_june,0.33502406
eys0900450022,3,3_oxen_gentlemen_peasants_plow,0.46892732
eys0909270009,14,14_herd_dog_tail_turning,0.5513793
eys0909820060,13,13_bake_basket_bells_eggs,0.22211896
eys0910140112,7,7_legs_calf_reed_nest,0.46548495
eys0910200123,16,16_wolf_bear_anne_leg,0.5891651
eys1020540312,14,14_herd_dog_tail_turning,0.6339952
eys1022430018,17,17_crooked_tavern_trembles_straight,0.22381231
eys1022480029,11,11_apples_tree_sisters_wine,0.33371073
eys1022530038,8,8_june_march_saint_day,0.343952
eys1022550041,0,0_servant_cat_wreath_horse,0.0
eys1022620059,7,7_legs_calf_reed_nest,0.2746586
eys1022680071,15,15_bow_fall_sail_singing,0.85441315
eys1022700074,8,8_june_march_saint_day,0.61605656
eys1022930108,7,7_legs_calf_reed_nest,0.22566706
eys1023020124,14,14_herd_dog_tail_turning,1.0
eys1023020125,2,2_beer_beer drink_drank_eating,1.0
eys1023100134,4,4_servants_thousand_soul_book,0.35032055
eys1023130140,16,16_wolf_bear_anne_leg,0.22861554
eys1023160143,15,15_bow_fall_sail_singing,0.6398377
eys1023190148,13,13_bake_basket_bells_eggs,0.34790504
eys1023200150,17,17_crooked_tavern_trembles_straight,0.25749633
eys1023470177,14,14_herd_dog_tail_turning,0.27774054
eys1023500180,6,6_sparrow_cabbage_pea_chirp,0.70342773
eys1023680196,15,15_bow_fall_sail_singing,0.19900353
eys1023690198,14,14_herd_dog_tail_turning,0.3175359
eys1025720032,0,0_servant_cat_wreath_horse,0.0
eys1025750036,10,10_wheat_barley_rye_pea,0.7008202
eys1025770040,17,17_crooked_tavern_trembles_straight,0.46067291
eys1025770041,2,2_beer_beer drink_drank_eating,0.39620066
eys1025830053,4,4_servants_thousand_soul_book,0.35757715
eys1029080088,2,2_beer_beer drink_drank_eating,0.38044223
eys1029090090,16,16_wolf_bear_anne_leg,0.5615181
eys1029090091,2,2_beer_beer drink_drank_eating,0.54497755
eys1029090092,17,17_crooked_tavern_trembles_straight,0.41433436
eys1108210011,17,17_crooked_tavern_trembles_straight,0.37394089
h10101480022,7,7_legs_calf_reed_nest,0.3386439
h10101510027,2,2_beer_beer drink_drank_eating,0.5476479
h10101550036,2,2_beer_beer drink_drank_eating,0.3215501
h10101600046,5,5_matchmaker_vodka_melody_wedding,0.6568422
h10102170065,10,10_wheat_barley_rye_pea,0.255158
h10102260085,10,10_wheat_barley_rye_pea,0.47457525
h10102310098,10,10_wheat_barley_rye_pea,0.23902565
h10102480130,2,2_beer_beer drink_drank_eating,0.2918072
h10102600152,9,9_wedding_crows_crow_married,0.27461416
h10102640163,13,13_bake_basket_bells_eggs,0.4668268
h10102660167,14,14_herd_dog_tail_turning,0.45225775
h10700320006,8,8_june_march_saint_day,0.5527995
h10700340013,10,10_wheat_barley_rye_pea,0.3921951
h10700570054,2,2_beer_beer drink_drank_eating,0.39121136
h10700630064,2,2_beer_beer drink_drank_eating,0.6187377
h10700720075,13,13_bake_basket_bells_eggs,0.5819203
h20101370193,2,2_beer_beer drink_drank_eating,0.4775646
h20101410200,11,11_apples_tree_sisters_wine,0.40671825
h20101440207,5,5_matchmaker_vodka_melody_wedding,0.9010248
h20102730404,2,2_beer_beer drink_drank_eating,0.2910958
h20105230693,3,3_oxen_gentlemen_peasants_plow,0.15235631
h20106540846,16,16_wolf_bear_anne_leg,0.6384284
h21005180292,13,13_bake_basket_bells_eggs,0.1775529
h21005190293,10,10_wheat_barley_rye_pea,0.33306777
h21109540009,17,17_crooked_tavern_trembles_straight,0.8007226
h21300080021,17,17_crooked_tavern_trembles_straight,0.5493822
h21300770019,16,16_wolf_bear_anne_leg,0.45609304
h21300850030,16,16_wolf_bear_anne_leg,0.2595713
h21300900035,2,2_beer_beer drink_drank_eating,0.36522728
h21300920038,15,15_bow_fall_sail_singing,0.18305175
h21301060058,17,17_crooked_tavern_trembles_straight,0.47989562
h21301150001,15,15_bow_fall_sail_singing,0.2049518
h21301390033,18,18_hats_hat_cap_hay,0.16844888
h21301410034,7,7_legs_calf_reed_nest,0.25775194
h21301450036,17,17_crooked_tavern_trembles_straight,0.34690392
h21301460037,7,7_legs_calf_reed_nest,0.47663376
h21301510039,6,6_sparrow_cabbage_pea_chirp,0.347975
h21301520040,6,6_sparrow_cabbage_pea_chirp,0.14285918
h21301900015,9,9_wedding_crows_crow_married,0.3705309
h21301900016,14,14_herd_dog_tail_turning,0.23596457
h21301940020,17,17_crooked_tavern_trembles_straight,0.2165959
h21301950022,14,14_herd_dog_tail_turning,0.56541765
h21302030030,15,15_bow_fall_sail_singing,0.20071264
h21302320005,7,7_legs_calf_reed_nest,0.3332042
h21303320003,14,14_herd_dog_tail_turning,0.24472891
h21303430007,16,16_wolf_bear_anne_leg,0.58597463
h21303600003,18,18_hats_hat_cap_hay,0.451142
h21303860008,14,14_herd_dog_tail_turning,0.379506
h21305310038,4,4_servants_thousand_soul_book,0.22407089
h21305360044,4,4_servants_thousand_soul_book,0.27029437
h21305390048,10,10_wheat_barley_rye_pea,0.23417996
h21305410050,12,12_march_thirty_month_june,0.46995217
h21305850005,16,16_wolf_bear_anne_leg,0.31229797
h21306150013,9,9_wedding_crows_crow_married,0.3852847
h21306170015,10,10_wheat_barley_rye_pea,0.31180757
h21306450026,2,2_beer_beer drink_drank_eating,0.3568295
h21307680026,11,11_apples_tree_sisters_wine,0.304364
h21400130014,4,4_servants_thousand_soul_book,0.3987236
h21400380053,17,17_crooked_tavern_trembles_straight,0.7065664
h21401430016,10,10_wheat_barley_rye_pea,0.45760205
h21401650040,6,6_sparrow_cabbage_pea_chirp,0.50545096
h21402070001,15,15_bow_fall_sail_singing,0.44154292
h21402670007,18,18_hats_hat_cap_hay,0.61632305
h21402840019,16,16_wolf_bear_anne_leg,0.84911245
h21402860020,10,10_wheat_barley_rye_pea,0.5836298
h21403610004,11,11_apples_tree_sisters_wine,0.780983
h21404030007,17,17_crooked_tavern_trembles_straight,0.25526536
h21404280019,12,12_march_thirty_month_june,0.34548724
h21404410010,15,15_bow_fall_sail_singing,0.4220417
h21404670011,2,2_beer_beer drink_drank_eating,0.45348048
h21405020038,7,7_legs_calf_reed_nest,0.8720889
h22609120006,18,18_hats_hat_cap_hay,0.24738751
h23806440006,16,16_wolf_bear_anne_leg,0.34948057
h23806840009,2,2_beer_beer drink_drank_eating,0.5513864
h23807420006,17,17_crooked_tavern_trembles_straight,0.4258618
h23808580004,15,15_bow_fall_sail_singing,0.3108614
h24003061353,9,9_wedding_crows_crow_married,0.6447742
h24003960005,18,18_hats_hat_cap_hay,0.52538055
h24003960006,2,2_beer_beer drink_drank_eating,0.4306362
h24003990010,0,0_servant_cat_wreath_horse,0.0
h24607820010,13,13_bake_basket_bells_eggs,0.36038366
h24607830012,10,10_wheat_barley_rye_pea,0.22781198
h24608010009,9,9_wedding_crows_crow_married,0.22124898
h24608020010,16,16_wolf_bear_anne_leg,0.5652698
h24608030011,9,9_wedding_crows_crow_married,0.38186592
h24608040012,5,5_matchmaker_vodka_melody_wedding,0.1990173
h24608120018,8,8_june_march_saint_day,0.53186285
h24608210003,14,14_herd_dog_tail_turning,0.48929515
h24608380022,16,16_wolf_bear_anne_leg,0.9661035
h25400380008,17,17_crooked_tavern_trembles_straight,0.7528564
h25705650003,15,15_bow_fall_sail_singing,0.23075452
h25706330018,7,7_legs_calf_reed_nest,0.5646034
h2570646031d,10,10_wheat_barley_rye_pea,0.65718114
h2570647031g,4,4_servants_thousand_soul_book,0.37509263
h26502370001,2,2_beer_beer drink_drank_eating,0.33776107
h26502510017,11,11_apples_tree_sisters_wine,0.57698965
h26502520021,18,18_hats_hat_cap_hay,0.17898315
h26502680006,1,1_nicholas_saint_blessed_god,0.18928313
h26503320004,1,1_nicholas_saint_blessed_god,0.22159287
h26503470019,2,2_beer_beer drink_drank_eating,0.29658753
h26804900005,7,7_legs_calf_reed_nest,0.41550118
h26804910007,17,17_crooked_tavern_trembles_straight,0.32784548
h30101560006,2,2_beer_beer drink_drank_eating,0.24940334
h30400490001,8,8_june_march_saint_day,0.27443302
h30400520004,6,6_sparrow_cabbage_pea_chirp,0.45607716
h30401640001,10,10_wheat_barley_rye_pea,0.2601531
h30401920002,5,5_matchmaker_vodka_melody_wedding,0.46679637
h30401970006,2,2_beer_beer drink_drank_eating,0.25442064
h30402190002,6,6_sparrow_cabbage_pea_chirp,0.7155814
h31204450001,4,4_servants_thousand_soul_book,0.4118714
h31204490005,14,14_herd_dog_tail_turning,0.4656612
h31204620003,13,13_bake_basket_bells_eggs,0.62281024
h31204960013,18,18_hats_hat_cap_hay,0.5313486
h31406750007,2,2_beer_beer drink_drank_eating,0.48959664
h31701210008,9,9_wedding_crows_crow_married,1.0
h31701550013,17,17_crooked_tavern_trembles_straight,0.42449105
h31708500005,15,15_bow_fall_sail_singing,0.22897801
h31708510006,17,17_crooked_tavern_trembles_straight,0.67328674
h31708580013,13,13_bake_basket_bells_eggs,0.27216616
h31709500008,14,14_herd_dog_tail_turning,0.5741039
h31709530011,13,13_bake_basket_bells_eggs,0.29546186
h31800410007,15,15_bow_fall_sail_singing,0.279911
h32301880006,17,17_crooked_tavern_trembles_straight,0.58328134
h32302030022,5,5_matchmaker_vodka_melody_wedding,0.46993396
h32700510011,6,6_sparrow_cabbage_pea_chirp,0.24606664
h32700580016,14,14_herd_dog_tail_turning,0.8973207
h32700590017,17,17_crooked_tavern_trembles_straight,0.67062306
h4010326012a,9,9_wedding_crows_crow_married,0.60890514
h40103350019,2,2_beer_beer drink_drank_eating,0.335682
h40103690003,6,6_sparrow_cabbage_pea_chirp,1.0
h40103790024,18,18_hats_hat_cap_hay,0.30220893
h40103820028,14,14_herd_dog_tail_turning,0.34596467
h40900570005,2,2_beer_beer drink_drank_eating,0.38571143
hgrq01480015,4,4_servants_thousand_soul_book,0.29649657
hgrq01520021,14,14_herd_dog_tail_turning,0.42050654
hgrq01550023,14,14_herd_dog_tail_turning,0.22972561
hgrq01650035,4,4_servants_thousand_soul_book,0.46333882
hgrq01750050,9,9_wedding_crows_crow_married,0.60890514
hgrq01790059,2,2_beer_beer drink_drank_eating,0.6084392
hgrq01840074,0,0_servant_cat_wreath_horse,0.0
hgrq01910089,17,17_crooked_tavern_trembles_straight,0.74867505
e000035110004,14,14_herd_dog_tail_turning,0.2767111
e000051790002,13,13_bake_basket_bells_eggs,0.21259508
e000068460001,9,9_wedding_crows_crow_married,0.39650893
e000068570009,2,2_beer_beer drink_drank_eating,0.48934978
e000070660007,6,6_sparrow_cabbage_pea_chirp,0.71948016
e000071780039,11,11_apples_tree_sisters_wine,0.30260748
e000071840045,14,14_herd_dog_tail_turning,0.36722764
e000071860046,18,18_hats_hat_cap_hay,0.29883802
e000071910004,11,11_apples_tree_sisters_wine,0.22642174
e000072130028,18,18_hats_hat_cap_hay,0.38260597
e000074590002,8,8_june_march_saint_day,0.64632064
e000074600003,13,13_bake_basket_bells_eggs,0.22046567
e000074600004,14,14_herd_dog_tail_turning,0.6883339
e000076590001,14,14_herd_dog_tail_turning,0.37735444
e000076610003,17,17_crooked_tavern_trembles_straight,0.27529418
e000076690013,11,11_apples_tree_sisters_wine,0.46430156
e000076850018,17,17_crooked_tavern_trembles_straight,0.35102585
e000076920003,13,13_bake_basket_bells_eggs,0.30853364
e000076970007,16,16_wolf_bear_anne_leg,0.5077741
e000077090004,3,3_oxen_gentlemen_peasants_plow,0.38853005
e000077140014,2,2_beer_beer drink_drank_eating,0.28155696
e000077190024,2,2_beer_beer drink_drank_eating,0.37785596
e000077280009,15,15_bow_fall_sail_singing,0.43909606
e000077320004,1,1_nicholas_saint_blessed_god,0.29442754
e000077410019,16,16_wolf_bear_anne_leg,0.49715757
e000077410021,0,0_servant_cat_wreath_horse,0.0
e000077420022,10,10_wheat_barley_rye_pea,0.2382563
e000077430023,10,10_wheat_barley_rye_pea,0.24051788
e000077450027,12,12_march_thirty_month_june,0.20981513
e000077490003,15,15_bow_fall_sail_singing,0.26289406
e000077530010,7,7_legs_calf_reed_nest,0.2077462
e000077760009,10,10_wheat_barley_rye_pea,0.40482476
e000078310007,10,10_wheat_barley_rye_pea,0.26894414
e000078370002,3,3_oxen_gentlemen_peasants_plow,0.33147192
e000078620007,15,15_bow_fall_sail_singing,0.2391464
e000078720002,11,11_apples_tree_sisters_wine,0.7844894
e000078730004,10,10_wheat_barley_rye_pea,0.16043313
e000078780013,18,18_hats_hat_cap_hay,0.39982373
e000078820005,6,6_sparrow_cabbage_pea_chirp,0.38581657
e00007909037b,18,18_hats_hat_cap_hay,0.5379794
e000079100041,18,18_hats_hat_cap_hay,0.5319668
e000079180001,13,13_bake_basket_bells_eggs,0.725433
e000079210002,7,7_legs_calf_reed_nest,0.4370126
e000079220003,14,14_herd_dog_tail_turning,0.43279773
e000079220004,15,15_bow_fall_sail_singing,0.4405352
e000079240007,17,17_crooked_tavern_trembles_straight,0.3912376
e000079410028,9,9_wedding_crows_crow_married,0.3294677
e000079420030,14,14_herd_dog_tail_turning,0.24583164
e000079580024,1,1_nicholas_saint_blessed_god,0.41659465
e000080640052,18,18_hats_hat_cap_hay,0.2327919
e000080650053,10,10_wheat_barley_rye_pea,0.16520652
e000080820064,9,9_wedding_crows_crow_married,0.45142776
e000093430025,14,14_herd_dog_tail_turning,0.53669995
e000093450027,12,12_march_thirty_month_june,0.40324557
e000093560037,11,11_apples_tree_sisters_wine,0.2733087
e000093590039,18,18_hats_hat_cap_hay,0.36920393
e000093610041,18,18_hats_hat_cap_hay,0.30468255
e000093790056,9,9_wedding_crows_crow_married,0.37934226
e000093880058,3,3_oxen_gentlemen_peasants_plow,0.6548222
e000094040076,16,16_wolf_bear_anne_leg,0.19007069
e000094050077,2,2_beer_beer drink_drank_eating,0.345911
e000094150091,12,12_march_thirty_month_june,0.7467903
e000094170095,14,14_herd_dog_tail_turning,0.17363596
e000099760009,16,16_wolf_bear_anne_leg,0.18168138
e000104150012,14,14_herd_dog_tail_turning,0.5998847
e000106280001,11,11_apples_tree_sisters_wine,0.7211385
e000106340015,18,18_hats_hat_cap_hay,0.4763262
e000107410004,2,2_beer_beer drink_drank_eating,0.22542205
e000107540022,10,10_wheat_barley_rye_pea,0.6314638
e000114870007,15,15_bow_fall_sail_singing,0.7163897
e000117860003,9,9_wedding_crows_crow_married,0.2782694
e000117870004,14,14_herd_dog_tail_turning,0.26887855
e000117900014,17,17_crooked_tavern_trembles_straight,0.14732568
e000117930019,14,14_herd_dog_tail_turning,0.54964125
e000117980030,10,10_wheat_barley_rye_pea,0.2760936
e000117990034,18,18_hats_hat_cap_hay,0.48590592
e000123220001,3,3_oxen_gentlemen_peasants_plow,0.6591683
e000135840003,14,14_herd_dog_tail_turning,0.46813858
e000137650001,15,15_bow_fall_sail_singing,0.27724853
e000137660002,4,4_servants_thousand_soul_book,0.41569042
e000137760006,11,11_apples_tree_sisters_wine,0.2581565
e000137810011,11,11_apples_tree_sisters_wine,0.36378682
e000138060003,11,11_apples_tree_sisters_wine,0.3307957
e000138090006,15,15_bow_fall_sail_singing,0.29434273
e000138170018,6,6_sparrow_cabbage_pea_chirp,0.2933114
e000145860002,16,16_wolf_bear_anne_leg,0.3635871
e000151040008,11,11_apples_tree_sisters_wine,0.35830984
e000151110023,2,2_beer_beer drink_drank_eating,0.24069166
e000178160005,9,9_wedding_crows_crow_married,0.23989046
e000178190007,14,14_herd_dog_tail_turning,0.20415367
e000178220009,7,7_legs_calf_reed_nest,0.2682429
e000178230010,7,7_legs_calf_reed_nest,0.24490765
e000178350020,16,16_wolf_bear_anne_leg,0.2218603
e000221620003,16,16_wolf_bear_anne_leg,0.23590387
e000239840004,12,12_march_thirty_month_june,0.29910195
e000259280025,11,11_apples_tree_sisters_wine,0.3373751
e000351660000,15,15_bow_fall_sail_singing,0.9105495
e00041876000a,14,14_herd_dog_tail_turning,0.226451
e000515070000,15,15_bow_fall_sail_singing,0.5538943
e000518380001,3,3_oxen_gentlemen_peasants_plow,0.53685665
e000518390007,13,13_bake_basket_bells_eggs,0.2802207
e000518400008,14,14_herd_dog_tail_turning,0.27699685
e000518930002,14,14_herd_dog_tail_turning,0.579081
e000531980007,7,7_legs_calf_reed_nest,0.28152326
e000531990009,15,15_bow_fall_sail_singing,0.35305646
e000540410007,7,7_legs_calf_reed_nest,0.28245068
e000575680010,2,2_beer_beer drink_drank_eating,0.36221758
e000575810003,18,18_hats_hat_cap_hay,0.23417649
e000576650000,10,10_wheat_barley_rye_pea,1.0
e000576660000,15,15_bow_fall_sail_singing,0.28333178
e000583000001,12,12_march_thirty_month_june,1.0
e000592130012,9,9_wedding_crows_crow_married,0.34122956
e000592260024,16,16_wolf_bear_anne_leg,0.41248393
e000592310031,15,15_bow_fall_sail_singing,0.652093
e000592390040,14,14_herd_dog_tail_turning,0.74283946
e000592400041,14,14_herd_dog_tail_turning,0.576759
e000595230007,7,7_legs_calf_reed_nest,0.31897733
e000595290017,2,2_beer_beer drink_drank_eating,0.5684493
e000598860000,11,11_apples_tree_sisters_wine,0.41714936
e000598920000,10,10_wheat_barley_rye_pea,0.20476349
e000616730012,15,15_bow_fall_sail_singing,0.22249544
e000616870002,11,11_apples_tree_sisters_wine,0.35078883
e000616970010,4,4_servants_thousand_soul_book,0.30662414
e000617200028,11,11_apples_tree_sisters_wine,0.6558344
e000617500049,10,10_wheat_barley_rye_pea,0.20686932
e000617560055,3,3_oxen_gentlemen_peasants_plow,0.6192037
e000643680002,3,3_oxen_gentlemen_peasants_plow,1.0
e800X00450183,7,7_legs_calf_reed_nest,0.3499683
ea00001970001,7,7_legs_calf_reed_nest,0.28681427
ea00002020010,9,9_wedding_crows_crow_married,0.49152604
ea00002030013,16,16_wolf_bear_anne_leg,0.8246284
ea00002690029,13,13_bake_basket_bells_eggs,0.42169753
ea00002790039,4,4_servants_thousand_soul_book,0.5016892
ea00002830042,5,5_matchmaker_vodka_melody_wedding,0.77263594
ea00002840043,4,4_servants_thousand_soul_book,0.30088776
ea00009790008,12,12_march_thirty_month_june,0.66748786
ea00009800011,14,14_herd_dog_tail_turning,0.20084335
ea00009880005,18,18_hats_hat_cap_hay,0.54573333
ea00010110008,7,7_legs_calf_reed_nest,0.30638185
ea00010530002,15,15_bow_fall_sail_singing,0.5561222
ea00010600012,10,10_wheat_barley_rye_pea,0.24310087
ekms40106260012,16,16_wolf_bear_anne_leg,0.57374096
ekms40504170004,7,7_legs_calf_reed_nest,0.22458638
eks010016000a,14,14_herd_dog_tail_turning,0.48564756
eks010027000a,16,16_wolf_bear_anne_leg,0.7103147
eks0100360000,13,13_bake_basket_bells_eggs,0.3284278
eks0100370000,10,10_wheat_barley_rye_pea,0.34024876
eks0100380000,5,5_matchmaker_vodka_melody_wedding,0.515641
eks010044000a,6,6_sparrow_cabbage_pea_chirp,0.6697034
eks010054000b,11,11_apples_tree_sisters_wine,0.69394904
eks0101250003,16,16_wolf_bear_anne_leg,0.64370805
eks0101350012,7,7_legs_calf_reed_nest,0.20191571
eks0101360013,13,13_bake_basket_bells_eggs,0.18653761
eks0101400000,17,17_crooked_tavern_trembles_straight,0.7450581
eks1500030002,13,13_bake_basket_bells_eggs,0.20071623
eks1500050001,7,7_legs_calf_reed_nest,0.26753914
eks2800010001,13,13_bake_basket_bells_eggs,0.29134288
era100203390001,6,6_sparrow_cabbage_pea_chirp,0.36356178
era100203410001,6,6_sparrow_cabbage_pea_chirp,0.6018113
era200101240001,12,12_march_thirty_month_june,0.23567232
era200101250001,18,18_hats_hat_cap_hay,0.5624595
era200101250002,14,14_herd_dog_tail_turning,0.40071514
era200101340012,13,13_bake_basket_bells_eggs,0.29372966
era200101440002,9,9_wedding_crows_crow_married,0.49758223
era200101470001,17,17_crooked_tavern_trembles_straight,0.84618866
era200l01520001,12,12_march_thirty_month_june,0.3947913
era201101760002,14,14_herd_dog_tail_turning,0.43508372
era201101770002,14,14_herd_dog_tail_turning,0.30659083
era201101800003,18,18_hats_hat_cap_hay,0.5735156
era201101900002,11,11_apples_tree_sisters_wine,0.3989439
era201101920001,13,13_bake_basket_bells_eggs,0.23568204
era201107250002,14,14_herd_dog_tail_turning,0.46158898
era201400420004,16,16_wolf_bear_anne_leg,0.6939869
era201401710005,4,4_servants_thousand_soul_book,0.4552331
era202401620002,15,15_bow_fall_sail_singing,0.4936208
era202401760012,7,7_legs_calf_reed_nest,0.2533916
era202404100001,14,14_herd_dog_tail_turning,0.37356746
era202406010035,9,9_wedding_crows_crow_married,0.2917518
era202406290001,5,5_matchmaker_vodka_melody_wedding,0.47152475
era202500460013,14,14_herd_dog_tail_turning,0.5732857
era202500560020,11,11_apples_tree_sisters_wine,0.20250249
era202501050040,10,10_wheat_barley_rye_pea,0.3632433
era202501190021,16,16_wolf_bear_anne_leg,0.6451808
era202501450001,14,14_herd_dog_tail_turning,0.31780326
era202501510006,7,7_legs_calf_reed_nest,0.70241386
era202501530010,16,16_wolf_bear_anne_leg,0.802364
era202501540012,14,14_herd_dog_tail_turning,0.32804066
era203102430004,7,7_legs_calf_reed_nest,0.48726577
era203201670001,14,14_herd_dog_tail_turning,0.28996292
era204101450002,18,18_hats_hat_cap_hay,0.25418407
era204101520013,15,15_bow_fall_sail_singing,0.3143945
era204101550017,8,8_june_march_saint_day,0.6070478
era205705480021,15,15_bow_fall_sail_singing,0.36972737
era205705490023,15,15_bow_fall_sail_singing,0.6029209
era205705590033,10,10_wheat_barley_rye_pea,0.43106675
era208402190005,16,16_wolf_bear_anne_leg,0.76346844
era208403850007,14,14_herd_dog_tail_turning,0.3151074
era208403880017,9,9_wedding_crows_crow_married,0.2882611
era212005350024,14,14_herd_dog_tail_turning,0.4349263
era212107050000,15,15_bow_fall_sail_singing,0.50308865
era212200140007,16,16_wolf_bear_anne_leg,0.53119814
era212200330011,15,15_bow_fall_sail_singing,0.4613547
era213102950001,16,16_wolf_bear_anne_leg,0.333883
era214901270015,9,9_wedding_crows_crow_married,0.36002615
era216700850002,11,11_apples_tree_sisters_wine,0.35205618
era217205270061,6,6_sparrow_cabbage_pea_chirp,0.48929757
era225805160020,18,18_hats_hat_cap_hay,0.25680828
erm13300020004,18,18_hats_hat_cap_hay,0.43348485
erm16700150018,17,17_crooked_tavern_trembles_straight,0.3078297
erm16700170019,14,14_herd_dog_tail_turning,0.24514712
erm16700170020,4,4_servants_thousand_soul_book,0.36537087
estk2700510001,14,14_herd_dog_tail_turning,0.5489067
estk3700980002,15,15_bow_fall_sail_singing,0.6249454
estk3701660006,6,6_sparrow_cabbage_pea_chirp,0.2155956
estk3701670007,6,6_sparrow_cabbage_pea_chirp,0.28785345
estk3701770020,18,18_hats_hat_cap_hay,0.21993192
estk3701810025,8,8_june_march_saint_day,0.80867976
estk4000050006,18,18_hats_hat_cap_hay,1.0
estk4000110026,1,1_nicholas_saint_blessed_god,1.0
estk4000130028,16,16_wolf_bear_anne_leg,0.59708834
estk4000150030,5,5_matchmaker_vodka_melody_wedding,0.2910154
estk4000290057,9,9_wedding_crows_crow_married,0.1931653
estk4000730109,9,9_wedding_crows_crow_married,0.33080447
estk4000990139,13,13_bake_basket_bells_eggs,0.27403343
eys0210350020,15,15_bow_fall_sail_singing,0.355369
eys0210550047,15,15_bow_fall_sail_singing,0.60549396
eys0210610055,6,6_sparrow_cabbage_pea_chirp,0.18500112
eys0505760013,11,11_apples_tree_sisters_wine,0.47033057
eys0505940004,16,16_wolf_bear_anne_leg,1.0
eys0506020016,18,18_hats_hat_cap_hay,0.3311479
eys0506100028,5,5_matchmaker_vodka_melody_wedding,0.25903577
eys0506130031,9,9_wedding_crows_crow_married,0.36741373
eys0506150034,15,15_bow_fall_sail_singing,0.31660506
eys0506220043,9,9_wedding_crows_crow_married,0.22136155
eys0506300059,7,7_legs_calf_reed_nest,0.38259834
eys0506560088,7,7_legs_calf_reed_nest,0.6690184
eys0506580092,9,9_wedding_crows_crow_married,0.49972785
eys0506610097,14,14_herd_dog_tail_turning,0.5019443
eys0506630098,3,3_oxen_gentlemen_peasants_plow,0.45557404
eys0506660103,7,7_legs_calf_reed_nest,0.6425378
eys0506670104,10,10_wheat_barley_rye_pea,0.28823704
eys0506680106,13,13_bake_basket_bells_eggs,0.1965766
eys0506770116,7,7_legs_calf_reed_nest,0.28120372
eys0506770117,5,5_matchmaker_vodka_melody_wedding,0.5327268
eys0506780119,7,7_legs_calf_reed_nest,0.31873858
eys0506790120,6,6_sparrow_cabbage_pea_chirp,0.37177938
eys050685128b,4,4_servants_thousand_soul_book,0.5734175
eys0506980146,17,17_crooked_tavern_trembles_straight,0.25813663
eys0507000148,6,6_sparrow_cabbage_pea_chirp,0.42841986
eys0507020151,9,9_wedding_crows_crow_married,0.40631545
eys0507040155,6,6_sparrow_cabbage_pea_chirp,0.39119154
eys0507050157,15,15_bow_fall_sail_singing,0.40094355
eys0507120165,4,4_servants_thousand_soul_book,0.29225352
eys0507120166,7,7_legs_calf_reed_nest,0.21813813
eys0507140170,13,13_bake_basket_bells_eggs,0.6592055
eys0507210182,10,10_wheat_barley_rye_pea,0.32585377
eys0507280193,3,3_oxen_gentlemen_peasants_plow,0.26131344
eys0613610001,5,5_matchmaker_vodka_melody_wedding,0.3256106
eys0613660012,11,11_apples_tree_sisters_wine,0.38093877
eys0613790032,16,16_wolf_bear_anne_leg,0.32974505
eys0613840037,8,8_june_march_saint_day,0.16252342
eys0613980053,16,16_wolf_bear_anne_leg,0.3377651
eys0614080065,14,14_herd_dog_tail_turning,0.5651569
eys0614490132,9,9_wedding_crows_crow_married,0.6032084
eys0614600145,16,16_wolf_bear_anne_leg,0.44002792
eys0614720161,0,0_servant_cat_wreath_horse,0.0
eys0614770172,14,14_herd_dog_tail_turning,0.31670734
eys0614780173,15,15_bow_fall_sail_singing,0.32773447
eys0614850181,6,6_sparrow_cabbage_pea_chirp,0.45348218
eys0614850182,9,9_wedding_crows_crow_married,0.5612487
eys0615060233,15,15_bow_fall_sail_singing,0.79741526
eys0615070236,0,0_servant_cat_wreath_horse,0.0
eys0615390287,18,18_hats_hat_cap_hay,0.16926728
eys0615460292,8,8_june_march_saint_day,0.17765346
eys0615570303,7,7_legs_calf_reed_nest,0.2451179
eys0615620311,16,16_wolf_bear_anne_leg,0.22221519
eys0615640314,13,13_bake_basket_bells_eggs,0.19815663
eys0615730335,15,15_bow_fall_sail_singing,0.4351317
eys0615870356,13,13_bake_basket_bells_eggs,0.36842167
eys0616140041,7,7_legs_calf_reed_nest,0.5476625
eys0616310072,16,16_wolf_bear_anne_leg,0.82946634
eys0616310073,12,12_march_thirty_month_june,0.8545586
eys0616350079,10,10_wheat_barley_rye_pea,0.65994734
eys0616580106,8,8_june_march_saint_day,0.26197383
eys0616700118,5,5_matchmaker_vodka_melody_wedding,1.0
eys0616730122,6,6_sparrow_cabbage_pea_chirp,0.49127364
eys0616860141,4,4_servants_thousand_soul_book,0.24645272
eys0617000161,12,12_march_thirty_month_june,1.0
eys0617040169,18,18_hats_hat_cap_hay,0.45510963
eys0617050170,8,8_june_march_saint_day,0.28034058
eys0617060173,18,18_hats_hat_cap_hay,0.82290816
eys0617110182,11,11_apples_tree_sisters_wine,0.19685309
eys0617140185,18,18_hats_hat_cap_hay,0.30607337
eys0617150186,3,3_oxen_gentlemen_peasants_plow,0.3538014
eys0617160187,18,18_hats_hat_cap_hay,0.49186143
eys0617160188,7,7_legs_calf_reed_nest,0.26313442
eys0617380223,17,17_crooked_tavern_trembles_straight,0.45430475
eys0617380224,16,16_wolf_bear_anne_leg,0.7747732
eys0617470240,18,18_hats_hat_cap_hay,0.63413364
eys0617510248,16,16_wolf_bear_anne_leg,0.16781434
eys0617560252,10,10_wheat_barley_rye_pea,0.31362408
eys0617580255,16,16_wolf_bear_anne_leg,0.541507
eys0617610260,16,16_wolf_bear_anne_leg,0.2738078
eys0617700274,11,11_apples_tree_sisters_wine,0.81911534
eys0617850288,7,7_legs_calf_reed_nest,0.24891844
eys0617940302,3,3_oxen_gentlemen_peasants_plow,0.5409749
eys0705570004,13,13_bake_basket_bells_eggs,0.52438664
eys0706600020,14,14_herd_dog_tail_turning,0.7117347
eys0706760047,10,10_wheat_barley_rye_pea,0.91515297
eys0706820058,10,10_wheat_barley_rye_pea,0.22221966
eys0706910071,9,9_wedding_crows_crow_married,0.5527202
eys0706940077,14,14_herd_dog_tail_turning,0.49377805
eys0707410012,3,3_oxen_gentlemen_peasants_plow,0.20958924
eys0707440019,6,6_sparrow_cabbage_pea_chirp,1.0
eys0707450021,14,14_herd_dog_tail_turning,0.59717596
eys0707470026,5,5_matchmaker_vodka_melody_wedding,1.0
eys0707600013,0,0_servant_cat_wreath_horse,0.0
eys0707970015,3,3_oxen_gentlemen_peasants_plow,0.28956062
eys0708550012,17,17_crooked_tavern_trembles_straight,0.3442736
eys0708580019,1,1_nicholas_saint_blessed_god,1.0
eys0708590022,15,15_bow_fall_sail_singing,0.5119164
eys0708600024,14,14_herd_dog_tail_turning,1.0
eys0715420021,8,8_june_march_saint_day,0.2197049
eys0715530042,10,10_wheat_barley_rye_pea,0.36722234
eys0715640068,18,18_hats_hat_cap_hay,0.37674856
eys0715640069,9,9_wedding_crows_crow_married,0.5608427
eys0715680073,0,0_servant_cat_wreath_horse,0.0
eys0715840101,10,10_wheat_barley_rye_pea,0.35823193
eys0716110135,6,6_sparrow_cabbage_pea_chirp,0.3952689
eys0716180147,0,0_servant_cat_wreath_horse,0.0
eys0716180148,9,9_wedding_crows_crow_married,0.33617786
eys0716260155,9,9_wedding_crows_crow_married,0.45387304
eys0716390175,10,10_wheat_barley_rye_pea,0.17722222
eys0716470188,9,9_wedding_crows_crow_married,0.51818365
eys0716550205,18,18_hats_hat_cap_hay,0.16896595
eys0716570209,16,16_wolf_bear_anne_leg,0.68661356
eys0716770234,17,17_crooked_tavern_trembles_straight,0.52455777
eys0717020282,18,18_hats_hat_cap_hay,0.51378435
eys0717030283,18,18_hats_hat_cap_hay,0.5718136
eys0717060291,12,12_march_thirty_month_june,0.8545586
eys0717070293,10,10_wheat_barley_rye_pea,0.27560148
eys0717080294,14,14_herd_dog_tail_turning,0.28604892
eys0717310331,8,8_june_march_saint_day,0.5154354
eys0717580379,7,7_legs_calf_reed_nest,0.33946875
eys0717590382,16,16_wolf_bear_anne_leg,0.40151855
eys0718310007,17,17_crooked_tavern_trembles_straight,0.4241844
eys0718340013,16,16_wolf_bear_anne_leg,0.31802273
eys0718420025,11,11_apples_tree_sisters_wine,0.25930685
eys0718460030,10,10_wheat_barley_rye_pea,0.7576573
eys0718510036,16,16_wolf_bear_anne_leg,0.4912358
eys0719460155,18,18_hats_hat_cap_hay,0.6426071
eys0719470158,15,15_bow_fall_sail_singing,0.5374569
eys0721190104,2,2_beer_beer drink_drank_eating,0.70715857
eys0722690008,15,15_bow_fall_sail_singing,0.35013372
eys0722720010,15,15_bow_fall_sail_singing,0.50179183
eys0722730011,0,0_servant_cat_wreath_horse,0.0
eys0722770016,14,14_herd_dog_tail_turning,0.30015108
eys0722780017,16,16_wolf_bear_anne_leg,0.4959926
eys0722970049,18,18_hats_hat_cap_hay,0.48263484
eys0722990052,16,16_wolf_bear_anne_leg,0.41930836
eys0723020057,0,0_servant_cat_wreath_horse,0.0
eys0723030060,0,0_servant_cat_wreath_horse,0.0
eys0723070078,4,4_servants_thousand_soul_book,0.2555529
eys0723200105,3,3_oxen_gentlemen_peasants_plow,0.48861197
eys0723210111,11,11_apples_tree_sisters_wine,0.8178718
eys0723220112,9,9_wedding_crows_crow_married,0.93078214
eys0723220114,9,9_wedding_crows_crow_married,0.26259804
eys0723240118,13,13_bake_basket_bells_eggs,0.33672523
eys0723240119,6,6_sparrow_cabbage_pea_chirp,0.1672995
eys0723280126,14,14_herd_dog_tail_turning,0.20041695
eys0723450147,13,13_bake_basket_bells_eggs,0.21741822
eys0723500152,14,14_herd_dog_tail_turning,0.76348823
eys0723510153,10,10_wheat_barley_rye_pea,0.3820611
eys0723620170,0,0_servant_cat_wreath_horse,0.0
eys0723620171,14,14_herd_dog_tail_turning,0.33893743
eys0723690185,12,12_march_thirty_month_june,0.4873075
eys0723790210,8,8_june_march_saint_day,0.36847898
eys0723830218,0,0_servant_cat_wreath_horse,0.0
eys0723840220,11,11_apples_tree_sisters_wine,0.39837667
eys0723920235,16,16_wolf_bear_anne_leg,0.46751687
eys0723920236,10,10_wheat_barley_rye_pea,0.22744524
eys0723960250,10,10_wheat_barley_rye_pea,0.4268428
eys0724000260,8,8_june_march_saint_day,0.5941165
eys0724000261,16,16_wolf_bear_anne_leg,0.59745103
eys0724220310,16,16_wolf_bear_anne_leg,0.6126791
eys0724330340,13,13_bake_basket_bells_eggs,1.0
eys0724430369,9,9_wedding_crows_crow_married,0.56554157
eys0724510386,18,18_hats_hat_cap_hay,0.5324104
eys0724540391,16,16_wolf_bear_anne_leg,0.6695417
eys0724590397,6,6_sparrow_cabbage_pea_chirp,0.42865497
eys0724630406,16,16_wolf_bear_anne_leg,0.31290022
eys0725080478,5,5_matchmaker_vodka_melody_wedding,0.5208676
eys0725100483,18,18_hats_hat_cap_hay,0.31377497
eys0725120486,2,2_beer_beer drink_drank_eating,0.71968645
eys0725130489,7,7_legs_calf_reed_nest,0.5686316
eys0725130490,5,5_matchmaker_vodka_melody_wedding,1.0
eys0725170496,14,14_herd_dog_tail_turning,0.8977645
eys0725180498,9,9_wedding_crows_crow_married,0.75137466
eys0805490033,0,0_servant_cat_wreath_horse,0.0
eys0805540040,16,16_wolf_bear_anne_leg,0.43131265
eys0805620067,5,5_matchmaker_vodka_melody_wedding,1.0
eys0805680080,18,18_hats_hat_cap_hay,0.3345985
eys0805750089,15,15_bow_fall_sail_singing,0.6199412
eys0805830098,11,11_apples_tree_sisters_wine,0.61835873
eys0806000124,15,15_bow_fall_sail_singing,0.49400726
eys0806410188,16,16_wolf_bear_anne_leg,0.41080186
eys0806530214,6,6_sparrow_cabbage_pea_chirp,0.55146456
eys0806690242,18,18_hats_hat_cap_hay,0.17886066
eys0806760247,8,8_june_march_saint_day,0.26103804
eys0806840263,15,15_bow_fall_sail_singing,0.23346883
eys0807230301,15,15_bow_fall_sail_singing,1.0
eys0807320321,17,17_crooked_tavern_trembles_straight,0.45933124
eys0807490348,10,10_wheat_barley_rye_pea,0.30461794
eys0807510352,14,14_herd_dog_tail_turning,0.24853392
eys0807850399,16,16_wolf_bear_anne_leg,0.4176009
eys0807990420,18,18_hats_hat_cap_hay,0.21367761
eys0808040425,17,17_crooked_tavern_trembles_straight,0.5097139
eys0808240458,16,16_wolf_bear_anne_leg,0.3987458
eys0808250459,18,18_hats_hat_cap_hay,1.0
eys0808250460,15,15_bow_fall_sail_singing,0.6908334
eys0808460499,11,11_apples_tree_sisters_wine,0.2702402
eys0808470500,13,13_bake_basket_bells_eggs,0.4731238
eys0808620522,14,14_herd_dog_tail_turning,0.41599965
eys0808680532,14,14_herd_dog_tail_turning,0.40449762
eys0808830556,11,11_apples_tree_sisters_wine,0.6682788
eys0811500004,10,10_wheat_barley_rye_pea,0.32056567
eys0811530009,18,18_hats_hat_cap_hay,0.40170136
eys0811800057,15,15_bow_fall_sail_singing,0.28146383
eys0811820060,10,10_wheat_barley_rye_pea,0.36644232
eys0811840064,16,16_wolf_bear_anne_leg,0.76740587
eys0811860066,9,9_wedding_crows_crow_married,0.40681413
eys0811870070,6,6_sparrow_cabbage_pea_chirp,0.2845637
eys0900870082,18,18_hats_hat_cap_hay,0.31333286
eys090097095b,18,18_hats_hat_cap_hay,0.63977426
eys0901030103,14,14_herd_dog_tail_turning,0.43420926
eys0903480117,16,16_wolf_bear_anne_leg,0.19063841
eys0909430004,14,14_herd_dog_tail_turning,0.7862767
eys0909470010,18,18_hats_hat_cap_hay,0.30226824
eys0909560020,13,13_bake_basket_bells_eggs,0.24453121
eys0909610028,14,14_herd_dog_tail_turning,0.37186012
eys0909750049,14,14_herd_dog_tail_turning,1.0
eys0909930078,4,4_servants_thousand_soul_book,0.21235733
eys0909970083,4,4_servants_thousand_soul_book,0.5991998
eys0909970084,10,10_wheat_barley_rye_pea,0.31417218
eys0909980085,16,16_wolf_bear_anne_leg,0.33088532
eys0910110105,9,9_wedding_crows_crow_married,0.26948473
eys0910210127,2,2_beer_beer drink_drank_eating,1.0
eys0910340140,17,17_crooked_tavern_trembles_straight,1.0
eys0910410148,16,16_wolf_bear_anne_leg,1.0
eys0910600174,14,14_herd_dog_tail_turning,0.22289887
eys1022410013,9,9_wedding_crows_crow_married,1.0
eys1022440020,5,5_matchmaker_vodka_melody_wedding,0.77796525
eys1022510035,6,6_sparrow_cabbage_pea_chirp,0.514001
eys1022580052,10,10_wheat_barley_rye_pea,0.3080352
eys1022630060,8,8_june_march_saint_day,0.40021238
eys1022690073,7,7_legs_calf_reed_nest,0.4163556
eys1022710076,0,0_servant_cat_wreath_horse,0.0
eys1022750081,10,10_wheat_barley_rye_pea,0.25088435
eys1022750082,6,6_sparrow_cabbage_pea_chirp,0.44114763
eys1022950110,7,7_legs_calf_reed_nest,0.24824914
eys1023150142,18,18_hats_hat_cap_hay,0.3301644
eys1023320170,15,15_bow_fall_sail_singing,0.39183357
eys1023500181,10,10_wheat_barley_rye_pea,0.59933025
eys1023730204,15,15_bow_fall_sail_singing,0.2540078
eys1025730034,0,0_servant_cat_wreath_horse,0.0
eys1025760039,10,10_wheat_barley_rye_pea,0.34943852
eys1025830054,6,6_sparrow_cabbage_pea_chirp,0.52378017
eys1025850056,11,11_apples_tree_sisters_wine,0.27356666
eys1026650212,14,14_herd_dog_tail_turning,0.2271901
eys1029060085,13,13_bake_basket_bells_eggs,0.6920799
eys1029090089,9,9_wedding_crows_crow_married,0.33133724
eys1029120098,13,13_bake_basket_bells_eggs,0.27361247
eys1107630342,3,3_oxen_gentlemen_peasants_plow,0.42808276
h10100170004,9,9_wedding_crows_crow_married,0.5847795
h10100190007,17,17_crooked_tavern_trembles_straight,0.36989203
h10101310002,11,11_apples_tree_sisters_wine,0.36464295
h10101350008,11,11_apples_tree_sisters_wine,0.41334027
h10101450016,11,11_apples_tree_sisters_wine,0.5090588
h10101480021,15,15_bow_fall_sail_singing,0.2286157
h10101490023,13,13_bake_basket_bells_eggs,0.38688898
h10101510026,13,13_bake_basket_bells_eggs,0.3379681
h10101540033,14,14_herd_dog_tail_turning,0.7730761
h10101550035,13,13_bake_basket_bells_eggs,0.28528923
h10101570040,11,11_apples_tree_sisters_wine,0.19795376
h10101620049,18,18_hats_hat_cap_hay,1.0
h10101630052,14,14_herd_dog_tail_turning,0.6480963
h10102040042,16,16_wolf_bear_anne_leg,0.38819027
h10102210073,18,18_hats_hat_cap_hay,0.5145031
h10102240079,14,14_herd_dog_tail_turning,0.70966774
h10102250082,8,8_june_march_saint_day,0.34098694
h10102340104,8,8_june_march_saint_day,0.31662843
h10102350106,14,14_herd_dog_tail_turning,0.43625855
h10102400115,10,10_wheat_barley_rye_pea,0.8609665
h10102420120,10,10_wheat_barley_rye_pea,0.40302986
h10102510137,18,18_hats_hat_cap_hay,0.2433029
h10102530139,9,9_wedding_crows_crow_married,0.77037746
h10102530140,6,6_sparrow_cabbage_pea_chirp,0.30463266
h10102610155,14,14_herd_dog_tail_turning,0.35211095
h10700340011,6,6_sparrow_cabbage_pea_chirp,0.49484706
h10700380023,18,18_hats_hat_cap_hay,0.49961847
h10700470039,9,9_wedding_crows_crow_married,0.2586651
h10700480040,16,16_wolf_bear_anne_leg,0.5093244
h10700500043,17,17_crooked_tavern_trembles_straight,0.25555825
h10700590058,16,16_wolf_bear_anne_leg,0.7662345
h10700710074,6,6_sparrow_cabbage_pea_chirp,1.0
h20101310180,10,10_wheat_barley_rye_pea,0.23750293
h20101320183,7,7_legs_calf_reed_nest,0.7968475
h20101320184,16,16_wolf_bear_anne_leg,0.34158117
h20101450209,6,6_sparrow_cabbage_pea_chirp,0.32443833
h20102770410,14,14_herd_dog_tail_turning,0.3046952
h20102790412,7,7_legs_calf_reed_nest,0.37893385
h20102830419,14,14_herd_dog_tail_turning,0.30678195
h20102840420,10,10_wheat_barley_rye_pea,0.6232943
h20102840421,16,16_wolf_bear_anne_leg,0.7084626
h20102850422,8,8_june_march_saint_day,0.26498625
h20105260695,17,17_crooked_tavern_trembles_straight,0.23609497
h20106510837,18,18_hats_hat_cap_hay,0.26138535
h20106530843,7,7_legs_calf_reed_nest,0.46233156
h21005220296,8,8_june_march_saint_day,0.24591385
h21005280301,17,17_crooked_tavern_trembles_straight,0.4615937
h21300290019,11,11_apples_tree_sisters_wine,0.70981914
h21300340004,18,18_hats_hat_cap_hay,0.58797
h21300410012,11,11_apples_tree_sisters_wine,0.26962388
h21300430014,18,18_hats_hat_cap_hay,0.31678686
h21300460018,9,9_wedding_crows_crow_married,0.49841368
h21300470020,9,9_wedding_crows_crow_married,0.2514381
h21300530026,3,3_oxen_gentlemen_peasants_plow,1.0
h21300610036,0,0_servant_cat_wreath_horse,0.0
h21300620038,14,14_herd_dog_tail_turning,0.840463
h21300650005,18,18_hats_hat_cap_hay,0.36868906
h21300750016,14,14_herd_dog_tail_turning,0.85328436
h21300800024,9,9_wedding_crows_crow_married,0.21403253
h21300870032,14,14_herd_dog_tail_turning,0.2688717
h21300980046,10,10_wheat_barley_rye_pea,0.17501938
h21301050056,18,18_hats_hat_cap_hay,0.47784498
h21301060057,18,18_hats_hat_cap_hay,0.6598608
h21301080061,2,2_beer_beer drink_drank_eating,0.5553551
h21301260017,2,2_beer_beer drink_drank_eating,1.0
h21301270019,15,15_bow_fall_sail_singing,0.28928763
h21301300023,17,17_crooked_tavern_trembles_straight,0.37920743
h21301330027,16,16_wolf_bear_anne_leg,0.37934792
h21301820004,14,14_herd_dog_tail_turning,0.47315943
h21302000027,5,5_matchmaker_vodka_melody_wedding,0.3949255
h21302520022,16,16_wolf_bear_anne_leg,0.28035277
h21303200004,16,16_wolf_bear_anne_leg,0.18082921
h21303480015,6,6_sparrow_cabbage_pea_chirp,0.48523346
h21303610005,9,9_wedding_crows_crow_married,0.52264875
h21303630008,11,11_apples_tree_sisters_wine,0.34763354
h21304310006,5,5_matchmaker_vodka_melody_wedding,0.26299655
h21304330007,18,18_hats_hat_cap_hay,0.35030222
h21304380012,13,13_bake_basket_bells_eggs,0.2573826
h21305030014,14,14_herd_dog_tail_turning,0.8962512
h21305040015,17,17_crooked_tavern_trembles_straight,0.34993586
h21305070019,9,9_wedding_crows_crow_married,0.60999316
h21305120023,4,4_servants_thousand_soul_book,0.17594829
h21305350042,9,9_wedding_crows_crow_married,0.350962
h21305360043,12,12_march_thirty_month_june,0.8321789
h21305550066,11,11_apples_tree_sisters_wine,0.59690714
h21305820002,11,11_apples_tree_sisters_wine,0.7681536
h21305850006,10,10_wheat_barley_rye_pea,0.46198937
h21306040004,11,11_apples_tree_sisters_wine,0.22686425
h21306090006,13,13_bake_basket_bells_eggs,0.40617415
h21306180016,4,4_servants_thousand_soul_book,0.5612413
h21306210020,10,10_wheat_barley_rye_pea,0.47592497
h21306370008,18,18_hats_hat_cap_hay,0.22917499
h21306410015,15,15_bow_fall_sail_singing,0.2804854
h21306430020,14,14_herd_dog_tail_turning,0.5008646
h21306450025,10,10_wheat_barley_rye_pea,0.4308647
h21306480035,14,14_herd_dog_tail_turning,0.782191
h21306530007,5,5_matchmaker_vodka_melody_wedding,0.23181514
h21306800001,8,8_june_march_saint_day,0.44413465
h21306810004,4,4_servants_thousand_soul_book,0.73304135
h21307080004,10,10_wheat_barley_rye_pea,0.16949697
h21307470006,14,14_herd_dog_tail_turning,0.6205844
h21307540013,11,11_apples_tree_sisters_wine,0.34820694
h21307550014,11,11_apples_tree_sisters_wine,0.42591316
h21307600019,14,14_herd_dog_tail_turning,0.3505381
h21307620022,14,14_herd_dog_tail_turning,0.39747488
h21307700028,15,15_bow_fall_sail_singing,0.7200098
h21400070001,8,8_june_march_saint_day,0.35862386
h21400140015,18,18_hats_hat_cap_hay,0.20527625
h21400240027,14,14_herd_dog_tail_turning,0.42176378
h21400280035,8,8_june_march_saint_day,1.0
h21400290036,6,6_sparrow_cabbage_pea_chirp,0.5048728
h21400310039,7,7_legs_calf_reed_nest,0.3915423
h21400360049,12,12_march_thirty_month_june,0.5552917
h21400440058,16,16_wolf_bear_anne_leg,0.47571704
h21400460063,9,9_wedding_crows_crow_married,0.46323165
h21400740093,9,9_wedding_crows_crow_married,0.45573264
h21400860003,2,2_beer_beer drink_drank_eating,0.2885975
h21400870004,9,9_wedding_crows_crow_married,0.2119896
h21401460017,11,11_apples_tree_sisters_wine,0.34453964
h21401480020,4,4_servants_thousand_soul_book,0.45266205
h21401510024,3,3_oxen_gentlemen_peasants_plow,0.25218368
h21401570032,10,10_wheat_barley_rye_pea,0.46501434
h21401600035,16,16_wolf_bear_anne_leg,0.3248883
h21401640039,6,6_sparrow_cabbage_pea_chirp,0.65212476
h21402640005,11,11_apples_tree_sisters_wine,0.5704205
h21402810018,16,16_wolf_bear_anne_leg,0.19721785
h21402970002,18,18_hats_hat_cap_hay,0.32501724
h21403030006,15,15_bow_fall_sail_singing,0.35433334
h21403160015,8,8_june_march_saint_day,0.36170045
h21403420005,18,18_hats_hat_cap_hay,0.21971796
h21403430006,2,2_beer_beer drink_drank_eating,0.26157948
h21403860011,12,12_march_thirty_month_june,0.43277365
h21403990001,10,10_wheat_barley_rye_pea,0.32306552
h21404230015,10,10_wheat_barley_rye_pea,0.4050665
h21404280020,10,10_wheat_barley_rye_pea,0.31069306
h21404390002,3,3_oxen_gentlemen_peasants_plow,0.54767406
h21404410009,15,15_bow_fall_sail_singing,0.448056
h21404750001,8,8_june_march_saint_day,0.36098135
h21404750003,16,16_wolf_bear_anne_leg,0.32357013
h21405050001,12,12_march_thirty_month_june,1.0
h21406090003,18,18_hats_hat_cap_hay,0.34825
h21406260003,12,12_march_thirty_month_june,0.1991095
h21605770013,14,14_herd_dog_tail_turning,0.4857543
h22609140012,3,3_oxen_gentlemen_peasants_plow,0.410025
h23700570011,14,14_herd_dog_tail_turning,0.24204445
h23806500011,4,4_servants_thousand_soul_book,0.23912555
h23807040099,2,2_beer_beer drink_drank_eating,0.5550193
h23807130109,0,0_servant_cat_wreath_horse,0.0
h23807530001,16,16_wolf_bear_anne_leg,0.19578698
h24001941190,5,5_matchmaker_vodka_melody_wedding,1.0
h24003091358,16,16_wolf_bear_anne_leg,0.51118803
h24003101359,11,11_apples_tree_sisters_wine,0.7691323
h24003930001,16,16_wolf_bear_anne_leg,0.6484945
h24010620006,4,4_servants_thousand_soul_book,0.2617984
h24607020007,9,9_wedding_crows_crow_married,0.4213483
h24607030009,5,5_matchmaker_vodka_melody_wedding,0.19225909
h24607060015,11,11_apples_tree_sisters_wine,0.2595651
h24607070017,13,13_bake_basket_bells_eggs,0.40222842
h24607990007,11,11_apples_tree_sisters_wine,0.6824191
h24608320015,17,17_crooked_tavern_trembles_straight,0.33898932
h24608340018,6,6_sparrow_cabbage_pea_chirp,0.47896492
h24701100008,17,17_crooked_tavern_trembles_straight,0.2866237
h25705910001,6,6_sparrow_cabbage_pea_chirp,0.8931182
h25706190001,7,7_legs_calf_reed_nest,0.27882606
h25706200003,14,14_herd_dog_tail_turning,0.54087085
h25706220004,10,10_wheat_barley_rye_pea,0.31336147
h25706360022,10,10_wheat_barley_rye_pea,0.45616108
h25706370023,18,18_hats_hat_cap_hay,0.29341176
h25706380024,14,14_herd_dog_tail_turning,0.41617778
h25706870002,5,5_matchmaker_vodka_melody_wedding,0.44149768
h26502390004,5,5_matchmaker_vodka_melody_wedding,0.24590835
h26502640004,18,18_hats_hat_cap_hay,0.502406
h26502660005,4,4_servants_thousand_soul_book,0.42848054
h26502860022,6,6_sparrow_cabbage_pea_chirp,0.2375168
h26502920029,18,18_hats_hat_cap_hay,0.21608993
h26503400014,11,11_apples_tree_sisters_wine,0.23218982
h26503450018,18,18_hats_hat_cap_hay,0.3587265
h26700121699,7,7_legs_calf_reed_nest,0.21294598
h26700251735,18,18_hats_hat_cap_hay,0.32713306
h26700261736,11,11_apples_tree_sisters_wine,0.37116376
h26700291752,0,0_servant_cat_wreath_horse,0.0
h26804990019,13,13_bake_basket_bells_eggs,0.21415006
h26805050026,12,12_march_thirty_month_june,0.20080021
h30101540004,6,6_sparrow_cabbage_pea_chirp,0.50872654
h30300440002,3,3_oxen_gentlemen_peasants_plow,0.72056013
h30400210005,16,16_wolf_bear_anne_leg,0.41593367
h30400950004,9,9_wedding_crows_crow_married,0.22880965
h30401050014,14,14_herd_dog_tail_turning,0.566619
h30401160004,6,6_sparrow_cabbage_pea_chirp,0.2243503
h30401220011,14,14_herd_dog_tail_turning,0.35535938
h30401310019,14,14_herd_dog_tail_turning,0.92500824
h30402070012,9,9_wedding_crows_crow_married,0.5223321
h31204630005,9,9_wedding_crows_crow_married,0.38811263
h31204920009,7,7_legs_calf_reed_nest,0.33524638
h31204980017,17,17_crooked_tavern_trembles_straight,1.0
h31204990018,2,2_beer_beer drink_drank_eating,0.2725205
h31205000019,13,13_bake_basket_bells_eggs,0.22033964
h31205590001,18,18_hats_hat_cap_hay,0.3733814
h31205830010,18,18_hats_hat_cap_hay,0.22709627
h31701190004,16,16_wolf_bear_anne_leg,0.47279707
h31701510008,12,12_march_thirty_month_june,0.25132164
h31701580016,14,14_herd_dog_tail_turning,0.7842278
h31703800043,16,16_wolf_bear_anne_leg,0.36058784
h31708600015,11,11_apples_tree_sisters_wine,0.3420656
h31708620017,14,14_herd_dog_tail_turning,0.7730771
h31709480006,2,2_beer_beer drink_drank_eating,0.7722853
h31800380002,12,12_march_thirty_month_june,0.33719614
h31800960003,13,13_bake_basket_bells_eggs,0.28377056
h31800990006,14,14_herd_dog_tail_turning,0.6134384
h32205940002,14,14_herd_dog_tail_turning,0.46492475
h32301870004,4,4_servants_thousand_soul_book,0.45314136
h32301880005,14,14_herd_dog_tail_turning,0.37835518
h32301920010,9,9_wedding_crows_crow_married,0.5458415
h32302060027,7,7_legs_calf_reed_nest,0.5168212
h32302070028,9,9_wedding_crows_crow_married,0.31826907
h32302350015,16,16_wolf_bear_anne_leg,0.32957545
h32302430020,2,2_beer_beer drink_drank_eating,0.5397854
h32700450001,14,14_herd_dog_tail_turning,0.27032235
h32700550013,14,14_herd_dog_tail_turning,0.4151647
h32700560014,0,0_servant_cat_wreath_horse,0.0
h32700590018,5,5_matchmaker_vodka_melody_wedding,0.18468325
h40102990015,5,5_matchmaker_vodka_melody_wedding,0.4330734
h40103370021,16,16_wolf_bear_anne_leg,0.6298185
h40103720009,8,8_june_march_saint_day,0.32512698
h40103720011,14,14_herd_dog_tail_turning,1.0
h40103740015,16,16_wolf_bear_anne_leg,0.37602308
h40103740016,10,10_wheat_barley_rye_pea,0.30455208
h40103760020,10,10_wheat_barley_rye_pea,0.5032911
h40103820027,12,12_march_thirty_month_june,0.8084474
hgrq01400006,3,3_oxen_gentlemen_peasants_plow,0.30542663
hgrq01420008,14,14_herd_dog_tail_turning,0.5795739
hgrq01470014,11,11_apples_tree_sisters_wine,0.1669059
hgrq01500017,14,14_herd_dog_tail_turning,0.46441332
hgrq01510018,9,9_wedding_crows_crow_married,0.4448996
hgrq01640034,18,18_hats_hat_cap_hay,0.5519611
hgrq01910088,7,7_legs_calf_reed_nest,0.5529355
hgrq01920091,2,2_beer_beer drink_drank_eating,0.68157417
hgrq01930093,0,0_servant_cat_wreath_horse,0.0
hgrq01960099,6,6_sparrow_cabbage_pea_chirp,1.0
hr0103070004,7,7_legs_calf_reed_nest,0.35871556
tem1300130009,11,11_apples_tree_sisters_wine,0.25198084
tem1300170014,14,14_herd_dog_tail_turning,0.19014603
aesmt04900130004,16,16_wolf_bear_anne_leg,0.559361
e000051930015,13,13_bake_basket_bells_eggs,0.53723437
e000070620003,14,14_herd_dog_tail_turning,0.7406307
e000071450005,13,13_bake_basket_bells_eggs,0.40129903
e000071460006,15,15_bow_fall_sail_singing,0.5941417
e000071560016,4,4_servants_thousand_soul_book,0.29857555
e000071940009,6,6_sparrow_cabbage_pea_chirp,0.18895039
e000072010015,15,15_bow_fall_sail_singing,0.7482398
e000072040019,13,13_bake_basket_bells_eggs,0.3326889
e000072080025,5,5_matchmaker_vodka_melody_wedding,0.2592837
e000076650009,13,13_bake_basket_bells_eggs,0.24494384
e000076700015,3,3_oxen_gentlemen_peasants_plow,0.3441023
e000076730020,14,14_herd_dog_tail_turning,0.50426865
e000076830013,3,3_oxen_gentlemen_peasants_plow,0.33644715
e000076850017,14,14_herd_dog_tail_turning,0.35768855
e000077310002,12,12_march_thirty_month_june,0.16036516
e000077400018,14,14_herd_dog_tail_turning,0.85144055
e000077470001,11,11_apples_tree_sisters_wine,0.21330744
e000078320008,18,18_hats_hat_cap_hay,0.32772136
e000078360001,4,4_servants_thousand_soul_book,0.3487309
e000078520007,14,14_herd_dog_tail_turning,0.17386734
e000079580025,16,16_wolf_bear_anne_leg,0.55081195
e000079590026,8,8_june_march_saint_day,0.5664124
e000080460033,3,3_oxen_gentlemen_peasants_plow,0.31109342
e000093710051,3,3_oxen_gentlemen_peasants_plow,0.24437958
e000094090083,3,3_oxen_gentlemen_peasants_plow,0.4150731
e000094100084,11,11_apples_tree_sisters_wine,0.5175883
e000094150092,8,8_june_march_saint_day,0.16452031
e000099780011,9,9_wedding_crows_crow_married,0.278442
e000104150013,15,15_bow_fall_sail_singing,0.48308802
e000106080018,14,14_herd_dog_tail_turning,0.24843292
e000106290004,7,7_legs_calf_reed_nest,0.33340397
e000117850002,14,14_herd_dog_tail_turning,0.46893507
e000117880008,14,14_herd_dog_tail_turning,0.25012755
e000117930017,13,13_bake_basket_bells_eggs,0.301192
e000117940022,14,14_herd_dog_tail_turning,0.40906975
e000117980032,13,13_bake_basket_bells_eggs,0.36431378
e000137780008,7,7_legs_calf_reed_nest,0.24899596
e000137790009,4,4_servants_thousand_soul_book,0.39435235
e000145900006,14,14_herd_dog_tail_turning,0.51731724
e000164290001,1,1_nicholas_saint_blessed_god,1.0
e000178400028,14,14_herd_dog_tail_turning,0.6247262
e000180070001,1,1_nicholas_saint_blessed_god,1.0
e000239850005,4,4_servants_thousand_soul_book,0.5783697
e000418770000,13,13_bake_basket_bells_eggs,0.60397565
e000515030002,9,9_wedding_crows_crow_married,0.25832313
e000531950003,2,2_beer_beer drink_drank_eating,0.70074964
e000536490000,6,6_sparrow_cabbage_pea_chirp,0.32947087
e000536510001,2,2_beer_beer drink_drank_eating,0.4297268
e000536510002,3,3_oxen_gentlemen_peasants_plow,0.5395445
e000536510003,9,9_wedding_crows_crow_married,0.5265397
e000540420008,2,2_beer_beer drink_drank_eating,0.73780936
e000549600000,13,13_bake_basket_bells_eggs,0.28489056
e000575600001,8,8_june_march_saint_day,0.25840935
e000575620005,13,13_bake_basket_bells_eggs,0.51735497
e000576740020,6,6_sparrow_cabbage_pea_chirp,0.36659807
e000576750000,3,3_oxen_gentlemen_peasants_plow,0.5576373
e000592100007,11,11_apples_tree_sisters_wine,0.28443646
e000592330033,13,13_bake_basket_bells_eggs,0.65636736
e000595190001,8,8_june_march_saint_day,0.3635611
e000598810006,3,3_oxen_gentlemen_peasants_plow,0.43457153
e000598920004,18,18_hats_hat_cap_hay,0.2743261
e000616880003,7,7_legs_calf_reed_nest,0.33340397
e000616940008,2,2_beer_beer drink_drank_eating,0.68489105
e000617010013,13,13_bake_basket_bells_eggs,0.28145677
e000617190027,7,7_legs_calf_reed_nest,0.29941747
e000617410043,14,14_herd_dog_tail_turning,0.20779042
e000617440046,13,13_bake_basket_bells_eggs,0.2487162
e000617470047,14,14_herd_dog_tail_turning,0.40422213
e800X00330158,13,13_bake_basket_bells_eggs,0.43008822
ea00009670007,12,12_march_thirty_month_june,0.16813633
ea00010060006,8,8_june_march_saint_day,0.14298591
ea00010140010,14,14_herd_dog_tail_turning,0.24349095
ekms40106240007,13,13_bake_basket_bells_eggs,0.2982309
eks0100470000,6,6_sparrow_cabbage_pea_chirp,0.45813414
eks0101300007,3,3_oxen_gentlemen_peasants_plow,0.5784778
eks0101300008,6,6_sparrow_cabbage_pea_chirp,0.31482726
era200101210005,10,10_wheat_barley_rye_pea,0.24352798
era200101220002,3,3_oxen_gentlemen_peasants_plow,0.6808293
era200101320009,14,14_herd_dog_tail_turning,0.56043386
era200101480001,2,2_beer_beer drink_drank_eating,0.55634904
era201400470001,3,3_oxen_gentlemen_peasants_plow,0.5342934
era201402770014,14,14_herd_dog_tail_turning,0.28409567
era201402890028,3,3_oxen_gentlemen_peasants_plow,0.54402405
era202401690007,2,2_beer_beer drink_drank_eating,0.6484815
era202403450113,14,14_herd_dog_tail_turning,0.37040117
era202403500003,7,7_legs_calf_reed_nest,0.6297129
era202407490003,14,14_herd_dog_tail_turning,0.58631444
era202500410008,4,4_servants_thousand_soul_book,0.20205572
era202500870001,12,12_march_thirty_month_june,0.6373025
era202500880002,16,16_wolf_bear_anne_leg,1.0
era202501470002,18,18_hats_hat_cap_hay,0.33318436
era202501550013,14,14_herd_dog_tail_turning,0.46980157
era202501980010,14,14_herd_dog_tail_turning,1.0
era203500500003,1,1_nicholas_saint_blessed_god,0.53224915
era204101630001,14,14_herd_dog_tail_turning,0.38844866
era205705350005,12,12_march_thirty_month_june,0.52862996
era205705390010,18,18_hats_hat_cap_hay,0.76156515
era205705520025,3,3_oxen_gentlemen_peasants_plow,0.8081595
era208401580019,3,3_oxen_gentlemen_peasants_plow,0.4551018
era216704210001,12,12_march_thirty_month_june,0.33703178
era217800130010,16,16_wolf_bear_anne_leg,1.0
era218304830055,11,11_apples_tree_sisters_wine,0.41103107
era218305140109,3,3_oxen_gentlemen_peasants_plow,0.43767545
erm13300060011,16,16_wolf_bear_anne_leg,0.24515863
erm13300060012,6,6_sparrow_cabbage_pea_chirp,1.0
erm9400030000,13,13_bake_basket_bells_eggs,0.27178
erm940009000a,4,4_servants_thousand_soul_book,0.32158783
erm9400110000,14,14_herd_dog_tail_turning,0.48180854
estk2700690002,3,3_oxen_gentlemen_peasants_plow,0.65257525
estk3701730012,3,3_oxen_gentlemen_peasants_plow,0.7651308
estk3701750016,4,4_servants_thousand_soul_book,0.6932118
estk3701800022,9,9_wedding_crows_crow_married,0.5606357
estk4000070011,3,3_oxen_gentlemen_peasants_plow,0.8339959
estk4000090017,9,9_wedding_crows_crow_married,0.67889136
estk4000170034,13,13_bake_basket_bells_eggs,0.36746672
estk4000200039,1,1_nicholas_saint_blessed_god,1.0
estk4000200040,16,16_wolf_bear_anne_leg,0.8576574
estk4000200041,17,17_crooked_tavern_trembles_straight,0.61532027
estk4000240048,5,5_matchmaker_vodka_melody_wedding,1.0
estk4000560086,9,9_wedding_crows_crow_married,0.2867214
estk4000570087,8,8_june_march_saint_day,1.0
estk4000860126,3,3_oxen_gentlemen_peasants_plow,0.713653
estk4001060147,14,14_herd_dog_tail_turning,0.72189736
eys0210280007,18,18_hats_hat_cap_hay,0.22348891
eys0210590052,14,14_herd_dog_tail_turning,0.64376944
eys0505800037,0,0_servant_cat_wreath_horse,0.0
eys0506010015,9,9_wedding_crows_crow_married,0.687641
eys0506090026,4,4_servants_thousand_soul_book,0.30152255
eys0506190038,2,2_beer_beer drink_drank_eating,0.70156157
eys0506530083,14,14_herd_dog_tail_turning,0.8310666
eys0506570090,7,7_legs_calf_reed_nest,0.41581213
eys0506680105,14,14_herd_dog_tail_turning,0.44983524
eys0506920138,12,12_march_thirty_month_june,0.24970335
eys0506970143,14,14_herd_dog_tail_turning,0.5346906
eys0507230186,6,6_sparrow_cabbage_pea_chirp,0.3166883
eys0507260190,8,8_june_march_saint_day,0.322304
eys0610840257,7,7_legs_calf_reed_nest,0.28064793
eys0610840258,14,14_herd_dog_tail_turning,0.382638
eys0611610058,6,6_sparrow_cabbage_pea_chirp,0.3496277
eys0611630062,7,7_legs_calf_reed_nest,0.5569725
eys0613650010,8,8_june_march_saint_day,0.85736746
eys0613900044,13,13_bake_basket_bells_eggs,0.63429266
eys0614140075,14,14_herd_dog_tail_turning,0.66730547
eys0614210084,9,9_wedding_crows_crow_married,0.40667367
eys0614230087,14,14_herd_dog_tail_turning,0.7611303
eys0614600146,17,17_crooked_tavern_trembles_straight,0.3670986
eys0614960204,3,3_oxen_gentlemen_peasants_plow,0.80064976
eys0614980209,3,3_oxen_gentlemen_peasants_plow,0.3214035
eys0614980210,3,3_oxen_gentlemen_peasants_plow,0.38208425
eys0614980211,16,16_wolf_bear_anne_leg,0.46669424
eys0615020220,3,3_oxen_gentlemen_peasants_plow,0.7400058
eys0615080240,6,6_sparrow_cabbage_pea_chirp,1.0
eys0615090241,2,2_beer_beer drink_drank_eating,0.6204947
eys0615130249,14,14_herd_dog_tail_turning,0.7648122
eys0615140251,12,12_march_thirty_month_june,0.6238087
eys0615140252,13,13_bake_basket_bells_eggs,0.601789
eys0615640313,7,7_legs_calf_reed_nest,0.6187726
eys0615830350,2,2_beer_beer drink_drank_eating,1.0
eys0615850354,1,1_nicholas_saint_blessed_god,0.55354494
eys0615940002,14,14_herd_dog_tail_turning,0.33952102
eys0615970008,4,4_servants_thousand_soul_book,1.0
eys0616950154,3,3_oxen_gentlemen_peasants_plow,0.8104226
eys0617440233,7,7_legs_calf_reed_nest,0.41303045
eys0617680271,14,14_herd_dog_tail_turning,0.8495674
eys0617730282,7,7_legs_calf_reed_nest,0.34677324
eys0706540006,3,3_oxen_gentlemen_peasants_plow,0.60875773
eys0706540007,7,7_legs_calf_reed_nest,0.47589165
eys0706570015,15,15_bow_fall_sail_singing,0.41496497
eys0706740043,17,17_crooked_tavern_trembles_straight,1.0
eys0706900068,3,3_oxen_gentlemen_peasants_plow,0.4072899
eys0707320004,1,1_nicholas_saint_blessed_god,1.0
eys0707500031,14,14_herd_dog_tail_turning,0.37532368
eys0707560003,13,13_bake_basket_bells_eggs,0.41376582
eys0707650022,9,9_wedding_crows_crow_married,0.33268437
eys0707650023,15,15_bow_fall_sail_singing,0.39493564
eys0715440023,5,5_matchmaker_vodka_melody_wedding,0.52828753
eys0715440024,3,3_oxen_gentlemen_peasants_plow,0.4583484
eys0715450025,14,14_herd_dog_tail_turning,0.65094763
eys0715580055,7,7_legs_calf_reed_nest,1.0
eys0716100133,14,14_herd_dog_tail_turning,0.38463837
eys0716110137,10,10_wheat_barley_rye_pea,0.5552246
eys0716230152,4,4_servants_thousand_soul_book,0.23494986
eys0716320165,9,9_wedding_crows_crow_married,0.38509354
eys0716780236,3,3_oxen_gentlemen_peasants_plow,0.387975
eys0716800239,6,6_sparrow_cabbage_pea_chirp,0.33064073
eys0716840248,14,14_herd_dog_tail_turning,0.38660032
eys0716850249,6,6_sparrow_cabbage_pea_chirp,0.47363213
eys0716930260,7,7_legs_calf_reed_nest,0.3358687
eys0716950264,14,14_herd_dog_tail_turning,0.56160533
eys0717000274,12,12_march_thirty_month_june,0.279999
eys0717000275,16,16_wolf_bear_anne_leg,0.5374907
eys0717130305,3,3_oxen_gentlemen_peasants_plow,1.0
eys0717130306,7,7_legs_calf_reed_nest,0.38637435
eys0717160312,3,3_oxen_gentlemen_peasants_plow,0.4149367
eys0717590380,2,2_beer_beer drink_drank_eating,0.8162036
eys0717610383,13,13_bake_basket_bells_eggs,0.5211687
eys0718370017,12,12_march_thirty_month_june,0.19748014
eys0718400021,6,6_sparrow_cabbage_pea_chirp,0.28413433
eys0718420024,6,6_sparrow_cabbage_pea_chirp,0.52320284
eys0721430329,12,12_march_thirty_month_june,0.49599144
eys0722890037,12,12_march_thirty_month_june,0.5693727
eys0723110086,3,3_oxen_gentlemen_peasants_plow,0.69820833
eys0723170101,3,3_oxen_gentlemen_peasants_plow,0.7757812
eys0723490151,11,11_apples_tree_sisters_wine,0.32322636
eys0723670179,6,6_sparrow_cabbage_pea_chirp,0.23885645
eys0723720193,6,6_sparrow_cabbage_pea_chirp,0.19997767
eys0723750199,14,14_herd_dog_tail_turning,0.949774
eys0723830217,2,2_beer_beer drink_drank_eating,0.8142446
eys0723910232,0,0_servant_cat_wreath_horse,0.0
eys0723980256,0,0_servant_cat_wreath_horse,0.0
eys0724010262,6,6_sparrow_cabbage_pea_chirp,1.0
eys0724210307,14,14_herd_dog_tail_turning,1.0
eys0724300331,3,3_oxen_gentlemen_peasants_plow,0.7741279
eys0724340342,3,3_oxen_gentlemen_peasants_plow,0.2607008
eys0724360346,3,3_oxen_gentlemen_peasants_plow,0.22220711
eys0724430368,3,3_oxen_gentlemen_peasants_plow,0.49950013
eys0724580396,3,3_oxen_gentlemen_peasants_plow,0.30272704
eys0724660420,12,12_march_thirty_month_june,1.0
eys0724750457,16,16_wolf_bear_anne_leg,0.50403136
eys0725110484,14,14_herd_dog_tail_turning,0.5881194
eys0725120487,16,16_wolf_bear_anne_leg,0.7563328
eys0805380014,18,18_hats_hat_cap_hay,1.0
eys0805590060,1,1_nicholas_saint_blessed_god,0.9026441
eys0805590061,18,18_hats_hat_cap_hay,1.0
eys0805670078,6,6_sparrow_cabbage_pea_chirp,0.3880223
eys0805780093,18,18_hats_hat_cap_hay,0.18249546
eys0806020127,3,3_oxen_gentlemen_peasants_plow,0.9252108
eys0806680239,8,8_june_march_saint_day,0.38020268
eys0806840262,3,3_oxen_gentlemen_peasants_plow,0.5127746
eys0806870266,11,11_apples_tree_sisters_wine,0.3266288
eys0806920274,14,14_herd_dog_tail_turning,0.8354258
eys0806960282,8,8_june_march_saint_day,0.25278333
eys0807250306,4,4_servants_thousand_soul_book,0.55443144
eys0807280314,6,6_sparrow_cabbage_pea_chirp,0.25061965
eys0807350329,6,6_sparrow_cabbage_pea_chirp,0.5136372
eys0807380338,9,9_wedding_crows_crow_married,0.83010525
eys0807460346,14,14_herd_dog_tail_turning,1.0
eys0807610366,3,3_oxen_gentlemen_peasants_plow,1.0
eys0808090437,14,14_herd_dog_tail_turning,0.43416324
eys0808220455,2,2_beer_beer drink_drank_eating,0.58560276
eys0811570019,7,7_legs_calf_reed_nest,0.41155392
eys0811730044,8,8_june_march_saint_day,0.47786707
eys0811760049,14,14_herd_dog_tail_turning,0.46952325
eys0811770052,12,12_march_thirty_month_june,0.29765156
eys0901140114,3,3_oxen_gentlemen_peasants_plow,0.31721896
eys0901160117,6,6_sparrow_cabbage_pea_chirp,0.29864445
eys0909520015,18,18_hats_hat_cap_hay,0.24962595
eys0910120107,0,0_servant_cat_wreath_horse,0.0
eys0911720158,12,12_march_thirty_month_june,0.50007397
eys1022570047,0,0_servant_cat_wreath_horse,0.0
eys1023000121,11,11_apples_tree_sisters_wine,0.24652763
eys1023060130,3,3_oxen_gentlemen_peasants_plow,0.38846746
eys1023120139,7,7_legs_calf_reed_nest,0.4025302
eys1023140141,3,3_oxen_gentlemen_peasants_plow,0.2858813
eys1023250159,10,10_wheat_barley_rye_pea,0.83881146
eys1023560186,10,10_wheat_barley_rye_pea,0.20391305
eys1023650194,3,3_oxen_gentlemen_peasants_plow,0.33262816
eys1025780043,18,18_hats_hat_cap_hay,0.43693322
eys1025880062,3,3_oxen_gentlemen_peasants_plow,0.9077025
eys1026710222,0,0_servant_cat_wreath_horse,0.0
eys1026720225,9,9_wedding_crows_crow_married,0.47641382
eys1029020070,14,14_herd_dog_tail_turning,0.65697247
eys1029050079,16,16_wolf_bear_anne_leg,0.46628258
eys1029050080,8,8_june_march_saint_day,0.29336482
eys1029160105,3,3_oxen_gentlemen_peasants_plow,0.9389614
eys1029160106,14,14_herd_dog_tail_turning,0.4297553
h10100190006,7,7_legs_calf_reed_nest,0.4093716
h10101630053,13,13_bake_basket_bells_eggs,0.2598194
h10101850011,14,14_herd_dog_tail_turning,0.49752045
h10101930020,6,6_sparrow_cabbage_pea_chirp,0.45022377
h10101950025,3,3_oxen_gentlemen_peasants_plow,0.7975984
h10102320100,17,17_crooked_tavern_trembles_straight,0.26409698
h10102400117,11,11_apples_tree_sisters_wine,0.2908596
h10102490132,9,9_wedding_crows_crow_married,0.40856877
h10700310003,9,9_wedding_crows_crow_married,0.32295248
h10700640066,13,13_bake_basket_bells_eggs,0.73134744
h10700690071,13,13_bake_basket_bells_eggs,0.32431176
h10700720076,18,18_hats_hat_cap_hay,0.509273
h20101320182,13,13_bake_basket_bells_eggs,0.3789705
h20102690397,13,13_bake_basket_bells_eggs,0.335018
h20102720401,11,11_apples_tree_sisters_wine,0.28342205
h20102830418,14,14_herd_dog_tail_turning,0.5705678
h20106510836,14,14_herd_dog_tail_turning,0.31788728
h20106530842,14,14_herd_dog_tail_turning,0.7729761
h20106540844,6,6_sparrow_cabbage_pea_chirp,1.0
h20106540845,14,14_herd_dog_tail_turning,0.68155855
h21300320002,3,3_oxen_gentlemen_peasants_plow,0.5710794
h21300680009,10,10_wheat_barley_rye_pea,0.2897199
h21300710011,6,6_sparrow_cabbage_pea_chirp,0.6035115
h21300730014,2,2_beer_beer drink_drank_eating,0.68817055
h21301030052,2,2_beer_beer drink_drank_eating,0.39762142
h21301070059,11,11_apples_tree_sisters_wine,0.3140014
h21301160002,17,17_crooked_tavern_trembles_straight,0.35843447
h21301260018,15,15_bow_fall_sail_singing,0.43929556
h21302040033,4,4_servants_thousand_soul_book,0.46587515
h21302370010,14,14_herd_dog_tail_turning,0.3541026
h21302590024,14,14_herd_dog_tail_turning,0.29070747
h21302600025,9,9_wedding_crows_crow_married,0.3494199
h21304290003,6,6_sparrow_cabbage_pea_chirp,0.5453852
h21306200018,12,12_march_thirty_month_june,0.44158173
h21306350003,16,16_wolf_bear_anne_leg,0.34510833
h21306360005,3,3_oxen_gentlemen_peasants_plow,0.5018534
h21306400012,7,7_legs_calf_reed_nest,0.39496046
h21306510003,4,4_servants_thousand_soul_book,0.31204185
h21307490008,12,12_march_thirty_month_june,0.26431027
h21307520011,16,16_wolf_bear_anne_leg,0.32183728
h21400270034,12,12_march_thirty_month_june,0.38213706
h21400450060,14,14_herd_dog_tail_turning,0.8595451
h21400490069,4,4_servants_thousand_soul_book,0.49755478
h21400620079,8,8_june_march_saint_day,0.4027853
h21400960009,3,3_oxen_gentlemen_peasants_plow,0.38093308
h21401220017,16,16_wolf_bear_anne_leg,0.48983628
h21401300002,10,10_wheat_barley_rye_pea,0.3438645
h21401350006,4,4_servants_thousand_soul_book,0.5650929
h21402880021,17,17_crooked_tavern_trembles_straight,0.3548486
h21403150014,18,18_hats_hat_cap_hay,0.31530142
h21403600003,2,2_beer_beer drink_drank_eating,0.25636712
h21404680013,2,2_beer_beer drink_drank_eating,0.59046125
h21404760005,13,13_bake_basket_bells_eggs,0.37070328
h21404800009,6,6_sparrow_cabbage_pea_chirp,0.6435253
h21405100010,2,2_beer_beer drink_drank_eating,0.297403
h21406110007,15,15_bow_fall_sail_singing,0.33642772
h22600650009,0,0_servant_cat_wreath_horse,0.0
h22600670011,14,14_herd_dog_tail_turning,0.9746579
h22600690016,1,1_nicholas_saint_blessed_god,1.0
h22600920050,12,12_march_thirty_month_june,0.32991987
h22609110002,17,17_crooked_tavern_trembles_straight,0.39747763
h22609180023,14,14_herd_dog_tail_turning,0.42253596
h23700580012,3,3_oxen_gentlemen_peasants_plow,0.429359
h23806370001,17,17_crooked_tavern_trembles_straight,0.47003707
h23806380002,3,3_oxen_gentlemen_peasants_plow,0.34330013
h23806420004,14,14_herd_dog_tail_turning,0.5081873
h23807080104,2,2_beer_beer drink_drank_eating,0.19446641
h23807110106,12,12_march_thirty_month_june,0.2849985
h23807400003,0,0_servant_cat_wreath_horse,0.0
h24000941040,6,6_sparrow_cabbage_pea_chirp,0.3194673
h24606980003,4,4_servants_thousand_soul_book,0.21591109
h24607070018,10,10_wheat_barley_rye_pea,0.36715868
h24607090022,14,14_herd_dog_tail_turning,0.20729584
h24607130028,12,12_march_thirty_month_june,0.24313514
h24607140030,4,4_servants_thousand_soul_book,0.58553046
h24607880020,3,3_oxen_gentlemen_peasants_plow,0.4493856
h24607980006,12,12_march_thirty_month_june,0.49418962
h24608190001,3,3_oxen_gentlemen_peasants_plow,0.32674006
h24608280010,8,8_june_march_saint_day,0.23280512
h25401510004,6,6_sparrow_cabbage_pea_chirp,1.0
h25705260002,13,13_bake_basket_bells_eggs,0.3121304
h25705300007,18,18_hats_hat_cap_hay,0.67055374
h25705690007,14,14_herd_dog_tail_turning,0.6666072
h25705990012,15,15_bow_fall_sail_singing,0.4267272
h25706240005,8,8_june_march_saint_day,0.3277262
h26502420009,6,6_sparrow_cabbage_pea_chirp,0.25454506
h26502490015,15,15_bow_fall_sail_singing,0.698486
h26502520019,15,15_bow_fall_sail_singing,0.21214172
h26502590001,5,5_matchmaker_vodka_melody_wedding,0.39748138
h2650265004b,14,14_herd_dog_tail_turning,0.8622654
h26502900026,18,18_hats_hat_cap_hay,0.51227903
h26503270001,8,8_june_march_saint_day,0.21124847
h26503510025,17,17_crooked_tavern_trembles_straight,0.26129863
h26700461803,3,3_oxen_gentlemen_peasants_plow,0.6887349
h26804710020,16,16_wolf_bear_anne_leg,0.48142314
h26804870001,3,3_oxen_gentlemen_peasants_plow,0.32724965
h30101550005,4,4_servants_thousand_soul_book,0.28359005
h30104620014,16,16_wolf_bear_anne_leg,0.21349546
h30300440003,7,7_legs_calf_reed_nest,0.41763338
h30302600010,2,2_beer_beer drink_drank_eating,1.0
h30303780001,14,14_herd_dog_tail_turning,1.0
h30400240007,8,8_june_march_saint_day,0.3292682
h30400510003,3,3_oxen_gentlemen_peasants_plow,0.45393327
h30401020010,6,6_sparrow_cabbage_pea_chirp,0.3655987
h30401030011,2,2_beer_beer drink_drank_eating,0.41208696
h30401300018,17,17_crooked_tavern_trembles_straight,0.25239322
h30401530009,18,18_hats_hat_cap_hay,0.5008283
h30401680004,14,14_herd_dog_tail_turning,0.12636204
h30401960005,10,10_wheat_barley_rye_pea,0.34090352
h30402030010,16,16_wolf_bear_anne_leg,0.29188722
h30402100015,14,14_herd_dog_tail_turning,0.548382
h31204290001,11,11_apples_tree_sisters_wine,0.18823983
h31204910007,10,10_wheat_barley_rye_pea,0.45707965
h31204950012,8,8_june_march_saint_day,0.40806133
h31701540011,2,2_beer_beer drink_drank_eating,0.4544083
h31703820046,6,6_sparrow_cabbage_pea_chirp,0.45060617
h31703890053,17,17_crooked_tavern_trembles_straight,1.0
h31707290004,6,6_sparrow_cabbage_pea_chirp,0.15405166
h31708490003,13,13_bake_basket_bells_eggs,1.0
h31800970004,3,3_oxen_gentlemen_peasants_plow,0.4160074
h32301890007,13,13_bake_basket_bells_eggs,0.69485974
h32302000019,12,12_march_thirty_month_june,0.28822428
h32302220003,14,14_herd_dog_tail_turning,0.47666508
h32700470004,3,3_oxen_gentlemen_peasants_plow,0.9464971
h40103470003,6,6_sparrow_cabbage_pea_chirp,0.31457886
h40400770001,3,3_oxen_gentlemen_peasants_plow,0.61373985
h40400790003,2,2_beer_beer drink_drank_eating,0.31250092
hgrq01760052,7,7_legs_calf_reed_nest,0.43176654
hgrq01790060,9,9_wedding_crows_crow_married,0.66007787
hgrq01900085,13,13_bake_basket_bells_eggs,0.5308373
tem01010a000a,3,3_oxen_gentlemen_peasants_plow,0.37754172
tem1300070001,11,11_apples_tree_sisters_wine,0.17526834
tem1300100005,12,12_march_thirty_month_june,0.33920556
aesmt04900190008,9,9_wedding_crows_crow_married,0.16141187
e000035100003,15,15_bow_fall_sail_singing,0.6628251
e000051810003,9,9_wedding_crows_crow_married,0.19905332
e000051970019,6,6_sparrow_cabbage_pea_chirp,1.0
e000071470007,10,10_wheat_barley_rye_pea,1.0
e000071630023,10,10_wheat_barley_rye_pea,0.63178295
e000071840044,14,14_herd_dog_tail_turning,0.5308914
e000071890001,15,15_bow_fall_sail_singing,0.6859064
e000074590001,9,9_wedding_crows_crow_married,0.49782187
e000074610005,18,18_hats_hat_cap_hay,0.2111314
e000076830014,7,7_legs_calf_reed_nest,0.37699875
e000077120010,18,18_hats_hat_cap_hay,0.24827465
e000077120011,14,14_herd_dog_tail_turning,0.5304791
e000077160018,14,14_herd_dog_tail_turning,0.24932265
e000077340009,10,10_wheat_barley_rye_pea,0.38335934
e000077460030,10,10_wheat_barley_rye_pea,0.4578864
e000077510005,18,18_hats_hat_cap_hay,0.30018952
e000077700018,4,4_servants_thousand_soul_book,0.28919706
e000077730004,11,11_apples_tree_sisters_wine,0.46996525
e000078230000,13,13_bake_basket_bells_eggs,0.51146066
e000078670013,18,18_hats_hat_cap_hay,0.58140343
e000078970025,10,10_wheat_barley_rye_pea,0.20304307
e000078970026,7,7_legs_calf_reed_nest,0.32307222
e00007931017b,11,11_apples_tree_sisters_wine,0.80794436
e000079470006,11,11_apples_tree_sisters_wine,0.2963477
e000079480008,10,10_wheat_barley_rye_pea,0.6073268
e000080580045,11,11_apples_tree_sisters_wine,0.79009867
e000080740058,18,18_hats_hat_cap_hay,0.33684698
e000093600040,6,6_sparrow_cabbage_pea_chirp,0.27679592
e000106310009,11,11_apples_tree_sisters_wine,0.37165502
e000107520020,11,11_apples_tree_sisters_wine,0.8899352
e000114860001,17,17_crooked_tavern_trembles_straight,0.25908676
e000114870005,16,16_wolf_bear_anne_leg,0.33040658
e000114890011,9,9_wedding_crows_crow_married,0.27692062
e000117870006,10,10_wheat_barley_rye_pea,0.6246502
e000117900013,6,6_sparrow_cabbage_pea_chirp,0.4535858
e000138150012,11,11_apples_tree_sisters_wine,0.670441
e000151010002,15,15_bow_fall_sail_singing,0.5308225
e000151020005,6,6_sparrow_cabbage_pea_chirp,0.43465385
e000177600004,13,13_bake_basket_bells_eggs,0.37143618
e000221640005,10,10_wheat_barley_rye_pea,0.24222891
e000410680022,11,11_apples_tree_sisters_wine,0.4215733
e000418790000,14,14_herd_dog_tail_turning,0.22130647
e000546790004,10,10_wheat_barley_rye_pea,0.700989
e000583000002,13,13_bake_basket_bells_eggs,0.55595696
e000592160016,9,9_wedding_crows_crow_married,0.4018138
e000592410001,10,10_wheat_barley_rye_pea,0.668309
e000595280016,9,9_wedding_crows_crow_married,0.22257148
e000598840000,16,16_wolf_bear_anne_leg,0.46676
e000598890000,6,6_sparrow_cabbage_pea_chirp,0.20668592
e000615520000,9,9_wedding_crows_crow_married,0.2239199
e000616740013,9,9_wedding_crows_crow_married,0.21005513
e000616830020,11,11_apples_tree_sisters_wine,0.4749986
e000617130021,10,10_wheat_barley_rye_pea,0.46099985
e000617420044,6,6_sparrow_cabbage_pea_chirp,0.39445424
e000626080001,7,7_legs_calf_reed_nest,0.30765557
e000683680004,11,11_apples_tree_sisters_wine,1.0
ea00002610024,9,9_wedding_crows_crow_married,0.74104786
ea00006840004,8,8_june_march_saint_day,0.680161
ea00006940013,10,10_wheat_barley_rye_pea,0.5112789
ea00007020020,10,10_wheat_barley_rye_pea,0.5370332
ea00009810012,9,9_wedding_crows_crow_married,0.5434908
ekms40106200004,6,6_sparrow_cabbage_pea_chirp,0.34678692
ekms40106350001,15,15_bow_fall_sail_singing,0.23624262
ekms40504210007,10,10_wheat_barley_rye_pea,1.0
eks010043000a,14,14_herd_dog_tail_turning,0.58631444
eks010047000a,13,13_bake_basket_bells_eggs,0.37463486
eks0101330010,14,14_herd_dog_tail_turning,0.41385067
eks010143000a,9,9_wedding_crows_crow_married,0.5967908
eks0101440000,7,7_legs_calf_reed_nest,0.31413847
eks2800070011,7,7_legs_calf_reed_nest,0.49811786
ekse00140003,16,16_wolf_bear_anne_leg,0.3608
era200101120003,6,6_sparrow_cabbage_pea_chirp,0.593659
era200604400001,10,10_wheat_barley_rye_pea,0.75227886
era200704170050,10,10_wheat_barley_rye_pea,0.684055
era201400340007,9,9_wedding_crows_crow_married,0.6870189
era201400760013,6,6_sparrow_cabbage_pea_chirp,1.0
era201400760015,9,9_wedding_crows_crow_married,0.7193281
era201402050002,15,15_bow_fall_sail_singing,0.41222495
era201402390026,9,9_wedding_crows_crow_married,0.82149947
era201402750013,9,9_wedding_crows_crow_married,0.7529839
era202400980006,16,16_wolf_bear_anne_leg,0.4475192
era202401720009,10,10_wheat_barley_rye_pea,0.5864052
era202403010004,14,14_herd_dog_tail_turning,0.3822853
era202403760002,9,9_wedding_crows_crow_married,0.6195507
era202405930028,9,9_wedding_crows_crow_married,1.0
era202406940002,15,15_bow_fall_sail_singing,0.51332784
era202500330001,13,13_bake_basket_bells_eggs,0.23568822
era202500370004,10,10_wheat_barley_rye_pea,0.5201256
era202500590022,9,9_wedding_crows_crow_married,0.7915869
era202500880003,11,11_apples_tree_sisters_wine,0.57454205
era202502010006,16,16_wolf_bear_anne_leg,0.4243997
era203500470001,2,2_beer_beer drink_drank_eating,1.0
era203500470002,9,9_wedding_crows_crow_married,0.9227617
era203500980001,9,9_wedding_crows_crow_married,0.8441533
era204101490009,18,18_hats_hat_cap_hay,0.29975906
era20420245000a,14,14_herd_dog_tail_turning,0.37802568
era208403860009,11,11_apples_tree_sisters_wine,0.61850435
era208403860010,15,15_bow_fall_sail_singing,0.6071652
era212005340023,9,9_wedding_crows_crow_married,0.93396443
era21220153,9,9_wedding_crows_crow_married,0.48348534
era212202530022,9,9_wedding_crows_crow_married,0.6389378
era213103570098,14,14_herd_dog_tail_turning,0.39280117
era217201730002,6,6_sparrow_cabbage_pea_chirp,0.5992874
era217201940013,9,9_wedding_crows_crow_married,1.0
era217906240004,18,18_hats_hat_cap_hay,0.5008283
estk2701090003,9,9_wedding_crows_crow_married,0.92140776
estk3701720010,6,6_sparrow_cabbage_pea_chirp,0.6517595
estk3701920042,10,10_wheat_barley_rye_pea,0.8128538
estk4000060008,18,18_hats_hat_cap_hay,0.87412953
estk4000060009,14,14_herd_dog_tail_turning,0.7092435
estk4000410070,4,4_servants_thousand_soul_book,0.45385605
estk4001130159,9,9_wedding_crows_crow_married,1.0
estk4001690015,14,14_herd_dog_tail_turning,0.33383143
eys0210300011,10,10_wheat_barley_rye_pea,0.307719
eys0210310013,3,3_oxen_gentlemen_peasants_plow,0.28942946
eys0210320014,15,15_bow_fall_sail_singing,0.2326928
eys0210340017,9,9_wedding_crows_crow_married,0.8077455
eys0210340018,12,12_march_thirty_month_june,0.7968945
eys0210340019,10,10_wheat_barley_rye_pea,0.5182595
eys0505970008,2,2_beer_beer drink_drank_eating,0.26697022
eys0505980009,10,10_wheat_barley_rye_pea,0.42259336
eys0505990010,7,7_legs_calf_reed_nest,0.7211565
eys0506030019,0,0_servant_cat_wreath_horse,0.0
eys0506100027,10,10_wheat_barley_rye_pea,0.7148002
eys0506320062,9,9_wedding_crows_crow_married,0.78270566
eys0506590093,10,10_wheat_barley_rye_pea,0.61027193
eys050659093b,6,6_sparrow_cabbage_pea_chirp,0.69193393
eys0507150172,13,13_bake_basket_bells_eggs,0.5937838
eys0610830256,4,4_servants_thousand_soul_book,0.26785016
eys0613830034,15,15_bow_fall_sail_singing,0.5243684
eys0614080064,10,10_wheat_barley_rye_pea,0.24354273
eys0614090067,11,11_apples_tree_sisters_wine,0.32697514
eys0614150077,16,16_wolf_bear_anne_leg,0.52178174
eys0614350102,0,0_servant_cat_wreath_horse,0.0
eys0614810174,8,8_june_march_saint_day,0.32366428
eys0615040227,3,3_oxen_gentlemen_peasants_plow,0.693511
eys0615130250,0,0_servant_cat_wreath_horse,0.0
eys0615690323,13,13_bake_basket_bells_eggs,1.0
eys0615690324,16,16_wolf_bear_anne_leg,0.64792484
eys0616080029,0,0_servant_cat_wreath_horse,0.0
eys0616180045,2,2_beer_beer drink_drank_eating,0.2737263
eys0616440087,11,11_apples_tree_sisters_wine,0.20124875
eys0616550102,11,11_apples_tree_sisters_wine,0.40449005
eys0616820133,9,9_wedding_crows_crow_married,0.45383173
eys0616830134,10,10_wheat_barley_rye_pea,0.3813877
eys0616930152,15,15_bow_fall_sail_singing,0.61028326
eys0616980158,10,10_wheat_barley_rye_pea,0.5729306
eys0617250204,2,2_beer_beer drink_drank_eating,0.29220337
eys0617420229,16,16_wolf_bear_anne_leg,0.44420347
eys0617510247,16,16_wolf_bear_anne_leg,0.32587507
eys0617670270,13,13_bake_basket_bells_eggs,0.19843492
eys0617720280,17,17_crooked_tavern_trembles_straight,0.26906502
eys0706520001,6,6_sparrow_cabbage_pea_chirp,0.4209008
eys0706570012,5,5_matchmaker_vodka_melody_wedding,0.5242052
eys0706570013,6,6_sparrow_cabbage_pea_chirp,0.37086436
eys0706590017,11,11_apples_tree_sisters_wine,0.5083289
eys0706600018,10,10_wheat_barley_rye_pea,0.4526308
eys0706620024,11,11_apples_tree_sisters_wine,0.78555423
eys0706650028,11,11_apples_tree_sisters_wine,0.19308738
eys0706740044,9,9_wedding_crows_crow_married,1.0
eys0706980083,6,6_sparrow_cabbage_pea_chirp,1.0
eys0707460024,16,16_wolf_bear_anne_leg,0.4047923
eys070748029b,0,0_servant_cat_wreath_horse,0.0
eys0715570052,6,6_sparrow_cabbage_pea_chirp,0.27379808
eys0715610061,8,8_june_march_saint_day,0.5664124
eys0715710079,10,10_wheat_barley_rye_pea,0.4288268
eys0716060124,14,14_herd_dog_tail_turning,0.45088124
eys0716340168,6,6_sparrow_cabbage_pea_chirp,0.5219812
eys0716410179,11,11_apples_tree_sisters_wine,0.26335073
eys0716420182,10,10_wheat_barley_rye_pea,0.2501845
eys0716460187,16,16_wolf_bear_anne_leg,0.14837448
eys0716510197,0,0_servant_cat_wreath_horse,0.0
eys0716780235,18,18_hats_hat_cap_hay,0.41386902
eys0717030284,6,6_sparrow_cabbage_pea_chirp,0.85555315
eys0717110299,4,4_servants_thousand_soul_book,0.75880444
eys0717120302,6,6_sparrow_cabbage_pea_chirp,0.6062478
eys0717150310,5,5_matchmaker_vodka_melody_wedding,0.46550187
eys0717150311,9,9_wedding_crows_crow_married,0.4509316
eys0717170314,6,6_sparrow_cabbage_pea_chirp,0.5531195
eys0717450345,14,14_herd_dog_tail_turning,0.54408395
eys0717470351,11,11_apples_tree_sisters_wine,0.24741296
eys0717490356,11,11_apples_tree_sisters_wine,0.8008855
eys0717510360,7,7_legs_calf_reed_nest,0.36454484
eys0717740397,11,11_apples_tree_sisters_wine,0.36030987
eys0719440153,10,10_wheat_barley_rye_pea,0.32646587
eys0723110087,16,16_wolf_bear_anne_leg,0.31104726
eys0723250120,10,10_wheat_barley_rye_pea,0.6530738
eys0723340132,11,11_apples_tree_sisters_wine,0.8386376
eys0723420142,9,9_wedding_crows_crow_married,0.2595565
eys0723520154,1,1_nicholas_saint_blessed_god,0.31413245
eys0723540158,18,18_hats_hat_cap_hay,0.45886764
eys0723660177,15,15_bow_fall_sail_singing,0.3199094
eys0723810215,14,14_herd_dog_tail_turning,0.36703032
eys0723850222,14,14_herd_dog_tail_turning,0.33873427
eys0723870226,11,11_apples_tree_sisters_wine,0.18523131
eys0724070275,17,17_crooked_tavern_trembles_straight,0.34480402
eys0724100286,14,14_herd_dog_tail_turning,0.5741034
eys0724200305,11,11_apples_tree_sisters_wine,0.31017244
eys0724290330,16,16_wolf_bear_anne_leg,0.49126276
eys0724520388,10,10_wheat_barley_rye_pea,0.42918515
eys0724570395,7,7_legs_calf_reed_nest,0.6894149
eys0724960462,16,16_wolf_bear_anne_leg,0.3788023
eys0725000467,6,6_sparrow_cabbage_pea_chirp,0.40665445
eys0725050475,18,18_hats_hat_cap_hay,0.21737126
eys0725110485,14,14_herd_dog_tail_turning,0.23329377
eys0725130488,6,6_sparrow_cabbage_pea_chirp,0.72996217
eys0725200501,13,13_bake_basket_bells_eggs,0.2913442
eys0805130145,18,18_hats_hat_cap_hay,0.67384595
eys0805550043,9,9_wedding_crows_crow_married,1.0
eys0805600063,10,10_wheat_barley_rye_pea,0.7831838
eys0805630070,16,16_wolf_bear_anne_leg,0.25475854
eys0805990122,10,10_wheat_barley_rye_pea,0.5329838
eys0806200154,11,11_apples_tree_sisters_wine,0.66974026
eys0806290167,11,11_apples_tree_sisters_wine,0.74114805
eys0806300168,11,11_apples_tree_sisters_wine,0.8396429
eys0806310170,15,15_bow_fall_sail_singing,0.25949425
eys0806490205,14,14_herd_dog_tail_turning,0.728079
eys0806490206,14,14_herd_dog_tail_turning,0.35208958
eys0806520213,9,9_wedding_crows_crow_married,0.30544278
eys0806550220,9,9_wedding_crows_crow_married,0.33777872
eys0806610230,14,14_herd_dog_tail_turning,0.2557361
eys0806800255,6,6_sparrow_cabbage_pea_chirp,0.44764563
eys0806900272,10,10_wheat_barley_rye_pea,0.3036422
eys0807270309,10,10_wheat_barley_rye_pea,0.71883094
eys0807440343,6,6_sparrow_cabbage_pea_chirp,0.26581872
eys0807520354,0,0_servant_cat_wreath_horse,0.0
eys0807650374,14,14_herd_dog_tail_turning,0.23415263
eys0807780389,6,6_sparrow_cabbage_pea_chirp,0.5072025
eys0808780547,8,8_june_march_saint_day,0.6202555
eys0811580021,11,11_apples_tree_sisters_wine,0.6889724
eys0811620027,10,10_wheat_barley_rye_pea,0.3413485
eys0900860079,2,2_beer_beer drink_drank_eating,0.46345794
eys0901080107,11,11_apples_tree_sisters_wine,0.3562693
eys0909540017,13,13_bake_basket_bells_eggs,0.4310708
eys0909610027,8,8_june_march_saint_day,0.60958004
eys0909880070,10,10_wheat_barley_rye_pea,0.60241884
eys0910000087,10,10_wheat_barley_rye_pea,0.3751085
eys0910010089,6,6_sparrow_cabbage_pea_chirp,0.20012492
eys0910120106,14,14_herd_dog_tail_turning,0.35919124
eys0910160117,6,6_sparrow_cabbage_pea_chirp,0.62223434
eys0910570170,15,15_bow_fall_sail_singing,0.46661505
eys1022480030,6,6_sparrow_cabbage_pea_chirp,0.36725822
eys1022650064,14,14_herd_dog_tail_turning,0.44768983
eys1022960112,9,9_wedding_crows_crow_married,0.27617145
eys1022990119,6,6_sparrow_cabbage_pea_chirp,0.22548805
eys1023170146,10,10_wheat_barley_rye_pea,0.55338824
eys1023280165,11,11_apples_tree_sisters_wine,0.5426954
eys1023490179,18,18_hats_hat_cap_hay,0.25453383
eys1023680197,18,18_hats_hat_cap_hay,0.27450162
eys1023700200,13,13_bake_basket_bells_eggs,0.294335
eys1025690027,10,10_wheat_barley_rye_pea,0.49652156
eys1025750037,11,11_apples_tree_sisters_wine,0.29293707
eys1026710223,4,4_servants_thousand_soul_book,0.5256286
eys1029070087,4,4_servants_thousand_soul_book,0.30105895
eys1107630340,18,18_hats_hat_cap_hay,0.35252982
h10101400005,11,11_apples_tree_sisters_wine,0.3177099
h10101420008,9,9_wedding_crows_crow_married,0.29704705
h10101530030,13,13_bake_basket_bells_eggs,0.42537943
h10101560038,14,14_herd_dog_tail_turning,0.26772904
h10101910019,11,11_apples_tree_sisters_wine,0.6984711
h10101940022,7,7_legs_calf_reed_nest,0.24115233
h10101960029,14,14_herd_dog_tail_turning,0.39515707
h10101970030,11,11_apples_tree_sisters_wine,0.3293993
h10102050044,10,10_wheat_barley_rye_pea,0.819946
h10102100054,10,10_wheat_barley_rye_pea,0.46884614
h10102190071,16,16_wolf_bear_anne_leg,0.31671876
h10102250081,11,11_apples_tree_sisters_wine,0.4740564
h10102370110,11,11_apples_tree_sisters_wine,0.38177708
h10102380111,9,9_wedding_crows_crow_married,0.32309404
h10102550145,18,18_hats_hat_cap_hay,0.3943126
h10102650166,15,15_bow_fall_sail_singing,0.43415758
h10700320008,13,13_bake_basket_bells_eggs,0.52949506
h10700360017,6,6_sparrow_cabbage_pea_chirp,0.81146437
h10700450035,17,17_crooked_tavern_trembles_straight,0.33572719
h10700540049,16,16_wolf_bear_anne_leg,1.0
h10700700073,16,16_wolf_bear_anne_leg,0.26378214
h20101430203,14,14_herd_dog_tail_turning,0.2956898
h20106550848,9,9_wedding_crows_crow_married,0.48582506
h21005350310,16,16_wolf_bear_anne_leg,0.2960807
h21300070001,10,10_wheat_barley_rye_pea,0.27183685
h21300220015,18,18_hats_hat_cap_hay,0.4648908
h21300360006,9,9_wedding_crows_crow_married,0.30843827
h21300960044,10,10_wheat_barley_rye_pea,0.20469518
h21301340029,10,10_wheat_barley_rye_pea,0.5771747
h21301890014,11,11_apples_tree_sisters_wine,0.70686257
h21302100037,4,4_servants_thousand_soul_book,0.22858186
h21302600026,14,14_herd_dog_tail_turning,0.39245456
h21302640030,10,10_wheat_barley_rye_pea,0.34341836
h21302650031,4,4_servants_thousand_soul_book,0.35013634
h21302670034,18,18_hats_hat_cap_hay,0.3620796
h21303450009,18,18_hats_hat_cap_hay,0.367382
h21303470012,6,6_sparrow_cabbage_pea_chirp,0.57383776
h21303590001,6,6_sparrow_cabbage_pea_chirp,0.33146596
h21305060017,11,11_apples_tree_sisters_wine,0.92798084
h21305250032,9,9_wedding_crows_crow_married,0.58340144
h21305430053,18,18_hats_hat_cap_hay,0.33080482
h21305860007,9,9_wedding_crows_crow_married,0.7619008
h21307570016,7,7_legs_calf_reed_nest,0.44638968
h21400120009,12,12_march_thirty_month_june,0.21529165
h21400170020,12,12_march_thirty_month_june,0.20887025
h21400340044,8,8_june_march_saint_day,0.23941356
h21400450061,6,6_sparrow_cabbage_pea_chirp,0.2393914
h21400480066,18,18_hats_hat_cap_hay,0.3107063
h21400650082,9,9_wedding_crows_crow_married,0.45830935
h21400660085,14,14_herd_dog_tail_turning,0.6941322
h21400680087,14,14_herd_dog_tail_turning,0.82556933
h21400710090,18,18_hats_hat_cap_hay,0.28372794
h21400730092,11,11_apples_tree_sisters_wine,0.35922408
h21401370009,8,8_june_march_saint_day,0.47797245
h21401390011,13,13_bake_basket_bells_eggs,0.33678848
h21402620004,11,11_apples_tree_sisters_wine,0.39854673
h21402700010,6,6_sparrow_cabbage_pea_chirp,0.6788733
h21403130012,10,10_wheat_barley_rye_pea,0.28138876
h21403710001,2,2_beer_beer drink_drank_eating,0.3207305
h21403800006,9,9_wedding_crows_crow_married,0.5246604
h21403840009,11,11_apples_tree_sisters_wine,0.78823215
h21403990002,13,13_bake_basket_bells_eggs,0.42690128
h21404070010,6,6_sparrow_cabbage_pea_chirp,0.31113377
h21404390001,10,10_wheat_barley_rye_pea,0.6715744
h21404400003,9,9_wedding_crows_crow_married,1.0
h21406110006,10,10_wheat_barley_rye_pea,0.604101
h21406120000,6,6_sparrow_cabbage_pea_chirp,0.30796674
h21406300007,12,12_march_thirty_month_june,0.238072
h22609120009,10,10_wheat_barley_rye_pea,0.32128578
h23806830008,9,9_wedding_crows_crow_married,0.6194402
h23807080103,11,11_apples_tree_sisters_wine,0.8437198
h23807430008,11,11_apples_tree_sisters_wine,0.546057
h24607760001,4,4_servants_thousand_soul_book,0.29737464
h24607780005,16,16_wolf_bear_anne_leg,0.3648471
h24607850014,8,8_june_march_saint_day,0.23805508
h24608080016,6,6_sparrow_cabbage_pea_chirp,0.25089607
h25705920003,18,18_hats_hat_cap_hay,0.28921667
h25706200002,9,9_wedding_crows_crow_married,0.8917266
h25706270009,16,16_wolf_bear_anne_leg,0.31643426
h25706290013,6,6_sparrow_cabbage_pea_chirp,0.24288031
h25706310014,14,14_herd_dog_tail_turning,0.30372316
h25706330019,9,9_wedding_crows_crow_married,0.8948407
h25706400026,11,11_apples_tree_sisters_wine,0.71162087
h25706420028,4,4_servants_thousand_soul_book,0.3783857
h2570647031h,14,14_herd_dog_tail_turning,0.4741515
h26502380002,15,15_bow_fall_sail_singing,0.89518815
h26502700007,14,14_herd_dog_tail_turning,0.3262726
h26503350007,10,10_wheat_barley_rye_pea,0.24171135
h26804950012,9,9_wedding_crows_crow_married,0.19032319
h30401180005,6,6_sparrow_cabbage_pea_chirp,0.3242683
h30401190006,8,8_june_march_saint_day,0.7931741
h30401240014,10,10_wheat_barley_rye_pea,0.5400717
h30402200003,9,9_wedding_crows_crow_married,0.66455936
h30402390007,11,11_apples_tree_sisters_wine,0.17570102
h30402400008,10,10_wheat_barley_rye_pea,0.71141285
h30402470047,7,7_legs_calf_reed_nest,0.6577902
h30402470048,11,11_apples_tree_sisters_wine,1.0
h31204610001,10,10_wheat_barley_rye_pea,0.6220015
h31701620019,18,18_hats_hat_cap_hay,0.31351703
h31703840049,6,6_sparrow_cabbage_pea_chirp,0.2306705
h31707380008,15,15_bow_fall_sail_singing,0.38454983
h31800780001,9,9_wedding_crows_crow_married,0.32164925
h32302330014,6,6_sparrow_cabbage_pea_chirp,0.3425132
h32700610020,1,1_nicholas_saint_blessed_god,0.44285712
h40103060004,11,11_apples_tree_sisters_wine,0.7430327
h40103150001,10,10_wheat_barley_rye_pea,0.36944634
h40103150002,15,15_bow_fall_sail_singing,0.33761227
h40103460002,16,16_wolf_bear_anne_leg,0.17040521
h40103670001,9,9_wedding_crows_crow_married,0.4723098
h40103730012,10,10_wheat_barley_rye_pea,0.68538094
h40103730013,7,7_legs_calf_reed_nest,0.6336388
h40103740014,11,11_apples_tree_sisters_wine,0.32667044
h40103810026,16,16_wolf_bear_anne_leg,0.35084748
h40103830030,18,18_hats_hat_cap_hay,0.49638864
hgrq01350001,18,18_hats_hat_cap_hay,0.23979717
hgrq01540023,11,11_apples_tree_sisters_wine,0.34318158
hgrq01560024,13,13_bake_basket_bells_eggs,0.24848355
hgrq01650036,16,16_wolf_bear_anne_leg,0.3812692
hgrq01770056,6,6_sparrow_cabbage_pea_chirp,0.40099964
hgrq01800063,18,18_hats_hat_cap_hay,0.23073165
hgrq01910087,6,6_sparrow_cabbage_pea_chirp,0.710167
hgrq01920090,14,14_herd_dog_tail_turning,0.41527423
e000076630006,16,16_wolf_bear_anne_leg,0.30527663
e000076640007,14,14_herd_dog_tail_turning,0.2348023
e000076660010,12,12_march_thirty_month_june,0.32562876
e000076680012,11,11_apples_tree_sisters_wine,0.2111477
e000076720018,3,3_oxen_gentlemen_peasants_plow,0.3588584
e000078330011,11,11_apples_tree_sisters_wine,0.4480919
e000078720003,14,14_herd_dog_tail_turning,0.782713
e000078760010,16,16_wolf_bear_anne_leg,0.29438815
e000079440033,15,15_bow_fall_sail_singing,1.0
e000079620003,12,12_march_thirty_month_june,0.74019516
e000080800063,16,16_wolf_bear_anne_leg,0.16551834
e000093620043,11,11_apples_tree_sisters_wine,0.24254775
e000093950066,12,12_march_thirty_month_june,0.6750957
e000104160016,3,3_oxen_gentlemen_peasants_plow,0.46095634
e000105610007,10,10_wheat_barley_rye_pea,0.29935378
e000117850001,16,16_wolf_bear_anne_leg,0.41250184
e000137800010,14,14_herd_dog_tail_turning,0.30396953
e000145890003,18,18_hats_hat_cap_hay,0.22521669
e000151030006,8,8_june_march_saint_day,0.30204612
e000151150028,8,8_june_march_saint_day,0.4046216
e000178390026,10,10_wheat_barley_rye_pea,0.25333056
e000410670021,15,15_bow_fall_sail_singing,0.628983
e000536670000,14,14_herd_dog_tail_turning,0.25313005
e000592110009,16,16_wolf_bear_anne_leg,0.46195918
e000615500000,14,14_herd_dog_tail_turning,0.36157623
e000617340037,11,11_apples_tree_sisters_wine,0.31151673
e000617400042,16,16_wolf_bear_anne_leg,0.41386274
ea00002550020,18,18_hats_hat_cap_hay,0.3946297
ea00002740035,14,14_herd_dog_tail_turning,0.18277226
ea00009770004,13,13_bake_basket_bells_eggs,0.5609028
ea00009770005,3,3_oxen_gentlemen_peasants_plow,0.33815295
ea00010050005,16,16_wolf_bear_anne_leg,0.22813344
ea00010530001,2,2_beer_beer drink_drank_eating,0.27744693
ekms40106410009,3,3_oxen_gentlemen_peasants_plow,0.26731327
eks0100190000,7,7_legs_calf_reed_nest,0.27458254
eks0100510000,15,15_bow_fall_sail_singing,0.50855917
eks010052000a,9,9_wedding_crows_crow_married,0.36262923
era200l01480002,1,1_nicholas_saint_blessed_god,0.5632062
era201107330005,16,16_wolf_bear_anne_leg,0.15890111
era201400310002,3,3_oxen_gentlemen_peasants_plow,0.5666182
era201400760014,3,3_oxen_gentlemen_peasants_plow,0.46316907
era201402250014,16,16_wolf_bear_anne_leg,0.47501475
era201402850023,8,8_june_march_saint_day,0.5298856
era202400990008,16,16_wolf_bear_anne_leg,0.56779397
era202403470001,14,14_herd_dog_tail_turning,0.3134142
era202406970005,0,0_servant_cat_wreath_horse,0.0
era202500570021,10,10_wheat_barley_rye_pea,0.34101415
era202500890004,3,3_oxen_gentlemen_peasants_plow,0.6261866
era203000620002,16,16_wolf_bear_anne_leg,0.2959294
era205705570031,3,3_oxen_gentlemen_peasants_plow,0.2782045
era20840384005a,13,13_bake_basket_bells_eggs,0.56088805
era20840384005b,3,3_oxen_gentlemen_peasants_plow,0.40173054
erm13300070014,7,7_legs_calf_reed_nest,0.50509775
erm13900870005,3,3_oxen_gentlemen_peasants_plow,0.3055364
erm9400070000,16,16_wolf_bear_anne_leg,0.34405312
erm9400090000,0,0_servant_cat_wreath_horse,0.0
estk3701700009,11,11_apples_tree_sisters_wine,0.30270684
eys0210290010,4,4_servants_thousand_soul_book,0.37451658
eys0506570089,3,3_oxen_gentlemen_peasants_plow,0.2351727
eys0506890135,10,10_wheat_barley_rye_pea,0.33171344
eys0507140169,13,13_bake_basket_bells_eggs,0.28980595
eys0610700231,16,16_wolf_bear_anne_leg,0.29842108
eys0610710232,16,16_wolf_bear_anne_leg,0.49650446
eys0613750027,15,15_bow_fall_sail_singing,0.40172267
eys0614180080,2,2_beer_beer drink_drank_eating,0.4587175
eys0614240089,9,9_wedding_crows_crow_married,0.29059565
eys0614480130,6,6_sparrow_cabbage_pea_chirp,0.2737544
eys0614540139,18,18_hats_hat_cap_hay,0.36041212
eys0614570142,4,4_servants_thousand_soul_book,0.2876495
eys0614810176,18,18_hats_hat_cap_hay,0.3118586
eys0614820178,17,17_crooked_tavern_trembles_straight,0.74192935
eys0615400288,8,8_june_march_saint_day,0.21524255
eys0616880144,1,1_nicholas_saint_blessed_god,1.0
eys0617000163,3,3_oxen_gentlemen_peasants_plow,0.31004676
eys0617070174,11,11_apples_tree_sisters_wine,0.64307004
eys0618000318,6,6_sparrow_cabbage_pea_chirp,0.31496248
eys0706880066,16,16_wolf_bear_anne_leg,0.19841278
eys0706890067,17,17_crooked_tavern_trembles_straight,0.17960447
eys0706920072,3,3_oxen_gentlemen_peasants_plow,0.5393326
eys0707480029,0,0_servant_cat_wreath_horse,0.0
eys0707520037,11,11_apples_tree_sisters_wine,0.5069345
eys0715350013,7,7_legs_calf_reed_nest,0.5865557
eys0715620064,12,12_march_thirty_month_june,0.34332305
eys0715940114,8,8_june_march_saint_day,0.24097057
eys0716310164,8,8_june_march_saint_day,0.30490854
eys0716350170,0,0_servant_cat_wreath_horse,0.0
eys0716380174,11,11_apples_tree_sisters_wine,0.384858
eys0716590211,8,8_june_march_saint_day,0.2897511
eys0716740229,18,18_hats_hat_cap_hay,0.2635894
eys0716980270,14,14_herd_dog_tail_turning,0.3002029
eys0717320332,8,8_june_march_saint_day,0.4376594
eys0722810023,6,6_sparrow_cabbage_pea_chirp,0.30406052
eys0722900039,3,3_oxen_gentlemen_peasants_plow,0.4747612
eys0723790205,16,16_wolf_bear_anne_leg,0.26557213
eys0723830216,0,0_servant_cat_wreath_horse,0.0
eys0723910231,15,15_bow_fall_sail_singing,0.44543585
eys0724180303,9,9_wedding_crows_crow_married,0.4005526
eys0724320339,16,16_wolf_bear_anne_leg,0.2527608
eys0724430370,14,14_herd_dog_tail_turning,0.41933706
eys0724550392,15,15_bow_fall_sail_singing,0.18483543
eys0724610401,15,15_bow_fall_sail_singing,0.52473783
eys0724640413,8,8_june_march_saint_day,0.33936122
eys0724670421,16,16_wolf_bear_anne_leg,0.3543694
eys0724720430,9,9_wedding_crows_crow_married,0.80679315
eys0725040473,11,11_apples_tree_sisters_wine,0.2292708
eys0805630071,12,12_march_thirty_month_june,1.0
eys0805820097,11,11_apples_tree_sisters_wine,0.6503222
eys0806140147,8,8_june_march_saint_day,0.44961655
eys0806630231,18,18_hats_hat_cap_hay,0.3441289
eys0806670238,10,10_wheat_barley_rye_pea,0.29553765
eys0806720244,11,11_apples_tree_sisters_wine,0.15550438
eys0806940278,11,11_apples_tree_sisters_wine,0.82796735
eys0807230300,8,8_june_march_saint_day,0.30635422
eys0807290315,7,7_legs_calf_reed_nest,1.0
eys0807500350,4,4_servants_thousand_soul_book,0.45068315
eys0808760543,16,16_wolf_bear_anne_leg,0.35631362
eys0808800551,16,16_wolf_bear_anne_leg,0.35699034
eys0811820062,8,8_june_march_saint_day,0.3294939
eys0900710062,17,17_crooked_tavern_trembles_straight,0.27663654
eys0903500120,2,2_beer_beer drink_drank_eating,0.8073688
eys0909680037,15,15_bow_fall_sail_singing,0.3066063
eys0909770051,16,16_wolf_bear_anne_leg,0.48996645
eys0909880072,14,14_herd_dog_tail_turning,0.50457126
eys0910180119,4,4_servants_thousand_soul_book,0.18611827
eys091171156b,10,10_wheat_barley_rye_pea,0.39833844
eys1022810090,10,10_wheat_barley_rye_pea,0.21538582
eys1022910104,18,18_hats_hat_cap_hay,0.26506016
eys1022920107,16,16_wolf_bear_anne_leg,0.25720036
eys1022940109,9,9_wedding_crows_crow_married,0.31578767
eys1022980118,7,7_legs_calf_reed_nest,0.3446916
eys1025730035,3,3_oxen_gentlemen_peasants_plow,0.3336882
eys1025810049,10,10_wheat_barley_rye_pea,0.46272802
eys1108190008,10,10_wheat_barley_rye_pea,0.295727
h10101440014,17,17_crooked_tavern_trembles_straight,0.25118098
h10101580043,8,8_june_march_saint_day,0.25118774
h10101890017,16,16_wolf_bear_anne_leg,0.25794265
h10102610156,11,11_apples_tree_sisters_wine,0.75955504
h10700520047,16,16_wolf_bear_anne_leg,0.27597463
h10700530048,16,16_wolf_bear_anne_leg,0.2404043
h10700570053,16,16_wolf_bear_anne_leg,0.5068539
h10700740080,9,9_wedding_crows_crow_married,0.35853
h20101390197,14,14_herd_dog_tail_turning,0.76322854
h20101400198,15,15_bow_fall_sail_singing,0.41485938
h20101410199,16,16_wolf_bear_anne_leg,0.2626884
h20102690398,16,16_wolf_bear_anne_leg,0.15846604
h20106520839,4,4_servants_thousand_soul_book,0.3169768
h21005110285,5,5_matchmaker_vodka_melody_wedding,0.39148736
h21005120286,14,14_herd_dog_tail_turning,0.77776384
h21109540010,12,12_march_thirty_month_june,0.31327987
h21300210014,12,12_march_thirty_month_june,0.31586942
h21300460019,10,10_wheat_barley_rye_pea,0.5855867
h21300500023,10,10_wheat_barley_rye_pea,0.36842632
h21300510024,15,15_bow_fall_sail_singing,0.5253567
h21300640003,14,14_herd_dog_tail_turning,0.52535737
h21300700010,13,13_bake_basket_bells_eggs,0.31349844
h21301010050,12,12_march_thirty_month_june,0.6197254
h21301190007,14,14_herd_dog_tail_turning,0.8416312
h21301880013,15,15_bow_fall_sail_singing,0.18299095
h21303650012,3,3_oxen_gentlemen_peasants_plow,0.2766475
h21304280002,15,15_bow_fall_sail_singing,0.83479214
h21305320039,9,9_wedding_crows_crow_married,0.29685214
h21305420052,16,16_wolf_bear_anne_leg,0.5000677
h21305960017,18,18_hats_hat_cap_hay,0.2296104
h21306130012,14,14_herd_dog_tail_turning,0.18579315
h21306410017,14,14_herd_dog_tail_turning,0.1748706
h21306580016,15,15_bow_fall_sail_singing,0.26504865
h21307560015,15,15_bow_fall_sail_singing,0.25038442
h21307700029,14,14_herd_dog_tail_turning,0.4143699
h21400230025,8,8_june_march_saint_day,0.40681246
h21400230026,7,7_legs_calf_reed_nest,0.31106785
h21400350047,9,9_wedding_crows_crow_married,0.43781805
h21400360048,4,4_servants_thousand_soul_book,0.2998828
h21401040013,9,9_wedding_crows_crow_married,0.36732388
h21401630038,18,18_hats_hat_cap_hay,0.29602274
h21405090008,11,11_apples_tree_sisters_wine,0.325226
h21406290006,4,4_servants_thousand_soul_book,0.17256974
h21605770012,10,10_wheat_barley_rye_pea,0.57077414
h23700580013,14,14_herd_dog_tail_turning,0.36527196
h24000851028,17,17_crooked_tavern_trembles_straight,0.2878861
h24000871031,3,3_oxen_gentlemen_peasants_plow,0.34729353
h24000911037,7,7_legs_calf_reed_nest,0.22752517
h24607930001,14,14_herd_dog_tail_turning,0.2866817
h24607960004,12,12_march_thirty_month_june,0.42134988
h24608230005,14,14_herd_dog_tail_turning,0.61585397
h25401830077,18,18_hats_hat_cap_hay,0.51394695
h25705660005,2,2_beer_beer drink_drank_eating,0.25619018
h26804690019,9,9_wedding_crows_crow_married,0.2584755
h30101580009,12,12_march_thirty_month_june,0.3743537
h30101640018,18,18_hats_hat_cap_hay,0.39757055
h30302660011,8,8_june_march_saint_day,0.2668808
h30400100001,13,13_bake_basket_bells_eggs,0.26137355
h30400530005,10,10_wheat_barley_rye_pea,0.45461488
h30401530011,6,6_sparrow_cabbage_pea_chirp,0.53977764
h30401760006,10,10_wheat_barley_rye_pea,0.49739984
h30402110001,14,14_herd_dog_tail_turning,0.33641672
h31204450002,9,9_wedding_crows_crow_married,0.40822276
h31707250003,11,11_apples_tree_sisters_wine,0.44789237
h31800430011,18,18_hats_hat_cap_hay,1.0
h32302240005,10,10_wheat_barley_rye_pea,0.25072357
h32302290011,14,14_herd_dog_tail_turning,0.41599512
h40103080007,10,10_wheat_barley_rye_pea,0.5243992
h40103680002,10,10_wheat_barley_rye_pea,0.34296134
h40103860035,3,3_oxen_gentlemen_peasants_plow,0.5019626
hgrq01440011,9,9_wedding_crows_crow_married,0.36964908
hgrq01660037,6,6_sparrow_cabbage_pea_chirp,0.21951337
hgrq01780058,7,7_legs_calf_reed_nest,0.4855775
e000051850006,16,16_wolf_bear_anne_leg,0.4044847
e000068520004,6,6_sparrow_cabbage_pea_chirp,0.25100783
e000071810040,9,9_wedding_crows_crow_married,0.54193395
e000076990011,4,4_servants_thousand_soul_book,0.33527663
e000077170020,15,15_bow_fall_sail_singing,0.3113542
e000077180021,14,14_herd_dog_tail_turning,0.29446265
e000077260005,13,13_bake_basket_bells_eggs,0.45646268
e000077330006,16,16_wolf_bear_anne_leg,0.31907144
e000077450028,6,6_sparrow_cabbage_pea_chirp,0.23769128
e000077450029,6,6_sparrow_cabbage_pea_chirp,0.37527102
e000077680015,8,8_june_march_saint_day,0.22736798
e000077730005,17,17_crooked_tavern_trembles_straight,0.19398361
e000077790013,3,3_oxen_gentlemen_peasants_plow,0.42403066
e000078280004,5,5_matchmaker_vodka_melody_wedding,0.5859707
e000078330010,3,3_oxen_gentlemen_peasants_plow,0.39502597
e000078340013,13,13_bake_basket_bells_eggs,0.52438664
e000078790002,17,17_crooked_tavern_trembles_straight,0.3586435
e000078800003,3,3_oxen_gentlemen_peasants_plow,0.20668767
e000078830006,4,4_servants_thousand_soul_book,0.2315819
e000079110042,10,10_wheat_barley_rye_pea,0.23392147
e000079550019,6,6_sparrow_cabbage_pea_chirp,0.3278211
e000079610001,14,14_herd_dog_tail_turning,0.3056863
e000093610042,2,2_beer_beer drink_drank_eating,0.24377765
e000093880059,15,15_bow_fall_sail_singing,0.5486372
e000093940065,3,3_oxen_gentlemen_peasants_plow,0.29965916
e000107420006,6,6_sparrow_cabbage_pea_chirp,0.3385845
e000107460011,9,9_wedding_crows_crow_married,0.31195843
e000107490016,7,7_legs_calf_reed_nest,0.2807364
e000117900012,4,4_servants_thousand_soul_book,0.31635153
e000135800001,6,6_sparrow_cabbage_pea_chirp,0.24079157
e000138130009,14,14_herd_dog_tail_turning,0.20762143
e000138130010,10,10_wheat_barley_rye_pea,0.21974766
e000138180020,15,15_bow_fall_sail_singing,0.26291728
e000145690001,14,14_herd_dog_tail_turning,0.2348935
e000151050009,14,14_herd_dog_tail_turning,0.5989581
e000151090019,12,12_march_thirty_month_june,0.35084572
e000151090020,9,9_wedding_crows_crow_married,0.2173259
e000164300003,2,2_beer_beer drink_drank_eating,0.40223518
e000178360021,8,8_june_march_saint_day,0.6371937
e000179600003,2,2_beer_beer drink_drank_eating,0.2884534
e000259270024,14,14_herd_dog_tail_turning,0.38774022
e000410670020,4,4_servants_thousand_soul_book,0.41202307
e000431080000,13,13_bake_basket_bells_eggs,0.37296647
e000515020001,16,16_wolf_bear_anne_leg,0.28608492
e000518380003,8,8_june_march_saint_day,0.43474337
e000536470000,14,14_herd_dog_tail_turning,0.40587732
e000536510000,0,0_servant_cat_wreath_horse,0.0
e00053662000a,18,18_hats_hat_cap_hay,0.88682497
e000546740005,7,7_legs_calf_reed_nest,0.19210064
e000546750006,8,8_june_march_saint_day,0.42072043
e000592280027,9,9_wedding_crows_crow_married,0.52696186
e000595300018,14,14_herd_dog_tail_turning,0.72085917
e00059881000a,13,13_bake_basket_bells_eggs,0.50215834
e000613850001,6,6_sparrow_cabbage_pea_chirp,0.57562613
e000617180026,13,13_bake_basket_bells_eggs,0.44586498
e000617430045,10,10_wheat_barley_rye_pea,0.20268248
ea00001970002,18,18_hats_hat_cap_hay,0.8275565
ea00002040015,2,2_beer_beer drink_drank_eating,1.0
ea00002510015,6,6_sparrow_cabbage_pea_chirp,0.49004427
ea00009900002,2,2_beer_beer drink_drank_eating,0.28006342
eks010021000b,13,13_bake_basket_bells_eggs,1.0
eks010047000b,6,6_sparrow_cabbage_pea_chirp,0.4206916
eks2800110003,9,9_wedding_crows_crow_married,0.31028402
ekse00420004,17,17_crooked_tavern_trembles_straight,0.6287313
era200101170002,18,18_hats_hat_cap_hay,0.45832717
era200101460005,17,17_crooked_tavern_trembles_straight,0.74192935
era200101530001,6,6_sparrow_cabbage_pea_chirp,0.51892793
era201400790021,6,6_sparrow_cabbage_pea_chirp,1.0
era201401150050,7,7_legs_calf_reed_nest,0.31061232
era201402250013,8,8_june_march_saint_day,0.5664124
era201402650004,8,8_june_march_saint_day,0.5077832
era201402790016,7,7_legs_calf_reed_nest,0.5217086
era201402790017,13,13_bake_basket_bells_eggs,0.52438664
era202300270001,16,16_wolf_bear_anne_leg,0.5379535
era202300590000,18,18_hats_hat_cap_hay,0.6372092
era202401700008,14,14_herd_dog_tail_turning,0.30170715
era202401870001,7,7_legs_calf_reed_nest,0.4704341
era202402190003,3,3_oxen_gentlemen_peasants_plow,0.5107475
era202402960036,3,3_oxen_gentlemen_peasants_plow,0.28543577
era202402990001,18,18_hats_hat_cap_hay,0.9578231
era202403450112,14,14_herd_dog_tail_turning,0.9243077
era202403460115,0,0_servant_cat_wreath_horse,0.0
era202403550009,16,16_wolf_bear_anne_leg,1.0
era202404750003,6,6_sparrow_cabbage_pea_chirp,1.0
era202405880024,18,18_hats_hat_cap_hay,0.3847993
era202405880025,6,6_sparrow_cabbage_pea_chirp,1.0
era202405900026,18,18_hats_hat_cap_hay,1.0
era202406000034,16,16_wolf_bear_anne_leg,1.0
era202406300002,18,18_hats_hat_cap_hay,0.64677554
era202501520008,9,9_wedding_crows_crow_married,0.33977365
era203201690002,14,14_herd_dog_tail_turning,0.35234854
era203500990003,5,5_matchmaker_vodka_melody_wedding,0.69808406
era205705410014,18,18_hats_hat_cap_hay,0.18330531
era208403830002,18,18_hats_hat_cap_hay,0.9342018
era208403920024,14,14_herd_dog_tail_turning,0.25090685
era212201650001,17,17_crooked_tavern_trembles_straight,0.6354494
era213100720036,8,8_june_march_saint_day,0.43797824
era217201520008,4,4_servants_thousand_soul_book,0.37518412
era218305070084,6,6_sparrow_cabbage_pea_chirp,0.4546635
era218305150112,4,4_servants_thousand_soul_book,0.4336805
estk2600180024,16,16_wolf_bear_anne_leg,0.7012613
estk2701080002,18,18_hats_hat_cap_hay,0.82801294
estk3701740014,3,3_oxen_gentlemen_peasants_plow,0.4170478
estk4000070010,14,14_herd_dog_tail_turning,0.86931664
estk4000100023,9,9_wedding_crows_crow_married,0.5895048
estk4000110024,13,13_bake_basket_bells_eggs,1.0
estk4000640099,17,17_crooked_tavern_trembles_straight,0.52325696
estk4000790116,8,8_june_march_saint_day,1.0
estk4000840123,10,10_wheat_barley_rye_pea,0.6106126
eys0210320015,5,5_matchmaker_vodka_melody_wedding,0.23880225
eys0505820046,9,9_wedding_crows_crow_married,1.0
eys0506030020,5,5_matchmaker_vodka_melody_wedding,0.35629842
eys0506340066,6,6_sparrow_cabbage_pea_chirp,0.33326083
eys0506350067,18,18_hats_hat_cap_hay,0.36880538
eys0506410071,14,14_herd_dog_tail_turning,0.45039907
eys0506960142,2,2_beer_beer drink_drank_eating,0.37621877
eys0507010150,1,1_nicholas_saint_blessed_god,1.0
eys050706157b,9,9_wedding_crows_crow_married,0.37818298
eys0507110163,6,6_sparrow_cabbage_pea_chirp,1.0
eys0507150171,3,3_oxen_gentlemen_peasants_plow,0.3035046
eys0507170176,13,13_bake_basket_bells_eggs,0.4287354
eys0507220184,5,5_matchmaker_vodka_melody_wedding,0.428929
eys0610850260,10,10_wheat_barley_rye_pea,0.40125826
eys0611600055,0,0_servant_cat_wreath_horse,0.0
eys0611610056,3,3_oxen_gentlemen_peasants_plow,0.50063133
eys0614090066,12,12_march_thirty_month_june,0.53635204
eys0614380108,6,6_sparrow_cabbage_pea_chirp,1.0
eys0614460129,3,3_oxen_gentlemen_peasants_plow,0.43435654
eys0614590144,5,5_matchmaker_vodka_melody_wedding,1.0
eys0614640149,12,12_march_thirty_month_june,0.39495358
eys0614890189,12,12_march_thirty_month_june,0.5430605
eys0614930195,6,6_sparrow_cabbage_pea_chirp,0.36755073
eys0615020223,4,4_servants_thousand_soul_book,0.3771415
eys0615700327,8,8_june_march_saint_day,0.45732197
eys0615710330,1,1_nicholas_saint_blessed_god,0.54572946
eys0616270064,16,16_wolf_bear_anne_leg,0.5722066
eys0616290067,14,14_herd_dog_tail_turning,0.64599746
eys0616610110,9,9_wedding_crows_crow_married,0.24541472
eys0616710120,6,6_sparrow_cabbage_pea_chirp,0.5154333
eys0616760124,4,4_servants_thousand_soul_book,0.32108766
eys0616770125,9,9_wedding_crows_crow_married,0.588371
eys0616770126,16,16_wolf_bear_anne_leg,0.38557595
eys0616900146,9,9_wedding_crows_crow_married,0.4377068
eys0617020166,12,12_march_thirty_month_june,0.3023761
eys0617140184,7,7_legs_calf_reed_nest,0.23853762
eys0617360221,2,2_beer_beer drink_drank_eating,0.35489056
eys0617370222,17,17_crooked_tavern_trembles_straight,0.5564583
eys0617450236,18,18_hats_hat_cap_hay,0.88906467
eys0617530249,11,11_apples_tree_sisters_wine,0.4394306
eys0617620261,14,14_herd_dog_tail_turning,0.82213974
eys0617730283,14,14_herd_dog_tail_turning,0.88522226
eys0617930301,6,6_sparrow_cabbage_pea_chirp,0.3996435
eys0706630025,14,14_herd_dog_tail_turning,0.25447008
eys0706690035,2,2_beer_beer drink_drank_eating,0.34625974
eys0706740045,15,15_bow_fall_sail_singing,0.7405304
eys070675045b,14,14_herd_dog_tail_turning,0.30421904
eys0706780052,14,14_herd_dog_tail_turning,0.51498365
eys0706840060,12,12_march_thirty_month_june,0.23873521
eys0706850061,17,17_crooked_tavern_trembles_straight,0.21284163
eys0706860062,11,11_apples_tree_sisters_wine,0.3401156
eys0707440017,9,9_wedding_crows_crow_married,0.3455743
eys0708500004,4,4_servants_thousand_soul_book,0.33448052
eys0708500005,6,6_sparrow_cabbage_pea_chirp,0.4717967
eys0708510006,11,11_apples_tree_sisters_wine,0.45395276
eys0708510007,8,8_june_march_saint_day,0.30853185
eys0715300005,10,10_wheat_barley_rye_pea,0.17893559
eys0715360014,6,6_sparrow_cabbage_pea_chirp,0.21118681
eys0715400017,8,8_june_march_saint_day,0.17075296
eys0715410018,10,10_wheat_barley_rye_pea,0.4271503
eys0715460026,12,12_march_thirty_month_june,1.0
eys0715470030,18,18_hats_hat_cap_hay,0.941933
eys0715520040,2,2_beer_beer drink_drank_eating,0.25364116
eys0715820097,17,17_crooked_tavern_trembles_straight,0.40957913
eys0715850103,6,6_sparrow_cabbage_pea_chirp,0.5134905
eys0716080128,6,6_sparrow_cabbage_pea_chirp,0.66442627
eys0716080129,17,17_crooked_tavern_trembles_straight,0.50917995
eys0716080130,8,8_june_march_saint_day,0.41989714
eys0716150144,3,3_oxen_gentlemen_peasants_plow,0.20801875
eys0716420183,8,8_june_march_saint_day,0.3904713
eys0716490193,8,8_june_march_saint_day,0.34275934
eys0716500195,14,14_herd_dog_tail_turning,0.62138474
eys0716790237,11,11_apples_tree_sisters_wine,0.33331522
eys0716840247,18,18_hats_hat_cap_hay,0.7398268
eys0716880253,14,14_herd_dog_tail_turning,0.7611401
eys0716900254,14,14_herd_dog_tail_turning,0.86324686
eys0716900255,12,12_march_thirty_month_june,0.1761832
eys0716970267,5,5_matchmaker_vodka_melody_wedding,0.30518773
eys0717010277,2,2_beer_beer drink_drank_eating,1.0
eys0717040287,15,15_bow_fall_sail_singing,0.8929781
eys0717060290,9,9_wedding_crows_crow_married,0.7131901
eys0717100298,7,7_legs_calf_reed_nest,0.22837496
eys0717500357,8,8_june_march_saint_day,0.30383894
eys0717520362,15,15_bow_fall_sail_singing,0.74547005
eys0717590381,7,7_legs_calf_reed_nest,0.36047456
eys0717710394,14,14_herd_dog_tail_turning,0.49043992
eys0717770400,14,14_herd_dog_tail_turning,0.6809133
eys0718340011,1,1_nicholas_saint_blessed_god,0.66263336
eys0722770015,10,10_wheat_barley_rye_pea,0.5355073
eys0722810024,14,14_herd_dog_tail_turning,0.17561767
eys0722870032,6,6_sparrow_cabbage_pea_chirp,0.5214842
eys0722900038,4,4_servants_thousand_soul_book,0.28707862
eys0723040065,0,0_servant_cat_wreath_horse,0.0
eys0723260123,10,10_wheat_barley_rye_pea,0.21093868
eys0723270124,18,18_hats_hat_cap_hay,0.53054625
eys0723390136,14,14_herd_dog_tail_turning,0.4058577
eys0723640173,7,7_legs_calf_reed_nest,0.377393
eys0723650176,6,6_sparrow_cabbage_pea_chirp,1.0
eys0723920234,7,7_legs_calf_reed_nest,0.541816
eys0724140291,0,0_servant_cat_wreath_horse,0.0
eys0724150294,6,6_sparrow_cabbage_pea_chirp,0.43578085
eys0724230311,5,5_matchmaker_vodka_melody_wedding,0.3724336
eys0724230312,5,5_matchmaker_vodka_melody_wedding,0.6173591
eys0724230314,2,2_beer_beer drink_drank_eating,0.45886678
eys072425315f,6,6_sparrow_cabbage_pea_chirp,1.0
eys0724270322,13,13_bake_basket_bells_eggs,1.0
eys0724530389,17,17_crooked_tavern_trembles_straight,0.24501984
eys0724530390,8,8_june_march_saint_day,0.25957996
eys0724620404,7,7_legs_calf_reed_nest,0.45698637
eys0724660419,6,6_sparrow_cabbage_pea_chirp,0.4638667
eys0724730432,2,2_beer_beer drink_drank_eating,0.36077154
eys0724740434,14,14_herd_dog_tail_turning,0.5993727
eys0724960461,9,9_wedding_crows_crow_married,0.26337716
eys0724990466,9,9_wedding_crows_crow_married,0.36198616
eys0725050474,16,16_wolf_bear_anne_leg,0.3197519
eys0804210158,17,17_crooked_tavern_trembles_straight,0.39162913
eys0805640073,13,13_bake_basket_bells_eggs,0.42115104
eys0806100139,2,2_beer_beer drink_drank_eating,0.35799173
eys0806220156,0,0_servant_cat_wreath_horse,0.0
eys0806380184,10,10_wheat_barley_rye_pea,0.48892283
eys0806460199,14,14_herd_dog_tail_turning,0.3157808
eys0806500207,6,6_sparrow_cabbage_pea_chirp,0.5829019
eys0806970284,16,16_wolf_bear_anne_leg,0.58927447
eys0807240304,4,4_servants_thousand_soul_book,0.41705793
eys0807510353,3,3_oxen_gentlemen_peasants_plow,0.28055385
eys0807620367,17,17_crooked_tavern_trembles_straight,0.33623537
eys0807670376,14,14_herd_dog_tail_turning,0.49750483
eys0807770388,6,6_sparrow_cabbage_pea_chirp,0.32629707
eys0807980418,6,6_sparrow_cabbage_pea_chirp,0.50551456
eys0808060430,3,3_oxen_gentlemen_peasants_plow,0.33441457
eys0808140446,8,8_june_march_saint_day,0.25405025
eys0808400487,14,14_herd_dog_tail_turning,1.0
eys0808430493,13,13_bake_basket_bells_eggs,0.41114405
eys0811590023,4,4_servants_thousand_soul_book,0.29467294
eys0811630029,14,14_herd_dog_tail_turning,0.303281
eys0900800072,16,16_wolf_bear_anne_leg,0.48087466
eys090085077c,15,15_bow_fall_sail_singing,1.0
eys0909590024,6,6_sparrow_cabbage_pea_chirp,0.41534567
eys0909630031,13,13_bake_basket_bells_eggs,0.4512959
eys0909690039,14,14_herd_dog_tail_turning,0.7178586
eys0909790055,14,14_herd_dog_tail_turning,1.0
eys0909800057,6,6_sparrow_cabbage_pea_chirp,0.44514027
eys0909880071,16,16_wolf_bear_anne_leg,0.43588147
eys0909990086,5,5_matchmaker_vodka_melody_wedding,0.45089054
eys0910090099,2,2_beer_beer drink_drank_eating,0.38252404
eys0910160115,6,6_sparrow_cabbage_pea_chirp,0.6290516
eys0910180120,10,10_wheat_barley_rye_pea,0.36788744
eys0910310136,14,14_herd_dog_tail_turning,0.1958695
eys0910480159,14,14_herd_dog_tail_turning,0.45670393
eys0910520165,17,17_crooked_tavern_trembles_straight,0.27529657
eys0911700153,14,14_herd_dog_tail_turning,0.91717976
eys0911700155,13,13_bake_basket_bells_eggs,0.312747
eys1022420014,4,4_servants_thousand_soul_book,0.16145939
eys1022440019,3,3_oxen_gentlemen_peasants_plow,0.40203714
eys1022470027,13,13_bake_basket_bells_eggs,0.6986721
eys1022560044,13,13_bake_basket_bells_eggs,0.2554302
eys1023200149,10,10_wheat_barley_rye_pea,0.58243567
eys1023240157,14,14_herd_dog_tail_turning,0.64377207
eys1023460176,14,14_herd_dog_tail_turning,0.5755664
eys1023730205,14,14_herd_dog_tail_turning,0.71788776
eys1025760038,10,10_wheat_barley_rye_pea,0.4048085
eys1026690218,3,3_oxen_gentlemen_peasants_plow,0.24417767
eys1026730227,6,6_sparrow_cabbage_pea_chirp,1.0
eys1026730228,2,2_beer_beer drink_drank_eating,0.508608
eys1026730229,0,0_servant_cat_wreath_horse,0.0
eys1026730230,8,8_june_march_saint_day,0.3811793
eys1029030073,14,14_herd_dog_tail_turning,0.2670548
h10101240002,14,14_herd_dog_tail_turning,0.33068955
h10101530032,9,9_wedding_crows_crow_married,0.3099962
h10102010036,13,13_bake_basket_bells_eggs,0.21301459
h10102090053,16,16_wolf_bear_anne_leg,1.0
h10102120057,17,17_crooked_tavern_trembles_straight,0.22373317
h10102190069,7,7_legs_calf_reed_nest,0.32856444
h10102260084,18,18_hats_hat_cap_hay,0.9183242
h10102260086,10,10_wheat_barley_rye_pea,0.3939956
h10102450126,11,11_apples_tree_sisters_wine,0.27217498
h10102570148,14,14_herd_dog_tail_turning,0.4474813
h10102630162,14,14_herd_dog_tail_turning,0.5916996
h10700360016,14,14_herd_dog_tail_turning,0.44701847
h10700380021,7,7_legs_calf_reed_nest,0.36911353
h10700430032,9,9_wedding_crows_crow_married,0.44813332
h10700580055,14,14_herd_dog_tail_turning,0.2698766
h20102670394,8,8_june_march_saint_day,0.6229375
h20102730403,5,5_matchmaker_vodka_melody_wedding,0.27857184
h21005360311,17,17_crooked_tavern_trembles_straight,0.39597985
h21109510005,0,0_servant_cat_wreath_horse,0.0
h21109530008,6,6_sparrow_cabbage_pea_chirp,0.22991851
h21300330003,18,18_hats_hat_cap_hay,0.8975853
h21300440016,16,16_wolf_bear_anne_leg,0.45018065
h21300480022,18,18_hats_hat_cap_hay,0.23271741
h21300580031,6,6_sparrow_cabbage_pea_chirp,0.33210382
h21300590032,1,1_nicholas_saint_blessed_god,0.36728153
h21300590033,13,13_bake_basket_bells_eggs,0.40563384
h21300930039,5,5_matchmaker_vodka_melody_wedding,0.8186123
h21301120066,14,14_herd_dog_tail_turning,0.7586239
h21301160003,13,13_bake_basket_bells_eggs,0.26141176
h21301230013,14,14_herd_dog_tail_turning,0.6235687
h21301940019,12,12_march_thirty_month_june,0.7860644
h21301990025,6,6_sparrow_cabbage_pea_chirp,1.0
h21302030031,8,8_june_march_saint_day,0.50651914
h21302660033,15,15_bow_fall_sail_singing,0.5560834
h21302860001,3,3_oxen_gentlemen_peasants_plow,0.5174701
h21302870003,10,10_wheat_barley_rye_pea,0.38896167
h21303380011,7,7_legs_calf_reed_nest,0.3296413
h21303460011,10,10_wheat_barley_rye_pea,0.46352643
h21305210029,11,11_apples_tree_sisters_wine,0.30022645
h21305420051,16,16_wolf_bear_anne_leg,1.0
h21305460056,16,16_wolf_bear_anne_leg,0.2906135
h21305520061,13,13_bake_basket_bells_eggs,0.2794097
h21305520062,9,9_wedding_crows_crow_married,0.37460434
h21305540065,3,3_oxen_gentlemen_peasants_plow,0.42615077
h21306020002,6,6_sparrow_cabbage_pea_chirp,0.42174652
h21306350002,11,11_apples_tree_sisters_wine,0.32369116
h21306430021,14,14_herd_dog_tail_turning,0.5933775
h21306460031,7,7_legs_calf_reed_nest,0.46242425
h21306510001,7,7_legs_calf_reed_nest,0.28483447
h21307600020,14,14_herd_dog_tail_turning,0.5392071
h21307670025,7,7_legs_calf_reed_nest,0.38941506
h21400170019,16,16_wolf_bear_anne_leg,0.75592905
h21400320041,2,2_beer_beer drink_drank_eating,0.16997145
h21400350045,4,4_servants_thousand_soul_book,0.38374826
h21400350046,18,18_hats_hat_cap_hay,1.0
h21400480067,18,18_hats_hat_cap_hay,0.6515777
h21400490068,14,14_herd_dog_tail_turning,0.62075967
h21400630081,8,8_june_march_saint_day,0.27936327
h21401190015,7,7_legs_calf_reed_nest,0.23245138
h21401360007,16,16_wolf_bear_anne_leg,0.34566253
h21401360008,10,10_wheat_barley_rye_pea,0.8036932
h21403390003,9,9_wedding_crows_crow_married,0.47214827
h21404030006,16,16_wolf_bear_anne_leg,0.3151636
h21404270018,9,9_wedding_crows_crow_married,0.41550454
h21404420011,15,15_bow_fall_sail_singing,1.0
h21404690014,8,8_june_march_saint_day,0.29955617
h21404750002,10,10_wheat_barley_rye_pea,0.5149807
h21406300008,16,16_wolf_bear_anne_leg,1.0
h22600770027,9,9_wedding_crows_crow_married,0.4222456
h22600890044,14,14_herd_dog_tail_turning,0.3022724
h22600920051,12,12_march_thirty_month_june,0.37504995
h22609110003,7,7_legs_calf_reed_nest,0.3883945
h23806420005,14,14_herd_dog_tail_turning,0.18416928
h23807140110,13,13_bake_basket_bells_eggs,0.21801805
h23807420007,2,2_beer_beer drink_drank_eating,0.3839537
h23807550002,9,9_wedding_crows_crow_married,0.53893965
h2390907900a,7,7_legs_calf_reed_nest,0.7463459
h24000861030,7,7_legs_calf_reed_nest,0.26175696
h24000891034,18,18_hats_hat_cap_hay,0.5008283
h24000921038,15,15_bow_fall_sail_singing,0.45379072
h24001941191,13,13_bake_basket_bells_eggs,0.6921973
h24010620005,16,16_wolf_bear_anne_leg,0.36169487
h24607790006,2,2_beer_beer drink_drank_eating,0.24869409
h24608220004,18,18_hats_hat_cap_hay,0.36533043
h24608360020,6,6_sparrow_cabbage_pea_chirp,0.27831218
h24701150013,6,6_sparrow_cabbage_pea_chirp,0.8404658
h25705630001,14,14_herd_dog_tail_turning,0.5937069
h25706310015,14,14_herd_dog_tail_turning,0.8421727
h26502880023,9,9_wedding_crows_crow_married,0.5990925
h26503430015,9,9_wedding_crows_crow_married,0.5757398
h26804740023,11,11_apples_tree_sisters_wine,0.35134998
h30101590010,15,15_bow_fall_sail_singing,0.50392103
h30101600011,8,8_june_march_saint_day,0.33217248
h30101610013,4,4_servants_thousand_soul_book,0.16098495
h30302590007,10,10_wheat_barley_rye_pea,0.5028901
h30400190003,15,15_bow_fall_sail_singing,0.4167424
h30401080017,13,13_bake_basket_bells_eggs,0.56456757
h31204630004,11,11_apples_tree_sisters_wine,0.23150395
h31204800002,5,5_matchmaker_vodka_melody_wedding,1.0
h31701210009,18,18_hats_hat_cap_hay,0.51157653
h31701490006,5,5_matchmaker_vodka_melody_wedding,0.3897775
h31703770039,17,17_crooked_tavern_trembles_straight,0.192348
h31707230002,14,14_herd_dog_tail_turning,0.17308772
h31707310005,14,14_herd_dog_tail_turning,0.8281102
h31709450003,3,3_oxen_gentlemen_peasants_plow,0.37408814
h31709470005,14,14_herd_dog_tail_turning,0.6232857
h31800770002,14,14_herd_dog_tail_turning,0.5062644
h31800980005,14,14_herd_dog_tail_turning,0.4084132
h32301990018,14,14_herd_dog_tail_turning,0.41170463
h40102880002,13,13_bake_basket_bells_eggs,0.20873679
h40102920005,11,11_apples_tree_sisters_wine,0.41159758
h40102950009,16,16_wolf_bear_anne_leg,0.4258037
h40102980013,14,14_herd_dog_tail_turning,0.27352938
h40103070006,3,3_oxen_gentlemen_peasants_plow,0.4488444
h40103470004,10,10_wheat_barley_rye_pea,0.3590453
h40103750018,10,10_wheat_barley_rye_pea,0.35338837
h40103760021,9,9_wedding_crows_crow_married,0.2439892
hgrq01770055,9,9_wedding_crows_crow_married,0.32844752
hgrq01810065,9,9_wedding_crows_crow_married,0.6326319
hgrq01880081,6,6_sparrow_cabbage_pea_chirp,0.49961883
hgrq01950098,9,9_wedding_crows_crow_married,0.54798937
tem1300200015,9,9_wedding_crows_crow_married,0.28701895
young_anti_dbnl_1,15,15_bow_fall_sail_singing,0.29703677
young_anti_dbnl_2,2,2_beer_beer drink_drank_eating,0.28924882
young_anti_dbnl_3,4,4_servants_thousand_soul_book,0.23166358
young_anti_dbnl_4,8,8_june_march_saint_day,0.58299655
young_anti_dbnl_5,1,1_nicholas_saint_blessed_god,0.2674677
young_anti_dbnl_6,15,15_bow_fall_sail_singing,0.24869132
young_anti_dbnl_7,7,7_legs_calf_reed_nest,0.3427565
young_anti_dbnl_8,13,13_bake_basket_bells_eggs,0.1644808
young_anti_dbnl_9,11,11_apples_tree_sisters_wine,1.0
young_anti_dbnl_11,4,4_servants_thousand_soul_book,0.62916416
young_anti_dbnl_12,4,4_servants_thousand_soul_book,0.82607687
young_anti_dbnl_13,9,9_wedding_crows_crow_married,1.0
young_anti_dbnl_14,7,7_legs_calf_reed_nest,0.5092875
young_anti_dbnl_15,11,11_apples_tree_sisters_wine,0.35438418
young_anti_dbnl_16,15,15_bow_fall_sail_singing,0.35065326
young_anti_dbnl_17,8,8_june_march_saint_day,0.4190711
young_anti_dbnl_18,4,4_servants_thousand_soul_book,0.41015485
young_anti_dbnl_19,3,3_oxen_gentlemen_peasants_plow,0.36355826
young_anti_dbnl_20,6,6_sparrow_cabbage_pea_chirp,0.45465285
young_anti_dbnl_21,18,18_hats_hat_cap_hay,0.14190425
young_anti_dbnl_22,13,13_bake_basket_bells_eggs,0.36303225
young_anti_dbnl_24,15,15_bow_fall_sail_singing,0.3350931
young_anti_dbnl_25,5,5_matchmaker_vodka_melody_wedding,0.3561851
young_anti_dbnl_26,9,9_wedding_crows_crow_married,0.31530526
young_anti_dbnl_27,4,4_servants_thousand_soul_book,0.34515494
young_anti_dbnl_28,9,9_wedding_crows_crow_married,0.36646348
young_anti_dbnl_29,4,4_servants_thousand_soul_book,0.29480425
young_anti_dbnl_30,4,4_servants_thousand_soul_book,0.3324448
young_anti_dbnl_31,9,9_wedding_crows_crow_married,0.37360242
young_anti_dbnl_32,9,9_wedding_crows_crow_married,0.303978
young_anti_dbnl_33,9,9_wedding_crows_crow_married,0.34599966
young_anti_dbnl_34,4,4_servants_thousand_soul_book,0.4338399
young_anti_dbnl_35,9,9_wedding_crows_crow_married,0.37360242
young_anti_dbnl_36,4,4_servants_thousand_soul_book,0.3324448
young_anti_dbnl_37,4,4_servants_thousand_soul_book,0.36151978
young_anti_dbnl_38,2,2_beer_beer drink_drank_eating,0.24768804
young_anti_dbnl_39,9,9_wedding_crows_crow_married,0.37360242
young_anti_dbnl_40,17,17_crooked_tavern_trembles_straight,0.15568681
young_anti_dbnl_41,15,15_bow_fall_sail_singing,0.5950558
young_anti_dbnl_43,17,17_crooked_tavern_trembles_straight,0.24561436
young_anti_dbnl_44,16,16_wolf_bear_anne_leg,0.18303224
young_anti_dbnl_45,2,2_beer_beer drink_drank_eating,0.33656847
young_anti_dbnl_47,9,9_wedding_crows_crow_married,0.3834952
young_anti_dbnl_49,1,1_nicholas_saint_blessed_god,0.27602446
young_anti_txt_0,15,15_bow_fall_sail_singing,0.47065902
young_anti_txt_1,15,15_bow_fall_sail_singing,0.36531314
young_anti_txt_2,15,15_bow_fall_sail_singing,0.48656788
young_birthday_dbnl_0,1,1_nicholas_saint_blessed_god,0.32096452
young_birthday_dbnl_1,1,1_nicholas_saint_blessed_god,0.2675704
young_birthday_dbnl_2,1,1_nicholas_saint_blessed_god,0.5133441
young_birthday_dbnl_3,15,15_bow_fall_sail_singing,0.42105004
young_birthday_dbnl_4,8,8_june_march_saint_day,0.21356553
young_birthday_dbnl_5,15,15_bow_fall_sail_singing,0.3020869
young_birthday_dbnl_6,7,7_legs_calf_reed_nest,0.16575602
young_birthday_dbnl_10,18,18_hats_hat_cap_hay,0.24842618
young_birthday_dbnl_12,8,8_june_march_saint_day,0.12900949
young_birthday_dbnl_13,8,8_june_march_saint_day,0.16039361
young_birthday_dbnl_15,13,13_bake_basket_bells_eggs,0.4024015
young_birthday_dbnl_16,7,7_legs_calf_reed_nest,0.56535107
young_birthday_dbnl_17,13,13_bake_basket_bells_eggs,0.19252174
young_birthday_dbnl_18,2,2_beer_beer drink_drank_eating,0.40345743
young_birthday_dbnl_19,7,7_legs_calf_reed_nest,0.18481848
young_birthday_dbnl_20,17,17_crooked_tavern_trembles_straight,0.33678758
young_birthday_dbnl_21,12,12_march_thirty_month_june,0.17010958
young_birthday_dbnl_22,7,7_legs_calf_reed_nest,0.29631883
young_birthday_dbnl_23,1,1_nicholas_saint_blessed_god,0.46179858
young_birthday_dbnl_24,9,9_wedding_crows_crow_married,0.22086364
young_birthday_dbnl_25,15,15_bow_fall_sail_singing,0.31160992
young_birthday_dbnl_26,7,7_legs_calf_reed_nest,0.200416
young_birthday_dbnl_28,1,1_nicholas_saint_blessed_god,0.23457326
young_birthday_dbnl_29,15,15_bow_fall_sail_singing,0.26491016
young_birthday_dbnl_30,15,15_bow_fall_sail_singing,0.2298588
young_birthday_dbnl_31,2,2_beer_beer drink_drank_eating,0.23526765
young_birthday_dbnl_32,15,15_bow_fall_sail_singing,0.1731775
young_birthday_dbnl_33,2,2_beer_beer drink_drank_eating,0.3177308
young_birthday_dbnl_34,7,7_legs_calf_reed_nest,0.21338546
young_birthday_dbnl_35,1,1_nicholas_saint_blessed_god,0.41314277
young_birthday_dbnl_36,12,12_march_thirty_month_june,0.27317253
young_birthday_dbnl_37,11,11_apples_tree_sisters_wine,0.7286783
young_birthday_dbnl_38,15,15_bow_fall_sail_singing,0.26115757
young_birthday_dbnl_39,8,8_june_march_saint_day,0.23362589
young_birthday_dbnl_40,1,1_nicholas_saint_blessed_god,0.4266186
young_birthday_dbnl_41,4,4_servants_thousand_soul_book,0.5122852
young_birthday_dbnl_42,15,15_bow_fall_sail_singing,0.22652236
young_birthday_dbnl_43,12,12_march_thirty_month_june,0.2543845
young_birthday_dbnl_44,12,12_march_thirty_month_june,0.40314063
young_birthday_dbnl_45,1,1_nicholas_saint_blessed_god,0.541764
young_birthday_dbnl_46,1,1_nicholas_saint_blessed_god,0.77919185
young_birthday_dbnl_47,12,12_march_thirty_month_june,0.33219486
young_birthday_dbnl_48,18,18_hats_hat_cap_hay,0.30688938
young_birthday_dbnl_49,13,13_bake_basket_bells_eggs,0.5504875
young_birthday_dbnl_50,7,7_legs_calf_reed_nest,0.4055901
young_birthday_dbnl_51,15,15_bow_fall_sail_singing,0.25716183
young_birthday_dbnl_52,5,5_matchmaker_vodka_melody_wedding,0.68083984
young_birthday_dbnl_53,8,8_june_march_saint_day,0.701837
young_birthday_dbnl_54,9,9_wedding_crows_crow_married,0.390882
young_birthday_dbnl_55,8,8_june_march_saint_day,1.0
young_birthday_dbnl_56,1,1_nicholas_saint_blessed_god,1.0
young_birthday_dbnl_57,3,3_oxen_gentlemen_peasants_plow,1.0
young_birthday_dbnl_58,1,1_nicholas_saint_blessed_god,0.7901264
young_birthday_dbnl_59,18,18_hats_hat_cap_hay,0.17133483
young_birthday_dbnl_60,3,3_oxen_gentlemen_peasants_plow,0.4195347
young_birthday_dbnl_61,16,16_wolf_bear_anne_leg,0.43529758
young_birthday_dbnl_62,15,15_bow_fall_sail_singing,0.37132993
young_birthday_dbnl_63,2,2_beer_beer drink_drank_eating,0.3259019
young_birthday_dbnl_65,12,12_march_thirty_month_june,0.36107197
young_birthday_dbnl_66,1,1_nicholas_saint_blessed_god,0.2555367
young_birthday_dbnl_67,13,13_bake_basket_bells_eggs,0.4425864
young_birthday_dbnl_68,1,1_nicholas_saint_blessed_god,0.25736076
young_birthday_dbnl_69,1,1_nicholas_saint_blessed_god,0.21127488
young_birthday_txt_0,13,13_bake_basket_bells_eggs,0.52007353
young_children_dbnl_1,15,15_bow_fall_sail_singing,0.30458617
young_children_dbnl_2,14,14_herd_dog_tail_turning,0.34514034
young_children_dbnl_3,8,8_june_march_saint_day,0.286533
young_children_dbnl_4,4,4_servants_thousand_soul_book,0.16785161
young_children_dbnl_5,11,11_apples_tree_sisters_wine,0.38884985
young_children_dbnl_7,8,8_june_march_saint_day,0.2788409
young_children_dbnl_8,11,11_apples_tree_sisters_wine,0.7320825
young_children_dbnl_9,14,14_herd_dog_tail_turning,0.34243903
young_children_dbnl_10,1,1_nicholas_saint_blessed_god,0.54479706
young_children_dbnl_11,16,16_wolf_bear_anne_leg,0.27262416
young_children_dbnl_12,1,1_nicholas_saint_blessed_god,0.35099953
young_children_dbnl_13,14,14_herd_dog_tail_turning,0.29078263
young_children_dbnl_14,1,1_nicholas_saint_blessed_god,0.35779986
young_children_dbnl_15,4,4_servants_thousand_soul_book,0.28723174
young_children_dbnl_16,15,15_bow_fall_sail_singing,0.51700664
young_children_dbnl_17,7,7_legs_calf_reed_nest,0.43158588
young_children_dbnl_18,1,1_nicholas_saint_blessed_god,0.6447968
young_children_dbnl_19,4,4_servants_thousand_soul_book,0.31734678
young_children_dbnl_20,1,1_nicholas_saint_blessed_god,0.1887208
young_children_dbnl_21,1,1_nicholas_saint_blessed_god,0.62257695
young_children_dbnl_22,8,8_june_march_saint_day,0.41838154
young_children_dbnl_23,8,8_june_march_saint_day,0.22076389
young_children_dbnl_24,9,9_wedding_crows_crow_married,0.20794077
young_children_dbnl_25,15,15_bow_fall_sail_singing,0.4982373
young_children_dbnl_26,4,4_servants_thousand_soul_book,0.39308628
young_children_dbnl_27,4,4_servants_thousand_soul_book,0.29645392
young_children_dbnl_28,4,4_servants_thousand_soul_book,0.6091185
young_children_dbnl_29,8,8_june_march_saint_day,0.2093378
young_children_dbnl_30,12,12_march_thirty_month_june,0.2756021
young_children_dbnl_31,12,12_march_thirty_month_june,0.28047478
young_children_dbnl_32,1,1_nicholas_saint_blessed_god,0.52955633
young_children_dbnl_33,14,14_herd_dog_tail_turning,0.25535443
young_children_dbnl_35,4,4_servants_thousand_soul_book,0.38518015
young_children_dbnl_36,4,4_servants_thousand_soul_book,0.52280134
young_children_dbnl_37,7,7_legs_calf_reed_nest,0.28538904
young_children_dbnl_38,12,12_march_thirty_month_june,0.68190306
young_children_dbnl_39,15,15_bow_fall_sail_singing,0.6044474
young_children_dbnl_40,12,12_march_thirty_month_june,0.2255273
young_children_dbnl_41,1,1_nicholas_saint_blessed_god,1.0
young_children_dbnl_42,1,1_nicholas_saint_blessed_god,0.43800017
young_children_dbnl_43,16,16_wolf_bear_anne_leg,0.31944096
young_children_dbnl_44,0,0_servant_cat_wreath_horse,0.0
young_children_dbnl_45,17,17_crooked_tavern_trembles_straight,0.4493069
young_children_dbnl_46,7,7_legs_calf_reed_nest,0.2963456
young_children_dbnl_47,8,8_june_march_saint_day,0.4042893
young_children_dbnl_48,4,4_servants_thousand_soul_book,0.5263108
young_children_dbnl_49,15,15_bow_fall_sail_singing,0.8861886
young_children_dbnl_50,1,1_nicholas_saint_blessed_god,0.4039726
young_children_dbnl_51,17,17_crooked_tavern_trembles_straight,0.42148548
young_children_dbnl_52,1,1_nicholas_saint_blessed_god,1.0
young_children_dbnl_53,1,1_nicholas_saint_blessed_god,0.85184836
young_children_dbnl_54,1,1_nicholas_saint_blessed_god,0.72918713
young_children_dbnl_55,1,1_nicholas_saint_blessed_god,0.33407325
young_children_dbnl_56,7,7_legs_calf_reed_nest,0.37818533
young_children_dbnl_57,8,8_june_march_saint_day,0.45929924
young_children_dbnl_58,15,15_bow_fall_sail_singing,0.6120534
young_children_dbnl_59,16,16_wolf_bear_anne_leg,0.33008903
young_children_dbnl_60,1,1_nicholas_saint_blessed_god,0.61197984
young_children_dbnl_61,1,1_nicholas_saint_blessed_god,0.29282027
young_children_dbnl_62,12,12_march_thirty_month_june,0.31747442
young_children_dbnl_63,4,4_servants_thousand_soul_book,0.40460753
young_children_dbnl_64,4,4_servants_thousand_soul_book,0.3083493
young_children_dbnl_65,13,13_bake_basket_bells_eggs,0.394376
young_children_dbnl_66,8,8_june_march_saint_day,0.33088505
young_children_dbnl_67,3,3_oxen_gentlemen_peasants_plow,0.27386436
young_children_dbnl_68,4,4_servants_thousand_soul_book,0.43349984
young_children_dbnl_69,1,1_nicholas_saint_blessed_god,0.64333254
young_children_dbnl_70,4,4_servants_thousand_soul_book,0.76777667
young_children_dbnl_71,7,7_legs_calf_reed_nest,0.3271934
young_children_dbnl_72,4,4_servants_thousand_soul_book,0.40146962
young_children_dbnl_73,15,15_bow_fall_sail_singing,0.4353207
young_children_dbnl_74,4,4_servants_thousand_soul_book,0.2582087
young_children_dbnl_75,8,8_june_march_saint_day,0.5116716
young_children_dbnl_77,4,4_servants_thousand_soul_book,0.30256698
young_children_dbnl_78,4,4_servants_thousand_soul_book,0.78750277
young_children_dbnl_79,8,8_june_march_saint_day,0.43190357
young_children_dbnl_80,4,4_servants_thousand_soul_book,0.39383903
young_children_dbnl_81,1,1_nicholas_saint_blessed_god,0.84324723
young_children_dbnl_82,4,4_servants_thousand_soul_book,0.2607654
young_children_dbnl_83,7,7_legs_calf_reed_nest,0.3573643
young_children_dbnl_84,13,13_bake_basket_bells_eggs,0.3422108
young_children_dbnl_85,13,13_bake_basket_bells_eggs,0.38804418
young_children_dbnl_86,8,8_june_march_saint_day,0.31611708
young_children_dbnl_88,15,15_bow_fall_sail_singing,0.36824194
young_children_dbnl_89,13,13_bake_basket_bells_eggs,0.32725152
young_children_dbnl_90,16,16_wolf_bear_anne_leg,0.25089905
young_children_dbnl_91,10,10_wheat_barley_rye_pea,0.3362382
young_children_dbnl_92,11,11_apples_tree_sisters_wine,0.18208519
young_children_dbnl_93,4,4_servants_thousand_soul_book,0.36615536
young_children_dbnl_94,12,12_march_thirty_month_june,0.39480248
young_children_dbnl_95,15,15_bow_fall_sail_singing,0.36504683
young_children_dbnl_96,6,6_sparrow_cabbage_pea_chirp,0.34108466
young_children_dbnl_97,4,4_servants_thousand_soul_book,0.27027163
young_children_dbnl_98,1,1_nicholas_saint_blessed_god,0.28482634
young_children_dbnl_99,4,4_servants_thousand_soul_book,0.7695059
young_children_dbnl_100,8,8_june_march_saint_day,0.20361575
young_children_dbnl_102,4,4_servants_thousand_soul_book,0.4085953
young_children_dbnl_103,6,6_sparrow_cabbage_pea_chirp,0.39432743
young_children_dbnl_104,13,13_bake_basket_bells_eggs,0.16368249
young_children_dbnl_105,10,10_wheat_barley_rye_pea,0.41530293
young_children_dbnl_106,16,16_wolf_bear_anne_leg,0.41687286
young_children_dbnl_108,12,12_march_thirty_month_june,1.0
young_children_dbnl_109,8,8_june_march_saint_day,0.42153075
young_children_dbnl_112,5,5_matchmaker_vodka_melody_wedding,1.0
young_children_dbnl_113,4,4_servants_thousand_soul_book,0.57569623
young_children_dbnl_114,4,4_servants_thousand_soul_book,0.54054475
young_children_dbnl_115,7,7_legs_calf_reed_nest,0.49263528
young_children_dbnl_116,12,12_march_thirty_month_june,1.0
young_children_dbnl_118,4,4_servants_thousand_soul_book,0.24540669
young_children_dbnl_119,7,7_legs_calf_reed_nest,0.31480578
young_children_dbnl_121,4,4_servants_thousand_soul_book,0.2959811
young_children_dbnl_122,15,15_bow_fall_sail_singing,0.28627455
young_children_dbnl_123,4,4_servants_thousand_soul_book,0.33121252
young_children_dbnl_124,4,4_servants_thousand_soul_book,0.44512752
young_children_dbnl_125,15,15_bow_fall_sail_singing,0.4420179
young_children_dbnl_126,7,7_legs_calf_reed_nest,0.55293846
young_children_dbnl_127,3,3_oxen_gentlemen_peasants_plow,0.49641317
young_children_dbnl_128,15,15_bow_fall_sail_singing,0.26137555
young_children_dbnl_129,4,4_servants_thousand_soul_book,0.46836242
young_children_dbnl_131,2,2_beer_beer drink_drank_eating,0.26819274
young_children_dbnl_132,17,17_crooked_tavern_trembles_straight,0.46161637
young_children_dbnl_133,6,6_sparrow_cabbage_pea_chirp,0.3129021
young_children_dbnl_134,15,15_bow_fall_sail_singing,0.71681905
young_children_dbnl_135,11,11_apples_tree_sisters_wine,0.2571284
young_children_dbnl_136,16,16_wolf_bear_anne_leg,0.27302068
young_children_dbnl_137,6,6_sparrow_cabbage_pea_chirp,0.3723022
young_children_dbnl_138,9,9_wedding_crows_crow_married,0.304256
young_children_dbnl_139,6,6_sparrow_cabbage_pea_chirp,0.5256405
young_children_dbnl_140,10,10_wheat_barley_rye_pea,0.24625202
young_children_dbnl_141,11,11_apples_tree_sisters_wine,0.71045893
young_children_dbnl_142,15,15_bow_fall_sail_singing,0.40522635
young_children_dbnl_143,3,3_oxen_gentlemen_peasants_plow,0.61972374
young_children_dbnl_144,7,7_legs_calf_reed_nest,0.4900653
young_children_dbnl_145,13,13_bake_basket_bells_eggs,0.36068758
young_children_dbnl_146,8,8_june_march_saint_day,0.5093381
young_children_dbnl_147,9,9_wedding_crows_crow_married,0.3781247
young_children_dbnl_148,11,11_apples_tree_sisters_wine,0.332226
young_children_dbnl_149,1,1_nicholas_saint_blessed_god,1.0
young_children_dbnl_150,10,10_wheat_barley_rye_pea,0.79841554
young_children_dbnl_151,13,13_bake_basket_bells_eggs,0.30735597
young_children_dbnl_152,10,10_wheat_barley_rye_pea,0.45666313
young_children_dbnl_153,15,15_bow_fall_sail_singing,0.63960683
young_children_dbnl_154,15,15_bow_fall_sail_singing,0.6829567
young_children_dbnl_155,12,12_march_thirty_month_june,1.0
young_children_dbnl_156,15,15_bow_fall_sail_singing,0.5417275
young_children_dbnl_157,4,4_servants_thousand_soul_book,0.45474952
young_children_dbnl_158,15,15_bow_fall_sail_singing,0.346273
young_children_dbnl_159,15,15_bow_fall_sail_singing,0.5229237
young_children_dbnl_160,3,3_oxen_gentlemen_peasants_plow,1.0
young_children_dbnl_161,4,4_servants_thousand_soul_book,0.27338347
young_children_dbnl_162,15,15_bow_fall_sail_singing,0.4844631
young_children_dbnl_163,13,13_bake_basket_bells_eggs,0.29055274
young_children_dbnl_164,16,16_wolf_bear_anne_leg,0.2574535
young_children_dbnl_165,8,8_june_march_saint_day,0.3536054
young_children_dbnl_166,17,17_crooked_tavern_trembles_straight,0.427294
young_children_dbnl_167,15,15_bow_fall_sail_singing,0.29359668
young_children_dbnl_168,7,7_legs_calf_reed_nest,0.46413386
young_children_dbnl_169,5,5_matchmaker_vodka_melody_wedding,0.28907123
young_children_dbnl_170,6,6_sparrow_cabbage_pea_chirp,0.88738126
young_children_dbnl_171,15,15_bow_fall_sail_singing,0.6033003
young_children_dbnl_172,4,4_servants_thousand_soul_book,0.2899483
young_children_dbnl_173,7,7_legs_calf_reed_nest,0.33107668
young_children_dbnl_174,16,16_wolf_bear_anne_leg,0.3373598
young_children_dbnl_175,15,15_bow_fall_sail_singing,0.6159995
young_children_dbnl_176,7,7_legs_calf_reed_nest,0.28776917
young_children_dbnl_177,0,0_servant_cat_wreath_horse,0.0
young_children_dbnl_178,14,14_herd_dog_tail_turning,0.5610166
young_children_dbnl_179,15,15_bow_fall_sail_singing,0.4401491
young_children_dbnl_180,6,6_sparrow_cabbage_pea_chirp,0.29955095
young_children_dbnl_181,9,9_wedding_crows_crow_married,1.0
young_children_dbnl_182,8,8_june_march_saint_day,0.29647803
young_children_dbnl_183,12,12_march_thirty_month_june,0.3629383
young_children_dbnl_184,15,15_bow_fall_sail_singing,0.41313043
young_children_dbnl_185,13,13_bake_basket_bells_eggs,1.0
young_children_dbnl_186,6,6_sparrow_cabbage_pea_chirp,0.26537606
young_children_dbnl_187,15,15_bow_fall_sail_singing,0.29991502
young_children_dbnl_188,15,15_bow_fall_sail_singing,0.6985019
young_children_dbnl_189,1,1_nicholas_saint_blessed_god,0.555891
young_children_dbnl_190,17,17_crooked_tavern_trembles_straight,0.20805636
young_children_dbnl_192,8,8_june_march_saint_day,0.72718966
young_children_dbnl_193,4,4_servants_thousand_soul_book,0.3421494
young_children_dbnl_194,3,3_oxen_gentlemen_peasants_plow,0.27577186
young_children_dbnl_195,10,10_wheat_barley_rye_pea,0.3802024
young_children_dbnl_196,7,7_legs_calf_reed_nest,0.43983707
young_children_dbnl_197,10,10_wheat_barley_rye_pea,0.22232032
young_children_dbnl_198,11,11_apples_tree_sisters_wine,0.41944227
young_children_dbnl_199,4,4_servants_thousand_soul_book,0.35200566
young_children_dbnl_200,15,15_bow_fall_sail_singing,0.3668512
young_children_dbnl_201,7,7_legs_calf_reed_nest,0.3113801
young_children_dbnl_202,4,4_servants_thousand_soul_book,0.30462018
young_children_dbnl_204,15,15_bow_fall_sail_singing,0.2792537
young_children_dbnl_205,13,13_bake_basket_bells_eggs,0.1818741
young_children_dbnl_206,1,1_nicholas_saint_blessed_god,0.46977195
young_children_dbnl_207,7,7_legs_calf_reed_nest,0.26075044
young_children_dbnl_208,8,8_june_march_saint_day,0.34289265
young_children_dbnl_209,1,1_nicholas_saint_blessed_god,0.5179846
young_children_dbnl_210,1,1_nicholas_saint_blessed_god,0.48817
young_children_dbnl_211,1,1_nicholas_saint_blessed_god,1.0
young_children_dbnl_212,1,1_nicholas_saint_blessed_god,0.20279959
young_children_dbnl_213,7,7_legs_calf_reed_nest,0.35540086
young_children_dbnl_214,7,7_legs_calf_reed_nest,0.3250729
young_children_dbnl_215,16,16_wolf_bear_anne_leg,0.17796025
young_children_dbnl_216,1,1_nicholas_saint_blessed_god,1.0
young_children_dbnl_217,15,15_bow_fall_sail_singing,0.34671733
young_children_dbnl_218,15,15_bow_fall_sail_singing,0.7484097
young_children_dbnl_219,1,1_nicholas_saint_blessed_god,0.3135271
young_children_dbnl_220,12,12_march_thirty_month_june,0.22629783
young_children_dbnl_221,1,1_nicholas_saint_blessed_god,0.14093228
young_children_dbnl_222,1,1_nicholas_saint_blessed_god,0.2805416
young_children_dbnl_223,17,17_crooked_tavern_trembles_straight,0.21360655
young_children_dbnl_225,12,12_march_thirty_month_june,0.3039987
young_children_dbnl_226,8,8_june_march_saint_day,0.36676484
young_children_dbnl_227,7,7_legs_calf_reed_nest,0.25788397
young_children_dbnl_229,0,0_servant_cat_wreath_horse,0.0
young_children_dbnl_230,13,13_bake_basket_bells_eggs,0.27504864
young_children_dbnl_231,15,15_bow_fall_sail_singing,0.22676025
young_children_dbnl_232,15,15_bow_fall_sail_singing,0.21446793
young_children_dbnl_233,8,8_june_march_saint_day,0.29766282
young_children_dbnl_234,12,12_march_thirty_month_june,0.3477241
young_children_dbnl_236,8,8_june_march_saint_day,0.29668215
young_children_dbnl_237,7,7_legs_calf_reed_nest,0.3454793
young_children_dbnl_238,8,8_june_march_saint_day,0.24450456
young_children_dbnl_239,3,3_oxen_gentlemen_peasants_plow,0.25357732
young_children_dbnl_240,16,16_wolf_bear_anne_leg,0.28618902
young_children_dbnl_241,16,16_wolf_bear_anne_leg,0.48349878
young_children_dbnl_242,6,6_sparrow_cabbage_pea_chirp,0.22032884
young_children_dbnl_243,4,4_servants_thousand_soul_book,0.8011569
young_children_dbnl_244,8,8_june_march_saint_day,0.41651744
young_children_dbnl_245,0,0_servant_cat_wreath_horse,0.0
young_children_dbnl_246,16,16_wolf_bear_anne_leg,0.665363
young_children_dbnl_247,5,5_matchmaker_vodka_melody_wedding,0.28252473
young_children_dbnl_248,13,13_bake_basket_bells_eggs,0.41638172
young_children_dbnl_249,5,5_matchmaker_vodka_melody_wedding,0.33511868
young_children_dbnl_250,4,4_servants_thousand_soul_book,0.5073165
young_children_dbnl_251,15,15_bow_fall_sail_singing,0.77413356
young_children_dbnl_252,6,6_sparrow_cabbage_pea_chirp,0.31754798
young_children_dbnl_253,10,10_wheat_barley_rye_pea,1.0
young_children_dbnl_254,15,15_bow_fall_sail_singing,0.51125515
young_children_dbnl_255,13,13_bake_basket_bells_eggs,1.0
young_children_dbnl_256,15,15_bow_fall_sail_singing,0.7569498
young_children_dbnl_257,8,8_june_march_saint_day,0.7363627
young_children_dbnl_258,16,16_wolf_bear_anne_leg,0.5467378
young_children_dbnl_259,4,4_servants_thousand_soul_book,0.44741386
young_children_dbnl_260,15,15_bow_fall_sail_singing,0.6811928
young_children_dbnl_261,1,1_nicholas_saint_blessed_god,1.0
young_children_dbnl_262,15,15_bow_fall_sail_singing,0.8053364
young_children_dbnl_263,17,17_crooked_tavern_trembles_straight,0.521717
young_children_dbnl_264,13,13_bake_basket_bells_eggs,1.0
young_children_dbnl_265,7,7_legs_calf_reed_nest,0.47549203
young_children_dbnl_266,8,8_june_march_saint_day,1.0
young_children_dbnl_267,0,0_servant_cat_wreath_horse,0.0
young_children_dbnl_268,16,16_wolf_bear_anne_leg,0.3747093
young_children_dbnl_269,14,14_herd_dog_tail_turning,1.0
young_children_dbnl_270,6,6_sparrow_cabbage_pea_chirp,0.43001762
young_children_dbnl_271,1,1_nicholas_saint_blessed_god,1.0
young_children_dbnl_273,0,0_servant_cat_wreath_horse,0.0
young_children_dbnl_274,6,6_sparrow_cabbage_pea_chirp,1.0
young_children_dbnl_275,8,8_june_march_saint_day,1.0
young_children_dbnl_276,15,15_bow_fall_sail_singing,0.4212005
young_children_dbnl_277,12,12_march_thirty_month_june,0.30099997
young_children_dbnl_278,13,13_bake_basket_bells_eggs,1.0
young_children_dbnl_279,15,15_bow_fall_sail_singing,0.5454876
young_children_dbnl_280,15,15_bow_fall_sail_singing,0.33439258
young_children_dbnl_281,15,15_bow_fall_sail_singing,0.48311487
young_children_dbnl_282,16,16_wolf_bear_anne_leg,0.7116879
young_children_dbnl_283,1,1_nicholas_saint_blessed_god,1.0
young_children_dbnl_284,15,15_bow_fall_sail_singing,0.7308436
young_children_dbnl_285,8,8_june_march_saint_day,1.0
young_children_dbnl_286,0,0_servant_cat_wreath_horse,0.0
young_children_dbnl_287,15,15_bow_fall_sail_singing,1.0
young_children_dbnl_288,15,15_bow_fall_sail_singing,0.33465233
young_children_dbnl_289,0,0_servant_cat_wreath_horse,0.0
young_children_dbnl_290,3,3_oxen_gentlemen_peasants_plow,0.5731157
young_children_dbnl_291,15,15_bow_fall_sail_singing,0.43221793
young_children_dbnl_292,1,1_nicholas_saint_blessed_god,0.55251616
young_children_dbnl_293,1,1_nicholas_saint_blessed_god,1.0
young_children_dbnl_294,1,1_nicholas_saint_blessed_god,1.0
young_children_dbnl_295,13,13_bake_basket_bells_eggs,1.0
young_children_dbnl_296,0,0_servant_cat_wreath_horse,0.0
young_children_dbnl_297,7,7_legs_calf_reed_nest,0.65469766
young_children_dbnl_298,1,1_nicholas_saint_blessed_god,1.0
young_children_dbnl_299,1,1_nicholas_saint_blessed_god,1.0
young_children_dbnl_300,7,7_legs_calf_reed_nest,0.45604566
young_children_dbnl_301,15,15_bow_fall_sail_singing,0.79869807
young_children_dbnl_302,17,17_crooked_tavern_trembles_straight,0.5564579
young_children_dbnl_303,1,1_nicholas_saint_blessed_god,1.0
young_children_dbnl_304,1,1_nicholas_saint_blessed_god,0.6489587
young_children_dbnl_305,15,15_bow_fall_sail_singing,0.75018036
young_children_dbnl_306,1,1_nicholas_saint_blessed_god,1.0
young_children_dbnl_307,15,15_bow_fall_sail_singing,0.44269246
young_children_dbnl_308,0,0_servant_cat_wreath_horse,0.0
young_children_dbnl_309,1,1_nicholas_saint_blessed_god,0.6950948
young_children_dbnl_310,7,7_legs_calf_reed_nest,0.38450217
young_children_dbnl_311,15,15_bow_fall_sail_singing,0.96384495
young_children_dbnl_312,9,9_wedding_crows_crow_married,0.4592217
young_children_dbnl_313,3,3_oxen_gentlemen_peasants_plow,0.5151471
young_children_dbnl_314,1,1_nicholas_saint_blessed_god,0.65070784
young_children_dbnl_315,15,15_bow_fall_sail_singing,0.52130085
young_children_dbnl_316,1,1_nicholas_saint_blessed_god,1.0
young_children_dbnl_317,16,16_wolf_bear_anne_leg,0.80973166
young_children_dbnl_318,4,4_servants_thousand_soul_book,0.8027227
young_children_dbnl_319,1,1_nicholas_saint_blessed_god,0.50397575
young_children_dbnl_320,0,0_servant_cat_wreath_horse,0.0
young_children_dbnl_321,1,1_nicholas_saint_blessed_god,1.0
young_children_dbnl_322,1,1_nicholas_saint_blessed_god,1.0
young_children_dbnl_323,0,0_servant_cat_wreath_horse,0.0
young_children_dbnl_324,15,15_bow_fall_sail_singing,0.43341094
young_children_dbnl_325,8,8_june_march_saint_day,0.5100392
young_children_dbnl_326,6,6_sparrow_cabbage_pea_chirp,0.31679466
young_children_dbnl_327,8,8_june_march_saint_day,0.59650344
young_children_dbnl_328,1,1_nicholas_saint_blessed_god,0.7350047
young_children_dbnl_329,1,1_nicholas_saint_blessed_god,0.42060563
young_children_dbnl_330,12,12_march_thirty_month_june,0.22489089
young_children_dbnl_331,1,1_nicholas_saint_blessed_god,1.0
young_children_dbnl_332,15,15_bow_fall_sail_singing,0.74933946
young_children_dbnl_333,1,1_nicholas_saint_blessed_god,0.63865995
young_children_dbnl_334,1,1_nicholas_saint_blessed_god,1.0
young_children_dbnl_335,1,1_nicholas_saint_blessed_god,1.0
young_children_dbnl_336,12,12_march_thirty_month_june,0.36432973
young_children_dbnl_337,1,1_nicholas_saint_blessed_god,0.66114676
young_children_dbnl_338,8,8_june_march_saint_day,0.518478
young_children_dbnl_339,1,1_nicholas_saint_blessed_god,0.26392624
young_children_dbnl_340,13,13_bake_basket_bells_eggs,0.36885917
young_children_dbnl_341,7,7_legs_calf_reed_nest,0.60878307
young_children_dbnl_342,15,15_bow_fall_sail_singing,0.65494233
young_children_dbnl_343,12,12_march_thirty_month_june,0.18871145
young_children_dbnl_344,11,11_apples_tree_sisters_wine,0.34671977
young_children_dbnl_345,7,7_legs_calf_reed_nest,0.6297129
young_children_dbnl_346,7,7_legs_calf_reed_nest,0.46516943
young_children_dbnl_347,13,13_bake_basket_bells_eggs,0.5250783
young_children_dbnl_348,15,15_bow_fall_sail_singing,0.9190967
young_children_dbnl_349,7,7_legs_calf_reed_nest,0.22374663
young_children_dbnl_350,12,12_march_thirty_month_june,0.33833224
young_children_dbnl_351,1,1_nicholas_saint_blessed_god,0.646936
young_children_dbnl_352,13,13_bake_basket_bells_eggs,0.59661067
young_children_dbnl_353,1,1_nicholas_saint_blessed_god,1.0
young_children_dbnl_354,7,7_legs_calf_reed_nest,0.41669995
young_children_dbnl_355,1,1_nicholas_saint_blessed_god,0.2848913
young_children_dbnl_356,8,8_june_march_saint_day,0.7111361
young_children_dbnl_357,0,0_servant_cat_wreath_horse,0.0
young_children_dbnl_358,15,15_bow_fall_sail_singing,0.43934724
young_children_dbnl_359,13,13_bake_basket_bells_eggs,0.19928615
young_children_dbnl_360,11,11_apples_tree_sisters_wine,0.32466662
young_children_dbnl_361,8,8_june_march_saint_day,0.2882321
young_children_dbnl_362,7,7_legs_calf_reed_nest,0.20065798
young_children_dbnl_363,12,12_march_thirty_month_june,0.25288844
young_children_dbnl_364,13,13_bake_basket_bells_eggs,0.312879
young_children_dbnl_366,15,15_bow_fall_sail_singing,0.23987286
young_children_dbnl_367,11,11_apples_tree_sisters_wine,0.3273405
young_children_dbnl_368,4,4_servants_thousand_soul_book,0.36351186
young_children_dbnl_369,8,8_june_march_saint_day,0.2650731
young_children_dbnl_370,5,5_matchmaker_vodka_melody_wedding,0.6547886
young_children_dbnl_371,11,11_apples_tree_sisters_wine,0.3579199
young_children_dbnl_372,1,1_nicholas_saint_blessed_god,1.0
young_children_dbnl_373,12,12_march_thirty_month_june,0.35030177
young_children_dbnl_374,12,12_march_thirty_month_june,0.38885388
young_children_dbnl_376,4,4_servants_thousand_soul_book,0.2505817
young_children_dbnl_377,13,13_bake_basket_bells_eggs,0.18211335
young_children_dbnl_378,15,15_bow_fall_sail_singing,0.2348007
young_children_dbnl_379,1,1_nicholas_saint_blessed_god,0.38414523
young_children_dbnl_380,3,3_oxen_gentlemen_peasants_plow,0.24300337
young_children_dbnl_381,15,15_bow_fall_sail_singing,0.50750726
young_children_dbnl_382,16,16_wolf_bear_anne_leg,0.24670236
young_children_dbnl_383,1,1_nicholas_saint_blessed_god,0.4861035
young_children_dbnl_384,1,1_nicholas_saint_blessed_god,0.85265285
young_children_dbnl_385,0,0_servant_cat_wreath_horse,0.0
young_children_dbnl_386,7,7_legs_calf_reed_nest,0.32527125
young_children_dbnl_387,10,10_wheat_barley_rye_pea,0.2742747
young_children_dbnl_388,15,15_bow_fall_sail_singing,0.590227
young_children_dbnl_389,15,15_bow_fall_sail_singing,0.37424454
young_children_dbnl_390,5,5_matchmaker_vodka_melody_wedding,0.40959954
young_children_dbnl_393,12,12_march_thirty_month_june,0.3301284
young_children_dbnl_394,6,6_sparrow_cabbage_pea_chirp,0.24802876
young_children_dbnl_396,8,8_june_march_saint_day,0.5458202
young_children_dbnl_397,5,5_matchmaker_vodka_melody_wedding,0.3578038
young_children_dbnl_398,13,13_bake_basket_bells_eggs,0.31272376
young_children_dbnl_399,5,5_matchmaker_vodka_melody_wedding,0.7718109
young_children_dbnl_400,6,6_sparrow_cabbage_pea_chirp,1.0
young_children_dbnl_401,1,1_nicholas_saint_blessed_god,0.68032026
young_children_dbnl_402,1,1_nicholas_saint_blessed_god,0.6363102
young_children_dbnl_403,15,15_bow_fall_sail_singing,0.3035903
young_children_dbnl_404,1,1_nicholas_saint_blessed_god,0.3436424
young_children_dbnl_405,11,11_apples_tree_sisters_wine,0.20872451
young_children_dbnl_406,12,12_march_thirty_month_june,1.0
young_children_dbnl_407,1,1_nicholas_saint_blessed_god,1.0
young_children_dbnl_408,1,1_nicholas_saint_blessed_god,0.27352792
young_children_dbnl_409,15,15_bow_fall_sail_singing,0.42328134
young_children_dbnl_410,1,1_nicholas_saint_blessed_god,0.30823913
young_children_dbnl_411,1,1_nicholas_saint_blessed_god,0.49469188
young_children_dbnl_412,8,8_june_march_saint_day,0.42762083
young_children_dbnl_413,8,8_june_march_saint_day,0.39606243
young_children_dbnl_414,12,12_march_thirty_month_june,0.33942792
young_children_dbnl_415,1,1_nicholas_saint_blessed_god,0.2986647
young_children_dbnl_416,12,12_march_thirty_month_june,0.3075216
young_children_dbnl_417,13,13_bake_basket_bells_eggs,0.2192087
young_children_dbnl_418,15,15_bow_fall_sail_singing,0.33190858
young_children_dbnl_419,6,6_sparrow_cabbage_pea_chirp,0.44648778
young_children_dbnl_420,8,8_june_march_saint_day,0.19005308
young_children_dbnl_421,3,3_oxen_gentlemen_peasants_plow,0.57568043
young_children_dbnl_422,8,8_june_march_saint_day,0.20786466
young_children_dbnl_423,4,4_servants_thousand_soul_book,0.38231298
young_children_dbnl_424,15,15_bow_fall_sail_singing,0.28104416
young_children_dbnl_425,15,15_bow_fall_sail_singing,1.0
young_children_dbnl_426,14,14_herd_dog_tail_turning,0.43775958
young_children_dbnl_427,13,13_bake_basket_bells_eggs,0.22339363
young_children_dbnl_428,13,13_bake_basket_bells_eggs,0.21310161
young_children_dbnl_429,13,13_bake_basket_bells_eggs,0.22259785
young_children_dbnl_430,15,15_bow_fall_sail_singing,0.2126446
young_children_dbnl_431,13,13_bake_basket_bells_eggs,0.25560117
young_children_dbnl_432,8,8_june_march_saint_day,0.20238101
young_children_dbnl_433,8,8_june_march_saint_day,0.2251232
young_children_dbnl_434,1,1_nicholas_saint_blessed_god,0.22337042
young_children_dbnl_435,8,8_june_march_saint_day,0.2217176
young_children_dbnl_436,8,8_june_march_saint_day,0.20618637
young_children_dbnl_437,1,1_nicholas_saint_blessed_god,0.22375838
young_children_dbnl_438,13,13_bake_basket_bells_eggs,0.538097
young_children_dbnl_439,11,11_apples_tree_sisters_wine,0.2691964
young_children_dbnl_440,8,8_june_march_saint_day,0.30675286
young_children_dbnl_441,10,10_wheat_barley_rye_pea,0.2461073
young_children_dbnl_442,14,14_herd_dog_tail_turning,0.1993322
young_children_dbnl_443,15,15_bow_fall_sail_singing,0.3503117
young_children_dbnl_444,0,0_servant_cat_wreath_horse,0.0
young_children_dbnl_445,8,8_june_march_saint_day,0.30365488
young_children_dbnl_446,15,15_bow_fall_sail_singing,0.42760473
young_children_dbnl_447,15,15_bow_fall_sail_singing,0.47481322
young_children_dbnl_448,7,7_legs_calf_reed_nest,0.19803151
young_children_dbnl_449,6,6_sparrow_cabbage_pea_chirp,0.30734286
young_children_dbnl_450,16,16_wolf_bear_anne_leg,0.4413842
young_children_dbnl_452,3,3_oxen_gentlemen_peasants_plow,0.530571
young_children_dbnl_453,1,1_nicholas_saint_blessed_god,0.32513538
young_children_dbnl_454,11,11_apples_tree_sisters_wine,0.23008326
young_children_dbnl_455,3,3_oxen_gentlemen_peasants_plow,0.3459106
young_children_dbnl_456,7,7_legs_calf_reed_nest,0.42616394
young_children_dbnl_457,11,11_apples_tree_sisters_wine,0.6243835
young_children_dbnl_458,16,16_wolf_bear_anne_leg,0.18016623
young_children_dbnl_459,6,6_sparrow_cabbage_pea_chirp,0.2981334
young_children_dbnl_460,15,15_bow_fall_sail_singing,0.15335268
young_children_dbnl_461,8,8_june_march_saint_day,0.31294012
young_children_dbnl_462,4,4_servants_thousand_soul_book,0.29734936
young_children_dbnl_463,3,3_oxen_gentlemen_peasants_plow,0.32666105
young_children_dbnl_464,15,15_bow_fall_sail_singing,0.3288348
young_children_dbnl_465,13,13_bake_basket_bells_eggs,0.53184116
young_children_dbnl_466,15,15_bow_fall_sail_singing,0.36348018
young_children_dbnl_467,7,7_legs_calf_reed_nest,0.29618582
young_children_dbnl_468,1,1_nicholas_saint_blessed_god,0.86788887
young_children_dbnl_469,18,18_hats_hat_cap_hay,0.5857726
young_children_dbnl_470,15,15_bow_fall_sail_singing,0.25647703
young_children_dbnl_471,15,15_bow_fall_sail_singing,0.37126854
young_children_dbnl_472,7,7_legs_calf_reed_nest,0.43256122
young_children_dbnl_473,11,11_apples_tree_sisters_wine,0.5323319
young_children_dbnl_474,5,5_matchmaker_vodka_melody_wedding,0.4164647
young_children_dbnl_476,13,13_bake_basket_bells_eggs,0.46492463
young_children_dbnl_477,6,6_sparrow_cabbage_pea_chirp,0.2143777
young_children_dbnl_478,14,14_herd_dog_tail_turning,0.32979378
young_children_dbnl_479,3,3_oxen_gentlemen_peasants_plow,0.41884106
young_children_dbnl_480,11,11_apples_tree_sisters_wine,0.6076397
young_children_dbnl_481,8,8_june_march_saint_day,0.3879763
young_children_dbnl_482,16,16_wolf_bear_anne_leg,0.31541666
young_children_dbnl_483,15,15_bow_fall_sail_singing,0.35313782
young_children_dbnl_484,1,1_nicholas_saint_blessed_god,0.22986291
young_children_dbnl_486,1,1_nicholas_saint_blessed_god,0.75608754
young_children_dbnl_487,8,8_june_march_saint_day,0.377531
young_children_dbnl_488,1,1_nicholas_saint_blessed_god,0.38753435
young_children_dbnl_489,1,1_nicholas_saint_blessed_god,0.44615602
young_children_dbnl_490,15,15_bow_fall_sail_singing,0.49245033
young_children_dbnl_492,15,15_bow_fall_sail_singing,0.36769673
young_children_dbnl_493,6,6_sparrow_cabbage_pea_chirp,0.41693157
young_children_dbnl_495,14,14_herd_dog_tail_turning,0.37347806
young_children_dbnl_496,15,15_bow_fall_sail_singing,0.90626836
young_children_dbnl_497,1,1_nicholas_saint_blessed_god,0.29622644
young_children_dbnl_498,6,6_sparrow_cabbage_pea_chirp,0.31670848
young_children_dbnl_499,7,7_legs_calf_reed_nest,0.24871995
young_children_dbnl_500,12,12_march_thirty_month_june,0.51624376
young_children_dbnl_501,12,12_march_thirty_month_june,0.23343971
young_children_dbnl_502,1,1_nicholas_saint_blessed_god,0.4963287
young_children_dbnl_503,15,15_bow_fall_sail_singing,0.35536614
young_children_dbnl_504,0,0_servant_cat_wreath_horse,0.0
young_children_dbnl_505,14,14_herd_dog_tail_turning,0.27176857
young_children_dbnl_506,10,10_wheat_barley_rye_pea,0.19670342
young_children_dbnl_507,8,8_june_march_saint_day,0.19636644
young_children_dbnl_508,6,6_sparrow_cabbage_pea_chirp,0.31599203
young_children_dbnl_509,2,2_beer_beer drink_drank_eating,0.18801713
young_children_dbnl_510,15,15_bow_fall_sail_singing,0.44154137
young_children_dbnl_511,15,15_bow_fall_sail_singing,0.36038628
young_children_dbnl_512,6,6_sparrow_cabbage_pea_chirp,0.28068608
young_children_dbnl_513,8,8_june_march_saint_day,0.465923
young_children_dbnl_514,16,16_wolf_bear_anne_leg,0.2796545
young_children_dbnl_515,12,12_march_thirty_month_june,0.2504861
young_children_dbnl_516,4,4_servants_thousand_soul_book,0.52512705
young_children_dbnl_517,12,12_march_thirty_month_june,0.25246036
young_children_dbnl_518,4,4_servants_thousand_soul_book,0.39226347
young_children_dbnl_519,8,8_june_march_saint_day,0.8384108
young_children_dbnl_520,2,2_beer_beer drink_drank_eating,0.5478947
young_children_dbnl_521,10,10_wheat_barley_rye_pea,0.3355866
young_children_dbnl_522,3,3_oxen_gentlemen_peasants_plow,0.46403635
young_children_dbnl_523,8,8_june_march_saint_day,0.27145246
young_children_dbnl_524,13,13_bake_basket_bells_eggs,0.4456415
young_children_dbnl_525,4,4_servants_thousand_soul_book,0.26760325
young_children_dbnl_526,3,3_oxen_gentlemen_peasants_plow,0.8069226
young_children_dbnl_527,6,6_sparrow_cabbage_pea_chirp,0.68448013
young_children_dbnl_528,13,13_bake_basket_bells_eggs,0.21973075
young_children_dbnl_529,8,8_june_march_saint_day,0.31236365
young_children_dbnl_530,15,15_bow_fall_sail_singing,0.4429713
young_children_dbnl_531,6,6_sparrow_cabbage_pea_chirp,0.19625156
young_children_dbnl_532,6,6_sparrow_cabbage_pea_chirp,0.23665594
young_children_dbnl_533,8,8_june_march_saint_day,0.39756578
young_children_dbnl_534,15,15_bow_fall_sail_singing,0.49138212
young_children_dbnl_535,5,5_matchmaker_vodka_melody_wedding,0.3165021
young_children_dbnl_536,1,1_nicholas_saint_blessed_god,0.665482
young_children_dbnl_537,5,5_matchmaker_vodka_melody_wedding,0.36153722
young_children_dbnl_538,4,4_servants_thousand_soul_book,0.30461752
young_children_dbnl_539,4,4_servants_thousand_soul_book,0.5104168
young_children_dbnl_540,12,12_march_thirty_month_june,0.5537885
young_children_dbnl_541,15,15_bow_fall_sail_singing,0.3527476
young_children_dbnl_542,12,12_march_thirty_month_june,0.67655647
young_children_dbnl_543,8,8_june_march_saint_day,0.28464723
young_children_dbnl_544,6,6_sparrow_cabbage_pea_chirp,0.2935302
young_children_dbnl_545,15,15_bow_fall_sail_singing,0.473518
young_children_dbnl_546,8,8_june_march_saint_day,0.34802786
young_children_dbnl_547,13,13_bake_basket_bells_eggs,0.48861673
young_children_dbnl_548,10,10_wheat_barley_rye_pea,0.33156168
young_children_dbnl_549,10,10_wheat_barley_rye_pea,0.18470007
young_children_dbnl_550,13,13_bake_basket_bells_eggs,0.34978226
young_children_dbnl_551,1,1_nicholas_saint_blessed_god,0.46180657
young_children_dbnl_552,10,10_wheat_barley_rye_pea,0.3593136
young_children_dbnl_553,6,6_sparrow_cabbage_pea_chirp,0.5385314
young_children_dbnl_554,17,17_crooked_tavern_trembles_straight,0.4157368
young_children_dbnl_555,17,17_crooked_tavern_trembles_straight,0.46232548
young_children_dbnl_556,16,16_wolf_bear_anne_leg,0.37284616
young_children_dbnl_557,1,1_nicholas_saint_blessed_god,0.39799553
young_children_dbnl_558,17,17_crooked_tavern_trembles_straight,0.35159597
young_children_dbnl_559,12,12_march_thirty_month_june,0.25611666
young_children_dbnl_560,1,1_nicholas_saint_blessed_god,0.48911834
young_children_dbnl_561,7,7_legs_calf_reed_nest,0.42352542
young_children_dbnl_562,8,8_june_march_saint_day,0.29058787
young_children_dbnl_563,9,9_wedding_crows_crow_married,0.5616794
young_children_dbnl_564,8,8_june_march_saint_day,0.34626472
young_children_dbnl_565,6,6_sparrow_cabbage_pea_chirp,0.563146
young_children_dbnl_566,15,15_bow_fall_sail_singing,0.41256228
young_children_dbnl_567,15,15_bow_fall_sail_singing,0.40990597
young_children_dbnl_568,15,15_bow_fall_sail_singing,0.2812202
young_children_dbnl_569,8,8_june_march_saint_day,0.49967983
young_children_dbnl_570,6,6_sparrow_cabbage_pea_chirp,0.40362033
young_children_dbnl_571,8,8_june_march_saint_day,0.56950516
young_children_dbnl_572,2,2_beer_beer drink_drank_eating,1.0
young_children_dbnl_573,10,10_wheat_barley_rye_pea,0.29624283
young_children_dbnl_574,18,18_hats_hat_cap_hay,0.27011505
young_children_dbnl_575,15,15_bow_fall_sail_singing,0.7118395
young_children_dbnl_576,9,9_wedding_crows_crow_married,0.3509973
young_children_dbnl_577,13,13_bake_basket_bells_eggs,0.30569613
young_children_dbnl_578,15,15_bow_fall_sail_singing,0.26307848
young_children_dbnl_579,7,7_legs_calf_reed_nest,0.30961242
young_children_dbnl_580,8,8_june_march_saint_day,0.26808652
young_children_dbnl_581,10,10_wheat_barley_rye_pea,0.2828083
young_children_dbnl_582,15,15_bow_fall_sail_singing,0.31465995
young_children_dbnl_583,8,8_june_march_saint_day,0.5842227
young_children_dbnl_584,7,7_legs_calf_reed_nest,0.20348465
young_children_dbnl_585,7,7_legs_calf_reed_nest,0.28103876
young_children_dbnl_586,15,15_bow_fall_sail_singing,0.5447991
young_children_dbnl_587,1,1_nicholas_saint_blessed_god,0.43603447
young_children_dbnl_588,10,10_wheat_barley_rye_pea,1.0
young_children_dbnl_589,3,3_oxen_gentlemen_peasants_plow,0.39110154
young_children_dbnl_590,0,0_servant_cat_wreath_horse,0.0
young_children_dbnl_591,0,0_servant_cat_wreath_horse,0.0
young_children_dbnl_592,7,7_legs_calf_reed_nest,0.33687192
young_children_dbnl_593,14,14_herd_dog_tail_turning,0.48008516
young_children_dbnl_594,1,1_nicholas_saint_blessed_god,0.35968265
young_children_dbnl_595,16,16_wolf_bear_anne_leg,1.0
young_children_dbnl_596,8,8_june_march_saint_day,0.23734434
young_children_dbnl_597,14,14_herd_dog_tail_turning,0.46967164
young_children_dbnl_599,18,18_hats_hat_cap_hay,0.5239825
young_children_dbnl_600,13,13_bake_basket_bells_eggs,0.5233008
young_children_dbnl_601,11,11_apples_tree_sisters_wine,0.62486947
young_children_dbnl_602,1,1_nicholas_saint_blessed_god,1.0
young_children_dbnl_603,1,1_nicholas_saint_blessed_god,0.44789806
young_children_dbnl_605,0,0_servant_cat_wreath_horse,0.0
young_children_dbnl_606,0,0_servant_cat_wreath_horse,0.0
young_children_dbnl_607,0,0_servant_cat_wreath_horse,0.0
young_children_dbnl_608,13,13_bake_basket_bells_eggs,0.62730163
young_children_dbnl_609,6,6_sparrow_cabbage_pea_chirp,0.3777431
young_children_dbnl_610,14,14_herd_dog_tail_turning,0.4951201
young_children_dbnl_611,12,12_march_thirty_month_june,0.6474993
young_children_dbnl_612,12,12_march_thirty_month_june,0.45314446
young_children_dbnl_613,18,18_hats_hat_cap_hay,0.7452371
young_children_dbnl_615,14,14_herd_dog_tail_turning,0.4336311
young_children_dbnl_616,0,0_servant_cat_wreath_horse,0.0
young_children_dbnl_617,12,12_march_thirty_month_june,0.45314446
young_children_dbnl_618,18,18_hats_hat_cap_hay,0.4393225
young_children_dbnl_619,0,0_servant_cat_wreath_horse,0.0
young_children_dbnl_620,13,13_bake_basket_bells_eggs,1.0
young_children_dbnl_621,3,3_oxen_gentlemen_peasants_plow,0.6653041
young_children_dbnl_622,18,18_hats_hat_cap_hay,0.6975296
young_children_dbnl_624,14,14_herd_dog_tail_turning,1.0
young_children_dbnl_625,6,6_sparrow_cabbage_pea_chirp,0.87827146
young_children_dbnl_626,14,14_herd_dog_tail_turning,0.41788584
young_children_dbnl_627,10,10_wheat_barley_rye_pea,0.30847862
young_children_dbnl_628,4,4_servants_thousand_soul_book,1.0
young_children_dbnl_629,14,14_herd_dog_tail_turning,0.66392887
young_children_dbnl_630,18,18_hats_hat_cap_hay,0.35890663
young_children_dbnl_631,12,12_march_thirty_month_june,0.52398086
young_children_dbnl_632,2,2_beer_beer drink_drank_eating,1.0
young_children_dbnl_633,5,5_matchmaker_vodka_melody_wedding,0.44350368
young_children_dbnl_634,12,12_march_thirty_month_june,0.5950413
young_children_dbnl_635,12,12_march_thirty_month_june,1.0
young_children_dbnl_636,3,3_oxen_gentlemen_peasants_plow,0.71900445
young_children_dbnl_637,14,14_herd_dog_tail_turning,0.51459223
young_children_dbnl_638,11,11_apples_tree_sisters_wine,1.0
young_children_dbnl_639,8,8_june_march_saint_day,0.5664124
young_children_dbnl_640,9,9_wedding_crows_crow_married,0.3600956
young_children_dbnl_641,4,4_servants_thousand_soul_book,0.7298545
young_children_dbnl_642,6,6_sparrow_cabbage_pea_chirp,0.5386947
young_children_dbnl_643,0,0_servant_cat_wreath_horse,0.0
young_children_dbnl_644,11,11_apples_tree_sisters_wine,1.0
young_children_dbnl_645,11,11_apples_tree_sisters_wine,1.0
young_children_dbnl_646,7,7_legs_calf_reed_nest,0.7144818
young_children_dbnl_647,7,7_legs_calf_reed_nest,0.7144818
young_children_dbnl_648,0,0_servant_cat_wreath_horse,0.0
young_children_dbnl_650,6,6_sparrow_cabbage_pea_chirp,1.0
young_children_dbnl_651,13,13_bake_basket_bells_eggs,1.0
young_children_dbnl_652,15,15_bow_fall_sail_singing,0.24554308
young_children_dbnl_653,15,15_bow_fall_sail_singing,0.39977235
young_children_dbnl_654,4,4_servants_thousand_soul_book,0.33580014
young_children_dbnl_655,14,14_herd_dog_tail_turning,0.27561876
young_children_dbnl_656,4,4_servants_thousand_soul_book,0.59906346
young_children_dbnl_657,2,2_beer_beer drink_drank_eating,1.0
young_children_dbnl_658,16,16_wolf_bear_anne_leg,0.74224734
young_children_dbnl_659,13,13_bake_basket_bells_eggs,0.17586893
young_children_dbnl_660,15,15_bow_fall_sail_singing,0.22654608
young_children_dbnl_661,15,15_bow_fall_sail_singing,0.49466467
young_children_dbnl_662,15,15_bow_fall_sail_singing,0.72027284
young_children_dbnl_663,9,9_wedding_crows_crow_married,0.60505515
young_children_dbnl_664,9,9_wedding_crows_crow_married,0.5184747
young_children_dbnl_666,5,5_matchmaker_vodka_melody_wedding,0.8789891
young_children_dbnl_667,18,18_hats_hat_cap_hay,0.3835208
young_children_dbnl_668,18,18_hats_hat_cap_hay,0.3835208
young_children_dbnl_669,18,18_hats_hat_cap_hay,0.3835208
young_children_dbnl_670,8,8_june_march_saint_day,0.3580018
young_children_dbnl_671,7,7_legs_calf_reed_nest,0.7065541
young_children_dbnl_672,9,9_wedding_crows_crow_married,0.30025658
young_children_dbnl_673,15,15_bow_fall_sail_singing,0.872114
young_children_dbnl_674,15,15_bow_fall_sail_singing,0.57279897
young_children_dbnl_675,10,10_wheat_barley_rye_pea,0.1755419
young_children_dbnl_676,15,15_bow_fall_sail_singing,0.5163048
young_children_dbnl_677,8,8_june_march_saint_day,1.0
young_children_dbnl_681,0,0_servant_cat_wreath_horse,0.0
young_children_dbnl_682,2,2_beer_beer drink_drank_eating,0.38005754
young_children_dbnl_683,7,7_legs_calf_reed_nest,0.5885961
young_children_dbnl_684,11,11_apples_tree_sisters_wine,0.2320563
young_children_dbnl_685,7,7_legs_calf_reed_nest,0.25497806
young_children_dbnl_686,8,8_june_march_saint_day,0.35048306
young_children_dbnl_688,7,7_legs_calf_reed_nest,0.28054222
young_children_dbnl_689,7,7_legs_calf_reed_nest,0.28674784
young_children_dbnl_690,15,15_bow_fall_sail_singing,0.52022135
young_children_dbnl_691,11,11_apples_tree_sisters_wine,0.27906635
young_children_dbnl_692,4,4_servants_thousand_soul_book,0.35479328
young_children_dbnl_694,1,1_nicholas_saint_blessed_god,0.35262883
young_children_dbnl_695,8,8_june_march_saint_day,0.7859832
young_children_dbnl_696,2,2_beer_beer drink_drank_eating,0.7288949
young_children_dbnl_697,2,2_beer_beer drink_drank_eating,0.7288949
young_children_dbnl_698,2,2_beer_beer drink_drank_eating,1.0
young_children_dbnl_699,5,5_matchmaker_vodka_melody_wedding,0.33710766
young_children_dbnl_700,7,7_legs_calf_reed_nest,0.67515963
young_children_dbnl_701,18,18_hats_hat_cap_hay,0.6930508
young_children_dbnl_702,14,14_herd_dog_tail_turning,0.44158456
young_children_dbnl_703,9,9_wedding_crows_crow_married,1.0
young_children_dbnl_704,1,1_nicholas_saint_blessed_god,1.0
young_children_dbnl_705,4,4_servants_thousand_soul_book,1.0
young_children_dbnl_706,4,4_servants_thousand_soul_book,1.0
young_children_dbnl_707,15,15_bow_fall_sail_singing,0.44959426
young_children_dbnl_708,15,15_bow_fall_sail_singing,0.8073755
young_children_dbnl_709,15,15_bow_fall_sail_singing,0.7986239
young_children_dbnl_710,1,1_nicholas_saint_blessed_god,1.0
young_children_dbnl_712,2,2_beer_beer drink_drank_eating,0.51545304
young_children_dbnl_713,15,15_bow_fall_sail_singing,0.41851392
young_children_dbnl_714,13,13_bake_basket_bells_eggs,0.5911208
young_children_dbnl_715,15,15_bow_fall_sail_singing,0.349749
young_children_dbnl_716,10,10_wheat_barley_rye_pea,0.30973873
young_children_dbnl_717,1,1_nicholas_saint_blessed_god,0.4375501
young_children_dbnl_718,7,7_legs_calf_reed_nest,0.20273833
young_children_dbnl_719,15,15_bow_fall_sail_singing,1.0
young_children_dbnl_720,18,18_hats_hat_cap_hay,0.6448204
young_children_dbnl_721,15,15_bow_fall_sail_singing,0.5471557
young_children_dbnl_722,15,15_bow_fall_sail_singing,0.28324452
young_children_dbnl_723,15,15_bow_fall_sail_singing,0.28324452
young_children_dbnl_724,15,15_bow_fall_sail_singing,0.29689577
young_children_dbnl_725,15,15_bow_fall_sail_singing,0.21757984
young_children_dbnl_726,15,15_bow_fall_sail_singing,0.28324452
young_children_dbnl_727,15,15_bow_fall_sail_singing,0.23773307
young_children_dbnl_728,15,15_bow_fall_sail_singing,0.28389025
young_children_dbnl_729,15,15_bow_fall_sail_singing,0.24318418
young_children_dbnl_730,15,15_bow_fall_sail_singing,0.24461842
young_children_dbnl_731,15,15_bow_fall_sail_singing,0.28324452
young_children_dbnl_732,15,15_bow_fall_sail_singing,0.25376853
young_children_dbnl_733,15,15_bow_fall_sail_singing,0.28324452
young_children_dbnl_734,15,15_bow_fall_sail_singing,0.25325245
young_children_dbnl_735,15,15_bow_fall_sail_singing,0.28389025
young_children_dbnl_736,15,15_bow_fall_sail_singing,0.28324452
young_children_dbnl_737,15,15_bow_fall_sail_singing,0.28324452
young_children_dbnl_738,7,7_legs_calf_reed_nest,0.24505308
young_children_dbnl_739,7,7_legs_calf_reed_nest,0.2564795
young_children_dbnl_740,7,7_legs_calf_reed_nest,0.24756448
young_children_dbnl_741,15,15_bow_fall_sail_singing,0.2667338
young_children_dbnl_742,7,7_legs_calf_reed_nest,0.2601956
young_children_dbnl_743,7,7_legs_calf_reed_nest,0.2328662
young_children_dbnl_744,7,7_legs_calf_reed_nest,0.24327862
young_children_dbnl_745,7,7_legs_calf_reed_nest,0.24640107
young_children_dbnl_746,7,7_legs_calf_reed_nest,0.23596334
young_children_dbnl_747,7,7_legs_calf_reed_nest,0.26839885
young_children_dbnl_748,7,7_legs_calf_reed_nest,0.22526966
young_children_dbnl_749,7,7_legs_calf_reed_nest,0.24071948
young_children_dbnl_750,7,7_legs_calf_reed_nest,0.2462388
young_children_dbnl_751,7,7_legs_calf_reed_nest,0.25078914
young_children_dbnl_752,7,7_legs_calf_reed_nest,0.23367943
young_children_dbnl_753,7,7_legs_calf_reed_nest,0.25441915
young_children_dbnl_754,7,7_legs_calf_reed_nest,0.24863142
young_children_dbnl_755,7,7_legs_calf_reed_nest,0.23762149
young_children_dbnl_756,7,7_legs_calf_reed_nest,0.24795751
young_children_dbnl_757,7,7_legs_calf_reed_nest,0.24013098
young_children_dbnl_758,7,7_legs_calf_reed_nest,0.25507176
young_children_dbnl_759,7,7_legs_calf_reed_nest,0.24856578
young_children_dbnl_760,15,15_bow_fall_sail_singing,0.19895364
young_children_dbnl_761,7,7_legs_calf_reed_nest,0.23134312
young_children_dbnl_762,7,7_legs_calf_reed_nest,0.2399702
young_children_dbnl_763,7,7_legs_calf_reed_nest,0.25311393
young_children_dbnl_764,7,7_legs_calf_reed_nest,0.24123983
young_children_dbnl_765,7,7_legs_calf_reed_nest,0.23854014
young_children_dbnl_766,7,7_legs_calf_reed_nest,0.2469983
young_children_dbnl_767,7,7_legs_calf_reed_nest,0.23643707
young_children_dbnl_768,7,7_legs_calf_reed_nest,0.23731716
young_children_dbnl_769,15,15_bow_fall_sail_singing,0.22142586
young_children_dbnl_770,7,7_legs_calf_reed_nest,0.24127159
young_children_dbnl_771,7,7_legs_calf_reed_nest,0.23808019
young_children_dbnl_772,15,15_bow_fall_sail_singing,0.53953326
young_children_dbnl_773,15,15_bow_fall_sail_singing,0.4718281
young_children_dbnl_774,1,1_nicholas_saint_blessed_god,1.0
young_children_dbnl_775,1,1_nicholas_saint_blessed_god,0.42762867
young_children_dbnl_776,15,15_bow_fall_sail_singing,0.30913922
young_children_dbnl_777,15,15_bow_fall_sail_singing,0.7046291
young_children_dbnl_778,15,15_bow_fall_sail_singing,0.21764104
young_children_dbnl_779,7,7_legs_calf_reed_nest,0.41337883
young_children_dbnl_780,1,1_nicholas_saint_blessed_god,0.50100815
young_children_dbnl_781,15,15_bow_fall_sail_singing,0.37612447
young_children_dbnl_782,16,16_wolf_bear_anne_leg,0.20475774
young_children_dbnl_783,14,14_herd_dog_tail_turning,0.28068602
young_children_dbnl_784,1,1_nicholas_saint_blessed_god,0.29199436
young_children_dbnl_785,1,1_nicholas_saint_blessed_god,0.3561893
young_children_dbnl_786,1,1_nicholas_saint_blessed_god,0.76558656
young_children_dbnl_787,15,15_bow_fall_sail_singing,0.7197133
young_children_dbnl_788,1,1_nicholas_saint_blessed_god,0.3501646
young_children_dbnl_789,5,5_matchmaker_vodka_melody_wedding,0.39619428
young_children_dbnl_790,1,1_nicholas_saint_blessed_god,0.5613917
young_children_dbnl_791,5,5_matchmaker_vodka_melody_wedding,0.54483443
young_children_dbnl_792,7,7_legs_calf_reed_nest,0.17797324
young_children_dbnl_793,13,13_bake_basket_bells_eggs,0.50355285
young_children_dbnl_794,1,1_nicholas_saint_blessed_god,0.38336563
young_children_dbnl_795,1,1_nicholas_saint_blessed_god,0.4382104
young_children_dbnl_797,12,12_march_thirty_month_june,0.44699672
young_children_dbnl_798,1,1_nicholas_saint_blessed_god,0.21513405
young_children_dbnl_799,15,15_bow_fall_sail_singing,0.37480542
young_children_dbnl_800,12,12_march_thirty_month_june,0.3679731
young_children_dbnl_801,1,1_nicholas_saint_blessed_god,0.7040455
young_children_dbnl_802,1,1_nicholas_saint_blessed_god,0.43688703
young_children_dbnl_803,15,15_bow_fall_sail_singing,0.30211642
young_children_dbnl_804,1,1_nicholas_saint_blessed_god,0.44842902
young_children_dbnl_805,1,1_nicholas_saint_blessed_god,0.4550775
young_children_dbnl_806,16,16_wolf_bear_anne_leg,0.19244027
young_children_dbnl_807,7,7_legs_calf_reed_nest,0.3057102
young_children_dbnl_808,4,4_servants_thousand_soul_book,0.30226228
young_children_dbnl_809,1,1_nicholas_saint_blessed_god,0.334483
young_children_dbnl_810,15,15_bow_fall_sail_singing,0.48272347
young_children_dbnl_811,1,1_nicholas_saint_blessed_god,0.44272518
young_children_dbnl_812,1,1_nicholas_saint_blessed_god,0.60102785
young_children_dbnl_813,1,1_nicholas_saint_blessed_god,0.5849823
young_children_dbnl_814,1,1_nicholas_saint_blessed_god,0.31424618
young_children_dbnl_815,1,1_nicholas_saint_blessed_god,0.6049883
young_children_dbnl_816,15,15_bow_fall_sail_singing,0.40885112
young_children_dbnl_817,1,1_nicholas_saint_blessed_god,0.66587675
young_children_dbnl_818,15,15_bow_fall_sail_singing,0.7673522
young_children_dbnl_819,3,3_oxen_gentlemen_peasants_plow,0.27582026
young_children_dbnl_820,1,1_nicholas_saint_blessed_god,0.5539537
young_children_dbnl_821,7,7_legs_calf_reed_nest,0.5472493
young_children_dbnl_822,1,1_nicholas_saint_blessed_god,0.33347723
young_children_dbnl_823,15,15_bow_fall_sail_singing,0.36038324
young_children_dbnl_824,1,1_nicholas_saint_blessed_god,0.7005795
young_children_dbnl_825,1,1_nicholas_saint_blessed_god,0.2702956
young_children_dbnl_826,1,1_nicholas_saint_blessed_god,0.5100742
young_children_dbnl_827,7,7_legs_calf_reed_nest,0.3358376
young_children_dbnl_828,15,15_bow_fall_sail_singing,0.53484285
young_children_dbnl_829,1,1_nicholas_saint_blessed_god,0.47869486
young_children_dbnl_830,1,1_nicholas_saint_blessed_god,0.24359082
young_children_dbnl_831,18,18_hats_hat_cap_hay,0.29353142
young_children_dbnl_832,1,1_nicholas_saint_blessed_god,0.5265509
young_children_dbnl_833,7,7_legs_calf_reed_nest,0.26899928
young_children_dbnl_834,7,7_legs_calf_reed_nest,0.28769258
young_children_dbnl_836,7,7_legs_calf_reed_nest,0.24745902
young_children_dbnl_837,7,7_legs_calf_reed_nest,0.2588423
young_children_dbnl_838,7,7_legs_calf_reed_nest,0.28192964
young_children_dbnl_839,7,7_legs_calf_reed_nest,0.26410884
young_children_dbnl_840,7,7_legs_calf_reed_nest,0.26031914
young_children_dbnl_841,7,7_legs_calf_reed_nest,0.23893864
young_children_dbnl_842,7,7_legs_calf_reed_nest,0.27221358
young_children_dbnl_843,7,7_legs_calf_reed_nest,0.2484977
young_children_dbnl_844,7,7_legs_calf_reed_nest,0.29624355
young_children_dbnl_845,7,7_legs_calf_reed_nest,0.25213492
young_children_dbnl_846,7,7_legs_calf_reed_nest,0.27490082
young_children_dbnl_847,7,7_legs_calf_reed_nest,0.27374604
young_children_dbnl_848,7,7_legs_calf_reed_nest,0.25670457
young_children_dbnl_849,7,7_legs_calf_reed_nest,0.26910347
young_children_dbnl_850,7,7_legs_calf_reed_nest,0.25771964
young_children_dbnl_851,7,7_legs_calf_reed_nest,0.24331309
young_children_dbnl_852,13,13_bake_basket_bells_eggs,0.20412818
young_children_dbnl_860,7,7_legs_calf_reed_nest,0.75957793
young_children_dbnl_861,7,7_legs_calf_reed_nest,0.7394241
young_children_dbnl_862,7,7_legs_calf_reed_nest,0.7839963
young_children_dbnl_863,7,7_legs_calf_reed_nest,0.75626296
young_children_dbnl_864,7,7_legs_calf_reed_nest,0.756036
young_children_dbnl_865,7,7_legs_calf_reed_nest,0.78098184
young_children_dbnl_866,7,7_legs_calf_reed_nest,0.7535483
young_children_dbnl_867,7,7_legs_calf_reed_nest,0.76267904
young_children_dbnl_868,7,7_legs_calf_reed_nest,0.73545086
young_children_dbnl_869,7,7_legs_calf_reed_nest,0.7437617
young_children_dbnl_870,7,7_legs_calf_reed_nest,0.7312329
young_children_dbnl_871,7,7_legs_calf_reed_nest,0.7381141
young_children_dbnl_872,7,7_legs_calf_reed_nest,0.7640942
young_children_dbnl_873,7,7_legs_calf_reed_nest,0.7502838
young_children_dbnl_874,7,7_legs_calf_reed_nest,0.68208444
young_children_dbnl_875,7,7_legs_calf_reed_nest,0.7779759
young_children_dbnl_876,7,7_legs_calf_reed_nest,0.7594562
young_children_dbnl_877,7,7_legs_calf_reed_nest,0.7839963
young_children_dbnl_878,7,7_legs_calf_reed_nest,0.78098184
young_children_dbnl_879,7,7_legs_calf_reed_nest,0.7327665
young_children_dbnl_880,7,7_legs_calf_reed_nest,0.7594562
young_children_dbnl_881,7,7_legs_calf_reed_nest,0.76709497
young_children_dbnl_882,7,7_legs_calf_reed_nest,0.78098184
young_children_dbnl_883,7,7_legs_calf_reed_nest,0.7780976
young_children_dbnl_884,7,7_legs_calf_reed_nest,0.7561851
young_children_dbnl_885,7,7_legs_calf_reed_nest,0.7502838
young_children_dbnl_886,7,7_legs_calf_reed_nest,0.7311179
young_children_dbnl_887,7,7_legs_calf_reed_nest,0.75957793
young_children_dbnl_888,7,7_legs_calf_reed_nest,0.75336885
young_children_dbnl_889,12,12_march_thirty_month_june,0.6399114
young_children_dbnl_890,12,12_march_thirty_month_june,0.6399114
young_children_dbnl_891,12,12_march_thirty_month_june,0.6399114
young_children_dbnl_892,12,12_march_thirty_month_june,0.6382677
young_children_dbnl_893,12,12_march_thirty_month_june,0.6428896
young_children_dbnl_894,12,12_march_thirty_month_june,0.6579548
young_children_dbnl_895,12,12_march_thirty_month_june,0.64459836
young_children_dbnl_896,12,12_march_thirty_month_june,0.6542564
young_children_dbnl_897,12,12_march_thirty_month_june,0.6382677
young_children_dbnl_898,12,12_march_thirty_month_june,0.64459836
young_children_dbnl_899,12,12_march_thirty_month_june,0.6399114
young_children_dbnl_900,12,12_march_thirty_month_june,0.6399114
young_children_dbnl_901,12,12_march_thirty_month_june,0.6616447
young_children_dbnl_902,12,12_march_thirty_month_june,0.67683667
young_children_dbnl_903,18,18_hats_hat_cap_hay,0.18855405
young_children_dbnl_904,7,7_legs_calf_reed_nest,0.20074584
young_children_dbnl_905,7,7_legs_calf_reed_nest,0.21691489
young_children_dbnl_906,7,7_legs_calf_reed_nest,0.2497503
young_children_dbnl_907,18,18_hats_hat_cap_hay,0.22605786
young_children_dbnl_908,7,7_legs_calf_reed_nest,0.31842062
young_children_dbnl_909,18,18_hats_hat_cap_hay,0.26115942
young_children_dbnl_910,9,9_wedding_crows_crow_married,0.19123569
young_children_dbnl_911,18,18_hats_hat_cap_hay,0.17533846
young_children_dbnl_913,7,7_legs_calf_reed_nest,0.20587033
young_children_dbnl_914,7,7_legs_calf_reed_nest,0.31439665
young_children_dbnl_915,18,18_hats_hat_cap_hay,0.17268646
young_children_dbnl_916,7,7_legs_calf_reed_nest,0.20288274
young_children_dbnl_917,7,7_legs_calf_reed_nest,0.25453725
young_children_dbnl_918,7,7_legs_calf_reed_nest,0.23940934
young_children_dbnl_920,4,4_servants_thousand_soul_book,0.7698395
young_children_dbnl_921,4,4_servants_thousand_soul_book,0.7644583
young_children_dbnl_922,4,4_servants_thousand_soul_book,0.7640183
young_children_dbnl_923,4,4_servants_thousand_soul_book,0.76651144
young_children_dbnl_924,4,4_servants_thousand_soul_book,0.77098435
young_children_dbnl_925,4,4_servants_thousand_soul_book,0.7752862
young_children_dbnl_926,4,4_servants_thousand_soul_book,0.7597788
young_children_dbnl_928,4,4_servants_thousand_soul_book,0.77445817
young_children_dbnl_929,4,4_servants_thousand_soul_book,0.7555373
young_children_dbnl_930,4,4_servants_thousand_soul_book,0.7770133
young_children_dbnl_931,4,4_servants_thousand_soul_book,0.7542256
young_children_dbnl_932,4,4_servants_thousand_soul_book,0.7585496
young_children_dbnl_933,4,4_servants_thousand_soul_book,0.76050305
young_children_dbnl_934,4,4_servants_thousand_soul_book,0.73590344
young_children_dbnl_935,4,4_servants_thousand_soul_book,0.74903405
young_children_dbnl_936,4,4_servants_thousand_soul_book,0.7681991
young_children_dbnl_938,4,4_servants_thousand_soul_book,0.77872413
young_children_dbnl_940,4,4_servants_thousand_soul_book,0.75675184
young_children_dbnl_941,4,4_servants_thousand_soul_book,0.77193767
young_children_dbnl_942,4,4_servants_thousand_soul_book,0.7584869
young_children_dbnl_943,4,4_servants_thousand_soul_book,0.7794653
young_children_dbnl_944,4,4_servants_thousand_soul_book,0.777909
young_children_dbnl_945,4,4_servants_thousand_soul_book,0.70828635
young_children_dbnl_946,4,4_servants_thousand_soul_book,0.745864
young_children_dbnl_947,4,4_servants_thousand_soul_book,0.7661195
young_children_dbnl_948,4,4_servants_thousand_soul_book,0.7690177
young_children_dbnl_950,4,4_servants_thousand_soul_book,0.7695586
young_children_dbnl_951,4,4_servants_thousand_soul_book,0.7669751
young_children_dbnl_952,4,4_servants_thousand_soul_book,0.75455165
young_children_dbnl_954,4,4_servants_thousand_soul_book,0.77424276
young_children_dbnl_955,4,4_servants_thousand_soul_book,0.7793722
young_children_dbnl_956,4,4_servants_thousand_soul_book,0.77672356
young_children_dbnl_957,4,4_servants_thousand_soul_book,0.73317003
young_children_dbnl_958,4,4_servants_thousand_soul_book,0.7650431
young_children_dbnl_959,4,4_servants_thousand_soul_book,0.76303273
young_children_dbnl_962,4,4_servants_thousand_soul_book,0.75632316
young_children_dbnl_964,4,4_servants_thousand_soul_book,0.76067317
young_children_dbnl_965,4,4_servants_thousand_soul_book,0.76076466
young_children_dbnl_966,4,4_servants_thousand_soul_book,0.74969
young_children_dbnl_967,7,7_legs_calf_reed_nest,0.29280835
young_children_dbnl_969,8,8_june_march_saint_day,0.2200127
young_children_dbnl_970,8,8_june_march_saint_day,0.30308545
young_children_dbnl_972,8,8_june_march_saint_day,0.27967662
young_children_dbnl_973,7,7_legs_calf_reed_nest,0.29536033
young_children_dbnl_978,8,8_june_march_saint_day,0.25352687
young_children_dbnl_981,8,8_june_march_saint_day,0.23408908
young_children_dbnl_982,8,8_june_march_saint_day,0.23732156
young_children_dbnl_984,11,11_apples_tree_sisters_wine,0.36449093
young_children_dbnl_985,11,11_apples_tree_sisters_wine,0.3942762
young_children_dbnl_986,11,11_apples_tree_sisters_wine,0.42657515
young_children_dbnl_987,11,11_apples_tree_sisters_wine,0.31264737
young_children_dbnl_988,11,11_apples_tree_sisters_wine,0.43190157
young_children_dbnl_989,11,11_apples_tree_sisters_wine,0.4691245
young_children_dbnl_990,11,11_apples_tree_sisters_wine,0.398884
young_children_dbnl_991,11,11_apples_tree_sisters_wine,0.4691245
young_children_dbnl_992,11,11_apples_tree_sisters_wine,0.398884
young_children_dbnl_993,14,14_herd_dog_tail_turning,0.2504744
young_children_dbnl_994,14,14_herd_dog_tail_turning,0.3558058
young_children_dbnl_995,16,16_wolf_bear_anne_leg,0.3351528
young_children_dbnl_996,0,0_servant_cat_wreath_horse,0.0
young_children_dbnl_997,6,6_sparrow_cabbage_pea_chirp,0.5278994
young_children_dbnl_998,6,6_sparrow_cabbage_pea_chirp,0.6434487
young_children_dbnl_999,15,15_bow_fall_sail_singing,0.3286998
young_children_dbnl_1000,15,15_bow_fall_sail_singing,0.6744167
young_children_dbnl_1001,10,10_wheat_barley_rye_pea,0.56504923
young_children_dbnl_1002,16,16_wolf_bear_anne_leg,0.40748075
young_children_dbnl_1003,11,11_apples_tree_sisters_wine,0.2217499
young_children_dbnl_1004,8,8_june_march_saint_day,0.4116268
young_children_dbnl_1005,7,7_legs_calf_reed_nest,0.30364752
young_children_dbnl_1006,6,6_sparrow_cabbage_pea_chirp,1.0
young_children_dbnl_1008,15,15_bow_fall_sail_singing,0.63691676
young_children_dbnl_1009,6,6_sparrow_cabbage_pea_chirp,0.6510987
young_children_dbnl_1010,7,7_legs_calf_reed_nest,0.4655514
young_children_dbnl_1011,15,15_bow_fall_sail_singing,0.5032169
young_children_dbnl_1012,15,15_bow_fall_sail_singing,0.38326046
young_children_dbnl_1013,8,8_june_march_saint_day,0.20749532
young_children_dbnl_1014,11,11_apples_tree_sisters_wine,0.47036067
young_children_dbnl_1015,3,3_oxen_gentlemen_peasants_plow,0.5011867
young_children_dbnl_1016,13,13_bake_basket_bells_eggs,0.3259506
young_children_dbnl_1017,18,18_hats_hat_cap_hay,0.64395326
young_children_dbnl_1018,18,18_hats_hat_cap_hay,0.5817292
young_children_dbnl_1019,15,15_bow_fall_sail_singing,0.62619436
young_children_dbnl_1020,8,8_june_march_saint_day,0.35600623
young_children_dbnl_1021,4,4_servants_thousand_soul_book,0.34537756
young_children_dbnl_1022,16,16_wolf_bear_anne_leg,0.665363
young_children_dbnl_1023,6,6_sparrow_cabbage_pea_chirp,0.42840818
young_children_dbnl_1024,15,15_bow_fall_sail_singing,0.6641797
young_children_dbnl_1025,8,8_june_march_saint_day,0.23087314
young_children_dbnl_1026,9,9_wedding_crows_crow_married,0.3877977
young_children_dbnl_1027,1,1_nicholas_saint_blessed_god,0.5332903
young_children_dbnl_1028,11,11_apples_tree_sisters_wine,0.18893857
young_children_dbnl_1029,1,1_nicholas_saint_blessed_god,0.4570213
young_children_dbnl_1030,14,14_herd_dog_tail_turning,0.2719854
young_children_dbnl_1031,15,15_bow_fall_sail_singing,0.4434624
young_children_dbnl_1032,15,15_bow_fall_sail_singing,0.43502474
young_children_dbnl_1033,7,7_legs_calf_reed_nest,0.62059814
young_children_dbnl_1034,13,13_bake_basket_bells_eggs,0.25219747
young_children_dbnl_1035,15,15_bow_fall_sail_singing,0.2885674
young_children_dbnl_1036,15,15_bow_fall_sail_singing,0.48976547
young_children_dbnl_1037,14,14_herd_dog_tail_turning,0.25573918
young_children_dbnl_1038,10,10_wheat_barley_rye_pea,0.14783771
young_children_dbnl_1039,13,13_bake_basket_bells_eggs,0.3395982
young_children_dbnl_1040,16,16_wolf_bear_anne_leg,0.22176015
young_children_dbnl_1041,15,15_bow_fall_sail_singing,0.8676654
young_children_dbnl_1042,16,16_wolf_bear_anne_leg,1.0
young_children_dbnl_1043,13,13_bake_basket_bells_eggs,0.23788531
young_children_dbnl_1044,14,14_herd_dog_tail_turning,0.3776833
young_children_dbnl_1045,4,4_servants_thousand_soul_book,0.15272614
young_children_dbnl_917_1100_11,18,18_hats_hat_cap_hay,0.11218437
young_children_txt_0,14,14_herd_dog_tail_turning,0.55764794
young_children_txt_1,14,14_herd_dog_tail_turning,0.49208352
young_children_txt_2,1,1_nicholas_saint_blessed_god,0.7180506
young_children_txt_3,15,15_bow_fall_sail_singing,0.463954
young_children_txt_4,1,1_nicholas_saint_blessed_god,0.39306664
young_children_txt_5,1,1_nicholas_saint_blessed_god,0.5557241
young_children_txt_6,1,1_nicholas_saint_blessed_god,0.55038685
young_children_txt_7,1,1_nicholas_saint_blessed_god,0.41946912
young_children_txt_8,6,6_sparrow_cabbage_pea_chirp,0.24563958
young_children_txt_9,1,1_nicholas_saint_blessed_god,0.30346233
young_children_txt_10,1,1_nicholas_saint_blessed_god,0.3472452
young_children_txt_11,11,11_apples_tree_sisters_wine,0.30193275
young_children_txt_12,15,15_bow_fall_sail_singing,0.46239826
young_children_txt_13,8,8_june_march_saint_day,0.2789864
young_children_txt_14,1,1_nicholas_saint_blessed_god,0.37219754
young_children_txt_16,1,1_nicholas_saint_blessed_god,1.0
young_children_txt_17,1,1_nicholas_saint_blessed_god,0.56689095
young_children_txt_18,10,10_wheat_barley_rye_pea,0.527627
young_children_txt_19,15,15_bow_fall_sail_singing,0.22457798
young_children_txt_21,9,9_wedding_crows_crow_married,0.3626372
young_children_txt_22,1,1_nicholas_saint_blessed_god,0.22678588
young_children_txt_23,1,1_nicholas_saint_blessed_god,0.50029856
young_children_txt_24,1,1_nicholas_saint_blessed_god,0.4401412
young_children_txt_25,1,1_nicholas_saint_blessed_god,0.592714
young_children_txt_26,3,3_oxen_gentlemen_peasants_plow,0.44417775
young_children_txt_27,3,3_oxen_gentlemen_peasants_plow,0.58375555
young_children_txt_29,0,0_servant_cat_wreath_horse,0.0
young_children_txt_30,0,0_servant_cat_wreath_horse,0.0
young_children_txt_31,4,4_servants_thousand_soul_book,0.63030636
young_children_txt_33,0,0_servant_cat_wreath_horse,0.0
young_children_txt_34,1,1_nicholas_saint_blessed_god,0.48013386
young_children_txt_35,3,3_oxen_gentlemen_peasants_plow,0.6653041
young_children_txt_36,3,3_oxen_gentlemen_peasants_plow,0.73660934
young_children_txt_37,3,3_oxen_gentlemen_peasants_plow,0.6653041
young_children_txt_38,4,4_servants_thousand_soul_book,1.0
young_children_txt_40,0,0_servant_cat_wreath_horse,0.0
young_children_txt_41,7,7_legs_calf_reed_nest,0.6056903
young_children_txt_43,14,14_herd_dog_tail_turning,1.0
young_children_txt_44,15,15_bow_fall_sail_singing,0.63974655
young_children_txt_45,14,14_herd_dog_tail_turning,0.2798855
young_children_txt_46,13,13_bake_basket_bells_eggs,0.2884707
young_children_txt_47,11,11_apples_tree_sisters_wine,0.3186688
young_children_txt_48,4,4_servants_thousand_soul_book,0.5631072
young_children_txt_49,12,12_march_thirty_month_june,0.47004643
young_children_txt_50,4,4_servants_thousand_soul_book,0.5814891
young_children_txt_51,7,7_legs_calf_reed_nest,0.7876693
young_children_txt_52,9,9_wedding_crows_crow_married,0.6072636
young_children_txt_53,2,2_beer_beer drink_drank_eating,0.3923427
young_children_txt_54,3,3_oxen_gentlemen_peasants_plow,0.3397759
young_children_txt_55,15,15_bow_fall_sail_singing,1.0
young_children_txt_56,13,13_bake_basket_bells_eggs,0.25411478
young_children_txt_57,10,10_wheat_barley_rye_pea,1.0
young_children_txt_58,9,9_wedding_crows_crow_married,1.0
young_children_txt_59,5,5_matchmaker_vodka_melody_wedding,0.53273255
young_children_txt_60,4,4_servants_thousand_soul_book,1.0
young_children_txt_61,15,15_bow_fall_sail_singing,0.52736807
young_children_txt_62,0,0_servant_cat_wreath_horse,0.0
young_children_txt_63,8,8_june_march_saint_day,1.0
young_children_txt_64,0,0_servant_cat_wreath_horse,0.0
young_children_txt_65,0,0_servant_cat_wreath_horse,0.0
young_children_txt_66,12,12_march_thirty_month_june,0.8376599
young_children_txt_67,8,8_june_march_saint_day,0.6915569
young_children_txt_68,8,8_june_march_saint_day,1.0
young_children_txt_69,8,8_june_march_saint_day,0.33581096
young_children_txt_71,8,8_june_march_saint_day,0.7708735
young_children_txt_72,4,4_servants_thousand_soul_book,0.60519916
young_children_txt_73,8,8_june_march_saint_day,1.0
young_children_txt_74,15,15_bow_fall_sail_singing,0.5848003
young_children_txt_75,3,3_oxen_gentlemen_peasants_plow,0.60688794
young_children_txt_76,3,3_oxen_gentlemen_peasants_plow,0.39731094
young_children_txt_78,18,18_hats_hat_cap_hay,0.5698422
young_children_txt_79,6,6_sparrow_cabbage_pea_chirp,0.6502297
young_children_txt_80,6,6_sparrow_cabbage_pea_chirp,0.53824043
young_children_txt_81,2,2_beer_beer drink_drank_eating,0.34798262
young_children_txt_82,15,15_bow_fall_sail_singing,1.0
young_children_txt_83,11,11_apples_tree_sisters_wine,1.0
young_children_txt_84,5,5_matchmaker_vodka_melody_wedding,1.0
young_children_txt_85,11,11_apples_tree_sisters_wine,1.0
young_children_txt_86,4,4_servants_thousand_soul_book,0.62342715
young_children_txt_87,6,6_sparrow_cabbage_pea_chirp,0.84168196
young_children_txt_89,15,15_bow_fall_sail_singing,0.9592368
young_children_txt_90,12,12_march_thirty_month_june,0.61344284
young_children_txt_91,12,12_march_thirty_month_june,1.0
young_children_txt_92,15,15_bow_fall_sail_singing,0.6847541
young_children_txt_93,2,2_beer_beer drink_drank_eating,0.5608098
young_children_txt_94,8,8_june_march_saint_day,0.59609044
young_children_txt_96,14,14_herd_dog_tail_turning,0.3543395
young_children_txt_97,12,12_march_thirty_month_june,0.366767
young_children_txt_98,5,5_matchmaker_vodka_melody_wedding,1.0
young_children_txt_99,8,8_june_march_saint_day,0.6548317
young_children_txt_100,11,11_apples_tree_sisters_wine,0.39263374
young_children_txt_101,3,3_oxen_gentlemen_peasants_plow,0.36495048
young_children_txt_102,16,16_wolf_bear_anne_leg,0.2847829
young_children_txt_103,0,0_servant_cat_wreath_horse,0.0
young_children_txt_106,4,4_servants_thousand_soul_book,0.7800488
young_children_txt_107,7,7_legs_calf_reed_nest,0.31452674
young_children_txt_108,18,18_hats_hat_cap_hay,1.0
young_children_txt_109,2,2_beer_beer drink_drank_eating,0.5920927
young_children_txt_110,6,6_sparrow_cabbage_pea_chirp,1.0
young_children_txt_111,14,14_herd_dog_tail_turning,1.0
young_children_txt_112,14,14_herd_dog_tail_turning,0.66774046
young_children_txt_113,12,12_march_thirty_month_june,0.518603
young_children_txt_114,15,15_bow_fall_sail_singing,0.9455936
young_children_txt_115,15,15_bow_fall_sail_singing,0.47305983
young_children_txt_116,12,12_march_thirty_month_june,0.74212945
young_children_txt_117,14,14_herd_dog_tail_turning,0.74350816
young_children_txt_118,0,0_servant_cat_wreath_horse,0.0
young_children_txt_119,3,3_oxen_gentlemen_peasants_plow,1.0
young_children_txt_120,9,9_wedding_crows_crow_married,0.21497233
young_children_txt_121,4,4_servants_thousand_soul_book,0.4455632
young_children_txt_123,0,0_servant_cat_wreath_horse,0.0
young_children_txt_124,12,12_march_thirty_month_june,0.71386194
young_children_txt_125,14,14_herd_dog_tail_turning,0.7667547
young_children_txt_126,7,7_legs_calf_reed_nest,0.2640494
young_children_txt_127,4,4_servants_thousand_soul_book,0.2772534
young_children_txt_128,14,14_herd_dog_tail_turning,0.84385
young_children_txt_129,15,15_bow_fall_sail_singing,0.47466302
young_children_txt_130,8,8_june_march_saint_day,1.0
young_children_txt_131,7,7_legs_calf_reed_nest,0.29426238
young_children_txt_132,18,18_hats_hat_cap_hay,0.39057964
young_children_txt_133,0,0_servant_cat_wreath_horse,0.0
young_children_txt_134,0,0_servant_cat_wreath_horse,0.0
young_children_txt_135,4,4_servants_thousand_soul_book,0.34381095
young_children_txt_136,17,17_crooked_tavern_trembles_straight,0.6465264
young_children_txt_137,9,9_wedding_crows_crow_married,0.555044
young_children_txt_138,2,2_beer_beer drink_drank_eating,0.34504303
young_children_txt_139,12,12_march_thirty_month_june,0.39875257
young_children_txt_140,12,12_march_thirty_month_june,0.60343194
young_children_txt_141,12,12_march_thirty_month_june,1.0
young_children_txt_142,13,13_bake_basket_bells_eggs,1.0
young_children_txt_143,0,0_servant_cat_wreath_horse,0.0
young_children_txt_144,9,9_wedding_crows_crow_married,1.0
young_children_txt_145,0,0_servant_cat_wreath_horse,0.0
young_children_txt_146,15,15_bow_fall_sail_singing,0.5228024
young_children_txt_148,0,0_servant_cat_wreath_horse,0.0
young_children_txt_149,8,8_june_march_saint_day,1.0
young_children_txt_150,12,12_march_thirty_month_june,0.33077326
young_children_txt_151,11,11_apples_tree_sisters_wine,1.0
young_children_txt_152,7,7_legs_calf_reed_nest,0.34026408
young_children_txt_153,0,0_servant_cat_wreath_horse,0.0
young_children_txt_154,6,6_sparrow_cabbage_pea_chirp,0.5901166
young_children_txt_155,4,4_servants_thousand_soul_book,0.40966812
young_children_txt_156,7,7_legs_calf_reed_nest,0.4224637
young_children_txt_157,15,15_bow_fall_sail_singing,0.45274663
young_children_txt_158,0,0_servant_cat_wreath_horse,0.0
young_children_txt_159,13,13_bake_basket_bells_eggs,0.5211034
young_children_txt_160,13,13_bake_basket_bells_eggs,0.52438664
young_children_txt_161,8,8_june_march_saint_day,0.37428683
young_children_txt_162,12,12_march_thirty_month_june,0.37491703
young_children_txt_163,0,0_servant_cat_wreath_horse,0.0
young_children_txt_164,14,14_herd_dog_tail_turning,0.577432
young_children_txt_165,18,18_hats_hat_cap_hay,0.5443544
young_children_txt_166,5,5_matchmaker_vodka_melody_wedding,0.79520017
young_children_txt_169,0,0_servant_cat_wreath_horse,0.0
young_children_txt_170,18,18_hats_hat_cap_hay,0.71640754
young_children_txt_171,7,7_legs_calf_reed_nest,0.28951317
young_children_txt_172,10,10_wheat_barley_rye_pea,0.61737347
young_children_txt_173,11,11_apples_tree_sisters_wine,1.0
young_children_txt_174,11,11_apples_tree_sisters_wine,1.0
young_children_txt_175,14,14_herd_dog_tail_turning,0.60456437
young_children_txt_176,0,0_servant_cat_wreath_horse,0.0
young_children_txt_177,0,0_servant_cat_wreath_horse,0.0
young_children_txt_178,15,15_bow_fall_sail_singing,0.56200635
young_children_txt_179,15,15_bow_fall_sail_singing,1.0
young_children_txt_180,7,7_legs_calf_reed_nest,1.0
young_children_txt_181,10,10_wheat_barley_rye_pea,0.5054532
young_children_txt_182,14,14_herd_dog_tail_turning,1.0
young_children_txt_183,4,4_servants_thousand_soul_book,0.5490018
young_children_txt_184,0,0_servant_cat_wreath_horse,0.0
young_children_txt_185,8,8_june_march_saint_day,0.63001454
young_children_txt_186,10,10_wheat_barley_rye_pea,1.0
young_children_txt_187,18,18_hats_hat_cap_hay,0.5159501
young_children_txt_188,14,14_herd_dog_tail_turning,0.51212794
young_children_txt_189,7,7_legs_calf_reed_nest,0.48712158
young_children_txt_190,4,4_servants_thousand_soul_book,1.0
young_children_txt_192,17,17_crooked_tavern_trembles_straight,0.532199
young_children_txt_194,13,13_bake_basket_bells_eggs,1.0
young_children_txt_195,0,0_servant_cat_wreath_horse,0.0
young_children_txt_196,0,0_servant_cat_wreath_horse,0.0
young_children_txt_197,12,12_march_thirty_month_june,1.0
young_children_txt_198,9,9_wedding_crows_crow_married,0.886125
young_children_txt_199,15,15_bow_fall_sail_singing,0.48142081
young_children_txt_200,7,7_legs_calf_reed_nest,0.6297129
young_children_txt_201,8,8_june_march_saint_day,0.5240249
young_children_txt_202,12,12_march_thirty_month_june,0.6072888
young_children_txt_204,15,15_bow_fall_sail_singing,0.86830354
young_children_txt_205,3,3_oxen_gentlemen_peasants_plow,0.7443939
young_children_txt_206,14,14_herd_dog_tail_turning,0.8454078
young_children_txt_207,9,9_wedding_crows_crow_married,0.34801584
young_children_txt_208,13,13_bake_basket_bells_eggs,1.0
young_children_txt_210,12,12_march_thirty_month_june,1.0
young_children_txt_211,9,9_wedding_crows_crow_married,0.54091954
young_children_txt_212,5,5_matchmaker_vodka_melody_wedding,0.3901485
young_children_txt_213,18,18_hats_hat_cap_hay,0.50151646
young_children_txt_214,5,5_matchmaker_vodka_melody_wedding,0.2572119
young_children_txt_217,3,3_oxen_gentlemen_peasants_plow,0.34796494
young_children_txt_218,4,4_servants_thousand_soul_book,0.29189116
young_children_txt_219,15,15_bow_fall_sail_singing,1.0
young_children_txt_220,15,15_bow_fall_sail_singing,0.69094473
young_children_txt_221,11,11_apples_tree_sisters_wine,1.0
young_children_txt_222,12,12_march_thirty_month_june,0.33238348
young_children_txt_223,0,0_servant_cat_wreath_horse,0.0
young_children_txt_224,6,6_sparrow_cabbage_pea_chirp,0.3748901
young_children_txt_225,14,14_herd_dog_tail_turning,0.81091934
young_children_txt_226,13,13_bake_basket_bells_eggs,0.5892519
young_children_txt_227,0,0_servant_cat_wreath_horse,0.0
young_children_txt_228,10,10_wheat_barley_rye_pea,0.38133076
young_children_txt_230,14,14_herd_dog_tail_turning,0.49968082
young_children_txt_231,14,14_herd_dog_tail_turning,1.0
young_children_txt_232,4,4_servants_thousand_soul_book,1.0
young_children_txt_233,0,0_servant_cat_wreath_horse,0.0
young_children_txt_234,12,12_march_thirty_month_june,0.8280593
young_children_txt_235,14,14_herd_dog_tail_turning,1.0
young_children_txt_236,14,14_herd_dog_tail_turning,1.0
young_children_txt_237,14,14_herd_dog_tail_turning,0.39926142
young_children_txt_238,6,6_sparrow_cabbage_pea_chirp,0.42920506
young_children_txt_239,14,14_herd_dog_tail_turning,0.33222738
young_children_txt_240,7,7_legs_calf_reed_nest,0.37510267
young_children_txt_241,5,5_matchmaker_vodka_melody_wedding,0.54796934
young_children_txt_242,14,14_herd_dog_tail_turning,1.0
young_children_txt_243,0,0_servant_cat_wreath_horse,0.0
young_children_txt_244,10,10_wheat_barley_rye_pea,0.5157272
young_children_txt_245,7,7_legs_calf_reed_nest,0.60878307
young_children_txt_246,3,3_oxen_gentlemen_peasants_plow,0.5749282
young_children_txt_247,15,15_bow_fall_sail_singing,0.463225
young_children_txt_248,4,4_servants_thousand_soul_book,0.84006786
young_children_txt_249,10,10_wheat_barley_rye_pea,0.6459412
young_children_txt_250,4,4_servants_thousand_soul_book,0.4524885
young_children_txt_251,5,5_matchmaker_vodka_melody_wedding,0.52084833
young_children_txt_252,0,0_servant_cat_wreath_horse,0.0
young_children_txt_253,15,15_bow_fall_sail_singing,1.0
young_children_txt_254,12,12_march_thirty_month_june,1.0
young_children_txt_255,0,0_servant_cat_wreath_horse,0.0
young_children_txt_256,0,0_servant_cat_wreath_horse,0.0
young_children_txt_257,0,0_servant_cat_wreath_horse,0.0
young_children_txt_258,7,7_legs_calf_reed_nest,0.31487578
young_children_txt_259,13,13_bake_basket_bells_eggs,1.0
young_children_txt_260,4,4_servants_thousand_soul_book,1.0
young_children_txt_261,4,4_servants_thousand_soul_book,0.7626188
young_children_txt_262,14,14_herd_dog_tail_turning,0.5906939
young_children_txt_263,18,18_hats_hat_cap_hay,0.5318
young_children_txt_264,4,4_servants_thousand_soul_book,0.34391955
young_children_txt_265,12,12_march_thirty_month_june,1.0
young_children_txt_266,13,13_bake_basket_bells_eggs,1.0
young_children_txt_267,12,12_march_thirty_month_june,0.5394383
young_children_txt_268,13,13_bake_basket_bells_eggs,0.45958358
young_children_txt_269,0,0_servant_cat_wreath_horse,0.0
young_children_txt_270,18,18_hats_hat_cap_hay,0.722455
young_children_txt_271,0,0_servant_cat_wreath_horse,0.0
young_children_txt_272,0,0_servant_cat_wreath_horse,0.0
young_children_txt_273,0,0_servant_cat_wreath_horse,0.0
young_children_txt_274,9,9_wedding_crows_crow_married,0.6089229
young_children_txt_275,12,12_march_thirty_month_june,0.37835634
young_children_txt_276,4,4_servants_thousand_soul_book,0.43581495
young_children_txt_277,14,14_herd_dog_tail_turning,0.33099368
young_children_txt_278,0,0_servant_cat_wreath_horse,0.0
young_children_txt_280,1,1_nicholas_saint_blessed_god,1.0
young_children_txt_281,15,15_bow_fall_sail_singing,0.5707648
young_children_txt_282,0,0_servant_cat_wreath_horse,0.0
young_children_txt_283,13,13_bake_basket_bells_eggs,0.5049582
young_children_txt_284,4,4_servants_thousand_soul_book,0.43721125
young_children_txt_285,5,5_matchmaker_vodka_melody_wedding,0.5014691
young_children_txt_286,0,0_servant_cat_wreath_horse,0.0
young_children_txt_287,13,13_bake_basket_bells_eggs,1.0
young_children_txt_288,2,2_beer_beer drink_drank_eating,0.5268851
young_children_txt_289,11,11_apples_tree_sisters_wine,0.3067625
young_children_txt_290,10,10_wheat_barley_rye_pea,1.0
young_children_txt_291,6,6_sparrow_cabbage_pea_chirp,0.3645436
young_children_txt_292,0,0_servant_cat_wreath_horse,0.0
young_children_txt_294,14,14_herd_dog_tail_turning,0.8732332
young_children_txt_295,0,0_servant_cat_wreath_horse,0.0
young_children_txt_296,14,14_herd_dog_tail_turning,0.30086547
young_children_txt_297,16,16_wolf_bear_anne_leg,0.6221237
young_children_txt_299,15,15_bow_fall_sail_singing,0.5174162
young_children_txt_300,0,0_servant_cat_wreath_horse,0.0
young_children_txt_301,7,7_legs_calf_reed_nest,0.44730046
young_children_txt_302,5,5_matchmaker_vodka_melody_wedding,0.39992598
young_children_txt_303,5,5_matchmaker_vodka_melody_wedding,0.48759916
young_children_txt_304,18,18_hats_hat_cap_hay,0.82900614
young_children_txt_305,15,15_bow_fall_sail_singing,0.93959284
young_children_txt_306,14,14_herd_dog_tail_turning,0.27324492
young_children_txt_307,15,15_bow_fall_sail_singing,0.8118584
young_children_txt_308,13,13_bake_basket_bells_eggs,0.29562217
young_children_txt_309,4,4_servants_thousand_soul_book,0.6824447
young_children_txt_310,5,5_matchmaker_vodka_melody_wedding,1.0
young_children_txt_311,0,0_servant_cat_wreath_horse,0.0
young_children_txt_312,13,13_bake_basket_bells_eggs,0.2894746
young_children_txt_313,12,12_march_thirty_month_june,0.59431905
young_children_txt_314,0,0_servant_cat_wreath_horse,0.0
young_children_txt_315,13,13_bake_basket_bells_eggs,0.63824034
young_children_txt_316,18,18_hats_hat_cap_hay,0.44558135
young_children_txt_318,6,6_sparrow_cabbage_pea_chirp,0.7387847
young_children_txt_319,16,16_wolf_bear_anne_leg,0.468302
young_children_txt_320,16,16_wolf_bear_anne_leg,0.7222714
young_children_txt_321,15,15_bow_fall_sail_singing,0.7110745
young_children_txt_322,1,1_nicholas_saint_blessed_god,0.44912246
young_children_txt_323,0,0_servant_cat_wreath_horse,0.0
young_children_txt_324,2,2_beer_beer drink_drank_eating,1.0
young_children_txt_325,5,5_matchmaker_vodka_melody_wedding,1.0
young_children_txt_326,18,18_hats_hat_cap_hay,0.66284615
young_children_txt_327,5,5_matchmaker_vodka_melody_wedding,0.5014691
young_children_txt_328,7,7_legs_calf_reed_nest,0.60878307
young_children_txt_329,18,18_hats_hat_cap_hay,0.6754157
young_children_txt_330,0,0_servant_cat_wreath_horse,0.0
young_children_txt_331,18,18_hats_hat_cap_hay,0.70544857
young_children_txt_332,0,0_servant_cat_wreath_horse,0.0
young_children_txt_333,13,13_bake_basket_bells_eggs,1.0
young_children_txt_334,0,0_servant_cat_wreath_horse,0.0
young_children_txt_335,7,7_legs_calf_reed_nest,0.6332188
young_children_txt_336,4,4_servants_thousand_soul_book,0.5685524
young_children_txt_337,4,4_servants_thousand_soul_book,0.608438
young_children_txt_338,4,4_servants_thousand_soul_book,0.3997001
young_children_txt_339,0,0_servant_cat_wreath_horse,0.0
young_children_txt_340,14,14_herd_dog_tail_turning,0.92740566
young_children_txt_341,0,0_servant_cat_wreath_horse,0.0
young_children_txt_342,12,12_march_thirty_month_june,0.43324018
young_children_txt_343,15,15_bow_fall_sail_singing,0.5369903
young_children_txt_344,14,14_herd_dog_tail_turning,0.86279595
young_children_txt_345,9,9_wedding_crows_crow_married,0.7443896
young_children_txt_346,3,3_oxen_gentlemen_peasants_plow,0.5749282
young_children_txt_348,6,6_sparrow_cabbage_pea_chirp,0.51097244
young_children_txt_349,9,9_wedding_crows_crow_married,1.0
young_children_txt_350,11,11_apples_tree_sisters_wine,0.46452773
young_children_txt_351,7,7_legs_calf_reed_nest,0.54135895
young_children_txt_352,0,0_servant_cat_wreath_horse,0.0
young_children_txt_353,16,16_wolf_bear_anne_leg,0.50841516
young_children_txt_355,0,0_servant_cat_wreath_horse,0.0
young_children_txt_356,3,3_oxen_gentlemen_peasants_plow,1.0
young_children_txt_357,4,4_servants_thousand_soul_book,1.0
young_children_txt_358,17,17_crooked_tavern_trembles_straight,0.8219791
young_children_txt_359,2,2_beer_beer drink_drank_eating,0.37551415
young_children_txt_360,0,0_servant_cat_wreath_horse,0.0
young_children_txt_361,3,3_oxen_gentlemen_peasants_plow,0.7967545
young_children_txt_364,1,1_nicholas_saint_blessed_god,0.71802545
young_children_txt_365,2,2_beer_beer drink_drank_eating,0.21301198
young_children_txt_366,8,8_june_march_saint_day,0.51735175
young_children_txt_367,14,14_herd_dog_tail_turning,1.0
young_children_txt_368,13,13_bake_basket_bells_eggs,1.0
young_children_txt_370,6,6_sparrow_cabbage_pea_chirp,1.0
young_children_txt_372,8,8_june_march_saint_day,0.7443858
young_children_txt_373,7,7_legs_calf_reed_nest,1.0
young_children_txt_374,2,2_beer_beer drink_drank_eating,1.0
young_children_txt_375,16,16_wolf_bear_anne_leg,0.39772278
young_children_txt_376,18,18_hats_hat_cap_hay,0.9322755
young_children_txt_377,4,4_servants_thousand_soul_book,1.0
young_children_txt_378,18,18_hats_hat_cap_hay,0.5768367
young_children_txt_379,13,13_bake_basket_bells_eggs,0.6220461
young_children_txt_380,7,7_legs_calf_reed_nest,0.34236616
young_children_txt_381,18,18_hats_hat_cap_hay,0.6826604
young_children_txt_382,11,11_apples_tree_sisters_wine,0.5889098
young_children_txt_383,15,15_bow_fall_sail_singing,0.8183583
young_children_txt_384,12,12_march_thirty_month_june,1.0
young_children_txt_385,9,9_wedding_crows_crow_married,0.5781009
young_children_txt_386,0,0_servant_cat_wreath_horse,0.0
young_children_txt_387,13,13_bake_basket_bells_eggs,0.6379956
young_children_txt_389,0,0_servant_cat_wreath_horse,0.0
young_children_txt_390,14,14_herd_dog_tail_turning,0.7842278
young_children_txt_391,14,14_herd_dog_tail_turning,0.60135
young_children_txt_393,18,18_hats_hat_cap_hay,0.5008283
young_children_txt_395,7,7_legs_calf_reed_nest,0.56139874
young_children_txt_396,6,6_sparrow_cabbage_pea_chirp,1.0
young_children_txt_397,0,0_servant_cat_wreath_horse,0.0
young_children_txt_398,0,0_servant_cat_wreath_horse,0.0
young_children_txt_399,14,14_herd_dog_tail_turning,0.47325927
young_children_txt_400,11,11_apples_tree_sisters_wine,0.6040467
young_children_txt_401,11,11_apples_tree_sisters_wine,0.73402584
young_children_txt_402,13,13_bake_basket_bells_eggs,1.0
young_children_txt_403,15,15_bow_fall_sail_singing,0.6917456
young_children_txt_404,1,1_nicholas_saint_blessed_god,0.34276915
young_children_txt_405,4,4_servants_thousand_soul_book,1.0
young_children_txt_406,12,12_march_thirty_month_june,1.0
young_children_txt_407,8,8_june_march_saint_day,1.0
young_children_txt_408,15,15_bow_fall_sail_singing,1.0
young_children_txt_409,0,0_servant_cat_wreath_horse,0.0
young_children_txt_410,9,9_wedding_crows_crow_married,1.0
young_children_txt_411,13,13_bake_basket_bells_eggs,1.0
young_children_txt_412,15,15_bow_fall_sail_singing,1.0
young_children_txt_413,18,18_hats_hat_cap_hay,0.5008283
young_children_txt_415,0,0_servant_cat_wreath_horse,0.0
young_children_txt_416,15,15_bow_fall_sail_singing,0.61881936
young_children_txt_418,2,2_beer_beer drink_drank_eating,0.5431941
young_children_txt_419,16,16_wolf_bear_anne_leg,0.5379535
young_children_txt_420,13,13_bake_basket_bells_eggs,1.0
young_children_txt_421,15,15_bow_fall_sail_singing,0.78744805
young_children_txt_422,15,15_bow_fall_sail_singing,0.69823384
young_children_txt_423,6,6_sparrow_cabbage_pea_chirp,0.4152963
young_children_txt_424,14,14_herd_dog_tail_turning,1.0
young_children_txt_425,14,14_herd_dog_tail_turning,1.0
young_children_txt_426,15,15_bow_fall_sail_singing,0.46465838
young_children_txt_427,12,12_march_thirty_month_june,1.0
young_children_txt_428,7,7_legs_calf_reed_nest,0.6326999
young_children_txt_429,7,7_legs_calf_reed_nest,0.41482022
young_children_txt_430,7,7_legs_calf_reed_nest,0.39432982
young_children_txt_431,0,0_servant_cat_wreath_horse,0.0
young_children_txt_432,8,8_june_march_saint_day,0.39172676
young_children_txt_433,9,9_wedding_crows_crow_married,0.542395
young_children_txt_434,1,1_nicholas_saint_blessed_god,1.0
young_children_txt_435,18,18_hats_hat_cap_hay,0.47683558
young_children_txt_436,7,7_legs_calf_reed_nest,0.60878307
young_children_txt_437,7,7_legs_calf_reed_nest,0.8899453
young_children_txt_438,3,3_oxen_gentlemen_peasants_plow,0.5294086
young_children_txt_439,12,12_march_thirty_month_june,0.27092415
young_children_txt_440,3,3_oxen_gentlemen_peasants_plow,0.40106758
young_children_txt_441,4,4_servants_thousand_soul_book,0.4169991
young_children_txt_442,4,4_servants_thousand_soul_book,1.0
young_children_txt_443,12,12_march_thirty_month_june,0.43677545
young_children_txt_444,8,8_june_march_saint_day,0.47667253
young_children_txt_445,10,10_wheat_barley_rye_pea,0.21168973
young_children_txt_447,15,15_bow_fall_sail_singing,0.82017696
young_children_txt_448,13,13_bake_basket_bells_eggs,0.29182976
young_children_txt_449,14,14_herd_dog_tail_turning,0.34492248
young_children_txt_450,17,17_crooked_tavern_trembles_straight,0.40567958
young_children_txt_451,6,6_sparrow_cabbage_pea_chirp,1.0
young_children_txt_452,14,14_herd_dog_tail_turning,0.6005063
young_children_txt_455,3,3_oxen_gentlemen_peasants_plow,0.39700484
young_children_txt_456,15,15_bow_fall_sail_singing,0.37721303
young_children_txt_457,4,4_servants_thousand_soul_book,0.47259027
young_children_txt_458,15,15_bow_fall_sail_singing,0.59532815
young_children_txt_459,10,10_wheat_barley_rye_pea,0.5195075
young_children_txt_460,13,13_bake_basket_bells_eggs,0.39307445
young_children_txt_461,7,7_legs_calf_reed_nest,0.3849588
young_children_txt_462,16,16_wolf_bear_anne_leg,1.0
young_children_txt_463,0,0_servant_cat_wreath_horse,0.0
young_children_txt_464,8,8_june_march_saint_day,0.42521557
young_children_txt_465,6,6_sparrow_cabbage_pea_chirp,1.0
young_children_txt_466,0,0_servant_cat_wreath_horse,0.0
young_children_txt_468,13,13_bake_basket_bells_eggs,0.5077739
young_children_txt_470,3,3_oxen_gentlemen_peasants_plow,0.6151003
young_children_txt_471,3,3_oxen_gentlemen_peasants_plow,1.0
young_children_txt_472,18,18_hats_hat_cap_hay,0.44655228
young_children_txt_473,6,6_sparrow_cabbage_pea_chirp,0.5345512
young_children_txt_474,7,7_legs_calf_reed_nest,0.80182344
young_children_txt_475,7,7_legs_calf_reed_nest,0.35906613
young_children_txt_476,5,5_matchmaker_vodka_melody_wedding,1.0
young_children_txt_477,18,18_hats_hat_cap_hay,0.51080024
young_children_txt_478,0,0_servant_cat_wreath_horse,0.0
young_children_txt_479,16,16_wolf_bear_anne_leg,0.47940564
young_children_txt_480,4,4_servants_thousand_soul_book,1.0
young_children_txt_482,4,4_servants_thousand_soul_book,0.5643336
young_children_txt_483,8,8_june_march_saint_day,0.494483
young_children_txt_484,9,9_wedding_crows_crow_married,0.54403377
young_children_txt_485,2,2_beer_beer drink_drank_eating,0.66143465
young_children_txt_486,4,4_servants_thousand_soul_book,1.0
young_children_txt_488,4,4_servants_thousand_soul_book,0.37013415
young_children_txt_489,1,1_nicholas_saint_blessed_god,0.38463953
young_children_txt_490,2,2_beer_beer drink_drank_eating,0.340791
young_children_txt_491,6,6_sparrow_cabbage_pea_chirp,0.48591122
young_children_txt_492,10,10_wheat_barley_rye_pea,0.20452003
young_children_txt_493,1,1_nicholas_saint_blessed_god,0.64222825
young_children_txt_494,18,18_hats_hat_cap_hay,0.49981564
young_children_txt_495,15,15_bow_fall_sail_singing,0.5173468
young_children_txt_497,8,8_june_march_saint_day,0.6181097
young_children_txt_498,10,10_wheat_barley_rye_pea,1.0
young_children_txt_499,15,15_bow_fall_sail_singing,1.0
young_children_txt_500,1,1_nicholas_saint_blessed_god,0.50062555
young_children_txt_501,8,8_june_march_saint_day,0.60330194
young_children_txt_502,0,0_servant_cat_wreath_horse,0.0
young_children_txt_504,8,8_june_march_saint_day,1.0
young_children_txt_505,8,8_june_march_saint_day,0.48012173
young_children_txt_506,3,3_oxen_gentlemen_peasants_plow,0.38920262
young_children_txt_507,6,6_sparrow_cabbage_pea_chirp,0.4074339
young_children_txt_508,8,8_june_march_saint_day,0.23152898
young_children_txt_510,0,0_servant_cat_wreath_horse,0.0
young_children_txt_511,13,13_bake_basket_bells_eggs,0.50890154
young_children_txt_512,1,1_nicholas_saint_blessed_god,1.0
young_children_txt_513,18,18_hats_hat_cap_hay,0.6597249
young_children_txt_514,0,0_servant_cat_wreath_horse,0.0
young_children_txt_515,3,3_oxen_gentlemen_peasants_plow,0.45745534
young_children_txt_516,15,15_bow_fall_sail_singing,1.0
young_children_txt_517,1,1_nicholas_saint_blessed_god,0.66713
young_children_txt_518,16,16_wolf_bear_anne_leg,0.39111376
young_children_txt_519,16,16_wolf_bear_anne_leg,0.34881482
young_children_txt_520,0,0_servant_cat_wreath_horse,0.0
young_children_txt_521,6,6_sparrow_cabbage_pea_chirp,0.7260791
young_children_txt_522,18,18_hats_hat_cap_hay,0.83812296
young_children_txt_523,13,13_bake_basket_bells_eggs,1.0
young_children_txt_524,0,0_servant_cat_wreath_horse,0.0
young_children_txt_525,6,6_sparrow_cabbage_pea_chirp,0.49506193
young_children_txt_526,8,8_june_march_saint_day,0.5253116
young_children_txt_527,4,4_servants_thousand_soul_book,1.0
young_children_txt_528,16,16_wolf_bear_anne_leg,0.19256726
young_children_txt_529,12,12_march_thirty_month_june,0.5229765
young_children_txt_530,12,12_march_thirty_month_june,1.0
young_children_txt_531,16,16_wolf_bear_anne_leg,0.82112366
young_children_txt_532,7,7_legs_calf_reed_nest,0.42943415
young_children_txt_533,18,18_hats_hat_cap_hay,0.7160994
young_children_txt_534,7,7_legs_calf_reed_nest,0.46418858
young_children_txt_535,2,2_beer_beer drink_drank_eating,0.5945
young_children_txt_536,8,8_june_march_saint_day,0.40158707
young_children_txt_537,12,12_march_thirty_month_june,1.0
young_children_txt_538,14,14_herd_dog_tail_turning,1.0
young_children_txt_539,14,14_herd_dog_tail_turning,0.529681
young_children_txt_540,11,11_apples_tree_sisters_wine,0.5889098
young_children_txt_541,14,14_herd_dog_tail_turning,1.0
young_children_txt_542,1,1_nicholas_saint_blessed_god,0.43878597
young_children_txt_543,1,1_nicholas_saint_blessed_god,0.7180506
young_children_txt_544,3,3_oxen_gentlemen_peasants_plow,0.6653041
young_children_txt_545,4,4_servants_thousand_soul_book,0.57882476
young_children_txt_546,6,6_sparrow_cabbage_pea_chirp,0.22205244
young_children_txt_547,15,15_bow_fall_sail_singing,0.75669855
young_children_txt_548,8,8_june_march_saint_day,0.37970784
young_children_txt_549,14,14_herd_dog_tail_turning,0.41488248
young_children_txt_550,5,5_matchmaker_vodka_melody_wedding,0.32522923
young_children_txt_551,0,0_servant_cat_wreath_horse,0.0
young_children_txt_552,7,7_legs_calf_reed_nest,0.51574224
young_children_txt_553,13,13_bake_basket_bells_eggs,1.0
young_children_txt_554,2,2_beer_beer drink_drank_eating,0.3097095
young_children_txt_555,1,1_nicholas_saint_blessed_god,1.0
young_children_txt_556,4,4_servants_thousand_soul_book,0.49728742
young_children_txt_557,7,7_legs_calf_reed_nest,0.26151317
young_children_txt_558,16,16_wolf_bear_anne_leg,1.0
young_children_txt_559,15,15_bow_fall_sail_singing,0.602625
young_children_txt_560,1,1_nicholas_saint_blessed_god,1.0
young_lullaby_dbnl_0,7,7_legs_calf_reed_nest,0.6281284
young_lullaby_dbnl_2,16,16_wolf_bear_anne_leg,0.16796267
young_lullaby_dbnl_4,4,4_servants_thousand_soul_book,0.27072108
young_lullaby_dbnl_7,14,14_herd_dog_tail_turning,0.59199846
young_lullaby_dbnl_10,16,16_wolf_bear_anne_leg,0.27678618
young_lullaby_dbnl_11,7,7_legs_calf_reed_nest,0.32148322
young_lullaby_dbnl_13,1,1_nicholas_saint_blessed_god,0.47867316
young_lullaby_dbnl_14,1,1_nicholas_saint_blessed_god,0.3429738
young_lullaby_dbnl_15,5,5_matchmaker_vodka_melody_wedding,1.0
young_lullaby_dbnl_16,4,4_servants_thousand_soul_book,0.39808542
young_lullaby_dbnl_17,4,4_servants_thousand_soul_book,0.2340395
young_lullaby_dbnl_19,0,0_servant_cat_wreath_horse,0.0
young_lullaby_dbnl_22,1,1_nicholas_saint_blessed_god,0.22990191
young_lullaby_dbnl_23,15,15_bow_fall_sail_singing,0.3511594
young_lullaby_dbnl_24,4,4_servants_thousand_soul_book,0.29955906
young_lullaby_dbnl_25,1,1_nicholas_saint_blessed_god,0.6031241
young_lullaby_dbnl_27,1,1_nicholas_saint_blessed_god,0.29200768
young_lullaby_dbnl_28,1,1_nicholas_saint_blessed_god,0.61794984
young_lullaby_dbnl_29,1,1_nicholas_saint_blessed_god,0.5788394
young_lullaby_dbnl_30,15,15_bow_fall_sail_singing,0.20631607
young_lullaby_dbnl_31,1,1_nicholas_saint_blessed_god,0.7609299
young_lullaby_dbnl_32,14,14_herd_dog_tail_turning,0.56932896
young_lullaby_dbnl_33,8,8_june_march_saint_day,0.34232846
young_lullaby_dbnl_34,0,0_servant_cat_wreath_horse,0.0
young_lullaby_dbnl_35,0,0_servant_cat_wreath_horse,0.0
young_lullaby_dbnl_37,13,13_bake_basket_bells_eggs,0.33582997
young_lullaby_dbnl_38,9,9_wedding_crows_crow_married,0.18834916
young_lullaby_dbnl_39,5,5_matchmaker_vodka_melody_wedding,0.39498544
young_lullaby_dbnl_40,1,1_nicholas_saint_blessed_god,0.86724204
young_lullaby_dbnl_42,0,0_servant_cat_wreath_horse,0.0
young_lullaby_dbnl_43,0,0_servant_cat_wreath_horse,0.0
young_lullaby_dbnl_44,1,1_nicholas_saint_blessed_god,0.5642385
young_lullaby_dbnl_45,16,16_wolf_bear_anne_leg,0.33884835
young_lullaby_dbnl_47,1,1_nicholas_saint_blessed_god,0.45431274
young_lullaby_txt_0,5,5_matchmaker_vodka_melody_wedding,0.54991734
young_lullaby_txt_1,1,1_nicholas_saint_blessed_god,0.9057901
young_lullaby_txt_5,4,4_servants_thousand_soul_book,1.0
young_lullaby_txt_14,15,15_bow_fall_sail_singing,0.37822682
young_nicholas_dbnl_0,13,13_bake_basket_bells_eggs,0.2662593
young_nicholas_dbnl_1,13,13_bake_basket_bells_eggs,0.27206585
young_nicholas_dbnl_2,8,8_june_march_saint_day,0.34836736
young_nicholas_dbnl_3,8,8_june_march_saint_day,0.2955032
young_nicholas_dbnl_4,8,8_june_march_saint_day,0.3178095
young_nicholas_dbnl_6,13,13_bake_basket_bells_eggs,0.29701278
young_nicholas_dbnl_16,8,8_june_march_saint_day,0.37622136
young_nicholas_dbnl_17,13,13_bake_basket_bells_eggs,0.2738285
young_nicholas_dbnl_18,13,13_bake_basket_bells_eggs,0.6796349
young_nicholas_dbnl_19,14,14_herd_dog_tail_turning,0.58631444
young_sea_dbnl_0,15,15_bow_fall_sail_singing,0.2167195
young_sea_dbnl_1,15,15_bow_fall_sail_singing,0.12675285
young_sea_dbnl_2,15,15_bow_fall_sail_singing,0.21560697
young_sea_dbnl_4,7,7_legs_calf_reed_nest,0.36442834
young_sea_dbnl_5,15,15_bow_fall_sail_singing,0.17327626
young_sea_dbnl_6,15,15_bow_fall_sail_singing,0.32945654
young_sea_dbnl_7,4,4_servants_thousand_soul_book,0.2731114
young_sea_dbnl_8,15,15_bow_fall_sail_singing,0.24021682
young_sea_dbnl_10,15,15_bow_fall_sail_singing,0.30586255
young_sea_dbnl_12,2,2_beer_beer drink_drank_eating,0.38750014
young_sea_dbnl_14,15,15_bow_fall_sail_singing,0.4530556
young_sea_dbnl_16,15,15_bow_fall_sail_singing,0.2411033
young_sea_dbnl_17,1,1_nicholas_saint_blessed_god,0.244456
young_sea_dbnl_18,1,1_nicholas_saint_blessed_god,0.33442944
young_sea_dbnl_19,1,1_nicholas_saint_blessed_god,0.3742625
young_sea_dbnl_21,1,1_nicholas_saint_blessed_god,0.22742383
young_sea_dbnl_22,1,1_nicholas_saint_blessed_god,0.19925661
young_sea_dbnl_23,1,1_nicholas_saint_blessed_god,0.30052406
young_sea_dbnl_24,3,3_oxen_gentlemen_peasants_plow,0.2160344
young_sea_dbnl_26,8,8_june_march_saint_day,0.16751735
young_sea_dbnl_27,15,15_bow_fall_sail_singing,0.6939926
young_sea_dbnl_28,18,18_hats_hat_cap_hay,0.48741788
young_sea_dbnl_29,15,15_bow_fall_sail_singing,0.18960343
young_sea_dbnl_30,2,2_beer_beer drink_drank_eating,0.26559657
young_sea_dbnl_31,1,1_nicholas_saint_blessed_god,0.34227216
young_sea_dbnl_32,1,1_nicholas_saint_blessed_god,0.7032456
young_sea_dbnl_33,12,12_march_thirty_month_june,0.7142295
young_sea_dbnl_34,1,1_nicholas_saint_blessed_god,1.0
young_sea_dbnl_35,8,8_june_march_saint_day,0.48705435
young_sea_dbnl_36,1,1_nicholas_saint_blessed_god,0.477809
young_sea_dbnl_37,4,4_servants_thousand_soul_book,0.33499935
young_sea_dbnl_38,2,2_beer_beer drink_drank_eating,0.28189924
young_sea_dbnl_39,15,15_bow_fall_sail_singing,0.31875172
young_sea_dbnl_40,1,1_nicholas_saint_blessed_god,0.36822867
young_sea_dbnl_41,13,13_bake_basket_bells_eggs,0.21784283
young_sea_dbnl_42,1,1_nicholas_saint_blessed_god,0.50262856
young_sea_dbnl_43,1,1_nicholas_saint_blessed_god,0.45004678
young_sea_dbnl_44,7,7_legs_calf_reed_nest,0.15399347
young_sea_dbnl_45,1,1_nicholas_saint_blessed_god,0.2428504
young_sea_dbnl_46,13,13_bake_basket_bells_eggs,0.49266312
young_sea_dbnl_47,1,1_nicholas_saint_blessed_god,0.5195136
young_sea_dbnl_49,15,15_bow_fall_sail_singing,0.5670937
young_sea_dbnl_50,1,1_nicholas_saint_blessed_god,0.2741352
young_sea_dbnl_51,15,15_bow_fall_sail_singing,0.22545078
young_sea_dbnl_52,15,15_bow_fall_sail_singing,0.2561142
young_sea_dbnl_53,1,1_nicholas_saint_blessed_god,0.41796547
young_sea_dbnl_54,4,4_servants_thousand_soul_book,0.23368914
young_sea_dbnl_56,15,15_bow_fall_sail_singing,0.21310769
young_sea_dbnl_57,4,4_servants_thousand_soul_book,0.26720512
young_sea_dbnl_58,15,15_bow_fall_sail_singing,0.37868372
young_sea_dbnl_59,7,7_legs_calf_reed_nest,0.25851583
young_sea_dbnl_60,15,15_bow_fall_sail_singing,0.47125342
young_sea_dbnl_61,7,7_legs_calf_reed_nest,0.26456174
young_sea_dbnl_62,16,16_wolf_bear_anne_leg,0.6404921
young_sea_dbnl_63,1,1_nicholas_saint_blessed_god,0.1806742
young_sea_dbnl_64,7,7_legs_calf_reed_nest,0.22731255
young_sea_dbnl_65,13,13_bake_basket_bells_eggs,0.15522945
young_sea_dbnl_66,15,15_bow_fall_sail_singing,0.35977846
young_sea_dbnl_67,4,4_servants_thousand_soul_book,0.23745798
young_sea_dbnl_68,14,14_herd_dog_tail_turning,0.34200475
young_sea_dbnl_69,15,15_bow_fall_sail_singing,0.18867847
young_sea_dbnl_70,16,16_wolf_bear_anne_leg,0.2257742
young_sea_dbnl_71,2,2_beer_beer drink_drank_eating,0.5518576
young_sea_dbnl_72,4,4_servants_thousand_soul_book,0.29198238
young_sea_dbnl_73,13,13_bake_basket_bells_eggs,0.48145443
young_sea_dbnl_74,15,15_bow_fall_sail_singing,0.31454563
young_sea_dbnl_75,7,7_legs_calf_reed_nest,0.22069535
young_sea_dbnl_76,9,9_wedding_crows_crow_married,0.18506129
young_sea_dbnl_77,16,16_wolf_bear_anne_leg,0.40483466
young_sea_dbnl_78,15,15_bow_fall_sail_singing,0.18280637
young_sea_dbnl_79,7,7_legs_calf_reed_nest,0.21117654
young_sea_dbnl_80,7,7_legs_calf_reed_nest,0.31548738
young_sea_dbnl_81,13,13_bake_basket_bells_eggs,0.36124268
young_sea_dbnl_82,14,14_herd_dog_tail_turning,0.26733273
young_sea_dbnl_83,7,7_legs_calf_reed_nest,0.2848686
young_sea_dbnl_84,14,14_herd_dog_tail_turning,0.26482397
young_sea_dbnl_85,15,15_bow_fall_sail_singing,0.44447026
young_sea_dbnl_86,4,4_servants_thousand_soul_book,0.38165596
young_sea_dbnl_88,15,15_bow_fall_sail_singing,0.15896884
young_sea_dbnl_90,8,8_june_march_saint_day,0.2919015
young_sea_dbnl_91,15,15_bow_fall_sail_singing,0.25204688
young_sea_dbnl_92,13,13_bake_basket_bells_eggs,0.18726556
young_sea_dbnl_93,3,3_oxen_gentlemen_peasants_plow,0.19610068
young_sea_dbnl_94,4,4_servants_thousand_soul_book,0.16494232
young_sea_dbnl_95,7,7_legs_calf_reed_nest,0.22927436
young_sea_dbnl_96,4,4_servants_thousand_soul_book,0.17665467
young_sea_dbnl_98,14,14_herd_dog_tail_turning,0.15992026
young_sea_dbnl_99,14,14_herd_dog_tail_turning,0.18819205
young_sea_dbnl_100,15,15_bow_fall_sail_singing,0.24576095
young_sea_dbnl_101,15,15_bow_fall_sail_singing,0.38581347
young_sea_dbnl_102,14,14_herd_dog_tail_turning,0.14178619
young_sea_dbnl_103,15,15_bow_fall_sail_singing,0.6642359
young_sea_dbnl_104,7,7_legs_calf_reed_nest,0.2505875
young_sea_dbnl_105,7,7_legs_calf_reed_nest,0.33103174
young_sea_dbnl_106,15,15_bow_fall_sail_singing,0.69423497
young_sea_dbnl_107,7,7_legs_calf_reed_nest,0.17057636
young_sea_dbnl_108,13,13_bake_basket_bells_eggs,0.20677498
young_sea_dbnl_109,8,8_june_march_saint_day,0.27270526
young_sea_dbnl_110,13,13_bake_basket_bells_eggs,0.5671183
young_sea_dbnl_111,7,7_legs_calf_reed_nest,0.47499418
young_sea_dbnl_112,15,15_bow_fall_sail_singing,1.0
young_sea_dbnl_113,4,4_servants_thousand_soul_book,0.2599799
young_sea_dbnl_114,8,8_june_march_saint_day,0.19151321
young_sea_dbnl_115,6,6_sparrow_cabbage_pea_chirp,0.12254
young_sea_dbnl_117,12,12_march_thirty_month_june,0.43552342
young_sea_dbnl_118,15,15_bow_fall_sail_singing,0.8431608
young_sea_dbnl_119,10,10_wheat_barley_rye_pea,0.23745765
young_sea_dbnl_120,8,8_june_march_saint_day,0.29587522
young_sea_dbnl_121,15,15_bow_fall_sail_singing,0.37597317
young_sea_dbnl_122,12,12_march_thirty_month_june,0.40101025
young_sea_dbnl_123,13,13_bake_basket_bells_eggs,0.58546954
young_sea_dbnl_124,10,10_wheat_barley_rye_pea,0.2102657
young_sea_dbnl_125,15,15_bow_fall_sail_singing,0.27238065
young_sea_dbnl_127,14,14_herd_dog_tail_turning,0.17303295
young_sea_dbnl_128,16,16_wolf_bear_anne_leg,0.23474208
young_sea_dbnl_129,12,12_march_thirty_month_june,0.36335483
young_sea_dbnl_130,10,10_wheat_barley_rye_pea,0.35611302
young_sea_dbnl_131,4,4_servants_thousand_soul_book,0.5198234
young_sea_dbnl_132,7,7_legs_calf_reed_nest,0.27628255
young_sea_dbnl_134,3,3_oxen_gentlemen_peasants_plow,0.19119415
young_sea_dbnl_135,12,12_march_thirty_month_june,0.549318
young_sea_dbnl_136,15,15_bow_fall_sail_singing,0.16681738
young_sea_dbnl_137,15,15_bow_fall_sail_singing,0.23469685
young_sea_dbnl_139,0,0_servant_cat_wreath_horse,0.0
young_sea_dbnl_140,1,1_nicholas_saint_blessed_god,0.25170872
young_sea_dbnl_141,8,8_june_march_saint_day,0.21340922
young_sea_dbnl_142,4,4_servants_thousand_soul_book,0.1729095
young_sea_dbnl_144,15,15_bow_fall_sail_singing,0.33146104
young_sea_dbnl_145,14,14_herd_dog_tail_turning,0.37531647
young_sea_dbnl_146,15,15_bow_fall_sail_singing,0.40957403
young_sea_dbnl_147,15,15_bow_fall_sail_singing,0.24773209
young_sea_dbnl_148,15,15_bow_fall_sail_singing,0.29865977
young_sea_dbnl_149,4,4_servants_thousand_soul_book,0.18420208
young_sea_dbnl_150,17,17_crooked_tavern_trembles_straight,0.19646583
young_sea_dbnl_151,14,14_herd_dog_tail_turning,0.27080157
young_sea_dbnl_152,5,5_matchmaker_vodka_melody_wedding,0.45900223
young_sea_dbnl_153,15,15_bow_fall_sail_singing,0.418175
young_sea_dbnl_154,15,15_bow_fall_sail_singing,0.21248652
young_sea_dbnl_155,13,13_bake_basket_bells_eggs,0.24735194
young_sea_dbnl_156,7,7_legs_calf_reed_nest,0.31073773
young_sea_dbnl_157,8,8_june_march_saint_day,0.3514649
young_sea_dbnl_158,7,7_legs_calf_reed_nest,0.18956612
young_sea_dbnl_159,4,4_servants_thousand_soul_book,0.4316964
young_sea_dbnl_160,16,16_wolf_bear_anne_leg,0.2684847
young_sea_dbnl_161,8,8_june_march_saint_day,0.5417722
young_sea_dbnl_162,15,15_bow_fall_sail_singing,0.6917256
young_sea_dbnl_163,11,11_apples_tree_sisters_wine,0.32736632
young_sea_dbnl_164,10,10_wheat_barley_rye_pea,0.40758327
young_sea_dbnl_165,14,14_herd_dog_tail_turning,0.40962964
young_sea_dbnl_166,8,8_june_march_saint_day,0.2157178
young_sea_dbnl_167,4,4_servants_thousand_soul_book,0.24832541
young_sea_dbnl_168,3,3_oxen_gentlemen_peasants_plow,0.1778872
young_sea_dbnl_169,15,15_bow_fall_sail_singing,0.3907834
young_sea_dbnl_170,0,0_servant_cat_wreath_horse,0.0
young_sea_dbnl_171,7,7_legs_calf_reed_nest,0.31315988
young_sea_dbnl_172,15,15_bow_fall_sail_singing,0.252488
young_sea_dbnl_173,3,3_oxen_gentlemen_peasants_plow,0.28042287
young_sea_dbnl_174,4,4_servants_thousand_soul_book,0.32183972
young_sea_dbnl_175,7,7_legs_calf_reed_nest,0.20706107
young_sea_dbnl_176,8,8_june_march_saint_day,0.48313928
young_sea_dbnl_177,16,16_wolf_bear_anne_leg,0.24074435
young_sea_dbnl_178,12,12_march_thirty_month_june,0.26627383
young_sea_dbnl_179,4,4_servants_thousand_soul_book,0.29109257
young_sea_txt_0,12,12_march_thirty_month_june,0.2619026
young_sea_txt_1,5,5_matchmaker_vodka_melody_wedding,0.54796934
young_sea_txt_2,15,15_bow_fall_sail_singing,0.7194929
young_sea_txt_3,15,15_bow_fall_sail_singing,0.38931483
young_sea_txt_4,0,0_servant_cat_wreath_horse,0.0
young_sea_txt_5,12,12_march_thirty_month_june,0.30065793
young_sea_txt_6,12,12_march_thirty_month_june,0.5360933
young_sea_txt_7,8,8_june_march_saint_day,0.21297318
young_sea_txt_8,7,7_legs_calf_reed_nest,0.344658
young_soldier_dbnl_0,12,12_march_thirty_month_june,0.44892904
young_soldier_dbnl_1,15,15_bow_fall_sail_singing,0.19878037
young_soldier_dbnl_3,12,12_march_thirty_month_june,0.32517505
young_soldier_dbnl_4,12,12_march_thirty_month_june,0.26937306
young_soldier_dbnl_5,12,12_march_thirty_month_june,0.32753903
young_soldier_dbnl_6,12,12_march_thirty_month_june,0.63382506
young_soldier_dbnl_8,2,2_beer_beer drink_drank_eating,0.17860128
young_soldier_dbnl_9,12,12_march_thirty_month_june,0.5283641
young_soldier_dbnl_10,4,4_servants_thousand_soul_book,0.1462504
young_soldier_dbnl_13,4,4_servants_thousand_soul_book,0.21959904
young_soldier_dbnl_14,2,2_beer_beer drink_drank_eating,0.21834627
young_soldier_dbnl_15,14,14_herd_dog_tail_turning,0.1842911
young_soldier_dbnl_16,12,12_march_thirty_month_june,0.23721202
young_soldier_dbnl_17,13,13_bake_basket_bells_eggs,0.36620104
young_soldier_dbnl_19,2,2_beer_beer drink_drank_eating,0.2922051
young_soldier_dbnl_21,9,9_wedding_crows_crow_married,1.0
young_soldier_dbnl_22,3,3_oxen_gentlemen_peasants_plow,0.29741734
young_soldier_dbnl_23,4,4_servants_thousand_soul_book,0.1746682
young_soldier_dbnl_24,14,14_herd_dog_tail_turning,0.24837527
young_soldier_dbnl_25,12,12_march_thirty_month_june,0.20558919
young_soldier_dbnl_26,15,15_bow_fall_sail_singing,0.26464906
young_soldier_dbnl_27,1,1_nicholas_saint_blessed_god,0.2765799
young_soldier_dbnl_29,4,4_servants_thousand_soul_book,0.34157288
young_soldier_dbnl_30,15,15_bow_fall_sail_singing,0.40205503
young_soldier_dbnl_31,9,9_wedding_crows_crow_married,1.0
young_soldier_dbnl_32,0,0_servant_cat_wreath_horse,0.0
young_soldier_dbnl_33,18,18_hats_hat_cap_hay,0.3395316
young_soldier_dbnl_34,7,7_legs_calf_reed_nest,0.5585908
young_soldier_dbnl_35,7,7_legs_calf_reed_nest,0.14755988
young_soldier_dbnl_36,12,12_march_thirty_month_june,0.3085329
young_soldier_dbnl_37,16,16_wolf_bear_anne_leg,1.0
young_soldier_dbnl_38,7,7_legs_calf_reed_nest,0.6297129
young_soldier_dbnl_39,18,18_hats_hat_cap_hay,0.3541501
young_soldier_dbnl_40,0,0_servant_cat_wreath_horse,0.0
young_soldier_dbnl_41,18,18_hats_hat_cap_hay,0.19310018
young_soldier_dbnl_42,2,2_beer_beer drink_drank_eating,0.30267254
young_soldier_dbnl_43,12,12_march_thirty_month_june,0.34300733
young_soldier_dbnl_44,3,3_oxen_gentlemen_peasants_plow,0.7883626
young_soldier_dbnl_45,15,15_bow_fall_sail_singing,0.46889147
young_soldier_dbnl_46,4,4_servants_thousand_soul_book,0.18515584
young_soldier_dbnl_47,13,13_bake_basket_bells_eggs,0.43523163
young_soldier_dbnl_52,15,15_bow_fall_sail_singing,0.20418186
young_soldier_dbnl_53,15,15_bow_fall_sail_singing,0.2665689
young_soldier_dbnl_54,14,14_herd_dog_tail_turning,0.34773594
young_soldier_dbnl_55,6,6_sparrow_cabbage_pea_chirp,0.70297724
young_soldier_dbnl_56,8,8_june_march_saint_day,0.6645301
young_soldier_dbnl_57,4,4_servants_thousand_soul_book,0.18450029
young_soldier_dbnl_58,15,15_bow_fall_sail_singing,0.4791158
young_soldier_dbnl_59,4,4_servants_thousand_soul_book,0.41210535
young_soldier_dbnl_60,2,2_beer_beer drink_drank_eating,0.29615697
young_soldier_dbnl_61,1,1_nicholas_saint_blessed_god,0.27639213
young_soldier_dbnl_62,2,2_beer_beer drink_drank_eating,1.0
young_soldier_dbnl_64,1,1_nicholas_saint_blessed_god,0.22165725
young_soldier_dbnl_65,5,5_matchmaker_vodka_melody_wedding,0.26626515
young_soldier_dbnl_66,4,4_servants_thousand_soul_book,0.3957893
young_soldier_dbnl_67,7,7_legs_calf_reed_nest,0.22787623
young_soldier_dbnl_69,15,15_bow_fall_sail_singing,0.17104526
young_soldier_dbnl_70,12,12_march_thirty_month_june,0.6734353
young_soldier_dbnl_71,12,12_march_thirty_month_june,0.7869742
young_soldier_dbnl_72,12,12_march_thirty_month_june,0.6706561
young_soldier_dbnl_73,12,12_march_thirty_month_june,0.69197947
young_soldier_dbnl_74,12,12_march_thirty_month_june,0.68917334
young_soldier_dbnl_75,12,12_march_thirty_month_june,0.70288134
young_soldier_dbnl_76,12,12_march_thirty_month_june,0.6706561
young_soldier_dbnl_77,14,14_herd_dog_tail_turning,0.18350539
young_soldier_dbnl_78,16,16_wolf_bear_anne_leg,0.15772334
young_soldier_dbnl_79,15,15_bow_fall_sail_singing,0.7937498
young_soldier_dbnl_80,8,8_june_march_saint_day,0.379557
young_soldier_dbnl_81,14,14_herd_dog_tail_turning,0.5324457
young_soldier_txt_0,9,9_wedding_crows_crow_married,1.0
young_soldier_txt_1,8,8_june_march_saint_day,1.0
young_soldier_txt_3,12,12_march_thirty_month_june,0.830136
young_soldier_txt_4,12,12_march_thirty_month_june,0.48325115
young_soldier_txt_5,7,7_legs_calf_reed_nest,0.53997344
young_soldier_txt_6,15,15_bow_fall_sail_singing,0.34400767
young_wedding_both_0,12,12_march_thirty_month_june,1.0
young_wedding_both_1,15,15_bow_fall_sail_singing,0.58858347
young_wedding_both_2,9,9_wedding_crows_crow_married,0.39741057
young_wedding_both_3,0,0_servant_cat_wreath_horse,0.0
young_wedding_both_4,15,15_bow_fall_sail_singing,0.6454969
young_wedding_both_5,9,9_wedding_crows_crow_married,1.0
young_wedding_both_6,11,11_apples_tree_sisters_wine,0.48996174
young_wedding_both_7,4,4_servants_thousand_soul_book,0.45353964
young_wedding_both_8,9,9_wedding_crows_crow_married,0.57544667
young_wedding_both_9,1,1_nicholas_saint_blessed_god,1.0
young_wedding_both_10,13,13_bake_basket_bells_eggs,0.29993406
young_wedding_both_11,12,12_march_thirty_month_june,0.2949494
young_wedding_both_12,12,12_march_thirty_month_june,0.5898402
young_wedding_both_13,7,7_legs_calf_reed_nest,0.33210447
young_wedding_both_14,0,0_servant_cat_wreath_horse,0.0
young_wedding_both_15,9,9_wedding_crows_crow_married,0.21254784
young_wedding_both_16,1,1_nicholas_saint_blessed_god,0.44946817
young_wedding_both_17,13,13_bake_basket_bells_eggs,0.35649523
young_wedding_both_18,15,15_bow_fall_sail_singing,0.31351587
young_wedding_both_19,10,10_wheat_barley_rye_pea,0.29436532
young_wedding_both_20,9,9_wedding_crows_crow_married,0.5248509
young_wedding_both_21,12,12_march_thirty_month_june,0.33353502
young_wedding_both_22,14,14_herd_dog_tail_turning,0.20996276
young_wedding_both_23,9,9_wedding_crows_crow_married,0.5705238
young_wedding_both_24,1,1_nicholas_saint_blessed_god,0.872479
young_wedding_both_25,1,1_nicholas_saint_blessed_god,0.33176148
young_wedding_both_26,0,0_servant_cat_wreath_horse,0.0
young_wedding_both_27,12,12_march_thirty_month_june,1.0
young_wedding_both_28,7,7_legs_calf_reed_nest,0.6297129
young_wedding_both_29,1,1_nicholas_saint_blessed_god,0.67077357
young_wedding_both_30,1,1_nicholas_saint_blessed_god,1.0
young_wedding_both_31,4,4_servants_thousand_soul_book,1.0
young_wedding_both_32,0,0_servant_cat_wreath_horse,0.0
young_wedding_both_33,8,8_june_march_saint_day,0.45009166
young_wedding_both_34,13,13_bake_basket_bells_eggs,1.0
young_wedding_both_35,12,12_march_thirty_month_june,1.0
young_wedding_both_36,4,4_servants_thousand_soul_book,1.0
young_wedding_both_37,15,15_bow_fall_sail_singing,0.4620399
young_wedding_both_38,6,6_sparrow_cabbage_pea_chirp,1.0
young_wedding_both_39,13,13_bake_basket_bells_eggs,1.0
young_wedding_both_40,9,9_wedding_crows_crow_married,0.30775878
young_wedding_both_41,9,9_wedding_crows_crow_married,1.0
young_wedding_both_42,1,1_nicholas_saint_blessed_god,0.5901865
young_wedding_both_43,7,7_legs_calf_reed_nest,0.2318535
young_wedding_both_44,15,15_bow_fall_sail_singing,0.1802772
young_wedding_both_45,9,9_wedding_crows_crow_married,1.0
young_wedding_both_46,9,9_wedding_crows_crow_married,0.7083226
young_wedding_both_47,18,18_hats_hat_cap_hay,0.24438937
young_wedding_both_48,9,9_wedding_crows_crow_married,0.3980711
young_wedding_both_49,0,0_servant_cat_wreath_horse,0.0
young_wedding_both_50,11,11_apples_tree_sisters_wine,0.5150441
young_wedding_both_51,12,12_march_thirty_month_june,0.6398122
young_wedding_both_52,9,9_wedding_crows_crow_married,0.69514835
young_wedding_both_53,6,6_sparrow_cabbage_pea_chirp,0.38483903
young_wedding_both_54,3,3_oxen_gentlemen_peasants_plow,0.46414372
young_wedding_both_55,15,15_bow_fall_sail_singing,0.83192414
young_wedding_both_56,15,15_bow_fall_sail_singing,1.0
young_wedding_both_57,15,15_bow_fall_sail_singing,0.33354294
young_wedding_both_58,15,15_bow_fall_sail_singing,0.3701887
young_wedding_both_59,0,0_servant_cat_wreath_horse,0.0
young_wedding_both_60,8,8_june_march_saint_day,0.32480347
young_wedding_both_61,0,0_servant_cat_wreath_horse,0.0
young_wedding_both_62,0,0_servant_cat_wreath_horse,0.0
young_wedding_both_63,9,9_wedding_crows_crow_married,1.0
young_wedding_both_64,15,15_bow_fall_sail_singing,0.49066165
young_wedding_both_65,7,7_legs_calf_reed_nest,0.44737765
young_wedding_both_66,7,7_legs_calf_reed_nest,0.5663601
young_wedding_both_67,9,9_wedding_crows_crow_married,0.6641721
young_wedding_both_68,0,0_servant_cat_wreath_horse,0.0
young_wedding_both_69,7,7_legs_calf_reed_nest,0.45200163
young_wedding_both_73,0,0_servant_cat_wreath_horse,0.0
young_wedding_both_74,0,0_servant_cat_wreath_horse,0.0
young_wedding_both_75,9,9_wedding_crows_crow_married,0.3984654
young_wedding_both_76,12,12_march_thirty_month_june,0.23487031
young_wedding_both_77,13,13_bake_basket_bells_eggs,0.6510785
young_wedding_both_78,13,13_bake_basket_bells_eggs,0.3352154
young_wedding_both_79,12,12_march_thirty_month_june,0.31598705
young_wedding_both_80,4,4_servants_thousand_soul_book,0.492949
young_wedding_both_81,0,0_servant_cat_wreath_horse,0.0
young_wedding_both_82,16,16_wolf_bear_anne_leg,0.74625534
young_wedding_both_83,0,0_servant_cat_wreath_horse,0.0
young_wedding_both_84,1,1_nicholas_saint_blessed_god,0.3888313
young_wedding_both_85,9,9_wedding_crows_crow_married,0.3607243
young_wedding_both_86,5,5_matchmaker_vodka_melody_wedding,1.0
young_wedding_both_87,0,0_servant_cat_wreath_horse,0.0
young_wedding_both_88,1,1_nicholas_saint_blessed_god,0.4070745
young_wedding_both_89,13,13_bake_basket_bells_eggs,0.55601144
young_wedding_both_90,9,9_wedding_crows_crow_married,0.7910632
young_wedding_both_92,9,9_wedding_crows_crow_married,0.7230183
young_wedding_both_94,0,0_servant_cat_wreath_horse,0.0
young_wedding_both_95,15,15_bow_fall_sail_singing,0.3723584
young_wedding_both_96,0,0_servant_cat_wreath_horse,0.0
young_wedding_both_97,0,0_servant_cat_wreath_horse,0.0
young_wedding_both_98,12,12_march_thirty_month_june,0.63272727
young_wedding_both_99,16,16_wolf_bear_anne_leg,0.15920205
young_wedding_both_100,15,15_bow_fall_sail_singing,0.53147966
young_wedding_both_101,13,13_bake_basket_bells_eggs,0.6170028
young_wedding_both_102,15,15_bow_fall_sail_singing,0.30409348
young_wedding_both_103,7,7_legs_calf_reed_nest,0.46123305
young_wedding_both_104,15,15_bow_fall_sail_singing,0.56224567
young_wedding_both_105,10,10_wheat_barley_rye_pea,0.26854143
young_wedding_both_106,0,0_servant_cat_wreath_horse,0.0
young_wedding_both_107,0,0_servant_cat_wreath_horse,0.0
young_wedding_both_108,0,0_servant_cat_wreath_horse,0.0
young_wedding_both_109,9,9_wedding_crows_crow_married,0.48335302
young_wedding_both_110,11,11_apples_tree_sisters_wine,0.42025194
young_wedding_both_111,4,4_servants_thousand_soul_book,0.22242594
young_wedding_both_112,15,15_bow_fall_sail_singing,0.26359767
young_wedding_both_113,7,7_legs_calf_reed_nest,0.45045954
young_wedding_both_114,15,15_bow_fall_sail_singing,1.0
young_wedding_both_115,7,7_legs_calf_reed_nest,0.36207452
young_wedding_both_116,12,12_march_thirty_month_june,0.3082801
young_wedding_both_118,15,15_bow_fall_sail_singing,0.61905843
young_wedding_both_119,9,9_wedding_crows_crow_married,0.58877164
young_wedding_both_120,8,8_june_march_saint_day,0.47380146
young_wedding_both_121,9,9_wedding_crows_crow_married,0.29325116
young_wedding_both_122,12,12_march_thirty_month_june,0.29916352
young_wedding_both_123,15,15_bow_fall_sail_singing,0.50003976
young_wedding_both_124,0,0_servant_cat_wreath_horse,0.0
young_wedding_both_125,3,3_oxen_gentlemen_peasants_plow,0.519917
young_wedding_both_126,1,1_nicholas_saint_blessed_god,1.0
young_wedding_both_127,15,15_bow_fall_sail_singing,1.0
young_wedding_both_128,16,16_wolf_bear_anne_leg,0.42824477
young_wedding_both_129,1,1_nicholas_saint_blessed_god,0.5163209
young_wedding_both_130,11,11_apples_tree_sisters_wine,0.44011134
young_wedding_both_131,15,15_bow_fall_sail_singing,0.7042296
young_wedding_both_132,9,9_wedding_crows_crow_married,0.57723606
young_wedding_both_133,4,4_servants_thousand_soul_book,0.82041484
young_wedding_both_134,9,9_wedding_crows_crow_married,0.27574515
young_wedding_both_135,7,7_legs_calf_reed_nest,0.30932835
young_wedding_both_136,1,1_nicholas_saint_blessed_god,0.34016278
young_wedding_both_137,9,9_wedding_crows_crow_married,0.50527865
young_wedding_both_138,0,0_servant_cat_wreath_horse,0.0
young_wedding_both_139,16,16_wolf_bear_anne_leg,1.0
young_wedding_both_140,18,18_hats_hat_cap_hay,0.5008283
young_wedding_both_141,15,15_bow_fall_sail_singing,1.0
young_wedding_both_142,15,15_bow_fall_sail_singing,1.0
young_wedding_both_143,15,15_bow_fall_sail_singing,1.0
young_wedding_both_144,15,15_bow_fall_sail_singing,1.0
young_wedding_both_145,15,15_bow_fall_sail_singing,1.0
young_wedding_both_146,15,15_bow_fall_sail_singing,1.0
young_wedding_both_147,15,15_bow_fall_sail_singing,1.0
young_wedding_both_148,15,15_bow_fall_sail_singing,1.0
young_wedding_both_149,15,15_bow_fall_sail_singing,1.0
young_wedding_both_150,15,15_bow_fall_sail_singing,1.0
young_wedding_both_151,15,15_bow_fall_sail_singing,1.0
young_wedding_both_152,15,15_bow_fall_sail_singing,1.0
young_wedding_both_153,15,15_bow_fall_sail_singing,1.0
young_wedding_both_154,15,15_bow_fall_sail_singing,1.0
young_wedding_both_155,15,15_bow_fall_sail_singing,1.0
young_wedding_both_156,0,0_servant_cat_wreath_horse,0.0
young_wedding_both_157,1,1_nicholas_saint_blessed_god,1.0
young_wedding_both_158,2,2_beer_beer drink_drank_eating,1.0
young_wedding_both_159,4,4_servants_thousand_soul_book,0.31524664
young_wedding_both_160,15,15_bow_fall_sail_singing,0.45293143
young_wedding_both_161,0,0_servant_cat_wreath_horse,0.0
young_wedding_both_162,9,9_wedding_crows_crow_married,0.4329949
young_wedding_both_163,5,5_matchmaker_vodka_melody_wedding,0.3996903
young_wedding_both_164,15,15_bow_fall_sail_singing,0.29601374
young_wedding_both_165,15,15_bow_fall_sail_singing,0.3458408
young_wedding_both_166,9,9_wedding_crows_crow_married,0.3286204
young_wedding_both_167,13,13_bake_basket_bells_eggs,0.3146591
young_wedding_both_168,13,13_bake_basket_bells_eggs,0.38777322
young_wedding_both_169,13,13_bake_basket_bells_eggs,0.35188812
young_wedding_both_170,9,9_wedding_crows_crow_married,0.53192055
young_wedding_both_171,7,7_legs_calf_reed_nest,0.44610116
young_wedding_both_172,9,9_wedding_crows_crow_married,0.68836296
young_wedding_both_173,7,7_legs_calf_reed_nest,0.60878307
young_wedding_both_174,3,3_oxen_gentlemen_peasants_plow,0.41772875
young_wedding_both_175,11,11_apples_tree_sisters_wine,0.41373077
young_wedding_both_176,2,2_beer_beer drink_drank_eating,0.42350256
young_wedding_both_177,8,8_june_march_saint_day,1.0
young_wedding_both_178,6,6_sparrow_cabbage_pea_chirp,0.46582314
young_wedding_both_179,9,9_wedding_crows_crow_married,0.33814406
young_wedding_both_180,8,8_june_march_saint_day,0.5311741
young_wedding_both_181,7,7_legs_calf_reed_nest,0.4090158
young_wedding_both_182,1,1_nicholas_saint_blessed_god,0.7628222
young_wedding_both_183,13,13_bake_basket_bells_eggs,0.21396983
young_wedding_both_185,15,15_bow_fall_sail_singing,0.2309709
young_wedding_both_186,15,15_bow_fall_sail_singing,1.0
young_wedding_both_188,6,6_sparrow_cabbage_pea_chirp,0.50085527
young_wedding_both_189,1,1_nicholas_saint_blessed_god,0.349682
young_wedding_both_190,4,4_servants_thousand_soul_book,0.6101318
young_wedding_both_191,4,4_servants_thousand_soul_book,0.481073
young_wedding_both_192,12,12_march_thirty_month_june,0.29710522
young_wedding_both_193,9,9_wedding_crows_crow_married,0.33298203
young_wedding_both_194,15,15_bow_fall_sail_singing,0.24492532
young_wedding_both_195,15,15_bow_fall_sail_singing,0.44700533
young_wedding_both_196,12,12_march_thirty_month_june,0.48389533
young_wedding_both_197,12,12_march_thirty_month_june,0.24600899
young_wedding_both_198,1,1_nicholas_saint_blessed_god,0.42331073
young_wedding_both_199,1,1_nicholas_saint_blessed_god,0.31304422
young_wedding_both_200,1,1_nicholas_saint_blessed_god,0.2743352
young_wedding_both_201,15,15_bow_fall_sail_singing,0.5766532
young_wedding_both_202,1,1_nicholas_saint_blessed_god,0.26666036
young_wedding_both_203,13,13_bake_basket_bells_eggs,0.34775877
young_wedding_both_204,1,1_nicholas_saint_blessed_god,0.24791834
young_wedding_both_205,1,1_nicholas_saint_blessed_god,0.2222552
young_wedding_both_206,14,14_herd_dog_tail_turning,0.70287603
young_wedding_both_207,13,13_bake_basket_bells_eggs,0.582711
young_wedding_both_208,4,4_servants_thousand_soul_book,1.0
young_wedding_both_209,15,15_bow_fall_sail_singing,0.2422199
young_wedding_both_210,15,15_bow_fall_sail_singing,0.29401952
young_wedding_both_211,0,0_servant_cat_wreath_horse,0.0
young_wedding_both_212,9,9_wedding_crows_crow_married,0.2879366
young_wedding_both_213,1,1_nicholas_saint_blessed_god,0.39818448
young_wedding_both_214,0,0_servant_cat_wreath_horse,0.0
young_wedding_both_215,8,8_june_march_saint_day,0.18698387
young_wedding_both_216,15,15_bow_fall_sail_singing,0.42607594
young_wedding_both_217,3,3_oxen_gentlemen_peasants_plow,1.0
young_wedding_both_218,0,0_servant_cat_wreath_horse,0.0
young_wedding_both_219,10,10_wheat_barley_rye_pea,0.6659184
young_wedding_both_220,15,15_bow_fall_sail_singing,0.6209693
young_wedding_both_221,9,9_wedding_crows_crow_married,0.55501026
young_wedding_both_222,4,4_servants_thousand_soul_book,0.45159185
young_wedding_both_223,15,15_bow_fall_sail_singing,0.39556885
young_wedding_both_224,9,9_wedding_crows_crow_married,1.0
young_wedding_both_225,7,7_legs_calf_reed_nest,0.2681379
young_wedding_both_226,7,7_legs_calf_reed_nest,0.63698
young_wedding_both_227,8,8_june_march_saint_day,0.52260965
young_wedding_both_228,5,5_matchmaker_vodka_melody_wedding,0.588458
young_wedding_both_229,15,15_bow_fall_sail_singing,0.2726796
young_wedding_both_230,9,9_wedding_crows_crow_married,0.48369867
young_wedding_both_231,7,7_legs_calf_reed_nest,0.38833255
young_wedding_both_232,0,0_servant_cat_wreath_horse,0.0
young_wedding_both_233,7,7_legs_calf_reed_nest,0.31471127
young_wedding_both_234,15,15_bow_fall_sail_singing,0.68422043
young_wedding_both_235,6,6_sparrow_cabbage_pea_chirp,0.2698546
young_wedding_both_236,16,16_wolf_bear_anne_leg,0.5773295
young_wedding_both_237,12,12_march_thirty_month_june,0.2184566
young_wedding_both_238,0,0_servant_cat_wreath_horse,0.0
young_wedding_both_239,15,15_bow_fall_sail_singing,0.7595592
young_wedding_both_240,0,0_servant_cat_wreath_horse,0.0
young_wedding_both_241,9,9_wedding_crows_crow_married,0.36449903
young_wedding_both_242,7,7_legs_calf_reed_nest,0.47197217
young_wedding_both_243,0,0_servant_cat_wreath_horse,0.0
young_wedding_both_244,12,12_march_thirty_month_june,0.45314446
young_wedding_both_245,9,9_wedding_crows_crow_married,0.4889477
young_wedding_both_246,15,15_bow_fall_sail_singing,0.75973666
young_wedding_both_247,13,13_bake_basket_bells_eggs,0.30208835
young_wedding_both_248,16,16_wolf_bear_anne_leg,0.45656684
young_wedding_both_249,14,14_herd_dog_tail_turning,0.5500946
young_wedding_both_250,4,4_servants_thousand_soul_book,0.46650043
young_wedding_both_251,3,3_oxen_gentlemen_peasants_plow,1.0
young_wedding_both_252,14,14_herd_dog_tail_turning,0.58631444
young_wedding_both_253,4,4_servants_thousand_soul_book,0.60063
young_wedding_both_254,4,4_servants_thousand_soul_book,0.3285405
young_wedding_both_255,15,15_bow_fall_sail_singing,0.6892276
young_wedding_both_256,15,15_bow_fall_sail_singing,0.6892276
young_wedding_both_257,15,15_bow_fall_sail_singing,0.5539981
young_wedding_both_258,15,15_bow_fall_sail_singing,0.9220967
young_wedding_both_259,15,15_bow_fall_sail_singing,0.6925317
young_wedding_both_260,9,9_wedding_crows_crow_married,0.38152826
young_wedding_both_261,9,9_wedding_crows_crow_married,0.40907526
young_wedding_both_262,9,9_wedding_crows_crow_married,0.38152826
young_wedding_both_263,4,4_servants_thousand_soul_book,0.46437395
young_wedding_both_264,4,4_servants_thousand_soul_book,0.46437395
young_wedding_both_265,9,9_wedding_crows_crow_married,0.37617865
young_wedding_both_266,9,9_wedding_crows_crow_married,0.37733468
young_wedding_both_267,1,1_nicholas_saint_blessed_god,0.5281441
young_wedding_both_268,1,1_nicholas_saint_blessed_god,0.3346865
young_wedding_both_269,1,1_nicholas_saint_blessed_god,0.29520136
young_wedding_both_270,1,1_nicholas_saint_blessed_god,0.6658151
young_wedding_both_271,12,12_march_thirty_month_june,0.38186345
young_wedding_both_272,12,12_march_thirty_month_june,0.19815065
young_wedding_both_273,1,1_nicholas_saint_blessed_god,0.33788195
young_wedding_both_274,13,13_bake_basket_bells_eggs,0.19821845
young_wedding_both_275,15,15_bow_fall_sail_singing,0.30964923
young_wedding_both_276,1,1_nicholas_saint_blessed_god,0.30921727
young_wedding_both_277,1,1_nicholas_saint_blessed_god,0.39194572
young_wedding_both_278,15,15_bow_fall_sail_singing,0.36113796
young_wedding_both_280,9,9_wedding_crows_crow_married,0.87938094
young_wedding_both_281,1,1_nicholas_saint_blessed_god,0.37141344
young_wedding_both_282,12,12_march_thirty_month_june,0.5423398
young_wedding_both_284,9,9_wedding_crows_crow_married,0.6398913
young_wedding_both_285,13,13_bake_basket_bells_eggs,0.18045497
young_wedding_both_286,12,12_march_thirty_month_june,0.8356271
young_wedding_both_287,13,13_bake_basket_bells_eggs,0.500881
young_wedding_both_288,7,7_legs_calf_reed_nest,0.26765987
young_wedding_both_289,4,4_servants_thousand_soul_book,0.5418181
young_wedding_both_290,0,0_servant_cat_wreath_horse,0.0
young_wedding_both_291,1,1_nicholas_saint_blessed_god,1.0
young_wedding_both_292,0,0_servant_cat_wreath_horse,0.0
young_wedding_both_294,15,15_bow_fall_sail_singing,0.6951406
young_wedding_both_295,8,8_june_march_saint_day,0.29925537
young_wedding_both_296,13,13_bake_basket_bells_eggs,1.0
young_wedding_both_297,12,12_march_thirty_month_june,0.47119656
young_wedding_both_298,15,15_bow_fall_sail_singing,1.0
young_wedding_both_299,3,3_oxen_gentlemen_peasants_plow,0.83343184
young_wedding_both_300,16,16_wolf_bear_anne_leg,0.42136425
young_wedding_both_301,7,7_legs_calf_reed_nest,0.5097903
young_wedding_both_302,5,5_matchmaker_vodka_melody_wedding,1.0
young_wedding_both_303,0,0_servant_cat_wreath_horse,0.0
young_wedding_both_304,0,0_servant_cat_wreath_horse,0.0
young_wedding_both_305,4,4_servants_thousand_soul_book,0.6429483
young_wedding_both_306,4,4_servants_thousand_soul_book,0.3561972
young_wedding_both_307,13,13_bake_basket_bells_eggs,0.53090346
young_wedding_both_308,16,16_wolf_bear_anne_leg,0.5179599
young_wedding_both_309,15,15_bow_fall_sail_singing,0.45822072
young_wedding_both_310,4,4_servants_thousand_soul_book,0.82607687
young_wedding_both_311,3,3_oxen_gentlemen_peasants_plow,1.0
young_wedding_both_312,5,5_matchmaker_vodka_melody_wedding,0.2112664
young_wedding_both_313,15,15_bow_fall_sail_singing,0.56064314
young_wedding_both_314,8,8_june_march_saint_day,0.51471865
young_wedding_both_315,9,9_wedding_crows_crow_married,0.44099447
young_wedding_both_316,2,2_beer_beer drink_drank_eating,1.0
young_wedding_both_317,10,10_wheat_barley_rye_pea,0.6523479
young_wedding_both_318,4,4_servants_thousand_soul_book,0.43482137
young_wedding_both_319,6,6_sparrow_cabbage_pea_chirp,0.35515857
young_wedding_both_320,1,1_nicholas_saint_blessed_god,0.36274633
young_wedding_both_321,0,0_servant_cat_wreath_horse,0.0
young_wedding_both_322,2,2_beer_beer drink_drank_eating,0.2976708
young_wedding_both_323,9,9_wedding_crows_crow_married,0.3599939
young_wedding_both_324,16,16_wolf_bear_anne_leg,0.2667818
young_wedding_both_325,15,15_bow_fall_sail_singing,1.0
young_wedding_both_326,15,15_bow_fall_sail_singing,1.0
young_wedding_both_327,8,8_june_march_saint_day,0.50572497
young_wedding_both_328,5,5_matchmaker_vodka_melody_wedding,0.37237605
young_wedding_both_329,13,13_bake_basket_bells_eggs,0.3108002
young_wedding_both_330,13,13_bake_basket_bells_eggs,0.6295469
young_wedding_both_331,9,9_wedding_crows_crow_married,0.26956818
young_wedding_both_332,9,9_wedding_crows_crow_married,0.39373803
young_wedding_both_333,9,9_wedding_crows_crow_married,0.2769422
young_wedding_both_334,9,9_wedding_crows_crow_married,0.38922143
young_wedding_both_335,9,9_wedding_crows_crow_married,0.25562966
young_wedding_both_336,9,9_wedding_crows_crow_married,0.42018735
young_wedding_both_337,12,12_march_thirty_month_june,1.0
young_wedding_both_338,9,9_wedding_crows_crow_married,0.40747428
young_wedding_both_339,8,8_june_march_saint_day,0.7867521
young_wedding_both_340,8,8_june_march_saint_day,0.48726997
young_wedding_both_341,8,8_june_march_saint_day,0.48726997
young_wedding_both_342,8,8_june_march_saint_day,0.54998577
young_wedding_both_343,8,8_june_march_saint_day,0.48726997
young_wedding_both_344,8,8_june_march_saint_day,0.48726997
young_wedding_both_345,8,8_june_march_saint_day,0.48726997
young_wedding_both_346,8,8_june_march_saint_day,0.8185553
young_wedding_both_347,15,15_bow_fall_sail_singing,0.41585788
young_wedding_both_348,15,15_bow_fall_sail_singing,0.80652696
young_wedding_both_349,15,15_bow_fall_sail_singing,0.54696906
young_wedding_both_350,5,5_matchmaker_vodka_melody_wedding,0.14482239
young_wedding_both_351,9,9_wedding_crows_crow_married,0.37108013
young_wedding_both_352,4,4_servants_thousand_soul_book,0.5151707
young_wedding_both_353,10,10_wheat_barley_rye_pea,1.0
young_wedding_both_354,8,8_june_march_saint_day,0.8185553
young_wedding_both_355,4,4_servants_thousand_soul_book,1.0
young_wedding_both_356,7,7_legs_calf_reed_nest,0.4004738
young_wedding_both_357,12,12_march_thirty_month_june,0.36567464
young_wedding_both_358,14,14_herd_dog_tail_turning,0.2699184
young_wedding_both_359,12,12_march_thirty_month_june,0.21318941
young_wedding_both_360,15,15_bow_fall_sail_singing,0.22984067
young_wedding_both_361,9,9_wedding_crows_crow_married,0.19662268
young_wedding_both_362,15,15_bow_fall_sail_singing,1.0
young_wedding_both_363,7,7_legs_calf_reed_nest,0.41990608
young_wedding_both_364,9,9_wedding_crows_crow_married,0.5938836
young_wedding_both_365,4,4_servants_thousand_soul_book,0.5961107
young_wedding_both_366,9,9_wedding_crows_crow_married,1.0
young_wedding_both_367,9,9_wedding_crows_crow_married,0.8691308
young_wedding_both_368,7,7_legs_calf_reed_nest,0.32126692
young_wedding_both_369,9,9_wedding_crows_crow_married,0.8333232
young_wedding_both_370,8,8_june_march_saint_day,0.4011427
young_wedding_both_371,9,9_wedding_crows_crow_married,0.2888413
young_wedding_both_372,9,9_wedding_crows_crow_married,0.38596532
young_wedding_both_373,8,8_june_march_saint_day,0.5006532
young_wedding_both_374,8,8_june_march_saint_day,0.76944625
young_wedding_both_375,11,11_apples_tree_sisters_wine,0.3678631
young_wedding_both_376,9,9_wedding_crows_crow_married,0.42683768
young_wedding_both_377,1,1_nicholas_saint_blessed_god,0.4631601
young_wedding_both_378,15,15_bow_fall_sail_singing,0.86927605
young_wedding_both_379,9,9_wedding_crows_crow_married,0.33582416
young_wedding_both_380,9,9_wedding_crows_crow_married,0.20201325
young_wedding_both_381,9,9_wedding_crows_crow_married,0.33567464
young_wedding_both_382,4,4_servants_thousand_soul_book,1.0
young_wedding_both_383,16,16_wolf_bear_anne_leg,0.4340838
young_wedding_both_384,16,16_wolf_bear_anne_leg,0.4340838
young_wedding_both_385,15,15_bow_fall_sail_singing,0.45094195
young_wedding_both_386,7,7_legs_calf_reed_nest,0.68232685
young_wedding_both_387,13,13_bake_basket_bells_eggs,0.22686584
young_wedding_both_388,15,15_bow_fall_sail_singing,0.5969382
young_wedding_both_389,17,17_crooked_tavern_trembles_straight,1.0
young_wedding_both_390,9,9_wedding_crows_crow_married,1.0
young_wedding_both_391,1,1_nicholas_saint_blessed_god,1.0
young_wedding_both_392,14,14_herd_dog_tail_turning,0.3727088
young_wedding_both_393,9,9_wedding_crows_crow_married,0.38663977
young_wedding_both_394,15,15_bow_fall_sail_singing,0.51913
young_wedding_both_395,4,4_servants_thousand_soul_book,0.4690042
young_wedding_both_396,15,15_bow_fall_sail_singing,0.33116183
young_wedding_both_397,7,7_legs_calf_reed_nest,0.47471452
young_wedding_both_398,9,9_wedding_crows_crow_married,1.0
young_wedding_both_399,9,9_wedding_crows_crow_married,0.6247851
young_wedding_both_400,15,15_bow_fall_sail_singing,0.5750566
young_wedding_both_401,8,8_june_march_saint_day,0.2746855
young_wedding_both_402,10,10_wheat_barley_rye_pea,0.16595763
young_wedding_both_403,4,4_servants_thousand_soul_book,0.27908766
young_wedding_both_404,4,4_servants_thousand_soul_book,0.21726036
young_wedding_both_405,15,15_bow_fall_sail_singing,0.80605537
young_wedding_both_406,0,0_servant_cat_wreath_horse,0.0
young_wedding_both_407,8,8_june_march_saint_day,0.34275845
young_wedding_both_408,7,7_legs_calf_reed_nest,0.5399988
young_wedding_both_409,15,15_bow_fall_sail_singing,0.35431728
young_wedding_both_410,3,3_oxen_gentlemen_peasants_plow,0.45330635
young_wedding_both_411,15,15_bow_fall_sail_singing,0.35477906
young_wedding_both_412,1,1_nicholas_saint_blessed_god,0.43561116
young_wedding_both_413,0,0_servant_cat_wreath_horse,0.0
young_wedding_both_414,3,3_oxen_gentlemen_peasants_plow,0.41717342
young_wedding_both_415,9,9_wedding_crows_crow_married,1.0
young_wedding_both_416,12,12_march_thirty_month_june,0.522229
young_wedding_both_417,9,9_wedding_crows_crow_married,0.47001246
young_wedding_both_418,12,12_march_thirty_month_june,0.1486798
young_wedding_both_419,15,15_bow_fall_sail_singing,1.0
young_wedding_both_420,12,12_march_thirty_month_june,0.658728
young_wedding_both_421,9,9_wedding_crows_crow_married,1.0
young_wedding_both_422,1,1_nicholas_saint_blessed_god,0.47433224
young_wedding_both_423,9,9_wedding_crows_crow_married,0.27676407
young_wedding_both_424,11,11_apples_tree_sisters_wine,1.0
young_wedding_both_425,3,3_oxen_gentlemen_peasants_plow,0.5004113
young_wedding_both_426,8,8_june_march_saint_day,0.8825509
young_wedding_both_427,3,3_oxen_gentlemen_peasants_plow,0.68959576
young_wedding_both_429,2,2_beer_beer drink_drank_eating,0.29653355
young_wedding_both_430,9,9_wedding_crows_crow_married,0.64821696
young_wedding_both_431,9,9_wedding_crows_crow_married,0.31517544
young_wedding_both_432,4,4_servants_thousand_soul_book,0.42200327
young_wedding_both_433,7,7_legs_calf_reed_nest,0.50523347
young_wedding_both_434,6,6_sparrow_cabbage_pea_chirp,0.4903288
young_wedding_both_435,9,9_wedding_crows_crow_married,0.42090032
young_wedding_both_436,2,2_beer_beer drink_drank_eating,0.21459787
young_wedding_both_437,4,4_servants_thousand_soul_book,1.0
young_wedding_both_438,15,15_bow_fall_sail_singing,0.4863015
young_wedding_both_439,15,15_bow_fall_sail_singing,0.64180416
young_wedding_both_440,12,12_march_thirty_month_june,0.18779792
young_wedding_both_441,13,13_bake_basket_bells_eggs,0.31816074
young_wedding_both_442,9,9_wedding_crows_crow_married,0.47254577
young_wedding_both_443,15,15_bow_fall_sail_singing,0.5132433
young_wedding_both_444,15,15_bow_fall_sail_singing,0.21506919
young_wedding_both_445,7,7_legs_calf_reed_nest,0.24778564
young_wedding_both_446,15,15_bow_fall_sail_singing,0.3297868
young_wedding_both_447,9,9_wedding_crows_crow_married,0.20497784
young_wedding_both_448,12,12_march_thirty_month_june,0.23626631
young_wedding_both_449,15,15_bow_fall_sail_singing,0.5778547
young_wedding_both_450,9,9_wedding_crows_crow_married,1.0
young_wedding_both_451,9,9_wedding_crows_crow_married,0.3967852
young_wedding_both_452,7,7_legs_calf_reed_nest,0.25252828
young_wedding_both_454,15,15_bow_fall_sail_singing,0.44249466
young_wedding_both_455,16,16_wolf_bear_anne_leg,0.27694887
young_wedding_both_456,9,9_wedding_crows_crow_married,0.17072214
young_wedding_both_457,15,15_bow_fall_sail_singing,1.0
young_wedding_both_458,9,9_wedding_crows_crow_married,0.40182433
young_wedding_both_459,15,15_bow_fall_sail_singing,0.5420072
young_wedding_both_461,9,9_wedding_crows_crow_married,0.17274435
young_wedding_both_462,15,15_bow_fall_sail_singing,0.32142016
young_wedding_both_463,7,7_legs_calf_reed_nest,0.4870067
young_wedding_both_464,2,2_beer_beer drink_drank_eating,0.8913939
young_wedding_both_465,9,9_wedding_crows_crow_married,0.26841313
young_wedding_both_466,4,4_servants_thousand_soul_book,1.0
young_wedding_both_467,15,15_bow_fall_sail_singing,0.5577607
young_wedding_both_468,6,6_sparrow_cabbage_pea_chirp,0.20652762
young_wedding_both_469,13,13_bake_basket_bells_eggs,0.689496
young_wedding_both_471,15,15_bow_fall_sail_singing,0.47957343
young_wedding_both_472,12,12_march_thirty_month_june,0.36381006
young_wedding_both_474,0,0_servant_cat_wreath_horse,0.0
young_wedding_both_475,9,9_wedding_crows_crow_married,0.5081346
young_wedding_both_476,13,13_bake_basket_bells_eggs,0.31997323
young_wedding_both_477,2,2_beer_beer drink_drank_eating,0.48330793
young_wedding_both_478,1,1_nicholas_saint_blessed_god,0.28134713
young_wedding_both_479,9,9_wedding_crows_crow_married,0.22088006
young_wedding_both_480,9,9_wedding_crows_crow_married,0.32564247
young_wedding_both_481,2,2_beer_beer drink_drank_eating,0.5169367
young_wedding_both_482,15,15_bow_fall_sail_singing,0.42918652
young_wedding_both_483,9,9_wedding_crows_crow_married,0.6056156
young_wedding_both_484,15,15_bow_fall_sail_singing,0.3535931
young_wedding_both_485,1,1_nicholas_saint_blessed_god,0.4224724
young_wedding_both_486,11,11_apples_tree_sisters_wine,0.251692
young_wedding_both_487,7,7_legs_calf_reed_nest,0.45385274
young_wedding_both_488,15,15_bow_fall_sail_singing,0.2756246
young_wedding_both_489,9,9_wedding_crows_crow_married,0.5656961
young_wedding_both_490,12,12_march_thirty_month_june,0.29025936
young_wedding_both_491,14,14_herd_dog_tail_turning,0.44825363
young_wedding_both_492,9,9_wedding_crows_crow_married,0.38498414
young_wedding_both_493,15,15_bow_fall_sail_singing,0.36178878
young_wedding_both_494,13,13_bake_basket_bells_eggs,0.361919
young_wedding_both_495,10,10_wheat_barley_rye_pea,0.5525231
young_wedding_both_496,7,7_legs_calf_reed_nest,0.26659793
young_wedding_both_497,12,12_march_thirty_month_june,0.3365753
young_wedding_both_498,15,15_bow_fall_sail_singing,1.0
young_wedding_both_499,12,12_march_thirty_month_june,1.0
young_wedding_both_500,4,4_servants_thousand_soul_book,1.0
young_wedding_both_501,1,1_nicholas_saint_blessed_god,0.49273562
young_wedding_both_502,1,1_nicholas_saint_blessed_god,0.49069425
young_work_dbnl_0,8,8_june_march_saint_day,0.19935897
young_work_dbnl_3,4,4_servants_thousand_soul_book,0.18051472
young_work_dbnl_4,1,1_nicholas_saint_blessed_god,0.5816738
young_work_dbnl_5,13,13_bake_basket_bells_eggs,0.38400945
young_work_dbnl_7,14,14_herd_dog_tail_turning,0.27436388
young_work_dbnl_8,5,5_matchmaker_vodka_melody_wedding,0.17915878
young_work_dbnl_9,13,13_bake_basket_bells_eggs,0.37797508
young_work_dbnl_10,13,13_bake_basket_bells_eggs,0.19217677
young_work_dbnl_11,14,14_herd_dog_tail_turning,0.17159712
young_work_dbnl_16,6,6_sparrow_cabbage_pea_chirp,0.2570509
young_work_dbnl_17,13,13_bake_basket_bells_eggs,0.36188564
young_work_dbnl_18,13,13_bake_basket_bells_eggs,0.4809485
young_work_dbnl_19,4,4_servants_thousand_soul_book,0.28448856
young_work_dbnl_20,13,13_bake_basket_bells_eggs,0.3398824
young_work_dbnl_21,13,13_bake_basket_bells_eggs,0.39862755
young_work_dbnl_22,13,13_bake_basket_bells_eggs,0.13395858
young_work_dbnl_23,1,1_nicholas_saint_blessed_god,0.28724858
young_work_dbnl_24,8,8_june_march_saint_day,0.27837786
young_work_dbnl_25,16,16_wolf_bear_anne_leg,0.14010437
young_work_dbnl_27,1,1_nicholas_saint_blessed_god,0.29228786
young_work_dbnl_28,18,18_hats_hat_cap_hay,0.15477514
young_work_dbnl_29,15,15_bow_fall_sail_singing,0.18260247
young_work_dbnl_31,13,13_bake_basket_bells_eggs,0.21821359
young_work_dbnl_32,1,1_nicholas_saint_blessed_god,0.48690143
young_work_dbnl_33,7,7_legs_calf_reed_nest,0.16247661
young_work_dbnl_34,13,13_bake_basket_bells_eggs,0.20687544
young_work_dbnl_35,12,12_march_thirty_month_june,0.31221285
young_work_dbnl_36,16,16_wolf_bear_anne_leg,0.38839135
young_work_dbnl_37,9,9_wedding_crows_crow_married,0.36853185
young_work_dbnl_38,13,13_bake_basket_bells_eggs,0.53677005
young_work_dbnl_39,16,16_wolf_bear_anne_leg,0.665363
young_work_dbnl_41,13,13_bake_basket_bells_eggs,0.34806252
young_work_dbnl_44,5,5_matchmaker_vodka_melody_wedding,0.39612404
young_work_dbnl_47,15,15_bow_fall_sail_singing,0.2352057
young_work_dbnl_48,12,12_march_thirty_month_june,0.18745553
young_work_dbnl_49,13,13_bake_basket_bells_eggs,0.19662358
young_work_dbnl_50,12,12_march_thirty_month_june,0.316423
young_work_dbnl_51,15,15_bow_fall_sail_singing,0.3576978
young_work_dbnl_52,14,14_herd_dog_tail_turning,0.7841321
young_work_dbnl_53,8,8_june_march_saint_day,0.3445934
young_work_dbnl_54,5,5_matchmaker_vodka_melody_wedding,0.2128099
young_work_dbnl_55,15,15_bow_fall_sail_singing,0.3828193
young_work_dbnl_56,12,12_march_thirty_month_june,0.24845201
young_work_dbnl_57,2,2_beer_beer drink_drank_eating,0.29222205
young_work_dbnl_58,13,13_bake_basket_bells_eggs,0.37839136
young_work_dbnl_59,8,8_june_march_saint_day,0.20896682
young_work_dbnl_60,2,2_beer_beer drink_drank_eating,0.28253394
young_work_dbnl_61,15,15_bow_fall_sail_singing,0.3384029
young_work_dbnl_62,2,2_beer_beer drink_drank_eating,0.39059463
young_work_dbnl_63,10,10_wheat_barley_rye_pea,0.20191024
young_work_dbnl_64,15,15_bow_fall_sail_singing,0.37375453
young_work_dbnl_65,10,10_wheat_barley_rye_pea,0.47958028
young_work_dbnl_66,8,8_june_march_saint_day,0.2652745
young_work_dbnl_67,8,8_june_march_saint_day,0.35923767
young_work_dbnl_68,2,2_beer_beer drink_drank_eating,0.32586107
young_work_dbnl_69,10,10_wheat_barley_rye_pea,0.57589793
young_work_dbnl_70,4,4_servants_thousand_soul_book,0.49458396
young_work_dbnl_71,16,16_wolf_bear_anne_leg,0.3690918
young_work_dbnl_72,5,5_matchmaker_vodka_melody_wedding,0.2659147
young_work_dbnl_73,12,12_march_thirty_month_june,0.2641771
young_work_dbnl_74,16,16_wolf_bear_anne_leg,0.2942815
young_work_dbnl_75,12,12_march_thirty_month_june,0.2818228
young_work_dbnl_76,12,12_march_thirty_month_june,0.18196566
young_work_dbnl_78,13,13_bake_basket_bells_eggs,0.19717978
young_work_dbnl_80,13,13_bake_basket_bells_eggs,0.6607141
young_work_dbnl_81,8,8_june_march_saint_day,0.34588876
young_work_dbnl_82,13,13_bake_basket_bells_eggs,0.41639873
young_work_dbnl_83,13,13_bake_basket_bells_eggs,0.29970464
young_work_dbnl_84,11,11_apples_tree_sisters_wine,0.5595724
young_work_dbnl_85,1,1_nicholas_saint_blessed_god,0.39494735
young_work_dbnl_86,8,8_june_march_saint_day,0.45040223
young_work_dbnl_87,2,2_beer_beer drink_drank_eating,0.4367193
young_work_dbnl_88,7,7_legs_calf_reed_nest,0.2368072
young_work_dbnl_89,12,12_march_thirty_month_june,0.19296566
young_work_dbnl_90,13,13_bake_basket_bells_eggs,0.20311026
young_work_dbnl_91,12,12_march_thirty_month_june,0.18597937
young_work_dbnl_92,8,8_june_march_saint_day,0.4696135
young_work_dbnl_93,5,5_matchmaker_vodka_melody_wedding,0.20714739
young_work_dbnl_94,8,8_june_march_saint_day,0.32844085
young_work_dbnl_95,13,13_bake_basket_bells_eggs,0.24346313
young_work_dbnl_96,13,13_bake_basket_bells_eggs,0.45541927
young_work_dbnl_97,1,1_nicholas_saint_blessed_god,0.25477713
young_work_dbnl_98,13,13_bake_basket_bells_eggs,0.43165925
young_work_dbnl_99,1,1_nicholas_saint_blessed_god,0.39456743
young_work_dbnl_101,12,12_march_thirty_month_june,0.15700752
young_work_dbnl_103,12,12_march_thirty_month_june,0.24978305
young_work_dbnl_104,13,13_bake_basket_bells_eggs,0.16646567
young_work_dbnl_105,4,4_servants_thousand_soul_book,0.74791133
young_work_dbnl_106,12,12_march_thirty_month_june,0.2359091
young_work_dbnl_107,13,13_bake_basket_bells_eggs,0.31431407
young_work_dbnl_108,15,15_bow_fall_sail_singing,0.34816536
young_work_dbnl_109,12,12_march_thirty_month_june,0.23357056
young_work_dbnl_110,2,2_beer_beer drink_drank_eating,0.50516665
young_work_dbnl_111,2,2_beer_beer drink_drank_eating,0.29888278
young_work_dbnl_112,15,15_bow_fall_sail_singing,0.4056467
young_work_dbnl_113,5,5_matchmaker_vodka_melody_wedding,0.27290967
young_work_dbnl_114,1,1_nicholas_saint_blessed_god,0.26077318
young_work_dbnl_115,13,13_bake_basket_bells_eggs,0.37570468
young_work_dbnl_116,1,1_nicholas_saint_blessed_god,0.3402394
young_work_dbnl_117,13,13_bake_basket_bells_eggs,0.58937085
young_work_dbnl_118,10,10_wheat_barley_rye_pea,0.38106504
young_work_dbnl_119,10,10_wheat_barley_rye_pea,0.3049443
young_work_dbnl_120,7,7_legs_calf_reed_nest,0.40664247
young_work_dbnl_123,8,8_june_march_saint_day,0.36326754
young_work_dbnl_124,8,8_june_march_saint_day,1.0
young_work_dbnl_125,13,13_bake_basket_bells_eggs,1.0
young_work_dbnl_126,13,13_bake_basket_bells_eggs,0.51709545
young_work_dbnl_127,12,12_march_thirty_month_june,0.22377929
young_work_dbnl_128,3,3_oxen_gentlemen_peasants_plow,0.14084497
young_work_dbnl_129,12,12_march_thirty_month_june,0.23769152
young_work_dbnl_130,15,15_bow_fall_sail_singing,0.2842207
young_work_dbnl_131,13,13_bake_basket_bells_eggs,0.5026717
young_work_dbnl_132,13,13_bake_basket_bells_eggs,0.35736173
young_work_dbnl_133,16,16_wolf_bear_anne_leg,0.28390515
young_work_dbnl_134,12,12_march_thirty_month_june,0.23528184
young_work_dbnl_136,10,10_wheat_barley_rye_pea,0.20942913
young_work_dbnl_137,12,12_march_thirty_month_june,0.22944729
young_work_dbnl_138,14,14_herd_dog_tail_turning,0.40281913
young_work_dbnl_139,1,1_nicholas_saint_blessed_god,0.27855888
young_work_dbnl_140,8,8_june_march_saint_day,0.37716752
young_xmas_dbnl_0,15,15_bow_fall_sail_singing,0.35685262
young_xmas_dbnl_1,1,1_nicholas_saint_blessed_god,0.44310766
young_xmas_dbnl_2,1,1_nicholas_saint_blessed_god,0.19502777
young_xmas_dbnl_3,1,1_nicholas_saint_blessed_god,0.20474367
young_xmas_dbnl_6,1,1_nicholas_saint_blessed_god,0.33962888
young_xmas_dbnl_7,1,1_nicholas_saint_blessed_god,0.44768104
young_xmas_dbnl_8,1,1_nicholas_saint_blessed_god,0.49148384
young_xmas_dbnl_9,1,1_nicholas_saint_blessed_god,0.76760525
young_xmas_dbnl_10,1,1_nicholas_saint_blessed_god,0.76760525
young_xmas_dbnl_11,1,1_nicholas_saint_blessed_god,0.86970454
young_xmas_dbnl_13,8,8_june_march_saint_day,0.3384706
young_xmas_dbnl_14,14,14_herd_dog_tail_turning,0.30460548
young_xmas_dbnl_15,16,16_wolf_bear_anne_leg,0.45954785
young_xmas_dbnl_16,15,15_bow_fall_sail_singing,0.30129996
young_xmas_dbnl_17,1,1_nicholas_saint_blessed_god,0.40965652
young_xmas_dbnl_18,4,4_servants_thousand_soul_book,0.6573941
young_xmas_dbnl_20,8,8_june_march_saint_day,0.16840611
young_xmas_txt_0,18,18_hats_hat_cap_hay,0.5962092
young_xmas_txt_1,7,7_legs_calf_reed_nest,0.26043907
young_xmas_txt_2,15,15_bow_fall_sail_singing,0.45509523
young_xmas_txt_3,15,15_bow_fall_sail_singing,0.29433838
young_young_birthday_dbnl_50,15,15_bow_fall_sail_singing,0.16890743
young_young_birthday_dbnl_53,8,8_june_march_saint_day,0.15068088
young_young_birthday_dbnl_54,15,15_bow_fall_sail_singing,0.32508144
young_young_birthday_dbnl_57,15,15_bow_fall_sail_singing,0.26187924
young_young_birthday_dbnl_58,15,15_bow_fall_sail_singing,0.27921975
young_young_birthday_dbnl_59,10,10_wheat_barley_rye_pea,0.11779017
young_young_birthday_dbnl_87,15,15_bow_fall_sail_singing,0.29092655
young_young_birthday_dbnl_125,13,13_bake_basket_bells_eggs,0.537431
young_young_birthday_dbnl_126,13,13_bake_basket_bells_eggs,0.5764176
young_young_birthday_txt_1,15,15_bow_fall_sail_singing,0.3720465
young_young_nicholas_dbnl_22,13,13_bake_basket_bells_eggs,0.5680192
young_young_nicholas_dbnl_23,13,13_bake_basket_bells_eggs,0.5673205
young_young_nicholas_dbnl_24,13,13_bake_basket_bells_eggs,0.56440085
young_young_nicholas_dbnl_25,13,13_bake_basket_bells_eggs,0.5555071
young_young_nicholas_dbnl_26,13,13_bake_basket_bells_eggs,0.52454793
young_young_nicholas_dbnl_28,13,13_bake_basket_bells_eggs,0.54840946
young_young_nicholas_dbnl_29,13,13_bake_basket_bells_eggs,0.54492354
young_young_nicholas_dbnl_30,13,13_bake_basket_bells_eggs,0.5790242
young_young_nicholas_dbnl_31,13,13_bake_basket_bells_eggs,0.5722299
young_young_nicholas_dbnl_32,13,13_bake_basket_bells_eggs,0.5433945
young_young_nicholas_dbnl_33,13,13_bake_basket_bells_eggs,0.5711113
young_young_nicholas_dbnl_34,13,13_bake_basket_bells_eggs,0.5411388
young_young_nicholas_dbnl_35,13,13_bake_basket_bells_eggs,0.55054986
young_young_nicholas_dbnl_39,1,1_nicholas_saint_blessed_god,0.295381
young_young_nicholas_dbnl_40,1,1_nicholas_saint_blessed_god,0.28936577
young_young_nicholas_dbnl_42,1,1_nicholas_saint_blessed_god,0.31729355
young_young_nicholas_dbnl_43,1,1_nicholas_saint_blessed_god,0.31169075
young_young_nicholas_dbnl_44,1,1_nicholas_saint_blessed_god,0.28523347
young_young_nicholas_dbnl_46,1,1_nicholas_saint_blessed_god,0.31718233
young_young_nicholas_dbnl_47,1,1_nicholas_saint_blessed_god,0.32128862
young_young_nicholas_dbnl_48,1,1_nicholas_saint_blessed_god,0.3047592
young_young_nicholas_dbnl_49,1,1_nicholas_saint_blessed_god,0.3164474
young_young_nicholas_dbnl_50,1,1_nicholas_saint_blessed_god,0.3126991
young_young_nicholas_dbnl_51,1,1_nicholas_saint_blessed_god,0.3102444
young_young_nicholas_dbnl_54,1,1_nicholas_saint_blessed_god,0.31382954
young_young_nicholas_dbnl_55,1,1_nicholas_saint_blessed_god,0.31365806
young_young_nicholas_dbnl_56,1,1_nicholas_saint_blessed_god,0.29706645
young_young_nicholas_dbnl_57,1,1_nicholas_saint_blessed_god,0.30341426
young_young_nicholas_dbnl_58,1,1_nicholas_saint_blessed_god,0.29749602
young_young_nicholas_dbnl_59,1,1_nicholas_saint_blessed_god,0.32210338
young_young_nicholas_dbnl_60,1,1_nicholas_saint_blessed_god,0.30457002
young_young_nicholas_dbnl_61,1,1_nicholas_saint_blessed_god,0.3181624
young_young_nicholas_dbnl_62,1,1_nicholas_saint_blessed_god,0.2951792
young_young_nicholas_dbnl_64,1,1_nicholas_saint_blessed_god,0.30075085
young_young_nicholas_dbnl_65,1,1_nicholas_saint_blessed_god,0.303741
young_young_nicholas_dbnl_66,1,1_nicholas_saint_blessed_god,0.301011
young_young_nicholas_dbnl_67,1,1_nicholas_saint_blessed_god,0.31685254
young_young_nicholas_dbnl_68,1,1_nicholas_saint_blessed_god,0.3054717
young_young_nicholas_dbnl_69,1,1_nicholas_saint_blessed_god,0.2982478
young_young_nicholas_dbnl_70,1,1_nicholas_saint_blessed_god,0.3120303
young_young_nicholas_dbnl_71,1,1_nicholas_saint_blessed_god,0.307875
young_young_sea_dbnl_139,8,8_june_march_saint_day,0.28344446
young_young_sea_dbnl_146,1,1_nicholas_saint_blessed_god,0.18400739
young_young_sea_dbnl_151,1,1_nicholas_saint_blessed_god,0.16267945
young_young_sea_dbnl_191,1,1_nicholas_saint_blessed_god,0.2580646
young_young_sea_dbnl_197,1,1_nicholas_saint_blessed_god,0.26582703
young_young_sea_dbnl_198,4,4_servants_thousand_soul_book,0.17270379
young_young_sea_dbnl_199,1,1_nicholas_saint_blessed_god,0.27277887
young_young_sea_dbnl_202,1,1_nicholas_saint_blessed_god,0.42638057
young_young_sea_dbnl_214,4,4_servants_thousand_soul_book,0.6118233
young_young_sea_dbnl_225,7,7_legs_calf_reed_nest,0.16854289
young_young_sea_dbnl_229,15,15_bow_fall_sail_singing,0.2539341
young_young_sea_dbnl_230,13,13_bake_basket_bells_eggs,0.18770468
young_young_sea_dbnl_242,15,15_bow_fall_sail_singing,0.25810882
young_young_sea_dbnl_255,8,8_june_march_saint_day,0.18872128
young_young_sea_dbnl_282,8,8_june_march_saint_day,0.12525877
young_young_sea_dbnl_340,10,10_wheat_barley_rye_pea,0.17956595
young_young_soldier_dbnl_102,8,8_june_march_saint_day,0.16187228
young_young_soldier_dbnl_119,4,4_servants_thousand_soul_book,0.26330882
young_young_soldier_dbnl_123,1,1_nicholas_saint_blessed_god,0.32948995
young_young_work_dbnl_46,18,18_hats_hat_cap_hay,0.16869329
young_young_work_dbnl_74,4,4_servants_thousand_soul_book,0.17021064
young_young_work_dbnl_87,15,15_bow_fall_sail_singing,0.19987217
young_young_work_dbnl_94,2,2_beer_beer drink_drank_eating,0.2687886
young_young_work_dbnl_95,2,2_beer_beer drink_drank_eating,0.27374658
young_young_work_dbnl_97,2,2_beer_beer drink_drank_eating,0.26738274
young_young_work_dbnl_98,2,2_beer_beer drink_drank_eating,0.22142725
young_young_work_dbnl_100,2,2_beer_beer drink_drank_eating,0.29658857
young_young_work_dbnl_102,2,2_beer_beer drink_drank_eating,0.24991167
young_young_work_dbnl_104,2,2_beer_beer drink_drank_eating,0.26595652
young_young_work_dbnl_105,2,2_beer_beer drink_drank_eating,0.26040787
young_young_work_dbnl_108,4,4_servants_thousand_soul_book,0.13849634
young_young_work_dbnl_114,15,15_bow_fall_sail_singing,0.1313045
young_young_work_dbnl_172,7,7_legs_calf_reed_nest,0.13875313
young_young_xmas_dbnl_73,13,13_bake_basket_bells_eggs,0.5757291
young_young_xmas_dbnl_74,13,13_bake_basket_bells_eggs,0.5593498
young_young_xmas_dbnl_75,13,13_bake_basket_bells_eggs,0.57866836
HPod_1,15,15_bow_fall_sail_singing,0.55655485
HPod_4,9,9_wedding_crows_crow_married,1.0
HPod_9,15,15_bow_fall_sail_singing,0.43047577
HPod_11,15,15_bow_fall_sail_singing,0.4457706
HPod_12,18,18_hats_hat_cap_hay,0.23355241
HPod_13,14,14_herd_dog_tail_turning,0.6447008
HPod_15,15,15_bow_fall_sail_singing,0.46584427
HPod_16,5,5_matchmaker_vodka_melody_wedding,1.0
HPod_18,0,0_servant_cat_wreath_horse,0.0
HPod_19,7,7_legs_calf_reed_nest,0.44506204
HPod_21,15,15_bow_fall_sail_singing,0.20172177
HPod_22,3,3_oxen_gentlemen_peasants_plow,0.28008965
HPod_23,0,0_servant_cat_wreath_horse,0.0
HPod_24,11,11_apples_tree_sisters_wine,0.31212988
HPod_27,15,15_bow_fall_sail_singing,0.26323023
HPod_28,0,0_servant_cat_wreath_horse,0.0
HPod_30,13,13_bake_basket_bells_eggs,0.36315316
HPod_31,15,15_bow_fall_sail_singing,0.25769007
HPod_32,11,11_apples_tree_sisters_wine,0.9359649
HPod_33,11,11_apples_tree_sisters_wine,0.33012423
HPod_34,9,9_wedding_crows_crow_married,0.34550506
HPod_37,18,18_hats_hat_cap_hay,0.6606737
HPod_41,1,1_nicholas_saint_blessed_god,0.7608452
HPod_42,8,8_june_march_saint_day,0.5130335
HPod_43,3,3_oxen_gentlemen_peasants_plow,0.32911643
HPod_44,9,9_wedding_crows_crow_married,0.54074836
HPod_45,12,12_march_thirty_month_june,0.32061586
HPod_46,10,10_wheat_barley_rye_pea,0.33037204
HPod_48,2,2_beer_beer drink_drank_eating,0.39568475
HPod_49,14,14_herd_dog_tail_turning,1.0
HPod_50,11,11_apples_tree_sisters_wine,0.6021879
HPod_51,13,13_bake_basket_bells_eggs,0.5320711
HPod_52,14,14_herd_dog_tail_turning,0.40216216
HPod_53,2,2_beer_beer drink_drank_eating,1.0
HPod_54,18,18_hats_hat_cap_hay,0.51169705
HPod_55,0,0_servant_cat_wreath_horse,0.0
HPod_56,16,16_wolf_bear_anne_leg,0.55471617
HPod_57,0,0_servant_cat_wreath_horse,0.0
HPod_58,14,14_herd_dog_tail_turning,0.5404072
HPod_59,11,11_apples_tree_sisters_wine,0.23703098
HPod_60,11,11_apples_tree_sisters_wine,0.51372075
HPod_65,11,11_apples_tree_sisters_wine,0.48589966
HPod_67,15,15_bow_fall_sail_singing,0.8964976
HPod_70,14,14_herd_dog_tail_turning,0.44442815
HPod_71,9,9_wedding_crows_crow_married,0.22406237
HPod_72,5,5_matchmaker_vodka_melody_wedding,0.45659158
HPod_75,5,5_matchmaker_vodka_melody_wedding,1.0
HPod_77,6,6_sparrow_cabbage_pea_chirp,0.410885
HPod_78,8,8_june_march_saint_day,0.60018265
HPod_82,15,15_bow_fall_sail_singing,0.33340532
HPod_84,8,8_june_march_saint_day,0.36102352
HPod_85,18,18_hats_hat_cap_hay,0.6227802
HPod_86,12,12_march_thirty_month_june,0.36802867
HPod_87,0,0_servant_cat_wreath_horse,0.0
HPod_88,17,17_crooked_tavern_trembles_straight,0.5005334
HPod_89,11,11_apples_tree_sisters_wine,0.5146072
HPod_94,14,14_herd_dog_tail_turning,0.3712739
HPod_95,0,0_servant_cat_wreath_horse,0.0
HPod_97,0,0_servant_cat_wreath_horse,0.0
HPod_98,8,8_june_march_saint_day,0.31309783
HPod_99,4,4_servants_thousand_soul_book,1.0
HPod_100,0,0_servant_cat_wreath_horse,0.0
HPod_101,9,9_wedding_crows_crow_married,1.0
HPod_102,9,9_wedding_crows_crow_married,0.35779938
HPod_107,14,14_herd_dog_tail_turning,0.7346781
HPod_108,14,14_herd_dog_tail_turning,0.3425324
HPod_110,4,4_servants_thousand_soul_book,0.48975727
HPod_112,5,5_matchmaker_vodka_melody_wedding,0.663544
HPod_115,6,6_sparrow_cabbage_pea_chirp,0.48670062
HPod_116,5,5_matchmaker_vodka_melody_wedding,0.3482686
HPod_118,7,7_legs_calf_reed_nest,0.43278462
HPod_122,13,13_bake_basket_bells_eggs,0.6152408
HPod_123,5,5_matchmaker_vodka_melody_wedding,1.0
HPod_125,6,6_sparrow_cabbage_pea_chirp,0.4475994
HPod_126,15,15_bow_fall_sail_singing,0.3226171
HPod_127,14,14_herd_dog_tail_turning,0.64491844
HPod_128,0,0_servant_cat_wreath_horse,0.0
HPod_129,5,5_matchmaker_vodka_melody_wedding,0.38526794
HPod_130,12,12_march_thirty_month_june,0.48195803
HPod_131,9,9_wedding_crows_crow_married,0.2314962
HPod_132,5,5_matchmaker_vodka_melody_wedding,0.39018622
HPod_133,15,15_bow_fall_sail_singing,0.29237476
HPod_134,3,3_oxen_gentlemen_peasants_plow,0.43596685
HPod_135,9,9_wedding_crows_crow_married,0.5388639
HPod_136,15,15_bow_fall_sail_singing,0.53546464
HPod_141,16,16_wolf_bear_anne_leg,0.4550382
HPod_143,15,15_bow_fall_sail_singing,0.29317153
HPod_148,6,6_sparrow_cabbage_pea_chirp,0.39955485
HPod_149,12,12_march_thirty_month_june,1.0
HPod_150,8,8_june_march_saint_day,1.0
HPod_151,5,5_matchmaker_vodka_melody_wedding,0.33343107
HPod_155,6,6_sparrow_cabbage_pea_chirp,0.55500907
HPod_156,6,6_sparrow_cabbage_pea_chirp,0.54652065
HPod_159,15,15_bow_fall_sail_singing,0.35233846
HPod_160,5,5_matchmaker_vodka_melody_wedding,0.33219916
HPod_162,0,0_servant_cat_wreath_horse,0.0
HPod_163,12,12_march_thirty_month_june,0.5384576
HPod_166,15,15_bow_fall_sail_singing,0.15751489
HPod_167,10,10_wheat_barley_rye_pea,0.46840784
HPod_168,14,14_herd_dog_tail_turning,0.58631444
HPod_169,1,1_nicholas_saint_blessed_god,1.0
HPod_170,5,5_matchmaker_vodka_melody_wedding,0.5912903
HPod_171,5,5_matchmaker_vodka_melody_wedding,0.47465312
HPod_174,5,5_matchmaker_vodka_melody_wedding,0.26518697
HPod_176,16,16_wolf_bear_anne_leg,0.24524282
HPod_177,6,6_sparrow_cabbage_pea_chirp,0.3746548
HPod_183,15,15_bow_fall_sail_singing,0.21895924
HPod_185,16,16_wolf_bear_anne_leg,0.46611425
HPod_187,9,9_wedding_crows_crow_married,0.66857266
HPod_188,6,6_sparrow_cabbage_pea_chirp,0.376236
HPod_189,4,4_servants_thousand_soul_book,0.5177599
HPod_190,5,5_matchmaker_vodka_melody_wedding,0.5813336
HPod_191,10,10_wheat_barley_rye_pea,0.41860503
HPod_192,11,11_apples_tree_sisters_wine,0.87555206
HPod_194,8,8_june_march_saint_day,0.30231255
HPod_195,11,11_apples_tree_sisters_wine,1.0
HPod_196,16,16_wolf_bear_anne_leg,0.7849807
HPod_197,6,6_sparrow_cabbage_pea_chirp,0.5486475
HPod_199,13,13_bake_basket_bells_eggs,0.18621592
HPod_203,14,14_herd_dog_tail_turning,0.35950214
HPod_204,17,17_crooked_tavern_trembles_straight,0.36844593
HPod_205,8,8_june_march_saint_day,0.3268531
HPod_206,8,8_june_march_saint_day,0.36306664
HPod_208,6,6_sparrow_cabbage_pea_chirp,0.50579584
HPod_209,15,15_bow_fall_sail_singing,0.56008315
HPod_211,8,8_june_march_saint_day,0.35509524
HPod_212,1,1_nicholas_saint_blessed_god,1.0
HPod_214,10,10_wheat_barley_rye_pea,0.53948694
HPod_222,10,10_wheat_barley_rye_pea,0.27690774
HPod_225,5,5_matchmaker_vodka_melody_wedding,0.32612824
HPod_226,10,10_wheat_barley_rye_pea,0.50055045
HPod_227,11,11_apples_tree_sisters_wine,0.59507906
HPod_230,1,1_nicholas_saint_blessed_god,0.33531305
HPod_232,13,13_bake_basket_bells_eggs,1.0
HPod_233,13,13_bake_basket_bells_eggs,0.27612892
HPod_234,6,6_sparrow_cabbage_pea_chirp,1.0
HPod_235,5,5_matchmaker_vodka_melody_wedding,0.48077062
HPod_236,11,11_apples_tree_sisters_wine,0.44839376
HPod_239,5,5_matchmaker_vodka_melody_wedding,0.2883471
HPod_241,13,13_bake_basket_bells_eggs,0.524565
HPod_243,9,9_wedding_crows_crow_married,1.0
HPod_245,11,11_apples_tree_sisters_wine,0.34134164
HPod_247,15,15_bow_fall_sail_singing,0.31168127
HPod_251,3,3_oxen_gentlemen_peasants_plow,1.0
HPod_253,15,15_bow_fall_sail_singing,0.4620562
HPod_254,16,16_wolf_bear_anne_leg,1.0
HPod_255,13,13_bake_basket_bells_eggs,0.48793954
HPod_256,6,6_sparrow_cabbage_pea_chirp,0.642005
HPod_259,17,17_crooked_tavern_trembles_straight,0.508978
HPod_262,15,15_bow_fall_sail_singing,0.32261476
HPod_264,10,10_wheat_barley_rye_pea,0.32198742
HPod_265,15,15_bow_fall_sail_singing,0.5046457
HPod_267,8,8_june_march_saint_day,0.81546634
HPod_268,4,4_servants_thousand_soul_book,0.34432423
HPod_269,9,9_wedding_crows_crow_married,1.0
HPod_271,4,4_servants_thousand_soul_book,1.0
HPod_276,18,18_hats_hat_cap_hay,0.6559
HPod_278,13,13_bake_basket_bells_eggs,1.0
HPod_279,16,16_wolf_bear_anne_leg,0.2580747
HPod_282,10,10_wheat_barley_rye_pea,0.8023622
HPod_284,8,8_june_march_saint_day,0.50025934
HPod_285,14,14_herd_dog_tail_turning,0.2739463
HPod_287,18,18_hats_hat_cap_hay,0.84612316
HPod_288,15,15_bow_fall_sail_singing,0.29333374
HPod_289,11,11_apples_tree_sisters_wine,1.0
HPod_290,0,0_servant_cat_wreath_horse,0.0
HPod_292,8,8_june_march_saint_day,0.3922242
HPod_294,3,3_oxen_gentlemen_peasants_plow,0.59742326
HPod_295,9,9_wedding_crows_crow_married,0.48814657
HPod_298,11,11_apples_tree_sisters_wine,0.765971
HPod_299,8,8_june_march_saint_day,0.30974638
HPod_300,14,14_herd_dog_tail_turning,0.5007159
HPod_302,18,18_hats_hat_cap_hay,1.0
HPod_303,11,11_apples_tree_sisters_wine,1.0
HPod_305,11,11_apples_tree_sisters_wine,0.30405372
HPod_306,12,12_march_thirty_month_june,0.42161062
HPod_307,0,0_servant_cat_wreath_horse,0.0
HPod_308,11,11_apples_tree_sisters_wine,0.6572792
HPod_310,9,9_wedding_crows_crow_married,0.61413836
HPod_314,17,17_crooked_tavern_trembles_straight,0.22630058
HPod_318,15,15_bow_fall_sail_singing,0.62903696
HPod_319,12,12_march_thirty_month_june,0.32583398
HPod_322,7,7_legs_calf_reed_nest,0.18909751
HPod_323,6,6_sparrow_cabbage_pea_chirp,1.0
HPod_324,11,11_apples_tree_sisters_wine,0.5892132
HPod_326,2,2_beer_beer drink_drank_eating,0.5885601
HPod_327,5,5_matchmaker_vodka_melody_wedding,0.75172484
HPod_328,18,18_hats_hat_cap_hay,0.56849515
HPod_329,11,11_apples_tree_sisters_wine,0.5241837
HPod_330,16,16_wolf_bear_anne_leg,1.0
HPod_331,12,12_march_thirty_month_june,0.9446253
HPod_332,11,11_apples_tree_sisters_wine,0.31393176
HPod_333,9,9_wedding_crows_crow_married,0.37327766
HPod_334,6,6_sparrow_cabbage_pea_chirp,0.37137195
HPod_335,8,8_june_march_saint_day,0.3140044
HPod_337,11,11_apples_tree_sisters_wine,0.68719935
HPod_338,4,4_servants_thousand_soul_book,0.6153101
HPod_341,15,15_bow_fall_sail_singing,0.36260718
HPod_342,4,4_servants_thousand_soul_book,0.3532959
HPod_343,14,14_herd_dog_tail_turning,0.25287527
HPod_346,4,4_servants_thousand_soul_book,1.0
HPod_348,4,4_servants_thousand_soul_book,1.0
HPod_350,9,9_wedding_crows_crow_married,0.37855467
HPod_352,15,15_bow_fall_sail_singing,0.4314144
HPod_353,3,3_oxen_gentlemen_peasants_plow,0.81021047
HPod_354,8,8_june_march_saint_day,0.4491414
HPod_355,6,6_sparrow_cabbage_pea_chirp,0.2588759
HPod_357,6,6_sparrow_cabbage_pea_chirp,0.5633933
HPod_358,6,6_sparrow_cabbage_pea_chirp,0.7820528
HPod_359,3,3_oxen_gentlemen_peasants_plow,0.42405632
HPod_360,4,4_servants_thousand_soul_book,0.16054808
HPod_362,9,9_wedding_crows_crow_married,0.27020305
HPod_365,12,12_march_thirty_month_june,0.46035367
HPod_366,1,1_nicholas_saint_blessed_god,0.3327794
HPod_367,7,7_legs_calf_reed_nest,0.3445641
HPod_370,6,6_sparrow_cabbage_pea_chirp,0.26870558
HPod_371,13,13_bake_basket_bells_eggs,1.0
HPod_372,13,13_bake_basket_bells_eggs,0.46672443
HPod_373,11,11_apples_tree_sisters_wine,0.38095388
HPod_374,8,8_june_march_saint_day,0.52661854
HPod_375,12,12_march_thirty_month_june,0.6409472
HPod_376,13,13_bake_basket_bells_eggs,0.582711
HPod_377,0,0_servant_cat_wreath_horse,0.0
HPod_379,0,0_servant_cat_wreath_horse,0.0
HPod_380,8,8_june_march_saint_day,0.31674218
HPod_381,2,2_beer_beer drink_drank_eating,0.38129267
HPod_382,4,4_servants_thousand_soul_book,0.4319946
HPod_383,0,0_servant_cat_wreath_horse,0.0
HPod_384,14,14_herd_dog_tail_turning,1.0
HPod_385,3,3_oxen_gentlemen_peasants_plow,0.5521046
HPod_386,18,18_hats_hat_cap_hay,0.42363015
HPod_388,13,13_bake_basket_bells_eggs,1.0
HPod_389,15,15_bow_fall_sail_singing,0.49082077
HPod_390,15,15_bow_fall_sail_singing,0.7177738
HPod_391,7,7_legs_calf_reed_nest,0.281591
HPod_392,0,0_servant_cat_wreath_horse,0.0
HPod_394,8,8_june_march_saint_day,0.5420051
HPod_396,14,14_herd_dog_tail_turning,0.29557317
HPod_400,9,9_wedding_crows_crow_married,0.57119906
HPod_401,3,3_oxen_gentlemen_peasants_plow,0.5946577
HPod_402,16,16_wolf_bear_anne_leg,0.41112924
HPod_403,1,1_nicholas_saint_blessed_god,1.0
HPod_404,2,2_beer_beer drink_drank_eating,1.0
HPod_405,15,15_bow_fall_sail_singing,0.16974248
HPod_409,13,13_bake_basket_bells_eggs,0.59568405
HPod_410,11,11_apples_tree_sisters_wine,0.39095485
HPod_411,6,6_sparrow_cabbage_pea_chirp,1.0
HPod_413,16,16_wolf_bear_anne_leg,0.46811095
HPod_415,0,0_servant_cat_wreath_horse,0.0
HPod_416,9,9_wedding_crows_crow_married,0.389341
HPod_417,6,6_sparrow_cabbage_pea_chirp,0.47984186
HPod_419,18,18_hats_hat_cap_hay,0.4423457
HPod_421,15,15_bow_fall_sail_singing,0.2938263
HPod_423,5,5_matchmaker_vodka_melody_wedding,0.5179045
HPod_424,13,13_bake_basket_bells_eggs,0.3812263
HPod_426,6,6_sparrow_cabbage_pea_chirp,1.0
HPod_427,6,6_sparrow_cabbage_pea_chirp,1.0
HPod_429,8,8_june_march_saint_day,0.60202783
HPod_430,9,9_wedding_crows_crow_married,1.0
HPod_433,2,2_beer_beer drink_drank_eating,1.0
HPod_434,7,7_legs_calf_reed_nest,0.26288065
HPod_436,16,16_wolf_bear_anne_leg,0.35856482
HPod_438,12,12_march_thirty_month_june,0.5813452
HPod_439,0,0_servant_cat_wreath_horse,0.0
HPod_440,14,14_herd_dog_tail_turning,1.0
HPod_442,9,9_wedding_crows_crow_married,0.76616365
HPod_444,15,15_bow_fall_sail_singing,0.50442165
HPod_445,12,12_march_thirty_month_june,0.5462852
HPod_446,4,4_servants_thousand_soul_book,1.0
HPod_448,5,5_matchmaker_vodka_melody_wedding,0.6569578
HPod_450,18,18_hats_hat_cap_hay,0.49917808
HPod_453,1,1_nicholas_saint_blessed_god,0.28447464
HPod_454,8,8_june_march_saint_day,0.50579876
HPod_455,6,6_sparrow_cabbage_pea_chirp,0.5076802
HPod_462,14,14_herd_dog_tail_turning,0.61800635
HPod_463,8,8_june_march_saint_day,0.47013408
HPod_464,3,3_oxen_gentlemen_peasants_plow,1.0
HPod_465,5,5_matchmaker_vodka_melody_wedding,1.0
HPod_466,13,13_bake_basket_bells_eggs,1.0
HPod_467,18,18_hats_hat_cap_hay,1.0
HPod_469,15,15_bow_fall_sail_singing,1.0
HPod_470,14,14_herd_dog_tail_turning,0.30992347
HPod_471,15,15_bow_fall_sail_singing,0.17023505
HPod_472,0,0_servant_cat_wreath_horse,0.0
HPod_475,11,11_apples_tree_sisters_wine,0.92510253
HPod_476,0,0_servant_cat_wreath_horse,0.0
HPod_477,3,3_oxen_gentlemen_peasants_plow,0.27591395
HPod_478,2,2_beer_beer drink_drank_eating,0.7611134
HPod_480,5,5_matchmaker_vodka_melody_wedding,0.52783024
HPod_481,14,14_herd_dog_tail_turning,0.7250224
HPod_482,9,9_wedding_crows_crow_married,0.74971217
HPod_483,14,14_herd_dog_tail_turning,0.3682607
HPod_484,14,14_herd_dog_tail_turning,1.0
HPod_485,2,2_beer_beer drink_drank_eating,0.64494526
HPod_486,1,1_nicholas_saint_blessed_god,0.23430438
HPod_487,12,12_march_thirty_month_june,0.333339
HPod_488,3,3_oxen_gentlemen_peasants_plow,0.5028301
HPod_489,12,12_march_thirty_month_june,0.79870355
HPod_490,0,0_servant_cat_wreath_horse,0.0
HPod_491,14,14_herd_dog_tail_turning,0.5287213
HPod_493,3,3_oxen_gentlemen_peasants_plow,1.0
HPod_494,2,2_beer_beer drink_drank_eating,0.48287573
HPod_497,3,3_oxen_gentlemen_peasants_plow,0.3103214
HPod_498,3,3_oxen_gentlemen_peasants_plow,0.38181582
HPod_500,14,14_herd_dog_tail_turning,0.7031821
HPod_501,0,0_servant_cat_wreath_horse,0.0
HPod_502,16,16_wolf_bear_anne_leg,1.0
HPod_506,11,11_apples_tree_sisters_wine,0.63394344
HPod_508,8,8_june_march_saint_day,0.34762073
HPod_509,0,0_servant_cat_wreath_horse,0.0
HPod_511,10,10_wheat_barley_rye_pea,0.28654584
HPod_512,8,8_june_march_saint_day,0.2458308
HPod_514,10,10_wheat_barley_rye_pea,0.8543108
HPod_516,5,5_matchmaker_vodka_melody_wedding,1.0
HPod_517,0,0_servant_cat_wreath_horse,0.0
HPod_518,10,10_wheat_barley_rye_pea,0.53376704
HPod_519,11,11_apples_tree_sisters_wine,0.5602608
HPod_523,5,5_matchmaker_vodka_melody_wedding,0.48379788
HPod_524,14,14_herd_dog_tail_turning,0.46388558
HPod_526,2,2_beer_beer drink_drank_eating,0.6718326
HPod_527,16,16_wolf_bear_anne_leg,0.77723324
HPod_528,5,5_matchmaker_vodka_melody_wedding,1.0
HPod_529,0,0_servant_cat_wreath_horse,0.0
HPod_530,6,6_sparrow_cabbage_pea_chirp,0.5014118
HPod_532,18,18_hats_hat_cap_hay,1.0
HPod_533,5,5_matchmaker_vodka_melody_wedding,1.0
HPod_536,5,5_matchmaker_vodka_melody_wedding,0.5447645
HPod_537,14,14_herd_dog_tail_turning,0.5086854
HPod_538,5,5_matchmaker_vodka_melody_wedding,1.0
HPod_539,4,4_servants_thousand_soul_book,0.56124663
HPod_541,2,2_beer_beer drink_drank_eating,0.565775
HPod_542,0,0_servant_cat_wreath_horse,0.0
HPod_543,16,16_wolf_bear_anne_leg,0.3250729
HPod_544,5,5_matchmaker_vodka_melody_wedding,0.5682993
HPod_545,2,2_beer_beer drink_drank_eating,0.35472396
HPod_547,1,1_nicholas_saint_blessed_god,0.5715846
HPod_548,13,13_bake_basket_bells_eggs,0.47720382
HPod_550,15,15_bow_fall_sail_singing,0.8383983
HPod_553,3,3_oxen_gentlemen_peasants_plow,0.6932794
HPod_555,11,11_apples_tree_sisters_wine,0.31487045
HPod_557,16,16_wolf_bear_anne_leg,0.36555925
HPod_558,5,5_matchmaker_vodka_melody_wedding,0.4520765
HPod_559,6,6_sparrow_cabbage_pea_chirp,0.6142217
HPod_560,2,2_beer_beer drink_drank_eating,0.7713629
HPod_561,18,18_hats_hat_cap_hay,0.66203433
HPod_562,6,6_sparrow_cabbage_pea_chirp,0.3556204
HPod_563,6,6_sparrow_cabbage_pea_chirp,0.5590181
HPod_564,0,0_servant_cat_wreath_horse,0.0
HPod_565,11,11_apples_tree_sisters_wine,0.66052496
HPod_566,15,15_bow_fall_sail_singing,0.6636047
HPod_567,2,2_beer_beer drink_drank_eating,0.81759495
HPod_569,5,5_matchmaker_vodka_melody_wedding,0.41542318
HPod_570,5,5_matchmaker_vodka_melody_wedding,0.6999157
HPod_572,11,11_apples_tree_sisters_wine,0.23569809
HPod_573,16,16_wolf_bear_anne_leg,0.85397965
HPod_575,7,7_legs_calf_reed_nest,0.91778404
HPod_577,15,15_bow_fall_sail_singing,0.26445737
HPod_578,0,0_servant_cat_wreath_horse,0.0
HPod_579,9,9_wedding_crows_crow_married,0.5032489
HPod_581,7,7_legs_calf_reed_nest,0.6412089
HPod_582,11,11_apples_tree_sisters_wine,0.771984
HPod_583,14,14_herd_dog_tail_turning,0.51284254
HPod_584,15,15_bow_fall_sail_singing,0.37370914
HPod_586,11,11_apples_tree_sisters_wine,0.35072663
HPod_587,12,12_march_thirty_month_june,0.53552824
HPod_588,15,15_bow_fall_sail_singing,1.0
HPod_590,14,14_herd_dog_tail_turning,0.51470333
HPod_591,3,3_oxen_gentlemen_peasants_plow,1.0
HPod_592,0,0_servant_cat_wreath_horse,0.0
HPod_595,5,5_matchmaker_vodka_melody_wedding,0.5052654
HPod_596,7,7_legs_calf_reed_nest,1.0
HPod_601,15,15_bow_fall_sail_singing,0.7539202
HPod_602,14,14_herd_dog_tail_turning,1.0
HPod_604,0,0_servant_cat_wreath_horse,0.0
HPod_605,5,5_matchmaker_vodka_melody_wedding,1.0
HPod_606,0,0_servant_cat_wreath_horse,0.0
HPod_607,10,10_wheat_barley_rye_pea,1.0
HPod_608,0,0_servant_cat_wreath_horse,0.0
HPod_609,8,8_june_march_saint_day,0.51048994
HPod_613,12,12_march_thirty_month_june,1.0
HPod_615,0,0_servant_cat_wreath_horse,0.0
HPod_618,2,2_beer_beer drink_drank_eating,0.2623011
HPod_619,3,3_oxen_gentlemen_peasants_plow,0.31148082
HPod_620,6,6_sparrow_cabbage_pea_chirp,0.5143732
HPod_621,4,4_servants_thousand_soul_book,0.45383033
HPod_622,16,16_wolf_bear_anne_leg,0.26697844
HPod_625,16,16_wolf_bear_anne_leg,0.51617146
HPod_627,14,14_herd_dog_tail_turning,0.60820633
HPod_628,2,2_beer_beer drink_drank_eating,0.341648
HPod_631,16,16_wolf_bear_anne_leg,0.24577707
HPod_632,14,14_herd_dog_tail_turning,1.0
HPod_635,18,18_hats_hat_cap_hay,0.3773493
HPod_636,6,6_sparrow_cabbage_pea_chirp,0.6789895
HPod_639,16,16_wolf_bear_anne_leg,0.41986156
HPod_640,11,11_apples_tree_sisters_wine,0.36999702
HPod_641,5,5_matchmaker_vodka_melody_wedding,1.0
HPod_644,0,0_servant_cat_wreath_horse,0.0
HPod_645,14,14_herd_dog_tail_turning,0.48894712
HPod_648,1,1_nicholas_saint_blessed_god,0.6267424
HPod_649,0,0_servant_cat_wreath_horse,0.0
HPod_650,7,7_legs_calf_reed_nest,0.36519662
HPod_651,16,16_wolf_bear_anne_leg,0.54702497
HPod_653,17,17_crooked_tavern_trembles_straight,0.7546328
HPod_654,6,6_sparrow_cabbage_pea_chirp,0.42482758
HPod_655,0,0_servant_cat_wreath_horse,0.0
HPod_656,2,2_beer_beer drink_drank_eating,0.53920835
HPod_657,15,15_bow_fall_sail_singing,0.40949243
HPod_658,5,5_matchmaker_vodka_melody_wedding,0.3051859
HPod_659,12,12_march_thirty_month_june,0.3625733
HPod_660,4,4_servants_thousand_soul_book,0.6245
HPod_661,0,0_servant_cat_wreath_horse,0.0
HPod_663,0,0_servant_cat_wreath_horse,0.0
HPod_664,2,2_beer_beer drink_drank_eating,0.387895
HPod_665,18,18_hats_hat_cap_hay,0.5976387
HPod_667,10,10_wheat_barley_rye_pea,0.42052126
HPod_668,6,6_sparrow_cabbage_pea_chirp,0.32968333
HPod_669,0,0_servant_cat_wreath_horse,0.0
HPod_670,15,15_bow_fall_sail_singing,0.32184172
HPod_671,11,11_apples_tree_sisters_wine,1.0
HPod_673,11,11_apples_tree_sisters_wine,1.0
HPod_674,17,17_crooked_tavern_trembles_straight,0.45549953
HPod_675,6,6_sparrow_cabbage_pea_chirp,0.53875226
HPod_677,17,17_crooked_tavern_trembles_straight,0.62152153
HPod_679,3,3_oxen_gentlemen_peasants_plow,0.28837693
HPod_680,10,10_wheat_barley_rye_pea,0.456345
HPod_681,17,17_crooked_tavern_trembles_straight,0.7387643
HPod_683,2,2_beer_beer drink_drank_eating,0.24525529
HPod_684,16,16_wolf_bear_anne_leg,0.36581662
HPod_685,9,9_wedding_crows_crow_married,1.0
HPod_686,2,2_beer_beer drink_drank_eating,0.6058053
HPod_687,15,15_bow_fall_sail_singing,0.8337446
HPod_688,10,10_wheat_barley_rye_pea,0.37767363
HPod_690,9,9_wedding_crows_crow_married,0.33110228
HPod_691,9,9_wedding_crows_crow_married,0.86255455
HPod_692,6,6_sparrow_cabbage_pea_chirp,1.0
HPod_693,6,6_sparrow_cabbage_pea_chirp,1.0
HPod_694,5,5_matchmaker_vodka_melody_wedding,0.41280824
HPod_695,14,14_herd_dog_tail_turning,0.4143158
HPod_696,13,13_bake_basket_bells_eggs,0.37651938
HPod_697,12,12_march_thirty_month_june,1.0
HPod_698,5,5_matchmaker_vodka_melody_wedding,1.0
HPod_700,7,7_legs_calf_reed_nest,0.54956996
HPra_1,18,18_hats_hat_cap_hay,0.34629947
HPra_2,11,11_apples_tree_sisters_wine,0.24264997
HPra_4,15,15_bow_fall_sail_singing,0.42450064
HPra_5,13,13_bake_basket_bells_eggs,1.0
HPra_6,6,6_sparrow_cabbage_pea_chirp,0.54108393
HPra_7,11,11_apples_tree_sisters_wine,0.88069206
HPra_8,13,13_bake_basket_bells_eggs,1.0
HPra_10,8,8_june_march_saint_day,1.0
HPra_11,5,5_matchmaker_vodka_melody_wedding,0.20668496
HPra_14,11,11_apples_tree_sisters_wine,1.0
HPra_16,14,14_herd_dog_tail_turning,0.25578445
HPra_17,13,13_bake_basket_bells_eggs,0.19918017
HPra_18,9,9_wedding_crows_crow_married,1.0
HPra_19,2,2_beer_beer drink_drank_eating,0.22914642
HPra_20,4,4_servants_thousand_soul_book,1.0
HPra_23,15,15_bow_fall_sail_singing,0.57737815
HPra_25,5,5_matchmaker_vodka_melody_wedding,0.5984357
HPra_26,14,14_herd_dog_tail_turning,0.7607495
HPra_27,14,14_herd_dog_tail_turning,0.3662849
HPra_28,6,6_sparrow_cabbage_pea_chirp,0.26209173
HPra_29,8,8_june_march_saint_day,0.40055022
HPra_30,13,13_bake_basket_bells_eggs,0.4224491
HPra_32,17,17_crooked_tavern_trembles_straight,0.63912904
HPra_33,14,14_herd_dog_tail_turning,0.44749892
HPra_34,4,4_servants_thousand_soul_book,0.37419498
HPra_35,18,18_hats_hat_cap_hay,0.4322863
HPra_36,11,11_apples_tree_sisters_wine,0.23186243
HPra_37,15,15_bow_fall_sail_singing,0.4661684
HPra_38,6,6_sparrow_cabbage_pea_chirp,0.6109505
HPra_39,11,11_apples_tree_sisters_wine,0.3552551
HPra_40,15,15_bow_fall_sail_singing,0.3752564
HPra_41,11,11_apples_tree_sisters_wine,0.58755124
HPra_42,10,10_wheat_barley_rye_pea,0.44217357
HPra_43,14,14_herd_dog_tail_turning,0.15527123
HPra_44,0,0_servant_cat_wreath_horse,0.0
HPra_45,3,3_oxen_gentlemen_peasants_plow,1.0
HPra_46,5,5_matchmaker_vodka_melody_wedding,0.5412609
HPra_47,14,14_herd_dog_tail_turning,0.28687623
HPra_48,11,11_apples_tree_sisters_wine,0.4591415
HPra_49,3,3_oxen_gentlemen_peasants_plow,0.60308695
HPra_50,7,7_legs_calf_reed_nest,0.31730822
HPra_51,6,6_sparrow_cabbage_pea_chirp,0.6098718
HPra_53,3,3_oxen_gentlemen_peasants_plow,0.5604428
HPra_54,9,9_wedding_crows_crow_married,0.88649005
HPra_55,6,6_sparrow_cabbage_pea_chirp,0.6142834
HPra_56,15,15_bow_fall_sail_singing,0.40420258
HPra_61,18,18_hats_hat_cap_hay,0.40104738
HPra_65,12,12_march_thirty_month_june,0.20390245
HPra_67,8,8_june_march_saint_day,0.38685188
HPra_68,6,6_sparrow_cabbage_pea_chirp,1.0
HPra_69,6,6_sparrow_cabbage_pea_chirp,0.23816973
HPra_70,5,5_matchmaker_vodka_melody_wedding,0.7998384
HPra_71,11,11_apples_tree_sisters_wine,1.0
HPra_72,15,15_bow_fall_sail_singing,0.8407237
HPra_73,9,9_wedding_crows_crow_married,0.53242886
HPra_75,9,9_wedding_crows_crow_married,0.63794494
HPra_76,3,3_oxen_gentlemen_peasants_plow,0.3126217
HPra_77,4,4_servants_thousand_soul_book,0.3222154
HPra_78,13,13_bake_basket_bells_eggs,0.36520407
HPra_79,11,11_apples_tree_sisters_wine,1.0
HPra_80,8,8_june_march_saint_day,0.30629084
HPra_81,15,15_bow_fall_sail_singing,0.49178863
HPra_82,9,9_wedding_crows_crow_married,0.45174813
HPra_83,8,8_june_march_saint_day,0.39184245
HPra_84,7,7_legs_calf_reed_nest,0.37789282
HPra_85,3,3_oxen_gentlemen_peasants_plow,0.30793875
HPra_88,2,2_beer_beer drink_drank_eating,0.76654416
HPra_89,8,8_june_march_saint_day,0.4218114
HPra_91,6,6_sparrow_cabbage_pea_chirp,1.0
HPra_92,0,0_servant_cat_wreath_horse,0.0
HPra_93,6,6_sparrow_cabbage_pea_chirp,0.20389794
HPra_95,15,15_bow_fall_sail_singing,0.30004156
HPra_96,7,7_legs_calf_reed_nest,0.31960505
HPra_97,13,13_bake_basket_bells_eggs,1.0
HPra_98,7,7_legs_calf_reed_nest,0.8856203
HPra_99,12,12_march_thirty_month_june,0.45314446
HPra_100,10,10_wheat_barley_rye_pea,0.2813935
HPra_101,0,0_servant_cat_wreath_horse,0.0
HPra_103,11,11_apples_tree_sisters_wine,0.74949324
HPra_104,11,11_apples_tree_sisters_wine,0.4589866
HPra_105,15,15_bow_fall_sail_singing,0.21888271
HPra_106,2,2_beer_beer drink_drank_eating,0.35255602
HPra_108,15,15_bow_fall_sail_singing,0.5445243
HPra_109,11,11_apples_tree_sisters_wine,0.6016454
HPra_110,5,5_matchmaker_vodka_melody_wedding,0.57210636
HPra_111,18,18_hats_hat_cap_hay,0.3023729
HPra_112,16,16_wolf_bear_anne_leg,0.36317647
HPra_114,15,15_bow_fall_sail_singing,0.24908327
HPra_115,9,9_wedding_crows_crow_married,0.87674314
HPra_116,8,8_june_march_saint_day,0.5954312
HPra_117,13,13_bake_basket_bells_eggs,1.0
HPra_118,1,1_nicholas_saint_blessed_god,0.49953738
HPra_122,15,15_bow_fall_sail_singing,0.27997446
HPra_123,8,8_june_march_saint_day,0.34334975
HPra_124,4,4_servants_thousand_soul_book,1.0
HPra_125,16,16_wolf_bear_anne_leg,1.0
HPra_127,12,12_march_thirty_month_june,0.3079533
HPra_128,3,3_oxen_gentlemen_peasants_plow,1.0
HPra_130,4,4_servants_thousand_soul_book,0.38688996
HPra_133,0,0_servant_cat_wreath_horse,0.0
HPra_134,14,14_herd_dog_tail_turning,0.30513087
HPra_135,9,9_wedding_crows_crow_married,0.36395714
HPra_138,5,5_matchmaker_vodka_melody_wedding,0.46214786
HPra_140,9,9_wedding_crows_crow_married,1.0
HPra_142,11,11_apples_tree_sisters_wine,0.4601921
HPra_143,6,6_sparrow_cabbage_pea_chirp,0.37053692
HPra_145,15,15_bow_fall_sail_singing,0.4399514
HPra_147,18,18_hats_hat_cap_hay,0.6600211
HPra_148,3,3_oxen_gentlemen_peasants_plow,0.6151003
HPra_149,14,14_herd_dog_tail_turning,0.52338284
HPra_150,14,14_herd_dog_tail_turning,0.30110222
HPra_152,8,8_june_march_saint_day,0.24204536
HPra_153,0,0_servant_cat_wreath_horse,0.0
HPra_154,14,14_herd_dog_tail_turning,1.0
HPra_156,2,2_beer_beer drink_drank_eating,0.29307827
HPra_157,17,17_crooked_tavern_trembles_straight,0.6632384
HPra_158,11,11_apples_tree_sisters_wine,0.39676222
HPra_159,13,13_bake_basket_bells_eggs,0.41071796
HPra_160,18,18_hats_hat_cap_hay,0.5035382
HPra_161,12,12_march_thirty_month_june,0.5978334
HPra_162,11,11_apples_tree_sisters_wine,1.0
HPra_163,6,6_sparrow_cabbage_pea_chirp,0.5688874
HPra_164,11,11_apples_tree_sisters_wine,0.91070324
HPra_165,8,8_june_march_saint_day,1.0
HPra_166,14,14_herd_dog_tail_turning,0.37739706
HPra_167,14,14_herd_dog_tail_turning,0.6241127
HPra_168,16,16_wolf_bear_anne_leg,0.5591471
HPra_171,12,12_march_thirty_month_june,1.0
HPra_172,0,0_servant_cat_wreath_horse,0.0
HPra_173,0,0_servant_cat_wreath_horse,0.0
HPra_174,9,9_wedding_crows_crow_married,0.5778714
HPra_176,0,0_servant_cat_wreath_horse,0.0
HPra_177,14,14_herd_dog_tail_turning,0.31450647
HPra_178,11,11_apples_tree_sisters_wine,0.5665875
HPra_179,15,15_bow_fall_sail_singing,0.31503922
HPra_180,18,18_hats_hat_cap_hay,0.90196323
HPra_181,14,14_herd_dog_tail_turning,0.41303948
HPra_182,0,0_servant_cat_wreath_horse,0.0
HPra_183,10,10_wheat_barley_rye_pea,0.6482962
HPra_184,18,18_hats_hat_cap_hay,0.3119839
HPra_185,9,9_wedding_crows_crow_married,0.70537496
HPra_186,9,9_wedding_crows_crow_married,1.0
HPra_188,8,8_june_march_saint_day,0.82118696
HPra_189,2,2_beer_beer drink_drank_eating,0.32372013
HPra_191,14,14_herd_dog_tail_turning,0.45051908
HPra_192,5,5_matchmaker_vodka_melody_wedding,0.473613
HPra_193,18,18_hats_hat_cap_hay,0.54068714
HPra_195,8,8_june_march_saint_day,0.60202783
HPra_196,15,15_bow_fall_sail_singing,0.31290844
HPra_197,10,10_wheat_barley_rye_pea,0.44521782
HPra_198,7,7_legs_calf_reed_nest,1.0
HPra_200,0,0_servant_cat_wreath_horse,0.0
HPra_201,18,18_hats_hat_cap_hay,1.0
HPra_202,3,3_oxen_gentlemen_peasants_plow,1.0
HPra_203,14,14_herd_dog_tail_turning,0.2639163
HPra_205,10,10_wheat_barley_rye_pea,1.0
HPra_206,6,6_sparrow_cabbage_pea_chirp,0.803506
HPra_209,8,8_june_march_saint_day,0.62710446
HPra_210,0,0_servant_cat_wreath_horse,0.0
HPra_211,0,0_servant_cat_wreath_horse,0.0
HPra_212,5,5_matchmaker_vodka_melody_wedding,0.52030915
HPra_213,8,8_june_march_saint_day,1.0
HPra_214,0,0_servant_cat_wreath_horse,0.0
HPra_219,17,17_crooked_tavern_trembles_straight,0.29751948
HPra_220,4,4_servants_thousand_soul_book,0.3457973
HPra_222,0,0_servant_cat_wreath_horse,0.0
HPra_223,12,12_march_thirty_month_june,0.58558065
HPra_224,18,18_hats_hat_cap_hay,0.4009657
HPra_225,18,18_hats_hat_cap_hay,0.4564573
HPra_226,9,9_wedding_crows_crow_married,0.67470175
HPra_227,10,10_wheat_barley_rye_pea,0.40626222
HPra_228,14,14_herd_dog_tail_turning,1.0
HPra_232,16,16_wolf_bear_anne_leg,0.35985938
HPra_235,8,8_june_march_saint_day,0.8129199
HPra_236,2,2_beer_beer drink_drank_eating,0.55269927
HPra_237,0,0_servant_cat_wreath_horse,0.0
HPra_238,14,14_herd_dog_tail_turning,0.49589536
HPra_240,6,6_sparrow_cabbage_pea_chirp,0.6921953
HPra_241,6,6_sparrow_cabbage_pea_chirp,1.0
HPra_242,7,7_legs_calf_reed_nest,1.0
HPra_243,2,2_beer_beer drink_drank_eating,0.5656475
HPra_244,2,2_beer_beer drink_drank_eating,0.71471167
HPra_245,0,0_servant_cat_wreath_horse,0.0
HPra_247,0,0_servant_cat_wreath_horse,0.0
HPra_248,11,11_apples_tree_sisters_wine,0.77124184
HPra_249,6,6_sparrow_cabbage_pea_chirp,0.8686511
HPra_251,12,12_march_thirty_month_june,1.0
HPra_253,0,0_servant_cat_wreath_horse,0.0
HPra_254,17,17_crooked_tavern_trembles_straight,0.50324917
HPra_255,2,2_beer_beer drink_drank_eating,0.9105428
HPra_257,8,8_june_march_saint_day,1.0
HPra_258,3,3_oxen_gentlemen_peasants_plow,0.5521046
HPra_259,2,2_beer_beer drink_drank_eating,0.6153685
HPra_262,2,2_beer_beer drink_drank_eating,0.5362443
HPra_263,10,10_wheat_barley_rye_pea,0.8543108
HPra_264,7,7_legs_calf_reed_nest,0.44033143
HPra_266,6,6_sparrow_cabbage_pea_chirp,0.23487176
HPra_267,18,18_hats_hat_cap_hay,0.53908443
HPra_268,16,16_wolf_bear_anne_leg,0.49113393
HPra_270,0,0_servant_cat_wreath_horse,0.0
HPra_271,16,16_wolf_bear_anne_leg,0.7860434
HPra_272,13,13_bake_basket_bells_eggs,0.7543647
HPra_273,14,14_herd_dog_tail_turning,0.88691527
HPra_274,14,14_herd_dog_tail_turning,0.8967878
HPra_275,13,13_bake_basket_bells_eggs,0.6955813
HPra_276,5,5_matchmaker_vodka_melody_wedding,1.0
HPra_279,10,10_wheat_barley_rye_pea,0.5758027
HPra_280,2,2_beer_beer drink_drank_eating,0.62599474
HPra_281,4,4_servants_thousand_soul_book,0.24986891
HPra_282,8,8_june_march_saint_day,1.0
HPra_284,4,4_servants_thousand_soul_book,0.51301587
HPra_286,7,7_legs_calf_reed_nest,0.41851878
HPra_287,0,0_servant_cat_wreath_horse,0.0
HPra_288,16,16_wolf_bear_anne_leg,0.5152041
HPra_289,5,5_matchmaker_vodka_melody_wedding,0.56433326
HPra_290,2,2_beer_beer drink_drank_eating,0.25114015
HPra_291,8,8_june_march_saint_day,0.66733646
HPra_292,7,7_legs_calf_reed_nest,0.36758828
HPra_294,15,15_bow_fall_sail_singing,0.91304255
HPra_295,5,5_matchmaker_vodka_melody_wedding,0.46625078
HPra_296,0,0_servant_cat_wreath_horse,0.0
HPra_298,0,0_servant_cat_wreath_horse,0.0
HPra_299,2,2_beer_beer drink_drank_eating,0.43109328
HPra_301,13,13_bake_basket_bells_eggs,0.2973984
HPra_303,4,4_servants_thousand_soul_book,0.42365643
HPra_304,5,5_matchmaker_vodka_melody_wedding,1.0
HPra_305,17,17_crooked_tavern_trembles_straight,1.0
HPra_306,7,7_legs_calf_reed_nest,0.30590668
HPra_307,6,6_sparrow_cabbage_pea_chirp,0.39195135
HPra_311,0,0_servant_cat_wreath_horse,0.0
HPra_312,15,15_bow_fall_sail_singing,0.3027208
HPra_316,3,3_oxen_gentlemen_peasants_plow,0.65724134
HPra_320,8,8_june_march_saint_day,1.0
HPra_321,0,0_servant_cat_wreath_horse,0.0
HPra_322,0,0_servant_cat_wreath_horse,0.0
HPra_323,16,16_wolf_bear_anne_leg,0.5069576
HPra_324,16,16_wolf_bear_anne_leg,0.57374096
HPra_325,6,6_sparrow_cabbage_pea_chirp,0.41862488
HPra_326,13,13_bake_basket_bells_eggs,0.32682815
HPra_327,5,5_matchmaker_vodka_melody_wedding,0.5442405
HPra_328,9,9_wedding_crows_crow_married,0.7286273
HPra_329,16,16_wolf_bear_anne_leg,0.70838714
HPra_330,17,17_crooked_tavern_trembles_straight,1.0
HPra_331,3,3_oxen_gentlemen_peasants_plow,1.0
HPra_332,17,17_crooked_tavern_trembles_straight,0.26223055
HPra_333,18,18_hats_hat_cap_hay,0.43300784
HPra_336,6,6_sparrow_cabbage_pea_chirp,0.567866
HPra_338,5,5_matchmaker_vodka_melody_wedding,0.49088377
HPra_339,14,14_herd_dog_tail_turning,0.31886056
HPra_340,4,4_servants_thousand_soul_book,0.7070995
HPra_341,0,0_servant_cat_wreath_horse,0.0
HPra_342,10,10_wheat_barley_rye_pea,0.2183274
HPra_343,5,5_matchmaker_vodka_melody_wedding,0.2475606
HPra_344,14,14_herd_dog_tail_turning,0.5432252
HPra_347,0,0_servant_cat_wreath_horse,0.0
HPra_348,13,13_bake_basket_bells_eggs,1.0
HPra_350,1,1_nicholas_saint_blessed_god,0.22709937
HPra_355,0,0_servant_cat_wreath_horse,0.0
HPra_356,12,12_march_thirty_month_june,0.6309848
HPra_357,11,11_apples_tree_sisters_wine,0.5175126
HPra_359,0,0_servant_cat_wreath_horse,0.0
HPra_360,2,2_beer_beer drink_drank_eating,0.5434927
HPra_361,5,5_matchmaker_vodka_melody_wedding,0.31776726
HPra_362,15,15_bow_fall_sail_singing,0.5885229
HPra_363,4,4_servants_thousand_soul_book,1.0
HPra_365,18,18_hats_hat_cap_hay,0.67955387
HPra_366,5,5_matchmaker_vodka_melody_wedding,0.7593367
HPra_367,16,16_wolf_bear_anne_leg,0.59716326
HPra_368,12,12_march_thirty_month_june,0.49420398
HPra_369,0,0_servant_cat_wreath_horse,0.0
HPra_370,13,13_bake_basket_bells_eggs,1.0
HPra_372,0,0_servant_cat_wreath_horse,0.0
HPra_373,9,9_wedding_crows_crow_married,0.42304355
HPra_374,0,0_servant_cat_wreath_horse,0.0
HPra_375,14,14_herd_dog_tail_turning,0.5037783
HPra_376,9,9_wedding_crows_crow_married,0.5552926
HPra_377,13,13_bake_basket_bells_eggs,0.5075374
HPra_379,11,11_apples_tree_sisters_wine,0.4914663
HPra_380,0,0_servant_cat_wreath_horse,0.0
HPra_381,9,9_wedding_crows_crow_married,0.7982361
HPra_382,14,14_herd_dog_tail_turning,1.0
HPra_384,2,2_beer_beer drink_drank_eating,0.55962723
HPra_385,3,3_oxen_gentlemen_peasants_plow,0.79778063
HPra_386,11,11_apples_tree_sisters_wine,0.2999144
HPra_388,12,12_march_thirty_month_june,0.28820574
HPra_389,12,12_march_thirty_month_june,0.30354822
HPra_390,4,4_servants_thousand_soul_book,0.45567545
HPra_392,14,14_herd_dog_tail_turning,0.30885258
HPra_393,13,13_bake_basket_bells_eggs,0.57300335
HPra_394,8,8_june_march_saint_day,0.3589596
HPra_395,5,5_matchmaker_vodka_melody_wedding,0.54233664
HPra_398,7,7_legs_calf_reed_nest,0.5169889
HPra_399,15,15_bow_fall_sail_singing,0.79994327
HPra_400,12,12_march_thirty_month_june,1.0
HPra_402,6,6_sparrow_cabbage_pea_chirp,0.61047536
HPra_403,7,7_legs_calf_reed_nest,0.53839844
HPra_404,9,9_wedding_crows_crow_married,0.29831448
HPra_405,0,0_servant_cat_wreath_horse,0.0
HPra_406,13,13_bake_basket_bells_eggs,1.0
HPra_408,1,1_nicholas_saint_blessed_god,0.33383098
HPra_409,10,10_wheat_barley_rye_pea,0.34197792
HPra_410,5,5_matchmaker_vodka_melody_wedding,0.3622822
HPra_411,8,8_june_march_saint_day,0.20514263
HPra_412,14,14_herd_dog_tail_turning,0.562751
HPra_413,15,15_bow_fall_sail_singing,0.35623735
HPra_414,10,10_wheat_barley_rye_pea,0.40194285
HPra_415,4,4_servants_thousand_soul_book,0.63180596
HPra_416,13,13_bake_basket_bells_eggs,0.43513122
HPra_417,0,0_servant_cat_wreath_horse,0.0
HPra_418,16,16_wolf_bear_anne_leg,0.21932441
HPra_419,15,15_bow_fall_sail_singing,0.20320489
HPra_420,17,17_crooked_tavern_trembles_straight,0.801168
HPra_421,8,8_june_march_saint_day,0.4319064
HPra_422,9,9_wedding_crows_crow_married,0.50794804
HPra_423,5,5_matchmaker_vodka_melody_wedding,0.5091686
HPra_424,2,2_beer_beer drink_drank_eating,0.4370342
HPra_425,2,2_beer_beer drink_drank_eating,1.0
HPra_426,12,12_march_thirty_month_june,0.22387317
HPra_427,18,18_hats_hat_cap_hay,0.31677976
HPra_428,12,12_march_thirty_month_june,0.49202213
HPra_429,8,8_june_march_saint_day,0.28025666
HPra_430,4,4_servants_thousand_soul_book,0.23480403
HPra_431,12,12_march_thirty_month_june,0.284651
HPra_432,15,15_bow_fall_sail_singing,0.48311478
HPra_433,1,1_nicholas_saint_blessed_god,0.49406534
HPra_434,12,12_march_thirty_month_june,0.56920993
HPra_435,3,3_oxen_gentlemen_peasants_plow,0.3204798
HPra_437,0,0_servant_cat_wreath_horse,0.0
HPra_441,6,6_sparrow_cabbage_pea_chirp,0.35689896
HPra_443,6,6_sparrow_cabbage_pea_chirp,0.4474347
HPra_444,11,11_apples_tree_sisters_wine,0.48407197
HPra_445,7,7_legs_calf_reed_nest,0.5985289
HPra_448,11,11_apples_tree_sisters_wine,0.5667695
HPra_449,14,14_herd_dog_tail_turning,0.72784376
HPra_450,4,4_servants_thousand_soul_book,0.31707963
HPra_451,9,9_wedding_crows_crow_married,0.46494806
HPra_453,0,0_servant_cat_wreath_horse,0.0
HPra_454,6,6_sparrow_cabbage_pea_chirp,0.3263929
HPra_455,6,6_sparrow_cabbage_pea_chirp,0.3686433
HPra_456,11,11_apples_tree_sisters_wine,0.546153
HPra_458,8,8_june_march_saint_day,0.4320025
HPra_460,3,3_oxen_gentlemen_peasants_plow,1.0
HPra_461,17,17_crooked_tavern_trembles_straight,0.242538
HPra_462,11,11_apples_tree_sisters_wine,0.6045477
HPra_463,18,18_hats_hat_cap_hay,0.8035735
HPra_465,16,16_wolf_bear_anne_leg,0.2937456
HPra_467,7,7_legs_calf_reed_nest,0.6297129
HPra_468,16,16_wolf_bear_anne_leg,0.65369135
HPra_469,12,12_march_thirty_month_june,0.5876154
HPra_471,10,10_wheat_barley_rye_pea,1.0
HPra_479,12,12_march_thirty_month_june,1.0
HPra_482,12,12_march_thirty_month_june,1.0
HPra_483,6,6_sparrow_cabbage_pea_chirp,0.3124176
HPra_484,16,16_wolf_bear_anne_leg,0.39790884
HPra_485,0,0_servant_cat_wreath_horse,0.0
HPra_486,14,14_herd_dog_tail_turning,0.45506477
HPra_488,9,9_wedding_crows_crow_married,1.0
HPra_560,14,14_herd_dog_tail_turning,0.23545213
HPra_564,1,1_nicholas_saint_blessed_god,0.4353716
HPra_566,1,1_nicholas_saint_blessed_god,1.0
HPra_567,7,7_legs_calf_reed_nest,0.37083045
HPra_568,13,13_bake_basket_bells_eggs,0.65750897
HPra_569,18,18_hats_hat_cap_hay,1.0
HPra_570,14,14_herd_dog_tail_turning,0.61438817
HPra_571,1,1_nicholas_saint_blessed_god,0.54178756
HPra_572,9,9_wedding_crows_crow_married,0.39198676
HPra_573,13,13_bake_basket_bells_eggs,0.22897045
HPra_576,13,13_bake_basket_bells_eggs,0.55148
HPra_577,16,16_wolf_bear_anne_leg,0.5646402
HPra_578,1,1_nicholas_saint_blessed_god,0.21042527
HPra_579,0,0_servant_cat_wreath_horse,0.0
HPra_580,14,14_herd_dog_tail_turning,0.27094764
HPra_581,16,16_wolf_bear_anne_leg,0.49511242
HPra_582,12,12_march_thirty_month_june,0.6998662
HPra_583,3,3_oxen_gentlemen_peasants_plow,0.25667715
HPra_586,0,0_servant_cat_wreath_horse,0.0
HPra_588,0,0_servant_cat_wreath_horse,0.0
HPra_589,18,18_hats_hat_cap_hay,0.46907437
HPra_591,11,11_apples_tree_sisters_wine,0.51359606
HPra_592,1,1_nicholas_saint_blessed_god,0.48559445
HPra_593,16,16_wolf_bear_anne_leg,0.4209026
HPra_596,15,15_bow_fall_sail_singing,0.34527603
HPra_597,16,16_wolf_bear_anne_leg,0.42070156
HPra_598,16,16_wolf_bear_anne_leg,0.1951101
HPra_601,13,13_bake_basket_bells_eggs,0.76371634
HPra_602,8,8_june_march_saint_day,0.35309306
HPra_603,9,9_wedding_crows_crow_married,0.5323281
HPra_605,8,8_june_march_saint_day,0.31362158
HPra_606,1,1_nicholas_saint_blessed_god,0.44223282
HPra_608,15,15_bow_fall_sail_singing,0.466465
HPra_609,1,1_nicholas_saint_blessed_god,0.56622297
HPra_610,13,13_bake_basket_bells_eggs,1.0
HPra_611,8,8_june_march_saint_day,0.23520994
HPra_612,11,11_apples_tree_sisters_wine,0.4987809
HPra_613,1,1_nicholas_saint_blessed_god,0.8474229
HPra_614,1,1_nicholas_saint_blessed_god,0.29538104
HPra_616,15,15_bow_fall_sail_singing,0.7463947
HPra_617,11,11_apples_tree_sisters_wine,0.2788313
HPra_618,0,0_servant_cat_wreath_horse,0.0
HPra_619,14,14_herd_dog_tail_turning,0.51746184
HPra_620,15,15_bow_fall_sail_singing,0.3863526
HPra_622,13,13_bake_basket_bells_eggs,0.5445885
HPra_624,15,15_bow_fall_sail_singing,0.7385891
HPra_625,15,15_bow_fall_sail_singing,0.7612746
HPra_626,13,13_bake_basket_bells_eggs,0.40853322
HPra_627,0,0_servant_cat_wreath_horse,0.0
HPra_628,15,15_bow_fall_sail_singing,0.28473568
HPra_629,15,15_bow_fall_sail_singing,0.35088748
HPra_630,14,14_herd_dog_tail_turning,0.21096423
HPra_631,15,15_bow_fall_sail_singing,0.3823918
HPra_633,14,14_herd_dog_tail_turning,0.4154424
HPra_634,3,3_oxen_gentlemen_peasants_plow,0.28369397
HPra_635,15,15_bow_fall_sail_singing,0.49962133
HPra_636,15,15_bow_fall_sail_singing,0.25915042
Erb_1,1,1_nicholas_saint_blessed_god,0.5441323
Erb_2,4,4_servants_thousand_soul_book,1.0
Erb_3,16,16_wolf_bear_anne_leg,0.599252
Erb_4,1,1_nicholas_saint_blessed_god,0.35433415
Erb_5,1,1_nicholas_saint_blessed_god,0.6937876
Erb_6,16,16_wolf_bear_anne_leg,0.38870385
Erb_8,17,17_crooked_tavern_trembles_straight,0.40959874
Erb_10,0,0_servant_cat_wreath_horse,0.0
Erb_11,8,8_june_march_saint_day,0.77726626
Erb_12,14,14_herd_dog_tail_turning,0.7030886
Erb_13,5,5_matchmaker_vodka_melody_wedding,0.5605106
Erb_14,1,1_nicholas_saint_blessed_god,0.8426141
Erb_15,0,0_servant_cat_wreath_horse,0.0
Erb_16,4,4_servants_thousand_soul_book,0.34270146
Erb_17,4,4_servants_thousand_soul_book,0.47601265
Erb_19,16,16_wolf_bear_anne_leg,1.0
Erb_21,4,4_servants_thousand_soul_book,0.40772137
Erb_22,16,16_wolf_bear_anne_leg,0.2691489
Erb_23,0,0_servant_cat_wreath_horse,0.0
Erb_24,0,0_servant_cat_wreath_horse,0.0
Erb_25,16,16_wolf_bear_anne_leg,0.4583783
Erb_26,8,8_june_march_saint_day,0.34681535
Erb_27,3,3_oxen_gentlemen_peasants_plow,0.57304883
Erb_28,11,11_apples_tree_sisters_wine,0.84905136
Erb_29,4,4_servants_thousand_soul_book,0.6461582
Erb_30,10,10_wheat_barley_rye_pea,0.47359103
Erb_31,13,13_bake_basket_bells_eggs,1.0
Erb_32,8,8_june_march_saint_day,0.36150834
Erb_34,12,12_march_thirty_month_june,0.40624407
Erb_35,14,14_herd_dog_tail_turning,1.0
Erb_36,9,9_wedding_crows_crow_married,1.0
Erb_37,0,0_servant_cat_wreath_horse,0.0
Erb_66,0,0_servant_cat_wreath_horse,0.0
Erb_67,0,0_servant_cat_wreath_horse,0.0
Erb_68,2,2_beer_beer drink_drank_eating,0.42910436
Erb_69,12,12_march_thirty_month_june,0.59624124
Erb_70,17,17_crooked_tavern_trembles_straight,0.29821175
Erb_71,0,0_servant_cat_wreath_horse,0.0
Erb_72,0,0_servant_cat_wreath_horse,0.0
Erb_73,12,12_march_thirty_month_june,0.3421206
Erb_74,16,16_wolf_bear_anne_leg,0.30640736
Erb_75,18,18_hats_hat_cap_hay,0.7434083
Erb_77,8,8_june_march_saint_day,0.42719936
Erb_78,9,9_wedding_crows_crow_married,1.0
Erb_79,15,15_bow_fall_sail_singing,1.0
Erb_80,9,9_wedding_crows_crow_married,0.54627734
Erb_81,16,16_wolf_bear_anne_leg,0.5333831
Erb_82,11,11_apples_tree_sisters_wine,0.6996528
Erb_83,11,11_apples_tree_sisters_wine,0.61203676
Erb_84,14,14_herd_dog_tail_turning,0.4605188
Erb_85,14,14_herd_dog_tail_turning,0.7394228
Erb_86,14,14_herd_dog_tail_turning,0.5604418
Erb_87,9,9_wedding_crows_crow_married,1.0
Erb_88,11,11_apples_tree_sisters_wine,1.0
Erb_89,9,9_wedding_crows_crow_married,0.6793048
Erb_90,11,11_apples_tree_sisters_wine,1.0
Erb_91,0,0_servant_cat_wreath_horse,0.0
Erb_92,5,5_matchmaker_vodka_melody_wedding,0.4179996
Erb_93,10,10_wheat_barley_rye_pea,0.52125335
Erb_94,15,15_bow_fall_sail_singing,0.5822171
Erb_95,16,16_wolf_bear_anne_leg,0.37094986
Erb_96,9,9_wedding_crows_crow_married,0.48555848
Erb_97,8,8_june_march_saint_day,1.0
Erb_98,6,6_sparrow_cabbage_pea_chirp,0.30162874
Erb_99,9,9_wedding_crows_crow_married,0.46278277
Erb_100,15,15_bow_fall_sail_singing,0.5297963
Erb_101,6,6_sparrow_cabbage_pea_chirp,0.6249092
Erb_103,13,13_bake_basket_bells_eggs,0.44606784
Erb_104,4,4_servants_thousand_soul_book,0.29239446
Erb_108,15,15_bow_fall_sail_singing,0.29302046
Erb_109,15,15_bow_fall_sail_singing,0.34650743
Erb_112,4,4_servants_thousand_soul_book,0.26008788
Erb_113,9,9_wedding_crows_crow_married,0.45939064
Erb_114,15,15_bow_fall_sail_singing,0.15127823
Erb_115,7,7_legs_calf_reed_nest,0.32436562
Erb_116,16,16_wolf_bear_anne_leg,0.61471385
Erb_117,14,14_herd_dog_tail_turning,0.72769177
Erb_118,16,16_wolf_bear_anne_leg,1.0
Erb_119,13,13_bake_basket_bells_eggs,0.7432647
Erb_120,0,0_servant_cat_wreath_horse,0.0
Erb_121,2,2_beer_beer drink_drank_eating,0.79692435
Erb_122,8,8_june_march_saint_day,1.0
Erb_123,16,16_wolf_bear_anne_leg,0.4916979
Erb_124,12,12_march_thirty_month_june,1.0
Erb_125,3,3_oxen_gentlemen_peasants_plow,0.42457232
Erb_127,1,1_nicholas_saint_blessed_god,0.23580505
Erb_129,1,1_nicholas_saint_blessed_god,0.42330503
Erb_130,8,8_june_march_saint_day,0.27710298
Erb_131,13,13_bake_basket_bells_eggs,0.30033284
Erb_133,18,18_hats_hat_cap_hay,0.2631113
Erb_134,15,15_bow_fall_sail_singing,0.31845218
Erb_135,18,18_hats_hat_cap_hay,0.22656672
Erb_136,14,14_herd_dog_tail_turning,0.32440722
Erb_137,15,15_bow_fall_sail_singing,0.5102723
Erb_138,8,8_june_march_saint_day,0.41003227
Erb_139,9,9_wedding_crows_crow_married,0.41836902
Erb_140,6,6_sparrow_cabbage_pea_chirp,0.447619
Erb_141,13,13_bake_basket_bells_eggs,0.31753302
Erb_142,13,13_bake_basket_bells_eggs,0.271531
Erb_143,12,12_march_thirty_month_june,0.19190393
Erb_144,1,1_nicholas_saint_blessed_god,0.34222654
Erb_146,16,16_wolf_bear_anne_leg,0.5063335
Erb_147,13,13_bake_basket_bells_eggs,0.45802104
Erb_148,14,14_herd_dog_tail_turning,0.17131177
Erb_150,8,8_june_march_saint_day,0.5481867
Erb_151,8,8_june_march_saint_day,0.4787842
Erb_152,8,8_june_march_saint_day,0.48869142
Erb_153,12,12_march_thirty_month_june,0.51423883
Erb_154,8,8_june_march_saint_day,0.5350923
Erb_155,13,13_bake_basket_bells_eggs,1.0
Erb_156,1,1_nicholas_saint_blessed_god,0.69688815
Erb_157,1,1_nicholas_saint_blessed_god,0.567658
Erb_159,13,13_bake_basket_bells_eggs,1.0
Erb_160,0,0_servant_cat_wreath_horse,0.0
Erb_161,13,13_bake_basket_bells_eggs,1.0
Erb_162,8,8_june_march_saint_day,0.583544
Erb_163,1,1_nicholas_saint_blessed_god,0.2762506
Erb_164,1,1_nicholas_saint_blessed_god,0.525075
Erb_165,12,12_march_thirty_month_june,0.2574522
Erb_166,8,8_june_march_saint_day,0.6673984
Erb_168,5,5_matchmaker_vodka_melody_wedding,1.0
Erb_169,0,0_servant_cat_wreath_horse,0.0
Erb_170,11,11_apples_tree_sisters_wine,0.84881735
Erb_171,0,0_servant_cat_wreath_horse,0.0
Erb_172,13,13_bake_basket_bells_eggs,1.0
Erb_173,15,15_bow_fall_sail_singing,1.0
Erb_174,6,6_sparrow_cabbage_pea_chirp,0.27334973
Erb_175,13,13_bake_basket_bells_eggs,1.0
Erb_176,14,14_herd_dog_tail_turning,0.46335086
Erb_177,10,10_wheat_barley_rye_pea,1.0
Erb_178,12,12_march_thirty_month_june,0.4177297
Erb_179,9,9_wedding_crows_crow_married,0.7634081
Erb_180,18,18_hats_hat_cap_hay,0.54658544
Erb_181,4,4_servants_thousand_soul_book,0.33361176
Erb_183,14,14_herd_dog_tail_turning,0.40972903
Erb_184,14,14_herd_dog_tail_turning,0.87812823
Erb_185,18,18_hats_hat_cap_hay,0.4912675
Erb_186,12,12_march_thirty_month_june,0.5170325
Erb_187,15,15_bow_fall_sail_singing,0.52752227
Erb_189,13,13_bake_basket_bells_eggs,0.26247084
Erb_190,18,18_hats_hat_cap_hay,1.0
Erb_191,16,16_wolf_bear_anne_leg,0.40226984
Erb_192,11,11_apples_tree_sisters_wine,0.3036883
Erb_193,11,11_apples_tree_sisters_wine,0.34992376
Erb_197,8,8_june_march_saint_day,0.33883113
Erb_198,11,11_apples_tree_sisters_wine,0.40779275
Erb_199,7,7_legs_calf_reed_nest,0.6297129
Erb_200,7,7_legs_calf_reed_nest,0.6297129
Erb_201,11,11_apples_tree_sisters_wine,0.5928618
Erb_202,0,0_servant_cat_wreath_horse,0.0
Erb_203,8,8_june_march_saint_day,0.4458423
Erb_205,13,13_bake_basket_bells_eggs,0.42746586
Erb_209,13,13_bake_basket_bells_eggs,0.33568853
Erb_210,1,1_nicholas_saint_blessed_god,1.0
Erb_211,13,13_bake_basket_bells_eggs,0.30433875
Erb_213,8,8_june_march_saint_day,0.31402194
Erb_214,10,10_wheat_barley_rye_pea,0.42282155
Erb_215,1,1_nicholas_saint_blessed_god,0.2834993
Erb_217,11,11_apples_tree_sisters_wine,0.4831124
Erb_218,7,7_legs_calf_reed_nest,0.7544922
Erb_219,13,13_bake_basket_bells_eggs,0.71137834
Erb_220,15,15_bow_fall_sail_singing,0.7133598
Erb_221,1,1_nicholas_saint_blessed_god,0.48981497
Erb_222,8,8_june_march_saint_day,0.7111704
Erb_223,1,1_nicholas_saint_blessed_god,0.40741736
Erb_224,6,6_sparrow_cabbage_pea_chirp,0.29881448
Erb_225,5,5_matchmaker_vodka_melody_wedding,0.4337086
Erb_227,8,8_june_march_saint_day,0.5512564
Erb_228,11,11_apples_tree_sisters_wine,0.5751203
Erb_229,6,6_sparrow_cabbage_pea_chirp,0.4588173
Erb_230,1,1_nicholas_saint_blessed_god,0.63210326
Erb_232,5,5_matchmaker_vodka_melody_wedding,0.35859975
Erb_234,13,13_bake_basket_bells_eggs,0.51528275
Erb_235,13,13_bake_basket_bells_eggs,0.39991924
Erb_236,18,18_hats_hat_cap_hay,0.8700659
Erb_237,0,0_servant_cat_wreath_horse,0.0
Erb_238,5,5_matchmaker_vodka_melody_wedding,0.5569977
Erb_239,13,13_bake_basket_bells_eggs,0.27123058
Erb_240,5,5_matchmaker_vodka_melody_wedding,1.0
Erb_241,13,13_bake_basket_bells_eggs,1.0
Erb_242,8,8_june_march_saint_day,0.36982828
Erb_243,2,2_beer_beer drink_drank_eating,0.21518713
Erb_244,13,13_bake_basket_bells_eggs,0.33715796
Erb_245,11,11_apples_tree_sisters_wine,0.26229656
Erb_247,13,13_bake_basket_bells_eggs,1.0
Erb_248,10,10_wheat_barley_rye_pea,1.0
Erb_249,12,12_march_thirty_month_june,1.0
Erb_250,18,18_hats_hat_cap_hay,0.80550647
Erb_251,13,13_bake_basket_bells_eggs,1.0
Erb_252,2,2_beer_beer drink_drank_eating,0.2686735
Erb_253,14,14_herd_dog_tail_turning,0.4033001
Erb_254,16,16_wolf_bear_anne_leg,0.614951
Erb_255,7,7_legs_calf_reed_nest,0.51557285
Erb_256,15,15_bow_fall_sail_singing,0.45357013
Erb_257,11,11_apples_tree_sisters_wine,0.58897436
Erb_258,2,2_beer_beer drink_drank_eating,0.38430816
Erb_259,9,9_wedding_crows_crow_married,0.45647246
Erb_260,9,9_wedding_crows_crow_married,0.26962999
Erb_262,11,11_apples_tree_sisters_wine,0.64965177
Erb_263,18,18_hats_hat_cap_hay,0.4749853
Erb_264,0,0_servant_cat_wreath_horse,0.0
Erb_265,10,10_wheat_barley_rye_pea,0.2253362
Erb_266,14,14_herd_dog_tail_turning,0.5525954
Erb_267,7,7_legs_calf_reed_nest,0.56139874
Erb_269,7,7_legs_calf_reed_nest,0.39727524
Erb_270,1,1_nicholas_saint_blessed_god,1.0
Erb_271,1,1_nicholas_saint_blessed_god,0.4113979
Erb_272,10,10_wheat_barley_rye_pea,1.0
Erb_273,0,0_servant_cat_wreath_horse,0.0
Erb_274,1,1_nicholas_saint_blessed_god,0.5448343
Erb_275,15,15_bow_fall_sail_singing,0.49205437
Erb_276,18,18_hats_hat_cap_hay,0.7565769
Erb_277,3,3_oxen_gentlemen_peasants_plow,0.5481155
Erb_278,13,13_bake_basket_bells_eggs,0.25852796
Erb_279,8,8_june_march_saint_day,0.21399753
Erb_280,7,7_legs_calf_reed_nest,0.7924036
Erb_282,15,15_bow_fall_sail_singing,0.8119474
Erb_283,5,5_matchmaker_vodka_melody_wedding,1.0
Erb_287,0,0_servant_cat_wreath_horse,0.0
Erb_288,12,12_march_thirty_month_june,0.3769895
Erb_289,12,12_march_thirty_month_june,0.60343194
Erb_290,11,11_apples_tree_sisters_wine,0.62467647
Erb_291,12,12_march_thirty_month_june,0.5294465
Erb_292,11,11_apples_tree_sisters_wine,0.37116152
Erb_293,0,0_servant_cat_wreath_horse,0.0
Erb_294,8,8_june_march_saint_day,0.35620242
Erb_295,2,2_beer_beer drink_drank_eating,0.31627825
Erb_296,11,11_apples_tree_sisters_wine,0.288314
Erb_297,18,18_hats_hat_cap_hay,0.2178823
Erb_298,11,11_apples_tree_sisters_wine,1.0
Erb_299,8,8_june_march_saint_day,1.0
Erb_300,10,10_wheat_barley_rye_pea,1.0
Erb_301,0,0_servant_cat_wreath_horse,0.0
Erb_302,1,1_nicholas_saint_blessed_god,1.0
Erb_303,8,8_june_march_saint_day,0.78117293
Erb_307,13,13_bake_basket_bells_eggs,0.61167467
Erb_308,3,3_oxen_gentlemen_peasants_plow,0.35427842
Erb_309,7,7_legs_calf_reed_nest,0.470443
Erb_310,7,7_legs_calf_reed_nest,0.4599676
Erb_311,13,13_bake_basket_bells_eggs,1.0
Erb_312,15,15_bow_fall_sail_singing,0.5935312
Erb_313,7,7_legs_calf_reed_nest,0.44169232
Erb_314,11,11_apples_tree_sisters_wine,0.37038383
Erb_315,11,11_apples_tree_sisters_wine,0.66212285
Erb_316,7,7_legs_calf_reed_nest,0.45006734
Erb_317,7,7_legs_calf_reed_nest,0.3882659
Erb_318,6,6_sparrow_cabbage_pea_chirp,1.0
Erb_319,1,1_nicholas_saint_blessed_god,0.4782428
Erb_320,18,18_hats_hat_cap_hay,0.32333255
Erb_321,16,16_wolf_bear_anne_leg,1.0
Erb_322,14,14_herd_dog_tail_turning,0.27942017
Erb_323,14,14_herd_dog_tail_turning,0.5118975
Erb_324,3,3_oxen_gentlemen_peasants_plow,0.8204865
Erb_325,0,0_servant_cat_wreath_horse,0.0
Erb_326,0,0_servant_cat_wreath_horse,0.0
Erb_327,9,9_wedding_crows_crow_married,0.5361471
Erb_332,10,10_wheat_barley_rye_pea,0.49305314
Erb_333,13,13_bake_basket_bells_eggs,1.0
Erb_334,13,13_bake_basket_bells_eggs,1.0
Erb_335,0,0_servant_cat_wreath_horse,0.0
Erb_336,15,15_bow_fall_sail_singing,1.0
Erb_337,0,0_servant_cat_wreath_horse,0.0
Erb_338,1,1_nicholas_saint_blessed_god,1.0
Erb_339,11,11_apples_tree_sisters_wine,1.0
Erb_340,0,0_servant_cat_wreath_horse,0.0
Erb_341,9,9_wedding_crows_crow_married,1.0
Erb_342,10,10_wheat_barley_rye_pea,0.6499512
Erb_343,11,11_apples_tree_sisters_wine,1.0
Erb_344,1,1_nicholas_saint_blessed_god,0.41993088
Erb_345,12,12_march_thirty_month_june,0.5373758
Erb_346,12,12_march_thirty_month_june,0.5625578
Erb_347,12,12_march_thirty_month_june,0.3769895
Erb_348,12,12_march_thirty_month_june,0.49650994
Erb_349,8,8_june_march_saint_day,0.6595182
Erb_350,8,8_june_march_saint_day,0.5497292
Erb_351,8,8_june_march_saint_day,0.5881041
Erb_352,8,8_june_march_saint_day,0.7909245
Erb_353,8,8_june_march_saint_day,0.55959153
Erb_354,6,6_sparrow_cabbage_pea_chirp,0.5689208
Erb_355,10,10_wheat_barley_rye_pea,1.0
Erb_356,8,8_june_march_saint_day,0.42787316
Erb_357,0,0_servant_cat_wreath_horse,0.0
Erb_359,8,8_june_march_saint_day,0.59260255
Erb_360,8,8_june_march_saint_day,0.4589762
Erb_361,8,8_june_march_saint_day,0.6630013
Erb_362,0,0_servant_cat_wreath_horse,0.0
Erb_363,8,8_june_march_saint_day,0.46826464
Erb_364,8,8_june_march_saint_day,0.5653447
Erb_365,0,0_servant_cat_wreath_horse,0.0
Erb_367,8,8_june_march_saint_day,0.4526119
Erb_368,14,14_herd_dog_tail_turning,0.32888237
Erb_369,6,6_sparrow_cabbage_pea_chirp,0.2275532
Erb_370,14,14_herd_dog_tail_turning,0.6615212
Erb_371,5,5_matchmaker_vodka_melody_wedding,0.36867443
Erb_372,12,12_march_thirty_month_june,0.7407744
Erb_373,5,5_matchmaker_vodka_melody_wedding,0.32813308
Erb_374,18,18_hats_hat_cap_hay,0.2609412
Erb_375,6,6_sparrow_cabbage_pea_chirp,0.6408657
Erb_376,6,6_sparrow_cabbage_pea_chirp,0.51735973
Erb_377,14,14_herd_dog_tail_turning,0.4644225
Erb_379,8,8_june_march_saint_day,0.5497292
Erb_380,8,8_june_march_saint_day,0.3831874
Erb_381,6,6_sparrow_cabbage_pea_chirp,1.0
Erb_382,8,8_june_march_saint_day,0.5437619
Erb_383,0,0_servant_cat_wreath_horse,0.0
Erb_384,8,8_june_march_saint_day,0.9068067
Erb_385,16,16_wolf_bear_anne_leg,0.74034595
Erb_386,8,8_june_march_saint_day,1.0
Erb_387,8,8_june_march_saint_day,0.7711027
Erb_388,11,11_apples_tree_sisters_wine,0.67913663
Erb_389,1,1_nicholas_saint_blessed_god,0.50696635
Erb_390,13,13_bake_basket_bells_eggs,1.0
Erb_391,10,10_wheat_barley_rye_pea,0.51643574
Erb_392,11,11_apples_tree_sisters_wine,1.0
Erb_393,11,11_apples_tree_sisters_wine,0.5657304
Erb_394,9,9_wedding_crows_crow_married,0.40868518
Erb_395,13,13_bake_basket_bells_eggs,1.0
Erb_397,6,6_sparrow_cabbage_pea_chirp,0.67405653
Erb_399,0,0_servant_cat_wreath_horse,0.0
Erb_400,5,5_matchmaker_vodka_melody_wedding,0.68377507
Erb_401,12,12_march_thirty_month_june,0.41790763
Erb_402,2,2_beer_beer drink_drank_eating,0.44405246
Erb_403,2,2_beer_beer drink_drank_eating,0.33819708
Erb_404,8,8_june_march_saint_day,0.5627131
Erb_405,8,8_june_march_saint_day,0.512548
Erb_406,8,8_june_march_saint_day,1.0
Erb_407,8,8_june_march_saint_day,0.7822205
Erb_408,18,18_hats_hat_cap_hay,0.8199772
Erb_409,8,8_june_march_saint_day,0.75969887
Erb_410,18,18_hats_hat_cap_hay,0.5008283
Erb_411,0,0_servant_cat_wreath_horse,0.0
Erb_412,13,13_bake_basket_bells_eggs,0.51503825
Erb_413,11,11_apples_tree_sisters_wine,0.9290098
Erb_415,5,5_matchmaker_vodka_melody_wedding,0.7075388
Erb_416,16,16_wolf_bear_anne_leg,0.39778677
Erb_417,16,16_wolf_bear_anne_leg,0.56601256
Erb_418,16,16_wolf_bear_anne_leg,0.6101644
Erb_419,16,16_wolf_bear_anne_leg,0.32715732
Erb_420,11,11_apples_tree_sisters_wine,0.3460719
Erb_424,8,8_june_march_saint_day,1.0
Erb_425,11,11_apples_tree_sisters_wine,1.0
Erb_426,8,8_june_march_saint_day,0.72078305
Erb_427,8,8_june_march_saint_day,0.42451036
Erb_428,10,10_wheat_barley_rye_pea,1.0
Erb_429,8,8_june_march_saint_day,0.62014407
Erb_430,8,8_june_march_saint_day,0.63123703
Erb_433,18,18_hats_hat_cap_hay,0.32709306
Erb_434,14,14_herd_dog_tail_turning,0.51614165
Erb_435,2,2_beer_beer drink_drank_eating,0.3480437
Erb_436,13,13_bake_basket_bells_eggs,0.50667715
Erb_437,9,9_wedding_crows_crow_married,1.0
Erb_438,2,2_beer_beer drink_drank_eating,0.6148422
Erb_439,3,3_oxen_gentlemen_peasants_plow,0.5092486
Erb_440,8,8_june_march_saint_day,0.6059421
Erb_441,0,0_servant_cat_wreath_horse,0.0
Erb_442,11,11_apples_tree_sisters_wine,0.29789525
Erb_443,14,14_herd_dog_tail_turning,0.6666216
Erb_444,16,16_wolf_bear_anne_leg,0.500688
Erb_445,0,0_servant_cat_wreath_horse,0.0
Erb_446,8,8_june_march_saint_day,0.50796264
Erb_447,8,8_june_march_saint_day,0.6895484
Erb_448,8,8_june_march_saint_day,0.48963556
Erb_449,8,8_june_march_saint_day,0.67480516
Erb_450,8,8_june_march_saint_day,1.0
Erb_451,8,8_june_march_saint_day,1.0
Erb_452,8,8_june_march_saint_day,1.0
Erb_453,9,9_wedding_crows_crow_married,0.35163814
Erb_454,8,8_june_march_saint_day,0.36363527
Erb_455,8,8_june_march_saint_day,0.19154264
Erb_456,8,8_june_march_saint_day,0.633235
Erb_457,12,12_march_thirty_month_june,0.45314446
Erb_458,8,8_june_march_saint_day,0.55959153
Erb_459,8,8_june_march_saint_day,0.42827058
Erb_460,1,1_nicholas_saint_blessed_god,1.0
Erb_461,5,5_matchmaker_vodka_melody_wedding,0.33939496
Erb_462,4,4_servants_thousand_soul_book,0.46115834
Erb_463,4,4_servants_thousand_soul_book,0.4982459
Erb_464,12,12_march_thirty_month_june,0.51445997
Erb_465,9,9_wedding_crows_crow_married,0.34422344
Erb_466,15,15_bow_fall_sail_singing,0.22822183
Erb_467,1,1_nicholas_saint_blessed_god,1.0
Erb_469,14,14_herd_dog_tail_turning,0.5475474
Erb_470,3,3_oxen_gentlemen_peasants_plow,0.48430443
Erb_471,0,0_servant_cat_wreath_horse,0.0
Erb_472,11,11_apples_tree_sisters_wine,0.39611158
Erb_473,5,5_matchmaker_vodka_melody_wedding,0.50057703
Erb_475,0,0_servant_cat_wreath_horse,0.0
Erb_477,14,14_herd_dog_tail_turning,0.6275657
Erb_478,0,0_servant_cat_wreath_horse,0.0
Erb_480,6,6_sparrow_cabbage_pea_chirp,1.0
Erb_481,6,6_sparrow_cabbage_pea_chirp,0.6348153
Erb_482,0,0_servant_cat_wreath_horse,0.0
Erb_483,0,0_servant_cat_wreath_horse,0.0
Erb_484,12,12_march_thirty_month_june,0.51107085
Erb_486,6,6_sparrow_cabbage_pea_chirp,0.70982295
Erb_487,14,14_herd_dog_tail_turning,0.52930456
Erb_491,16,16_wolf_bear_anne_leg,0.43374705
Erb_492,11,11_apples_tree_sisters_wine,0.62799174
Erb_494,11,11_apples_tree_sisters_wine,0.50289565
Erb_496,13,13_bake_basket_bells_eggs,0.52201414
Erb_499,11,11_apples_tree_sisters_wine,0.76446676
Erb_501,11,11_apples_tree_sisters_wine,0.63676125
Erb_502,1,1_nicholas_saint_blessed_god,1.0
Erb_503,11,11_apples_tree_sisters_wine,0.30687013
Erb_505,1,1_nicholas_saint_blessed_god,0.46496052
Erb_507,3,3_oxen_gentlemen_peasants_plow,0.79127693
Erb_508,10,10_wheat_barley_rye_pea,0.8532975
Erb_510,16,16_wolf_bear_anne_leg,1.0
Erb_511,2,2_beer_beer drink_drank_eating,0.54321223
Erb_512,5,5_matchmaker_vodka_melody_wedding,0.5642379
Erb_513,18,18_hats_hat_cap_hay,0.66203433
Erb_515,2,2_beer_beer drink_drank_eating,0.6367001
Erb_516,6,6_sparrow_cabbage_pea_chirp,1.0
Erb_517,7,7_legs_calf_reed_nest,0.24355453
Erb_519,18,18_hats_hat_cap_hay,0.45042017
Erb_521,11,11_apples_tree_sisters_wine,1.0
Erb_522,0,0_servant_cat_wreath_horse,0.0
Erb_523,11,11_apples_tree_sisters_wine,0.55656517
Erb_524,2,2_beer_beer drink_drank_eating,0.949818
Erb_525,2,2_beer_beer drink_drank_eating,0.87086177
Erb_526,6,6_sparrow_cabbage_pea_chirp,0.6534813
Erb_527,10,10_wheat_barley_rye_pea,0.5006407
Erb_529,12,12_march_thirty_month_june,1.0
Erb_532,4,4_servants_thousand_soul_book,1.0
Erb_533,10,10_wheat_barley_rye_pea,0.60774356
Erb_535,13,13_bake_basket_bells_eggs,1.0
Erb_537,11,11_apples_tree_sisters_wine,0.8220121
Erb_538,0,0_servant_cat_wreath_horse,0.0
Erb_540,0,0_servant_cat_wreath_horse,0.0
Erb_541,18,18_hats_hat_cap_hay,0.9051549
Erb_543,6,6_sparrow_cabbage_pea_chirp,1.0
Erb_544,8,8_june_march_saint_day,0.72678137
Erb_546,11,11_apples_tree_sisters_wine,0.4339373
Erb_547,11,11_apples_tree_sisters_wine,0.50826555
Erb_549,12,12_march_thirty_month_june,0.50174844
Erb_550,6,6_sparrow_cabbage_pea_chirp,0.28218865
Erb_553,1,1_nicholas_saint_blessed_god,0.6841346
Erb_555,11,11_apples_tree_sisters_wine,1.0
Erb_557,11,11_apples_tree_sisters_wine,1.0
Erb_559,0,0_servant_cat_wreath_horse,0.0
Erb_560,0,0_servant_cat_wreath_horse,0.0
Erb_561,13,13_bake_basket_bells_eggs,0.4441016
Erb_562,8,8_june_march_saint_day,1.0
Erb_563,0,0_servant_cat_wreath_horse,0.0
Erb_564,18,18_hats_hat_cap_hay,1.0
Erb_565,1,1_nicholas_saint_blessed_god,0.3884633
Erb_566,1,1_nicholas_saint_blessed_god,0.3671163
Erb_567,15,15_bow_fall_sail_singing,1.0
Erb_568,5,5_matchmaker_vodka_melody_wedding,1.0
Erb_569,6,6_sparrow_cabbage_pea_chirp,0.5689208
Erb_571,4,4_servants_thousand_soul_book,0.62398607
Erb_573,0,0_servant_cat_wreath_horse,0.0
Erb_574,14,14_herd_dog_tail_turning,1.0
Erb_576,13,13_bake_basket_bells_eggs,0.2675086
Erb_579,14,14_herd_dog_tail_turning,0.48313433
Erb_581,8,8_june_march_saint_day,0.41678953
Erb_584,17,17_crooked_tavern_trembles_straight,0.72373897
Erb_585,11,11_apples_tree_sisters_wine,0.771984
Erb_586,14,14_herd_dog_tail_turning,0.55224144
Erb_588,13,13_bake_basket_bells_eggs,1.0
Erb_590,18,18_hats_hat_cap_hay,0.5476239
Erb_591,11,11_apples_tree_sisters_wine,0.7298917
Erb_592,11,11_apples_tree_sisters_wine,1.0
Erb_595,0,0_servant_cat_wreath_horse,0.0
Erb_596,10,10_wheat_barley_rye_pea,0.58654094
Erb_597,0,0_servant_cat_wreath_horse,0.0
Erb_598,0,0_servant_cat_wreath_horse,0.0
Erb_599,10,10_wheat_barley_rye_pea,1.0
Erb_600,12,12_march_thirty_month_june,0.5800866
Erb_601,11,11_apples_tree_sisters_wine,0.36595428
Erb_603,14,14_herd_dog_tail_turning,0.66729236
Erb_604,7,7_legs_calf_reed_nest,0.39387986
Erb_605,8,8_june_march_saint_day,1.0
Erb_608,7,7_legs_calf_reed_nest,0.36760634
Erb_609,0,0_servant_cat_wreath_horse,0.0
Erb_610,14,14_herd_dog_tail_turning,0.39972782
Erb_612,5,5_matchmaker_vodka_melody_wedding,0.6687249
Erb_613,13,13_bake_basket_bells_eggs,0.33102515
Erb_614,11,11_apples_tree_sisters_wine,0.87303203
Erb_616,14,14_herd_dog_tail_turning,0.5071265
Erb_617,1,1_nicholas_saint_blessed_god,0.28185394
Erb_618,0,0_servant_cat_wreath_horse,0.0
Erb_619,15,15_bow_fall_sail_singing,0.5399373
Erb_621,5,5_matchmaker_vodka_melody_wedding,0.7696917
Erb_622,13,13_bake_basket_bells_eggs,0.767254
Erb_623,18,18_hats_hat_cap_hay,0.25299123
Erb_624,11,11_apples_tree_sisters_wine,0.68602854
Erb_626,0,0_servant_cat_wreath_horse,0.0
Erb_627,11,11_apples_tree_sisters_wine,0.52292794
Erb_628,0,0_servant_cat_wreath_horse,0.0
Erb_633,3,3_oxen_gentlemen_peasants_plow,0.65876645
Erb_634,0,0_servant_cat_wreath_horse,0.0
Erb_635,7,7_legs_calf_reed_nest,0.7185911
Erb_637,0,0_servant_cat_wreath_horse,0.0
Erb_638,2,2_beer_beer drink_drank_eating,0.8469895
Erb_640,11,11_apples_tree_sisters_wine,0.73707837
Erb_641,11,11_apples_tree_sisters_wine,1.0
Erb_643,12,12_march_thirty_month_june,0.28527576
Erb_644,14,14_herd_dog_tail_turning,1.0
Erb_645,0,0_servant_cat_wreath_horse,0.0
Erb_646,1,1_nicholas_saint_blessed_god,1.0
Erb_648,5,5_matchmaker_vodka_melody_wedding,1.0
Erb_649,14,14_herd_dog_tail_turning,0.5360488
Erb_651,0,0_servant_cat_wreath_horse,0.0
Erb_653,15,15_bow_fall_sail_singing,0.57781965
Erb_655,5,5_matchmaker_vodka_melody_wedding,0.31507254
Erb_661,2,2_beer_beer drink_drank_eating,0.3020104
Erb_663,8,8_june_march_saint_day,0.5497292
Erb_664,6,6_sparrow_cabbage_pea_chirp,0.35748675
Erb_666,6,6_sparrow_cabbage_pea_chirp,0.39506778
Erb_667,0,0_servant_cat_wreath_horse,0.0
Erb_668,1,1_nicholas_saint_blessed_god,1.0
Erb_669,7,7_legs_calf_reed_nest,0.60838956
Erb_670,16,16_wolf_bear_anne_leg,0.8465194
Erb_672,15,15_bow_fall_sail_singing,0.4942266
Erb_673,5,5_matchmaker_vodka_melody_wedding,1.0
Erb_674,12,12_march_thirty_month_june,1.0
Erb_676,13,13_bake_basket_bells_eggs,1.0
Erb_678,18,18_hats_hat_cap_hay,0.5840576
Erb_679,16,16_wolf_bear_anne_leg,0.69548905
Erb_680,18,18_hats_hat_cap_hay,0.47926924
Erb_681,2,2_beer_beer drink_drank_eating,0.4938789
Erb_682,4,4_servants_thousand_soul_book,0.69645214
Erb_683,14,14_herd_dog_tail_turning,0.4756453
Erb_684,0,0_servant_cat_wreath_horse,0.0
Erb_685,2,2_beer_beer drink_drank_eating,0.43780828
Erb_688,11,11_apples_tree_sisters_wine,0.7620969
Erb_689,9,9_wedding_crows_crow_married,0.3579731
Erb_690,7,7_legs_calf_reed_nest,0.45611733
Erb_692,15,15_bow_fall_sail_singing,0.4891108
Erb_695,2,2_beer_beer drink_drank_eating,0.56302494
Erb_697,15,15_bow_fall_sail_singing,0.5617757
Erb_698,11,11_apples_tree_sisters_wine,0.35475895
Erb_699,5,5_matchmaker_vodka_melody_wedding,1.0
Erb_700,3,3_oxen_gentlemen_peasants_plow,1.0
Erb_703,9,9_wedding_crows_crow_married,0.5516658
Erb_706,11,11_apples_tree_sisters_wine,1.0
Erb_707,11,11_apples_tree_sisters_wine,0.4744722
Erb_709,5,5_matchmaker_vodka_melody_wedding,1.0
Erb_710,11,11_apples_tree_sisters_wine,0.48351043
Erb_711,1,1_nicholas_saint_blessed_god,1.0
Erb_713,5,5_matchmaker_vodka_melody_wedding,0.5877181
Erb_715,8,8_june_march_saint_day,0.5720262
Erb_716,14,14_herd_dog_tail_turning,0.4839286
Erb_717,14,14_herd_dog_tail_turning,0.716084
Erb_719,14,14_herd_dog_tail_turning,0.6805363
Erb_720,11,11_apples_tree_sisters_wine,1.0
Erb_722,12,12_march_thirty_month_june,1.0
Erb_723,11,11_apples_tree_sisters_wine,0.7382522
Erb_724,11,11_apples_tree_sisters_wine,0.8090567
Erb_726,0,0_servant_cat_wreath_horse,0.0
Erb_727,0,0_servant_cat_wreath_horse,0.0
Erb_728,6,6_sparrow_cabbage_pea_chirp,0.42946023
Erb_729,0,0_servant_cat_wreath_horse,0.0
Erb_730,0,0_servant_cat_wreath_horse,0.0
Erb_731,6,6_sparrow_cabbage_pea_chirp,0.700803
Erb_732,11,11_apples_tree_sisters_wine,1.0
Erb_733,0,0_servant_cat_wreath_horse,0.0
Erb_734,14,14_herd_dog_tail_turning,0.7573812
Erb_735,5,5_matchmaker_vodka_melody_wedding,0.6870191
Erb_736,7,7_legs_calf_reed_nest,0.51434535
Erb_737,14,14_herd_dog_tail_turning,0.47337443
Erb_739,0,0_servant_cat_wreath_horse,0.0
Erb_740,0,0_servant_cat_wreath_horse,0.0
Erb_741,0,0_servant_cat_wreath_horse,0.0
Erb_745,11,11_apples_tree_sisters_wine,1.0
Erb_746,2,2_beer_beer drink_drank_eating,0.58278936
Erb_747,11,11_apples_tree_sisters_wine,0.48349878
Erb_748,11,11_apples_tree_sisters_wine,1.0
Erb_751,3,3_oxen_gentlemen_peasants_plow,0.4913335
Erb_753,11,11_apples_tree_sisters_wine,1.0
Erb_754,18,18_hats_hat_cap_hay,0.43064913
Erb_755,5,5_matchmaker_vodka_melody_wedding,0.55893403
Erb_756,16,16_wolf_bear_anne_leg,0.42082563
Erb_757,13,13_bake_basket_bells_eggs,1.0
Erb_759,0,0_servant_cat_wreath_horse,0.0
Erb_761,1,1_nicholas_saint_blessed_god,1.0
Erb_762,12,12_march_thirty_month_june,1.0
Erb_766,11,11_apples_tree_sisters_wine,0.3233085
Erb_768,0,0_servant_cat_wreath_horse,0.0
Erb_769,9,9_wedding_crows_crow_married,1.0
Erb_770,0,0_servant_cat_wreath_horse,0.0
Erb_772,6,6_sparrow_cabbage_pea_chirp,0.645629
Erb_774,11,11_apples_tree_sisters_wine,1.0
Erb_776,12,12_march_thirty_month_june,1.0
Erb_777,1,1_nicholas_saint_blessed_god,0.50989866
Erb_778,15,15_bow_fall_sail_singing,1.0
Erb_779,14,14_herd_dog_tail_turning,0.65771836
Erb_782,8,8_june_march_saint_day,0.444112
Erb_783,1,1_nicholas_saint_blessed_god,1.0
Erb_785,5,5_matchmaker_vodka_melody_wedding,1.0
Erb_786,0,0_servant_cat_wreath_horse,0.0
Erb_787,15,15_bow_fall_sail_singing,0.6265067
Erb_789,5,5_matchmaker_vodka_melody_wedding,0.8239461
Erb_790,8,8_june_march_saint_day,0.45168275
Erb_791,0,0_servant_cat_wreath_horse,0.0
Erb_792,11,11_apples_tree_sisters_wine,0.56049013
Erb_793,12,12_march_thirty_month_june,0.8332207
Erb_795,9,9_wedding_crows_crow_married,1.0
Erb_796,7,7_legs_calf_reed_nest,0.7515322
Erb_797,1,1_nicholas_saint_blessed_god,1.0
Erb_799,0,0_servant_cat_wreath_horse,0.0
Erb_800,6,6_sparrow_cabbage_pea_chirp,0.5358319
Erb_801,10,10_wheat_barley_rye_pea,0.3385747
Erb_804,17,17_crooked_tavern_trembles_straight,0.44421843
Erb_808,14,14_herd_dog_tail_turning,0.56333154
Erb_809,6,6_sparrow_cabbage_pea_chirp,0.26769888
Erb_810,13,13_bake_basket_bells_eggs,0.5244932
Erb_812,12,12_march_thirty_month_june,0.8218365
Erb_813,10,10_wheat_barley_rye_pea,0.5853826
Erb_816,13,13_bake_basket_bells_eggs,0.31602058
Erb_821,5,5_matchmaker_vodka_melody_wedding,0.5574265
Erb_824,9,9_wedding_crows_crow_married,0.43661085
Erb_826,9,9_wedding_crows_crow_married,0.1882004
Erb_834,10,10_wheat_barley_rye_pea,0.3575327
Erb_835,3,3_oxen_gentlemen_peasants_plow,0.46349928
Erb_837,14,14_herd_dog_tail_turning,1.0
Erb_838,0,0_servant_cat_wreath_horse,0.0
Erb_840,15,15_bow_fall_sail_singing,1.0
Erb_843,0,0_servant_cat_wreath_horse,0.0
Erb_844,8,8_june_march_saint_day,0.395301
Erb_847,3,3_oxen_gentlemen_peasants_plow,0.4160277
Erb_849,14,14_herd_dog_tail_turning,0.6530228
Erb_851,9,9_wedding_crows_crow_married,0.4422856
Erb_855,3,3_oxen_gentlemen_peasants_plow,0.50195783
Erb_856,11,11_apples_tree_sisters_wine,0.6718349
Erb_860,18,18_hats_hat_cap_hay,0.78032494
Erb_862,17,17_crooked_tavern_trembles_straight,0.42544988
Erb_864,0,0_servant_cat_wreath_horse,0.0
Erb_866,11,11_apples_tree_sisters_wine,0.71772254
Erb_870,18,18_hats_hat_cap_hay,1.0
Erb_872,13,13_bake_basket_bells_eggs,0.19999693
Erb_876,9,9_wedding_crows_crow_married,0.30072185
Erb_879,8,8_june_march_saint_day,0.36155894
Erb_880,11,11_apples_tree_sisters_wine,0.76718134
Erb_882,13,13_bake_basket_bells_eggs,0.29629037
Erb_884,5,5_matchmaker_vodka_melody_wedding,1.0
Erb_885,5,5_matchmaker_vodka_melody_wedding,1.0
Erb_886,17,17_crooked_tavern_trembles_straight,0.34409347
Erb_888,8,8_june_march_saint_day,0.4967085
Erb_889,4,4_servants_thousand_soul_book,0.47451103
Erb_890,18,18_hats_hat_cap_hay,0.6078405
Erb_894,13,13_bake_basket_bells_eggs,0.47685188
Erb_899,9,9_wedding_crows_crow_married,1.0
Erb_901,14,14_herd_dog_tail_turning,0.27824706
Erb_903,10,10_wheat_barley_rye_pea,0.49357358
Erb_907,3,3_oxen_gentlemen_peasants_plow,0.4062379
Erb_910,9,9_wedding_crows_crow_married,0.31078574
Erb_911,16,16_wolf_bear_anne_leg,0.50841516
Erb_913,11,11_apples_tree_sisters_wine,0.5727311
Erb_914,17,17_crooked_tavern_trembles_straight,0.6213194
Erb_917,1,1_nicholas_saint_blessed_god,1.0
Erb_919,14,14_herd_dog_tail_turning,0.36470702
Erb_920,6,6_sparrow_cabbage_pea_chirp,0.62287927
Erb_922,15,15_bow_fall_sail_singing,0.76478875
Erb_924,0,0_servant_cat_wreath_horse,0.0
Erb_925,6,6_sparrow_cabbage_pea_chirp,0.45401913
Erb_927,11,11_apples_tree_sisters_wine,0.701365
Erb_929,8,8_june_march_saint_day,0.6453421
Erb_931,4,4_servants_thousand_soul_book,0.6644405
Erb_932,11,11_apples_tree_sisters_wine,0.31264126
Erb_934,8,8_june_march_saint_day,0.21551286
Erb_936,12,12_march_thirty_month_june,0.63411367
Erb_937,15,15_bow_fall_sail_singing,0.30054444
Erb_941,0,0_servant_cat_wreath_horse,0.0
Erb_943,13,13_bake_basket_bells_eggs,0.93521345
Erb_944,5,5_matchmaker_vodka_melody_wedding,0.28490248
Erb_946,0,0_servant_cat_wreath_horse,0.0
Erb_949,5,5_matchmaker_vodka_melody_wedding,0.687499
Erb_950,9,9_wedding_crows_crow_married,0.5860633
Erb_953,18,18_hats_hat_cap_hay,0.43190128
Erb_954,15,15_bow_fall_sail_singing,0.4489006
Erb_955,16,16_wolf_bear_anne_leg,0.5414118
Erb_959,12,12_march_thirty_month_june,1.0
Erb_960,10,10_wheat_barley_rye_pea,0.84278935
Erb_963,6,6_sparrow_cabbage_pea_chirp,0.39008725
Erb_967,6,6_sparrow_cabbage_pea_chirp,0.35369837
Erb_971,9,9_wedding_crows_crow_married,0.15292396
Erb_974,12,12_march_thirty_month_june,0.3991506
Erb_975,10,10_wheat_barley_rye_pea,0.5132087
Erb_980,5,5_matchmaker_vodka_melody_wedding,0.7003216
Erb_981,16,16_wolf_bear_anne_leg,0.401989
Erb_986,7,7_legs_calf_reed_nest,0.4082226
Erb_988,11,11_apples_tree_sisters_wine,0.40418682
Erb_995,1,1_nicholas_saint_blessed_god,1.0
Erb_996,11,11_apples_tree_sisters_wine,0.46845037
Erb_1001,6,6_sparrow_cabbage_pea_chirp,1.0
Erb_1004,6,6_sparrow_cabbage_pea_chirp,0.49175534
Erb_1007,11,11_apples_tree_sisters_wine,0.80306035
Erb_1008,6,6_sparrow_cabbage_pea_chirp,0.34737307
Erb_1013,18,18_hats_hat_cap_hay,0.2699998
Erb_1017,6,6_sparrow_cabbage_pea_chirp,0.35549557
Erb_1019,6,6_sparrow_cabbage_pea_chirp,0.36644703
Erb_1023,16,16_wolf_bear_anne_leg,0.21050003
Erb_1025,6,6_sparrow_cabbage_pea_chirp,0.60538775
Erb_1027,10,10_wheat_barley_rye_pea,0.5897568
Erb_1028,11,11_apples_tree_sisters_wine,0.2907755
Erb_1033,3,3_oxen_gentlemen_peasants_plow,0.25742906
Erb_1037,15,15_bow_fall_sail_singing,0.3038698
Erb_1040,5,5_matchmaker_vodka_melody_wedding,0.5238691
Erb_1043,7,7_legs_calf_reed_nest,0.6297129
Erb_1044,7,7_legs_calf_reed_nest,0.4591223
Erb_1046,13,13_bake_basket_bells_eggs,0.45921248
Erb_1048,11,11_apples_tree_sisters_wine,1.0
Erb_1049,12,12_march_thirty_month_june,0.8505141
Erb_1051,11,11_apples_tree_sisters_wine,1.0
Erb_1053,15,15_bow_fall_sail_singing,0.5632556
Erb_1058,9,9_wedding_crows_crow_married,0.28653604
Erb_1059,5,5_matchmaker_vodka_melody_wedding,0.33409357
Erb_1061,4,4_servants_thousand_soul_book,0.5287424
Erb_1062,7,7_legs_calf_reed_nest,0.45954964
Erb_1064,5,5_matchmaker_vodka_melody_wedding,0.24260342
Erb_1065,1,1_nicholas_saint_blessed_god,0.6523748
Erb_1072,0,0_servant_cat_wreath_horse,0.0
Erb_1074,0,0_servant_cat_wreath_horse,0.0
Erb_1076,14,14_herd_dog_tail_turning,0.31635264
Erb_1083,13,13_bake_basket_bells_eggs,0.7389299
Erb_1084,16,16_wolf_bear_anne_leg,0.35652468
Erb_1085,12,12_march_thirty_month_june,0.42035496
Erb_1088,12,12_march_thirty_month_june,0.74215853
Erb_1089,8,8_june_march_saint_day,0.45746243
Erb_1092,6,6_sparrow_cabbage_pea_chirp,0.21405785
Erb_1097,11,11_apples_tree_sisters_wine,0.2724146
Erb_1100,11,11_apples_tree_sisters_wine,1.0
Erb_1101,14,14_herd_dog_tail_turning,0.44467518
Erb_1104,6,6_sparrow_cabbage_pea_chirp,0.560185
Erb_1110,6,6_sparrow_cabbage_pea_chirp,0.5334967
Erb_1112,6,6_sparrow_cabbage_pea_chirp,0.77478164
Erb_1113,0,0_servant_cat_wreath_horse,0.0
Erb_1115,8,8_june_march_saint_day,0.5243941
Erb_1116,8,8_june_march_saint_day,0.38565135
Erb_1122,15,15_bow_fall_sail_singing,0.9070606
Erb_1123,6,6_sparrow_cabbage_pea_chirp,1.0
Erb_1124,15,15_bow_fall_sail_singing,0.68947595
Erb_1126,11,11_apples_tree_sisters_wine,1.0
Erb_1128,15,15_bow_fall_sail_singing,0.5349706
Erb_1129,1,1_nicholas_saint_blessed_god,0.864976
Erb_1131,13,13_bake_basket_bells_eggs,1.0
Erb_1133,15,15_bow_fall_sail_singing,0.57778895
Erb_1134,0,0_servant_cat_wreath_horse,0.0
Erb_1135,12,12_march_thirty_month_june,0.53842545
Erb_1136,0,0_servant_cat_wreath_horse,0.0
Erb_1139,0,0_servant_cat_wreath_horse,0.0
Erb_1141,6,6_sparrow_cabbage_pea_chirp,0.38562337
Erb_1144,2,2_beer_beer drink_drank_eating,0.3720196
Erb_1147,12,12_march_thirty_month_june,0.58478236
Erb_1148,18,18_hats_hat_cap_hay,0.4709908
Erb_1150,18,18_hats_hat_cap_hay,0.45392412
Erb_1151,0,0_servant_cat_wreath_horse,0.0
Erb_1152,11,11_apples_tree_sisters_wine,1.0
Erb_1153,4,4_servants_thousand_soul_book,0.38834077
Erb_1155,0,0_servant_cat_wreath_horse,0.0
Erb_1158,6,6_sparrow_cabbage_pea_chirp,0.45157668
Erb_1164,13,13_bake_basket_bells_eggs,0.55215216
Erb_1166,11,11_apples_tree_sisters_wine,0.6349027
Erb_1169,14,14_herd_dog_tail_turning,1.0
Erb_1170,13,13_bake_basket_bells_eggs,1.0
Erb_1171,16,16_wolf_bear_anne_leg,1.0
Erb_1172,11,11_apples_tree_sisters_wine,0.6807648
Erb_1173,4,4_servants_thousand_soul_book,0.32667592
Erb_1180,18,18_hats_hat_cap_hay,0.4435834
Erb_1181,5,5_matchmaker_vodka_melody_wedding,0.8073795
Erb_1182,3,3_oxen_gentlemen_peasants_plow,0.39371425
Erb_1183,6,6_sparrow_cabbage_pea_chirp,0.7103406
Erb_1184,12,12_march_thirty_month_june,0.56806004
Erb_1186,12,12_march_thirty_month_june,0.48143965
Erb_1187,4,4_servants_thousand_soul_book,0.46426934
Erb_1188,1,1_nicholas_saint_blessed_god,1.0
Erb_1190,0,0_servant_cat_wreath_horse,0.0
Erb_1193,17,17_crooked_tavern_trembles_straight,0.502424
Erb_1194,8,8_june_march_saint_day,1.0
Erb_1200,13,13_bake_basket_bells_eggs,0.7290826
Erb_1201,5,5_matchmaker_vodka_melody_wedding,1.0
Erb_1202,0,0_servant_cat_wreath_horse,0.0
Erb_1204,11,11_apples_tree_sisters_wine,0.21391849
Erb_1205,15,15_bow_fall_sail_singing,0.39697623
Erb_1207,15,15_bow_fall_sail_singing,1.0
Erb_1211,4,4_servants_thousand_soul_book,0.47545758
Erb_1214,6,6_sparrow_cabbage_pea_chirp,1.0
Erb_1216,0,0_servant_cat_wreath_horse,0.0
Erb_1218,0,0_servant_cat_wreath_horse,0.0
Erb_1220,8,8_june_march_saint_day,0.49012977
Erb_1222,6,6_sparrow_cabbage_pea_chirp,0.5268894
Erb_1224,7,7_legs_calf_reed_nest,0.4977295
Erb_1226,13,13_bake_basket_bells_eggs,1.0
Erb_1229,11,11_apples_tree_sisters_wine,1.0
Erb_1231,5,5_matchmaker_vodka_melody_wedding,0.36396557
Erb_1233,11,11_apples_tree_sisters_wine,1.0
Erb_1238,4,4_servants_thousand_soul_book,0.49089974
Erb_1244,9,9_wedding_crows_crow_married,0.5087909
Erb_1247,16,16_wolf_bear_anne_leg,0.37341356
Erb_1249,8,8_june_march_saint_day,0.41606933
Erb_1250,4,4_servants_thousand_soul_book,0.6812106
Erb_1252,14,14_herd_dog_tail_turning,0.6835798
Erb_1253,0,0_servant_cat_wreath_horse,0.0
Erb_1254,14,14_herd_dog_tail_turning,0.55031246
Erb_1255,6,6_sparrow_cabbage_pea_chirp,0.41834697
Erb_1256,0,0_servant_cat_wreath_horse,0.0
Erb_1259,9,9_wedding_crows_crow_married,0.29846072
Erb_1262,9,9_wedding_crows_crow_married,0.66857266
Erb_1264,11,11_apples_tree_sisters_wine,1.0
Erb_1265,3,3_oxen_gentlemen_peasants_plow,0.45879644
Erb_1267,11,11_apples_tree_sisters_wine,0.5365426
Erb_1269,2,2_beer_beer drink_drank_eating,0.6966009
Erb_1271,0,0_servant_cat_wreath_horse,0.0
Erb_1272,13,13_bake_basket_bells_eggs,0.53600407
Erb_1273,9,9_wedding_crows_crow_married,0.62652117
Erb_1274,2,2_beer_beer drink_drank_eating,0.49868497
Erb_1275,0,0_servant_cat_wreath_horse,0.0
Erb_1276,11,11_apples_tree_sisters_wine,0.9765531
Erb_1279,9,9_wedding_crows_crow_married,1.0
Erb_1281,14,14_herd_dog_tail_turning,0.25177246
Erb_1284,8,8_june_march_saint_day,0.6526665
Erb_1285,8,8_june_march_saint_day,0.38828677
Erb_1286,13,13_bake_basket_bells_eggs,1.0
Erb_1288,12,12_march_thirty_month_june,0.5001393
Erb_1290,18,18_hats_hat_cap_hay,0.6174463
Erb_1291,11,11_apples_tree_sisters_wine,0.81813735
Erb_1294,17,17_crooked_tavern_trembles_straight,0.672688
Erb_1299,0,0_servant_cat_wreath_horse,0.0
Erb_1300,0,0_servant_cat_wreath_horse,0.0
Erb_1304,12,12_march_thirty_month_june,0.6192673
Erb_1305,11,11_apples_tree_sisters_wine,0.52723473
Erb_1307,9,9_wedding_crows_crow_married,0.3130317
Erb_1309,6,6_sparrow_cabbage_pea_chirp,0.35772976
Erb_1311,9,9_wedding_crows_crow_married,1.0
Erb_1312,9,9_wedding_crows_crow_married,0.5470446
Erb_1313,5,5_matchmaker_vodka_melody_wedding,0.3749932
Erb_1316,12,12_march_thirty_month_june,0.7488175
Erb_1317,2,2_beer_beer drink_drank_eating,0.47582686
Erb_1319,0,0_servant_cat_wreath_horse,0.0
Erb_1320,6,6_sparrow_cabbage_pea_chirp,0.392381
Erb_1322,10,10_wheat_barley_rye_pea,0.5343421
Erb_1325,0,0_servant_cat_wreath_horse,0.0
Erb_1326,5,5_matchmaker_vodka_melody_wedding,1.0
Erb_1330,0,0_servant_cat_wreath_horse,0.0
Erb_1335,5,5_matchmaker_vodka_melody_wedding,0.75280935
Erb_1337,4,4_servants_thousand_soul_book,1.0
Erb_1340,13,13_bake_basket_bells_eggs,0.5027312
Erb_1341,14,14_herd_dog_tail_turning,0.68764234
Erb_1345,13,13_bake_basket_bells_eggs,1.0
Erb_1346,11,11_apples_tree_sisters_wine,0.49098846
Erb_1348,11,11_apples_tree_sisters_wine,0.40938565
Erb_1349,13,13_bake_basket_bells_eggs,0.5629934
Erb_1350,11,11_apples_tree_sisters_wine,0.447211
Erb_1351,12,12_march_thirty_month_june,0.51325035
Erb_1352,6,6_sparrow_cabbage_pea_chirp,0.6308108
Erb_1353,14,14_herd_dog_tail_turning,0.61236954
Erb_1354,18,18_hats_hat_cap_hay,0.38431767
Erb_1355,10,10_wheat_barley_rye_pea,0.4376537
Erb_1357,16,16_wolf_bear_anne_leg,0.665363
Erb_1358,5,5_matchmaker_vodka_melody_wedding,1.0
Erb_1359,9,9_wedding_crows_crow_married,0.70193267
Erb_1361,13,13_bake_basket_bells_eggs,1.0
Erb_1363,11,11_apples_tree_sisters_wine,0.7945771
Erb_1365,13,13_bake_basket_bells_eggs,0.3901431
Erb_1367,0,0_servant_cat_wreath_horse,0.0
Erb_1368,15,15_bow_fall_sail_singing,0.29070428
Erb_1369,2,2_beer_beer drink_drank_eating,0.34807128
Erb_1371,12,12_march_thirty_month_june,0.6828354
Erb_1372,6,6_sparrow_cabbage_pea_chirp,1.0
Erb_1373,13,13_bake_basket_bells_eggs,1.0
Erb_1375,4,4_servants_thousand_soul_book,0.54672074
Erb_1378,11,11_apples_tree_sisters_wine,0.5050735
Erb_1380,9,9_wedding_crows_crow_married,0.46521464
Erb_1381,0,0_servant_cat_wreath_horse,0.0
Erb_1382,18,18_hats_hat_cap_hay,0.66026056
Erb_1383,14,14_herd_dog_tail_turning,1.0
Erb_1385,5,5_matchmaker_vodka_melody_wedding,0.33785698
Erb_1388,1,1_nicholas_saint_blessed_god,1.0
Erb_1390,5,5_matchmaker_vodka_melody_wedding,0.27858827
Erb_1392,18,18_hats_hat_cap_hay,0.28751585
Erb_1395,15,15_bow_fall_sail_singing,0.17714852
Erb_1397,0,0_servant_cat_wreath_horse,0.0
Erb_1398,6,6_sparrow_cabbage_pea_chirp,0.5022514
Erb_1400,15,15_bow_fall_sail_singing,0.7121224
Erb_1401,13,13_bake_basket_bells_eggs,1.0
Erb_1402,18,18_hats_hat_cap_hay,0.4263841
Erb_1404,2,2_beer_beer drink_drank_eating,0.42409042
Erb_1406,12,12_march_thirty_month_june,1.0
Erb_1407,2,2_beer_beer drink_drank_eating,0.48638102
Erb_1408,8,8_june_march_saint_day,0.44533122
Erb_1409,9,9_wedding_crows_crow_married,1.0
Erb_1410,4,4_servants_thousand_soul_book,0.56036866
Erb_1411,12,12_march_thirty_month_june,0.6481062
Erb_1413,1,1_nicholas_saint_blessed_god,0.28671718
Erb_1415,12,12_march_thirty_month_june,1.0
Erb_1416,13,13_bake_basket_bells_eggs,1.0
Erb_1418,9,9_wedding_crows_crow_married,1.0
Erb_1419,13,13_bake_basket_bells_eggs,0.50501424
Erb_1420,0,0_servant_cat_wreath_horse,0.0
Erb_1421,5,5_matchmaker_vodka_melody_wedding,0.6765764
Erb_1422,7,7_legs_calf_reed_nest,0.5087129
Erb_1423,1,1_nicholas_saint_blessed_god,0.5086323
Erb_1425,3,3_oxen_gentlemen_peasants_plow,1.0
Erb_1428,0,0_servant_cat_wreath_horse,0.0
Erb_1429,11,11_apples_tree_sisters_wine,1.0
Erb_1430,13,13_bake_basket_bells_eggs,1.0
Erb_1431,5,5_matchmaker_vodka_melody_wedding,0.68725884
Erb_1432,9,9_wedding_crows_crow_married,1.0
Erb_1433,4,4_servants_thousand_soul_book,0.53093064
Erb_1434,1,1_nicholas_saint_blessed_god,0.27581775
Erb_1435,7,7_legs_calf_reed_nest,0.49602625
Erb_1436,8,8_june_march_saint_day,0.54703885
Erb_1437,13,13_bake_basket_bells_eggs,1.0
Erb_1438,11,11_apples_tree_sisters_wine,0.39625883
Erb_1439,7,7_legs_calf_reed_nest,0.5713818
Erb_1442,5,5_matchmaker_vodka_melody_wedding,1.0
Erb_1443,8,8_june_march_saint_day,0.6199883
Erb_1444,18,18_hats_hat_cap_hay,0.3258878
Erb_1449,8,8_june_march_saint_day,0.36850196
Erb_1450,16,16_wolf_bear_anne_leg,0.30354965
Erb_1451,8,8_june_march_saint_day,1.0
Erb_1452,0,0_servant_cat_wreath_horse,0.0
Erb_1453,11,11_apples_tree_sisters_wine,1.0
Erb_1454,11,11_apples_tree_sisters_wine,0.49366525
Erb_1455,11,11_apples_tree_sisters_wine,1.0
Erb_1456,0,0_servant_cat_wreath_horse,0.0
Erb_1457,8,8_june_march_saint_day,0.60202783
Erb_1458,10,10_wheat_barley_rye_pea,0.8543108
Erb_1460,5,5_matchmaker_vodka_melody_wedding,0.49191648
Erb_1462,9,9_wedding_crows_crow_married,0.67571676
Erb_1463,0,0_servant_cat_wreath_horse,0.0
Erb_1465,5,5_matchmaker_vodka_melody_wedding,0.8476488
Erb_1467,12,12_march_thirty_month_june,0.89099884
Erb_1469,4,4_servants_thousand_soul_book,0.59317994
Erb_1470,0,0_servant_cat_wreath_horse,0.0
Erb_1471,5,5_matchmaker_vodka_melody_wedding,0.6939691
Erb_1473,12,12_march_thirty_month_june,0.54146063
Erb_1474,4,4_servants_thousand_soul_book,0.42817858
Erb_1476,16,16_wolf_bear_anne_leg,1.0
Erb_1478,5,5_matchmaker_vodka_melody_wedding,0.48615703
Erb_1479,9,9_wedding_crows_crow_married,0.6242751
Erb_1480,1,1_nicholas_saint_blessed_god,1.0
Erb_1482,0,0_servant_cat_wreath_horse,0.0
Erb_1483,16,16_wolf_bear_anne_leg,0.41552585
Erb_1484,18,18_hats_hat_cap_hay,0.6488136
Erb_1485,1,1_nicholas_saint_blessed_god,1.0
Erb_1487,16,16_wolf_bear_anne_leg,1.0
Erb_1488,10,10_wheat_barley_rye_pea,0.54654044
Erb_1489,14,14_herd_dog_tail_turning,0.655188
Erb_1490,8,8_june_march_saint_day,1.0
Erb_1491,15,15_bow_fall_sail_singing,1.0
Erb_1492,18,18_hats_hat_cap_hay,1.0
Erb_1493,5,5_matchmaker_vodka_melody_wedding,0.83280116
Erb_1494,0,0_servant_cat_wreath_horse,0.0
Erb_1495,16,16_wolf_bear_anne_leg,1.0
Erb_1496,11,11_apples_tree_sisters_wine,0.3967534
Erb_1499,11,11_apples_tree_sisters_wine,0.380987
Erb_1501,8,8_june_march_saint_day,0.2846525
Erb_1503,6,6_sparrow_cabbage_pea_chirp,0.7106595
Erb_1505,10,10_wheat_barley_rye_pea,0.24942787
Erb_1506,7,7_legs_calf_reed_nest,0.37423807
Erb_1510,12,12_march_thirty_month_june,0.35477135
Erb_1513,18,18_hats_hat_cap_hay,0.436684
Erb_1514,14,14_herd_dog_tail_turning,1.0
Erb_1515,3,3_oxen_gentlemen_peasants_plow,0.254675
Erb_1516,18,18_hats_hat_cap_hay,0.35071638
Erb_1517,14,14_herd_dog_tail_turning,0.55350125
Erb_1519,11,11_apples_tree_sisters_wine,0.21952088
Erb_1521,5,5_matchmaker_vodka_melody_wedding,0.60640293
Erb_1524,0,0_servant_cat_wreath_horse,0.0
Erb_1525,4,4_servants_thousand_soul_book,1.0
Erb_1526,0,0_servant_cat_wreath_horse,0.0
Erb_1528,7,7_legs_calf_reed_nest,0.47157827
Erb_1529,10,10_wheat_barley_rye_pea,0.6235118
Erb_1530,13,13_bake_basket_bells_eggs,1.0
Erb_1531,7,7_legs_calf_reed_nest,0.64765185
Erb_1532,5,5_matchmaker_vodka_melody_wedding,0.29422536
Erb_1533,1,1_nicholas_saint_blessed_god,0.42467928
Erb_1534,10,10_wheat_barley_rye_pea,1.0
Erb_1535,15,15_bow_fall_sail_singing,0.62126106
Erb_1536,0,0_servant_cat_wreath_horse,0.0
Erb_1537,0,0_servant_cat_wreath_horse,0.0
Erb_1538,18,18_hats_hat_cap_hay,0.5891878
Erb_1539,16,16_wolf_bear_anne_leg,1.0
Erb_1543,5,5_matchmaker_vodka_melody_wedding,0.5451
Erb_1544,3,3_oxen_gentlemen_peasants_plow,0.5851692
Erb_1545,0,0_servant_cat_wreath_horse,0.0
Erb_1546,0,0_servant_cat_wreath_horse,0.0
Erb_1547,0,0_servant_cat_wreath_horse,0.0
Erb_1548,18,18_hats_hat_cap_hay,0.95395255
Erb_1549,11,11_apples_tree_sisters_wine,0.40460473
Erb_1550,11,11_apples_tree_sisters_wine,0.6791552
Erb_1551,12,12_march_thirty_month_june,1.0
Erb_1552,13,13_bake_basket_bells_eggs,0.5666799
Erb_1553,10,10_wheat_barley_rye_pea,0.5109995
Erb_1554,18,18_hats_hat_cap_hay,0.55110383
Erb_1555,18,18_hats_hat_cap_hay,0.5270403
Erb_1556,17,17_crooked_tavern_trembles_straight,0.584242
Erb_1557,4,4_servants_thousand_soul_book,0.52812743
Erb_1558,15,15_bow_fall_sail_singing,0.553406
Erb_1559,5,5_matchmaker_vodka_melody_wedding,0.8759502
Erb_1560,11,11_apples_tree_sisters_wine,0.41600293
Erb_1561,0,0_servant_cat_wreath_horse,0.0
Erb_1562,0,0_servant_cat_wreath_horse,0.0
Erb_1563,10,10_wheat_barley_rye_pea,1.0
Erb_1565,0,0_servant_cat_wreath_horse,0.0
Erb_1566,12,12_march_thirty_month_june,1.0
Erb_1567,9,9_wedding_crows_crow_married,0.445518
Erb_1568,9,9_wedding_crows_crow_married,0.41137597
Erb_1570,13,13_bake_basket_bells_eggs,0.5338888
Erb_1571,0,0_servant_cat_wreath_horse,0.0
Erb_1572,0,0_servant_cat_wreath_horse,0.0
Erb_1573,0,0_servant_cat_wreath_horse,0.0
Erb_1574,0,0_servant_cat_wreath_horse,0.0
Erb_1575,6,6_sparrow_cabbage_pea_chirp,1.0
Erb_1577,5,5_matchmaker_vodka_melody_wedding,0.5720987
Erb_1579,6,6_sparrow_cabbage_pea_chirp,0.31912836
Erb_1583,4,4_servants_thousand_soul_book,0.5033886
Erb_1584,5,5_matchmaker_vodka_melody_wedding,0.6018561
Erb_1585,6,6_sparrow_cabbage_pea_chirp,0.570975
Erb_1586,0,0_servant_cat_wreath_horse,0.0
Erb_1587,2,2_beer_beer drink_drank_eating,0.38404158
Erb_1588,13,13_bake_basket_bells_eggs,0.7417034
Erb_1589,3,3_oxen_gentlemen_peasants_plow,0.3058541
Erb_1591,15,15_bow_fall_sail_singing,0.4683549
Erb_1592,1,1_nicholas_saint_blessed_god,1.0
Erb_1593,0,0_servant_cat_wreath_horse,0.0
Erb_1594,0,0_servant_cat_wreath_horse,0.0
Erb_1595,3,3_oxen_gentlemen_peasants_plow,0.5047605
Erb_1596,11,11_apples_tree_sisters_wine,0.71735436
Erb_1598,13,13_bake_basket_bells_eggs,0.58524966
Erb_1599,11,11_apples_tree_sisters_wine,1.0
Erb_1600,0,0_servant_cat_wreath_horse,0.0
Erb_1601,8,8_june_march_saint_day,0.475334
Erb_1602,11,11_apples_tree_sisters_wine,1.0
Erb_1603,5,5_matchmaker_vodka_melody_wedding,1.0
Erb_1604,6,6_sparrow_cabbage_pea_chirp,0.706642
Erb_1605,14,14_herd_dog_tail_turning,0.8773865
Erb_1606,7,7_legs_calf_reed_nest,0.32702342
Erb_1608,17,17_crooked_tavern_trembles_straight,1.0
Erb_1609,10,10_wheat_barley_rye_pea,0.5738992
Erb_1610,6,6_sparrow_cabbage_pea_chirp,0.5203507
Erb_1611,18,18_hats_hat_cap_hay,0.59442
Erb_1612,13,13_bake_basket_bells_eggs,0.38267797
Erb_1613,18,18_hats_hat_cap_hay,0.4837245
Erb_1614,12,12_march_thirty_month_june,0.64618385
Erb_1615,6,6_sparrow_cabbage_pea_chirp,0.6349914
Erb_1617,1,1_nicholas_saint_blessed_god,1.0
Erb_1618,9,9_wedding_crows_crow_married,1.0
Erb_1620,11,11_apples_tree_sisters_wine,0.5323148
Erb_1622,0,0_servant_cat_wreath_horse,0.0
Erb_1624,0,0_servant_cat_wreath_horse,0.0
Erb_1626,0,0_servant_cat_wreath_horse,0.0
Erb_1627,13,13_bake_basket_bells_eggs,0.5310952
Erb_1628,11,11_apples_tree_sisters_wine,0.47165027
Erb_1629,0,0_servant_cat_wreath_horse,0.0
Erb_1630,7,7_legs_calf_reed_nest,0.4482201
Erb_1633,7,7_legs_calf_reed_nest,0.39612246
Erb_1634,5,5_matchmaker_vodka_melody_wedding,0.7219404
Erb_1636,0,0_servant_cat_wreath_horse,0.0
Erb_1637,14,14_herd_dog_tail_turning,0.68913615
Erb_1638,14,14_herd_dog_tail_turning,0.558344
Erb_1639,14,14_herd_dog_tail_turning,1.0
Erb_1640,7,7_legs_calf_reed_nest,0.25067967
Erb_1646,11,11_apples_tree_sisters_wine,0.8751304
Erb_1647,13,13_bake_basket_bells_eggs,0.3721474
Erb_1650,2,2_beer_beer drink_drank_eating,0.8137146
Erb_1652,9,9_wedding_crows_crow_married,0.5174378
Erb_1654,13,13_bake_basket_bells_eggs,1.0
Erb_1655,11,11_apples_tree_sisters_wine,1.0
Erb_1656,0,0_servant_cat_wreath_horse,0.0
Erb_1657,16,16_wolf_bear_anne_leg,1.0
Erb_1658,0,0_servant_cat_wreath_horse,0.0
Erb_1659,5,5_matchmaker_vodka_melody_wedding,0.7203076
Erb_1661,5,5_matchmaker_vodka_melody_wedding,0.5401178
Erb_1663,11,11_apples_tree_sisters_wine,0.78635263
Erb_1665,17,17_crooked_tavern_trembles_straight,0.37038553
Erb_1667,6,6_sparrow_cabbage_pea_chirp,1.0
Erb_1668,17,17_crooked_tavern_trembles_straight,0.6819125
Erb_1670,0,0_servant_cat_wreath_horse,0.0
Erb_1671,10,10_wheat_barley_rye_pea,1.0
Erb_1672,0,0_servant_cat_wreath_horse,0.0
Erb_1673,15,15_bow_fall_sail_singing,1.0
Erb_1674,5,5_matchmaker_vodka_melody_wedding,0.61676514
Erb_1675,1,1_nicholas_saint_blessed_god,0.5127665
Erb_1676,6,6_sparrow_cabbage_pea_chirp,0.4688478
Erb_1677,11,11_apples_tree_sisters_wine,1.0
Erb_1678,14,14_herd_dog_tail_turning,0.66991764
Erb_1679,5,5_matchmaker_vodka_melody_wedding,0.72568065
Erb_1681,5,5_matchmaker_vodka_melody_wedding,1.0
Erb_1683,0,0_servant_cat_wreath_horse,0.0
Erb_1684,15,15_bow_fall_sail_singing,1.0
Erb_1685,9,9_wedding_crows_crow_married,1.0
Erb_1687,15,15_bow_fall_sail_singing,0.835941
Erb_1688,9,9_wedding_crows_crow_married,0.60665685
Erb_1689,0,0_servant_cat_wreath_horse,0.0
Erb_1690,9,9_wedding_crows_crow_married,1.0
Erb_1691,9,9_wedding_crows_crow_married,1.0
Erb_1692,13,13_bake_basket_bells_eggs,0.52438664
Erb_1693,14,14_herd_dog_tail_turning,0.6347933
Erb_1695,15,15_bow_fall_sail_singing,0.50255525
Erb_1696,13,13_bake_basket_bells_eggs,0.6754083
Erb_1697,3,3_oxen_gentlemen_peasants_plow,0.66249704
Erb_1698,5,5_matchmaker_vodka_melody_wedding,1.0
Erb_1702,0,0_servant_cat_wreath_horse,0.0
Erb_1703,6,6_sparrow_cabbage_pea_chirp,1.0
Erb_1704,3,3_oxen_gentlemen_peasants_plow,1.0
Erb_1705,5,5_matchmaker_vodka_melody_wedding,0.8391736
Erb_1706,16,16_wolf_bear_anne_leg,0.49605298
Erb_1708,0,0_servant_cat_wreath_horse,0.0
Erb_1709,0,0_servant_cat_wreath_horse,0.0
Erb_1710,0,0_servant_cat_wreath_horse,0.0
Erb_1711,12,12_march_thirty_month_june,1.0
Erb_1712,0,0_servant_cat_wreath_horse,0.0
Erb_1713,9,9_wedding_crows_crow_married,0.5540087
Erb_1716,9,9_wedding_crows_crow_married,0.65212774
Erb_1718,9,9_wedding_crows_crow_married,1.0
Erb_1720,9,9_wedding_crows_crow_married,0.92036605
Erb_1721,0,0_servant_cat_wreath_horse,0.0
Erb_1722,9,9_wedding_crows_crow_married,0.42180482
Erb_1723,13,13_bake_basket_bells_eggs,0.52438664
Erb_1724,11,11_apples_tree_sisters_wine,0.6309742
Erb_1726,9,9_wedding_crows_crow_married,0.4639356
Erb_1727,13,13_bake_basket_bells_eggs,0.34966215
Erb_1728,13,13_bake_basket_bells_eggs,0.3494645
Erb_1729,9,9_wedding_crows_crow_married,0.8807583
Erb_1730,14,14_herd_dog_tail_turning,0.5304132
Erb_1731,9,9_wedding_crows_crow_married,0.29203948
Erb_1733,9,9_wedding_crows_crow_married,0.79825515
Erb_1734,9,9_wedding_crows_crow_married,0.3721771
Erb_1736,18,18_hats_hat_cap_hay,0.40313873
Erb_1737,5,5_matchmaker_vodka_melody_wedding,0.54795146
Erb_1738,15,15_bow_fall_sail_singing,0.49987078
Erb_1739,9,9_wedding_crows_crow_married,1.0
Erb_1740,3,3_oxen_gentlemen_peasants_plow,0.7180706
Erb_1744,9,9_wedding_crows_crow_married,0.74035877
Erb_1745,13,13_bake_basket_bells_eggs,0.32842043
Erb_1746,9,9_wedding_crows_crow_married,0.7510772
Erb_1747,5,5_matchmaker_vodka_melody_wedding,0.42186832
Erb_1748,11,11_apples_tree_sisters_wine,0.7621179
Erb_1749,16,16_wolf_bear_anne_leg,0.616287
Erb_1752,14,14_herd_dog_tail_turning,0.3914023
Erb_1753,17,17_crooked_tavern_trembles_straight,0.25743264
Erb_1754,16,16_wolf_bear_anne_leg,1.0
Erb_1755,16,16_wolf_bear_anne_leg,0.8322813
Erb_1756,13,13_bake_basket_bells_eggs,0.5783067
Erb_1757,2,2_beer_beer drink_drank_eating,0.69823426
Erb_1758,16,16_wolf_bear_anne_leg,1.0
Erb_1760,2,2_beer_beer drink_drank_eating,0.63257974
Erb_1762,11,11_apples_tree_sisters_wine,0.8157757
Erb_1764,0,0_servant_cat_wreath_horse,0.0
Erb_1766,0,0_servant_cat_wreath_horse,0.0
Erb_1767,6,6_sparrow_cabbage_pea_chirp,0.5463952
Erb_1768,11,11_apples_tree_sisters_wine,0.47068605
Erb_1769,18,18_hats_hat_cap_hay,0.92031246
Erb_1772,9,9_wedding_crows_crow_married,0.4903387
Erb_1775,2,2_beer_beer drink_drank_eating,0.30536908
Erb_1778,0,0_servant_cat_wreath_horse,0.0
Erb_1780,11,11_apples_tree_sisters_wine,0.7121985
Erb_1781,9,9_wedding_crows_crow_married,0.4306025
Erb_1782,5,5_matchmaker_vodka_melody_wedding,1.0
Erb_1784,9,9_wedding_crows_crow_married,0.37277886
Erb_1785,15,15_bow_fall_sail_singing,0.396694
Erb_1787,14,14_herd_dog_tail_turning,0.5287221
Erb_1788,0,0_servant_cat_wreath_horse,0.0
Erb_1789,0,0_servant_cat_wreath_horse,0.0
Erb_1790,13,13_bake_basket_bells_eggs,0.36089858
Erb_1791,16,16_wolf_bear_anne_leg,0.8309595
Erb_1792,9,9_wedding_crows_crow_married,1.0
Erb_1793,9,9_wedding_crows_crow_married,0.8427801
Erb_1794,12,12_march_thirty_month_june,0.31297112
Erb_1795,9,9_wedding_crows_crow_married,1.0
Erb_1796,0,0_servant_cat_wreath_horse,0.0
Erb_1797,18,18_hats_hat_cap_hay,1.0
Erb_1798,8,8_june_march_saint_day,0.3068805
Erb_1799,1,1_nicholas_saint_blessed_god,0.5799467
Erb_1800,4,4_servants_thousand_soul_book,0.43887925
Erb_1801,13,13_bake_basket_bells_eggs,0.582711
Erb_1802,0,0_servant_cat_wreath_horse,0.0
Erb_1803,5,5_matchmaker_vodka_melody_wedding,0.40123734
Erb_1804,9,9_wedding_crows_crow_married,0.33364448
Erb_1807,3,3_oxen_gentlemen_peasants_plow,1.0
Erb_1809,10,10_wheat_barley_rye_pea,0.3097689
Erb_1811,18,18_hats_hat_cap_hay,0.37968075
Erb_1814,0,0_servant_cat_wreath_horse,0.0
Erb_1815,2,2_beer_beer drink_drank_eating,0.787395
Erb_1816,14,14_herd_dog_tail_turning,0.66509736
Erb_1817,9,9_wedding_crows_crow_married,0.48282963
Erb_1818,0,0_servant_cat_wreath_horse,0.0
Erb_1819,10,10_wheat_barley_rye_pea,1.0
Erb_1820,10,10_wheat_barley_rye_pea,1.0
Erb_1821,9,9_wedding_crows_crow_married,0.50465995
Erb_1823,18,18_hats_hat_cap_hay,0.34850034
Erb_1824,10,10_wheat_barley_rye_pea,1.0
Erb_1827,0,0_servant_cat_wreath_horse,0.0
Erb_1828,0,0_servant_cat_wreath_horse,0.0
Erb_1829,14,14_herd_dog_tail_turning,0.5141704
Erb_1831,6,6_sparrow_cabbage_pea_chirp,0.64112395
Erb_1833,12,12_march_thirty_month_june,0.29698172
Erb_1834,11,11_apples_tree_sisters_wine,0.6254784
Erb_1836,5,5_matchmaker_vodka_melody_wedding,1.0
Erb_1838,6,6_sparrow_cabbage_pea_chirp,1.0
Erb_1839,0,0_servant_cat_wreath_horse,0.0
Erb_1840,9,9_wedding_crows_crow_married,0.55617875
Erb_1843,0,0_servant_cat_wreath_horse,0.0
Erb_1844,14,14_herd_dog_tail_turning,0.2958297
Erb_1848,8,8_june_march_saint_day,0.5113189
Erb_1858,0,0_servant_cat_wreath_horse,0.0
Erb_1860,9,9_wedding_crows_crow_married,1.0
Erb_1861,10,10_wheat_barley_rye_pea,0.28173155
Erb_1864,9,9_wedding_crows_crow_married,1.0
Erb_1865,11,11_apples_tree_sisters_wine,1.0
Erb_1866,1,1_nicholas_saint_blessed_god,0.42480326
Erb_1867,0,0_servant_cat_wreath_horse,0.0
Erb_1868,9,9_wedding_crows_crow_married,0.4087379
Erb_1872,0,0_servant_cat_wreath_horse,0.0
Erb_1873,0,0_servant_cat_wreath_horse,0.0
Erb_1874,9,9_wedding_crows_crow_married,0.8538142
Erb_1875,5,5_matchmaker_vodka_melody_wedding,1.0
Erb_1876,3,3_oxen_gentlemen_peasants_plow,0.5156201
Erb_1877,5,5_matchmaker_vodka_melody_wedding,1.0
Erb_1878,13,13_bake_basket_bells_eggs,0.7807621
Erb_1879,4,4_servants_thousand_soul_book,0.757885
Erb_1882,15,15_bow_fall_sail_singing,1.0
Erb_1883,5,5_matchmaker_vodka_melody_wedding,1.0
Erb_1884,6,6_sparrow_cabbage_pea_chirp,0.3189338
Erb_1887,5,5_matchmaker_vodka_melody_wedding,1.0
Erb_1890,17,17_crooked_tavern_trembles_straight,0.50390345
Erb_1893,18,18_hats_hat_cap_hay,0.6114725
Erb_1894,18,18_hats_hat_cap_hay,0.79625833
Erb_1895,1,1_nicholas_saint_blessed_god,0.52895075
Erb_1896,17,17_crooked_tavern_trembles_straight,1.0
Erb_1897,16,16_wolf_bear_anne_leg,1.0
Erb_1898,11,11_apples_tree_sisters_wine,0.44098327
Erb_1905,3,3_oxen_gentlemen_peasants_plow,0.6695461
Erb_1907,17,17_crooked_tavern_trembles_straight,0.31966153
Erb_1909,4,4_servants_thousand_soul_book,1.0
Erb_1910,3,3_oxen_gentlemen_peasants_plow,0.4408221
Erb_1915,6,6_sparrow_cabbage_pea_chirp,0.38205728
Erb_1917,11,11_apples_tree_sisters_wine,0.6437674
Erb_1918,18,18_hats_hat_cap_hay,0.23760179
Erb_1924,9,9_wedding_crows_crow_married,0.37668046
Erb_1928,3,3_oxen_gentlemen_peasants_plow,0.33966112
Erb_1929,9,9_wedding_crows_crow_married,0.6070505
Erb_1930,7,7_legs_calf_reed_nest,0.34463367
Erb_1931,0,0_servant_cat_wreath_horse,0.0
Erb_1932,12,12_march_thirty_month_june,1.0
Erb_1934,6,6_sparrow_cabbage_pea_chirp,0.33611277
Erb_1940,8,8_june_march_saint_day,0.41592777
Erb_1942,0,0_servant_cat_wreath_horse,0.0
Erb_1943,1,1_nicholas_saint_blessed_god,0.40901706
Erb_1944,15,15_bow_fall_sail_singing,0.5566828
Erb_1945,8,8_june_march_saint_day,0.64014405
Erb_1946,8,8_june_march_saint_day,1.0
Erb_1948,15,15_bow_fall_sail_singing,0.5601651
Erb_1950,0,0_servant_cat_wreath_horse,0.0
Erb_1951,17,17_crooked_tavern_trembles_straight,0.6239336
Erb_1952,1,1_nicholas_saint_blessed_god,0.45384836
Erb_1955,0,0_servant_cat_wreath_horse,0.0
Erb_1957,15,15_bow_fall_sail_singing,1.0
Erb_1958,11,11_apples_tree_sisters_wine,0.95869964
Erb_1959,11,11_apples_tree_sisters_wine,0.3739533
Erb_1967,11,11_apples_tree_sisters_wine,0.29425585
Erb_1968,1,1_nicholas_saint_blessed_god,1.0
Erb_1969,13,13_bake_basket_bells_eggs,0.6928213
Erb_1970,13,13_bake_basket_bells_eggs,1.0
Erb_1972,1,1_nicholas_saint_blessed_god,1.0
Erb_1973,10,10_wheat_barley_rye_pea,0.2902743
Erb_1974,6,6_sparrow_cabbage_pea_chirp,0.80416334
Erb_1978,15,15_bow_fall_sail_singing,0.89572626
Erb_1979,0,0_servant_cat_wreath_horse,0.0
Erb_1980,14,14_herd_dog_tail_turning,0.728777
Erb_1981,0,0_servant_cat_wreath_horse,0.0
Erb_1982,9,9_wedding_crows_crow_married,1.0
Erb_1984,13,13_bake_basket_bells_eggs,0.44805235
Erb_1987,18,18_hats_hat_cap_hay,1.0
Erb_1988,16,16_wolf_bear_anne_leg,1.0
Erb_1989,0,0_servant_cat_wreath_horse,0.0
Erb_1991,0,0_servant_cat_wreath_horse,0.0
Erb_1992,0,0_servant_cat_wreath_horse,0.0
Erb_1993,13,13_bake_basket_bells_eggs,1.0
Erb_1994,0,0_servant_cat_wreath_horse,0.0
Erb_1995,6,6_sparrow_cabbage_pea_chirp,0.6286636
Erb_1997,10,10_wheat_barley_rye_pea,0.77022094
Erb_1999,3,3_oxen_gentlemen_peasants_plow,0.28818634
Erb_2003,3,3_oxen_gentlemen_peasants_plow,1.0
Erb_2004,0,0_servant_cat_wreath_horse,0.0
Erb_2005,11,11_apples_tree_sisters_wine,0.36909306
Erb_2009,9,9_wedding_crows_crow_married,0.6466527
Erb_2013,7,7_legs_calf_reed_nest,0.34549147
Erb_2016,0,0_servant_cat_wreath_horse,0.0
Erb_2017,0,0_servant_cat_wreath_horse,0.0
Erb_2018,13,13_bake_basket_bells_eggs,0.41779357
Erb_2020,18,18_hats_hat_cap_hay,0.5979831
Erb_2022,0,0_servant_cat_wreath_horse,0.0
Erb_2023,0,0_servant_cat_wreath_horse,0.0
Erb_2024,0,0_servant_cat_wreath_horse,0.0
Erb_2025,0,0_servant_cat_wreath_horse,0.0
Erb_2026,0,0_servant_cat_wreath_horse,0.0
Erb_2027,12,12_march_thirty_month_june,0.22707008
Erb_2034,18,18_hats_hat_cap_hay,1.0
Erb_2036,12,12_march_thirty_month_june,0.58710825
Erb_2039,14,14_herd_dog_tail_turning,0.6629472
Erb_2040,9,9_wedding_crows_crow_married,1.0
Erb_2041,17,17_crooked_tavern_trembles_straight,1.0
Erb_2044,9,9_wedding_crows_crow_married,0.49577266
Erb_2048,4,4_servants_thousand_soul_book,0.67185694
Erb_2049,4,4_servants_thousand_soul_book,1.0
Erb_2051,7,7_legs_calf_reed_nest,0.45133746
Erb_2052,12,12_march_thirty_month_june,0.67517346
Erb_2054,3,3_oxen_gentlemen_peasants_plow,1.0
Erb_2055,18,18_hats_hat_cap_hay,0.88605547
Erb_2056,18,18_hats_hat_cap_hay,0.7573727
Erb_2057,18,18_hats_hat_cap_hay,0.50579816
Erb_2058,10,10_wheat_barley_rye_pea,1.0
Erb_2059,18,18_hats_hat_cap_hay,0.72204065
Erb_2060,11,11_apples_tree_sisters_wine,1.0
Erb_2061,10,10_wheat_barley_rye_pea,1.0
Erb_2062,4,4_servants_thousand_soul_book,1.0
Erb_2063,18,18_hats_hat_cap_hay,0.3434839
Erb_2065,18,18_hats_hat_cap_hay,0.558609
Erb_2067,16,16_wolf_bear_anne_leg,0.41907072
Erb_2068,0,0_servant_cat_wreath_horse,0.0
Erb_2069,13,13_bake_basket_bells_eggs,0.26817575
Erb_2070,18,18_hats_hat_cap_hay,1.0
Erb_2072,13,13_bake_basket_bells_eggs,0.2826931
Erb_2074,0,0_servant_cat_wreath_horse,0.0
Erb_2075,15,15_bow_fall_sail_singing,0.7917056
Erb_2077,0,0_servant_cat_wreath_horse,0.0
Erb_2082,0,0_servant_cat_wreath_horse,0.0
Erb_2083,0,0_servant_cat_wreath_horse,0.0
Erb_2084,0,0_servant_cat_wreath_horse,0.0
Erb_2086,5,5_matchmaker_vodka_melody_wedding,0.5819832
Erb_2088,5,5_matchmaker_vodka_melody_wedding,1.0
Erb_2089,0,0_servant_cat_wreath_horse,0.0
Erb_2090,17,17_crooked_tavern_trembles_straight,1.0
Erb_2091,4,4_servants_thousand_soul_book,0.86415285
Erb_2092,5,5_matchmaker_vodka_melody_wedding,0.6146758
Erb_2093,0,0_servant_cat_wreath_horse,0.0
Erb_2095,11,11_apples_tree_sisters_wine,0.28320223
Erb_2097,9,9_wedding_crows_crow_married,0.8066726
Erb_2099,1,1_nicholas_saint_blessed_god,0.4224113
Erb_2100,9,9_wedding_crows_crow_married,0.6443217
Erb_2102,9,9_wedding_crows_crow_married,0.49527135
Erb_2104,9,9_wedding_crows_crow_married,0.6483293
Erb_2106,14,14_herd_dog_tail_turning,0.54352176
Erb_2107,9,9_wedding_crows_crow_married,1.0
Erb_2108,9,9_wedding_crows_crow_married,1.0
Erb_2109,9,9_wedding_crows_crow_married,1.0
Erb_2110,1,1_nicholas_saint_blessed_god,0.5102627
Erb_2112,17,17_crooked_tavern_trembles_straight,1.0
Erb_2113,13,13_bake_basket_bells_eggs,0.46078345
Erb_2114,4,4_servants_thousand_soul_book,1.0
Erb_2116,8,8_june_march_saint_day,0.33028135
Erb_2117,3,3_oxen_gentlemen_peasants_plow,0.45179033
Erb_2119,16,16_wolf_bear_anne_leg,1.0
Erb_2120,16,16_wolf_bear_anne_leg,0.41901782
Erb_2121,3,3_oxen_gentlemen_peasants_plow,0.25916395
Erb_2124,16,16_wolf_bear_anne_leg,0.5867943
Erb_2126,16,16_wolf_bear_anne_leg,0.5380594
Erb_2127,16,16_wolf_bear_anne_leg,0.5441074
Erb_2128,9,9_wedding_crows_crow_married,0.562169
Erb_2130,4,4_servants_thousand_soul_book,0.30559304
Erb_2131,13,13_bake_basket_bells_eggs,0.38445956
Erb_2134,10,10_wheat_barley_rye_pea,0.5101694
Erb_2135,13,13_bake_basket_bells_eggs,0.49710256
Erb_2137,5,5_matchmaker_vodka_melody_wedding,0.53462356
Erb_2138,0,0_servant_cat_wreath_horse,0.0
Erb_2141,9,9_wedding_crows_crow_married,1.0
Erb_2143,9,9_wedding_crows_crow_married,1.0
Erb_2145,9,9_wedding_crows_crow_married,1.0
Erb_2146,5,5_matchmaker_vodka_melody_wedding,0.5047372
Erb_2150,13,13_bake_basket_bells_eggs,0.29648498
Erb_2151,3,3_oxen_gentlemen_peasants_plow,0.48843634
Erb_2153,5,5_matchmaker_vodka_melody_wedding,0.65009797
Erb_2154,7,7_legs_calf_reed_nest,0.5417932
Erb_2159,13,13_bake_basket_bells_eggs,0.52438664
Erb_2160,13,13_bake_basket_bells_eggs,0.5460587
Erb_2163,5,5_matchmaker_vodka_melody_wedding,0.31718683
Erb_2166,6,6_sparrow_cabbage_pea_chirp,0.3260454
Erb_2169,5,5_matchmaker_vodka_melody_wedding,0.47209072
Erb_2170,8,8_june_march_saint_day,0.590003
Erb_2171,9,9_wedding_crows_crow_married,1.0
Erb_2175,6,6_sparrow_cabbage_pea_chirp,0.3525073
Erb_2177,10,10_wheat_barley_rye_pea,0.44209862
Erb_2180,17,17_crooked_tavern_trembles_straight,0.5356261
Erb_2181,1,1_nicholas_saint_blessed_god,1.0
Erb_2182,1,1_nicholas_saint_blessed_god,1.0
Erb_2183,7,7_legs_calf_reed_nest,0.2359291
Erb_2186,2,2_beer_beer drink_drank_eating,0.83867824
Erb_2187,8,8_june_march_saint_day,1.0
Erb_2189,8,8_june_march_saint_day,0.45638177
Erb_2190,2,2_beer_beer drink_drank_eating,0.30747065
Erb_2191,2,2_beer_beer drink_drank_eating,0.36141822
Erb_2192,2,2_beer_beer drink_drank_eating,0.41000384
Erb_2194,3,3_oxen_gentlemen_peasants_plow,0.3871579
Erb_2196,2,2_beer_beer drink_drank_eating,0.6683756
Erb_2197,2,2_beer_beer drink_drank_eating,0.43103385
Erb_2198,2,2_beer_beer drink_drank_eating,0.7667865
Erb_2201,2,2_beer_beer drink_drank_eating,0.3759973
Erb_2203,2,2_beer_beer drink_drank_eating,0.54154164
Erb_2204,2,2_beer_beer drink_drank_eating,0.65702885
Erb_2207,2,2_beer_beer drink_drank_eating,0.4545179
Erb_2208,3,3_oxen_gentlemen_peasants_plow,0.4269922
Erb_2209,0,0_servant_cat_wreath_horse,0.0
Erb_2210,0,0_servant_cat_wreath_horse,0.0
Erb_2211,2,2_beer_beer drink_drank_eating,0.69083613
Erb_2212,2,2_beer_beer drink_drank_eating,0.53431535
Erb_2213,2,2_beer_beer drink_drank_eating,0.42097956
Erb_2215,2,2_beer_beer drink_drank_eating,0.5947227
Erb_2216,2,2_beer_beer drink_drank_eating,1.0
Erb_2217,2,2_beer_beer drink_drank_eating,0.3032479
Erb_2219,2,2_beer_beer drink_drank_eating,0.524946
Erb_2220,2,2_beer_beer drink_drank_eating,0.5284869
Erb_2221,17,17_crooked_tavern_trembles_straight,0.41048414
Erb_2223,8,8_june_march_saint_day,0.83109224
Erb_2224,2,2_beer_beer drink_drank_eating,0.6777403
Erb_2225,6,6_sparrow_cabbage_pea_chirp,0.5182882
Erb_2227,2,2_beer_beer drink_drank_eating,0.6341541
Erb_2228,8,8_june_march_saint_day,0.89374214
Erb_2230,2,2_beer_beer drink_drank_eating,0.46514866
Erb_2231,2,2_beer_beer drink_drank_eating,1.0
Erb_2232,10,10_wheat_barley_rye_pea,1.0
Erb_2233,10,10_wheat_barley_rye_pea,0.3029605
Erb_2234,0,0_servant_cat_wreath_horse,0.0
Erb_2235,11,11_apples_tree_sisters_wine,0.722148
Erb_2238,14,14_herd_dog_tail_turning,0.31696263
Erb_2239,2,2_beer_beer drink_drank_eating,0.22320452
Erb_2240,0,0_servant_cat_wreath_horse,0.0
Erb_2241,13,13_bake_basket_bells_eggs,0.5187864
Erb_2243,2,2_beer_beer drink_drank_eating,0.5347144
Erb_2244,2,2_beer_beer drink_drank_eating,0.2807961
Erb_2245,1,1_nicholas_saint_blessed_god,0.6682669
Erb_2246,17,17_crooked_tavern_trembles_straight,0.26951846
Erb_2248,17,17_crooked_tavern_trembles_straight,0.54221034
Erb_2249,0,0_servant_cat_wreath_horse,0.0
Erb_2250,2,2_beer_beer drink_drank_eating,0.37028196
Erb_2252,2,2_beer_beer drink_drank_eating,0.729235
Erb_2255,15,15_bow_fall_sail_singing,0.2319736
Erb_2256,14,14_herd_dog_tail_turning,0.3678185
Erb_2257,2,2_beer_beer drink_drank_eating,0.29376355
Erb_2260,2,2_beer_beer drink_drank_eating,0.49802774
Erb_2261,2,2_beer_beer drink_drank_eating,0.53920835
Erb_2264,2,2_beer_beer drink_drank_eating,0.77912
Erb_2265,2,2_beer_beer drink_drank_eating,0.74154717
Erb_2266,2,2_beer_beer drink_drank_eating,0.7694054
Erb_2268,3,3_oxen_gentlemen_peasants_plow,0.43633336
Erb_2269,2,2_beer_beer drink_drank_eating,0.7368842
Erb_2270,1,1_nicholas_saint_blessed_god,0.49070337
Erb_2271,1,1_nicholas_saint_blessed_god,0.43980965
Erb_2272,2,2_beer_beer drink_drank_eating,0.4110868
Erb_2276,1,1_nicholas_saint_blessed_god,1.0
Erb_2277,7,7_legs_calf_reed_nest,0.5379355
Erb_2278,14,14_herd_dog_tail_turning,1.0
Erb_2279,2,2_beer_beer drink_drank_eating,1.0
Erb_2280,12,12_march_thirty_month_june,0.393984
Erb_2282,0,0_servant_cat_wreath_horse,0.0
Erb_2283,17,17_crooked_tavern_trembles_straight,0.6530979
Erb_2284,13,13_bake_basket_bells_eggs,1.0
Erb_2285,13,13_bake_basket_bells_eggs,0.44331264
Erb_2286,2,2_beer_beer drink_drank_eating,0.31588608
Erb_2287,2,2_beer_beer drink_drank_eating,0.3337941
Erb_2291,1,1_nicholas_saint_blessed_god,1.0
Erb_2292,8,8_june_march_saint_day,1.0
Erb_2293,4,4_servants_thousand_soul_book,0.44470185
Erb_2296,1,1_nicholas_saint_blessed_god,1.0
Erb_2297,10,10_wheat_barley_rye_pea,0.60036623
Erb_2298,9,9_wedding_crows_crow_married,0.65298414
Erb_2299,15,15_bow_fall_sail_singing,0.6107309
Erb_2300,8,8_june_march_saint_day,0.44490921
Erb_2301,1,1_nicholas_saint_blessed_god,1.0
Erb_2302,0,0_servant_cat_wreath_horse,0.0
Erb_2303,5,5_matchmaker_vodka_melody_wedding,0.71435523
Erb_2305,4,4_servants_thousand_soul_book,1.0
Erb_2306,1,1_nicholas_saint_blessed_god,0.4652065
Erb_2307,0,0_servant_cat_wreath_horse,0.0
Erb_2308,3,3_oxen_gentlemen_peasants_plow,0.6151003
Erb_2309,9,9_wedding_crows_crow_married,0.9692375
Erb_2310,13,13_bake_basket_bells_eggs,1.0
Erb_2312,11,11_apples_tree_sisters_wine,0.6874053
Erb_2313,10,10_wheat_barley_rye_pea,0.424802
Erb_2314,11,11_apples_tree_sisters_wine,1.0
Erb_2315,14,14_herd_dog_tail_turning,0.8967878
Erb_2316,14,14_herd_dog_tail_turning,0.49589536
Erb_2317,14,14_herd_dog_tail_turning,0.78691614
Erb_2318,16,16_wolf_bear_anne_leg,0.31278217
Erb_2319,16,16_wolf_bear_anne_leg,0.6296706
Erb_2320,14,14_herd_dog_tail_turning,0.67265415
Erb_2321,8,8_june_march_saint_day,1.0
Erb_2322,3,3_oxen_gentlemen_peasants_plow,1.0
Erb_2323,13,13_bake_basket_bells_eggs,0.586772
Erb_2324,14,14_herd_dog_tail_turning,0.85354394
Erb_2325,15,15_bow_fall_sail_singing,0.5410454
Erb_2326,6,6_sparrow_cabbage_pea_chirp,1.0
Erb_2327,8,8_june_march_saint_day,0.4033961
Erb_2328,14,14_herd_dog_tail_turning,0.70394635
Erb_2329,7,7_legs_calf_reed_nest,0.3111289
Erb_2330,10,10_wheat_barley_rye_pea,1.0
Erb_2331,1,1_nicholas_saint_blessed_god,0.67726165
Erb_2332,16,16_wolf_bear_anne_leg,0.3819685
Erb_2333,3,3_oxen_gentlemen_peasants_plow,0.6797034
Erb_2334,16,16_wolf_bear_anne_leg,1.0
Erb_2335,13,13_bake_basket_bells_eggs,0.38582236
Erb_2336,16,16_wolf_bear_anne_leg,0.70838714
Erb_2337,11,11_apples_tree_sisters_wine,0.47536394
Erb_2338,11,11_apples_tree_sisters_wine,0.66052496
Erb_2339,13,13_bake_basket_bells_eggs,0.5495591
Erb_2340,8,8_june_march_saint_day,1.0
Erb_2342,7,7_legs_calf_reed_nest,0.47374293
Erb_2344,2,2_beer_beer drink_drank_eating,0.27292565
Erb_2345,9,9_wedding_crows_crow_married,0.5363938
Erb_2346,2,2_beer_beer drink_drank_eating,0.2877075
Erb_2348,15,15_bow_fall_sail_singing,0.75520784
Erb_2349,14,14_herd_dog_tail_turning,0.66707206
Erb_2350,15,15_bow_fall_sail_singing,0.41497925
Erb_2352,17,17_crooked_tavern_trembles_straight,0.28276855
Erb_2355,7,7_legs_calf_reed_nest,0.41211843
Erb_2356,1,1_nicholas_saint_blessed_god,1.0
Erb_2358,6,6_sparrow_cabbage_pea_chirp,1.0
Erb_2359,3,3_oxen_gentlemen_peasants_plow,0.5624289
Erb_2361,6,6_sparrow_cabbage_pea_chirp,0.44865707
Erb_2362,14,14_herd_dog_tail_turning,0.32038954
Erb_2363,14,14_herd_dog_tail_turning,0.26310903
Erb_2364,5,5_matchmaker_vodka_melody_wedding,0.50991124
Erb_2366,3,3_oxen_gentlemen_peasants_plow,1.0
Erb_2367,0,0_servant_cat_wreath_horse,0.0
Erb_2368,5,5_matchmaker_vodka_melody_wedding,0.5179045
Erb_2369,3,3_oxen_gentlemen_peasants_plow,0.60349417
Erb_2370,5,5_matchmaker_vodka_melody_wedding,0.59741974
Erb_2372,14,14_herd_dog_tail_turning,0.6712782
Erb_2373,13,13_bake_basket_bells_eggs,1.0
Erb_2374,4,4_servants_thousand_soul_book,0.84385127
Erb_2375,6,6_sparrow_cabbage_pea_chirp,0.8281261
Erb_2376,0,0_servant_cat_wreath_horse,0.0
Erb_2378,0,0_servant_cat_wreath_horse,0.0
Erb_2379,0,0_servant_cat_wreath_horse,0.0
Erb_2380,6,6_sparrow_cabbage_pea_chirp,0.56497705
Erb_2384,6,6_sparrow_cabbage_pea_chirp,0.3098627
Erb_2387,13,13_bake_basket_bells_eggs,0.33830237
Erb_2389,13,13_bake_basket_bells_eggs,1.0
Erb_2390,14,14_herd_dog_tail_turning,0.6095572
Erb_2391,15,15_bow_fall_sail_singing,0.6680694
Erb_2392,12,12_march_thirty_month_june,1.0
Erb_2394,9,9_wedding_crows_crow_married,0.78715
Erb_2397,7,7_legs_calf_reed_nest,0.25658333
Erb_2402,9,9_wedding_crows_crow_married,1.0
Erb_2403,10,10_wheat_barley_rye_pea,1.0
Erb_2404,3,3_oxen_gentlemen_peasants_plow,0.4709381
Erb_2405,2,2_beer_beer drink_drank_eating,0.81251895
Erb_2406,0,0_servant_cat_wreath_horse,0.0
Erb_2407,0,0_servant_cat_wreath_horse,0.0
Erb_2408,4,4_servants_thousand_soul_book,0.46317643
Erb_2409,5,5_matchmaker_vodka_melody_wedding,1.0
Erb_2410,5,5_matchmaker_vodka_melody_wedding,1.0
Erb_2412,0,0_servant_cat_wreath_horse,0.0
Erb_2413,5,5_matchmaker_vodka_melody_wedding,0.49812117
Erb_2414,4,4_servants_thousand_soul_book,0.46055797
Erb_2415,5,5_matchmaker_vodka_melody_wedding,1.0
Erb_2416,17,17_crooked_tavern_trembles_straight,0.66022426
Erb_2417,18,18_hats_hat_cap_hay,0.7411278
Erb_2418,3,3_oxen_gentlemen_peasants_plow,0.35993803
Erb_2419,5,5_matchmaker_vodka_melody_wedding,1.0
Erb_2420,7,7_legs_calf_reed_nest,0.64458275
Erb_2422,3,3_oxen_gentlemen_peasants_plow,0.58786356
Erb_2423,5,5_matchmaker_vodka_melody_wedding,1.0
Erb_2426,8,8_june_march_saint_day,0.6714551
Erb_2427,10,10_wheat_barley_rye_pea,0.50580144
Erb_2429,0,0_servant_cat_wreath_horse,0.0
Erb_2430,0,0_servant_cat_wreath_horse,0.0
Erb_2431,9,9_wedding_crows_crow_married,0.8392988
Erb_2432,8,8_june_march_saint_day,0.34272084
Erb_2434,14,14_herd_dog_tail_turning,1.0
Erb_2435,1,1_nicholas_saint_blessed_god,0.8711921
Erb_2436,6,6_sparrow_cabbage_pea_chirp,0.3635085
Erb_2437,14,14_herd_dog_tail_turning,0.54308224
Erb_2438,6,6_sparrow_cabbage_pea_chirp,0.537802
Erb_2439,11,11_apples_tree_sisters_wine,0.676777
Erb_2441,3,3_oxen_gentlemen_peasants_plow,0.44709995
Erb_2442,11,11_apples_tree_sisters_wine,0.3776012
Erb_2443,6,6_sparrow_cabbage_pea_chirp,1.0
Erb_2444,10,10_wheat_barley_rye_pea,0.58518445
Erb_2446,14,14_herd_dog_tail_turning,0.26847956
Erb_2447,0,0_servant_cat_wreath_horse,0.0
Erb_2450,11,11_apples_tree_sisters_wine,1.0
Erb_2451,5,5_matchmaker_vodka_melody_wedding,1.0
Erb_2452,14,14_herd_dog_tail_turning,0.457797
Erb_2453,6,6_sparrow_cabbage_pea_chirp,0.35732734
Erb_2455,15,15_bow_fall_sail_singing,0.6188743
Erb_2456,5,5_matchmaker_vodka_melody_wedding,0.8393775
Erb_2457,11,11_apples_tree_sisters_wine,0.5533553
Erb_2459,14,14_herd_dog_tail_turning,1.0
Erb_2460,8,8_june_march_saint_day,1.0
Erb_2461,13,13_bake_basket_bells_eggs,1.0
Erb_2463,9,9_wedding_crows_crow_married,0.49914116
Erb_2466,15,15_bow_fall_sail_singing,0.39313
Erb_2468,5,5_matchmaker_vodka_melody_wedding,0.5488125
Erb_2470,13,13_bake_basket_bells_eggs,0.4394105
Erb_2471,9,9_wedding_crows_crow_married,0.49808908
Erb_2473,9,9_wedding_crows_crow_married,0.32762873
Erb_2476,18,18_hats_hat_cap_hay,0.5735921
Erb_2477,4,4_servants_thousand_soul_book,1.0
Erb_2478,6,6_sparrow_cabbage_pea_chirp,1.0
Erb_2479,4,4_servants_thousand_soul_book,1.0
Erb_2480,0,0_servant_cat_wreath_horse,0.0
Erb_2481,15,15_bow_fall_sail_singing,1.0
Erb_2482,15,15_bow_fall_sail_singing,1.0
Erb_2483,14,14_herd_dog_tail_turning,0.4509301
Erb_2484,1,1_nicholas_saint_blessed_god,0.34473768
Erb_2488,1,1_nicholas_saint_blessed_god,1.0
Erb_2490,5,5_matchmaker_vodka_melody_wedding,0.54177594
Erb_2493,0,0_servant_cat_wreath_horse,0.0
Erb_2494,14,14_herd_dog_tail_turning,0.6369242
Erb_2495,12,12_march_thirty_month_june,0.39034218
Erb_2496,4,4_servants_thousand_soul_book,0.41763636
Erb_2497,0,0_servant_cat_wreath_horse,0.0
Erb_2498,4,4_servants_thousand_soul_book,0.6130346
Erb_2499,0,0_servant_cat_wreath_horse,0.0
Erb_2500,2,2_beer_beer drink_drank_eating,0.41868335
Erb_2501,0,0_servant_cat_wreath_horse,0.0
Erb_2502,0,0_servant_cat_wreath_horse,0.0
Erb_2503,6,6_sparrow_cabbage_pea_chirp,0.33552969
Erb_2504,14,14_herd_dog_tail_turning,0.5516063
Erb_2506,1,1_nicholas_saint_blessed_god,0.5965755
Erb_2507,10,10_wheat_barley_rye_pea,0.53215575
Erb_2508,13,13_bake_basket_bells_eggs,1.0
Erb_2509,13,13_bake_basket_bells_eggs,1.0
Erb_2510,10,10_wheat_barley_rye_pea,0.520721
Erb_2511,14,14_herd_dog_tail_turning,0.44523898
Erb_2513,4,4_servants_thousand_soul_book,0.31480464
Erb_2516,16,16_wolf_bear_anne_leg,0.48007932
Erb_2517,5,5_matchmaker_vodka_melody_wedding,0.5346873
Erb_2518,14,14_herd_dog_tail_turning,0.8418594
Erb_2519,8,8_june_march_saint_day,0.8117779
Erb_2520,15,15_bow_fall_sail_singing,0.6123335
Erb_2521,14,14_herd_dog_tail_turning,0.63421595
Erb_2522,8,8_june_march_saint_day,0.5497292
Erb_2523,14,14_herd_dog_tail_turning,0.78097695
Erb_2526,0,0_servant_cat_wreath_horse,0.0
Erb_2529,5,5_matchmaker_vodka_melody_wedding,0.44123894
Erb_2530,12,12_march_thirty_month_june,0.81597555
Erb_2532,1,1_nicholas_saint_blessed_god,1.0
Erb_2535,10,10_wheat_barley_rye_pea,0.39015657
Erb_2536,0,0_servant_cat_wreath_horse,0.0
Erb_2537,6,6_sparrow_cabbage_pea_chirp,0.4249748
Erb_2540,10,10_wheat_barley_rye_pea,1.0
Erb_2541,12,12_march_thirty_month_june,0.67123115
Erb_2543,2,2_beer_beer drink_drank_eating,0.6929345
Erb_2544,12,12_march_thirty_month_june,0.7140333
Erb_2545,0,0_servant_cat_wreath_horse,0.0
Erb_2546,0,0_servant_cat_wreath_horse,0.0
Erb_2547,11,11_apples_tree_sisters_wine,0.51185435
Erb_2548,3,3_oxen_gentlemen_peasants_plow,0.43177858
Erb_2550,12,12_march_thirty_month_june,1.0
Erb_2551,14,14_herd_dog_tail_turning,0.77691567
Erb_2552,3,3_oxen_gentlemen_peasants_plow,0.39218882
Erb_2553,3,3_oxen_gentlemen_peasants_plow,0.61286724
Erb_2555,6,6_sparrow_cabbage_pea_chirp,1.0
Erb_2556,9,9_wedding_crows_crow_married,0.30493575
Erb_2558,3,3_oxen_gentlemen_peasants_plow,0.8630642
Erb_2559,3,3_oxen_gentlemen_peasants_plow,0.55708826
Erb_2560,11,11_apples_tree_sisters_wine,0.488928
Erb_2561,7,7_legs_calf_reed_nest,0.4013989
Erb_2562,0,0_servant_cat_wreath_horse,0.0
Erb_2563,6,6_sparrow_cabbage_pea_chirp,1.0
Erb_2564,3,3_oxen_gentlemen_peasants_plow,0.49436715
Erb_2565,6,6_sparrow_cabbage_pea_chirp,0.7059463
Erb_2566,3,3_oxen_gentlemen_peasants_plow,0.25399593
Erb_2567,10,10_wheat_barley_rye_pea,1.0
Erb_2568,0,0_servant_cat_wreath_horse,0.0
Erb_2569,6,6_sparrow_cabbage_pea_chirp,1.0
Erb_2570,0,0_servant_cat_wreath_horse,0.0
Erb_2571,0,0_servant_cat_wreath_horse,0.0
Erb_2572,9,9_wedding_crows_crow_married,0.56365156
Erb_2573,5,5_matchmaker_vodka_melody_wedding,0.5792279
Erb_2574,0,0_servant_cat_wreath_horse,0.0
Erb_2576,15,15_bow_fall_sail_singing,0.23859152
Erb_2577,12,12_march_thirty_month_june,0.3898787
Erb_2579,12,12_march_thirty_month_june,1.0
Erb_2580,13,13_bake_basket_bells_eggs,1.0
Erb_2581,0,0_servant_cat_wreath_horse,0.0
Erb_2582,10,10_wheat_barley_rye_pea,0.4474873
Erb_2583,13,13_bake_basket_bells_eggs,1.0
Erb_2584,3,3_oxen_gentlemen_peasants_plow,0.6345261
Erb_2585,0,0_servant_cat_wreath_horse,0.0
Erb_2586,0,0_servant_cat_wreath_horse,0.0
Erb_2587,7,7_legs_calf_reed_nest,0.3916249
Erb_2589,14,14_herd_dog_tail_turning,0.64625025
Erb_2590,7,7_legs_calf_reed_nest,0.30175167
Erb_2591,18,18_hats_hat_cap_hay,0.34954184
Erb_2592,11,11_apples_tree_sisters_wine,1.0
Erb_2593,9,9_wedding_crows_crow_married,0.814361
Erb_2594,9,9_wedding_crows_crow_married,0.6175257
Erb_2596,0,0_servant_cat_wreath_horse,0.0
Erb_2599,16,16_wolf_bear_anne_leg,1.0
Erb_2601,13,13_bake_basket_bells_eggs,0.582711
Erb_2602,9,9_wedding_crows_crow_married,0.46537164
Erb_2603,11,11_apples_tree_sisters_wine,0.5778784
Erb_2604,14,14_herd_dog_tail_turning,0.5430187
Erb_2605,8,8_june_march_saint_day,0.38350156
Erb_2606,7,7_legs_calf_reed_nest,0.24537319
Erb_2607,3,3_oxen_gentlemen_peasants_plow,0.62187004
Erb_2609,14,14_herd_dog_tail_turning,0.8306513
Erb_2610,14,14_herd_dog_tail_turning,0.66745764
Erb_2612,6,6_sparrow_cabbage_pea_chirp,0.78855926
Erb_2613,11,11_apples_tree_sisters_wine,0.6900044
Erb_2614,11,11_apples_tree_sisters_wine,0.7084678
Erb_2615,12,12_march_thirty_month_june,0.71637875
Erb_2616,0,0_servant_cat_wreath_horse,0.0
Erb_2618,13,13_bake_basket_bells_eggs,0.5106198
Erb_2620,1,1_nicholas_saint_blessed_god,1.0
Erb_2622,10,10_wheat_barley_rye_pea,0.7883595
Erb_2623,8,8_june_march_saint_day,0.28443694
Erb_2624,6,6_sparrow_cabbage_pea_chirp,0.5689208
Erb_2625,15,15_bow_fall_sail_singing,1.0
Erb_2626,10,10_wheat_barley_rye_pea,0.28614777
Erb_2627,4,4_servants_thousand_soul_book,0.8046258
Erb_2628,18,18_hats_hat_cap_hay,1.0
Erb_2630,11,11_apples_tree_sisters_wine,1.0
Erb_2631,7,7_legs_calf_reed_nest,0.6649474
Erb_2632,14,14_herd_dog_tail_turning,0.53621924
Erb_2633,14,14_herd_dog_tail_turning,0.6357481
Erb_2634,10,10_wheat_barley_rye_pea,0.84494036
Erb_2635,14,14_herd_dog_tail_turning,1.0
Erb_2636,4,4_servants_thousand_soul_book,0.8147761
Erb_2638,6,6_sparrow_cabbage_pea_chirp,0.7781444
Erb_2639,6,6_sparrow_cabbage_pea_chirp,1.0
Erb_2641,11,11_apples_tree_sisters_wine,1.0
Erb_2642,2,2_beer_beer drink_drank_eating,0.7955419
Erb_2643,0,0_servant_cat_wreath_horse,0.0
Erb_2644,13,13_bake_basket_bells_eggs,0.27867365
Erb_2645,7,7_legs_calf_reed_nest,0.25118113
Erb_2646,8,8_june_march_saint_day,0.22678463
Erb_2647,0,0_servant_cat_wreath_horse,0.0
Erb_2648,5,5_matchmaker_vodka_melody_wedding,0.45915565
Erb_2649,8,8_june_march_saint_day,1.0
Erb_2650,0,0_servant_cat_wreath_horse,0.0
Erb_2652,4,4_servants_thousand_soul_book,1.0
Erb_2653,16,16_wolf_bear_anne_leg,1.0
Erb_2654,3,3_oxen_gentlemen_peasants_plow,0.53799456
Erb_2657,13,13_bake_basket_bells_eggs,1.0
Erb_2658,0,0_servant_cat_wreath_horse,0.0
Erb_2659,0,0_servant_cat_wreath_horse,0.0
Erb_2660,11,11_apples_tree_sisters_wine,0.73299503
Erb_2661,5,5_matchmaker_vodka_melody_wedding,1.0
Erb_2663,0,0_servant_cat_wreath_horse,0.0
Erb_2664,5,5_matchmaker_vodka_melody_wedding,0.35786548
Erb_2665,7,7_legs_calf_reed_nest,0.32151878
Erb_2666,8,8_june_march_saint_day,0.33507845
Erb_2668,2,2_beer_beer drink_drank_eating,1.0
Erb_2669,0,0_servant_cat_wreath_horse,0.0
Erb_2670,13,13_bake_basket_bells_eggs,1.0
Erb_2671,10,10_wheat_barley_rye_pea,0.4291269
Erb_2672,0,0_servant_cat_wreath_horse,0.0
Erb_2673,6,6_sparrow_cabbage_pea_chirp,0.6949089
Erb_2674,6,6_sparrow_cabbage_pea_chirp,0.5143446
Erb_2675,4,4_servants_thousand_soul_book,0.5070532
Erb_2676,6,6_sparrow_cabbage_pea_chirp,0.54407775
Erb_2677,2,2_beer_beer drink_drank_eating,0.36524928
Erb_2678,8,8_june_march_saint_day,1.0
Erb_2679,15,15_bow_fall_sail_singing,0.39455083
Erb_2681,13,13_bake_basket_bells_eggs,0.5221622
Erb_2683,13,13_bake_basket_bells_eggs,1.0
Erb_2684,13,13_bake_basket_bells_eggs,0.32464257
Erb_2685,17,17_crooked_tavern_trembles_straight,1.0
Erb_2686,16,16_wolf_bear_anne_leg,0.5648131
Erb_2687,5,5_matchmaker_vodka_melody_wedding,0.42166334
Erb_2688,8,8_june_march_saint_day,0.5664124
Erb_2689,6,6_sparrow_cabbage_pea_chirp,0.57034975
Erb_2690,0,0_servant_cat_wreath_horse,0.0
Erb_2691,13,13_bake_basket_bells_eggs,0.4560662
Erb_2692,11,11_apples_tree_sisters_wine,1.0
Erb_2694,18,18_hats_hat_cap_hay,1.0
Erb_2695,0,0_servant_cat_wreath_horse,0.0
Erb_2696,9,9_wedding_crows_crow_married,0.6768811
Erb_2697,14,14_herd_dog_tail_turning,0.7256301
Erb_2698,14,14_herd_dog_tail_turning,1.0
Erb_2699,7,7_legs_calf_reed_nest,1.0
Erb_2700,0,0_servant_cat_wreath_horse,0.0
Erb_2702,14,14_herd_dog_tail_turning,1.0
Erb_2705,3,3_oxen_gentlemen_peasants_plow,0.3372661
Erb_2706,8,8_june_march_saint_day,0.5815102
Erb_2707,0,0_servant_cat_wreath_horse,0.0
Erb_2708,13,13_bake_basket_bells_eggs,0.7415936
Erb_2710,1,1_nicholas_saint_blessed_god,0.26757714
Erb_2713,16,16_wolf_bear_anne_leg,0.56633687
Erb_2714,0,0_servant_cat_wreath_horse,0.0
Erb_2715,11,11_apples_tree_sisters_wine,0.22929887
Erb_2717,12,12_march_thirty_month_june,0.68249476
Erb_2718,2,2_beer_beer drink_drank_eating,1.0
Erb_2719,8,8_june_march_saint_day,0.51895285
Erb_2723,14,14_herd_dog_tail_turning,0.4306824
Erb_2725,0,0_servant_cat_wreath_horse,0.0
Erb_2726,2,2_beer_beer drink_drank_eating,1.0
Erb_2731,1,1_nicholas_saint_blessed_god,1.0
Erb_2732,9,9_wedding_crows_crow_married,0.5205413
Erb_2734,1,1_nicholas_saint_blessed_god,1.0
Erb_2736,10,10_wheat_barley_rye_pea,0.5644307
Erb_2737,18,18_hats_hat_cap_hay,0.3204005
Erb_2739,3,3_oxen_gentlemen_peasants_plow,0.2525978
Erb_2750,15,15_bow_fall_sail_singing,0.44636458
Erb_2752,8,8_june_march_saint_day,1.0
Erb_2753,13,13_bake_basket_bells_eggs,0.582711
Erb_2754,3,3_oxen_gentlemen_peasants_plow,1.0
Erb_2757,0,0_servant_cat_wreath_horse,0.0
Erb_2758,10,10_wheat_barley_rye_pea,0.7600802
Erb_2759,2,2_beer_beer drink_drank_eating,1.0
Erb_2762,12,12_march_thirty_month_june,0.48307326
Erb_2764,11,11_apples_tree_sisters_wine,1.0
Erb_2765,6,6_sparrow_cabbage_pea_chirp,0.5327649
Erb_2766,15,15_bow_fall_sail_singing,0.60849166
Erb_2768,0,0_servant_cat_wreath_horse,0.0
Erb_2769,0,0_servant_cat_wreath_horse,0.0
Erb_2770,6,6_sparrow_cabbage_pea_chirp,1.0
Erb_2771,15,15_bow_fall_sail_singing,0.39448893
Erb_2773,1,1_nicholas_saint_blessed_god,0.29766104
Erb_2776,11,11_apples_tree_sisters_wine,0.43101573
Erb_2777,10,10_wheat_barley_rye_pea,0.30540112
Erb_2778,16,16_wolf_bear_anne_leg,0.4824278
Erb_2779,12,12_march_thirty_month_june,0.67281735
Erb_2780,12,12_march_thirty_month_june,0.34537265
Erb_2781,15,15_bow_fall_sail_singing,0.21498863
Erb_2783,3,3_oxen_gentlemen_peasants_plow,0.34069824
Erb_2784,8,8_june_march_saint_day,0.4799262
Erb_2788,0,0_servant_cat_wreath_horse,0.0
Erb_2789,8,8_june_march_saint_day,0.52944493
Erb_2791,7,7_legs_calf_reed_nest,0.2518395
Erb_2794,0,0_servant_cat_wreath_horse,0.0
Erb_2795,13,13_bake_basket_bells_eggs,0.69892293
Erb_2796,1,1_nicholas_saint_blessed_god,0.47612238
Erb_2798,7,7_legs_calf_reed_nest,0.67406666
Erb_2799,13,13_bake_basket_bells_eggs,0.41630906
Erb_2801,5,5_matchmaker_vodka_melody_wedding,1.0
Erb_2802,12,12_march_thirty_month_june,1.0
Erb_2804,13,13_bake_basket_bells_eggs,0.36244717
Erb_2806,11,11_apples_tree_sisters_wine,0.37880677
Erb_2807,6,6_sparrow_cabbage_pea_chirp,0.2769345
Erb_2810,0,0_servant_cat_wreath_horse,0.0
Erb_2811,1,1_nicholas_saint_blessed_god,0.35526627
Erb_2812,11,11_apples_tree_sisters_wine,1.0
Erb_2813,14,14_herd_dog_tail_turning,0.48711017
Erb_2816,10,10_wheat_barley_rye_pea,0.6359645
Erb_2817,6,6_sparrow_cabbage_pea_chirp,1.0
Erb_2818,5,5_matchmaker_vodka_melody_wedding,1.0
Erb_2819,6,6_sparrow_cabbage_pea_chirp,1.0
Erb_2820,6,6_sparrow_cabbage_pea_chirp,1.0
Erb_2822,8,8_june_march_saint_day,0.5778809
Erb_2824,13,13_bake_basket_bells_eggs,0.78938556
Erb_2827,1,1_nicholas_saint_blessed_god,0.2213521
Erb_2828,12,12_march_thirty_month_june,0.4672724
Erb_2830,0,0_servant_cat_wreath_horse,0.0
Erb_2831,1,1_nicholas_saint_blessed_god,0.4013685
Erb_2833,8,8_june_march_saint_day,0.30092603
Erb_2834,3,3_oxen_gentlemen_peasants_plow,0.45790502
Erb_2835,7,7_legs_calf_reed_nest,0.75648814
Erb_2836,7,7_legs_calf_reed_nest,0.44525847
Erb_2837,5,5_matchmaker_vodka_melody_wedding,0.27681664
Erb_2839,11,11_apples_tree_sisters_wine,1.0
Erb_2841,15,15_bow_fall_sail_singing,0.7935692
Erb_2842,17,17_crooked_tavern_trembles_straight,1.0
Erb_2843,8,8_june_march_saint_day,0.3317308
Erb_2844,0,0_servant_cat_wreath_horse,0.0
Erb_2845,9,9_wedding_crows_crow_married,0.8574544
Erb_2846,10,10_wheat_barley_rye_pea,0.550049
Erb_2847,5,5_matchmaker_vodka_melody_wedding,0.80042106
Erb_2848,15,15_bow_fall_sail_singing,0.5126199
Erb_2850,9,9_wedding_crows_crow_married,1.0
Erb_2851,6,6_sparrow_cabbage_pea_chirp,1.0
Erb_2852,0,0_servant_cat_wreath_horse,0.0
Erb_2853,0,0_servant_cat_wreath_horse,0.0
Erb_2854,4,4_servants_thousand_soul_book,0.58841145
Erb_2855,16,16_wolf_bear_anne_leg,1.0
Erb_2858,13,13_bake_basket_bells_eggs,0.5090623
Erb_2860,11,11_apples_tree_sisters_wine,0.5339542
Erb_2861,6,6_sparrow_cabbage_pea_chirp,0.8607725
Erb_2864,15,15_bow_fall_sail_singing,0.52170736
Erb_2866,8,8_june_march_saint_day,0.37740955
Erb_2868,6,6_sparrow_cabbage_pea_chirp,1.0
Erb_2869,6,6_sparrow_cabbage_pea_chirp,0.8571185
Erb_2870,6,6_sparrow_cabbage_pea_chirp,0.6396107
Erb_2871,3,3_oxen_gentlemen_peasants_plow,1.0
Erb_2872,13,13_bake_basket_bells_eggs,0.504234
Erb_2873,13,13_bake_basket_bells_eggs,0.51001257
Erb_2874,18,18_hats_hat_cap_hay,0.67584306
Erb_2877,9,9_wedding_crows_crow_married,0.62638015
Erb_2878,4,4_servants_thousand_soul_book,0.56124663
Erb_2879,0,0_servant_cat_wreath_horse,0.0
Erb_2881,9,9_wedding_crows_crow_married,1.0
Erb_2884,1,1_nicholas_saint_blessed_god,1.0
Erb_2885,0,0_servant_cat_wreath_horse,0.0
Erb_2886,15,15_bow_fall_sail_singing,0.5126457
Erb_2887,18,18_hats_hat_cap_hay,0.18717551
Erb_2888,12,12_march_thirty_month_june,0.4683553
Erb_2889,9,9_wedding_crows_crow_married,1.0
Erb_2890,13,13_bake_basket_bells_eggs,0.42452073
Erb_2893,12,12_march_thirty_month_june,0.26943
Erb_2894,18,18_hats_hat_cap_hay,0.48214555
Erb_2896,9,9_wedding_crows_crow_married,1.0
Erb_2897,12,12_march_thirty_month_june,0.60343194
Erb_2898,15,15_bow_fall_sail_singing,0.35951427
Erb_2900,11,11_apples_tree_sisters_wine,0.29210648
THB_11,5,5_matchmaker_vodka_melody_wedding,0.40842828
THB_12,9,9_wedding_crows_crow_married,0.451969
THB_13,9,9_wedding_crows_crow_married,0.34504288
THB_14,11,11_apples_tree_sisters_wine,0.5509624
THB_15,15,15_bow_fall_sail_singing,0.34619328
THB_16,15,15_bow_fall_sail_singing,0.5556461
THB_17,12,12_march_thirty_month_june,1.0
THB_18,2,2_beer_beer drink_drank_eating,0.5220809
THB_19,6,6_sparrow_cabbage_pea_chirp,0.70070577
THB_20,18,18_hats_hat_cap_hay,0.5654472
THB_22,11,11_apples_tree_sisters_wine,0.6188813
THB_23,16,16_wolf_bear_anne_leg,0.63882196
THB_24,17,17_crooked_tavern_trembles_straight,0.25495163
THB_25,16,16_wolf_bear_anne_leg,1.0
THB_26,11,11_apples_tree_sisters_wine,0.50977176
THB_27,8,8_june_march_saint_day,0.34117493
THB_28,18,18_hats_hat_cap_hay,0.8400651
THB_29,2,2_beer_beer drink_drank_eating,0.27671134
THB_30,0,0_servant_cat_wreath_horse,0.0
THB_31,3,3_oxen_gentlemen_peasants_plow,0.4185608
THB_32,11,11_apples_tree_sisters_wine,0.4434184
THB_33,7,7_legs_calf_reed_nest,0.44107112
THB_34,14,14_herd_dog_tail_turning,0.51654613
THB_35,11,11_apples_tree_sisters_wine,0.7540795
THB_36,11,11_apples_tree_sisters_wine,0.36994746
THB_37,0,0_servant_cat_wreath_horse,0.0
THB_38,8,8_june_march_saint_day,0.6040859
THB_39,5,5_matchmaker_vodka_melody_wedding,0.52564615
THB_40,4,4_servants_thousand_soul_book,0.21723594
THB_41,10,10_wheat_barley_rye_pea,0.36943823
THB_42,11,11_apples_tree_sisters_wine,0.6519833
THB_43,0,0_servant_cat_wreath_horse,0.0
THB_44,4,4_servants_thousand_soul_book,0.5043294
THB_46,3,3_oxen_gentlemen_peasants_plow,0.23767103
THB_47,0,0_servant_cat_wreath_horse,0.0
THB_48,9,9_wedding_crows_crow_married,0.3204483
THB_49,13,13_bake_basket_bells_eggs,0.36432105
THB_50,2,2_beer_beer drink_drank_eating,0.43194258
THB_51,16,16_wolf_bear_anne_leg,1.0
THB_52,10,10_wheat_barley_rye_pea,0.79757434
THB_53,14,14_herd_dog_tail_turning,0.29642087
THB_54,17,17_crooked_tavern_trembles_straight,1.0
THB_55,18,18_hats_hat_cap_hay,0.4308156
THB_56,5,5_matchmaker_vodka_melody_wedding,0.18612528
THB_57,7,7_legs_calf_reed_nest,0.355137
THB_58,14,14_herd_dog_tail_turning,0.7337784
THB_60,6,6_sparrow_cabbage_pea_chirp,0.21398506
THB_61,6,6_sparrow_cabbage_pea_chirp,1.0
THB_62,13,13_bake_basket_bells_eggs,0.58486986
THB_64,13,13_bake_basket_bells_eggs,0.58532345
THB_65,5,5_matchmaker_vodka_melody_wedding,1.0
THB_66,7,7_legs_calf_reed_nest,0.4317785
THB_67,0,0_servant_cat_wreath_horse,0.0
THB_68,5,5_matchmaker_vodka_melody_wedding,0.29830936
THB_69,6,6_sparrow_cabbage_pea_chirp,1.0
THB_70,1,1_nicholas_saint_blessed_god,0.7263344
THB_71,10,10_wheat_barley_rye_pea,0.5192958
THB_72,9,9_wedding_crows_crow_married,0.479537
THB_93,14,14_herd_dog_tail_turning,0.63358426
THB_94,5,5_matchmaker_vodka_melody_wedding,0.27735978
THB_95,0,0_servant_cat_wreath_horse,0.0
THB_96,6,6_sparrow_cabbage_pea_chirp,0.3609285
THB_97,12,12_march_thirty_month_june,0.3424418
THB_98,7,7_legs_calf_reed_nest,0.35226247
THB_99,3,3_oxen_gentlemen_peasants_plow,0.51757854
THB_100,0,0_servant_cat_wreath_horse,0.0
THB_101,8,8_june_march_saint_day,0.69734144
THB_102,13,13_bake_basket_bells_eggs,0.52438664
THB_103,11,11_apples_tree_sisters_wine,0.3030734
THB_104,11,11_apples_tree_sisters_wine,1.0
THB_105,14,14_herd_dog_tail_turning,0.2604722
THB_137,0,0_servant_cat_wreath_horse,0.0
THB_138,11,11_apples_tree_sisters_wine,0.3187877
THB_139,11,11_apples_tree_sisters_wine,0.25443053
THB_140,13,13_bake_basket_bells_eggs,0.6431329
THB_141,13,13_bake_basket_bells_eggs,0.39689445
THB_142,10,10_wheat_barley_rye_pea,0.19954203
THB_143,2,2_beer_beer drink_drank_eating,1.0
THB_144,7,7_legs_calf_reed_nest,0.4505981
THB_145,7,7_legs_calf_reed_nest,0.4029822
THB_146,1,1_nicholas_saint_blessed_god,0.3014133
Pod_0,8,8_june_march_saint_day,0.9147775
Pod_1,8,8_june_march_saint_day,1.0
Pod_2,8,8_june_march_saint_day,1.0
Pod_3,15,15_bow_fall_sail_singing,0.29520398
Pod_4,8,8_june_march_saint_day,0.49573934
Pod_5,0,0_servant_cat_wreath_horse,0.0
Pod_6,16,16_wolf_bear_anne_leg,0.59969777
Pod_7,16,16_wolf_bear_anne_leg,0.59969777
Pod_8,9,9_wedding_crows_crow_married,0.85188943
Pod_10,5,5_matchmaker_vodka_melody_wedding,1.0
Pod_11,0,0_servant_cat_wreath_horse,0.0
Pod_12,17,17_crooked_tavern_trembles_straight,0.8096153
Pod_13,13,13_bake_basket_bells_eggs,0.60001594
Pod_14,14,14_herd_dog_tail_turning,0.42094132
Pod_15,14,14_herd_dog_tail_turning,1.0
Pod_16,4,4_servants_thousand_soul_book,0.4061761
Pod_17,8,8_june_march_saint_day,0.43542442
Pod_18,11,11_apples_tree_sisters_wine,1.0
Pod_19,5,5_matchmaker_vodka_melody_wedding,0.6316279
Pod_20,13,13_bake_basket_bells_eggs,0.59316957
Pod_21,0,0_servant_cat_wreath_horse,0.0
Pod_23,4,4_servants_thousand_soul_book,0.80927736
Pod_24,1,1_nicholas_saint_blessed_god,1.0
Pod_25,15,15_bow_fall_sail_singing,0.28982496
Pod_26,8,8_june_march_saint_day,1.0
Pod_27,8,8_june_march_saint_day,0.3778934
Pod_28,0,0_servant_cat_wreath_horse,0.0
Pod_29,17,17_crooked_tavern_trembles_straight,1.0
Pod_30,4,4_servants_thousand_soul_book,0.6334902
Pod_31,14,14_herd_dog_tail_turning,1.0
Pod_32,15,15_bow_fall_sail_singing,0.34918705
Pod_33,15,15_bow_fall_sail_singing,0.8919708
Pod_34,16,16_wolf_bear_anne_leg,0.2949483
Pod_35,14,14_herd_dog_tail_turning,0.46188432
Pod_36,16,16_wolf_bear_anne_leg,0.27394563
Pod_37,9,9_wedding_crows_crow_married,0.6992395
Pod_38,6,6_sparrow_cabbage_pea_chirp,0.42469993
Pod_39,4,4_servants_thousand_soul_book,0.32632524
Pod_40,7,7_legs_calf_reed_nest,0.6082908
Pod_41,6,6_sparrow_cabbage_pea_chirp,0.6958209
Pod_42,18,18_hats_hat_cap_hay,0.6363189
Pod_43,7,7_legs_calf_reed_nest,0.64169955
Pod_44,9,9_wedding_crows_crow_married,0.55784017
Pod_45,7,7_legs_calf_reed_nest,0.64881885
Pod_46,2,2_beer_beer drink_drank_eating,0.3570028
Pod_47,2,2_beer_beer drink_drank_eating,0.37046987
Pod_48,9,9_wedding_crows_crow_married,0.22911659
Pod_49,6,6_sparrow_cabbage_pea_chirp,0.22333695
Pod_50,16,16_wolf_bear_anne_leg,0.27334362
Pod_51,10,10_wheat_barley_rye_pea,0.49490216
Pod_52,11,11_apples_tree_sisters_wine,0.4754048
Pod_53,11,11_apples_tree_sisters_wine,0.16501561
Pod_54,9,9_wedding_crows_crow_married,0.15689453
Pod_55,13,13_bake_basket_bells_eggs,0.36918396
Pod_56,7,7_legs_calf_reed_nest,0.46809605
Pod_57,3,3_oxen_gentlemen_peasants_plow,0.44646555
Pod_58,6,6_sparrow_cabbage_pea_chirp,0.17553322
Pod_59,3,3_oxen_gentlemen_peasants_plow,0.31302226
Pod_60,4,4_servants_thousand_soul_book,0.32109174
Pod_61,13,13_bake_basket_bells_eggs,0.42955756
Pod_62,16,16_wolf_bear_anne_leg,0.2769579
Pod_64,9,9_wedding_crows_crow_married,0.19743098
Pod_65,12,12_march_thirty_month_june,0.31218544
Pod_66,14,14_herd_dog_tail_turning,0.22333564
Pod_67,9,9_wedding_crows_crow_married,0.4355638
Pod_71,16,16_wolf_bear_anne_leg,0.4612494
Pod_72,14,14_herd_dog_tail_turning,0.38492632
Pod_73,4,4_servants_thousand_soul_book,0.15743294
Pod_75,11,11_apples_tree_sisters_wine,0.44682264
Pod_76,7,7_legs_calf_reed_nest,0.45294067
Pod_84,11,11_apples_tree_sisters_wine,0.24362102
Pod_85,9,9_wedding_crows_crow_married,0.34964448
Pod_86,9,9_wedding_crows_crow_married,0.2423427
Pod_87,8,8_june_march_saint_day,0.35734522
Pod_88,7,7_legs_calf_reed_nest,0.32743615
Pod_89,14,14_herd_dog_tail_turning,0.559503
Pod_90,9,9_wedding_crows_crow_married,0.49297902
Pod_91,12,12_march_thirty_month_june,0.290718
Pod_92,2,2_beer_beer drink_drank_eating,0.35452008
Pod_93,2,2_beer_beer drink_drank_eating,0.35452008
Pod_94,13,13_bake_basket_bells_eggs,1.0
Pod_95,11,11_apples_tree_sisters_wine,1.0
Pod_96,6,6_sparrow_cabbage_pea_chirp,1.0
Pod_97,13,13_bake_basket_bells_eggs,0.19519728
Pod_98,7,7_legs_calf_reed_nest,0.2959858
Pod_99,7,7_legs_calf_reed_nest,0.36336935
Pod_100,3,3_oxen_gentlemen_peasants_plow,0.21575758
Pod_101,13,13_bake_basket_bells_eggs,0.39903173
Pod_102,14,14_herd_dog_tail_turning,0.38334733
Pod_103,2,2_beer_beer drink_drank_eating,0.369735
Pod_104,13,13_bake_basket_bells_eggs,0.3922739
Pod_105,4,4_servants_thousand_soul_book,0.21837941
Pod_106,11,11_apples_tree_sisters_wine,0.16137253
Pod_107,13,13_bake_basket_bells_eggs,0.30457836
Pod_108,7,7_legs_calf_reed_nest,0.40181506
Pod_109,7,7_legs_calf_reed_nest,0.40516815
Pod_110,9,9_wedding_crows_crow_married,0.29786474
Pod_111,9,9_wedding_crows_crow_married,0.28911236
Pod_112,7,7_legs_calf_reed_nest,0.25853708
Pod_114,11,11_apples_tree_sisters_wine,0.20429341
Pod_115,9,9_wedding_crows_crow_married,0.58697927
Pod_116,4,4_servants_thousand_soul_book,0.19456558
Pod_117,11,11_apples_tree_sisters_wine,0.27151087
Pod_118,13,13_bake_basket_bells_eggs,0.23598774
Pod_119,11,11_apples_tree_sisters_wine,0.3281249
Pod_120,1,1_nicholas_saint_blessed_god,0.18349813
Pod_123,17,17_crooked_tavern_trembles_straight,0.27686015
Pod_124,14,14_herd_dog_tail_turning,0.39871794
Pod_125,5,5_matchmaker_vodka_melody_wedding,0.51595706
Pod_126,4,4_servants_thousand_soul_book,0.23391259
Pod_127,2,2_beer_beer drink_drank_eating,0.2777238
Pod_128,15,15_bow_fall_sail_singing,1.0
Pod_129,14,14_herd_dog_tail_turning,0.512374
Pod_130,11,11_apples_tree_sisters_wine,0.36956415
Pod_131,14,14_herd_dog_tail_turning,0.4448156
Pod_132,8,8_june_march_saint_day,0.33159113
Pod_133,9,9_wedding_crows_crow_married,0.31754547
Pod_134,11,11_apples_tree_sisters_wine,0.2816716
Pod_135,16,16_wolf_bear_anne_leg,0.4725409
Pod_136,1,1_nicholas_saint_blessed_god,0.51518095
Pod_137,9,9_wedding_crows_crow_married,0.83375365
Pod_138,1,1_nicholas_saint_blessed_god,1.0
Pod_139,9,9_wedding_crows_crow_married,0.43461516
Pod_140,4,4_servants_thousand_soul_book,0.2589422
Pod_141,10,10_wheat_barley_rye_pea,0.23474772
Pod_142,7,7_legs_calf_reed_nest,0.1756235
Pod_143,7,7_legs_calf_reed_nest,0.19510734
Pod_146,7,7_legs_calf_reed_nest,0.2895466
Pod_147,3,3_oxen_gentlemen_peasants_plow,0.1896507
Pod_149,3,3_oxen_gentlemen_peasants_plow,0.38669828
Pod_150,5,5_matchmaker_vodka_melody_wedding,0.26878434
Pod_151,15,15_bow_fall_sail_singing,0.22564931
Pod_153,15,15_bow_fall_sail_singing,0.42282367
Pod_154,14,14_herd_dog_tail_turning,0.3388478
Pod_155,14,14_herd_dog_tail_turning,0.3388478
Pod_156,15,15_bow_fall_sail_singing,0.43514124
Pod_157,7,7_legs_calf_reed_nest,0.24099562
Pod_158,1,1_nicholas_saint_blessed_god,0.5258914
Pod_159,6,6_sparrow_cabbage_pea_chirp,1.0
Pod_160,6,6_sparrow_cabbage_pea_chirp,1.0
Pod_161,6,6_sparrow_cabbage_pea_chirp,1.0
Pod_162,14,14_herd_dog_tail_turning,0.21421632
Pod_163,7,7_legs_calf_reed_nest,0.20929082
Pod_164,1,1_nicholas_saint_blessed_god,0.40421975
Pod_165,1,1_nicholas_saint_blessed_god,0.33839715
Pod_166,1,1_nicholas_saint_blessed_god,0.29050916
Pod_167,6,6_sparrow_cabbage_pea_chirp,0.28566843
Pod_168,6,6_sparrow_cabbage_pea_chirp,0.2595957
Pod_169,6,6_sparrow_cabbage_pea_chirp,0.2965228
Pod_170,3,3_oxen_gentlemen_peasants_plow,0.22858617
Pod_171,3,3_oxen_gentlemen_peasants_plow,0.17467728
Pod_172,10,10_wheat_barley_rye_pea,0.4186285
Pod_173,9,9_wedding_crows_crow_married,0.22133286
Pod_174,6,6_sparrow_cabbage_pea_chirp,0.41062275
Pod_175,10,10_wheat_barley_rye_pea,0.34370202
Pod_176,10,10_wheat_barley_rye_pea,0.3757221
Pod_177,4,4_servants_thousand_soul_book,0.21150163
Pod_178,6,6_sparrow_cabbage_pea_chirp,0.31229228
Pod_179,6,6_sparrow_cabbage_pea_chirp,0.37430093
Pod_181,9,9_wedding_crows_crow_married,0.34763905
Pod_182,9,9_wedding_crows_crow_married,0.365511
Pod_183,9,9_wedding_crows_crow_married,0.34181648
Pod_184,9,9_wedding_crows_crow_married,0.3131319
Pod_185,9,9_wedding_crows_crow_married,0.28439683
Pod_186,8,8_june_march_saint_day,0.7453371
Pod_187,15,15_bow_fall_sail_singing,0.71320343
Pod_188,8,8_june_march_saint_day,0.7453371
Pod_189,14,14_herd_dog_tail_turning,0.40263057
Pod_190,13,13_bake_basket_bells_eggs,0.29284415
Pod_191,9,9_wedding_crows_crow_married,0.49509683
Pod_192,10,10_wheat_barley_rye_pea,0.35843524
Pod_193,8,8_june_march_saint_day,0.58004445
Pod_194,12,12_march_thirty_month_june,0.29243967
Pod_195,4,4_servants_thousand_soul_book,0.43746305
Pod_196,2,2_beer_beer drink_drank_eating,0.46216154
Pod_198,8,8_june_march_saint_day,0.2104945
Pod_199,1,1_nicholas_saint_blessed_god,0.5178566
Pod_200,4,4_servants_thousand_soul_book,0.2809165
Pod_202,8,8_june_march_saint_day,0.36043444
Pod_203,2,2_beer_beer drink_drank_eating,0.21304868
Pod_204,2,2_beer_beer drink_drank_eating,0.22754514
Pod_205,2,2_beer_beer drink_drank_eating,0.27808738
Pod_206,2,2_beer_beer drink_drank_eating,0.3116369
Pod_207,15,15_bow_fall_sail_singing,0.29904157
Pod_209,9,9_wedding_crows_crow_married,0.29040903
Pod_210,9,9_wedding_crows_crow_married,0.36020777
Pod_211,15,15_bow_fall_sail_singing,0.4527099
Pod_212,15,15_bow_fall_sail_singing,0.23596004
Pod_213,15,15_bow_fall_sail_singing,0.23003459
Pod_214,6,6_sparrow_cabbage_pea_chirp,0.30375293
Pod_215,10,10_wheat_barley_rye_pea,0.466474
Pod_216,12,12_march_thirty_month_june,0.3019522
Pod_217,10,10_wheat_barley_rye_pea,0.4728853
Pod_218,14,14_herd_dog_tail_turning,0.25805536
Pod_219,10,10_wheat_barley_rye_pea,0.7318374
Pod_220,12,12_march_thirty_month_june,0.24850705
Pod_221,0,0_servant_cat_wreath_horse,0.0
Pod_222,0,0_servant_cat_wreath_horse,0.0
Pod_224,5,5_matchmaker_vodka_melody_wedding,0.401758
Pod_225,10,10_wheat_barley_rye_pea,0.55511004
Pod_226,11,11_apples_tree_sisters_wine,0.5224879
Pod_227,11,11_apples_tree_sisters_wine,0.5224879
Pod_228,2,2_beer_beer drink_drank_eating,0.27782166
Pod_229,2,2_beer_beer drink_drank_eating,0.33532682
Pod_230,14,14_herd_dog_tail_turning,0.2665043
Pod_231,9,9_wedding_crows_crow_married,0.4574079
Pod_232,9,9_wedding_crows_crow_married,0.17937315
Pod_233,9,9_wedding_crows_crow_married,0.22719386
Pod_234,9,9_wedding_crows_crow_married,0.30090404
Pod_235,10,10_wheat_barley_rye_pea,0.40204075
Pod_236,4,4_servants_thousand_soul_book,0.1903501
Pod_237,4,4_servants_thousand_soul_book,0.22045217
Pod_242,4,4_servants_thousand_soul_book,0.26470846
Pod_244,4,4_servants_thousand_soul_book,0.31453702
Pod_245,14,14_herd_dog_tail_turning,0.2723649
Pod_246,14,14_herd_dog_tail_turning,0.31659928
Pod_247,14,14_herd_dog_tail_turning,0.26377293
Pod_248,2,2_beer_beer drink_drank_eating,0.27664724
Pod_249,9,9_wedding_crows_crow_married,0.33537358
Pod_250,9,9_wedding_crows_crow_married,0.37128764
Pod_252,14,14_herd_dog_tail_turning,0.24132596
Pod_253,14,14_herd_dog_tail_turning,0.40376174
Pod_254,9,9_wedding_crows_crow_married,0.2049276
Pod_256,4,4_servants_thousand_soul_book,0.3455393
Pod_257,4,4_servants_thousand_soul_book,0.3455393
Pod_258,4,4_servants_thousand_soul_book,0.3889013
Pod_267,9,9_wedding_crows_crow_married,0.29295868
Pod_268,4,4_servants_thousand_soul_book,0.20592447
Pod_269,4,4_servants_thousand_soul_book,0.20899239
Pod_270,7,7_legs_calf_reed_nest,0.2738776
Pod_271,7,7_legs_calf_reed_nest,0.27379915
Pod_272,4,4_servants_thousand_soul_book,0.38461378
Pod_273,7,7_legs_calf_reed_nest,0.3201193
Pod_274,5,5_matchmaker_vodka_melody_wedding,0.3240494
Pod_275,11,11_apples_tree_sisters_wine,0.16504653
Pod_276,14,14_herd_dog_tail_turning,0.15177521
Pod_277,13,13_bake_basket_bells_eggs,0.28814244
Pod_278,9,9_wedding_crows_crow_married,0.47616264
Pod_279,9,9_wedding_crows_crow_married,0.4751239
Pod_280,9,9_wedding_crows_crow_married,0.16459732
Pod_281,14,14_herd_dog_tail_turning,0.37849158
Pod_282,15,15_bow_fall_sail_singing,0.21337591
Pod_283,2,2_beer_beer drink_drank_eating,0.23377968
Pod_284,2,2_beer_beer drink_drank_eating,0.22584085
Pod_285,15,15_bow_fall_sail_singing,0.41498995
Pod_286,18,18_hats_hat_cap_hay,0.30242702
Pod_287,18,18_hats_hat_cap_hay,0.31250632
Pod_288,14,14_herd_dog_tail_turning,0.28519934
Pod_289,17,17_crooked_tavern_trembles_straight,0.5029703
Pod_290,13,13_bake_basket_bells_eggs,0.773036
Pod_291,13,13_bake_basket_bells_eggs,0.77441686
Pod_292,13,13_bake_basket_bells_eggs,0.77441686
Pod_293,14,14_herd_dog_tail_turning,0.81128746
Pod_294,13,13_bake_basket_bells_eggs,0.30626348
Pod_295,13,13_bake_basket_bells_eggs,0.2811875
Pod_296,7,7_legs_calf_reed_nest,0.37476486
Pod_297,4,4_servants_thousand_soul_book,0.27409908
Pod_298,4,4_servants_thousand_soul_book,0.20212717
Pod_299,11,11_apples_tree_sisters_wine,0.25857654
Pod_300,4,4_servants_thousand_soul_book,0.3455179
Pod_301,4,4_servants_thousand_soul_book,0.31510317
Pod_302,4,4_servants_thousand_soul_book,0.29270288
Pod_303,4,4_servants_thousand_soul_book,0.30340356
Pod_304,18,18_hats_hat_cap_hay,0.29666862
Pod_305,12,12_march_thirty_month_june,0.42809322
Pod_306,1,1_nicholas_saint_blessed_god,0.35972035
Pod_307,1,1_nicholas_saint_blessed_god,0.493097
Pod_308,12,12_march_thirty_month_june,0.19949701
Pod_309,4,4_servants_thousand_soul_book,0.1937201
Pod_310,11,11_apples_tree_sisters_wine,0.40184346
Pod_311,4,4_servants_thousand_soul_book,0.18450238
Pod_312,2,2_beer_beer drink_drank_eating,0.35351902
Pod_313,2,2_beer_beer drink_drank_eating,0.33102527
Pod_314,0,0_servant_cat_wreath_horse,0.0
Pod_315,9,9_wedding_crows_crow_married,0.4196252
Pod_316,8,8_june_march_saint_day,0.17591117
Pod_317,7,7_legs_calf_reed_nest,0.31112206
Pod_318,9,9_wedding_crows_crow_married,0.83375365
Pod_319,7,7_legs_calf_reed_nest,0.25961247
Pod_320,12,12_march_thirty_month_june,0.21241376
Pod_321,7,7_legs_calf_reed_nest,0.28194964
Pod_322,13,13_bake_basket_bells_eggs,0.31901327
Pod_325,13,13_bake_basket_bells_eggs,0.48218346
Pod_326,8,8_june_march_saint_day,0.25082842
Pod_327,2,2_beer_beer drink_drank_eating,0.2982625
Pod_328,2,2_beer_beer drink_drank_eating,0.2912466
Pod_329,4,4_servants_thousand_soul_book,0.22843674
Pod_330,7,7_legs_calf_reed_nest,0.2063986
Pod_332,16,16_wolf_bear_anne_leg,0.30019626
Pod_334,15,15_bow_fall_sail_singing,0.41007435
Pod_335,14,14_herd_dog_tail_turning,0.26219165
Pod_336,14,14_herd_dog_tail_turning,0.26234317
Pod_337,9,9_wedding_crows_crow_married,0.4127404
Pod_338,6,6_sparrow_cabbage_pea_chirp,0.65750873
Pod_339,18,18_hats_hat_cap_hay,0.2388924
Pod_340,7,7_legs_calf_reed_nest,0.34331167
Pod_341,7,7_legs_calf_reed_nest,0.11423771
Pod_342,7,7_legs_calf_reed_nest,0.12604503
Pod_343,18,18_hats_hat_cap_hay,0.24781823
Pod_344,17,17_crooked_tavern_trembles_straight,0.29318255
Pod_345,14,14_herd_dog_tail_turning,0.4486987
Pod_346,9,9_wedding_crows_crow_married,0.40884927
Pod_348,13,13_bake_basket_bells_eggs,0.23772784
Pod_349,13,13_bake_basket_bells_eggs,0.22159116
Pod_350,10,10_wheat_barley_rye_pea,0.24843061
Pod_351,10,10_wheat_barley_rye_pea,0.29291233
Pod_352,10,10_wheat_barley_rye_pea,0.27631652
Pod_353,18,18_hats_hat_cap_hay,0.20222169
Pod_355,3,3_oxen_gentlemen_peasants_plow,0.36808878
Pod_356,9,9_wedding_crows_crow_married,0.34503663
Pod_357,12,12_march_thirty_month_june,0.27555504
Pod_358,4,4_servants_thousand_soul_book,0.16176115
Pod_359,4,4_servants_thousand_soul_book,0.19576742
Pod_360,14,14_herd_dog_tail_turning,0.26990402
Pod_361,14,14_herd_dog_tail_turning,0.32724863
Pod_362,14,14_herd_dog_tail_turning,0.31443125
Pod_363,14,14_herd_dog_tail_turning,0.32844192
Pod_364,14,14_herd_dog_tail_turning,0.28123027
Pod_365,4,4_servants_thousand_soul_book,0.19809382
Pod_366,16,16_wolf_bear_anne_leg,0.20739679
Pod_367,10,10_wheat_barley_rye_pea,0.29653242
Pod_368,2,2_beer_beer drink_drank_eating,0.25649
Pod_369,2,2_beer_beer drink_drank_eating,0.29338035
Pod_370,6,6_sparrow_cabbage_pea_chirp,0.241885
Pod_371,2,2_beer_beer drink_drank_eating,0.2641664
Pod_374,4,4_servants_thousand_soul_book,0.19684638
Pod_375,5,5_matchmaker_vodka_melody_wedding,0.21936084
Pod_376,6,6_sparrow_cabbage_pea_chirp,0.3964725
Pod_377,9,9_wedding_crows_crow_married,0.2517739
Pod_378,9,9_wedding_crows_crow_married,0.22893347
Pod_379,9,9_wedding_crows_crow_married,0.5552685
Pod_380,9,9_wedding_crows_crow_married,0.2512267
Pod_381,11,11_apples_tree_sisters_wine,0.25642896
Pod_382,9,9_wedding_crows_crow_married,0.26972562
Pod_383,5,5_matchmaker_vodka_melody_wedding,0.20599677
Pod_384,15,15_bow_fall_sail_singing,1.0
Pod_385,18,18_hats_hat_cap_hay,0.33057156
Pod_386,18,18_hats_hat_cap_hay,0.21975724
Pod_387,18,18_hats_hat_cap_hay,0.29222822
Pod_388,18,18_hats_hat_cap_hay,0.24567169
Pod_389,18,18_hats_hat_cap_hay,0.22551103
Pod_391,6,6_sparrow_cabbage_pea_chirp,0.713973
Pod_395,0,0_servant_cat_wreath_horse,0.0
Pod_396,13,13_bake_basket_bells_eggs,0.5947761
Pod_397,6,6_sparrow_cabbage_pea_chirp,0.5269732
Pod_398,18,18_hats_hat_cap_hay,0.47412348
Pod_399,9,9_wedding_crows_crow_married,0.49653605
Pod_400,17,17_crooked_tavern_trembles_straight,0.29075
Pod_401,6,6_sparrow_cabbage_pea_chirp,0.29622954
Pod_402,12,12_march_thirty_month_june,0.18091838
Pod_403,14,14_herd_dog_tail_turning,0.2975986
Pod_404,11,11_apples_tree_sisters_wine,0.18064304
Pod_405,14,14_herd_dog_tail_turning,0.49233624
Pod_407,11,11_apples_tree_sisters_wine,0.36418763
Pod_408,7,7_legs_calf_reed_nest,0.289463
Pod_409,13,13_bake_basket_bells_eggs,0.4147189
Pod_410,2,2_beer_beer drink_drank_eating,0.34368542
Pod_411,4,4_servants_thousand_soul_book,0.3323801
Pod_412,4,4_servants_thousand_soul_book,0.5540217
Pod_413,8,8_june_march_saint_day,0.7075747
Pod_414,9,9_wedding_crows_crow_married,0.4186736
Pod_415,7,7_legs_calf_reed_nest,0.28642136
Pod_416,3,3_oxen_gentlemen_peasants_plow,0.42463902
Pod_417,1,1_nicholas_saint_blessed_god,0.4165592
Pod_418,11,11_apples_tree_sisters_wine,0.32563168
Pod_419,11,11_apples_tree_sisters_wine,0.49817297
Pod_420,14,14_herd_dog_tail_turning,0.29248124
Pod_421,6,6_sparrow_cabbage_pea_chirp,0.37876034
Pod_422,11,11_apples_tree_sisters_wine,0.50117576
Pod_423,12,12_march_thirty_month_june,1.0
Pod_424,4,4_servants_thousand_soul_book,0.48588455
Pod_425,4,4_servants_thousand_soul_book,0.6943431
Pod_426,11,11_apples_tree_sisters_wine,0.72190315
Pod_427,9,9_wedding_crows_crow_married,0.5988969
Pod_428,18,18_hats_hat_cap_hay,0.3182772
Pod_429,6,6_sparrow_cabbage_pea_chirp,0.3684556
Pod_430,15,15_bow_fall_sail_singing,0.38275647
Pod_431,11,11_apples_tree_sisters_wine,0.52860737
Pod_432,9,9_wedding_crows_crow_married,0.46808416
Pod_433,9,9_wedding_crows_crow_married,0.2699291
Pod_435,13,13_bake_basket_bells_eggs,0.3341385
Pod_436,8,8_june_march_saint_day,0.39327708
Pod_437,15,15_bow_fall_sail_singing,0.49469313
Pod_438,11,11_apples_tree_sisters_wine,0.28137448
Pod_439,0,0_servant_cat_wreath_horse,0.0
Pod_440,11,11_apples_tree_sisters_wine,0.6039445
Pod_441,11,11_apples_tree_sisters_wine,0.26551214
Pod_442,6,6_sparrow_cabbage_pea_chirp,0.32735962
Pod_443,6,6_sparrow_cabbage_pea_chirp,0.57612574
Pod_444,11,11_apples_tree_sisters_wine,0.45258293
Pod_445,11,11_apples_tree_sisters_wine,0.39471355
Pod_446,15,15_bow_fall_sail_singing,0.5141615
Pod_447,14,14_herd_dog_tail_turning,0.29765698
Pod_448,10,10_wheat_barley_rye_pea,0.43642238
Pod_449,3,3_oxen_gentlemen_peasants_plow,0.3454865
Pod_451,10,10_wheat_barley_rye_pea,0.1988029
Pod_452,7,7_legs_calf_reed_nest,0.2679597
Pod_453,4,4_servants_thousand_soul_book,0.6876476
Pod_454,14,14_herd_dog_tail_turning,0.26945287
Pod_455,2,2_beer_beer drink_drank_eating,1.0
Pod_456,16,16_wolf_bear_anne_leg,0.60016316
Pod_457,6,6_sparrow_cabbage_pea_chirp,0.4191634
Pod_458,11,11_apples_tree_sisters_wine,0.47928765
Pod_459,11,11_apples_tree_sisters_wine,0.3800786
Pod_460,8,8_june_march_saint_day,0.41848725
Pod_461,6,6_sparrow_cabbage_pea_chirp,0.267544
Pod_462,13,13_bake_basket_bells_eggs,1.0
Pod_463,18,18_hats_hat_cap_hay,0.7002135
Pod_464,4,4_servants_thousand_soul_book,0.59394544
Pod_465,15,15_bow_fall_sail_singing,0.20587964
Pod_466,13,13_bake_basket_bells_eggs,1.0
Pod_467,10,10_wheat_barley_rye_pea,0.21565084
Pod_468,1,1_nicholas_saint_blessed_god,1.0
Pod_469,11,11_apples_tree_sisters_wine,0.28621295
Pod_470,11,11_apples_tree_sisters_wine,0.3405011
Pod_471,11,11_apples_tree_sisters_wine,0.19335338
Pod_472,6,6_sparrow_cabbage_pea_chirp,0.41598707
Pod_473,3,3_oxen_gentlemen_peasants_plow,0.3810149
Pod_474,2,2_beer_beer drink_drank_eating,1.0
Pod_475,9,9_wedding_crows_crow_married,0.18345766
Pod_476,15,15_bow_fall_sail_singing,0.32873544
Pod_477,9,9_wedding_crows_crow_married,0.30305398
Pod_478,9,9_wedding_crows_crow_married,0.2108162
Pod_479,13,13_bake_basket_bells_eggs,0.35957024
Pod_480,14,14_herd_dog_tail_turning,0.47508645
Pod_481,15,15_bow_fall_sail_singing,0.5008061
Pod_482,1,1_nicholas_saint_blessed_god,0.55693376
Pod_483,13,13_bake_basket_bells_eggs,0.2350322
Pod_484,16,16_wolf_bear_anne_leg,0.2061741
Pod_485,3,3_oxen_gentlemen_peasants_plow,0.31340626
Pod_486,14,14_herd_dog_tail_turning,0.37000805
Pod_487,8,8_june_march_saint_day,0.22964129
Pod_488,9,9_wedding_crows_crow_married,0.18516578
Pod_489,13,13_bake_basket_bells_eggs,0.27246556
Pod_490,4,4_servants_thousand_soul_book,0.6795513
Pod_491,3,3_oxen_gentlemen_peasants_plow,0.33333474
Pod_492,14,14_herd_dog_tail_turning,0.32192132
Pod_493,14,14_herd_dog_tail_turning,0.27508193
Pod_494,8,8_june_march_saint_day,0.28986448
Pod_495,9,9_wedding_crows_crow_married,0.3394046
Pod_496,6,6_sparrow_cabbage_pea_chirp,0.56225103
Pod_497,9,9_wedding_crows_crow_married,0.29703835
Pod_498,13,13_bake_basket_bells_eggs,0.25445628
Pod_499,7,7_legs_calf_reed_nest,0.50087726
Pod_500,11,11_apples_tree_sisters_wine,0.28481057
Pod_501,0,0_servant_cat_wreath_horse,0.0
Pod_502,6,6_sparrow_cabbage_pea_chirp,0.5196807
Pod_503,3,3_oxen_gentlemen_peasants_plow,0.5191362
Pod_504,8,8_june_march_saint_day,0.23904866
Pod_505,11,11_apples_tree_sisters_wine,0.26497865
Pod_507,3,3_oxen_gentlemen_peasants_plow,0.20623577
Pod_508,9,9_wedding_crows_crow_married,0.32766268
Pod_509,8,8_june_march_saint_day,1.0
Pod_510,13,13_bake_basket_bells_eggs,0.25636256
Pod_511,9,9_wedding_crows_crow_married,0.34511933
Pod_512,13,13_bake_basket_bells_eggs,0.49233392
Pod_513,6,6_sparrow_cabbage_pea_chirp,0.3763267
Pod_514,15,15_bow_fall_sail_singing,0.33176193
Pod_515,14,14_herd_dog_tail_turning,0.5175864
Pod_516,13,13_bake_basket_bells_eggs,0.39600027
Pod_517,14,14_herd_dog_tail_turning,0.2872292
Pod_518,4,4_servants_thousand_soul_book,0.28163007
Pod_520,3,3_oxen_gentlemen_peasants_plow,0.7138158
Pod_521,16,16_wolf_bear_anne_leg,0.7924986
Pod_522,2,2_beer_beer drink_drank_eating,0.2899843
Pod_523,5,5_matchmaker_vodka_melody_wedding,0.33301088
Pod_524,15,15_bow_fall_sail_singing,0.17381823
Pod_525,6,6_sparrow_cabbage_pea_chirp,0.2602253
Pod_527,7,7_legs_calf_reed_nest,0.30894423
Pod_528,9,9_wedding_crows_crow_married,0.40859786
Pod_529,13,13_bake_basket_bells_eggs,0.32548147
Pod_530,9,9_wedding_crows_crow_married,0.23954743
Pod_531,9,9_wedding_crows_crow_married,0.5024755
Pod_532,3,3_oxen_gentlemen_peasants_plow,0.34308997
Pod_533,9,9_wedding_crows_crow_married,0.3110759
Pod_534,14,14_herd_dog_tail_turning,0.5755327
Pod_535,14,14_herd_dog_tail_turning,0.41805303
Pod_537,14,14_herd_dog_tail_turning,0.2267022
Pod_538,9,9_wedding_crows_crow_married,0.18752258
Pod_541,9,9_wedding_crows_crow_married,0.31396267
Pod_542,2,2_beer_beer drink_drank_eating,0.23840627
Pod_543,2,2_beer_beer drink_drank_eating,0.52461445
Pod_544,9,9_wedding_crows_crow_married,0.3765729
Pod_545,6,6_sparrow_cabbage_pea_chirp,0.64684993
Pod_546,11,11_apples_tree_sisters_wine,0.30384493
Pod_547,9,9_wedding_crows_crow_married,0.381459
Pod_548,2,2_beer_beer drink_drank_eating,0.60917294
Pod_549,9,9_wedding_crows_crow_married,0.8256759
Pod_550,5,5_matchmaker_vodka_melody_wedding,0.6254898
Pod_551,9,9_wedding_crows_crow_married,0.46154577
Pod_552,13,13_bake_basket_bells_eggs,0.5008117
Pod_553,12,12_march_thirty_month_june,0.489471
Pod_554,13,13_bake_basket_bells_eggs,0.37425798
Pod_555,9,9_wedding_crows_crow_married,0.65324485
Pod_556,3,3_oxen_gentlemen_peasants_plow,0.4442935
Pod_557,2,2_beer_beer drink_drank_eating,0.3909178
Pod_558,6,6_sparrow_cabbage_pea_chirp,0.42265302
Pod_559,9,9_wedding_crows_crow_married,0.37708864
Pod_560,7,7_legs_calf_reed_nest,0.38442665
Pod_561,8,8_june_march_saint_day,0.46652114
Pod_563,3,3_oxen_gentlemen_peasants_plow,0.6747681
Pod_564,9,9_wedding_crows_crow_married,0.33121574
Pod_566,9,9_wedding_crows_crow_married,0.28166753
Pod_567,9,9_wedding_crows_crow_married,0.3072415
Pod_568,0,0_servant_cat_wreath_horse,0.0
Pod_569,10,10_wheat_barley_rye_pea,0.6886674
Pod_570,5,5_matchmaker_vodka_melody_wedding,0.2731554
Pod_571,6,6_sparrow_cabbage_pea_chirp,0.48966745
Pod_572,14,14_herd_dog_tail_turning,1.0
Pod_573,4,4_servants_thousand_soul_book,0.30328098
Pod_574,13,13_bake_basket_bells_eggs,0.5551653
Pod_575,18,18_hats_hat_cap_hay,0.20294045
Pod_577,13,13_bake_basket_bells_eggs,0.3155389
Pod_578,13,13_bake_basket_bells_eggs,0.34350342
Pod_579,9,9_wedding_crows_crow_married,0.7383453
Pod_580,14,14_herd_dog_tail_turning,0.50794554
Pod_581,9,9_wedding_crows_crow_married,0.45894498
Pod_582,9,9_wedding_crows_crow_married,0.7205003
Pod_583,10,10_wheat_barley_rye_pea,0.26059318
Pod_584,9,9_wedding_crows_crow_married,0.33236566
Pod_585,12,12_march_thirty_month_june,1.0
Pod_586,6,6_sparrow_cabbage_pea_chirp,0.47599787
Pod_587,11,11_apples_tree_sisters_wine,0.6610911
Pod_588,14,14_herd_dog_tail_turning,0.483517
Pod_589,15,15_bow_fall_sail_singing,0.7639941
Pod_591,5,5_matchmaker_vodka_melody_wedding,0.34203142
Pod_592,14,14_herd_dog_tail_turning,0.6170985
Pod_593,6,6_sparrow_cabbage_pea_chirp,0.6837029
Pod_595,3,3_oxen_gentlemen_peasants_plow,0.46609855
Pod_596,6,6_sparrow_cabbage_pea_chirp,0.37290666
Pod_597,4,4_servants_thousand_soul_book,0.367344
Pod_598,13,13_bake_basket_bells_eggs,0.32531777
Pod_599,8,8_june_march_saint_day,0.22178799
Pod_600,14,14_herd_dog_tail_turning,0.31342298
Pod_601,1,1_nicholas_saint_blessed_god,0.5947827
Pod_603,2,2_beer_beer drink_drank_eating,0.33725214
Pod_604,6,6_sparrow_cabbage_pea_chirp,0.40835297
Pod_606,5,5_matchmaker_vodka_melody_wedding,0.40580097
Pod_609,9,9_wedding_crows_crow_married,0.25653997
Pod_610,9,9_wedding_crows_crow_married,0.29811028
Pod_611,10,10_wheat_barley_rye_pea,0.27842364
Pod_612,0,0_servant_cat_wreath_horse,0.0
Pod_613,16,16_wolf_bear_anne_leg,0.7383598
Pod_614,6,6_sparrow_cabbage_pea_chirp,0.42442605
Pod_615,11,11_apples_tree_sisters_wine,0.26844335
Pod_616,15,15_bow_fall_sail_singing,0.53261065
Pod_617,12,12_march_thirty_month_june,0.91982406
Pod_618,10,10_wheat_barley_rye_pea,0.66816914
Pod_619,3,3_oxen_gentlemen_peasants_plow,0.6787326
Pod_620,8,8_june_march_saint_day,0.32208505
Pod_621,2,2_beer_beer drink_drank_eating,0.65400285
Pod_622,6,6_sparrow_cabbage_pea_chirp,0.7304475
Pod_623,7,7_legs_calf_reed_nest,0.59280056
Pod_624,13,13_bake_basket_bells_eggs,0.34321347
Pod_625,18,18_hats_hat_cap_hay,0.27667987
Pod_626,10,10_wheat_barley_rye_pea,0.46287775
Pod_627,11,11_apples_tree_sisters_wine,0.25768483
Pod_628,13,13_bake_basket_bells_eggs,0.6655283
Pod_629,9,9_wedding_crows_crow_married,0.32333523
Pod_630,7,7_legs_calf_reed_nest,0.24027376
Pod_632,10,10_wheat_barley_rye_pea,0.35342216
Pod_633,11,11_apples_tree_sisters_wine,0.5749092
Pod_634,10,10_wheat_barley_rye_pea,1.0
Pod_635,15,15_bow_fall_sail_singing,0.42959234
Pod_636,9,9_wedding_crows_crow_married,0.40384427
Pod_637,8,8_june_march_saint_day,0.5461246
Pod_638,16,16_wolf_bear_anne_leg,0.7638409
Pod_639,5,5_matchmaker_vodka_melody_wedding,0.35026407
Pod_641,13,13_bake_basket_bells_eggs,0.49690887
Pod_642,14,14_herd_dog_tail_turning,1.0
Pod_643,16,16_wolf_bear_anne_leg,0.25385866
Pod_644,14,14_herd_dog_tail_turning,0.50993764
Pod_645,6,6_sparrow_cabbage_pea_chirp,0.4154314
Pod_646,9,9_wedding_crows_crow_married,0.21310985
Pod_647,10,10_wheat_barley_rye_pea,0.6902383
Pod_648,10,10_wheat_barley_rye_pea,0.49845353
Pod_649,12,12_march_thirty_month_june,0.8105956
Pod_650,12,12_march_thirty_month_june,0.68786037
Pod_651,9,9_wedding_crows_crow_married,0.6108977
Pod_652,8,8_june_march_saint_day,0.18115439
Pod_653,5,5_matchmaker_vodka_melody_wedding,0.36193797
Pod_654,2,2_beer_beer drink_drank_eating,0.36775798
Pod_655,14,14_herd_dog_tail_turning,1.0
Pod_656,6,6_sparrow_cabbage_pea_chirp,0.14010343
Pod_657,8,8_june_march_saint_day,0.3324697
Pod_658,9,9_wedding_crows_crow_married,0.6532576
Pod_659,17,17_crooked_tavern_trembles_straight,0.281904
Pod_660,2,2_beer_beer drink_drank_eating,0.28315842
Pod_661,9,9_wedding_crows_crow_married,0.30610335
Pod_662,5,5_matchmaker_vodka_melody_wedding,0.278987
Pod_664,2,2_beer_beer drink_drank_eating,0.5093557
Pod_665,7,7_legs_calf_reed_nest,0.50189245
Pod_666,2,2_beer_beer drink_drank_eating,0.33424765
Pod_667,18,18_hats_hat_cap_hay,0.5742806
Pod_670,2,2_beer_beer drink_drank_eating,1.0
Pod_671,9,9_wedding_crows_crow_married,0.26683384
Pod_672,2,2_beer_beer drink_drank_eating,0.511697
Pod_675,0,0_servant_cat_wreath_horse,0.0
Pod_676,2,2_beer_beer drink_drank_eating,0.32276276
Pod_677,2,2_beer_beer drink_drank_eating,0.40626484
Pod_678,0,0_servant_cat_wreath_horse,0.0
Pod_679,6,6_sparrow_cabbage_pea_chirp,0.5241659
Pod_680,9,9_wedding_crows_crow_married,0.47569817
Pod_681,13,13_bake_basket_bells_eggs,0.31722182
Pod_682,5,5_matchmaker_vodka_melody_wedding,0.37846917
Pod_683,0,0_servant_cat_wreath_horse,0.0
Pod_684,14,14_herd_dog_tail_turning,0.2852361
Pod_685,2,2_beer_beer drink_drank_eating,1.0
Pod_687,6,6_sparrow_cabbage_pea_chirp,0.20634432
Pod_688,8,8_june_march_saint_day,0.31843132
Pod_689,13,13_bake_basket_bells_eggs,0.35356325
Pod_690,2,2_beer_beer drink_drank_eating,0.5295955
Pod_691,9,9_wedding_crows_crow_married,0.65536004
Pod_692,16,16_wolf_bear_anne_leg,0.3917342
Pod_695,16,16_wolf_bear_anne_leg,0.49768254
Pod_696,14,14_herd_dog_tail_turning,0.3859767
Pod_697,9,9_wedding_crows_crow_married,0.33683544
Pod_698,0,0_servant_cat_wreath_horse,0.0
Pod_700,14,14_herd_dog_tail_turning,0.24454209
Pod_701,2,2_beer_beer drink_drank_eating,0.23726195
Pod_702,6,6_sparrow_cabbage_pea_chirp,0.4111132
Pod_703,8,8_june_march_saint_day,0.16496721
Pod_704,12,12_march_thirty_month_june,0.2619138
Pod_706,6,6_sparrow_cabbage_pea_chirp,0.41348493
Pod_707,14,14_herd_dog_tail_turning,0.35548326
Pod_708,5,5_matchmaker_vodka_melody_wedding,1.0
Pod_709,17,17_crooked_tavern_trembles_straight,0.6987456
Pod_710,14,14_herd_dog_tail_turning,0.42469442
Pod_711,9,9_wedding_crows_crow_married,0.5638774
Pod_712,15,15_bow_fall_sail_singing,0.89183694
Pod_713,14,14_herd_dog_tail_turning,0.40069222
Pod_714,2,2_beer_beer drink_drank_eating,0.5354036
Pod_715,0,0_servant_cat_wreath_horse,0.0
Pod_716,10,10_wheat_barley_rye_pea,0.3720897
Pod_717,5,5_matchmaker_vodka_melody_wedding,0.39799055
Pod_718,7,7_legs_calf_reed_nest,0.6159316
Pod_719,5,5_matchmaker_vodka_melody_wedding,0.3251974
Pod_720,11,11_apples_tree_sisters_wine,0.501967
Pod_721,6,6_sparrow_cabbage_pea_chirp,0.8739753
Pod_722,9,9_wedding_crows_crow_married,0.6104331
Pod_723,12,12_march_thirty_month_june,0.33948252
Pod_724,15,15_bow_fall_sail_singing,0.60218555
Pod_725,14,14_herd_dog_tail_turning,0.3167717
Pod_726,11,11_apples_tree_sisters_wine,0.5572527
Pod_727,0,0_servant_cat_wreath_horse,0.0
Pod_728,13,13_bake_basket_bells_eggs,0.4108321
Pod_729,15,15_bow_fall_sail_singing,1.0
Pod_730,10,10_wheat_barley_rye_pea,0.2994264
Pod_731,8,8_june_march_saint_day,0.5664124
Pod_732,4,4_servants_thousand_soul_book,1.0
Pod_733,4,4_servants_thousand_soul_book,1.0
Pod_734,16,16_wolf_bear_anne_leg,0.3944796
Pod_735,5,5_matchmaker_vodka_melody_wedding,0.69816643
Pod_736,1,1_nicholas_saint_blessed_god,0.2235469
Pod_737,12,12_march_thirty_month_june,0.57305515
Pod_738,15,15_bow_fall_sail_singing,1.0
Pod_739,7,7_legs_calf_reed_nest,0.83160514
Pod_740,0,0_servant_cat_wreath_horse,0.0
Pod_741,7,7_legs_calf_reed_nest,0.34485835
Pod_742,15,15_bow_fall_sail_singing,0.34036794
Pod_743,15,15_bow_fall_sail_singing,0.3209549
Pod_744,6,6_sparrow_cabbage_pea_chirp,0.27220976
Pod_745,6,6_sparrow_cabbage_pea_chirp,0.33828816
Pod_746,6,6_sparrow_cabbage_pea_chirp,0.34789738
Pod_747,1,1_nicholas_saint_blessed_god,1.0
Pod_748,8,8_june_march_saint_day,0.75033045
Pod_749,11,11_apples_tree_sisters_wine,0.3453017
Pod_750,10,10_wheat_barley_rye_pea,0.8735632
Pod_751,3,3_oxen_gentlemen_peasants_plow,1.0
Pod_752,9,9_wedding_crows_crow_married,0.34644383
Pod_753,10,10_wheat_barley_rye_pea,0.41815743
Pod_754,13,13_bake_basket_bells_eggs,0.344571
Pod_755,16,16_wolf_bear_anne_leg,0.36713377
Pod_757,14,14_herd_dog_tail_turning,0.6517729
Pod_758,7,7_legs_calf_reed_nest,0.4087972
Pod_759,11,11_apples_tree_sisters_wine,0.5150441
Pod_760,11,11_apples_tree_sisters_wine,1.0
Pod_761,14,14_herd_dog_tail_turning,0.43488252
Pod_762,9,9_wedding_crows_crow_married,0.53194857
Pod_763,17,17_crooked_tavern_trembles_straight,0.6987211
Pod_764,17,17_crooked_tavern_trembles_straight,0.5411592
Pod_765,17,17_crooked_tavern_trembles_straight,0.5014875
Pod_766,17,17_crooked_tavern_trembles_straight,0.4361861
Pod_767,17,17_crooked_tavern_trembles_straight,0.74192935
Pod_768,17,17_crooked_tavern_trembles_straight,0.74192935
Pod_769,7,7_legs_calf_reed_nest,0.317091
Pod_770,11,11_apples_tree_sisters_wine,0.1658808
Pod_771,17,17_crooked_tavern_trembles_straight,0.26301152
Pod_772,15,15_bow_fall_sail_singing,0.29396898
Pod_773,2,2_beer_beer drink_drank_eating,0.56993496
Pod_774,7,7_legs_calf_reed_nest,0.56195384
Pod_775,0,0_servant_cat_wreath_horse,0.0
Pod_776,6,6_sparrow_cabbage_pea_chirp,0.53277653
Pod_777,3,3_oxen_gentlemen_peasants_plow,0.41785485
Pod_778,6,6_sparrow_cabbage_pea_chirp,0.24931483
Pod_779,1,1_nicholas_saint_blessed_god,0.21211684
Pod_780,3,3_oxen_gentlemen_peasants_plow,0.50278145
Pod_781,11,11_apples_tree_sisters_wine,1.0
Pod_782,5,5_matchmaker_vodka_melody_wedding,0.5433296
Pod_783,10,10_wheat_barley_rye_pea,0.24698247
Pod_784,6,6_sparrow_cabbage_pea_chirp,0.5268171
Pod_785,7,7_legs_calf_reed_nest,0.5804199
Pod_786,5,5_matchmaker_vodka_melody_wedding,0.37332866
Pod_787,9,9_wedding_crows_crow_married,0.59548986
Pod_788,9,9_wedding_crows_crow_married,0.53853595
Pod_789,2,2_beer_beer drink_drank_eating,0.53716254
Pod_790,13,13_bake_basket_bells_eggs,0.53358996
Pod_791,11,11_apples_tree_sisters_wine,0.8761072
Pod_792,7,7_legs_calf_reed_nest,0.37582427
Pod_793,0,0_servant_cat_wreath_horse,0.0
Pod_794,12,12_march_thirty_month_june,0.4263605
Pod_795,12,12_march_thirty_month_june,0.53428847
Pod_796,13,13_bake_basket_bells_eggs,0.411163
Pod_797,15,15_bow_fall_sail_singing,0.1954965
Pod_798,15,15_bow_fall_sail_singing,0.29283002
Pod_799,2,2_beer_beer drink_drank_eating,0.3231785
Pod_800,10,10_wheat_barley_rye_pea,0.64540076
Pod_801,8,8_june_march_saint_day,0.50709075
Pod_803,11,11_apples_tree_sisters_wine,1.0
Pod_804,5,5_matchmaker_vodka_melody_wedding,0.41199628
Pod_805,2,2_beer_beer drink_drank_eating,0.72737676
Pod_806,14,14_herd_dog_tail_turning,0.27014977
Pod_807,14,14_herd_dog_tail_turning,0.28775
Pod_808,11,11_apples_tree_sisters_wine,0.287426
Pod_809,15,15_bow_fall_sail_singing,0.23427461
Pod_810,6,6_sparrow_cabbage_pea_chirp,0.3297464
Pod_812,7,7_legs_calf_reed_nest,0.2974586
Pod_813,12,12_march_thirty_month_june,0.516603
Pod_815,11,11_apples_tree_sisters_wine,1.0
Pod_816,11,11_apples_tree_sisters_wine,1.0
Pod_817,0,0_servant_cat_wreath_horse,0.0
Pod_818,5,5_matchmaker_vodka_melody_wedding,0.21118972
Pod_819,10,10_wheat_barley_rye_pea,0.5229706
Pod_820,11,11_apples_tree_sisters_wine,0.353209
Pod_821,11,11_apples_tree_sisters_wine,0.38237062
Pod_822,11,11_apples_tree_sisters_wine,1.0
Pod_823,6,6_sparrow_cabbage_pea_chirp,0.5142751
Pod_824,16,16_wolf_bear_anne_leg,0.33689526
Pod_825,14,14_herd_dog_tail_turning,0.5903738
Pod_826,14,14_herd_dog_tail_turning,0.7363984
Pod_827,8,8_june_march_saint_day,0.28105474
Pod_828,14,14_herd_dog_tail_turning,0.42798254
Pod_829,13,13_bake_basket_bells_eggs,1.0
Pod_830,18,18_hats_hat_cap_hay,0.5366858
Pod_831,11,11_apples_tree_sisters_wine,0.31835657
Pod_832,17,17_crooked_tavern_trembles_straight,0.6208063
Pod_833,2,2_beer_beer drink_drank_eating,0.55320734
Pod_834,10,10_wheat_barley_rye_pea,1.0
Pod_835,5,5_matchmaker_vodka_melody_wedding,0.38903388
Pod_836,9,9_wedding_crows_crow_married,0.8167863
Pod_837,6,6_sparrow_cabbage_pea_chirp,0.5622248
Pod_838,6,6_sparrow_cabbage_pea_chirp,0.5622248
Pod_839,6,6_sparrow_cabbage_pea_chirp,1.0
Pod_840,6,6_sparrow_cabbage_pea_chirp,0.70982295
Pod_841,10,10_wheat_barley_rye_pea,0.5647275
Pod_842,9,9_wedding_crows_crow_married,0.5549056
Pod_843,13,13_bake_basket_bells_eggs,0.512467
Pod_844,6,6_sparrow_cabbage_pea_chirp,0.47170395
Pod_845,10,10_wheat_barley_rye_pea,0.47223684
Pod_846,14,14_herd_dog_tail_turning,0.40979913
Pod_847,6,6_sparrow_cabbage_pea_chirp,1.0
Pod_848,18,18_hats_hat_cap_hay,0.29595876
Pod_849,12,12_march_thirty_month_june,0.59848785
Pod_850,8,8_june_march_saint_day,0.6760764
Pod_851,8,8_june_march_saint_day,1.0
Pod_852,9,9_wedding_crows_crow_married,0.24417919
Pod_853,10,10_wheat_barley_rye_pea,0.3225305
Pod_854,18,18_hats_hat_cap_hay,0.35984847
Pod_855,6,6_sparrow_cabbage_pea_chirp,0.32741156
Pod_856,14,14_herd_dog_tail_turning,0.540592
Pod_857,14,14_herd_dog_tail_turning,0.44631386
Pod_858,4,4_servants_thousand_soul_book,0.5157826
Pod_859,1,1_nicholas_saint_blessed_god,0.7042325
Pod_860,14,14_herd_dog_tail_turning,0.33746693
Pod_861,10,10_wheat_barley_rye_pea,1.0
Pod_862,14,14_herd_dog_tail_turning,0.25440308
Pod_863,9,9_wedding_crows_crow_married,0.35790968
Pod_864,6,6_sparrow_cabbage_pea_chirp,0.45603675
Pod_865,6,6_sparrow_cabbage_pea_chirp,0.3372135
Pod_866,6,6_sparrow_cabbage_pea_chirp,0.7373262
Pod_867,10,10_wheat_barley_rye_pea,0.89412683
Pod_868,16,16_wolf_bear_anne_leg,0.3707697
Pod_869,7,7_legs_calf_reed_nest,0.1758033
Pod_870,15,15_bow_fall_sail_singing,0.578923
Pod_871,2,2_beer_beer drink_drank_eating,0.35661858
Pod_872,11,11_apples_tree_sisters_wine,0.302564
Pod_873,10,10_wheat_barley_rye_pea,0.53053683
Pod_874,10,10_wheat_barley_rye_pea,0.50564677
Pod_875,2,2_beer_beer drink_drank_eating,0.23563701
Pod_876,9,9_wedding_crows_crow_married,0.31112278
Pod_877,8,8_june_march_saint_day,0.5664124
Pod_878,11,11_apples_tree_sisters_wine,0.5472539
Pod_879,8,8_june_march_saint_day,1.0
Pod_880,0,0_servant_cat_wreath_horse,0.0
Pod_881,8,8_june_march_saint_day,0.49053752
Pod_882,9,9_wedding_crows_crow_married,0.38066941
Pod_883,1,1_nicholas_saint_blessed_god,0.42579406
Pod_884,8,8_june_march_saint_day,0.5255853
Pod_885,1,1_nicholas_saint_blessed_god,0.47362956
Pod_886,1,1_nicholas_saint_blessed_god,0.4555179
Pod_887,10,10_wheat_barley_rye_pea,0.405378
Pod_888,6,6_sparrow_cabbage_pea_chirp,0.5254646
Pod_889,8,8_june_march_saint_day,0.33542445
Pod_890,8,8_june_march_saint_day,0.30778906
Pod_891,8,8_june_march_saint_day,0.36081266
Pod_892,6,6_sparrow_cabbage_pea_chirp,0.3071964
Pod_893,6,6_sparrow_cabbage_pea_chirp,0.22501084
Pod_894,9,9_wedding_crows_crow_married,0.45346853
Pod_895,10,10_wheat_barley_rye_pea,1.0
Pod_896,1,1_nicholas_saint_blessed_god,1.0
Pod_897,2,2_beer_beer drink_drank_eating,0.43786237
Pod_898,9,9_wedding_crows_crow_married,0.3942532
Pod_899,9,9_wedding_crows_crow_married,0.3397679
Pod_900,2,2_beer_beer drink_drank_eating,0.8062496
Pod_901,13,13_bake_basket_bells_eggs,1.0
Pod_902,8,8_june_march_saint_day,0.33547887
Pod_904,9,9_wedding_crows_crow_married,0.64824057
Pod_905,0,0_servant_cat_wreath_horse,0.0
Pod_906,14,14_herd_dog_tail_turning,0.46054018
Pod_907,14,14_herd_dog_tail_turning,0.74468195
Pod_908,8,8_june_march_saint_day,0.5533669
Pod_909,14,14_herd_dog_tail_turning,0.58631444
Pod_910,0,0_servant_cat_wreath_horse,0.0
Pod_911,0,0_servant_cat_wreath_horse,0.0
Pod_912,15,15_bow_fall_sail_singing,0.7985247
Pod_913,3,3_oxen_gentlemen_peasants_plow,0.45300034
Pod_914,3,3_oxen_gentlemen_peasants_plow,0.4746571
Pod_915,5,5_matchmaker_vodka_melody_wedding,0.41717947
Pod_916,0,0_servant_cat_wreath_horse,0.0
Pod_917,13,13_bake_basket_bells_eggs,0.54213107
Pod_918,0,0_servant_cat_wreath_horse,0.0
Pod_919,0,0_servant_cat_wreath_horse,0.0
Pod_920,17,17_crooked_tavern_trembles_straight,1.0
Pod_921,17,17_crooked_tavern_trembles_straight,1.0
Pod_922,5,5_matchmaker_vodka_melody_wedding,0.79107547
Pod_923,5,5_matchmaker_vodka_melody_wedding,0.78287256
Pod_926,4,4_servants_thousand_soul_book,0.3832008
Pod_927,4,4_servants_thousand_soul_book,0.31197044
Pod_928,11,11_apples_tree_sisters_wine,1.0
Pod_929,10,10_wheat_barley_rye_pea,0.51348567
Pod_930,10,10_wheat_barley_rye_pea,0.38635418
Pod_931,6,6_sparrow_cabbage_pea_chirp,1.0
Pod_932,15,15_bow_fall_sail_singing,0.5181343
Pod_933,6,6_sparrow_cabbage_pea_chirp,0.7517229
Pod_934,9,9_wedding_crows_crow_married,0.22961308
Pod_935,15,15_bow_fall_sail_singing,0.320744
Pod_936,11,11_apples_tree_sisters_wine,0.48223126
Pod_937,11,11_apples_tree_sisters_wine,0.26631394
Pod_938,1,1_nicholas_saint_blessed_god,0.7760299
Pod_939,8,8_june_march_saint_day,0.53468645
Pod_941,18,18_hats_hat_cap_hay,0.40906626
Pod_942,14,14_herd_dog_tail_turning,0.4319411
Pod_943,14,14_herd_dog_tail_turning,0.4319411
Pod_944,14,14_herd_dog_tail_turning,0.4319411
Pod_945,9,9_wedding_crows_crow_married,0.49579284
Pod_946,6,6_sparrow_cabbage_pea_chirp,0.5259061
Pod_947,9,9_wedding_crows_crow_married,0.47953007
Pod_948,7,7_legs_calf_reed_nest,0.28951874
Pod_949,7,7_legs_calf_reed_nest,0.33924156
Pod_950,16,16_wolf_bear_anne_leg,0.4027327
Pod_951,7,7_legs_calf_reed_nest,0.4342668
Pod_952,7,7_legs_calf_reed_nest,0.5951542
Pod_953,7,7_legs_calf_reed_nest,0.5951542
Pod_954,7,7_legs_calf_reed_nest,0.39926985
Pod_955,6,6_sparrow_cabbage_pea_chirp,1.0
Pod_956,6,6_sparrow_cabbage_pea_chirp,1.0
Pod_957,4,4_servants_thousand_soul_book,1.0
Pod_958,4,4_servants_thousand_soul_book,1.0
Pod_959,9,9_wedding_crows_crow_married,0.4836679
Pod_960,17,17_crooked_tavern_trembles_straight,0.2798735
Pod_961,7,7_legs_calf_reed_nest,0.4768867
Pod_962,4,4_servants_thousand_soul_book,0.57005554
Pod_963,15,15_bow_fall_sail_singing,0.85381335
Pod_964,16,16_wolf_bear_anne_leg,0.3791256
Pod_965,8,8_june_march_saint_day,0.605831
Pod_966,8,8_june_march_saint_day,1.0
Pod_967,8,8_june_march_saint_day,1.0
Pod_968,6,6_sparrow_cabbage_pea_chirp,1.0
Pod_969,7,7_legs_calf_reed_nest,0.31577417
Pod_970,10,10_wheat_barley_rye_pea,0.5221906
Pod_971,9,9_wedding_crows_crow_married,0.5499206
Pod_972,10,10_wheat_barley_rye_pea,0.30413276
Pod_973,10,10_wheat_barley_rye_pea,0.6769682
Pod_974,13,13_bake_basket_bells_eggs,0.36489126
Pod_975,7,7_legs_calf_reed_nest,0.43207163
Pod_976,7,7_legs_calf_reed_nest,0.39192867
Pod_977,4,4_servants_thousand_soul_book,0.33061618
Pod_978,4,4_servants_thousand_soul_book,0.33390057
Pod_979,15,15_bow_fall_sail_singing,0.81566703
Pod_980,15,15_bow_fall_sail_singing,0.51547307
Pod_981,7,7_legs_calf_reed_nest,0.5156858
Pod_982,7,7_legs_calf_reed_nest,0.6248539
Pod_983,9,9_wedding_crows_crow_married,0.5822658
Pod_984,13,13_bake_basket_bells_eggs,0.27557588
Pod_985,9,9_wedding_crows_crow_married,0.89435685
Pod_986,17,17_crooked_tavern_trembles_straight,0.84405583
Pod_987,15,15_bow_fall_sail_singing,0.69499475
Pod_988,13,13_bake_basket_bells_eggs,0.344571
Pod_989,13,13_bake_basket_bells_eggs,0.344571
Pod_990,13,13_bake_basket_bells_eggs,0.344571
Pod_991,2,2_beer_beer drink_drank_eating,0.45123082
Pod_992,0,0_servant_cat_wreath_horse,0.0
Pod_993,0,0_servant_cat_wreath_horse,0.0
Pod_994,16,16_wolf_bear_anne_leg,0.7643819
Pod_995,4,4_servants_thousand_soul_book,0.5161964
Pod_996,11,11_apples_tree_sisters_wine,0.5864123
Pod_997,7,7_legs_calf_reed_nest,0.48153776
Pod_998,7,7_legs_calf_reed_nest,0.44882876
Pod_999,14,14_herd_dog_tail_turning,0.644362
Pod_1000,14,14_herd_dog_tail_turning,0.25198156
Pod_1001,7,7_legs_calf_reed_nest,0.6150303
Pod_1002,7,7_legs_calf_reed_nest,0.49812344
Pod_1003,7,7_legs_calf_reed_nest,0.60445184
Pod_1004,11,11_apples_tree_sisters_wine,1.0
Pod_1005,11,11_apples_tree_sisters_wine,0.6593888
Pod_1006,17,17_crooked_tavern_trembles_straight,0.6037407
Pod_1007,11,11_apples_tree_sisters_wine,1.0
Pod_1008,11,11_apples_tree_sisters_wine,1.0
Pod_1009,11,11_apples_tree_sisters_wine,1.0
Pod_1010,5,5_matchmaker_vodka_melody_wedding,0.25998467
Pod_1011,11,11_apples_tree_sisters_wine,0.5969561
Pod_1012,8,8_june_march_saint_day,0.6996525
Pod_1013,9,9_wedding_crows_crow_married,0.3016648
Pod_1014,11,11_apples_tree_sisters_wine,0.38440254
Pod_1015,11,11_apples_tree_sisters_wine,0.28618237
Pod_1016,7,7_legs_calf_reed_nest,0.24837126
Pod_1017,9,9_wedding_crows_crow_married,0.46605158
Pod_1018,6,6_sparrow_cabbage_pea_chirp,0.6298089
Pod_1019,9,9_wedding_crows_crow_married,0.21335495
Pod_1020,16,16_wolf_bear_anne_leg,0.3858315
Pod_1021,16,16_wolf_bear_anne_leg,0.2667226
Pod_1022,17,17_crooked_tavern_trembles_straight,0.16610242
Pod_1023,16,16_wolf_bear_anne_leg,0.3141205
Pod_1024,16,16_wolf_bear_anne_leg,0.31065887
Pod_1025,6,6_sparrow_cabbage_pea_chirp,0.42271733
Pod_1026,17,17_crooked_tavern_trembles_straight,0.74192935
Pod_1027,16,16_wolf_bear_anne_leg,0.52109694
Pod_1028,17,17_crooked_tavern_trembles_straight,0.74192935
Pod_1029,17,17_crooked_tavern_trembles_straight,0.30822736
Pod_1030,17,17_crooked_tavern_trembles_straight,0.6611363
Pod_1031,11,11_apples_tree_sisters_wine,1.0
Pod_1032,11,11_apples_tree_sisters_wine,0.23395881
Pod_1033,11,11_apples_tree_sisters_wine,0.6723045
Pod_1034,9,9_wedding_crows_crow_married,0.22923264
Pod_1035,11,11_apples_tree_sisters_wine,0.30967236
Pod_1036,9,9_wedding_crows_crow_married,0.6589376
Pod_1037,9,9_wedding_crows_crow_married,0.44200093
Pod_1038,9,9_wedding_crows_crow_married,0.76149964
Pod_1039,11,11_apples_tree_sisters_wine,0.6011224
Pod_1040,14,14_herd_dog_tail_turning,1.0
Pod_1041,17,17_crooked_tavern_trembles_straight,1.0
Pod_1042,5,5_matchmaker_vodka_melody_wedding,1.0
Pod_1043,5,5_matchmaker_vodka_melody_wedding,0.50623643
Pod_1044,13,13_bake_basket_bells_eggs,0.91653717
Pod_1045,1,1_nicholas_saint_blessed_god,0.36425418
Pod_1046,15,15_bow_fall_sail_singing,0.30808058
Pod_1047,12,12_march_thirty_month_june,0.34179655
Pod_1048,15,15_bow_fall_sail_singing,0.58624357
Pod_1049,0,0_servant_cat_wreath_horse,0.0
Pod_1050,0,0_servant_cat_wreath_horse,0.0
Pod_1051,0,0_servant_cat_wreath_horse,0.0
Pod_1052,6,6_sparrow_cabbage_pea_chirp,0.7758953
Pod_1053,14,14_herd_dog_tail_turning,0.3181012
Pod_1054,12,12_march_thirty_month_june,0.63146573
Pod_1055,11,11_apples_tree_sisters_wine,0.5099842
Pod_1056,4,4_servants_thousand_soul_book,0.30121672
Pod_1057,15,15_bow_fall_sail_singing,0.5931366
Pod_1058,15,15_bow_fall_sail_singing,0.6093578
Pod_1059,10,10_wheat_barley_rye_pea,0.3331299
Pod_1060,9,9_wedding_crows_crow_married,0.41045538
Pod_1061,7,7_legs_calf_reed_nest,0.2450981
Pod_1062,4,4_servants_thousand_soul_book,0.27786767
Pod_1063,9,9_wedding_crows_crow_married,0.18504912
Pod_1064,11,11_apples_tree_sisters_wine,0.4493022
Pod_1065,18,18_hats_hat_cap_hay,0.3401329
Pod_1066,15,15_bow_fall_sail_singing,0.26851723
Pod_1067,14,14_herd_dog_tail_turning,0.41747048
Pod_1068,9,9_wedding_crows_crow_married,0.39808056
Pod_1069,17,17_crooked_tavern_trembles_straight,0.7021012
Pod_1070,17,17_crooked_tavern_trembles_straight,0.75604063
Pod_1071,17,17_crooked_tavern_trembles_straight,0.67256063
Pod_1072,12,12_march_thirty_month_june,1.0
Pod_1073,9,9_wedding_crows_crow_married,0.74630606
Pod_1074,11,11_apples_tree_sisters_wine,1.0
Pod_1075,2,2_beer_beer drink_drank_eating,0.47842985
Pod_1076,8,8_june_march_saint_day,0.41712758
Pod_1078,11,11_apples_tree_sisters_wine,0.39614248
Pod_1079,4,4_servants_thousand_soul_book,0.6750686
Pod_1080,0,0_servant_cat_wreath_horse,0.0
Pod_1081,11,11_apples_tree_sisters_wine,1.0
Pod_1082,4,4_servants_thousand_soul_book,0.23122111
Pod_1083,4,4_servants_thousand_soul_book,0.36879736
Pod_1084,7,7_legs_calf_reed_nest,0.27843067
Pod_1085,7,7_legs_calf_reed_nest,0.3820712
Pod_1086,4,4_servants_thousand_soul_book,0.23543881
Pod_1087,4,4_servants_thousand_soul_book,0.1772753
Pod_1088,7,7_legs_calf_reed_nest,0.20149034
Pod_1089,7,7_legs_calf_reed_nest,0.19361976
Pod_1090,6,6_sparrow_cabbage_pea_chirp,0.40252012
Pod_1091,11,11_apples_tree_sisters_wine,0.4607017
Pod_1092,7,7_legs_calf_reed_nest,0.5241006
Pod_1093,11,11_apples_tree_sisters_wine,0.6021968
Pod_1094,9,9_wedding_crows_crow_married,0.51902074
Pod_1095,11,11_apples_tree_sisters_wine,0.58617985
Pod_1096,14,14_herd_dog_tail_turning,0.27313414
Pod_1097,8,8_june_march_saint_day,0.82924265
Pod_1098,8,8_june_march_saint_day,0.9383163
Pod_1099,11,11_apples_tree_sisters_wine,0.47758344
Pod_1100,11,11_apples_tree_sisters_wine,0.5185009
Pod_1101,6,6_sparrow_cabbage_pea_chirp,0.51280296
Pod_1102,11,11_apples_tree_sisters_wine,0.5402575
Pod_1103,11,11_apples_tree_sisters_wine,0.64115566
Pod_1104,7,7_legs_calf_reed_nest,0.35468823
Pod_1105,14,14_herd_dog_tail_turning,0.42871362
Pod_1106,14,14_herd_dog_tail_turning,0.52278847
Pod_1107,14,14_herd_dog_tail_turning,0.41069478
Pod_1108,14,14_herd_dog_tail_turning,0.46463794
Pod_1109,9,9_wedding_crows_crow_married,0.38830096
Pod_1110,17,17_crooked_tavern_trembles_straight,0.5473243
Pod_1111,13,13_bake_basket_bells_eggs,0.3030677
Pod_1112,11,11_apples_tree_sisters_wine,0.29613817
Pod_1113,5,5_matchmaker_vodka_melody_wedding,0.44248495
Pod_1114,14,14_herd_dog_tail_turning,0.3982651
Pod_1115,12,12_march_thirty_month_june,0.5755246
Pod_1116,12,12_march_thirty_month_june,0.62161493
Pod_1117,9,9_wedding_crows_crow_married,0.5115295
Pod_1118,0,0_servant_cat_wreath_horse,0.0
Pod_1119,0,0_servant_cat_wreath_horse,0.0
Pod_1121,9,9_wedding_crows_crow_married,0.38175088
Pod_1122,17,17_crooked_tavern_trembles_straight,0.85832185
Pod_1123,0,0_servant_cat_wreath_horse,0.0
Pod_1124,17,17_crooked_tavern_trembles_straight,0.48175782
Pod_1125,8,8_june_march_saint_day,0.3333935
Pod_1126,0,0_servant_cat_wreath_horse,0.0
Pod_1127,9,9_wedding_crows_crow_married,0.7314738
Pod_1128,6,6_sparrow_cabbage_pea_chirp,0.5622248
Pod_1129,6,6_sparrow_cabbage_pea_chirp,0.5622248
Pod_1130,6,6_sparrow_cabbage_pea_chirp,0.25184762
Pod_1131,6,6_sparrow_cabbage_pea_chirp,0.32229275
Pod_1132,8,8_june_march_saint_day,0.30431902
Pod_1133,0,0_servant_cat_wreath_horse,0.0
Pod_1134,6,6_sparrow_cabbage_pea_chirp,0.28803423
Pod_1135,8,8_june_march_saint_day,0.38769254
Pod_1136,9,9_wedding_crows_crow_married,0.8392277
Pod_1137,11,11_apples_tree_sisters_wine,0.37072983
Pod_1138,8,8_june_march_saint_day,0.36200052
Pod_1139,8,8_june_march_saint_day,0.3782316
Pod_1140,5,5_matchmaker_vodka_melody_wedding,0.25711882
Pod_1141,6,6_sparrow_cabbage_pea_chirp,0.35420954
Pod_1142,6,6_sparrow_cabbage_pea_chirp,0.5104522
Pod_1143,6,6_sparrow_cabbage_pea_chirp,0.43039337
Pod_1144,0,0_servant_cat_wreath_horse,0.0
Pod_1145,9,9_wedding_crows_crow_married,0.41190055
Pod_1146,5,5_matchmaker_vodka_melody_wedding,0.49250776
Pod_1147,10,10_wheat_barley_rye_pea,1.0
Pod_1148,5,5_matchmaker_vodka_melody_wedding,0.32450217
Pod_1149,6,6_sparrow_cabbage_pea_chirp,0.63314223
Pod_1150,13,13_bake_basket_bells_eggs,0.56927687
Pod_1151,6,6_sparrow_cabbage_pea_chirp,1.0
Pod_1152,5,5_matchmaker_vodka_melody_wedding,0.56661993
Pod_1153,18,18_hats_hat_cap_hay,0.9001112
Pod_1154,18,18_hats_hat_cap_hay,0.6776419
Pod_1155,7,7_legs_calf_reed_nest,0.43719065
Pod_1156,11,11_apples_tree_sisters_wine,1.0
Pod_1157,18,18_hats_hat_cap_hay,0.740194
Pod_1158,10,10_wheat_barley_rye_pea,0.38612875
Pod_1159,10,10_wheat_barley_rye_pea,0.43844494
Pod_1160,18,18_hats_hat_cap_hay,0.37068656
Pod_1161,15,15_bow_fall_sail_singing,0.36079597
Pod_1162,10,10_wheat_barley_rye_pea,0.35367474
Pod_1163,10,10_wheat_barley_rye_pea,0.3711342
Pod_1164,10,10_wheat_barley_rye_pea,0.3711342
Pod_1165,10,10_wheat_barley_rye_pea,0.59797335
Pod_1166,10,10_wheat_barley_rye_pea,0.36066073
Pod_1167,10,10_wheat_barley_rye_pea,0.59797335
Pod_1168,18,18_hats_hat_cap_hay,0.24120115
Pod_1169,4,4_servants_thousand_soul_book,0.33312207
Pod_1170,16,16_wolf_bear_anne_leg,0.25593093
Pod_1171,10,10_wheat_barley_rye_pea,0.1996636
Pod_1172,6,6_sparrow_cabbage_pea_chirp,0.2958517
Pod_1173,17,17_crooked_tavern_trembles_straight,0.3343497
Pod_1174,17,17_crooked_tavern_trembles_straight,0.42027596
Pod_1175,17,17_crooked_tavern_trembles_straight,0.39325073
Pod_1176,7,7_legs_calf_reed_nest,0.39895332
Pod_1177,15,15_bow_fall_sail_singing,0.3452183
Pod_1178,7,7_legs_calf_reed_nest,0.25892738
Pod_1179,2,2_beer_beer drink_drank_eating,1.0
Pod_1180,8,8_june_march_saint_day,0.6412482
Pod_1181,9,9_wedding_crows_crow_married,0.5907768
Pod_1182,9,9_wedding_crows_crow_married,0.7477803
Pod_1183,9,9_wedding_crows_crow_married,0.71591
Pod_1184,9,9_wedding_crows_crow_married,0.4122276
Pod_1185,9,9_wedding_crows_crow_married,0.4054929
Pod_1186,12,12_march_thirty_month_june,0.57553506
Pod_1187,9,9_wedding_crows_crow_married,0.7176564
Pod_1188,6,6_sparrow_cabbage_pea_chirp,0.49750713
Pod_1189,6,6_sparrow_cabbage_pea_chirp,1.0
Pod_1190,9,9_wedding_crows_crow_married,0.4473012
Pod_1191,10,10_wheat_barley_rye_pea,0.7336035
Pod_1192,10,10_wheat_barley_rye_pea,0.29144612
Pod_1193,12,12_march_thirty_month_june,0.74077386
Pod_1194,1,1_nicholas_saint_blessed_god,0.22626448
Pod_1195,16,16_wolf_bear_anne_leg,0.79014546
Pod_1196,17,17_crooked_tavern_trembles_straight,0.43237656
Pod_1197,2,2_beer_beer drink_drank_eating,0.2528343
Pod_1198,5,5_matchmaker_vodka_melody_wedding,0.22617699
Pod_1199,2,2_beer_beer drink_drank_eating,0.22040445
Pod_1200,1,1_nicholas_saint_blessed_god,0.17110859
Pod_1201,11,11_apples_tree_sisters_wine,0.15458843
Pod_1202,14,14_herd_dog_tail_turning,0.2574292
Pod_1203,6,6_sparrow_cabbage_pea_chirp,0.17868038
Pod_1204,14,14_herd_dog_tail_turning,0.22019406
Pod_1205,6,6_sparrow_cabbage_pea_chirp,0.5875032
Pod_1206,14,14_herd_dog_tail_turning,0.3084317
Pod_1207,7,7_legs_calf_reed_nest,0.25940576
Pod_1208,6,6_sparrow_cabbage_pea_chirp,0.27317008
Pod_1209,2,2_beer_beer drink_drank_eating,0.47690442
Pod_1210,6,6_sparrow_cabbage_pea_chirp,0.21659267
Pod_1211,2,2_beer_beer drink_drank_eating,0.29243258
Pod_1212,2,2_beer_beer drink_drank_eating,0.21817641
Pod_1213,5,5_matchmaker_vodka_melody_wedding,0.43933317
Pod_1214,10,10_wheat_barley_rye_pea,0.35418597
Pod_1215,10,10_wheat_barley_rye_pea,0.29684934
Pod_1216,6,6_sparrow_cabbage_pea_chirp,0.2804962
Pod_1217,5,5_matchmaker_vodka_melody_wedding,0.4323057
Pod_1218,2,2_beer_beer drink_drank_eating,0.3671146
Pod_1219,6,6_sparrow_cabbage_pea_chirp,0.70402604
Pod_1220,6,6_sparrow_cabbage_pea_chirp,0.841667
Pod_1221,2,2_beer_beer drink_drank_eating,0.24321282
Pod_1222,14,14_herd_dog_tail_turning,0.4937266
Pod_1223,8,8_june_march_saint_day,0.28418824
Pod_1224,14,14_herd_dog_tail_turning,0.46892285
Pod_1225,10,10_wheat_barley_rye_pea,0.5550543
Pod_1226,1,1_nicholas_saint_blessed_god,0.3470042
Pod_1227,1,1_nicholas_saint_blessed_god,0.50633293
Pod_1228,1,1_nicholas_saint_blessed_god,0.6742976
Pod_1229,13,13_bake_basket_bells_eggs,0.47252223
Pod_1231,6,6_sparrow_cabbage_pea_chirp,1.0
Pod_1232,1,1_nicholas_saint_blessed_god,0.33409145
Pod_1233,1,1_nicholas_saint_blessed_god,0.3392623
Pod_1234,15,15_bow_fall_sail_singing,0.713713
Pod_1235,1,1_nicholas_saint_blessed_god,0.3808369
Pod_1236,1,1_nicholas_saint_blessed_god,0.8153147
Pod_1237,15,15_bow_fall_sail_singing,0.61148345
Pod_1238,8,8_june_march_saint_day,0.2502863
Pod_1239,1,1_nicholas_saint_blessed_god,0.27453244
Pod_1240,14,14_herd_dog_tail_turning,0.2391492
Pod_1241,13,13_bake_basket_bells_eggs,0.33977938
Pod_1243,1,1_nicholas_saint_blessed_god,0.7650108
Pod_1244,15,15_bow_fall_sail_singing,1.0
Pod_1245,8,8_june_march_saint_day,0.34753165
Pod_1246,8,8_june_march_saint_day,0.37343922
Pod_1247,4,4_servants_thousand_soul_book,0.26624715
Pod_1248,9,9_wedding_crows_crow_married,0.40688005
Pod_1250,1,1_nicholas_saint_blessed_god,0.5391043
Pod_1251,1,1_nicholas_saint_blessed_god,0.568791
Pod_1252,8,8_june_march_saint_day,0.26036254
Pod_1253,10,10_wheat_barley_rye_pea,0.30599648
Pod_1254,8,8_june_march_saint_day,0.32246575
Pod_1255,16,16_wolf_bear_anne_leg,0.35612065
Pod_1256,0,0_servant_cat_wreath_horse,0.0
Pod_1257,8,8_june_march_saint_day,0.37381524
Pod_1258,2,2_beer_beer drink_drank_eating,0.6976744
Pod_1259,14,14_herd_dog_tail_turning,0.71247756
Pod_1260,16,16_wolf_bear_anne_leg,0.39642116
Pod_1261,0,0_servant_cat_wreath_horse,0.0
Pod_1262,0,0_servant_cat_wreath_horse,0.0
Pod_1263,2,2_beer_beer drink_drank_eating,0.3851189
Pod_1264,2,2_beer_beer drink_drank_eating,1.0
Pod_1265,6,6_sparrow_cabbage_pea_chirp,0.55744964
Pod_1266,6,6_sparrow_cabbage_pea_chirp,0.4900879
Pod_1267,6,6_sparrow_cabbage_pea_chirp,0.4889053
Pod_1268,18,18_hats_hat_cap_hay,0.35628498
Pod_1269,8,8_june_march_saint_day,0.2071834
Pod_1270,13,13_bake_basket_bells_eggs,0.5764712
Pod_1271,1,1_nicholas_saint_blessed_god,0.55751723
Pod_1272,1,1_nicholas_saint_blessed_god,0.6024534
Pod_1273,1,1_nicholas_saint_blessed_god,0.47167245
Pod_1275,9,9_wedding_crows_crow_married,0.3042701
Pod_1276,9,9_wedding_crows_crow_married,0.6952403
Pod_1277,15,15_bow_fall_sail_singing,0.79468423
Pod_1278,7,7_legs_calf_reed_nest,0.560584
Pod_1279,13,13_bake_basket_bells_eggs,0.40964115
Pod_1281,5,5_matchmaker_vodka_melody_wedding,0.6079701
Pod_1282,1,1_nicholas_saint_blessed_god,0.7582203
Pod_1283,10,10_wheat_barley_rye_pea,0.26297283
Pod_1284,1,1_nicholas_saint_blessed_god,0.60974306
Pod_1285,1,1_nicholas_saint_blessed_god,0.43073508
Pod_1286,1,1_nicholas_saint_blessed_god,0.6650851
Pod_1287,1,1_nicholas_saint_blessed_god,0.60424435
Pod_1288,9,9_wedding_crows_crow_married,0.6596096
Pod_1289,1,1_nicholas_saint_blessed_god,1.0
Pod_1290,6,6_sparrow_cabbage_pea_chirp,0.45282802
Pod_1291,1,1_nicholas_saint_blessed_god,0.5006719
Pod_1292,15,15_bow_fall_sail_singing,0.2553776
Pod_1293,6,6_sparrow_cabbage_pea_chirp,0.4369388
Pod_1294,18,18_hats_hat_cap_hay,0.5718136
Pod_1295,14,14_herd_dog_tail_turning,0.8923061
Pod_1296,14,14_herd_dog_tail_turning,0.4705886
Pod_1297,11,11_apples_tree_sisters_wine,0.8100492
Pod_1298,11,11_apples_tree_sisters_wine,0.923301
Pod_1299,9,9_wedding_crows_crow_married,0.7835397
Pod_1300,10,10_wheat_barley_rye_pea,0.2536882
Pod_1301,10,10_wheat_barley_rye_pea,0.36032704
Pod_1302,1,1_nicholas_saint_blessed_god,0.96437633
Pod_1303,1,1_nicholas_saint_blessed_god,0.5752693
Pod_1304,1,1_nicholas_saint_blessed_god,0.16679369
Pod_1305,1,1_nicholas_saint_blessed_god,0.68076944
Pod_1306,10,10_wheat_barley_rye_pea,0.34681973
Pod_1307,1,1_nicholas_saint_blessed_god,0.64580405
Pod_1308,1,1_nicholas_saint_blessed_god,0.70284736
Pod_1309,4,4_servants_thousand_soul_book,0.40695685
Pod_1310,9,9_wedding_crows_crow_married,0.311607
Pod_1311,1,1_nicholas_saint_blessed_god,0.33477458
Pod_1312,1,1_nicholas_saint_blessed_god,0.57581186
Pod_1313,1,1_nicholas_saint_blessed_god,0.51246077
Pod_1314,1,1_nicholas_saint_blessed_god,0.33653238
Pod_1315,5,5_matchmaker_vodka_melody_wedding,0.1536383
Pod_1318,7,7_legs_calf_reed_nest,0.4109448
Pod_1319,10,10_wheat_barley_rye_pea,0.5310474
Pod_1320,1,1_nicholas_saint_blessed_god,0.5179952
Pod_1321,6,6_sparrow_cabbage_pea_chirp,0.33997384
Pod_1322,1,1_nicholas_saint_blessed_god,0.56093144
Pod_1323,6,6_sparrow_cabbage_pea_chirp,0.49752477
Pod_1324,6,6_sparrow_cabbage_pea_chirp,0.40157524
Pod_1325,1,1_nicholas_saint_blessed_god,0.32985717
Pod_1326,1,1_nicholas_saint_blessed_god,0.80866706
Pod_1327,1,1_nicholas_saint_blessed_god,0.41521877
Pod_1328,4,4_servants_thousand_soul_book,0.40183395
Pod_1329,4,4_servants_thousand_soul_book,0.37936264
Pod_1330,1,1_nicholas_saint_blessed_god,0.27148438
Pod_1331,8,8_june_march_saint_day,0.5108518
Pod_1332,18,18_hats_hat_cap_hay,0.7632429
Pod_1333,11,11_apples_tree_sisters_wine,0.45503893
Pod_1334,7,7_legs_calf_reed_nest,0.38215482
Pod_1335,9,9_wedding_crows_crow_married,0.86557806
Pod_1336,11,11_apples_tree_sisters_wine,0.40469676
Pod_1337,1,1_nicholas_saint_blessed_god,0.45383313
Pod_1338,1,1_nicholas_saint_blessed_god,0.85003376
Pod_1339,9,9_wedding_crows_crow_married,0.27356544
Pod_1340,14,14_herd_dog_tail_turning,0.5629391
Pod_1341,14,14_herd_dog_tail_turning,0.5629391
Pod_1342,6,6_sparrow_cabbage_pea_chirp,0.35038704
Pod_1343,15,15_bow_fall_sail_singing,0.4908253
Pod_1344,1,1_nicholas_saint_blessed_god,0.7651064
Pod_1345,1,1_nicholas_saint_blessed_god,0.2706106
Pod_1346,16,16_wolf_bear_anne_leg,0.16348809
Pod_1347,1,1_nicholas_saint_blessed_god,0.62532467
Pod_1348,9,9_wedding_crows_crow_married,0.3696621
Pod_1349,7,7_legs_calf_reed_nest,0.2507475
Pod_1350,7,7_legs_calf_reed_nest,0.2755851
Pod_1351,1,1_nicholas_saint_blessed_god,0.7412836
Pod_1352,10,10_wheat_barley_rye_pea,0.51012063
Pod_1353,1,1_nicholas_saint_blessed_god,0.58595
Pod_1354,8,8_june_march_saint_day,0.3319668
Pod_1355,8,8_june_march_saint_day,0.38970682
Pod_1356,1,1_nicholas_saint_blessed_god,0.4030883
Pod_1357,5,5_matchmaker_vodka_melody_wedding,0.41681206
Pod_1358,1,1_nicholas_saint_blessed_god,0.26323074
Pod_1359,1,1_nicholas_saint_blessed_god,0.58700514
Pod_1360,14,14_herd_dog_tail_turning,0.3318383
Pod_1361,1,1_nicholas_saint_blessed_god,0.62022614
Pod_1362,1,1_nicholas_saint_blessed_god,0.62423265
Pod_1363,1,1_nicholas_saint_blessed_god,0.66602117
Pod_1364,1,1_nicholas_saint_blessed_god,0.5108417
Pod_1365,14,14_herd_dog_tail_turning,0.43682566
Pod_1366,1,1_nicholas_saint_blessed_god,0.63351524
Pod_1367,1,1_nicholas_saint_blessed_god,0.46295807
Pod_1368,9,9_wedding_crows_crow_married,0.40826687
Pod_1369,1,1_nicholas_saint_blessed_god,0.4737114
Pod_1370,1,1_nicholas_saint_blessed_god,0.5050765
Pod_1371,7,7_legs_calf_reed_nest,0.20402294
Pod_1372,1,1_nicholas_saint_blessed_god,0.65364164
Pod_1373,18,18_hats_hat_cap_hay,0.4732924
Pod_1374,1,1_nicholas_saint_blessed_god,0.6221446
Pod_1375,1,1_nicholas_saint_blessed_god,0.7341821
Pod_1376,1,1_nicholas_saint_blessed_god,0.6582085
Pod_1377,1,1_nicholas_saint_blessed_god,0.42285714
Pod_1378,11,11_apples_tree_sisters_wine,0.83425695
Pod_1379,11,11_apples_tree_sisters_wine,0.7499793
Pod_1380,11,11_apples_tree_sisters_wine,0.8228754
Pod_1381,14,14_herd_dog_tail_turning,0.46622238
Pod_1382,14,14_herd_dog_tail_turning,0.41943967
Pod_1383,1,1_nicholas_saint_blessed_god,0.3480471
Pod_1384,6,6_sparrow_cabbage_pea_chirp,0.4758885
Pod_1385,6,6_sparrow_cabbage_pea_chirp,0.44861177
Pod_1386,1,1_nicholas_saint_blessed_god,0.5763973
Pod_1387,1,1_nicholas_saint_blessed_god,0.5501937
Pod_1388,15,15_bow_fall_sail_singing,0.39360705
Pod_1389,1,1_nicholas_saint_blessed_god,0.758115
Pod_1390,1,1_nicholas_saint_blessed_god,0.39613694
Pod_1391,10,10_wheat_barley_rye_pea,0.2889537
Pod_1392,10,10_wheat_barley_rye_pea,0.29156893
Pod_1393,1,1_nicholas_saint_blessed_god,0.39062768
Pod_1394,1,1_nicholas_saint_blessed_god,0.6765367
Pod_1395,1,1_nicholas_saint_blessed_god,0.5945904
Pod_1396,1,1_nicholas_saint_blessed_god,0.56287736
Pod_1397,1,1_nicholas_saint_blessed_god,0.44512844
Pod_1398,1,1_nicholas_saint_blessed_god,0.37977326
Pod_1399,1,1_nicholas_saint_blessed_god,0.4843037
Pod_1400,16,16_wolf_bear_anne_leg,0.34006575
Pod_1401,1,1_nicholas_saint_blessed_god,0.7842981
Pod_1402,1,1_nicholas_saint_blessed_god,0.25080982
Pod_1403,1,1_nicholas_saint_blessed_god,0.24806508
Pod_1404,9,9_wedding_crows_crow_married,0.7775461
Pod_1405,9,9_wedding_crows_crow_married,1.0
Pod_1406,1,1_nicholas_saint_blessed_god,0.506734
Pod_1407,8,8_june_march_saint_day,0.39472395
Pod_1408,1,1_nicholas_saint_blessed_god,0.47779337
Pod_1409,14,14_herd_dog_tail_turning,0.51677805
Pod_1410,10,10_wheat_barley_rye_pea,0.37921038
Pod_1411,4,4_servants_thousand_soul_book,1.0
Pod_1412,6,6_sparrow_cabbage_pea_chirp,0.54234636
Pod_1413,0,0_servant_cat_wreath_horse,0.0
Pod_1414,8,8_june_march_saint_day,0.5102716
Pod_1415,1,1_nicholas_saint_blessed_god,0.47166693
Pod_1416,9,9_wedding_crows_crow_married,0.44762304
Pod_1417,2,2_beer_beer drink_drank_eating,0.30401617
Pod_1418,17,17_crooked_tavern_trembles_straight,0.40887508
Pod_1419,9,9_wedding_crows_crow_married,0.5788832
Pod_1420,6,6_sparrow_cabbage_pea_chirp,0.5921122
Pod_1421,2,2_beer_beer drink_drank_eating,0.21454905
Pod_1422,13,13_bake_basket_bells_eggs,1.0
Pod_1423,9,9_wedding_crows_crow_married,0.30462563
Pod_1424,13,13_bake_basket_bells_eggs,1.0
Pod_1425,13,13_bake_basket_bells_eggs,0.44977817
Pod_1426,3,3_oxen_gentlemen_peasants_plow,0.6587756
Pod_1427,8,8_june_march_saint_day,0.37778455
Pod_1428,5,5_matchmaker_vodka_melody_wedding,1.0
Pod_1429,15,15_bow_fall_sail_singing,0.27864254
Pod_1430,0,0_servant_cat_wreath_horse,0.0
Pod_1431,11,11_apples_tree_sisters_wine,0.54174936
Pod_1432,6,6_sparrow_cabbage_pea_chirp,0.67978793
Pod_1433,9,9_wedding_crows_crow_married,0.5044624
Pod_1434,15,15_bow_fall_sail_singing,0.5674114
Pod_1435,10,10_wheat_barley_rye_pea,1.0
Pod_1436,9,9_wedding_crows_crow_married,0.44580054
Pod_1437,0,0_servant_cat_wreath_horse,0.0
Pod_1438,14,14_herd_dog_tail_turning,1.0
Pod_1439,10,10_wheat_barley_rye_pea,0.2001907
Pod_1440,7,7_legs_calf_reed_nest,0.3021183
Pod_1441,9,9_wedding_crows_crow_married,1.0
Pod_1442,0,0_servant_cat_wreath_horse,0.0
Pod_1443,0,0_servant_cat_wreath_horse,0.0
Pod_1444,13,13_bake_basket_bells_eggs,1.0
Pod_1445,9,9_wedding_crows_crow_married,0.5072115
Pod_1446,11,11_apples_tree_sisters_wine,0.4727494
Pod_1447,15,15_bow_fall_sail_singing,0.43209693
Pod_1448,8,8_june_march_saint_day,1.0
Pod_1449,0,0_servant_cat_wreath_horse,0.0
Pod_1450,9,9_wedding_crows_crow_married,0.59359616
Pod_1451,9,9_wedding_crows_crow_married,0.9000509
Pod_1452,2,2_beer_beer drink_drank_eating,0.5282213
Pod_1453,6,6_sparrow_cabbage_pea_chirp,0.47040826
Pod_1454,0,0_servant_cat_wreath_horse,0.0
Pod_1455,2,2_beer_beer drink_drank_eating,0.40166214
Pod_1456,4,4_servants_thousand_soul_book,0.3264226
Pod_1457,7,7_legs_calf_reed_nest,0.28536162
Pod_1458,8,8_june_march_saint_day,0.6034886
Pod_1459,4,4_servants_thousand_soul_book,1.0
Pod_1460,6,6_sparrow_cabbage_pea_chirp,1.0
Pod_1461,0,0_servant_cat_wreath_horse,0.0
Pod_1462,2,2_beer_beer drink_drank_eating,0.5209352
Pod_1463,8,8_june_march_saint_day,1.0
Pod_1464,9,9_wedding_crows_crow_married,1.0
Pod_1465,13,13_bake_basket_bells_eggs,0.54282194
Pod_1466,13,13_bake_basket_bells_eggs,0.7561332
Pod_1467,3,3_oxen_gentlemen_peasants_plow,0.44181943
Pod_1468,8,8_june_march_saint_day,0.8377224
Pod_1470,10,10_wheat_barley_rye_pea,0.23094182
Pod_1471,9,9_wedding_crows_crow_married,0.6027932
Pod_1472,15,15_bow_fall_sail_singing,1.0
Pod_1473,9,9_wedding_crows_crow_married,0.6270119
Pod_1474,4,4_servants_thousand_soul_book,0.69001997
Pod_1475,4,4_servants_thousand_soul_book,0.4203826
Pod_1476,1,1_nicholas_saint_blessed_god,0.3007173
Pod_1477,4,4_servants_thousand_soul_book,0.37025526
Pod_1478,1,1_nicholas_saint_blessed_god,0.27841172
Pod_1479,9,9_wedding_crows_crow_married,0.73882604
Pod_1480,9,9_wedding_crows_crow_married,1.0
Pod_1481,8,8_june_march_saint_day,0.34905463
Pod_1482,13,13_bake_basket_bells_eggs,0.49444735
Pod_1483,16,16_wolf_bear_anne_leg,0.39884508
Pod_1484,6,6_sparrow_cabbage_pea_chirp,0.43772307
Pod_1485,11,11_apples_tree_sisters_wine,0.29853904
Pod_1486,11,11_apples_tree_sisters_wine,0.32609957
Pod_1487,11,11_apples_tree_sisters_wine,0.82308066
Pod_1488,10,10_wheat_barley_rye_pea,1.0
Pod_1489,1,1_nicholas_saint_blessed_god,0.46719262
Pod_1490,11,11_apples_tree_sisters_wine,0.50600815
Pod_1491,3,3_oxen_gentlemen_peasants_plow,0.5749282
Pod_1492,8,8_june_march_saint_day,1.0
Pod_1493,5,5_matchmaker_vodka_melody_wedding,1.0
Pod_1494,13,13_bake_basket_bells_eggs,1.0
Pod_1495,13,13_bake_basket_bells_eggs,1.0
Pod_1496,9,9_wedding_crows_crow_married,0.67114055
Pod_1497,12,12_march_thirty_month_june,0.53524405
Pod_1498,0,0_servant_cat_wreath_horse,0.0
Pod_1499,10,10_wheat_barley_rye_pea,0.6994992
Pod_1500,6,6_sparrow_cabbage_pea_chirp,0.38074213
Pod_1501,9,9_wedding_crows_crow_married,0.350588
Pod_1503,4,4_servants_thousand_soul_book,0.8120822
Pod_1504,9,9_wedding_crows_crow_married,1.0
Pod_1505,8,8_june_march_saint_day,0.5664124
Pod_1506,8,8_june_march_saint_day,0.5664124
Pod_1507,14,14_herd_dog_tail_turning,0.42425507
Pod_1508,15,15_bow_fall_sail_singing,1.0
Pod_1509,1,1_nicholas_saint_blessed_god,0.47534263
Pod_1510,9,9_wedding_crows_crow_married,0.40745533
Pod_1511,9,9_wedding_crows_crow_married,0.6782593
Pod_1512,18,18_hats_hat_cap_hay,1.0
Pod_1513,0,0_servant_cat_wreath_horse,0.0
Pod_1514,0,0_servant_cat_wreath_horse,0.0
Pod_1515,13,13_bake_basket_bells_eggs,0.3019222
Pod_1516,1,1_nicholas_saint_blessed_god,0.37497512
Pod_1517,1,1_nicholas_saint_blessed_god,0.5100293
Pod_1518,8,8_june_march_saint_day,0.76519364
Pod_1519,8,8_june_march_saint_day,0.6573263
Pod_1520,0,0_servant_cat_wreath_horse,0.0
Pod_1521,0,0_servant_cat_wreath_horse,0.0
Pod_1522,0,0_servant_cat_wreath_horse,0.0
Pod_1523,10,10_wheat_barley_rye_pea,0.637894
Pod_1524,10,10_wheat_barley_rye_pea,0.72263455
Pod_1525,6,6_sparrow_cabbage_pea_chirp,1.0
Pod_1526,14,14_herd_dog_tail_turning,0.52953243
Pod_1527,18,18_hats_hat_cap_hay,0.44727668
Pod_1528,13,13_bake_basket_bells_eggs,1.0
Pod_1529,14,14_herd_dog_tail_turning,0.34155092
Pod_1530,13,13_bake_basket_bells_eggs,0.3526189
Pod_1531,9,9_wedding_crows_crow_married,0.8142871
Pod_1532,9,9_wedding_crows_crow_married,0.50243324
Pod_1533,8,8_june_march_saint_day,0.45002866
Pod_1534,8,8_june_march_saint_day,0.63578093
Pod_1535,8,8_june_march_saint_day,1.0
Pod_1536,8,8_june_march_saint_day,1.0
Pod_1537,7,7_legs_calf_reed_nest,0.5207986
Pod_1538,4,4_servants_thousand_soul_book,1.0
Pod_1539,2,2_beer_beer drink_drank_eating,0.6388168
Pod_1540,1,1_nicholas_saint_blessed_god,0.468391
Pod_1541,4,4_servants_thousand_soul_book,1.0
Pod_1542,2,2_beer_beer drink_drank_eating,0.49308166
Pod_1543,4,4_servants_thousand_soul_book,0.6376372
Pod_1544,5,5_matchmaker_vodka_melody_wedding,0.73127085
Pod_1545,2,2_beer_beer drink_drank_eating,0.36892584
Pod_1546,2,2_beer_beer drink_drank_eating,0.38894132
Pod_1547,16,16_wolf_bear_anne_leg,0.54043126
Pod_1548,2,2_beer_beer drink_drank_eating,0.43077594
Pod_1549,2,2_beer_beer drink_drank_eating,0.55030686
Pod_1550,2,2_beer_beer drink_drank_eating,0.55030686
Pod_1551,2,2_beer_beer drink_drank_eating,0.41554686
Pod_1552,5,5_matchmaker_vodka_melody_wedding,0.6229915
Pod_1553,2,2_beer_beer drink_drank_eating,0.511697
Pod_1554,0,0_servant_cat_wreath_horse,0.0
Pod_1555,0,0_servant_cat_wreath_horse,0.0
Pod_1556,17,17_crooked_tavern_trembles_straight,1.0
Pod_1557,18,18_hats_hat_cap_hay,1.0
Pod_1558,18,18_hats_hat_cap_hay,1.0
Pod_1559,11,11_apples_tree_sisters_wine,0.616846
Pod_1560,0,0_servant_cat_wreath_horse,0.0
Pod_1561,14,14_herd_dog_tail_turning,0.81941956
Pod_1562,14,14_herd_dog_tail_turning,0.81941956
Pod_1563,0,0_servant_cat_wreath_horse,0.0
Pod_1564,10,10_wheat_barley_rye_pea,1.0
Pod_1565,10,10_wheat_barley_rye_pea,1.0
Pod_1566,10,10_wheat_barley_rye_pea,0.8255631
Pod_1567,5,5_matchmaker_vodka_melody_wedding,0.6224843
Pod_1568,5,5_matchmaker_vodka_melody_wedding,0.6927793
Pod_1569,9,9_wedding_crows_crow_married,0.5091663
Pod_1570,9,9_wedding_crows_crow_married,1.0
Pod_1571,9,9_wedding_crows_crow_married,0.875909
Pod_1572,5,5_matchmaker_vodka_melody_wedding,0.45162004
Pod_1573,7,7_legs_calf_reed_nest,0.20293976
Pod_1574,1,1_nicholas_saint_blessed_god,0.66254145
Pod_1575,12,12_march_thirty_month_june,0.5045606
Pod_1576,5,5_matchmaker_vodka_melody_wedding,0.49353066
Pod_1577,12,12_march_thirty_month_june,0.83524513
Pod_1578,2,2_beer_beer drink_drank_eating,0.44054767
Pod_1579,0,0_servant_cat_wreath_horse,0.0
Pod_1580,9,9_wedding_crows_crow_married,1.0
Pod_1581,10,10_wheat_barley_rye_pea,0.50768363
Pod_1582,9,9_wedding_crows_crow_married,0.8582667
Pod_1583,0,0_servant_cat_wreath_horse,0.0
Pod_1584,7,7_legs_calf_reed_nest,1.0
Pod_1585,13,13_bake_basket_bells_eggs,1.0
Pod_1586,13,13_bake_basket_bells_eggs,1.0
Pod_1587,13,13_bake_basket_bells_eggs,1.0
Pod_1588,9,9_wedding_crows_crow_married,0.5079012
Pod_1589,9,9_wedding_crows_crow_married,0.24451104
Pod_1590,7,7_legs_calf_reed_nest,0.1891595
Pod_1591,15,15_bow_fall_sail_singing,0.81867594
Pod_1592,4,4_servants_thousand_soul_book,0.8132682
Pod_1593,5,5_matchmaker_vodka_melody_wedding,0.34701303
Pod_1594,10,10_wheat_barley_rye_pea,0.34461972
Pod_1595,15,15_bow_fall_sail_singing,0.5337095
Pod_1596,13,13_bake_basket_bells_eggs,0.82075727
Pod_1597,0,0_servant_cat_wreath_horse,0.0
Pod_1598,0,0_servant_cat_wreath_horse,0.0
Pod_1599,13,13_bake_basket_bells_eggs,1.0
Pod_1600,13,13_bake_basket_bells_eggs,1.0
Pod_1601,9,9_wedding_crows_crow_married,0.32408983
Pod_1602,15,15_bow_fall_sail_singing,0.2418666
Pod_1603,8,8_june_march_saint_day,0.7194293
Pod_1604,0,0_servant_cat_wreath_horse,0.0
Pod_1605,4,4_servants_thousand_soul_book,0.43681842
Pod_1606,6,6_sparrow_cabbage_pea_chirp,0.5603983
Pod_1607,9,9_wedding_crows_crow_married,0.7071118
Pod_1608,18,18_hats_hat_cap_hay,0.6020766
Pod_1609,5,5_matchmaker_vodka_melody_wedding,0.29721314
Pod_1610,6,6_sparrow_cabbage_pea_chirp,0.47417155
Pod_1611,17,17_crooked_tavern_trembles_straight,1.0
Pod_1612,2,2_beer_beer drink_drank_eating,0.5991316
Pod_1613,0,0_servant_cat_wreath_horse,0.0
Pod_1614,5,5_matchmaker_vodka_melody_wedding,0.773652
Pod_1615,2,2_beer_beer drink_drank_eating,0.4526343
Pod_1616,5,5_matchmaker_vodka_melody_wedding,0.76180345
Pod_1624,17,17_crooked_tavern_trembles_straight,0.6304628
Pod_1625,5,5_matchmaker_vodka_melody_wedding,0.23236711
Pod_1626,1,1_nicholas_saint_blessed_god,0.36877105
Pod_1627,1,1_nicholas_saint_blessed_god,0.2819482
Pod_1628,5,5_matchmaker_vodka_melody_wedding,0.44932845
Pod_1629,1,1_nicholas_saint_blessed_god,0.39626724
Pod_1630,8,8_june_march_saint_day,0.24772167
Pod_1631,3,3_oxen_gentlemen_peasants_plow,0.78797656
Pod_1632,6,6_sparrow_cabbage_pea_chirp,0.26030573
Pod_1633,3,3_oxen_gentlemen_peasants_plow,0.30525503
Pod_1634,14,14_herd_dog_tail_turning,0.660263
Pod_1635,1,1_nicholas_saint_blessed_god,0.4381856
Pod_1636,9,9_wedding_crows_crow_married,0.472728
Pod_1637,5,5_matchmaker_vodka_melody_wedding,0.29538745
Pod_1638,8,8_june_march_saint_day,0.15009457
Pod_1639,18,18_hats_hat_cap_hay,0.6020766
Pod_1640,1,1_nicholas_saint_blessed_god,0.33546585
Pod_1641,1,1_nicholas_saint_blessed_god,0.31507826
Pod_1642,15,15_bow_fall_sail_singing,0.6186777
Pod_1643,15,15_bow_fall_sail_singing,0.45257342
Vol_16,11,11_apples_tree_sisters_wine,0.5666601
Vol_17,9,9_wedding_crows_crow_married,1.0
Vol_19,11,11_apples_tree_sisters_wine,0.251959
Vol_20,16,16_wolf_bear_anne_leg,0.40355885
Vol_21,11,11_apples_tree_sisters_wine,0.5768044
Vol_22,14,14_herd_dog_tail_turning,0.33232525
Vol_50,9,9_wedding_crows_crow_married,0.40234372
Vol_51,8,8_june_march_saint_day,0.43186942
Vol_52,13,13_bake_basket_bells_eggs,0.8045243
Vol_53,13,13_bake_basket_bells_eggs,0.655507
Vol_54,17,17_crooked_tavern_trembles_straight,0.6786339
Vol_55,13,13_bake_basket_bells_eggs,1.0
Vol_56,0,0_servant_cat_wreath_horse,0.0
Vol_57,4,4_servants_thousand_soul_book,1.0
Vol_58,1,1_nicholas_saint_blessed_god,1.0
Vol_59,0,0_servant_cat_wreath_horse,0.0
Vol_60,9,9_wedding_crows_crow_married,1.0
Vol_61,5,5_matchmaker_vodka_melody_wedding,1.0
Vol_62,3,3_oxen_gentlemen_peasants_plow,0.31584504
Vol_63,6,6_sparrow_cabbage_pea_chirp,1.0
Vol_64,6,6_sparrow_cabbage_pea_chirp,1.0
Vol_65,14,14_herd_dog_tail_turning,0.5337365
Vol_66,11,11_apples_tree_sisters_wine,1.0
Vol_67,6,6_sparrow_cabbage_pea_chirp,1.0
Vol_68,13,13_bake_basket_bells_eggs,0.4334235
Vol_69,12,12_march_thirty_month_june,0.53769547
Vol_70,7,7_legs_calf_reed_nest,0.80009174
Vol_71,11,11_apples_tree_sisters_wine,0.5271887
Vol_72,6,6_sparrow_cabbage_pea_chirp,0.5327047
Vol_73,4,4_servants_thousand_soul_book,0.74786854
Vol_74,2,2_beer_beer drink_drank_eating,0.6837952
Vol_75,5,5_matchmaker_vodka_melody_wedding,0.7738461
Vol_76,5,5_matchmaker_vodka_melody_wedding,0.7774006
Vol_77,5,5_matchmaker_vodka_melody_wedding,0.6062965
Vol_78,5,5_matchmaker_vodka_melody_wedding,0.44884124
Vol_79,9,9_wedding_crows_crow_married,0.8090249
Vol_80,4,4_servants_thousand_soul_book,1.0
Vol_81,0,0_servant_cat_wreath_horse,0.0
Vol_82,14,14_herd_dog_tail_turning,0.46470952
Vol_83,0,0_servant_cat_wreath_horse,0.0
Vol_84,0,0_servant_cat_wreath_horse,0.0
Vol_85,10,10_wheat_barley_rye_pea,0.5093586
Vol_87,12,12_march_thirty_month_june,0.515943
Vol_88,14,14_herd_dog_tail_turning,0.6568021
Vol_89,7,7_legs_calf_reed_nest,0.2669459
Vol_90,9,9_wedding_crows_crow_married,0.6533006
Vol_91,1,1_nicholas_saint_blessed_god,1.0
Vol_116,1,1_nicholas_saint_blessed_god,0.56402147
Vol_117,11,11_apples_tree_sisters_wine,0.5284637
Vol_118,15,15_bow_fall_sail_singing,0.28518525
