Topic,Count,Name,Representation,Representative_Docs
-1,633881,-1_cast_films_film_movie,"['cast', 'films', 'film', 'movie', '2020', 'comedy', 'released', 'character', 'including', 'million']",
0,18441,0_goalscorer_scored_goals_goal,"['goalscorer', 'scored', 'goals', 'goal', 'goalkeeper', 'scorer', 'scoring', 'villa', 'striker', 'penalty']",
1,8518,1_khan_actor_raj_shah,"['khan', 'actor', 'raj', 'shah', 'crore', 'hai', 'actress', 'cast', 'crores', 'raja']",
2,7521,2_married_divorced_couple_remarried,"['married', 'divorced', 'couple', 'remarried', 'engaged', 'divorcing', 'actress', 'wife', 'marriage', 'divorce']",
3,6765,3_cast_actress_starred_actor,"['cast', 'actress', 'starred', 'actor', 'actors', 'starring', 'acting', 'sitcom', 'primetime', 'nominated']",
4,5785,4_wrestle_reigns_wrestled_rumble,"['wrestle', 'reigns', 'wrestled', 'rumble', 'feud', 'wrestler', 'undertaker', 'wrestlers', 'booker', 'wrestling']",
5,5001,5_cuisine_cuisines_foods_culinary,"['cuisine', 'cuisines', 'foods', 'culinary', 'meal', 'rice', 'pork', 'cooking', 'food', 'vegetables']",
6,4238,6_rebounds_harden_assists_scoring,"['rebounds', 'harden', 'assists', 'scoring', 'wade', 'basketball', 'suns', 'steals', 'playoffs', 'curry']",
7,3597,7_touchdowns_interceptions_quarterback_touchdown,"['touchdowns', 'interceptions', 'quarterback', 'touchdown', 'fumble', 'manning', 'quarterbacks', 'interception', 'cornerback', 'yards']",
8,3354,8_goddesses_goddess_mythology_deities,"['goddesses', 'goddess', 'mythology', 'deities', 'gods', 'pantheon', 'worshipped', 'odyssey', 'deity', 'worship']",
9,3133,9_reelection_election_republican_elections,"['reelection', 'election', 'republican', 'elections', 'electoral', 'candidates', 'nominee', 'reelected', 'recount', 'presidential']",
10,2951,10_middleweight_fights_punches_welterweight,"['middleweight', 'fights', 'punches', 'welterweight', 'heavyweight', 'fighter', 'knockout', 'boxer', 'fighters', 'boxing']",
11,2768,11_hitter_hitters_inning_outfielder,"['hitter', 'hitters', 'inning', 'outfielder', 'batting', 'pitching', 'shortstop', 'innings', 'pitcher', 'pitches']",
12,2686,12_yoga_sutra_sutras_meditation,"['yoga', 'sutra', 'sutras', 'meditation', 'dharma', 'bodhisattva', 'bodhisattvas', 'buddha', 'chakra', 'moksha']",
13,2653,13_missile_missiles_aircraft_squadrons,"['missile', 'missiles', 'aircraft', 'squadrons', 'fighter', 'armament', 'aerospace', 'fighters', 'bomber', 'squadron']",
14,2421,14_chassis_vehicle_wheelbase_gearbox,"['chassis', 'vehicle', 'wheelbase', 'gearbox', 'sedan', 'engines', 'wheels', 'turbocharged', 'engine', 'tires']",
15,2362,15_grace_rob_nick_anna,"['grace', 'rob', 'nick', 'anna', 'house', 'discovers', 'realizes', 'killed', 'confronts', 'killer']",
16,2354,16_chlorine_chloride_hydrochloric_hydroxide,"['chlorine', 'chloride', 'hydrochloric', 'hydroxide', 'corrosion', 'salts', 'acids', 'hypochlorite', 'reactions', 'acid']",
17,2234,17_planets_galaxies_planetary_astronomers,"['planets', 'galaxies', 'planetary', 'astronomers', 'dwarf', 'nebulae', 'planet', 'dwarfs', 'galactic', 'milky']",
18,2191,18_matrices_matrix_transpose_eigenvector,"['matrices', 'matrix', 'transpose', 'eigenvector', 'multiplication', 'eigenvectors', 'columns', 'tensors', 'quaternions', 'determinants']",
19,2172,19_rifle_rifles_firearm_firearms,"['rifle', 'rifles', 'firearm', 'firearms', 'ammunition', 'pistols', 'pistol', 'carbine', 'carbines', 'caliber']",
20,2020,20_campuses_colleges_campus_undergraduates,"['campuses', 'colleges', 'campus', 'undergraduates', 'college', 'universities', 'university', 'undergraduate', 'admissions', 'graduates']",
21,1992,21_renewed_seasons_season_airing,"['renewed', 'seasons', 'season', 'airing', '2023', 'episodes', '2022', 'premiered', '2019', 'canceled']",
22,1900,22_climates_climate_weather_temperatures,"['climates', 'climate', 'weather', 'temperatures', 'temperature', 'humidity', 'winters', 'rainfall', 'subtropical', 'colder']",
23,1765,23_benzodiazepines_benzodiazepine_antidepressants_antidepressant,"['benzodiazepines', 'benzodiazepine', 'antidepressants', 'antidepressant', 'diazepam', 'inhibitors', 'naloxone', 'olanzapine', 'opioids', 'alprazolam']",
24,1716,24_consoles_console_gaming_platform,"['consoles', 'console', 'gaming', 'platform', 'gamepad', 'hardware', 'vita', 'pc', 'arcade', 'games']",
25,1660,25_vowel_vowels_consonants_consonant,"['vowel', 'vowels', 'consonants', 'consonant', 'diacritics', 'phonetic', 'pronunciation', 'diacritic', 'syllable', 'syllables']",
26,1592,26_heir_throne_nobility_eldest,"['heir', 'throne', 'nobility', 'eldest', '1536', 'regent', 'nobles', 'earls', 'royal', 'countess']",
27,1552,27_737_airline_airliner_airlines,"['737', 'airline', 'airliner', 'airlines', 'airliners', 'aircraft', 'flights', '747', 'aerospace', 'flight']",
28,1550,28_thermodynamic_thermodynamics_entropy_equilibrium,"['thermodynamic', 'thermodynamics', 'entropy', 'equilibrium', 'temperature', 'thermal', 'macroscopic', 'adiabatic', 'gases', 'kelvin']",
29,1541,29_venom_marvel_spider_doom,"['venom', 'marvel', 'spider', 'doom', 'carnage', 'villain', 'villains', 'fury', 'superhero', 'superheroes']",
30,1540,30_tales_folktales_tale_fairy,"['tales', 'folktales', 'tale', 'fairy', 'stories', 'novels', 'literature', 'folklorists', 'books', 'literary']",
31,1496,31_caesar_augustus_roman_consul,"['caesar', 'augustus', 'roman', 'consul', 'consuls', 'consulship', 'emperors', 'assassinated', 'assassination', 'triumvirate']",
32,1368,32_gospels_testament_disciples_apostle,"['gospels', 'testament', 'disciples', 'apostle', 'apostles', 'scriptures', 'gospel', 'scripture', 'epistle', 'bible']",
33,1360,33_banks_banking_bank_mortgages,"['banks', 'banking', 'bank', 'mortgages', 'finance', 'financial', 'lenders', 'mortgage', 'investors', 'lender']",
34,1358,34_variance_variances_distribution_distributions,"['variance', 'variances', 'distribution', 'distributions', 'statistics', 'deviation', 'statistic', 'statistical', 'deviations', 'expectation']",
35,1331,35_prix_motorsport_raced_racing,"['prix', 'motorsport', 'raced', 'racing', 'qualifying', 'podium', 'overtook', 'laps', 'overtaking', 'podiums']",
36,1324,36_filmed_filming_footage_photography,"['filmed', 'filming', 'footage', 'photography', 'cinematographer', 'film', 'studios', 'filmmakers', 'camera', 'cameras']",
37,1307,37_reactors_reactor_nuclear_fission,"['reactors', 'reactor', 'nuclear', 'fission', 'fissions', 'fissionable', 'plutonium', 'neutron', 'neutrons', 'uranium']",
38,1271,38_mixtape_rapper_thug_mixtapes,"['mixtape', 'rapper', 'thug', 'mixtapes', 'rap', 'rappers', 'raps', 'rapping', 'remix', 'meek']",
39,1255,39_khan_sheikh_maharaja_minister,"['khan', 'sheikh', 'maharaja', 'minister', 'appointed', 'elected', 'constituencies', 'elections', 'constituency', 'parliamentary']",
40,1222,40_symphonies_concertos_symphonic_composers,"['symphonies', 'concertos', 'symphonic', 'composers', 'concerto', 'symphony', 'libretto', 'orchestral', 'composer', 'cantatas']",
41,1215,41_lightsaber_lightsabers_prequels_prequel,"['lightsaber', 'lightsabers', 'prequels', 'prequel', 'han', 'menace', 'rebels', 'ren', 'rebel', 'battlefront']",
42,1198,42_ants_insects_arachnids_arthropods,"['ants', 'insects', 'arachnids', 'arthropods', 'spiders', 'insect', 'wasps', 'tarantulas', 'termites', 'larvae']",
43,1130,43_psychiatric_psychosis_disorders_schizophrenia,"['psychiatric', 'psychosis', 'disorders', 'schizophrenia', 'disorder', 'schizotypal', 'schizoid', 'psychotic', 'psychodynamic', 'bipolar']",
44,1077,44_unionists_unionist_nationalists_loyalist,"['unionists', 'unionist', 'nationalists', 'loyalist', 'protestant', 'loyalists', 'independence', 'cork', 'nationalist', '1922']",
45,1076,45_renewable_renewables_hydroelectricity_hydroelectric,"['renewable', 'renewables', 'hydroelectricity', 'hydroelectric', 'energy', 'photovoltaic', 'electricity', 'sustainable', 'hydropower', 'sustainability']",
46,1048,46_eruptions_volcano_volcanoes_eruption,"['eruptions', 'volcano', 'volcanoes', 'eruption', 'volcanic', 'erupted', 'erupting', 'eruptive', 'magma', 'orogeny']",
47,1046,47_9million_6million_5million_8million,"['9million', '6million', '5million', '8million', '2million', '7million', 'grossing', '3million', '4million', '1million']",
48,1021,48_albums_songs_rapper_album,"['albums', 'songs', 'rapper', 'album', 'hyun', 'song', 'singles', 'debut', 'popularity', 'concert']",
49,1018,49_nazi_ss_1934_1938,"['nazi', 'ss', '1934', '1938', '1930', '1941', '1939', '1944', '1942', '1945']",
50,997,50_broadcasters_broadcasting_broadcasts_televised,"['broadcasters', 'broadcasting', 'broadcasts', 'televised', 'broadcast', 'broadcaster', 'channel', 'simulcast', 'announcers', 'telecast']",
51,927,51_rpg_gaming_games_gamer,"['rpg', 'gaming', 'games', 'gamer', 'fantasy', 'gameplay', 'consoles', 'game', 'doom', 'joystick']",
52,920,52_vogue_magazine_glamour_magazines,"['vogue', 'magazine', 'glamour', 'magazines', 'playboy', 'cosmopolitan', 'supermodel', 'fashion', 'supermodels', 'haute']",
53,908,53_comedian_primetime_night_comedians,"['comedian', 'primetime', 'night', 'comedians', 'podcast', 'shows', 'airing', 'sitcom', 'tonight', 'cast']",
54,901,54_collegiate_colleges_conferences_conference,"['collegiate', 'colleges', 'conferences', 'conference', 'intercollegiate', 'northwestern', 'sec', 'college', 'athletics', 'divisions']",
55,901,55_candidacy_candidate_candidates_presidential,"['candidacy', 'candidate', 'candidates', 'presidential', 'presidency', 'election', 'elected', 'senatorial', 'elections', 'barangay']",
56,894,56_bond_royale_spectre_pierce,"['bond', 'royale', 'spectre', 'pierce', 'spy', 'screenplay', 'films', 'actor', 'casino', 'film']",
57,891,57_band_frontman_bassist_vocalist,"['band', 'frontman', 'bassist', 'vocalist', 'toured', 'vocals', 'drummer', 'bands', 'concert', 'guitarist']",
58,878,58_joker_superman_superhero_comics,"['joker', 'superman', 'superhero', 'comics', 'comic', 'robin', 'supervillain', 'bat', 'knight', 'bane']",
59,875,59_airport_airports_airlines_airline,"['airport', 'airports', 'airlines', 'airline', 'terminals', 'concourse', 'concourses', 'flights', 'airfield', 'aviation']",
60,839,60_communists_yuan_yang_communist,"['communists', 'yuan', 'yang', 'communist', 'politburo', 'nationalist', 'nationalists', 'ching', 'kai', '1949']",
61,838,61_titanic_lifeboat_lifeboats_sank,"['titanic', 'lifeboat', 'lifeboats', 'sank', 'ships', 'sinking', 'boat', 'boats', 'sailed', 'maritime']",
62,833,62_dynasty_emperor_dynasties_yang,"['dynasty', 'emperor', 'dynasties', 'yang', 'yuan', 'emperors', 'khan', 'ying', 'han', 'chang']",
63,824,63_breeds_terrier_terriers_shepherd,"['breeds', 'terrier', 'terriers', 'shepherd', 'dachshunds', 'canine', 'shepherds', 'breed', 'beagles', 'dachshund']",
64,818,64_rating_rated_cinematography_film,"['rating', 'rated', 'cinematography', 'film', 'screenplay', 'thriller', 'filmmaking', 'stars', 'review', 'movie']",
65,802,65_protestant_catholic_churches_evangelicals,"['protestant', 'catholic', 'churches', 'evangelicals', 'denominational', 'denomination', 'religiosity', 'church', 'evangelical', 'religions']",
66,780,66_interstates_interstate_highways_freeway,"['interstates', 'interstate', 'highways', 'freeway', 'turnpike', 'freeways', 'highway', 'expressway', 'traffic', 'transportation']",
67,771,67_nationalists_secession_separatism_republics,"['nationalists', 'secession', 'separatism', 'republics', 'nationalism', 'nationalist', 'communists', 'communist', 'republic', 'constituent']",
68,770,68_yoon_hyun_jung_jae,"['yoon', 'hyun', 'jung', 'jae', 'hyung', 'jin', 'jong', 'lee', 'kyung', 'joo']",
69,764,69_confederation_1867_1814_1871,"['confederation', '1867', '1814', '1871', 'emperor', '1861', 'annexation', '1864', '1848', '1815']",
70,763,70_shah_khan_dynasty_dynasties,"['shah', 'khan', 'dynasty', 'dynasties', 'sultanate', 'sultanates', 'sultan', 'viceroy', 'emperor', 'conquered']",
71,763,71_airlines_airline_alliance_airways,"['airlines', 'airline', 'alliance', 'airways', 'flights', 'aviation', 'emirates', 'flight', 'planes', 'fares']",
72,724,72_flash_storage_memory_gigabyte,"['flash', 'storage', 'memory', 'gigabyte', 'devices', 'drives', 'disk', 'device', 'computers', 'motherboards']",
73,701,73_constituencies_constituency_election_elections,"['constituencies', 'constituency', 'election', 'elections', 'candidates', 'parliamentary', 'democrats', 'conservatives', 'democrat', 'electoral']",
74,695,74_constituencies_constituency_elections_election,"['constituencies', 'constituency', 'elections', 'election', 'candidates', 'electoral', 'elected', 'raj', 'campaigned', 'candidate']",
75,686,75_boxer_heavyweight_middleweight_heavyweights,"['boxer', 'heavyweight', 'middleweight', 'heavyweights', 'foreman', 'boxing', 'welterweight', 'boxers', 'punches', 'fighter']",
76,684,76_programming_python_compilers_compiler,"['programming', 'python', 'compilers', 'compiler', 'languages', 'implementations', 'programs', 'programmers', 'program', 'syntax']",
77,676,77_mafia_gangster_indictment_gangsters,"['mafia', 'gangster', 'indictment', 'gangsters', 'indicted', 'murders', 'prosecutors', 'convicted', 'sentenced', 'criminal']",
78,676,78_caliph_ibn_caliphs_caliphate,"['caliph', 'ibn', 'caliphs', 'caliphate', 'caliphates', 'awiyah', 'imam', 'awiya', 'mecca', 'prophet']",
79,651,79_manga_shonen_shōnen_anime,"['manga', 'shonen', 'shōnen', 'anime', 'chapters', 'mangaka', 'shōjo', 'comics', 'novels', 'yen']",
80,647,80_warships_frigates_warship_frigate,"['warships', 'frigates', 'warship', 'frigate', 'battleships', 'battleship', 'cruisers', 'naval', 'destroyers', 'cruiser']",
81,642,81_heterosexuality_bisexuality_homosexual_heterosexual,"['heterosexuality', 'bisexuality', 'homosexual', 'heterosexual', 'heterosexuals', 'bisexual', 'sexuality', 'bisexuals', 'homosexuality', 'homosexuals']",
82,629,82_released_2021_releases_20th,"['released', '2021', 'releases', '20th', '2022', '2019', 'release', 'blu', 'cinema', 'premiered']",
83,622,83_marvel_spider_marvels_avenger,"['marvel', 'spider', 'marvels', 'avenger', 'superhero', 'comics', 'venom', 'wolverine', 'sequels', 'stark']",
84,615,84_tennis_quarterfinal_semifinals_tournaments,"['tennis', 'quarterfinal', 'semifinals', 'tournaments', 'quarterfinals', 'semifinal', 'tournament', 'doubles', 'finals', 'matches']",
85,598,85_heir_throne_kingdom_kingdoms,"['heir', 'throne', 'kingdom', 'kingdoms', 'king', 'heathen', 'rulers', 'earldom', 'earls', 'reigned']",
86,596,86_poker_betting_gambling_casino,"['poker', 'betting', 'gambling', 'casino', 'bets', 'casinos', 'blackjack', 'cards', 'roulette', 'opponent']",
87,592,87_soundtrack_soundtracks_musical_symphony,"['soundtrack', 'soundtracks', 'musical', 'symphony', 'instrumental', 'orchestral', 'sung', 'composer', 'song', 'orchestra']",
88,591,88_consent_rape_minors_statutory,"['consent', 'rape', 'minors', 'statutory', 'age', 'imprisonment', '16', 'prohibits', '18', 'adult']",
89,587,89_1860_1852_1832_reelection,"['1860', '1852', '1832', 'reelection', 'confederate', '1856', 'electoral', 'presidency', 'confederates', 'presidential']",
90,585,90_trek_showrunner_starship_showrunners,"['trek', 'showrunner', 'starship', 'showrunners', 'starships', 'cast', 'premiered', 'paramount', 'timeline', 'episodes']",
91,578,91_wickets_batsman_cricketer_wicket,"['wickets', 'batsman', 'cricketer', 'wicket', 'cricket', 'bowled', 'batting', 'bowler', 'innings', 'cricketers']",
92,576,92_heir_duchess_eldest_prince,"['heir', 'duchess', 'eldest', 'prince', 'royal', 'princess', 'grandchildren', 'born', 'monarch', 'paternal']",
93,560,93_goaltender_puck_goalie_hockey,"['goaltender', 'puck', 'goalie', 'hockey', 'ahl', 'flyers', 'penguins', 'avalanche', 'islanders', 'playoffs']",
94,558,94_keyboards_keyboard_keypad_diacritics,"['keyboards', 'keyboard', 'keypad', 'diacritics', 'alphabet', 'diacritic', 'typewriters', 'alphabetic', 'encodings', 'typing']",
95,540,95_cartel_cartels_narco_trafficking,"['cartel', 'cartels', 'narco', 'trafficking', 'los', 'smugglers', 'smuggling', 'narcotics', 'traffickers', 'zeta']",
96,535,96_yang_yin_rituals_religions,"['yang', 'yin', 'rituals', 'religions', 'shamanism', 'deities', 'ritual', 'ching', 'qi', 'religion']",
97,528,97_astrology_astrological_zodiac_zodiacal,"['astrology', 'astrological', 'zodiac', 'zodiacal', 'astrologers', 'astrologer', 'constellations', 'constellation', 'astronomical', 'astronomy']",
98,528,98_goddesses_stanzas_mythology_stanza,"['goddesses', 'stanzas', 'mythology', 'stanza', 'valkyries', 'valkyrie', 'goddess', 'gods', 'poem', 'poetry']",
99,524,99_rating_critics_reviews_review,"['rating', 'critics', 'reviews', 'review', 'rotten', 'fourth', 'favorable', 'critic', 'average', 'approval']",
100,523,100_dynasties_subcontinent_dharma_dynasty,"['dynasties', 'subcontinent', 'dharma', 'dynasty', 'ancient', 'mandala', 'kingdoms', 'sultanates', 'rulers', 'sultanate']",
101,514,101_dinosaur_fossil_dinosaurs_fossils,"['dinosaur', 'fossil', 'dinosaurs', 'fossils', 'tyrannosaurids', 'tyrannosaurs', 'tyrannosaurid', 'tyrannosaur', 'skeleton', 'dromaeosaurids']",
102,511,102_folkloric_folk_genres_traditional,"['folkloric', 'folk', 'genres', 'traditional', 'folklore', 'genre', 'reggae', 'music', 'reggaeton', 'musicians']",
103,511,103_climber_climbers_mountaineering_climb,"['climber', 'climbers', 'mountaineering', 'climb', 'climbed', 'summit', 'climbing', 'summited', 'summits', 'climbs']",
104,508,104_contestant_contestants_finalists_idol,"['contestant', 'contestants', 'finalists', 'idol', 'finalist', 'finale', 'drag', 'presenter', 'judges', 'eliminated']",
105,506,105_proteins_amino_protein_peptide,"['proteins', 'amino', 'protein', 'peptide', 'enzymes', 'proteinogenic', 'enzyme', 'acids', 'molecules', 'molecule']",
106,505,106_battleships_battleship_naval_torpedoes,"['battleships', 'battleship', 'naval', 'torpedoes', 'warships', 'fleet', 'admiral', 'torpedo', 'destroyers', 'navy']",
107,504,107_anthrax_slayer_thrash_bands,"['anthrax', 'slayer', 'thrash', 'bands', 'band', 'guitarists', 'guitarist', 'drummer', 'bassist', 'songwriting']",
108,498,108_swift_songwriting_songwriter_songwriters,"['swift', 'songwriting', 'songwriter', 'songwriters', 'songs', 'singer', 'albums', 'lyrics', 'song', 'album']",
109,496,109_airplane_airlines_flight_aircraft,"['airplane', 'airlines', 'flight', 'aircraft', 'aviation', 'wreckage', 'crashed', 'plane', 'flying', 'crash']",
110,493,110_paintings_painters_painter_cubism,"['paintings', 'painters', 'painter', 'cubism', 'cubist', 'painting', 'exhibitions', 'impressionism', 'impressionist', 'portraits']",
111,481,111_flags_flag_flagpole_commonwealth,"['flags', 'flag', 'flagpole', 'commonwealth', 'emblem', 'stripes', 'union', 'heraldic', 'heraldry', 'symbolise']",
112,481,112_cult_cruise_organizations_founder,"['cult', 'cruise', 'organizations', 'founder', 'organization', 'org', 'religions', 'members', 'aboard', 'sea']",
113,474,113_calendar_calendars_dates_calendrical,"['calendar', 'calendars', 'dates', 'calendrical', 'equinoxes', 'holidays', 'date', '365', 'equinox', 'easter']",
114,474,114_counties_county_population_populous,"['counties', 'county', 'population', 'populous', 'cities', 'urban', 'city', 'census', 'borough', 'metropolitan']",
115,472,115_degree_bachelor_diplomas_doctorates,"['degree', 'bachelor', 'diplomas', 'doctorates', 'diploma', 'qualifications', 'qualification', 'baccalaureate', 'honours', 'undergraduate']",
116,471,116_spying_espionage_surveillance_spied,"['spying', 'espionage', 'surveillance', 'spied', 'disclosures', 'security', 'disclosure', 'whistleblowers', 'privacy', 'whistleblower']",
117,470,117_schooling_education_educational_kindergarten,"['schooling', 'education', 'educational', 'kindergarten', 'curriculum', 'schools', 'preschool', 'preschools', 'secondary', 'primary']",
118,451,118_railway_railways_autobahns_autobahn,"['railway', 'railways', 'autobahns', 'autobahn', 'trains', 'subway', 'rail', 'stations', 'train', 'airport']",
119,450,119_laden_jihadi_mujahideen_jihadis,"['laden', 'jihadi', 'mujahideen', 'jihadis', 'al', 'terrorist', 'jihadist', 'terrorists', 'jihad', 'terrorism']",
120,450,120_theatre_venue_venues_theater,"['theatre', 'venue', 'venues', 'theater', 'orchestras', 'auditorium', 'orchestra', 'concerts', 'concert', 'theatres']",
121,446,121_earthquake_earthquakes_tsunami_tsunamis,"['earthquake', 'earthquakes', 'tsunami', 'tsunamis', 'quakes', 'quake', 'seismic', 'tectonic', 'volcanoes', 'eruption']",
122,431,122_superman_superhero_comics_sequels,"['superman', 'superhero', 'comics', 'sequels', 'joker', 'sequel', 'comic', 'trilogy', 'films', 'film']",
123,431,123_dodge_automakers_truck_automotive,"['dodge', 'automakers', 'truck', 'automotive', 'trucks', 'automobiles', 'dealers', 'vehicles', 'automobile', 'caravan']",
124,422,124_election_elections_candidates_candidate,"['election', 'elections', 'candidates', 'candidate', 'voters', 'candidacy', 'political', 'elected', 'parliamentary', 'coalition']",
125,422,125_broadway_musicals_musical_theatre,"['broadway', 'musicals', 'musical', 'theatre', 'theater', 'concert', 'cast', 'playhouse', 'cabaret', 'performances']",
126,419,126_whales_whale_whaling_cetaceans,"['whales', 'whale', 'whaling', 'cetaceans', 'cetacean', 'shark', 'dolphin', 'sharks', 'dolphins', 'mammals']",
127,417,127_potter_potters_wizard_wizardry,"['potter', 'potters', 'wizard', 'wizardry', 'wizarding', 'wizards', 'wand', 'potion', 'wands', 'headmaster']",
128,412,128_starship_spaceflight_spacecraft_shuttle,"['starship', 'spaceflight', 'spacecraft', 'shuttle', 'astronauts', 'crew', 'rocket', 'aboard', 'cargo', 'orbit']",
129,403,129_pol_communists_rouge_soviet,"['pol', 'communists', 'rouge', 'soviet', 'communist', 'deposed', 'communism', 'regime', 'genocide', 'pot']",
130,401,130_tombstone_corral_stagecoach_outlaw,"['tombstone', 'corral', 'stagecoach', 'outlaw', 'outlaws', 'marshal', '1881', 'gunfight', 'cowboy', 'billy']",
131,399,131_tennis_competed_doubles_slams,"['tennis', 'competed', 'doubles', 'slams', 'finalist', 'finals', 'tournament', 'tournaments', 'quarterfinal', 'quarterfinals']",
132,391,132_lunar_moon_astronaut_astronauts,"['lunar', 'moon', 'astronaut', 'astronauts', 'spacecraft', 'spaceflight', 'mission', 'missions', 'module', 'manned']",
133,384,133_hamlet_playwright_actor_cast,"['hamlet', 'playwright', 'actor', 'cast', 'acting', 'midsummer', 'theatre', 'actors', 'broadway', 'theater']",
134,378,134_angels_archangels_archangel_angelic,"['angels', 'archangels', 'archangel', 'angelic', 'angel', 'demons', 'theology', 'biblical', 'ibn', 'satan']",
135,376,135_labia_labial_lips_clitoris,"['labia', 'labial', 'lips', 'clitoris', 'vulval', 'vulva', 'genital', 'cleft', 'gynecomastia', 'glands']",
136,376,136_jerseys_uniforms_49ers_colors,"['jerseys', 'uniforms', '49ers', 'colors', 'helmets', 'red', 'wearing', 'patriots', 'blue', 'jersey']",
137,376,137_linguistics_languages_linguist_linguistic,"['linguistics', 'languages', 'linguist', 'linguistic', 'language', 'linguists', 'dialects', 'morphology', 'dialect', 'morphological']",
138,374,138_foxes_coyotes_coyote_mammals,"['foxes', 'coyotes', 'coyote', 'mammals', 'fox', 'predators', 'rodents', 'wolves', 'raccoons', 'species']",
139,371,139_tiger_tigers_species_lion,"['tiger', 'tigers', 'species', 'lion', 'wildlife', 'leopards', 'leopard', 'phylogenetic', 'endangered', 'zoos']",
140,370,140_panzer_soviets_infantry_1944,"['panzer', 'soviets', 'infantry', '1944', 'artillery', 'defence', 'troops', 'flank', 'flanks', 'defences']",
141,366,141_hamlet_playwright_playwrights_tempest,"['hamlet', 'playwright', 'playwrights', 'tempest', 'soliloquy', 'prose', 'friar', 'tragedy', 'plays', 'soliloquies']",
142,366,142_potter_sorcerer_wizard_screenwriter,"['potter', 'sorcerer', 'wizard', 'screenwriter', 'cast', 'actor', 'wizarding', 'director', 'hobbit', 'ron']",
143,362,143_rating_critics_reviews_review,"['rating', 'critics', 'reviews', 'review', 'rotten', 'acclaim', 'score', 'average', 'thriller', 'favorable']",
144,358,144_pepper_concert_albums_songs,"['pepper', 'concert', 'albums', 'songs', 'album', 'vocals', '1966', 'songwriting', 'singles', 'band']",
145,356,145_pope_papal_papacy_pontifical,"['pope', 'papal', 'papacy', 'pontifical', 'popes', 'archbishop', 'cardinal', 'bishops', 'diocesan', 'bishop']",
146,355,146_unions_union_unionism_unionized,"['unions', 'union', 'unionism', 'unionized', 'unionization', 'labour', 'workers', 'employers', 'workplace', 'employer']",
147,354,147_cardiovascular_cardiomyopathy_cardiac_hypertension,"['cardiovascular', 'cardiomyopathy', 'cardiac', 'hypertension', 'myocardial', 'tachycardia', 'atherosclerosis', 'ventricular', 'atherosclerotic', 'ventricle']",
148,352,148_helicopters_missiles_helicopter_squadrons,"['helicopters', 'missiles', 'helicopter', 'squadrons', 'insurgents', 'missile', 'aircraft', 'piloted', 'flown', 'squadron']",
149,351,149_shah_khan_dynasty_deposed,"['shah', 'khan', 'dynasty', 'deposed', 'dictator', 'imam', 'overthrown', 'revolution', 'monarchy', 'overthrow']",
150,345,150_waters_concert_tour_pink,"['waters', 'concert', 'tour', 'pink', 'wall', 'band', 'albums', 'guitarist', 'songwriter', 'diamond']",
151,343,151_voyages_voyage_1493_explorers,"['voyages', 'voyage', '1493', 'explorers', 'expeditions', '1492', '1496', 'expedition', 'islands', 'archipelago']",
152,343,152_spartan_rebelled_battle_besieged,"['spartan', 'rebelled', 'battle', 'besieged', 'victories', 'conquered', 'conquest', 'allied', 'defeated', 'war']",
153,341,153_kanji_hiragana_pinyin_kun,"['kanji', 'hiragana', 'pinyin', 'kun', 'katakana', 'kokuji', 'pronunciations', 'mandarin', 'pronunciation', 'jukujikun']",
154,339,154_rings_ring_shire_hobbit,"['rings', 'ring', 'shire', 'hobbit', 'elves', 'hobbits', 'elf', 'elven', 'dwarves', 'goblin']",
155,336,155_confederates_confederate_confederacy_1863,"['confederates', 'confederate', 'confederacy', '1863', '1861', '1864', '1865', '1862', 'battle', 'surrendered']",
156,332,156_mafia_gangs_cartels_cartel,"['mafia', 'gangs', 'cartels', 'cartel', 'syndicate', 'clans', 'clan', 'mafiosi', 'mafioso', 'nostra']",
157,330,157_apartheid_decolonisation_1979_smith,"['apartheid', 'decolonisation', '1979', 'smith', 'nationalists', 'commonwealth', 'independence', 'referendum', 'regime', 'nationalist']",
158,329,158_fascism_fascist_italiana_fascists,"['fascism', 'fascist', 'italiana', 'fascists', 'nationalist', 'dictatorship', 'dictator', '1944', '1945', '1926']",
159,328,159_windows_vista_os_pc,"['windows', 'vista', 'os', 'pc', 'versions', 'x86', 'desktop', 'explorer', 'operating', 'netbooks']",
160,323,160_chrome_browser_browsers_chromium,"['chrome', 'browser', 'browsers', 'chromium', 'safari', 'apps', 'browsing', 'web', 'mobile', 'mac']",
161,321,161_literacy_population_castes_literate,"['literacy', 'population', 'castes', 'literate', 'census', 'crore', 'average', 'ratio', 'rate', 'lakh']",
162,319,162_pip_miss_orphan_carol,"['pip', 'miss', 'orphan', 'carol', 'protagonist', 'narrator', 'aunt', 'ending', 'bleak', 'reader']",
163,316,163_ruby_assassination_assassinated_assassinate,"['ruby', 'assassination', 'assassinated', 'assassinate', 'warren', 'assassinations', '1963', 'conspiracy', 'gunmen', 'walker']",
164,315,164_soviets_revolutionaries_soviet_1917,"['soviets', 'revolutionaries', 'soviet', '1917', 'socialists', 'revolution', '1918', 'tsar', 'socialist', 'tsarist']",
165,315,165_twitter_tweets_tweet_microblogging,"['twitter', 'tweets', 'tweet', 'microblogging', 'retweet', 'blogging', 'blogs', 'messaging', 'blog', 'social']",
166,314,166_sai_shakti_marries_revenge,"['sai', 'shakti', 'marries', 'revenge', 'pooja', 'raj', 'daughter', 'kidnaps', 'marrying', 'naagin']",
167,314,167_quarks_quark_particles_protons,"['quarks', 'quark', 'particles', 'protons', 'bosons', 'particle', 'proton', 'leptons', 'fermions', 'neutrinos']",
168,313,168_polypropylene_polymers_polymer_polyethylene,"['polypropylene', 'polymers', 'polymer', 'polyethylene', 'polymerization', 'polystyrene', 'polyvinyl', 'plastics', 'polyester', 'polyesters']",
169,313,169_bourbon_1685_1643_heir,"['bourbon', '1685', '1643', 'heir', '1598', 'eldest', 'nobles', '1830', 'duchess', '1617']",
170,312,170_cartoons_goofy_cartoon_bunny,"['cartoons', 'goofy', 'cartoon', 'bunny', 'hare', 'rabbit', 'mascot', 'duck', 'animators', 'animator']",
171,311,171_mountains_mountain_plains_topography,"['mountains', 'mountain', 'plains', 'topography', 'southwestern', 'northeast', 'valleys', 'canyons', 'valley', 'hills']",
172,309,172_epic_developers_studio_studios,"['epic', 'developers', 'studio', 'studios', 'blizzard', 'royale', 'legends', 'developer', 'release', 'esports']",
173,307,173_sergeant_lieutenants_sergeants_lieutenant,"['sergeant', 'lieutenants', 'sergeants', 'lieutenant', 'ranks', 'enlisted', 'corporal', 'platoon', 'corporals', 'commanders']",
174,304,174_yoon_jong_hyun_jae,"['yoon', 'jong', 'hyun', 'jae', 'jung', 'candidate', 'candidates', 'lee', 'kyung', 'candidacy']",
175,303,175_villa_rebelled_barrios_rebellion,"['villa', 'rebelled', 'barrios', 'rebellion', 'generals', 'rebellions', 'bandit', 'revolt', 'uprising', 'coup']",
176,303,176_animator_animators_animation_animating,"['animator', 'animators', 'animation', 'animating', 'animated', 'cartoon', 'animate', 'studios', 'dwarfs', 'films']",
177,302,177_dementia_dementias_neurodegenerative_parkinsonism,"['dementia', 'dementias', 'neurodegenerative', 'parkinsonism', 'impairment', 'impairments', 'disease', 'disorders', 'diagnosis', 'neurocognitive']",
178,301,178_doctor_doctors_dr_actor,"['doctor', 'doctors', 'dr', 'actor', 'tenth', 'lords', 'actors', 'alien', 'showrunner', 'companion']",
179,300,179_counties_midlands_county_boroughs,"['counties', 'midlands', 'county', 'boroughs', 'district', 'countryside', 'towns', 'councils', 'districts', 'wards']",
180,299,180_philosopher_philosophy_platonic_philosophers,"['philosopher', 'philosophy', 'platonic', 'philosophers', 'stoicism', 'virtues', 'philosophical', 'virtue', 'stoic', 'ethics']",
181,298,181_neural_neuron_neurons_convolutions,"['neural', 'neuron', 'neurons', 'convolutions', 'backpropagation', 'layers', 'convolutional', 'networks', 'recognition', 'convolution']",
182,293,182_vaccines_vaccine_vaccination_vaccinated,"['vaccines', 'vaccine', 'vaccination', 'vaccinated', 'vaccinate', 'immunization', 'coronavirus', 'coronaviruses', 'unvaccinated', 'pandemics']",
183,287,183_kickboxing_sparring_boxing_jitsu,"['kickboxing', 'sparring', 'boxing', 'jitsu', 'karate', 'martial', 'kickboxers', 'judo', 'knockout', 'boxer']",
184,282,184_payments_card_payment_cardholder,"['payments', 'card', 'payment', 'cardholder', 'cardholders', 'cards', 'billing', 'transactions', 'credit', 'banking']",
185,282,185_cathedrals_cathedral_arches_arched,"['cathedrals', 'cathedral', 'arches', 'arched', 'vaults', 'pilasters', 'portico', 'masonry', 'spires', 'gothic']",
186,281,186_visual_studios_animation_filming,"['visual', 'studios', 'animation', 'filming', 'actors', 'filmed', 'effects', 'scenes', 'footage', 'imagery']",
187,280,187_psychoanalytical_psychoanalysts_psychoanalysis_psychoanalytic,"['psychoanalytical', 'psychoanalysts', 'psychoanalysis', 'psychoanalytic', 'psychoanalyst', 'psychologists', 'psychology', 'ego', 'psychologist', 'psychological']",
188,278,188_novels_novelists_novelist_sensibility,"['novels', 'novelists', 'novelist', 'sensibility', '1818', 'prejudice', 'novel', 'reader', 'literature', '1813']",
189,277,189_medieval_grail_knights_tales,"['medieval', 'grail', 'knights', 'tales', 'knight', 'chevalier', 'tale', 'legends', 'companions', 'quest']",
190,277,190_uniforms_jerseys_uniform_logos,"['uniforms', 'jerseys', 'uniform', 'logos', 'blazers', 'hornets', 'bulls', 'wizards', 'logo', 'stripes']",
191,277,191_cookies_cookie_http_session,"['cookies', 'cookie', 'http', 'session', 'browsers', 'browser', 'caching', 'cache', 'logged', 'proxy']",
192,275,192_polygamous_polygamy_polyamory_polygamists,"['polygamous', 'polygamy', 'polyamory', 'polygamists', 'monogamous', 'monogamy', 'polyandry', 'marriages', 'cohabitation', 'couples']",
193,274,193_languages_speak_dialects_language,"['languages', 'speak', 'dialects', 'language', 'linguists', 'linguistic', 'linguistically', 'lingua', 'natively', 'speaks']",
194,269,194_1830s_tribe_tribes_confederate,"['1830s', 'tribe', 'tribes', 'confederate', 'natives', 'confederacy', '1821', '1832', 'settlers', '1836']",
195,268,195_equilibria_equilibrium_strategic_strategies,"['equilibria', 'equilibrium', 'strategic', 'strategies', 'strategy', 'bargaining', 'games', 'economics', 'cooperative', 'coordination']",
196,266,196_firearm_firearms_handgun_handguns,"['firearm', 'firearms', 'handgun', 'handguns', 'guns', 'pistols', 'rifles', 'permits', 'gun', 'permit']",
197,264,197_kong_monster_monsters_franchise,"['kong', 'monster', 'monsters', 'franchise', 'sequel', 'monarch', 'king', 'giant', 'kaiju', 'movie']",
198,263,198_murders_murdered_murderers_convicted,"['murders', 'murdered', 'murderers', 'convicted', 'defendants', 'murder', 'killers', 'sentenced', 'crimes', 'victims']",
199,262,199_homer_sitcom_cartoon_sitcoms,"['homer', 'sitcom', 'cartoon', 'sitcoms', 'showrunner', 'moe', 'clown', 'episodes', 'episode', 'primetime']",
200,261,200_alleging_accused_alleged_defamation,"['alleging', 'accused', 'alleged', 'defamation', 'allegations', 'convicted', 'prosecution', 'lawsuit', 'assaulted', 'sued']",
201,258,201_delegates_presidential_nominee_primaries,"['delegates', 'presidential', 'nominee', 'primaries', 'presidency', 'nomination', 'campaigned', 'candidates', 'nominate', 'candidate']",
202,258,202_probation_misdemeanor_arrested_arrest,"['probation', 'misdemeanor', 'arrested', 'arrest', 'jail', 'sentenced', 'convicted', 'felony', 'conviction', 'fines']",
203,257,203_fender_guitars_guitar_acoustic,"['fender', 'guitars', 'guitar', 'acoustic', 'amplifiers', 'instrument', 'amp', 'amplifier', 'bass', 'amps']",
204,257,204_trafficking_prostitution_prostitutes_prostitute,"['trafficking', 'prostitution', 'prostitutes', 'prostitute', 'brothels', 'brothel', 'smuggling', 'criminalizing', 'slavery', 'traffickers']",
205,256,205_isotopes_isotope_elements_neutron,"['isotopes', 'isotope', 'elements', 'neutron', 'neutrons', 'atomic', 'radioactive', 'nuclei', 'radionuclides', 'atoms']",
206,256,206_meth_methamphetamine_cocaine_drug,"['meth', 'methamphetamine', 'cocaine', 'drug', 'methylamine', 'poisoned', 'killing', 'gang', 'stealing', 'arrested']",
207,252,207_channel_channels_tv_simulcast,"['channel', 'channels', 'tv', 'simulcast', 'streaming', 'broadcasting', 'television', 'multichannel', 'subscription', 'subscriptions']",
208,251,208_frescoes_chapel_pope_basilica,"['frescoes', 'chapel', 'pope', 'basilica', 'sculptor', 'fresco', 'paintings', 'papal', 'painter', 'painters']",
209,251,209_armistice_1944_française_1945,"['armistice', '1944', 'française', '1945', '1940', 'french', 'allied', 'nationale', 'guerre', '1918']",
210,251,210_novelist_novels_novel_novelists,"['novelist', 'novels', 'novel', 'novelists', 'literature', 'literary', 'writings', 'writer', 'tsar', 'crime']",
211,248,211_1936_fascism_fascist_nationalists,"['1936', 'fascism', 'fascist', 'nationalists', 'nationalist', '1939', '1937', 'fascists', 'dictatorship', 'rebellion']",
212,248,212_apple_6s_smartphones_smartphone,"['apple', '6s', 'smartphones', 'smartphone', 'phones', 'discontinued', '5s', 'phone', 'devices', 'touchscreen']",
213,247,213_showrunner_episode_showrunners_episodes,"['showrunner', 'episode', 'showrunners', 'episodes', 'primetime', 'bob', 'premiered', 'aired', 'premiere', 'spinoff']",
214,246,214_gemstones_gemstone_sapphires_sapphire,"['gemstones', 'gemstone', 'sapphires', 'sapphire', 'diamond', 'diamonds', 'gems', 'gemological', 'minerals', 'gem']",
215,246,215_emperors_emperor_roman_empire,"['emperors', 'emperor', 'roman', 'empire', 'augustus', 'papacy', 'crowned', 'pope', 'reign', 'papal']",
216,246,216_cavalry_legions_armies_battle,"['cavalry', 'legions', 'armies', 'battle', 'battles', 'roman', 'troops', 'commanded', 'horsemen', 'commanders']",
217,245,217_1649_royalist_1685_royalists,"['1649', 'royalist', '1685', 'royalists', '1640', 'monarchy', '1642', '1603', '1646', 'monarch']",
218,242,218_orgasms_orgasm_clitoris_clitoral,"['orgasms', 'orgasm', 'clitoris', 'clitoral', 'stimulation', 'orgasmic', 'vaginal', 'ejaculation', 'ejaculate', 'vaginally']",
219,241,219_glaucoma_retinopathy_blindness_retinal,"['glaucoma', 'retinopathy', 'blindness', 'retinal', 'cataract', 'cataracts', 'ocular', 'intraocular', 'ophthalmologist', 'sightedness']",
220,240,220_novels_novelist_novel_literature,"['novels', 'novelist', 'novel', 'literature', 'literary', 'grapes', 'writer', 'author', 'wrath', 'book']",
221,239,221_artillery_trenches_fortifications_bombardment,"['artillery', 'trenches', 'fortifications', 'bombardment', 'bombardments', 'infantry', 'armies', 'defences', 'reinforcements', 'forts']",
222,237,222_beach_drums_albums_songs,"['beach', 'drums', 'albums', 'songs', 'drumming', 'boys', 'album', 'band', '1960s', 'songwriting']",
223,236,223_nouveau_paintings_designers_façades,"['nouveau', 'paintings', 'designers', 'façades', 'facades', 'designer', 'designs', 'architect', 'sculptures', 'architects']",
224,235,224_maya_civilizations_archaeological_archeological,"['maya', 'civilizations', 'archaeological', 'archeological', 'civilization', 'indigenous', 'excavations', 'archaeologists', 'cultures', 'ancient']",
225,233,225_taekwondo_tae_karate_jitsu,"['taekwondo', 'tae', 'karate', 'jitsu', 'martial', 'judo', 'judoka', 'karateka', 'sparring', 'ryū']",
226,231,226_rocky_creed_sequel_boxer,"['rocky', 'creed', 'sequel', 'boxer', 'film', 'films', 'movie', 'directorial', 'boxing', 'boxers']",
227,231,227_assassins_creed_assassin_brotherhood,"['assassins', 'creed', 'assassin', 'brotherhood', 'gameplay', 'unity', 'syndicate', 'games', 'consoles', 'sequel']",
228,231,228_bp_petroleum_refinery_offshore,"['bp', 'petroleum', 'refinery', 'offshore', 'companies', 'corporation', 'corporate', 'fuels', 'company', 'subsidiary']",
229,230,229_minorities_ethnicity_ethnic_ethnically,"['minorities', 'ethnicity', 'ethnic', 'ethnically', 'census', 'minority', 'racial', 'whites', 'races', 'multiracial']",
230,229,230_baptism_baptisms_baptismal_baptized,"['baptism', 'baptisms', 'baptismal', 'baptized', 'baptised', 'sacraments', 'communion', 'sacrament', 'sacramental', 'baptize']",
231,227,231_bighorn_1876_bull_elk,"['bighorn', '1876', 'bull', 'elk', 'tribes', 'buffalo', 'plains', '1877', 'cavalry', 'battle']",
232,227,232_psychotic_psychiatric_schizophrenia_psychiatry,"['psychotic', 'psychiatric', 'schizophrenia', 'psychiatry', 'sane', 'suspects', 'psychiatrist', 'prisoner', 'prosecution', 'verdict']",
233,225,233_mexicana_latin_salsa_vida,"['mexicana', 'latin', 'salsa', 'vida', 'una', 'el', 'songs', 'albums', 'reggaeton', 'billboard']",
234,225,234_abortion_abortions_roe_unconstitutional,"['abortion', 'abortions', 'roe', 'unconstitutional', 'overturned', 'upheld', 'precedent', 'judicial', 'justices', 'constitutionality']",
235,225,235_toy_toys_sequels_sequel,"['toy', 'toys', 'sequels', 'sequel', 'animator', 'animators', 'animation', 'films', 'woody', 'film']",
236,221,236_euthanasia_suicide_legalised_suicides,"['euthanasia', 'suicide', 'legalised', 'suicides', 'suicidal', 'legalising', 'legalized', 'legalise', 'voluntary', 'ethics']",
237,220,237_chan_kung_chang_kong,"['chan', 'kung', 'chang', 'kong', 'karate', 'martial', 'films', 'filmmakers', 'film', 'stunts']",
238,219,238_protesting_activism_protests_protest,"['protesting', 'activism', 'protests', 'protest', 'rallies', 'protesters', 'protested', 'protester', 'marches', 'activists']",
239,219,239_tribes_tribe_natives_upstate,"['tribes', 'tribe', 'natives', 'upstate', 'tribal', 'mohawk', 'settlers', 'confederacy', 'colonists', 'native']",
240,219,240_toured_concert_concerts_drums,"['toured', 'concert', 'concerts', 'drums', 'vocals', 'musicians', 'drummer', 'band', 'tour', 'songs']",
241,219,241_nam_communists_insurgency_guerrilla,"['nam', 'communists', 'insurgency', 'guerrilla', 'troops', 'ceasefire', 'troop', 'warfare', 'war', 'chi']",
242,219,242_election_conservatives_liberal_liberals,"['election', 'conservatives', 'liberal', 'liberals', 'partisanship', 'provincial', 'conservative', 'parliamentary', 'majority', 'elects']",
243,218,243_chess_grandmaster_grandmasters_blitz,"['chess', 'grandmaster', 'grandmasters', 'blitz', 'tournament', 'tournaments', 'competed', 'semifinals', 'champion', 'championship']",
244,218,244_radio_fm_stations_station,"['radio', 'fm', 'stations', 'station', 'simulcasts', 'newscasts', 'simulcast', 'broadcasts', 'broadcasting', 'channels']",
245,218,245_awards_nominated_nominations_screenplay,"['awards', 'nominated', 'nominations', 'screenplay', 'cinematography', 'award', 'nominees', 'actors', 'actor', 'cinematographers']",
246,218,246_bombing_bomber_bombers_bombed,"['bombing', 'bomber', 'bombers', 'bombed', 'bombs', 'tactics', 'attacking', 'airfields', 'blitz', '1944']",
247,217,247_diesel_fuels_engines_combustion,"['diesel', 'fuels', 'engines', 'combustion', 'petrol', 'fuel', 'engine', 'gasoline', 'crankshaft', 'gasolines']",
248,216,248_species_wildlife_fauna_birds,"['species', 'wildlife', 'fauna', 'birds', 'endangered', 'habitats', 'bird', 'hummingbirds', 'lizards', 'habitat']",
249,215,249_extraterrestrial_sightings_aliens_sighting,"['extraterrestrial', 'sightings', 'aliens', 'sighting', 'hoaxes', 'alien', 'conspiracy', 'flying', 'investigations', 'pilots']",
250,215,250_tick_ticks_burgdorferi_pathogens,"['tick', 'ticks', 'burgdorferi', 'pathogens', 'infected', 'fever', 'pathogen', 'bites', 'diseases', 'infestation']",
251,215,251_congregational_denominational_congregations_evangelicalism,"['congregational', 'denominational', 'congregations', 'evangelicalism', 'denomination', 'evangelical', 'evangelicals', 'preachers', 'churches', 'pastors']",
252,215,252_lymphatic_lymph_gallbladder_organs,"['lymphatic', 'lymph', 'gallbladder', 'organs', 'capillaries', 'hepatocytes', 'bile', 'liver', 'veins', 'pancreas']",
253,214,253_chemotherapy_treatments_cancer_cancers,"['chemotherapy', 'treatments', 'cancer', 'cancers', 'radiotherapy', 'tumors', 'chemotherapeutic', 'treatment', 'immunotherapy', 'leukemia']",
254,211,254_creole_creoles_lingua_bilingual,"['creole', 'creoles', 'lingua', 'bilingual', 'dialects', 'languages', 'multilingual', 'language', 'francophone', 'speak']",
255,210,255_princess_duchess_prince_countess,"['princess', 'duchess', 'prince', 'countess', 'royal', 'princes', 'heiress', 'queen', 'daughter', 'granddaughter']",
256,209,256_insurrection_revolt_1821_1829,"['insurrection', 'revolt', '1821', '1829', 'uprising', 'acropolis', 'revolts', 'pasha', 'uprisings', 'rebellion']",
257,209,257_charities_charity_donations_philanthropist,"['charities', 'charity', 'donations', 'philanthropist', 'fundraising', 'philanthropic', 'donation', 'donating', 'charitable', 'philanthropy']",
258,208,258_alien_predator_aliens_sequels,"['alien', 'predator', 'aliens', 'sequels', 'extraterrestrial', 'sequel', 'prequel', 'terminator', 'films', 'predators']",
259,207,259_condor_dictators_declassified_dictatorships,"['condor', 'dictators', 'declassified', 'dictatorships', 'chile', 'dictator', 'dictatorship', 'junta', 'guerrillas', 'juntas']",
260,206,260_inflation_inflationary_macroeconomics_macroeconomic,"['inflation', 'inflationary', 'macroeconomics', 'macroeconomic', 'recessions', 'recession', 'stagflation', 'monetary', 'economists', 'microeconomic']",
261,205,261_warlock_infinity_eternity_gems,"['warlock', 'infinity', 'eternity', 'gems', 'marvel', 'gauntlet', 'soul', 'titan', 'multiverse', 'guardians']",
262,205,262_bbc_channel_simulcast_channels,"['bbc', 'channel', 'simulcast', 'channels', 'broadcasting', 'broadcasters', 'tv', 'simulcasts', 'television', 'broadcasts']",
263,205,263_eu_eurozone_euro_countries,"['eu', 'eurozone', 'euro', 'countries', 'borders', 'intergovernmental', 'border', 'treaties', 'treaty', 'referendums']",
264,203,264_sonic_hedgehog_hedgehogs_tails,"['sonic', 'hedgehog', 'hedgehogs', 'tails', 'knuckles', 'consoles', 'smash', 'unleashed', 'mania', 'games']",
265,200,265_battleships_torpedoed_torpedoes_torpedo,"['battleships', 'torpedoed', 'torpedoes', 'torpedo', 'battleship', 'warships', 'destroyers', 'submarines', 'naval', 'admiralty']",
266,200,266_hurricane_hurricanes_storms_cyclones,"['hurricane', 'hurricanes', 'storms', 'cyclones', 'cyclone', 'landfall', 'storm', 'tornadoes', 'floods', 'thunderstorms']",
267,199,267_concert_concerts_tour_albums,"['concert', 'concerts', 'tour', 'albums', 'toured', 'album', 'voyage', 'duet', 'cappella', 'songs']",
268,199,268_shōgun_shogun_samurai_daimyō,"['shōgun', 'shogun', 'samurai', 'daimyō', 'daimyo', 'clan', 'daimyōs', 'seppuku', 'shogunate', 'ikki']",
269,199,269_electrodes_electroluminescent_electrode_phosphors,"['electrodes', 'electroluminescent', 'electrode', 'phosphors', 'displays', 'brightness', 'phosphor', 'monitors', 'electrostatic', 'cathodes']",
270,199,270_brigades_soldiers_reinforcements_troops,"['brigades', 'soldiers', 'reinforcements', 'troops', 'casualties', 'battalion', 'fortified', 'ceasefire', 'wounded', 'trenches']",
271,198,271_presidency_populist_presidential_candidate,"['presidency', 'populist', 'presidential', 'candidate', 'candidates', 'impeachment', 'candidacy', 'election', 'elections', 'elected']",
272,198,272_heraldic_heraldry_gules_arms,"['heraldic', 'heraldry', 'gules', 'arms', 'garter', 'coat', 'royal', 'coats', 'emblems', 'crowned']",
273,198,273_refrigerants_refrigeration_refrigerant_refrigerator,"['refrigerants', 'refrigeration', 'refrigerant', 'refrigerator', 'condenser', 'refrigerators', 'fridge', 'evaporator', 'cooling', 'compressors']",
274,198,274_bee_sang_singer_songwriter,"['bee', 'sang', 'singer', 'songwriter', 'artists', 'song', 'brothers', 'songwriters', 'gee', 'duet']",
275,198,275_thrones_novels_dragons_paperback,"['thrones', 'novels', 'dragons', 'paperback', 'novel', 'book', 'dragon', 'books', 'hardcover', 'publisher']",
276,197,276_festivals_festival_celebrated_celebrations,"['festivals', 'festival', 'celebrated', 'celebrations', 'festivities', 'celebrates', 'festive', 'traditions', 'celebration', 'celebrating']",
277,197,277_branch_fires_fired_deaths,"['branch', 'fires', 'fired', 'deaths', 'wounded', 'rescue', 'witnesses', 'militia', 'bombing', 'investigators']",
278,196,278_pasha_turkey_sultan_sultanate,"['pasha', 'turkey', 'sultan', 'sultanate', 'nationalists', 'republic', 'reforms', 'nationalist', '1913', 'independence']",
279,195,279_neanderthalensis_paleolithic_sapiens_erectus,"['neanderthalensis', 'paleolithic', 'sapiens', 'erectus', 'ancestor', 'hominins', 'afarensis', 'fossil', 'hominids', 'fossils']",
280,194,280_mujahideen_laden_militants_insurgency,"['mujahideen', 'laden', 'militants', 'insurgency', 'jihad', 'insurgents', 'insurgent', 'allies', 'militias', 'soviets']",
281,194,281_shogun_shōgun_shogunate_samurai,"['shogun', 'shōgun', 'shogunate', 'samurai', 'daimyō', 'daimyo', 'daimyōs', 'daimyos', 'feudal', 'koku']",
282,193,282_hypothyroidism_hyperthyroidism_thyroid_thyroiditis,"['hypothyroidism', 'hyperthyroidism', 'thyroid', 'thyroiditis', 'thyroidectomy', 'antithyroid', 'deficiency', 'thyroxine', 'parathyroid', 'levothyroxine']",
283,192,283_mythos_tales_author_authors,"['mythos', 'tales', 'author', 'authors', 'writer', 'literature', 'stories', 'literary', 'writings', 'writers']",
284,192,284_contest_contests_qualifying_winners,"['contest', 'contests', 'qualifying', 'winners', 'competed', 'competition', '2021', 'anthem', 'performances', 'performers']",
285,192,285_impeachment_prosecutor_prosecutors_trump,"['impeachment', 'prosecutor', 'prosecutors', 'trump', 'prosecutorial', 'investigation', 'investigations', 'investigators', 'judiciary', 'counsel']",
286,191,286_intelligence_personality_traits_trait,"['intelligence', 'personality', 'traits', 'trait', 'psychometric', 'intelligent', 'psychology', 'psychological', 'temperament', 'emotionality']",
287,191,287_terminator_sequels_sequel_prequel,"['terminator', 'sequels', 'sequel', 'prequel', 'trilogy', 'filmmakers', 'films', 'cyborg', 'film', 'fate']",
288,191,288_spacetime_relativity_relativistic_gravitation,"['spacetime', 'relativity', 'relativistic', 'gravitation', 'geodesic', 'gravity', 'curvature', 'gravitational', 'space', 'spacelike']",
289,190,289_dictatorships_dictatorship_regimes_dictators,"['dictatorships', 'dictatorship', 'regimes', 'dictators', 'authoritarianism', 'democracies', 'authoritarian', 'regime', 'dictator', 'democracy']",
290,190,290_daft_punk_techno_toured,"['daft', 'punk', 'techno', 'toured', 'bands', 'remix', 'rock', 'band', 'music', 'unreleased']",
291,188,291_peppers_chili_funk_flea,"['peppers', 'chili', 'funk', 'flea', 'band', 'songs', 'guitarist', 'albums', 'musically', 'album']",
292,188,292_dinosaurs_dinosaur_rex_prehistoric,"['dinosaurs', 'dinosaur', 'rex', 'prehistoric', 'sequels', 'fossilized', 'sequel', 'creatures', 'trailer', 'paleontologists']",
293,187,293_surnames_surname_naming_names,"['surnames', 'surname', 'naming', 'names', 'suffixes', 'transliterated', 'named', 'paternal', 'families', 'prefixes']",
294,187,294_philosopher_1765_philosophers_writings,"['philosopher', '1765', 'philosophers', 'writings', 'enlightenment', '1751', 'philosophy', 'comte', '1766', 'pamphlets']",
295,186,295_novels_novelist_1925_novel,"['novels', 'novelist', '1925', 'novel', '1920s', '1923', '1920', 'book', 'writer', '1922']",
296,186,296_depot_retailer_retailers_warehouses,"['depot', 'retailer', 'retailers', 'warehouses', 'stores', 'warehouse', 'supermarkets', 'store', 'mart', 'retail']",
297,184,297_copyright_copyrights_copyrighted_royalties,"['copyright', 'copyrights', 'copyrighted', 'royalties', 'infringement', 'licenses', 'trademarks', 'rights', 'license', 'patents']",
298,184,298_eastern_daylight_clocks_noon,"['eastern', 'daylight', 'clocks', 'noon', 'clock', 'midnight', 'longitude', 'schedules', 'est', 'timekeeping']",
299,182,299_numerals_numeral_numbers_numerology,"['numerals', 'numeral', 'numbers', 'numerology', 'digits', 'numerical', 'digit', 'arithmetic', 'alphabet', 'decimal']",
300,182,300_armament_armoured_turret_tanks,"['armament', 'armoured', 'turret', 'tanks', 'tank', 'armour', 'ammunition', 'missile', 'gunner', 'armor']",
301,181,301_vaccines_vaccine_vaccination_vaccinations,"['vaccines', 'vaccine', 'vaccination', 'vaccinations', 'vaccinated', 'immunization', 'immunity', 'antigen', 'antigens', 'pathogen']",
302,181,302_cola_coca_coke_soda,"['cola', 'coca', 'coke', 'soda', 'bottled', 'beverage', 'beverages', 'bottling', 'brands', 'drinks']",
303,181,303_fleet_1797_sailed_fleets,"['fleet', '1797', 'sailed', 'fleets', 'captains', 'admiral', 'sail', 'naval', 'frigates', 'ships']",
304,179,304_tsarina_empress_tsar_maria,"['tsarina', 'empress', 'tsar', 'maria', 'princesses', 'princess', 'duchesses', 'duchess', 'granddaughter', 'heir']",
305,179,305_metalcore_thrash_deathcore_metal,"['metalcore', 'thrash', 'deathcore', 'metal', 'hardcore', 'genres', 'slayer', 'bands', 'punk', 'punks']",
306,179,306_medals_medal_commendation_gallantry,"['medals', 'medal', 'commendation', 'gallantry', 'badge', 'veterans', 'honor', 'awards', 'award', 'soldier']",
307,179,307_smith_prophets_revelations_revelation,"['smith', 'prophets', 'revelations', 'revelation', 'scriptures', 'testament', 'scripture', 'prophet', 'sermons', 'bible']",
308,179,308_newspaper_newspapers_gazette_news,"['newspaper', 'newspapers', 'gazette', 'news', 'magazine', 'publishes', 'magazines', 'tabloid', 'bulletin', 'journal']",
309,179,309_philosopher_philosophers_philosophy_hermeneutics,"['philosopher', 'philosophers', 'philosophy', 'hermeneutics', 'philosophical', 'treatise', 'phenomenological', 'phenomenology', 'idealism', 'existentialism']",
310,178,310_protocols_protocol_packet_packets,"['protocols', 'protocol', 'packet', 'packets', 'layers', 'layer', 'networking', 'http', 'layering', 'internetworking']",
311,178,311_coronation_airing_episodes_bbc,"['coronation', 'airing', 'episodes', 'bbc', 'aired', 'episode', 'viewers', 'weeknights', 'broadcast', 'soap']",
312,178,312_song_songs_singles_singer,"['song', 'songs', 'singles', 'singer', 'billboard', 'peaked', 'duet', 'albums', 'rapper', 'songwriter']",
313,177,313_thylacines_thylacine_fauna_mammals,"['thylacines', 'thylacine', 'fauna', 'mammals', 'carnivorous', 'species', 'extinct', 'carnivores', 'marsupials', 'extinction']",
314,177,314_hearings_communists_subcommittee_committee,"['hearings', 'communists', 'subcommittee', 'committee', 'committees', 'senate', 'communist', 'investigations', 'senators', 'senator']",
315,177,315_1776_1781_1775_1782,"['1776', '1781', '1775', '1782', '1778', '1777', '1780', '1783', 'colonists', '1774']",
316,177,316_comedian_circus_comedians_pythons,"['comedian', 'circus', 'comedians', 'pythons', 'comedy', 'python', 'bbc', 'documentary', 'troupe', 'films']",
317,175,317_railways_railway_trains_rail,"['railways', 'railway', 'trains', 'rail', 'train', 'buses', 'metro', 'stations', 'transportation', 'intercity']",
318,175,318_nudity_naturism_naturists_naturist,"['nudity', 'naturism', 'naturists', 'naturist', 'nude', 'nakedness', 'nudist', 'nudism', 'naked', 'nudists']",
319,172,319_coalition_elections_populist_election,"['coalition', 'elections', 'populist', 'election', 'coalitions', 'parliamentary', 'candidate', 'elected', 'electoral', 'candidacy']",
320,171,320_jihad_coup_overthrow_militias,"['jihad', 'coup', 'overthrow', 'militias', 'ba', 'militants', 'al', 'ulama', 'terrorist', 'leader']",
321,170,321_cement_cements_concretes_concrete,"['cement', 'cements', 'concretes', 'concrete', 'mortar', 'silicates', 'limestone', 'slabs', 'silica', 'materials']",
322,169,322_jeopardy_prizes_contestant_contestants,"['jeopardy', 'prizes', 'contestant', 'contestants', 'competed', 'odds', 'prize', 'winnings', 'millionaire', 'score']",
323,169,323_panzer_commanders_blitzkrieg_commanded,"['panzer', 'commanders', 'blitzkrieg', 'commanded', '1944', 'colonel', 'allied', '1942', 'infantry', 'commander']",
324,169,324_mushroom_mushrooms_sprites_sprite,"['mushroom', 'mushrooms', 'sprites', 'sprite', 'super', 'kong', 'fireballs', 'pinball', 'minigames', 'gameplay']",
325,169,325_cossacks_tsar_tsarist_soviet,"['cossacks', 'tsar', 'tsarist', 'soviet', 'republics', 'rebels', 'armies', 'cavalry', 'regime', 'regiments']",
326,168,326_apes_ape_sequels_gorilla,"['apes', 'ape', 'sequels', 'gorilla', 'prequel', 'planet', 'monkey', 'sequel', 'chimpanzees', 'chimpanzee']",
327,168,327_graphene_graphite_nanotubes_carbon,"['graphene', 'graphite', 'nanotubes', 'carbon', 'conductivity', 'exfoliation', 'carbide', 'nanoparticles', 'electrons', 'materials']",
328,167,328_nicotine_tobacco_cigarettes_cigarette,"['nicotine', 'tobacco', 'cigarettes', 'cigarette', 'smoking', 'vaping', 'vape', 'smokers', 'smoker', 'smoke']",
329,167,329_keyboardist_toured_guitarist_vocalist,"['keyboardist', 'toured', 'guitarist', 'vocalist', 'bassist', 'guitarists', 'concert', 'drummer', 'musician', 'bandmates']",
330,166,330_museums_museum_exhibitions_galleries,"['museums', 'museum', 'exhibitions', 'galleries', 'exhibits', 'artworks', 'sculptures', 'gallery', 'exhibition', 'paintings']",
331,165,331_motors_rotors_rotor_motor,"['motors', 'rotors', 'rotor', 'motor', 'rotary', 'windings', 'magnetically', 'magnets', 'magnet', 'winding']",
332,163,332_tabby_cat_feline_cats,"['tabby', 'cat', 'feline', 'cats', 'coloration', 'kittens', 'breeds', 'paws', 'patterns', 'calico']",
333,163,333_handmaid_novels_novel_writers,"['handmaid', 'novels', 'novel', 'writers', 'tale', 'book', 'books', 'literary', 'novellas', 'synopsis']",
334,162,334_boulevard_celebrity_fame_celebrities,"['boulevard', 'celebrity', 'fame', 'celebrities', 'walk', 'star', 'avenue', 'stars', '7021', 'sidewalk']",
335,162,335_trilogy_remastered_gods_editions,"['trilogy', 'remastered', 'gods', 'editions', 'war', 'edition', 'god', 'games', 'sequel', 'mythology']",
336,162,336_genocide_peacekeeping_massacres_assassinated,"['genocide', 'peacekeeping', 'massacres', 'assassinated', 'killings', 'insurgency', 'regime', 'assassination', 'rebels', 'refugees']",
337,162,337_leopard_leopards_armament_refit,"['leopard', 'leopards', 'armament', 'refit', 'tanks', 'armoured', 'gunner', 'tank', 'turret', 'armour']",
338,162,338_homicides_homicide_murders_crime,"['homicides', 'homicide', 'murders', 'crime', 'crimes', 'robberies', 'murder', 'violent', 'robbery', 'policing']",
339,161,339_mercury_queen_bohemian_singer,"['mercury', 'queen', 'bohemian', 'singer', 'musically', 'deacon', 'vocals', 'guitarist', 'lyrics', 'songs']",
340,160,340_tennis_tournaments_tournament_badminton,"['tennis', 'tournaments', 'tournament', 'badminton', 'slams', 'competitions', 'matches', 'championship', 'racket', 'finals']",
341,159,341_confederate_confederacy_confederates_slavery,"['confederate', 'confederacy', 'confederates', 'slavery', '1861', 'proclamation', '1863', '1860', 'emancipation', 'slaves']",
342,159,342_scrum_agile_sprints_sprint,"['scrum', 'agile', 'sprints', 'sprint', 'development', 'manifesto', 'methodologies', 'agility', 'stakeholder', 'developers']",
343,158,343_museums_museum_galleries_exhibitions,"['museums', 'museum', 'galleries', 'exhibitions', 'exhibits', 'artworks', 'gallery', 'murals', 'mural', 'sculptures']",
344,158,344_transformers_transformer_sequels_bumblebee,"['transformers', 'transformer', 'sequels', 'bumblebee', 'sequel', 'prequel', '2023', 'robots', 'films', 'film']",
345,158,345_languages_dialects_language_bilingual,"['languages', 'dialects', 'language', 'bilingual', 'dialect', 'linguists', 'linguistically', 'linguistic', 'pronunciation', 'langue']",
346,157,346_sponge_sponges_cartoon_cartoons,"['sponge', 'sponges', 'cartoon', 'cartoons', 'plankton', 'tentacles', 'goofy', 'comic', 'comics', 'cartoonists']",
347,157,347_telescope_telescopes_observatory_astronomy,"['telescope', 'telescopes', 'observatory', 'astronomy', 'astronomical', 'astronomers', 'spacecraft', 'optics', 'galaxies', 'observatories']",
348,156,348_mandarin_dialects_languages_lingua,"['mandarin', 'dialects', 'languages', 'lingua', 'china', 'dialect', 'language', 'vernacular', 'linguists', 'mainland']",
349,156,349_kiss_toured_concerts_tour,"['kiss', 'toured', 'concerts', 'tour', 'lip', 'concert', 'touring', 'headlined', 'lick', 'performing']",
350,155,350_holiday_celebrates_holidays_celebrated,"['holiday', 'celebrates', 'holidays', 'celebrated', 'celebrations', 'fatherhood', 'day', 'celebrate', 'celebration', 'traditions']",
351,155,351_conquered_empires_ancient_kingdoms,"['conquered', 'empires', 'ancient', 'kingdoms', 'dynasty', 'throne', 'deposed', 'vassal', 'empire', 'conquest']",
352,155,352_legionnaires_legion_regiments_guerrillas,"['legionnaires', 'legion', 'regiments', 'guerrillas', 'regiment', 'soldiers', 'troops', 'army', 'infantry', 'cavalry']",
353,155,353_evolution_evolutionary_creationist_naturalist,"['evolution', 'evolutionary', 'creationist', 'naturalist', 'biologist', 'naturalists', 'biology', 'species', 'apes', 'biological']",
354,155,354_tennis_slams_quarterfinal_racquet,"['tennis', 'slams', 'quarterfinal', 'racquet', 'doubles', 'quarterfinals', 'racquets', 'tournaments', 'semifinals', 'tournament']",
355,155,355_wikipedia_encyclopedia_encyclopedias_wikis,"['wikipedia', 'encyclopedia', 'encyclopedias', 'wikis', 'articles', 'wiki', 'publications', 'article', 'journalism', 'content']",
356,155,356_detainees_inmates_prisoners_detention,"['detainees', 'inmates', 'prisoners', 'detention', 'prisons', 'detained', 'prisoner', 'interrogations', 'prison', 'interrogation']",
357,154,357_operatic_opera_soprano_operas,"['operatic', 'opera', 'soprano', 'operas', 'arias', 'tenor', 'sopranos', 'maria', 'tenors', 'amore']",
358,154,358_coalition_chancellors_chancellor_chancellorship,"['coalition', 'chancellors', 'chancellor', 'chancellorship', 'democrats', 'democrat', 'elections', 'election', 'parliamentary', 'democratic']",
359,154,359_pixels_encoding_compression_pixel,"['pixels', 'encoding', 'compression', 'pixel', 'bitmap', 'uncompressed', 'encoders', 'decoding', 'encoded', 'bytes']",
360,154,360_augmented_oculus_vision_ar,"['augmented', 'oculus', 'vision', 'ar', 'virtual', '3d', 'visual', 'immersive', 'interactive', 'simulator']",
361,153,361_flash_comics_episodes_storylines,"['flash', 'comics', 'episodes', 'storylines', 'showrunner', 'showrunners', 'flashpoint', 'premiere', 'superhero', 'arrow']",
362,153,362_presidency_presidential_fascism_president,"['presidency', 'presidential', 'fascism', 'president', 'dictatorship', 'populist', 'fascist', '1945', 'regime', 'dissidents']",
363,153,363_soil_soils_fertilizers_fertilizer,"['soil', 'soils', 'fertilizers', 'fertilizer', 'nutrient', 'minerals', 'nutrients', 'sediments', 'porosity', 'inorganic']",
364,152,364_novels_1876_1881_1880,"['novels', '1876', '1881', '1880', 'writer', 'steamboat', 'novel', 'voyage', 'adventures', 'manuscript']",
365,152,365_critics_rankings_ranking_decade,"['critics', 'rankings', 'ranking', 'decade', 'films', '2000', 'movies', 'tenth', 'cinema', 'cinéma']",
366,152,366_dos_defendants_trafficking_alleged,"['dos', 'defendants', 'trafficking', 'alleged', 'recruited', 'defendant', 'indictment', 'detention', 'scheme', 'recruits']",
367,151,367_abused_abuse_assaults_maltreatment,"['abused', 'abuse', 'assaults', 'maltreatment', 'abusive', 'neglect', 'offenders', 'violence', 'abusers', 'abuser']",
368,151,368_masks_mask_pandemic_vaccine,"['masks', 'mask', 'pandemic', 'vaccine', 'vaccinated', 'vaccination', 'outbreak', 'vaccinations', 'immunity', 'coronavirus']",
369,150,369_novel_scout_rye_nonfiction,"['novel', 'scout', 'rye', 'nonfiction', 'narrator', 'book', 'readers', 'reader', 'literary', 'bestseller']",
370,149,370_tennis_doubles_competed_tournaments,"['tennis', 'doubles', 'competed', 'tournaments', 'tournament', 'matches', 'match', 'finalist', 'finals', 'walkover']",
371,149,371_macron_presidential_candidate_candidates,"['macron', 'presidential', 'candidate', 'candidates', 'pen', 'presidency', 'candidacy', 'polls', 'elections', 'electoral']",
372,148,372_rose_roses_frontman_revolver,"['rose', 'roses', 'frontman', 'revolver', 'toured', 'albums', 'band', 'guns', 'album', 'drums']",
373,148,373_satyagraha_revolt_rebellion_salt,"['satyagraha', 'revolt', 'rebellion', 'salt', 'protest', 'protests', 'raj', 'march', 'agitation', 'nationalism']",
374,148,374_1945_allied_soviets_allies,"['1945', 'allied', 'soviets', 'allies', 'reunification', 'soviet', 'treaty', 'border', 'zones', 'east']",
375,148,375_princes_prince_ambition_prudence,"['princes', 'prince', 'ambition', 'prudence', 'nobles', 'virtuous', 'rulers', 'virtue', 'tyrants', 'cunning']",
376,148,376_railways_railway_locomotives_trains,"['railways', 'railway', 'locomotives', 'trains', 'train', 'rail', 'intercity', 'speeds', 'speed', 'gauge']",
377,148,377_murdered_murders_convicted_sentenced,"['murdered', 'murders', 'convicted', 'sentenced', 'suspicion', 'murdering', 'moor', 'murder', 'investigators', 'assaulted']",
378,148,378_syndrome_disorders_polycystic_diagnosed,"['syndrome', 'disorders', 'polycystic', 'diagnosed', 'ovarian', 'hyperandrogenism', 'diagnosis', 'congenital', 'chromosome', 'disease']",
379,147,379_dune_dunes_novels_trilogy,"['dune', 'dunes', 'novels', 'trilogy', 'novel', 'prequel', 'interstellar', 'hardcover', 'miniseries', 'sequels']",
380,147,380_temple_cult_peoples_disciples,"['temple', 'cult', 'peoples', 'disciples', 'teachings', 'church', 'congregation', 'denomination', 'communal', 'followers']",
381,147,381_1963_assassinated_1964_mosque,"['1963', 'assassinated', '1964', 'mosque', 'assassination', 'negro', 'mecca', 'bombed', '1965', '1960s']",
382,146,382_chess_rook_grandmasters_grandmaster,"['chess', 'rook', 'grandmasters', 'grandmaster', 'tournaments', 'tournament', 'championship', 'pawn', '1972', 'pawns']",
383,146,383_lithium_batteries_battery_rechargeable,"['lithium', 'batteries', 'battery', 'rechargeable', 'electrochemical', 'recharge', 'charger', 'recharged', 'electrolyte', 'alkaline']",
384,146,384_genocide_detainees_persecution_internment,"['genocide', 'detainees', 'persecution', 'internment', 'holocaust', 'abuses', 'sanctions', 'allegations', 'condemning', 'extradition']",
385,145,385_neurons_neuronal_neuron_neurotransmitters,"['neurons', 'neuronal', 'neuron', 'neurotransmitters', 'neurotransmitter', 'nerves', 'nerve', 'synapses', 'neural', 'cortex']",
386,145,386_poles_casualties_massacres_massacre,"['poles', 'casualties', 'massacres', 'massacre', 'polish', 'nazi', 'soviets', 'killings', 'soviet', 'victims']",
387,145,387_dialects_accents_isles_dialect,"['dialects', 'accents', 'isles', 'dialect', 'pronunciation', 'isle', 'highland', 'cork', 'highlands', 'speak']",
388,145,388_racing_speedway_raced_laps,"['racing', 'speedway', 'raced', 'laps', 'motorsports', 'qualifying', 'standings', 'racecar', 'shootout', 'race']",
389,145,389_rand_nonfiction_subjectivism_philosophers,"['rand', 'nonfiction', 'subjectivism', 'philosophers', 'philosopher', 'book', 'books', 'philosophy', 'novelist', 'collectivism']",
390,145,390_lee_pap_chairman_election,"['lee', 'pap', 'chairman', 'election', 'leaders', 'resigned', 'deputy', 'ministers', 'leader', 'ministerial']",
391,144,391_kernels_kernel_processors_processes,"['kernels', 'kernel', 'processors', 'processes', 'processor', 'os', 'memory', 'hardware', 'operating', 'utility']",
392,144,392_nightmare_nightmares_elm_horror,"['nightmare', 'nightmares', 'elm', 'horror', 'supernatural', 'dreams', 'filmmakers', 'cinema', 'scary', 'documentary']",
393,144,393_newspaper_newspapers_tabloid_newsprint,"['newspaper', 'newspapers', 'tabloid', 'newsprint', 'journalism', 'telegraph', 'newsroom', 'news', 'publishing', 'publisher']",
394,144,394_interrogation_interrogations_arrest_incrimination,"['interrogation', 'interrogations', 'arrest', 'incrimination', 'defendant', 'incriminate', 'defendants', 'prosecution', 'enforcement', 'incriminating']",
395,144,395_millennials_millennial_generations_generation,"['millennials', 'millennial', 'generations', 'generation', 'generational', 'gen', 'boomers', 'demographic', 'midlife', 'familial']",
396,143,396_hobbit_hobbits_shire_literature,"['hobbit', 'hobbits', 'shire', 'literature', 'publishers', 'dwarves', 'elves', 'tales', 'rings', 'publisher']",
397,143,397_pollution_pollutants_polluting_pollutant,"['pollution', 'pollutants', 'polluting', 'pollutant', 'polluted', 'emissions', 'environmental', 'smog', 'contaminants', 'ozone']",
398,143,398_sins_sin_sinfulness_theology,"['sins', 'sin', 'sinfulness', 'theology', 'sinned', 'sinful', 'holiness', 'scripture', 'eve', 'theologians']",
399,143,399_nursing_nurse_nurses_hospitals,"['nursing', 'nurse', 'nurses', 'hospitals', 'compassion', 'infirmary', 'midwifery', 'medical', 'hospital', 'professionalisation']",
400,142,400_aeronautical_aeronautics_aircraft_flew,"['aeronautical', 'aeronautics', 'aircraft', 'flew', 'airplanes', 'flying', 'airplane', 'aviation', 'flyer', 'flown']",
401,142,401_congregations_congregation_churches_denominations,"['congregations', 'congregation', 'churches', 'denominations', 'denomination', 'church', 'adherents', 'evangelical', 'brethren', 'schisms']",
402,142,402_skyscraper_tallest_skyscrapers_towers,"['skyscraper', 'tallest', 'skyscrapers', 'towers', 'tower', 'buildings', 'empire', 'building', 'landmark', 'skyline']",
403,142,403_consulate_embassy_suspects_assassination,"['consulate', 'embassy', 'suspects', 'assassination', 'consul', 'diplomatic', 'investigation', 'turkey', 'alleged', 'fiancé']",
404,141,404_blu_disc_discs_codecs,"['blu', 'disc', 'discs', 'codecs', 'digital', 'optical', 'formats', 'firmware', '1080p', 'storage']",
405,140,405_pyramid_pyramids_pyramidion_excavations,"['pyramid', 'pyramids', 'pyramidion', 'excavations', 'tombs', 'necropolis', 'archaeologists', 'pharaoh', 'masonry', 'tomb']",
406,140,406_antibiotics_antibiotic_amoxicillin_penicillin,"['antibiotics', 'antibiotic', 'amoxicillin', 'penicillin', 'ampicillin', 'infections', 'antibacterial', 'infection', 'clindamycin', 'pneumoniae']",
407,140,407_activism_protest_protests_activist,"['activism', 'protest', 'protests', 'activist', 'marches', 'negro', 'riots', 'segregationist', 'segregationists', 'racism']",
408,139,408_bbc_broadcasting_channel_al,"['bbc', 'broadcasting', 'channel', 'al', 'simulcast', 'broadcast', 'channels', 'broadcasts', 'broadcaster', 'radio']",
409,139,409_pharaoh_pharaohs_throne_heir,"['pharaoh', 'pharaohs', 'throne', 'heir', 'tombs', 'ancient', 'regent', 'rulers', 'deity', 'tomb']",
410,139,410_bombing_troops_pentagon_war,"['bombing', 'troops', 'pentagon', 'war', 'troop', '1965', '1967', 'military', '1966', 'draftees']",
411,138,411_municipality_megacity_located_niger,"['municipality', 'megacity', 'located', 'niger', 'town', 'city', 'capital', 'centre', 'situated', 'airport']",
412,138,412_addresses_subnet_subnets_addressing,"['addresses', 'subnet', 'subnets', 'addressing', 'address', 'routing', 'allocated', 'notation', 'routers', 'prefixes']",
413,137,413_tom_cruise_screenwriter_tall,"['tom', 'cruise', 'screenwriter', 'tall', 'jack', 'height', 'protagonist', 'sequel', 'marine', 'novel']",
414,137,414_motivation_motivations_motivational_motivate,"['motivation', 'motivations', 'motivational', 'motivate', 'motivates', 'motivating', 'motive', 'motivators', 'motivated', 'psychological']",
415,137,415_deforestation_reforestation_forestry_forests,"['deforestation', 'reforestation', 'forestry', 'forests', 'forested', 'forest', 'rainforests', 'rainforest', 'vegetation', 'agriculture']",
416,136,416_anesthesiologist_anatomy_neurosurgery_surgeon,"['anesthesiologist', 'anatomy', 'neurosurgery', 'surgeon', 'cast', 'surgeons', 'physicians', 'showrunner', 'neurosurgeon', 'bailey']",
417,136,417_pharaoh_prophets_prophet_messiah,"['pharaoh', 'prophets', 'prophet', 'messiah', 'patriarch', 'prophecy', 'testament', 'genesis', 'famine', 'kings']",
418,136,418_battlefield_warfare_modern_gameplay,"['battlefield', 'warfare', 'modern', 'gameplay', 'remastered', 'blizzard', 'consoles', 'multiplayer', 'duty', 'release']",
419,136,419_ancestry_mestizo_ethnic_ethnicity,"['ancestry', 'mestizo', 'ethnic', 'ethnicity', 'natives', 'indigenous', 'mestizos', 'minorities', 'mestiza', 'multiracial']",
420,136,420_telegram_messenger_messaging_chat,"['telegram', 'messenger', 'messaging', 'chat', 'apps', 'messages', 'chats', 'android', 'blackberry', 'app']",
421,135,421_penalty_penalties_fouls_foul,"['penalty', 'penalties', 'fouls', 'foul', 'goaltending', 'offside', 'tackle', 'goalie', 'goaltender', 'kick']",
422,135,422_miss_pageant_pageants_pageantry,"['miss', 'pageant', 'pageants', 'pageantry', 'finalist', 'semifinalist', 'contestant', 'contests', 'competed', 'semifinalists']",
423,135,423_throne_rebelled_heir_king,"['throne', 'rebelled', 'heir', 'king', 'castles', 'nobility', 'coronation', 'royal', 'rebellion', 'besieged']",
424,135,424_territory_airspace_blockade_sanctions,"['territory', 'airspace', 'blockade', 'sanctions', 'borders', 'humanitarian', 'territorial', 'occupying', 'militias', 'territories']",
425,135,425_jazz_saxophonist_trumpeter_saxophone,"['jazz', 'saxophonist', 'trumpeter', 'saxophone', 'musicians', 'musician', 'orchestra', 'clarinet', '1930s', 'composers']",
426,135,426_stooge_moe_curly_comedies,"['stooge', 'moe', 'curly', 'comedies', 'comedians', 'comedian', 'goose', 'trio', 'cartoons', 'vaudeville']",
427,134,427_lichens_lichen_fungi_fungal,"['lichens', 'lichen', 'fungi', 'fungal', 'fungus', 'basidiomycetes', 'cyanobacteria', 'organisms', 'algae', 'cyanobacterial']",
428,134,428_rebels_overthrowing_generals_overthrow,"['rebels', 'overthrowing', 'generals', 'overthrow', 'coup', 'rebellion', 'communists', 'civilian', 'killings', 'kidnapped']",
429,134,429_races_race_racial_anthropologist,"['races', 'race', 'racial', 'anthropologist', 'anthropologists', 'anthropology', 'anthropological', 'racism', 'ethnicity', 'ethnic']",
430,133,430_channel_channels_broadcasting_broadcasters,"['channel', 'channels', 'broadcasting', 'broadcasters', 'simulcast', 'broadcasts', 'broadcast', 'simulcasting', 'broadcaster', 'tv']",
431,133,431_prosecution_accused_bordereau_acquitted,"['prosecution', 'accused', 'bordereau', 'acquitted', 'investigation', 'convicted', '1899', 'scandal', '1894', '1896']",
432,133,432_missiles_soviets_missile_soviet,"['missiles', 'soviets', 'missile', 'soviet', 'nuclear', 'assassination', '1963', 'communists', 'diplomatic', 'secrecy']",
433,133,433_1945_armistice_surrender_surrendered,"['1945', 'armistice', 'surrender', 'surrendered', 'soviets', 'hostilities', 'soviet', 'bombings', 'bombs', 'treaty']",
434,133,434_monastic_monastics_samadhi_monks,"['monastic', 'monastics', 'samadhi', 'monks', 'monastery', 'devotees', 'disciples', 'meditating', 'meditation', 'priest']",
435,133,435_colors_colours_colour_magenta,"['colors', 'colours', 'colour', 'magenta', 'pigment', 'color', 'pigments', 'colored', 'yellowish', 'dyes']",
436,133,436_pipeline_pipelines_keystone_refinery,"['pipeline', 'pipelines', 'keystone', 'refinery', 'pipe', 'upstream', 'gulf', 'drilling', 'petroleum', 'rail']",
437,132,437_institutes_institute_universities_polytechnic,"['institutes', 'institute', 'universities', 'polytechnic', 'polytechnics', 'admission', 'colleges', 'university', 'courses', 'engineering']",
438,132,438_deepest_depths_oceanographic_oceanography,"['deepest', 'depths', 'oceanographic', 'oceanography', 'challenger', 'trench', 'depth', 'sonar', 'deep', 'dive']",
439,132,439_postcodes_postcode_zip_postal,"['postcodes', 'postcode', 'zip', 'postal', 'addresses', 'address', 'codes', 'residents', 'postage', 'barcode']",
440,132,440_rockstar_grand_games_consoles,"['rockstar', 'grand', 'games', 'consoles', 'gameplay', 'edition', 'san', 'theft', 'trilogy', 'los']",
441,131,441_woman_wonder_goddess_feminist,"['woman', 'wonder', 'goddess', 'feminist', 'goddesses', 'women', 'superhero', 'metahuman', 'comics', 'gal']",
442,131,442_suffrage_referendum_referendums_women,"['suffrage', 'referendum', 'referendums', 'women', 'enfranchised', 'enfranchisement', 'woman', '1919', '1945', '1930']",
443,131,443_apartheid_cape_natal_protest,"['apartheid', 'cape', 'natal', 'protest', 'activist', 'activists', 'councillor', 'democratic', 'political', 'imprisonment']",
444,131,444_barristers_barrister_solicitors_lawyers,"['barristers', 'barrister', 'solicitors', 'lawyers', 'solicitor', 'lawyer', 'attorneys', 'jurists', 'attorney', 'litigation']",
445,131,445_scrolls_manuscripts_antiquities_archaeology,"['scrolls', 'manuscripts', 'antiquities', 'archaeology', 'archaeological', 'scholars', 'temple', 'synagogue', 'caves', 'publication']",
446,130,446_slavery_revolution_slaves_revolt,"['slavery', 'revolution', 'slaves', 'revolt', 'colonial', 'colonies', 'abolition', 'colony', 'enslaved', 'slave']",
447,130,447_boxer_cop_knockout_fighter,"['boxer', 'cop', 'knockout', 'fighter', 'fights', 'punches', 'middleweight', 'heavyweight', 'rematch', 'fight']",
448,130,448_siblings_1963_assassinated_senator,"['siblings', '1963', 'assassinated', 'senator', 'youngest', 'senators', 'sister', 'father', 'assassination', 'presidential']",
449,130,449_ku_confederate_activists_1868,"['ku', 'confederate', 'activists', '1868', 'whites', 'blacks', '1920s', 'bootleggers', '1925', 'infiltrate']",
450,130,450_bear_bears_grizzly_predators,"['bear', 'bears', 'grizzly', 'predators', 'species', 'hunters', 'endangered', 'habitats', 'hunting', 'animals']",
451,129,451_junta_detained_arrest_imprisonment,"['junta', 'detained', 'arrest', 'imprisonment', 'sentenced', 'coup', 'convicted', 'arrested', 'elections', 'minister']",
452,129,452_oasis_albums_concert_songwriter,"['oasis', 'albums', 'concert', 'songwriter', 'album', 'guitarist', 'concerts', 'songs', 'bassist', 'band']",
453,129,453_darkness_literature_novelist_postcolonial,"['darkness', 'literature', 'novelist', 'postcolonial', 'colonialism', 'novel', 'writings', 'novels', 'narrator', 'protagonist']",
454,129,454_currencies_currency_monetary_dollar,"['currencies', 'currency', 'monetary', 'dollar', 'dollars', 'inflation', 'gold', 'bank', 'banking', 'fiat']",
455,129,455_musically_musician_drums_percussion,"['musically', 'musician', 'drums', 'percussion', 'composers', 'music', 'solos', 'songs', 'musicians', 'instrumental']",
456,128,456_infantry_insurgents_battalion_platoon,"['infantry', 'insurgents', 'battalion', 'platoon', 'reconnaissance', 'marines', 'regiment', 'convoy', 'corps', 'deployed']",
457,128,457_sesame_puppets_puppeteer_puppet,"['sesame', 'puppets', 'puppeteer', 'puppet', 'puppeteers', 'oz', 'monster', 'puppetry', 'sketches', 'frog']",
458,128,458_crocodiles_crocodile_alligators_alligator,"['crocodiles', 'crocodile', 'alligators', 'alligator', 'reptiles', 'reptile', 'saltwater', 'crocodilians', 'freshwater', 'snouts']",
459,128,459_antibiotics_antibiotic_penicillin_antimicrobial,"['antibiotics', 'antibiotic', 'penicillin', 'antimicrobial', 'amoxicillin', 'antibacterial', 'infections', 'ampicillin', 'penicillins', 'bacterial']",
460,128,460_acropolis_excavations_temples_temple,"['acropolis', 'excavations', 'temples', 'temple', 'archaeologists', 'sculptures', 'monument', 'statue', 'ancient', 'mausoleum']",
461,128,461_taxes_tax_taxation_taxable,"['taxes', 'tax', 'taxation', 'taxable', 'taxed', 'income', 'revenue', 'taxpayers', 'taxpayer', 'taxing']",
462,128,462_manning_arrested_offenses_prosecutors,"['manning', 'arrested', 'offenses', 'prosecutors', 'whistleblower', 'arrest', 'lawsuit', 'plea', 'hacker', 'charges']",
463,128,463_quantum_entanglement_entangled_decoherence,"['quantum', 'entanglement', 'entangled', 'decoherence', 'superposition', 'determinism', 'physicists', 'mathematically', 'chaotic', 'deterministic']",
464,127,464_sang_carpenter_carpenters_billboard,"['sang', 'carpenter', 'carpenters', 'billboard', 'songwriter', 'oldies', 'songs', 'songwriters', 'ballads', 'singer']",
465,127,465_languages_language_lingua_creole,"['languages', 'language', 'lingua', 'creole', 'vernacular', 'bilingualism', 'linguistic', 'mandarin', 'archipelago', 'dialects']",
466,127,466_goddesses_mythological_goddess_deities,"['goddesses', 'mythological', 'goddess', 'deities', 'gods', 'worshipped', 'myths', 'deity', 'worship', 'worshippers']",
467,127,467_katana_kata_swords_sword,"['katana', 'kata', 'swords', 'sword', 'samurai', 'swordsmiths', 'swordsmanship', 'hilt', 'ninja', 'ninjas']",
468,127,468_haggard_sang_duets_ballads,"['haggard', 'sang', 'duets', 'ballads', 'songs', 'singer', 'gospel', 'ballad', 'song', 'lyrics']",
469,127,469_marathon_marathons_runners_runner,"['marathon', 'marathons', 'runners', 'runner', 'triathlon', 'raced', 'olympic', 'running', 'competitions', 'race']",
470,127,470_comedian_comedians_sitcom_sitcoms,"['comedian', 'comedians', 'sitcom', 'sitcoms', 'comedy', 'coffee', 'episode', 'primetime', 'syndication', 'episodes']",
471,127,471_armament_panzer_armoured_tanks,"['armament', 'panzer', 'armoured', 'tanks', 'armored', 'turret', 'panther', 'tiger', 'gun', 'ammunition']",
472,127,472_traditional_dhoti_sari_dresses,"['traditional', 'dhoti', 'sari', 'dresses', 'traditionally', 'skirts', 'garments', 'attire', 'dress', 'gowns']",
473,126,473_prohibition_alcoholism_alcoholic_alcohol,"['prohibition', 'alcoholism', 'alcoholic', 'alcohol', 'liquor', '1920s', 'repealed', '1920', 'repeal', 'repealing']",
474,126,474_lightning_thunderstorm_thunderstorms_storms,"['lightning', 'thunderstorm', 'thunderstorms', 'storms', 'thunder', 'storm', 'clouds', 'cloud', 'tornadoes', 'plasmas']",
475,125,475_militants_temple_terrorists_militant,"['militants', 'temple', 'terrorists', 'militant', 'casualties', 'martyrdom', 'paramilitary', 'gurdwaras', 'soldiers', 'shrine']",
476,125,476_cartoons_tom_shorts_cartoon,"['cartoons', 'tom', 'shorts', 'cartoon', 'commercials', 'productions', 'episodes', 'animator', 'theatrical', 'adventures']",
477,125,477_mortality_fertility_expectancy_population,"['mortality', 'fertility', 'expectancy', 'population', 'births', 'deaths', '2050', 'prevalence', 'newborns', 'estimates']",
478,125,478_lodges_masonic_lodge_masons,"['lodges', 'masonic', 'lodge', 'masons', 'masonry', 'stonemasons', 'mason', 'guilds', 'fraternity', 'membership']",
479,125,479_judge_judges_courtroom_court,"['judge', 'judges', 'courtroom', 'court', 'defendants', 'judgment', 'justice', 'bailiff', 'jury', 'plaintiff']",
480,124,480_entrepreneurship_entrepreneur_entrepreneurial_entrepreneurs,"['entrepreneurship', 'entrepreneur', 'entrepreneurial', 'entrepreneurs', 'venture', 'enterprise', 'businesses', 'business', 'opportunities', 'innovating']",
481,124,481_burger_burgers_hamburger_franchisees,"['burger', 'burgers', 'hamburger', 'franchisees', 'hamburgers', 'franchises', 'franchisee', 'patties', 'franchising', 'franchise']",
482,124,482_folate_folic_vitamin_vitamins,"['folate', 'folic', 'vitamin', 'vitamins', 'supplements', 'supplement', 'supplementation', 'homocysteine', 'deficiency', 'nutrients']",
483,124,483_niger_haram_jihad_bombing,"['niger', 'haram', 'jihad', 'bombing', 'insurgency', 'bombings', 'attacked', 'insurgents', 'jihadists', 'militants']",
484,124,484_viewership_viewers_subscribers_channel,"['viewership', 'viewers', 'subscribers', 'channel', 'livestreaming', 'channels', 'streaming', 'twitch', 'subscriber', 'subscribed']",
485,124,485_1080p_resolution_1080_720p,"['1080p', 'resolution', '1080', '720p', '1080i', 'resolutions', 'pixels', 'megapixels', '720', '480i']",
486,124,486_units_metre_quantities_unit,"['units', 'metre', 'quantities', 'unit', 'kilogram', 'si', 'metric', 'measurement', 'kelvin', 'magnitudes']",
487,123,487_oblast_soviet_yuri_grandmother,"['oblast', 'soviet', 'yuri', 'grandmother', 'grandparents', 'grandfather', 'grandchildren', 'granddaughter', 'paternal', 'surname']",
488,123,488_cricket_wickets_matches_umpires,"['cricket', 'wickets', 'matches', 'umpires', 'rugby', 'ashes', 'tournament', 'tournaments', 'internationals', 'match']",
489,123,489_defendant_testify_prosecution_court,"['defendant', 'testify', 'prosecution', 'court', 'judge', 'deposition', 'prosecute', 'accuser', 'conviction', 'accusers']",
490,123,490_inventor_electrical_inventors_inventions,"['inventor', 'electrical', 'inventors', 'inventions', 'electricity', 'electric', 'patent', 'motors', 'patents', '1891']",
491,123,491_apartheid_natal_cape_chairperson,"['apartheid', 'natal', 'cape', 'chairperson', 'appointed', 'resigned', 'candidate', 'resignation', 'elected', 'unopposed']",
492,123,492_ball_sitcom_tv_1957,"['ball', 'sitcom', 'tv', '1957', 'miss', 'carol', 'sitcoms', 'vaudeville', '1951', 'starred']",
493,123,493_zeppelin_stairway_concert_lyrics,"['zeppelin', 'stairway', 'concert', 'lyrics', 'psychedelic', 'songs', 'concerts', 'guitarist', 'vocalist', 'led']",
494,123,494_negro_negroes_racial_whites,"['negro', 'negroes', 'racial', 'whites', 'civilizing', 'afro', 'black', 'race', 'prejudiced', 'riots']",
495,122,495_tornado_tornadoes_storms_thunderstorm,"['tornado', 'tornadoes', 'storms', 'thunderstorm', 'thunderstorms', 'storm', 'winds', 'weather', 'wind', 'roofs']",
496,122,496_façade_buildings_architect_architects,"['façade', 'buildings', 'architect', 'architects', 'building', 'cathedral', 'architectural', 'decoration', 'architecture', 'basilica']",
497,122,497_marvel_superhero_marvels_supervillain,"['marvel', 'superhero', 'marvels', 'supervillain', 'superman', 'superpowered', 'villains', 'villain', 'powers', 'vengeance']",
498,121,498_murders_homicide_rapist_murderer,"['murders', 'homicide', 'rapist', 'murderer', 'suspect', 'murdered', 'crimes', 'stalker', 'detective', 'killer']",
499,121,499_cram_murders_murdered_tortured,"['cram', 'murders', 'murdered', 'tortured', 'detectives', 'investigators', 'buried', 'strangled', 'correctional', 'raped']",
500,121,500_tequila_agave_distillation_distillery,"['tequila', 'agave', 'distillation', 'distillery', 'liquor', 'cocktail', 'gin', 'cocktails', 'mexicana', 'mezcal']",
501,121,501_tennis_doubles_tournaments_singles,"['tennis', 'doubles', 'tournaments', 'singles', 'semifinals', 'quarterfinal', 'tournament', 'semifinal', 'championships', 'championship']",
502,121,502_conspiracies_conspiratorial_conspiracy_trafficking,"['conspiracies', 'conspiratorial', 'conspiracy', 'trafficking', 'trump', 'pedophiles', 'extremists', '8chan', '4chan', 'satanic']",
503,121,503_airship_zeppelin_airships_helium,"['airship', 'zeppelin', 'airships', 'helium', 'flew', 'flight', 'flights', 'von', 'voyage', 'passengers']",
504,120,504_dubbed_dub_dubbing_dubs,"['dubbed', 'dub', 'dubbing', 'dubs', 'castle', 'film', 'anime', 'spirited', 'sky', 'manga']",
505,120,505_defamation_libel_defamatory_slander,"['defamation', 'libel', 'defamatory', 'slander', 'slanderous', 'harassment', 'lawsuits', 'plaintiff', 'prosecuted', 'offences']",
506,120,506_soprano_mafia_joey_carmine,"['soprano', 'mafia', 'joey', 'carmine', 'capo', 'junior', 'sack', 'prison', 'boss', 'informant']",
507,119,507_eagle_eagles_vultures_hawk,"['eagle', 'eagles', 'vultures', 'hawk', 'birds', 'bird', 'plumage', 'geese', 'talons', 'prey']",
508,119,508_households_household_average_families,"['households', 'household', 'average', 'families', 'census', 'family', 'couples', 'unmarried', 'housing', 'median']",
509,119,509_taxonomic_genus_taxon_nomenclature,"['taxonomic', 'genus', 'taxon', 'nomenclature', 'taxonomists', 'taxonomy', 'taxonomist', 'phylogenetic', 'subgenus', 'superfamily']",
510,119,510_1984_1945_1949_novelist,"['1984', '1945', '1949', 'novelist', '1939', 'totalitarianism', 'eighty', 'wartime', 'essay', '1946']",
511,119,511_philosopher_philosophers_empiricism_philosophy,"['philosopher', 'philosophers', 'empiricism', 'philosophy', 'rationalist', 'rationalism', 'empiricist', 'philosophical', 'empiricists', 'rationalists']",
512,119,512_women_comfort_geisha_grandmothers,"['women', 'comfort', 'geisha', 'grandmothers', 'yen', 'survivors', 'brothels', 'victims', 'prostitutes', 'soldiers']",
513,119,513_massacre_massacred_atrocities_victims,"['massacre', 'massacred', 'atrocities', 'victims', '1945', 'tribunal', 'civilians', 'killed', 'wartime', 'brutality']",
514,119,514_internment_camps_detainees_camp,"['internment', 'camps', 'detainees', 'camp', 'prisoners', 'interned', 'inmates', 'wartime', 'incarcerated', '1944']",
515,119,515_ribbons_ribbon_gallantry_medals,"['ribbons', 'ribbon', 'gallantry', 'medals', 'medal', 'decorations', 'cross', 'badges', 'decoration', 'crosses']",
516,119,516_tramp_films_film_cinema,"['tramp', 'films', 'film', 'cinema', 'cinematographer', 'filming', 'filmmaker', 'actor', '1942', '1940s']",
517,119,517_caves_cave_temples_excavation,"['caves', 'cave', 'temples', 'excavation', 'shrines', 'temple', 'excavated', 'shrine', 'buddha', 'archaeological']",
518,118,518_jubilees_jubilee_celebrated_celebrations,"['jubilees', 'jubilee', 'celebrated', 'celebrations', 'celebration', 'commemorate', 'commemorative', 'anniversary', 'centennial', 'celebrate']",
519,118,519_chains_albums_album_toured,"['chains', 'albums', 'album', 'toured', 'songs', 'jam', 'hiatus', 'concert', 'tour', 'bands']",
520,117,520_spice_concert_girls_spicy,"['spice', 'concert', 'girls', 'spicy', 'debut', 'tour', 'dolls', 'singles', 'bandmates', 'pops']",
521,117,521_malaria_malarial_antimalarial_mosquito,"['malaria', 'malarial', 'antimalarial', 'mosquito', 'mosquitoes', 'insecticides', 'pesticides', 'insecticide', 'pesticide', 'parasite']",
522,117,522_fertility_overpopulation_childbearing_adoptions,"['fertility', 'overpopulation', 'childbearing', 'adoptions', 'adoption', 'demographic', 'generations', 'infanticide', 'population', 'abortion']",
523,117,523_eucalyptus_acacia_rainforests_conifers,"['eucalyptus', 'acacia', 'rainforests', 'conifers', 'trees', 'rainforest', 'vegetation', 'shrubs', 'forests', 'forestry']",
524,117,524_prince_albums_album_duet,"['prince', 'albums', 'album', 'duet', 'songs', 'singer', 'concert', 'duets', 'sang', 'song']",
525,117,525_famine_famines_genocide_starvation,"['famine', 'famines', 'genocide', 'starvation', 'starved', 'soviet', 'starving', 'deaths', 'devastation', 'hunger']",
526,116,526_1832_minister_peerage_constituency,"['1832', 'minister', 'peerage', 'constituency', 'exchequer', 'derby', '1835', 'chancellor', 'politician', 'parliamentary']",
527,116,527_vertigo_scenes_film_screenplay,"['vertigo', 'scenes', 'film', 'screenplay', 'films', 'cinema', 'cinéma', 'scene', 'director', 'footage']",
528,116,528_stark_thrones_throne_arya,"['stark', 'thrones', 'throne', 'arya', 'wildlings', 'king', 'bran', 'wildling', 'kings', 'dragons']",
529,115,529_mobile_telecommunications_mobiles_cellular,"['mobile', 'telecommunications', 'mobiles', 'cellular', 'handsets', 'handset', 'carriers', 'communications', 'phones', 'messaging']",
530,115,530_shaggy_voiced_cartoon_cartoons,"['shaggy', 'voiced', 'cartoon', 'cartoons', 'voice', 'spooky', 'doo', 'ghost', 'monsters', 'scrappy']",
531,115,531_bear_bears_zoo_toy,"['bear', 'bears', 'zoo', 'toy', 'pg', 'handbag', 'narrated', 'bond', 'bbc', 'gardens']",
532,115,532_coffeehouse_coffee_coffees_cafe,"['coffeehouse', 'coffee', 'coffees', 'cafe', 'café', 'cafés', 'espresso', 'beverage', 'brewed', 'beverages']",
533,115,533_segregation_segregationist_segregated_discrimination,"['segregation', 'segregationist', 'segregated', 'discrimination', 'unconstitutional', 'plaintiffs', 'upheld', 'dissent', 'justice', 'lawsuit']",
534,114,534_poverty_income_economies_agriculture,"['poverty', 'income', 'economies', 'agriculture', 'subsistence', 'poorest', 'countries', 'economic', 'economy', 'population']",
535,114,535_capacitors_dielectrics_capacitor_capacitance,"['capacitors', 'dielectrics', 'capacitor', 'capacitance', 'dielectric', 'capacitive', 'electrolytic', 'electrical', 'conductors', 'electric']",
536,114,536_islands_archipelagos_archipelago_pacific,"['islands', 'archipelagos', 'archipelago', 'pacific', 'island', 'oceanic', 'continents', 'mainland', 'tropical', 'continent']",
537,114,537_paramount_studios_corporation_merger,"['paramount', 'studios', 'corporation', 'merger', 'subsidiaries', 'productions', 'acquisition', 'acquire', 'cinema', 'films']",
538,114,538_iso_standards_standardization_organizational,"['iso', 'standards', 'standardization', 'organizational', 'stakeholders', 'management', 'organization', 'standardizing', 'requirements', 'documentation']",
539,114,539_paintings_painting_painters_art,"['paintings', 'painting', 'painters', 'art', 'artistic', 'writings', 'aesthetics', 'mechanisation', 'sketches', 'theorist']",
540,114,540_mayor_mayors_mayoral_municipal,"['mayor', 'mayors', 'mayoral', 'municipal', 'municipalities', 'elected', 'councillors', 'elects', 'council', 'municipality']",
541,113,541_ethnicities_ethnonym_ethnic_ancestry,"['ethnicities', 'ethnonym', 'ethnic', 'ancestry', 'inhabitants', 'ethnicity', 'ancient', 'nomadic', 'turkey', 'ancestors']",
542,113,542_repeal_repealing_repealed_healthcare,"['repeal', 'repealing', 'repealed', 'healthcare', 'uninsured', 'reform', 'insurance', 'democrats', 'bipartisan', 'subsidies']",
543,113,543_watchmen_comics_superhero_superheroes,"['watchmen', 'comics', 'superhero', 'superheroes', 'vendetta', 'comic', 'writers', 'superman', 'prequel', 'novels']",
544,113,544_hashing_hash_hashes_hashed,"['hashing', 'hash', 'hashes', 'hashed', 'tables', 'binary', 'rehashing', 'bucket', 'buckets', 'arrays']",
545,113,545_pistols_punk_punks_band,"['pistols', 'punk', 'punks', 'band', 'pistol', 'bands', 'rock', 'disco', 'bassist', 'fury']",
546,113,546_chef_chefs_culinary_kitchens,"['chef', 'chefs', 'culinary', 'kitchens', 'cook', 'restaurant', 'restaurants', 'kitchen', 'cuisine', 'cooking']",
547,113,547_realism_surrealism_magical_fiction,"['realism', 'surrealism', 'magical', 'fiction', 'imagination', 'realistic', 'literary', 'fictitious', 'literature', 'magic']",
548,113,548_1793_1789_revolutionaries_revolt,"['1793', '1789', 'revolutionaries', 'revolt', 'insurrection', 'revolutionary', 'revolution', '1794', 'royalist', '1799']",
549,113,549_451_writer_literature_writers,"['451', 'writer', 'literature', 'writers', 'author', 'novel', 'novels', 'literary', 'fireman', 'manuscript']",
550,112,550_punk_indie_genre_genres,"['punk', 'indie', 'genre', 'genres', 'bands', 'mainstream', 'rockers', 'rock', 'subculture', 'disco']",
551,112,551_dances_dance_dancers_traditional,"['dances', 'dance', 'dancers', 'traditional', 'rituals', 'ritual', 'traditions', 'rhythmic', 'tribal', 'indigenous']",
552,112,552_gong_qigong_communist_china,"['gong', 'qigong', 'communist', 'china', 'adherents', 'protests', 'meditation', 'persecution', 'politburo', 'ministry']",
553,111,553_playlists_playlist_music_songs,"['playlists', 'playlist', 'music', 'songs', 'podcasts', 'podcast', 'listeners', 'tracks', 'listening', 'subscriptions']",
554,111,554_fabrication_manufacturing_machining_inkjet,"['fabrication', 'manufacturing', 'machining', 'inkjet', 'prototyping', '3d', 'printers', 'printing', 'plastics', 'metalworking']",
555,111,555_elections_election_electoral_polls,"['elections', 'election', 'electoral', 'polls', 'voters', 'referendum', 'votes', 'populism', 'ballot', 'parliamentary']",
556,111,556_steam_valve_platform_publishers,"['steam', 'valve', 'platform', 'publishers', 'cloud', 'gaming', 'developers', 'games', 'sales', 'antitrust']",
557,111,557_orchestra_orchestras_orchestration_symphonies,"['orchestra', 'orchestras', 'orchestration', 'symphonies', 'symphony', 'orchestral', 'composer', 'concerto', 'concertos', 'composers']",
558,111,558_albums_songs_toured_1973,"['albums', 'songs', 'toured', '1973', '1974', 'album', 'punk', 'sane', 'vocals', 'concert']",
559,111,559_arsenal_goals_scored_footballer,"['arsenal', 'goals', 'scored', 'footballer', 'goal', 'gunners', 'goalkeeper', 'scoring', 'goalless', 'midfielder']",
560,110,560_metro_railway_railways_transit,"['metro', 'railway', 'railways', 'transit', 'trains', 'bus', 'stations', 'station', 'train', 'fares']",
561,110,561_laundering_banking_trafficking_smuggling,"['laundering', 'banking', 'trafficking', 'smuggling', 'bank', 'transactions', 'banks', 'regulations', 'crime', 'legislation']",
562,110,562_complement_binary_complements_unsigned,"['complement', 'binary', 'complements', 'unsigned', 'bitwise', 'subtract', 'subtraction', 'subtracting', 'decimal', 'digits']",
563,110,563_piazza_boulevard_della_buildings,"['piazza', 'boulevard', 'della', 'buildings', 'baroque', 'skyscraper', 'thoroughfare', 'thoroughfares', 'façade', 'cafés']",
564,109,564_synthesizers_synthesizer_techno_synth,"['synthesizers', 'synthesizer', 'techno', 'synth', 'genres', 'trance', 'music', 'genre', 'funk', 'punk']",
565,108,565_sprinter_bolt_sprinters_olympic,"['sprinter', 'bolt', 'sprinters', 'olympic', 'athletics', 'athlete', 'competed', 'athletic', 'medals', 'medalist']",
566,108,566_condoms_condom_contraception_prevention,"['condoms', 'condom', 'contraception', 'prevention', 'protection', 'unprotected', 'aids', 'vaginal', 'risks', 'intercourse']",
567,108,567_flags_flag_soviet_flagpole,"['flags', 'flag', 'soviet', 'flagpole', 'tricolour', 'tricolor', 'emblem', 'tsar', 'swastika', 'stripes']",
568,108,568_kanji_pinyin_characters_mandarin,"['kanji', 'pinyin', 'characters', 'mandarin', 'character', 'traditional', 'encoding', 'kong', 'variants', 'mainland']",
569,108,569_detective_hound_adventure_investigative,"['detective', 'hound', 'adventure', 'investigative', 'novels', 'novel', 'stories', 'professor', 'murders', 'fictional']",
570,107,570_subcontinent_viceroy_coalition_1947,"['subcontinent', 'viceroy', 'coalition', '1947', 'raj', 'delegation', 'dividing', 'independence', 'congress', '1946']",
571,107,571_lion_wardrobe_witch_chronicles,"['lion', 'wardrobe', 'witch', 'chronicles', 'mythical', 'magician', 'novel', 'throne', 'beasts', 'novels']",
572,106,572_prix_qualifying_podium_laps,"['prix', 'qualifying', 'podium', 'laps', 'overtook', 'overtaking', 'standings', 'podiums', 'overtaken', 'scored']",
573,106,573_soccer_athlete_assists_scoring,"['soccer', 'athlete', 'assists', 'scoring', 'olympic', 'quarterfinals', 'goals', 'quarterfinal', 'cup', 'captained']",
574,106,574_impeachment_testified_indictment_prosecutor,"['impeachment', 'testified', 'indictment', 'prosecutor', 'hearings', 'burglary', 'scandal', 'dean', 'prosecutors', 'investigation']",
575,106,575_databases_database_tables_schema,"['databases', 'database', 'tables', 'schema', 'relational', 'oracle', 'queries', 'systems', 'data', 'table']",
576,106,576_paramount_animators_studios_productions,"['paramount', 'animators', 'studios', 'productions', 'animation', 'fox', 'franchise', 'releases', 'studio', 'distributor']",
577,105,577_gear_presenter_presenters_viewers,"['gear', 'presenter', 'presenters', 'viewers', 'bbc', 'tv', 'tour', 'broadcast', 'driver', 'racing']",
578,105,578_tricolour_tricolore_tricolor_flags,"['tricolour', 'tricolore', 'tricolor', 'flags', 'flag', '1789', '1797', '1802', '1799', 'flagpole']",
579,105,579_node_js_developers_frameworks,"['node', 'js', 'developers', 'frameworks', 'platform', 'developer', 'servers', 'server', 'scripts', 'browser']",
580,105,580_populism_populists_populist_political,"['populism', 'populists', 'populist', 'political', 'authoritarianism', 'ideology', 'ideologies', 'socialist', 'fascism', 'democracies']",
581,105,581_tempo_tempos_rhythmic_rhythm,"['tempo', 'tempos', 'rhythmic', 'rhythm', 'bpm', 'instrumental', 'composer', 'composers', 'melodies', 'music']",
582,105,582_biometric_authentication_citizenship_identity,"['biometric', 'authentication', 'citizenship', 'identity', 'register', 'citizen', 'identification', 'issued', 'citizens', 'privacy']",
583,105,583_gambling_gamblers_gambler_casino,"['gambling', 'gamblers', 'gambler', 'casino', 'casinos', 'gamble', 'poker', 'lottery', 'betting', 'jackpot']",
584,105,584_incompleteness_axiomatization_completeness_provability,"['incompleteness', 'axiomatization', 'completeness', 'provability', 'consistency', 'axioms', 'theorems', 'unprovable', 'axiomatic', 'undecidable']",
585,104,585_logics_logicians_logic_semantics,"['logics', 'logicians', 'logic', 'semantics', 'propositional', 'inferences', 'logical', 'inference', 'reasoning', 'propositions']",
586,104,586_writings_discourses_discourse_theological,"['writings', 'discourses', 'discourse', 'theological', 'theologians', 'epistle', 'sermon', 'aphorisms', 'existentialist', 'philosopher']",
587,104,587_censorship_censor_censors_censored,"['censorship', 'censor', 'censors', 'censored', 'forbidding', 'banning', 'uncensored', 'prohibiting', 'ban', 'screened']",
588,104,588_barbarian_serpent_marvel_comics,"['barbarian', 'serpent', 'marvel', 'comics', 'blacksmith', 'warrior', 'serpents', 'comic', 'sword', 'doom']",
589,103,589_uninsured_insurance_insured_healthcare,"['uninsured', 'insurance', 'insured', 'healthcare', 'insurers', 'subsidies', 'subsidy', 'enrollment', 'coverage', 'premiums']",
590,103,590_privateers_pirates_pirate_slaves,"['privateers', 'pirates', 'pirate', 'slaves', 'enslaved', 'captives', 'piracy', 'merchants', 'ships', 'merchant']",
591,103,591_papillomavirus_cancers_cervical_warts,"['papillomavirus', 'cancers', 'cervical', 'warts', 'cancer', 'carcinogenic', 'chlamydia', 'infections', 'infection', 'genitals']",
592,103,592_satellites_satellite_constellations_constellation,"['satellites', 'satellite', 'constellations', 'constellation', 'orbit', 'orbiting', 'orbital', 'orbits', 'launches', 'starship']",
593,103,593_samurai_screenwriter_screenplay_screenplays,"['samurai', 'screenwriter', 'screenplay', 'screenplays', 'filmmaker', 'filmmaking', 'filmmakers', 'screenwriters', 'actor', 'films']",
594,103,594_hammer_rapper_rappers_rap,"['hammer', 'rapper', 'rappers', 'rap', 'raps', 'album', 'funk', 'hits', 'song', 'gangsta']",
595,103,595_bitcoin_bitcoins_blockchain_cryptocurrency,"['bitcoin', 'bitcoins', 'blockchain', 'cryptocurrency', 'cryptocurrencies', 'founder', 'wallet', 'creator', 'client', 'inventor']",
596,103,596_electronics_manufacturer_appliances_manufactures,"['electronics', 'manufacturer', 'appliances', 'manufactures', 'lee', 'subsidiaries', 'mobile', 'smartphone', 'telecommunications', 'subsidiary']",
597,103,597_utilitarianism_utilitarian_consequentialism_consequentialist,"['utilitarianism', 'utilitarian', 'consequentialism', 'consequentialist', 'morality', 'utility', 'virtue', 'morals', 'ethical', 'ethics']",
598,103,598_sitcom_woody_cast_primetime,"['sitcom', 'woody', 'cast', 'primetime', 'shows', 'pubs', 'bartender', 'sam', 'finale', 'comedy']",
599,102,599_republics_soviet_soviets_oblasts,"['republics', 'soviet', 'soviets', 'oblasts', 'republic', 'seceded', 'communist', 'secession', 'secede', 'socialist']",
600,102,600_monarchy_junta_dictatorship_king,"['monarchy', 'junta', 'dictatorship', 'king', 'monarch', 'throne', 'coup', 'reign', 'democracy', 'constitutional']",
601,102,601_apps_app_android_mobile,"['apps', 'app', 'android', 'mobile', 'downloads', 'apple', 'application', 'downloading', 'launched', 'platform']",
602,102,602_vampire_vampires_vampirism_vampiric,"['vampire', 'vampires', 'vampirism', 'vampiric', 'bloodlust', 'werewolves', 'supernatural', 'undead', 'folklore', 'blood']",
603,102,603_racism_racialism_prejudice_racial,"['racism', 'racialism', 'prejudice', 'racial', 'discrimination', 'racist', 'discriminatory', 'segregation', 'race', 'stereotypes']",
604,102,604_twitch_streaming_stream_viewership,"['twitch', 'streaming', 'stream', 'viewership', 'streams', 'streamers', 'viewers', 'streamer', 'esports', 'channel']",
605,102,605_glucose_monosaccharides_monosaccharide_polysaccharides,"['glucose', 'monosaccharides', 'monosaccharide', 'polysaccharides', 'oligosaccharides', 'disaccharides', 'sugar', 'sugars', 'disaccharide', 'carbohydrates']",
606,102,606_sponsors_sponsorship_sponsor_sponsorships,"['sponsors', 'sponsorship', 'sponsor', 'sponsorships', 'sponsored', 'jerseys', 'sportswear', 'brand', 'logo', 'shirts']",
607,102,607_minister_ministers_secretary_elected,"['minister', 'ministers', 'secretary', 'elected', 'cabinet', 'parliamentary', 'resigned', 'elections', 'election', 'president']",
608,102,608_booth_assassination_assassinated_confederate,"['booth', 'assassination', 'assassinated', 'confederate', '1864', 'stabbed', 'assassinate', 'wounded', 'surrendered', 'confederacy']",
609,102,609_torrents_torrent_peers_peer,"['torrents', 'torrent', 'peers', 'peer', 'downloading', 'downloads', 'uploader', 'files', 'transmission', 'trackers']",
610,102,610_coco_boutiques_boutique_designers,"['coco', 'boutiques', 'boutique', 'designers', 'cosmetics', 'designer', 'fashion', 'fashions', 'perfume', 'perfumes']",
611,102,611_crusades_crusade_crusaders_crusader,"['crusades', 'crusade', 'crusaders', 'crusader', '1451', 'vassals', 'papacy', 'knights', 'mediterranean', 'nobles']",
612,101,612_psychometric_intelligence_assessment_standardized,"['psychometric', 'intelligence', 'assessment', 'standardized', 'scores', 'intellectual', 'tests', 'deviation', 'score', 'mental']",
613,101,613_prophets_prophet_prophethood_prophetic,"['prophets', 'prophet', 'prophethood', 'prophetic', 'scriptures', 'teachings', 'scripture', 'revelation', 'revelations', 'verses']",
614,101,614_purge_purges_gulag_soviet,"['purge', 'purges', 'gulag', 'soviet', 'purged', 'assassinations', 'executions', 'assassination', 'assassinated', 'massacres']",
615,101,615_politburo_soviet_perestroika_chairman,"['politburo', 'soviet', 'perestroika', 'chairman', 'secretary', 'committee', 'yuri', 'communist', 'promoted', 'appointed']",
616,101,616_powertrain_musk_cars_motors,"['powertrain', 'musk', 'cars', 'motors', 'drivetrain', 'sedan', 'factory', 'car', 'vehicle', 'batteries']",
617,101,617_pornography_pornographic_prohibits_porn,"['pornography', 'pornographic', 'prohibits', 'porn', 'obscene', 'prosecuted', 'offenders', 'legality', 'criminalize', 'criminalizes']",
618,101,618_bikers_angels_motorcycles_outlaws,"['bikers', 'angels', 'motorcycles', 'outlaws', 'motorcyclists', 'hells', 'biker', 'motorcycle', 'clubs', 'motorcyclist']",
619,101,619_altruism_ethical_advocated_moral,"['altruism', 'ethical', 'advocated', 'moral', 'ethics', 'humanistic', 'effective', 'humanist', 'empiricism', 'experiential']",
620,101,620_concert_duet_concerts_singer,"['concert', 'duet', 'concerts', 'singer', 'medley', 'performing', 'singers', 'orchestral', 'sang', 'soprano']",
621,101,621_licenses_licensing_license_licensed,"['licenses', 'licensing', 'license', 'licensed', 'proprietary', 'licensee', 'software', 'binaries', 'copyright', 'copyrighted']",
622,101,622_gentrification_suburbanization_gentrified_urbanization,"['gentrification', 'suburbanization', 'gentrified', 'urbanization', 'redevelopment', 'neighborhoods', 'neighbourhoods', 'housing', 'suburbs', 'gentrifying']",
623,101,623_spying_spy_espionage_spyware,"['spying', 'spy', 'espionage', 'spyware', 'smartphones', 'surveillance', 'exploits', 'hacked', 'spied', 'phones']",
624,101,624_apartheid_activism_blacks_activist,"['apartheid', 'activism', 'blacks', 'activist', 'suffrage', 'cape', 'racist', 'activists', 'communism', 'leaders']",
625,100,625_robotics_robot_robots_robotic,"['robotics', 'robot', 'robots', 'robotic', 'manipulators', 'autonomous', 'automation', 'machines', 'manipulator', 'locomotion']",
626,100,626_1783_minister_peerage_ministers,"['1783', 'minister', 'peerage', 'ministers', '1784', '1782', 'ministry', '1793', 'coalition', 'fox']",
627,100,627_labour_children_labor_poverty,"['labour', 'children', 'labor', 'poverty', 'labourers', 'child', 'parents', 'employment', 'prostitution', 'schooling']",
628,100,628_generative_adversarial_generating_generates,"['generative', 'adversarial', 'generating', 'generates', 'generator', 'encoder', 'discriminator', 'generate', 'neural', 'generated']",
629,100,629_concert_sang_scarecrow_vocals,"['concert', 'sang', 'scarecrow', 'vocals', 'musicians', 'singer', 'band', 'songwriter', 'fender', 'songs']",
630,100,630_mosque_masjid_mosques_tombs,"['mosque', 'masjid', 'mosques', 'tombs', 'mausoleum', 'tomb', 'shah', 'temples', 'monument', 'temple']",
631,100,631_sang_concert_zeppelin_rocker,"['sang', 'concert', 'zeppelin', 'rocker', 'tour', 'concerts', 'headlining', '1970s', 'touring', 'albums']",
632,100,632_attachments_attachment_adoptions_parenting,"['attachments', 'attachment', 'adoptions', 'parenting', 'infancy', 'parental', 'clinging', 'maternal', 'relationships', 'infants']",
633,99,633_tennis_slams_tournaments_competed,"['tennis', 'slams', 'tournaments', 'competed', 'doubles', 'tournament', 'quarterfinal', 'semifinals', 'quarterfinals', 'walkover']",
634,99,634_witchcraft_coven_covens_witches,"['witchcraft', 'coven', 'covens', 'witches', 'paganism', 'pagan', 'occultism', 'occultist', 'witch', 'occult']",
635,99,635_viruses_viral_virus_coronavirus,"['viruses', 'viral', 'virus', 'coronavirus', 'coronaviruses', 'virally', 'proteins', 'infecting', 'polymerase', 'infected']",
636,99,636_demon_yakuza_shinobi_demons,"['demon', 'yakuza', 'shinobi', 'demons', 'priestess', 'yomi', 'soul', 'devil', 'reaper', 'mortally']",
637,99,637_psoriasis_psoriatic_erythematosus_keratinocytes,"['psoriasis', 'psoriatic', 'erythematosus', 'keratinocytes', 'autoimmune', 'cytokines', 'diseases', 'cytokine', 'lupus', 'interleukin']",
638,99,638_guru_gurus_shakti_scriptures,"['guru', 'gurus', 'shakti', 'scriptures', 'divinity', 'religions', 'teachings', 'sect', 'enlightenment', 'sacred']",
639,99,639_population_populations_urbanization_china,"['population', 'populations', 'urbanization', 'china', 'populous', 'census', 'cities', 'censuses', 'urban', 'municipalities']",
640,99,640_defamation_lawsuit_sued_libel,"['defamation', 'lawsuit', 'sued', 'libel', 'accused', 'judge', 'accusations', 'misconduct', 'alleging', 'accusers']",
641,98,641_rating_ratings_scores_rated,"['rating', 'ratings', 'scores', 'rated', 'fide', 'chess', 'score', 'grandmasters', 'tournaments', 'grandmaster']",
642,98,642_albums_singer_singers_songwriter,"['albums', 'singer', 'singers', 'songwriter', 'songs', 'songwriters', 'album', 'musically', 'billboard', 'duets']",
643,98,643_ebook_ebooks_tablet_touchscreen,"['ebook', 'ebooks', 'tablet', 'touchscreen', 'devices', 'amazon', 'device', 'touch', 'wireless', 'battery']",
644,98,644_orthodox_patriarch_principality_rulers,"['orthodox', 'patriarch', 'principality', 'rulers', 'ruled', 'princes', 'grand', 'regent', 'prince', 'duchy']",
645,98,645_cyclones_cyclone_typhoon_hurricane,"['cyclones', 'cyclone', 'typhoon', 'hurricane', 'typhoons', 'tropical', 'hurricanes', 'storms', 'subtropical', 'meteorological']",
646,98,646_boots_sequels_sequel_premiered,"['boots', 'sequels', 'sequel', 'premiered', 'movie', 'filmmakers', 'films', 'screenplay', 'film', 'animation']",
647,98,647_novels_novel_writer_nonfiction,"['novels', 'novel', 'writer', 'nonfiction', 'fiction', 'writers', 'literary', 'authors', 'writing', 'moon']",
648,98,648_kami_rituals_deities_shin,"['kami', 'rituals', 'deities', 'shin', 'ritual', 'religions', 'worship', 'worshipped', 'worshiping', 'religion']",
649,98,649_honorary_commencement_doctorate_conferred,"['honorary', 'commencement', 'doctorate', 'conferred', 'degree', 'doctorates', 'university', 'graduation', 'doctoral', 'bachelor']",
650,98,650_evil_virtual_zombies_nemesis,"['evil', 'virtual', 'zombies', 'nemesis', 'sequel', 'gameplay', 'remake', 'edition', 'immerse', 'releases']",
651,97,651_voiced_voice_voices_voiceover,"['voiced', 'voice', 'voices', 'voiceover', 'cast', 'actor', 'announcer', 'voicing', 'narrator', 'actors']",
652,97,652_doom_ark_chronicles_films,"['doom', 'ark', 'chronicles', 'films', 'sequel', 'temple', 'movie', 'trilogy', 'prequel', 'prequels']",
653,97,653_botulinum_toxin_toxins_neurotoxin,"['botulinum', 'toxin', 'toxins', 'neurotoxin', 'neurotoxins', 'antitoxin', 'botulism', 'bacillus', 'dystonia', 'bacteria']",
654,97,654_tags_tagging_barcodes_transmitters,"['tags', 'tagging', 'barcodes', 'transmitters', 'tag', 'transmits', 'tracking', 'barcode', 'sensor', 'microchip']",
655,97,655_soviet_politburo_coup_arrest,"['soviet', 'politburo', 'coup', 'arrest', 'perestroika', 'communist', 'oblasts', 'republics', 'dacha', 'deputies']",
656,97,656_twitter_tweets_accounts_hoaxes,"['twitter', 'tweets', 'accounts', 'hoaxes', 'trolls', 'followers', 'influencers', 'scandal', 'users', 'whistleblowers']",
657,96,657_cryptography_encryption_cryptosystems_cryptosystem,"['cryptography', 'encryption', 'cryptosystems', 'cryptosystem', 'cryptographic', 'ciphers', 'encrypting', 'cryptographers', 'cipher', 'encrypt']",
658,96,658_lasers_fibers_laser_fiber,"['lasers', 'fibers', 'laser', 'fiber', 'optical', 'optics', 'photons', 'photon', 'wavelength', 'photonic']",
659,96,659_smartphone_smartphones_mobile_cellular,"['smartphone', 'smartphones', 'mobile', 'cellular', 'flagship', 'phones', 'telecommunications', 'manufacturers', 'telecom', 'branded']",
660,96,660_vaudeville_brothers_comedian_comedians,"['vaudeville', 'brothers', 'comedian', 'comedians', 'broadway', 'comedic', 'parody', '1932', 'troupe', 'eyebrows']",
661,96,661_halo_343_consoles_franchise,"['halo', '343', 'consoles', 'franchise', 'spartan', 'soundtracks', 'remastered', 'soundtrack', 'trilogy', 'gameplay']",
662,96,662_mosque_masjid_mosques_mecca,"['mosque', 'masjid', 'mosques', 'mecca', 'caliphate', 'temple', 'caliph', 'al', 'caliphs', 'shrine']",
663,96,663_motorsport_racing_prix_raced,"['motorsport', 'racing', 'prix', 'raced', 'cars', 'automobiles', 'car', 'automobile', 'diesel', 'sportscar']",
664,96,664_punches_featherweight_fighter_fighters,"['punches', 'featherweight', 'fighter', 'fighters', 'fights', 'knockout', 'rematch', 'clinch', 'bantamweight', 'martial']",
665,96,665_herbicides_herbicide_orange_contaminated,"['herbicides', 'herbicide', 'orange', 'contaminated', 'chemicals', 'contamination', 'contaminant', 'dioxin', 'poison', 'chemical']",
666,96,666_nonfiction_bestseller_novelist_autobiography,"['nonfiction', 'bestseller', 'novelist', 'autobiography', 'novels', 'memoir', 'author', 'memoirs', 'paperback', 'novel']",
667,96,667_cannabis_marijuana_sect_sects,"['cannabis', 'marijuana', 'sect', 'sects', 'cultivates', 'smoked', 'smoking', 'afro', 'religion', 'smoke']",
668,96,668_income_poverty_median_households,"['income', 'poverty', 'median', 'households', 'affluent', 'poorest', 'household', 'census', 'population', 'mortgage']",
669,95,669_epistemological_epistemic_epistemology_epistemologists,"['epistemological', 'epistemic', 'epistemology', 'epistemologists', 'belief', 'knowledge', 'beliefs', 'justification', 'skepticism', 'reasoning']",
670,95,670_genie_mother_abuse_childhood,"['genie', 'mother', 'abuse', 'childhood', 'parents', 'father', 'psychologists', 'abnormal', 'child', 'guardian']",
671,95,671_802_wireless_bandwidth_communications,"['802', 'wireless', 'bandwidth', 'communications', 'antennas', 'transmit', '11g', 'transmitters', '11ac', 'network']",
672,95,672_han_nam_1945_kai,"['han', 'nam', '1945', 'kai', 'troops', 'chi', '1946', 'surrender', 'soldiers', 'tai']",
673,95,673_wage_wages_minimum_hourly,"['wage', 'wages', 'minimum', 'hourly', 'raise', 'inflation', 'labor', 'economists', 'democrats', 'income']",
674,95,674_lambs_screenplay_thriller_silence,"['lambs', 'screenplay', 'thriller', 'silence', 'films', 'sequel', 'film', 'cinematographer', 'movie', 'prequels']",
675,95,675_donation_donated_charity_donations,"['donation', 'donated', 'charity', 'donations', 'donating', 'charitable', 'donors', 'aid', 'philanthropy', 'hyun']",
676,95,676_wu_tang_rapper_kung,"['wu', 'tang', 'rapper', 'kung', 'rap', 'dirty', 'albums', 'unreleased', 'album', 'nigga']",
677,95,677_influenza_flu_pandemics_pandemic,"['influenza', 'flu', 'pandemics', 'pandemic', 'epidemic', 'epidemics', 'outbreak', 'outbreaks', 'diseases', 'illness']",
678,94,678_animatronic_animatronics_minigames_nightmare,"['animatronic', 'animatronics', 'minigames', 'nightmare', 'nights', 'gameplay', 'games', 'minigame', 'playthroughs', 'pizzeria']",
679,94,679_convicts_colonists_1788_convict,"['convicts', 'colonists', '1788', 'convict', 'settlers', 'colony', 'colonial', 'colonies', 'colonization', '1827']",
680,94,680_displays_monitors_cables_cable,"['displays', 'monitors', 'cables', 'cable', 'ports', 'compatibility', 'monitor', 'port', 'connector', 'connectors']",
681,94,681_trademarks_trademark_infringement_copyrights,"['trademarks', 'trademark', 'infringement', 'copyrights', 'copyright', 'patents', 'licensing', 'patent', 'brand', 'registrations']",
682,94,682_farmworkers_unions_picketing_protest,"['farmworkers', 'unions', 'picketing', 'protest', 'laborers', 'workers', 'union', 'boycotts', 'pickets', 'strike']",
683,94,683_libertarianism_libertarians_libertarian_liberalism,"['libertarianism', 'libertarians', 'libertarian', 'liberalism', 'anarchists', 'conservatism', 'anarchist', 'liberal', 'leftists', 'socialists']",
684,94,684_temptations_sang_toured_singers,"['temptations', 'sang', 'toured', 'singers', 'albums', 'songs', 'performers', 'singer', 'album', 'onstage']",
685,94,685_1898_1896_1902_dictator,"['1898', '1896', '1902', 'dictator', 'insurgent', '1901', 'revolutionary', '1899', 'revolution', 'dictatorial']",
686,94,686_insurance_insurer_insurers_insured,"['insurance', 'insurer', 'insurers', 'insured', 'insure', 'liability', 'insuring', 'policies', 'premiums', 'policy']",
687,94,687_shooting_shootings_shooters_shooter,"['shooting', 'shootings', 'shooters', 'shooter', 'firearm', 'homicides', 'firearms', 'violence', 'perpetrators', 'gun']",
688,94,688_colitis_bowel_gastrointestinal_intestinal,"['colitis', 'bowel', 'gastrointestinal', 'intestinal', 'inflammatory', 'ulcerative', 'inflammation', 'colonic', 'pancreatitis', 'abscesses']",
689,93,689_divorce_peace_adultery_ballad,"['divorce', 'peace', 'adultery', 'ballad', 'lyrics', 'marriage', 'song', 'honeymoon', 'newlyweds', 'married']",
690,93,690_artillery_howitzers_howitzer_cannons,"['artillery', 'howitzers', 'howitzer', 'cannons', 'rifle', 'munitions', 'ammunition', 'projectiles', 'mortars', 'projectile']",
691,93,691_ups_deliveries_logistics_delivery,"['ups', 'deliveries', 'logistics', 'delivery', 'freight', 'shipments', 'postal', 'parcel', 'shipping', 'providers']",
692,93,692_metal_gear_consoles_sequels,"['metal', 'gear', 'consoles', 'sequels', 'franchise', 'cyborg', 'ninja', '3d', 'gameplay', 'sequel']",
693,93,693_ibn_hadith_imam_ijtihad,"['ibn', 'hadith', 'imam', 'ijtihad', 'khan', 'prophet', 'ahl', 'mecca', 'sunnah', 'mufti']",
694,93,694_industrial_subsidiaries_manufacturer_industries,"['industrial', 'subsidiaries', 'manufacturer', 'industries', 'corporation', 'merger', 'company', 'manufacturing', 'incorporated', 'headquartered']",
695,93,695_motorsport_prix_motorsports_racing,"['motorsport', 'prix', 'motorsports', 'racing', 'raced', 'fiat', 'cars', 'competing', 'car', 'engine']",
696,93,696_1936_deposed_1935_invaded,"['1936', 'deposed', '1935', 'invaded', '1937', '1941', '1940', 'invade', 'invasion', 'invading']",
697,93,697_scotch_whisky_whiskey_distillery,"['scotch', 'whisky', 'whiskey', 'distillery', 'bourbon', 'malts', 'rye', 'malt', 'malted', 'distilled']",
698,93,698_premiered_machina_cast_critical,"['premiered', 'machina', 'cast', 'critical', 'productions', 'spinoff', 'episodes', 'voices', '2019', 'voice']",
699,93,699_psychedelics_psychedelic_ayahuasca_cannabis,"['psychedelics', 'psychedelic', 'ayahuasca', 'cannabis', 'psilocybin', 'marijuana', 'hallucinations', 'shamanism', 'psychedelia', 'drug']",
700,93,700_homeless_homelessness_shelters_shelter,"['homeless', 'homelessness', 'shelters', 'shelter', 'housing', 'residents', 'neighborhood', 'volunteer', 'cities', 'municipal']",
701,92,701_newton_gravitation_gravitational_gravity,"['newton', 'gravitation', 'gravitational', 'gravity', 'gravitating', 'physics', 'inertia', 'impetus', 'motions', 'acceleration']",
702,92,702_swamp_comics_comic_sting,"['swamp', 'comics', 'comic', 'sting', 'likeness', 'masked', 'daredevil', 'cloak', 'mask', 'swordsman']",
703,92,703_languages_language_linguists_lingua,"['languages', 'language', 'linguists', 'lingua', 'linguistics', 'speak', 'linguistic', 'fluent', 'translations', 'native']",
704,92,704_mutilations_mutilation_mutilating_circumcision,"['mutilations', 'mutilation', 'mutilating', 'circumcision', 'clitoridectomy', 'circumcise', 'genitalia', 'circumcised', 'excision', 'clitoris']",
705,92,705_harassment_harassing_harassed_harass,"['harassment', 'harassing', 'harassed', 'harass', 'discrimination', 'bullying', 'rape', 'prohibit', 'discriminatory', 'assault']",
706,92,706_artistic_art_artwork_paintings,"['artistic', 'art', 'artwork', 'paintings', 'artworks', 'arts', 'painting', 'painters', 'creativity', 'aesthetic']",
707,92,707_paintings_painter_painters_painting,"['paintings', 'painter', 'painters', 'painting', 'portraits', 'art', 'artists', 'paint', 'drawings', 'artist']",
708,92,708_piazza_opera_tenor_bohème,"['piazza', 'opera', 'tenor', 'bohème', 'arias', 'concert', 'tenors', 'amore', 'della', 'soprano']",
709,92,709_tsar_tsarist_tsars_czar,"['tsar', 'tsarist', 'tsars', 'czar', 'emperors', 'patriarch', 'rulers', 'heir', 'prince', 'throne']",
710,92,710_ai_intelligence_machines_cognitive,"['ai', 'intelligence', 'machines', 'cognitive', 'intelligent', 'machine', 'robotic', 'tests', 'computational', 'computers']",
711,92,711_pamphlet_1789_revolutionary_1790,"['pamphlet', '1789', 'revolutionary', '1790', '1793', 'reflections', '1797', 'revolution', '1791', '1796']",
712,92,712_murders_detectives_murdered_constable,"['murders', 'detectives', 'murdered', 'constable', 'detective', 'constables', 'murdering', 'murder', 'convicted', 'offender']",
713,91,713_healthcare_insurance_health_hospitals,"['healthcare', 'insurance', 'health', 'hospitals', 'insurers', 'medical', 'government', 'medicine', 'hospital', 'physicians']",
714,91,714_plague_plagues_diseases_epidemics,"['plague', 'plagues', 'diseases', 'epidemics', 'epidemic', 'disease', 'fever', 'typhus', 'pandemics', 'outbreak']",
715,91,715_paleolithic_neolithic_archaeological_prehistory,"['paleolithic', 'neolithic', 'archaeological', 'prehistory', 'archaeologists', 'excavations', 'fossilised', 'oldest', 'archaeologist', 'earliest']",
716,91,716_theology_faith_teachings_religion,"['theology', 'faith', 'teachings', 'religion', 'monotheism', 'religious', 'monotheists', 'spiritual', 'monotheistic', 'beliefs']",
717,91,717_alderman_mayor_mayoral_candidates,"['alderman', 'mayor', 'mayoral', 'candidates', 'superintendent', 'candidacy', 'tribune', 'activist', 'prosecutor', 'election']",
718,91,718_nam_chi_southeast_urban,"['nam', 'chi', 'southeast', 'urban', 'city', 'cities', 'district', 'pagoda', 'ho', 'area']",
719,91,719_skating_skaters_skater_skate,"['skating', 'skaters', 'skater', 'skate', 'competed', 'olympic', 'athlete', 'skated', 'bronze', 'jumping']",
720,91,720_banking_bank_finances_finance,"['banking', 'bank', 'finances', 'finance', 'funds', 'currencies', 'financial', 'loans', 'loan', 'institutions']",
721,90,721_asbestos_asbestosis_minerals_mineral,"['asbestos', 'asbestosis', 'minerals', 'mineral', 'toxicology', 'carcinogens', 'regulations', 'hazardous', 'silicate', 'materials']",
722,90,722_municipalities_municipality_cities_population,"['municipalities', 'municipality', 'cities', 'population', 'city', 'urban', 'area', 'populated', 'residents', 'town']",
723,90,723_headquartered_headquarters_companies_san,"['headquartered', 'headquarters', 'companies', 'san', 'industries', 'corporate', 'metropolitan', 'firms', 'corporations', 'corporation']",
724,90,724_soviets_communists_communist_soviet,"['soviets', 'communists', 'communist', 'soviet', 'communism', 'dictator', '1968', 'overthrown', 'republic', 'socialist']",
725,90,725_tapes_recorder_recorders_recording,"['tapes', 'recorder', 'recorders', 'recording', 'cassette', 'cassettes', 'camcorder', 'audio', 'tape', 'playback']",
726,90,726_swastika_swastikas_symbolises_symbol,"['swastika', 'swastikas', 'symbolises', 'symbol', 'symbolising', 'emblem', 'symbols', 'logo', 'icon', 'represents']",
727,90,727_oblast_oblasts_annexation_annexations,"['oblast', 'oblasts', 'annexation', 'annexations', 'annexed', 'sanctions', 'republics', 'unrest', 'referendum', 'ceasefires']",
728,90,728_filmed_filming_premiered_premiere,"['filmed', 'filming', 'premiered', 'premiere', 'seasons', 'season', 'episodes', 'photography', 'studios', '2019']",
729,90,729_evacuated_evacuation_evacuate_ceasefire,"['evacuated', 'evacuation', 'evacuate', 'ceasefire', 'bombed', 'civilians', 'sheltering', 'wounded', 'soldiers', 'oblast']",
730,90,730_quad_quadrilateral_multilateral_alliances,"['quad', 'quadrilateral', 'multilateral', 'alliances', 'trilateral', 'alliance', 'meeting', 'cooperation', 'pacific', 'demilitarized']",
731,90,731_sake_rice_liquor_brewing,"['sake', 'rice', 'liquor', 'brewing', 'alcohol', 'beverage', 'yen', 'flavors', 'beer', 'recipe']",
732,90,732_enigma_rotor_rotors_cipher,"['enigma', 'rotor', 'rotors', 'cipher', 'cryptographic', 'cryptography', 'ciphertext', 'machines', 'cryptanalysis', 'cryptographically']",
733,89,733_anthropology_anthropological_sociocultural_anthropologist,"['anthropology', 'anthropological', 'sociocultural', 'anthropologist', 'anthropologists', 'sociology', 'ethnology', 'sociological', 'ethnographic', 'ethnography']",
734,89,734_executives_stockholders_accounting_shareholders,"['executives', 'stockholders', 'accounting', 'shareholders', 'insiders', 'investors', 'stocks', 'corporate', 'companies', 'financial']",
735,89,735_psychedelics_psychedelic_psilocybin_hallucinations,"['psychedelics', 'psychedelic', 'psilocybin', 'hallucinations', 'psychosis', 'drugs', 'psychiatric', 'drug', 'psychoactive', 'serotonin']",
736,89,736_quicksort_sorting_sort_sorts,"['quicksort', 'sorting', 'sort', 'sorts', 'algorithm', 'algorithms', 'partitioning', 'pivoting', 'efficiently', 'implementations']",
737,89,737_1918_soviets_polish_soviet,"['1918', 'soviets', 'polish', 'soviet', 'battle', '1919', 'war', '1940', 'armistice', 'warfare']",
738,89,738_barangays_barangay_municipalities_metropolitan,"['barangays', 'barangay', 'municipalities', 'metropolitan', 'metro', 'barrio', 'suburbs', 'barrios', 'urban', 'mayors']",
739,89,739_assists_rebounds_suns_76ers,"['assists', 'rebounds', 'suns', '76ers', 'steals', 'doubles', 'basketball', 'triple', 'averaged', 'blazers']",
740,89,740_spaghetti_western_westerns_films,"['spaghetti', 'western', 'westerns', 'films', 'movies', 'trilogy', 'genre', 'film', 'cameo', 'homage']",
741,89,741_airing_adult_swim_aqua,"['airing', 'adult', 'swim', 'aqua', 'episodes', 'cartoon', 'podcast', 'channel', 'shows', 'aired']",
742,89,742_queer_heterosexuality_heterosexuals_homosexual,"['queer', 'heterosexuality', 'heterosexuals', 'homosexual', 'homosexuals', 'heterosexual', 'homosexuality', 'sexuality', 'homophobia', 'gays']",
743,89,743_control_controller_controlled_controllers,"['control', 'controller', 'controlled', 'controllers', 'disturbances', 'controls', 'stability', 'disturbance', 'tuning', 'pi']",
744,89,744_abortion_abortions_pregnancies_pregnancy,"['abortion', 'abortions', 'pregnancies', 'pregnancy', 'fetuses', 'contraception', 'aborted', 'fetus', 'miscarriage', 'trimester']",
745,88,745_voyages_voyage_caravel_expeditions,"['voyages', 'voyage', 'caravel', 'expeditions', 'navigator', 'navigators', '1497', 'explorers', 'landfall', 'cape']",
746,88,746_channel_channels_broadcasting_syndicated,"['channel', 'channels', 'broadcasting', 'syndicated', 'simulcast', 'broadcast', 'tv', 'commercials', 'airing', 'videos']",
747,88,747_sati_castes_widowhood_prohibits,"['sati', 'castes', 'widowhood', 'prohibits', 'prohibition', 'moksha', 'practised', 'bhakti', 'widows', 'rituals']",
748,88,748_conquistadors_confederation_tlatoani_provinces,"['conquistadors', 'confederation', 'tlatoani', 'provinces', 'rulers', 'rulership', 'conquered', 'rebelled', 'empire', 'conquests']",
749,88,749_supermarket_supermarkets_shops_retailer,"['supermarket', 'supermarkets', 'shops', 'retailer', 'retailers', 'shop', 'retail', 'groceries', 'grocery', 'retailing']",
750,88,750_khan_khanate_tsar_khans,"['khan', 'khanate', 'tsar', 'khans', 'khanates', 'oblast', 'horde', 'turkey', 'pasha', 'hordes']",
751,88,751_separatists_soviet_militants_ceasefire,"['separatists', 'soviet', 'militants', 'ceasefire', 'guerrillas', 'separatist', 'insurgents', 'terrorist', 'rebels', 'insurgency']",
752,88,752_magician_occultist_occultism_occultists,"['magician', 'occultist', 'occultism', 'occultists', 'mysticism', 'esotericism', 'magick', 'occult', 'paganism', 'esoteric']",
753,88,753_swam_swimmer_olympic_swimmers,"['swam', 'swimmer', 'olympic', 'swimmers', 'freestyle', 'medalist', 'medals', 'competed', 'swimming', 'swim']",
754,88,754_alchemy_alchemists_alchemist_alchemical,"['alchemy', 'alchemists', 'alchemist', 'alchemical', 'al', 'philosopher', 'philosophers', 'ibn', 'metallurgy', 'medieval']",
755,87,755_robin_hood_friar_hoods,"['robin', 'hood', 'friar', 'hoods', 'knight', 'tales', 'outlaw', 'ballad', 'outlawry', 'ballads']",
756,87,756_genders_gender_sexes_gendered,"['genders', 'gender', 'sexes', 'gendered', 'genderqueer', 'masculine', 'masculinity', 'feminine', 'maleness', 'transgender']",
757,87,757_privacy_data_regulations_enforcement,"['privacy', 'data', 'regulations', 'enforcement', 'regulation', 'compliance', 'regulatory', 'information', 'databases', 'authority']",
758,87,758_chocolate_chocolates_confectionery_brands,"['chocolate', 'chocolates', 'confectionery', 'brands', 'manufacturer', 'maker', 'manufacturers', 'candy', 'cocoa', 'products']",
759,87,759_murders_corpse_unconscious_murder,"['murders', 'corpse', 'unconscious', 'murder', 'strangled', 'killed', 'bodies', 'victims', 'dismembered', 'unconsciousness']",
760,87,760_ayahuasca_psychedelics_psychedelic_addictions,"['ayahuasca', 'psychedelics', 'psychedelic', 'addictions', 'shamans', 'shamanic', 'divinorum', 'alkaloids', 'alkaloid', 'drug']",
761,87,761_audit_audited_auditing_audits,"['audit', 'audited', 'auditing', 'audits', 'fines', 'auditor', 'auditors', 'fined', 'misconduct', 'sanctioned']",
762,87,762_dragons_dragon_amulets_carvings,"['dragons', 'dragon', 'amulets', 'carvings', 'robes', 'dynasties', 'yang', 'dynasty', 'china', 'mythical']",
763,87,763_murderer_murders_murdered_killings,"['murderer', 'murders', 'murdered', 'killings', 'murder', 'stabbed', 'victims', 'stabbing', 'homicidal', 'killer']",
764,87,764_diamond_sapphire_pearl_games,"['diamond', 'sapphire', 'pearl', 'games', 'evolve', 'legends', 'gameplay', 'sword', 'ruby', 'shining']",
765,87,765_hepatitis_hepatic_cirrhosis_liver,"['hepatitis', 'hepatic', 'cirrhosis', 'liver', 'hepatocellular', 'antiviral', 'vaccine', 'infection', 'infections', 'antivirals']",
766,87,766_ba_antibody_antibodies_vaccines,"['ba', 'antibody', 'antibodies', 'vaccines', '2022', 'vaccination', 'mutations', 'infections', 'mutation', 'vaccine']",
767,87,767_algorithm_algorithms_paths_traversal,"['algorithm', 'algorithms', 'paths', 'traversal', 'nodes', 'routing', 'path', 'shortest', 'adjacency', 'node']",
768,87,768_gable_actresses_films_actor,"['gable', 'actresses', 'films', 'actor', 'film', 'actress', 'actors', 'moviegoers', '1932', 'movie']",
769,87,769_verse_poetry_poet_poems,"['verse', 'poetry', 'poet', 'poems', 'poem', 'poets', '1667', 'poetic', 'paradise', 'poetical']",
770,87,770_judicial_justices_judiciary_courts,"['judicial', 'justices', 'judiciary', 'courts', 'judges', 'court', 'appellate', 'jurisdiction', 'appeals', 'magistrate']",
771,87,771_processors_processor_intel_microarchitecture,"['processors', 'processor', 'intel', 'microarchitecture', 'cores', 'core', 'chipsets', 'i5', 'chipset', 'i7']",
772,86,772_emperor_emperors_empress_dowager,"['emperor', 'emperors', 'empress', 'dowager', 'eunuch', 'feng', 'eunuchs', 'yuan', 'yi', 'qi']",
773,86,773_anthrax_spores_assays_contaminated,"['anthrax', 'spores', 'assays', 'contaminated', 'microbiologist', 'decontamination', 'infected', 'laboratory', 'hoaxes', 'suspect']",
774,86,774_comics_superhero_superman_superheroes,"['comics', 'superhero', 'superman', 'superheroes', 'comic', 'heroes', 'villains', 'justice', 'lantern', 'multiverse']",
775,86,775_seo_searches_webmaster_webmasters,"['seo', 'searches', 'webmaster', 'webmasters', 'web', 'searching', 'google', 'search', 'indexing', 'crawler']",
776,86,776_kabbalah_kabbalistic_esotericism_mysticism,"['kabbalah', 'kabbalistic', 'esotericism', 'mysticism', 'theology', 'spirituality', 'esoteric', 'mystical', 'exoteric', 'occult']",
777,86,777_caesarean_cesarean_uterus_pregnancies,"['caesarean', 'cesarean', 'uterus', 'pregnancies', 'uterine', 'placenta', 'maternal', 'pregnancy', 'fetus', 'intrauterine']",
778,86,778_semiconductor_transistors_transistor_gate,"['semiconductor', 'transistors', 'transistor', 'gate', 'circuitry', 'circuits', 'silicon', 'drain', 'substrate', 'passivation']",
779,86,779_furniture_stores_store_warehouse,"['furniture', 'stores', 'store', 'warehouse', 'malls', 'retails', 'sofas', 'retail', 'shopping', 'bookcase']",
780,86,780_inquisition_persecution_catholic_reformation,"['inquisition', 'persecution', 'catholic', 'reformation', 'heresy', 'witchcraft', 'papal', 'pope', 'orthodoxy', '1630']",
781,86,781_dictator_dictatorship_dictatorial_regime,"['dictator', 'dictatorship', 'dictatorial', 'regime', 'presidential', 'presidency', 'constitutional', 'president', 'authoritarianism', 'constitution']",
782,86,782_emoji_emojis_smiley_symbols,"['emoji', 'emojis', 'smiley', 'symbols', 'glyphs', 'symbol', 'emotion', 'messaging', 'sentiment', 'multilingual']",
783,86,783_costumes_costume_dressed_dresses,"['costumes', 'costume', 'dressed', 'dresses', 'dress', 'fashion', 'wardrobe', 'clothing', 'clothes', 'garment']",
784,86,784_sexiest_playboy_hottest_glamour,"['sexiest', 'playboy', 'hottest', 'glamour', 'actresses', 'supermodel', 'magazine', 'celebrities', 'sexy', 'ranking']",
785,85,785_karate_kung_martial_cobra,"['karate', 'kung', 'martial', 'cobra', 'tae', 'kai', 'actor', 'cast', 'sequels', 'sequel']",
786,85,786_papacy_pope_papal_catholic,"['papacy', 'pope', 'papal', 'catholic', 'holocaust', 'nazi', '1939', 'persecution', 'persecutions', '1944']",
787,85,787_tarot_cards_decks_deck,"['tarot', 'cards', 'decks', 'deck', 'card', 'poker', 'hearts', 'scorecards', 'scorecard', 'spades']",
788,85,788_deities_goddesses_goddess_mythology,"['deities', 'goddesses', 'goddess', 'mythology', 'underworld', 'priestess', 'gods', 'deity', 'hymns', 'worshipped']",
789,85,789_waterboarding_waterboarded_torture_interrogations,"['waterboarding', 'waterboarded', 'torture', 'interrogations', 'interrogation', 'detainees', 'torturers', 'tortured', 'drowning', 'strapped']",
790,85,790_degree_bachelor_diploma_qualification,"['degree', 'bachelor', 'diploma', 'qualification', 'courses', 'qualifications', 'undergraduate', 'lawyers', 'law', 'postgraduate']",
791,85,791_nonprofit_nonprofits_donations_organizations,"['nonprofit', 'nonprofits', 'donations', 'organizations', 'nongovernmental', 'organization', 'stakeholder', 'donors', 'stakeholders', 'profiteering']",
792,85,792_perjury_misconduct_impeachment_allegations,"['perjury', 'misconduct', 'impeachment', 'allegations', 'affair', 'alleged', 'alleging', 'investigation', 'harassment', 'prosecution']",
793,85,793_retailer_supermarket_stores_supermarkets,"['retailer', 'supermarket', 'stores', 'supermarkets', 'shop', 'store', 'grocery', 'drugstore', 'groceries', 'retail']",
794,85,794_crimes_convicted_assaulted_raped,"['crimes', 'convicted', 'assaulted', 'raped', 'plea', 'criminal', 'detectives', 'murders', 'rapist', 'parole']",
795,85,795_paintings_painter_painting_murals,"['paintings', 'painter', 'painting', 'murals', 'portraits', 'mural', 'art', 'artists', 'artistic', 'artist']",
796,84,796_mansa_throne_rulers_kingdoms,"['mansa', 'throne', 'rulers', 'kingdoms', 'emperor', 'ibn', 'mecca', 'deposed', 'kingdom', 'guinea']",
797,84,797_stripes_jack_bands_band,"['stripes', 'jack', 'bands', 'band', 'bandmate', 'vinyl', 'white', 'drums', 'vocals', 'guitarist']",
798,84,798_1941_polish_1939_nazi,"['1941', 'polish', '1939', 'nazi', 'treaty', 'diplomatic', '1942', '1940', 'pact', 'soviet']",
799,84,799_prix_motorsport_racing_motorsports,"['prix', 'motorsport', 'racing', 'motorsports', 'qualifying', 'livery', 'laps', 'helmet', 'helmets', 'podium']",
800,84,800_buzz_toy_toys_woody,"['buzz', 'toy', 'toys', 'woody', 'toyline', 'doll', 'robot', 'robots', 'voiced', 'bunny']",
801,84,801_generals_counterinsurgency_military_militias,"['generals', 'counterinsurgency', 'military', 'militias', 'strategist', 'insurgency', 'commanding', 'commander', 'troop', 'fort']",
802,84,802_casino_casinos_gambling_1960s,"['casino', 'casinos', 'gambling', '1960s', 'hotel', 'royalties', 'entertainers', '1958', '1973', 'concerts']",
803,84,803_telecom_telecommunications_telecoms_provider,"['telecom', 'telecommunications', 'telecoms', 'provider', 'shareholders', 'takeover', 'telecommunication', 'rebranded', 'merger', 'company']",
804,84,804_sitcom_cast_cartoons_cartoon,"['sitcom', 'cast', 'cartoons', 'cartoon', 'voiced', 'family', 'uncle', 'actress', 'actresses', 'portrayed']",
805,84,805_extradition_jailed_convicted_sentenced,"['extradition', 'jailed', 'convicted', 'sentenced', 'detained', 'poisoned', 'accused', 'conviction', 'arrest', 'suspect']",
806,84,806_yogurt_yogurts_yoghurt_dairy,"['yogurt', 'yogurts', 'yoghurt', 'dairy', 'lactose', 'milk', 'milks', 'yeasts', 'yeast', 'whey']",
807,84,807_junta_loyalist_rebellion_juntas,"['junta', 'loyalist', 'rebellion', 'juntas', 'royalist', 'dictator', 'royalists', '1821', '1830', 'chile']",
808,84,808_golfer_golfers_woods_golf,"['golfer', 'golfers', 'woods', 'golf', 'masters', 'tournaments', 'swing', 'tiger', 'tournament', 'sportsman']",
809,83,809_fitness_gyms_gym_gymnastics,"['fitness', 'gyms', 'gym', 'gymnastics', 'camps', 'gymnasts', 'athletic', 'camp', 'scouting', 'youth']",
810,83,810_butter_gluten_flour_glutenin,"['butter', 'gluten', 'flour', 'glutenin', 'dough', 'dairy', 'buttermilk', 'flours', 'baking', 'butterfat']",
811,83,811_sizes_paper_sheet_sheets,"['sizes', 'paper', 'sheet', 'sheets', 'width', 'lengths', 'standard', 'size', 'larger', 'formats']",
812,83,812_baker_divorced_remarried_stepfather,"['baker', 'divorced', 'remarried', 'stepfather', 'divorcing', 'married', 'relatives', 'presidency', 'marriage', 'divorce']",
813,83,813_tattoos_tattooing_tattoo_tattooed,"['tattoos', 'tattooing', 'tattoo', 'tattooed', 'markings', 'ink', 'cosmetic', 'inks', 'scars', 'dermatology']",
814,83,814_castes_caste_discriminated_discrimination,"['castes', 'caste', 'discriminated', 'discrimination', 'raj', 'prejudices', 'prejudice', 'segregation', 'reservations', 'reservation']",
815,83,815_dreaming_lucidity_dreams_lucid,"['dreaming', 'lucidity', 'dreams', 'lucid', 'dreamer', 'dream', 'dreamers', 'dreamt', 'nightmares', 'nightmare']",
816,83,816_mountains_mountainous_tributary_river,"['mountains', 'mountainous', 'tributary', 'river', 'elevation', 'rivers', 'basin', 'waterways', 'mediterranean', 'waterfalls']",
817,83,817_bombings_murders_suspects_terrorist,"['bombings', 'murders', 'suspects', 'terrorist', 'homicide', 'terrorism', 'suspect', 'bombing', 'declassified', 'gunshot']",
818,83,818_conscription_military_enlistment_draftees,"['conscription', 'military', 'enlistment', 'draftees', 'draft', 'enlist', 'recruitment', 'army', 'soldiers', 'wartime']",
819,83,819_presentations_presentation_slides_keynote,"['presentations', 'presentation', 'slides', 'keynote', 'slide', 'projectors', 'presenters', 'presenter', 'office', 'monitors']",
820,83,820_paraphilia_paraphilias_pedophilia_pedophilic,"['paraphilia', 'paraphilias', 'pedophilia', 'pedophilic', 'paraphilic', 'hebephilia', 'disorders', 'psychosexual', 'zoophilia', 'urges']",
821,83,821_bushido_bushidō_samurai_martial,"['bushido', 'bushidō', 'samurai', 'martial', 'judo', 'shogun', 'kendo', 'teachings', 'devotion', 'shogunate']",
822,83,822_fjord_archaeological_meadows_voyages,"['fjord', 'archaeological', 'meadows', 'voyages', 'settlers', 'explored', 'island', 'settlements', 'explorers', 'sagas']",
823,83,823_tofu_soy_soybean_sesame,"['tofu', 'soy', 'soybean', 'sesame', 'vegetarian', 'soybeans', 'cuisine', 'dairy', 'noodles', 'coconut']",
824,82,824_gang_gangs_comedies_productions,"['gang', 'gangs', 'comedies', 'productions', 'roach', 'studios', '1930s', 'films', '1934', '1942']",
825,82,825_accents_accent_dialects_dialect,"['accents', 'accent', 'dialects', 'dialect', 'pronunciation', 'dialectal', 'southern', 'consonant', 'creole', 'syllable']",
826,82,826_screenplay_ultimatum_screenwriter_thriller,"['screenplay', 'ultimatum', 'screenwriter', 'thriller', 'trilogy', 'cast', 'prequel', 'actor', 'sequel', 'directed']",
827,82,827_stamps_stamp_postage_postal,"['stamps', 'stamp', 'postage', 'postal', 'postmaster', 'commemorative', 'honored', 'mail', 'printed', '1938']",
828,82,828_typescript_compiler_type_developers,"['typescript', 'compiler', 'type', 'developers', 'interpreter', 'scripting', 'implementations', 'compile', 'programmers', 'js']",
829,82,829_aspirin_ibuprofen_analgesics_inhibitors,"['aspirin', 'ibuprofen', 'analgesics', 'inhibitors', 'medications', 'analgesic', 'acetaminophen', 'prescription', 'inhibitor', 'inflammation']",
830,82,830_atheist_agnostic_agnosticism_atheism,"['atheist', 'agnostic', 'agnosticism', 'atheism', 'religious', 'spirituality', 'faith', 'spiritual', 'faiths', 'belief']",
831,82,831_postal_postmaster_postage_deliveries,"['postal', 'postmaster', 'postage', 'deliveries', 'mail', 'mailing', 'delivering', 'delivery', 'envelopes', 'deliver']",
832,82,832_1914_1913_1915_1918,"['1914', '1913', '1915', '1918', '1912', 'war', '1908', '1909', 'nationalism', '1910']",
833,82,833_graphite_carbon_steelmaking_mined,"['graphite', 'carbon', 'steelmaking', 'mined', 'pencil', 'hardness', 'carbide', 'steel', 'pencils', 'brittle']",
834,82,834_integers_primes_integer_prime,"['integers', 'primes', 'integer', 'prime', 'arithmetic', 'multiplicative', 'divisors', 'divides', 'numbers', 'divisibility']",
835,82,835_bloods_gangs_gang_blood,"['bloods', 'gangs', 'gang', 'blood', 'criminals', 'inmates', 'prisoners', 'prisons', 'criminal', 'graffiti']",
836,82,836_osmosis_desalination_purification_filtration,"['osmosis', 'desalination', 'purification', 'filtration', 'membranes', 'membrane', 'distillation', 'solvent', 'processes', 'water']",
837,82,837_guerre_french_1958_ceasefire,"['guerre', 'french', '1958', 'ceasefire', 'rebels', 'massacre', 'guerrillas', 'nationale', 'massacres', 'decolonization']",
838,82,838_actress_sonata_och_autumn,"['actress', 'sonata', 'och', 'autumn', 'maid', 'acting', 'affair', 'film', 'persona', 'films']",
839,82,839_fastest_racing_mph_speed,"['fastest', 'racing', 'mph', 'speed', 'motorsport', 'drivetrain', 'motorsports', 'track', 'corvette', 'car']",
840,82,840_airline_airlines_seats_seating,"['airline', 'airlines', 'seats', 'seating', '737', 'aisle', 'headrests', 'flights', 'aircraft', 'economy']",
841,82,841_novelist_writer_novels_literature,"['novelist', 'writer', 'novels', 'literature', 'writers', 'autobiography', 'author', 'poet', 'writing', 'literary']",
842,82,842_nationalism_nationalist_nationalists_patriotism,"['nationalism', 'nationalist', 'nationalists', 'patriotism', 'nation', 'ethnic', 'patriotic', 'ideology', 'ethnicity', 'neocolonialism']",
843,82,843_celebrations_celebrated_festival_calendar,"['celebrations', 'celebrated', 'festival', 'calendar', 'holidays', 'holiday', 'celebrate', 'celebration', 'tradition', 'feast']",
844,82,844_guerrillas_guerrilla_rebels_dictator,"['guerrillas', 'guerrilla', 'rebels', 'dictator', 'fled', 'uprising', 'attacked', 'rebellion', 'revolt', 'rebel']",
845,81,845_murdered_strangled_killed_unconscious,"['murdered', 'strangled', 'killed', 'unconscious', 'murders', 'murder', 'decapitated', 'victims', 'corpse', 'victim']",
846,81,846_rated_rating_ratings_pg,"['rated', 'rating', 'ratings', 'pg', 'films', 'unrated', 'movies', 'filmmakers', 'film', 'theaters']",
847,81,847_mac_leopard_apple_os,"['mac', 'leopard', 'apple', 'os', 'versions', 'cocoa', 'intel', 'releases', 'version', 'processor']",
848,81,848_aboriginal_indigenous_settlers_provincial,"['aboriginal', 'indigenous', 'settlers', 'provincial', 'prairies', 'settlements', 'tribe', 'settlement', 'native', 'federation']",
849,81,849_maps_map_google_android,"['maps', 'map', 'google', 'android', 'street', 'navigation', 'waypoints', 'geospatial', 'mapping', 'satellites']",
850,81,850_airplane_airlines_hijacked_hijackers,"['airplane', 'airlines', 'hijacked', 'hijackers', 'hijackings', 'flights', 'flight', 'hijacker', 'hijacking', 'aircraft']",
851,81,851_bp_spill_spills_damages,"['bp', 'spill', 'spills', 'damages', 'negligence', 'fines', 'liability', 'refinery', 'refineries', 'spilled']",
852,81,852_longitude_latitudes_latitude_geocentric,"['longitude', 'latitudes', 'latitude', 'geocentric', 'ellipsoid', 'equator', 'coordinates', 'geoid', 'ellipse', 'equatorial']",
853,81,853_golfer_golfers_golf_masters,"['golfer', 'golfers', 'golf', 'masters', 'tournaments', 'scoring', 'tournament', 'competed', 'rounds', '1959']",
854,81,854_dean_hunter_actor_biography,"['dean', 'hunter', 'actor', 'biography', 'acting', 'lingered', 'heterosexual', 'confidential', 'actors', 'psycho']",
855,81,855_latching_latch_latches_flops,"['latching', 'latch', 'latches', 'flops', 'flip', 'clocking', 'flop', 'clock', 'synchronous', 'asynchronous']",
856,81,856_honours_honorary_honour_knighted,"['honours', 'honorary', 'honour', 'knighted', 'appointed', 'honneur', 'officer', 'honor', 'empire', 'commander']",
857,81,857_clinical_gibbons_investigation_patents,"['clinical', 'gibbons', 'investigation', 'patents', 'laboratory', 'lawsuits', 'whistleblowers', 'fraudulent', 'biochemistry', 'lawsuit']",
858,81,858_suffrage_suffragettes_activists_feminist,"['suffrage', 'suffragettes', 'activists', 'feminist', 'activist', 'advocacy', 'abolitionist', 'woman', 'women', 'amendment']",
859,81,859_toured_concert_début_tour,"['toured', 'concert', 'début', 'tour', 'albums', 'minds', 'songs', 'album', 'vocals', 'bandmate']",
860,80,860_pastor_pastors_megachurch_evangelical,"['pastor', 'pastors', 'megachurch', 'evangelical', 'ministries', 'church', 'congregation', 'ministry', 'churches', 'denomination']",
861,80,861_fm_stations_radio_station,"['fm', 'stations', 'radio', 'station', 'broadcasts', 'frequencies', 'bbc', 'channels', 'broadcasting', 'broadcasters']",
862,80,862_filters_filtering_covariance_filter,"['filters', 'filtering', 'covariance', 'filter', 'covariances', 'estimation', 'estimator', 'estimating', 'smoothing', 'nonlinear']",
863,80,863_conspiracies_conspiratorial_conspiracy_conspiracism,"['conspiracies', 'conspiratorial', 'conspiracy', 'conspiracism', 'conspiracist', 'conspirators', 'skeptics', 'paranoia', 'theories', 'theorists']",
864,80,864_soprano_sopranos_actor_cast,"['soprano', 'sopranos', 'actor', 'cast', 'actors', 'saints', 'portrayal', 'casting', 'jersey', 'drama']",
865,80,865_expedition_voyage_whaling_exploration,"['expedition', 'voyage', 'whaling', 'exploration', '1901', '1902', 'sailing', 'continent', 'stranded', '1907']",
866,80,866_actor_hamlet_actors_acting,"['actor', 'hamlet', 'actors', 'acting', 'theatre', 'broadway', 'performances', 'comedy', 'portrayal', 'films']",
867,80,867_designers_designer_boutiques_fashion,"['designers', 'designer', 'boutiques', 'fashion', 'makeup', 'wardrobe', 'outfits', 'designs', 'dressed', 'tailors']",
868,80,868_processors_1070_supercomputers_processor,"['processors', '1070', 'supercomputers', 'processor', 'hardware', 'intel', '1060', 'graphics', 'microarchitecture', 'gaming']",
869,80,869_primus_toured_tour_praxis,"['primus', 'toured', 'tour', 'praxis', 'drums', 'performing', 'touring', 'prawn', 'vocals', 'solos']",
870,80,870_roof_prosecution_defendants_sentencing,"['roof', 'prosecution', 'defendants', 'sentencing', 'convicted', 'verdict', 'juror', 'jury', 'defendant', 'testified']",
871,80,871_strongman_strongest_strongmen_strength,"['strongman', 'strongest', 'strongmen', 'strength', 'competed', 'competitions', 'heaviest', 'medalist', 'competing', 'athleticism']",
872,80,872_parliament_parliamentary_constituencies_legislature,"['parliament', 'parliamentary', 'constituencies', 'legislature', 'legislatures', 'representatives', 'legislative', 'committees', 'suffrage', 'ministers']",
873,80,873_monkey_monk_monkeys_buddha,"['monkey', 'monk', 'monkeys', 'buddha', 'tang', 'emperor', 'shen', 'sutra', 'dragon', 'sutras']",
874,80,874_rap_albums_park_rock,"['rap', 'albums', 'park', 'rock', 'hybrid', 'remixes', 'album', 'bands', 'songs', 'mainstream']",
875,80,875_coalition_election_minister_elections,"['coalition', 'election', 'minister', 'elections', '2021', 'reelected', 'appointed', 'chaired', 'resignation', 'resign']",
876,80,876_smartphone_smartphones_laptop_tablet,"['smartphone', 'smartphones', 'laptop', 'tablet', 'sales', 'marketing', 'market', 'firms', 'reliance', 'mobile']",
877,80,877_stratosphere_meteorological_stratospheric_climatic,"['stratosphere', 'meteorological', 'stratospheric', 'climatic', 'climate', 'fires', 'warming', 'troposphere', 'firestorm', 'firestorms']",
878,80,878_reformation_protestant_theologian_papacy,"['reformation', 'protestant', 'theologian', 'papacy', '1541', '1521', 'monasticism', '1526', 'catholic', '1546']",
879,80,879_neighbours_episodes_airing_episode,"['neighbours', 'episodes', 'airing', 'episode', 'channel', 'weeknight', 'network', 'bbc', 'weeknights', 'viewers']",
880,80,880_coca_cocaine_tobacco_cola,"['coca', 'cocaine', 'tobacco', 'cola', 'leaves', 'leaf', 'illegally', 'drugs', 'illicit', 'drug']",
881,80,881_inferno_purgatory_sins_torment,"['inferno', 'purgatory', 'sins', 'torment', 'theology', 'torments', 'theological', 'paradise', 'underworld', 'sin']",
882,79,882_confederate_flags_flag_confederacy,"['confederate', 'flags', 'flag', 'confederacy', 'confederates', 'flagpole', 'stripes', '1865', '1861', 'symbolizing']",
883,79,883_dubbed_dub_anime_releases,"['dubbed', 'dub', 'anime', 'releases', 'premiered', 'simulcast', 'dubs', 'released', 'manga', 'animations']",
884,79,884_baron_comedian_mockumentary_documentary,"['baron', 'comedian', 'mockumentary', 'documentary', 'film', 'filmed', 'outrageous', 'screened', 'disguises', 'premiere']",
885,79,885_golfer_masters_golf_golfers,"['golfer', 'masters', 'golf', 'golfers', 'tournament', 'standings', 'score', 'championship', 'quarterfinals', 'rounds']",
886,79,886_spiritualism_spirituality_paganism_esotericism,"['spiritualism', 'spirituality', 'paganism', 'esotericism', 'religiosity', 'spiritual', 'religions', 'holistic', 'pagans', 'religion']",
887,79,887_graffiti_paintings_painting_artworks,"['graffiti', 'paintings', 'painting', 'artworks', 'paint', 'artwork', 'art', 'mural', 'painted', 'artists']",
888,79,888_lakes_lake_shipwrecks_shipwreck,"['lakes', 'lake', 'shipwrecks', 'shipwreck', 'sank', 'titanic', 'sinking', 'seas', 'whitefish', 'oceanographic']",
889,79,889_fashion_designers_designer_fashions,"['fashion', 'designers', 'designer', 'fashions', 'boutique', 'boutiques', 'brand', 'haute', 'cosmetics', 'couture']",
890,78,890_representation_philosophy_philosophical_philosopher,"['representation', 'philosophy', 'philosophical', 'philosopher', 'philosophies', 'perception', 'existence', 'philosophers', 'idealism', 'concepts']",
891,78,891_railgun_railguns_rail_projectile,"['railgun', 'railguns', 'rail', 'projectile', 'projectiles', 'ballistic', 'muzzle', 'missiles', 'missile', 'gun']",
892,78,892_adobe_illustrator_software_mac,"['adobe', 'illustrator', 'software', 'mac', 'graphics', 'vista', 'formats', 'os', 'program', 'plugins']",
893,78,893_paternal_stepfather_nazi_illegitimate,"['paternal', 'stepfather', 'nazi', 'illegitimate', 'grandfather', 'paternity', 'surname', 'relatives', 'niece', 'maria']",
894,78,894_helix_nucleic_discoveries_discovered,"['helix', 'nucleic', 'discoveries', 'discovered', 'biophysics', 'crystallographic', 'scientist', 'molecular', 'molecule', 'biology']",
895,78,895_payments_payment_merchant_purchases,"['payments', 'payment', 'merchant', 'purchases', 'merchants', 'auctions', 'auction', 'sellers', 'buyers', 'buyer']",
896,78,896_airlines_airline_pan_flights,"['airlines', 'airline', 'pan', 'flights', 'midway', 'aviation', 'express', 'flight', 'airways', 'aircraft']",
897,78,897_secretariat_racehorse_racetrack_thoroughbred,"['secretariat', 'racehorse', 'racetrack', 'thoroughbred', 'racehorses', 'jockey', 'derby', 'horse', 'racing', 'stables']",
898,78,898_sensitivity_specificity_diagnostic_positives,"['sensitivity', 'specificity', 'diagnostic', 'positives', 'precision', 'accuracy', 'diagnosing', 'negatives', 'positive', 'prevalence']",
899,78,899_pirate_piracy_bay_infringement,"['pirate', 'piracy', 'bay', 'infringement', 'infringements', 'torrent', 'copyright', 'infringing', 'defendants', 'peer']",
900,78,900_oyster_oysters_shellfish_crabs,"['oyster', 'oysters', 'shellfish', 'crabs', 'seafood', 'mussels', 'crawfish', 'shells', 'aquaculture', 'fishery']",
901,78,901_ethnicities_ethnic_ethnically_ethnicity,"['ethnicities', 'ethnic', 'ethnically', 'ethnicity', 'population', 'minorities', 'nationalities', 'census', 'soviet', 'nationality']",
902,77,902_abolitionist_abolitionists_slavery_1860,"['abolitionist', 'abolitionists', 'slavery', '1860', 'abolition', 'slaveholders', 'slaves', '1859', 'slave', 'enslaved']",
903,77,903_reefs_corals_coral_reef,"['reefs', 'corals', 'coral', 'reef', 'aquaculture', 'mangroves', 'mangrove', 'overfishing', 'oceans', 'eutrophication']",
904,77,904_incomes_income_wealth_disparities,"['incomes', 'income', 'wealth', 'disparities', 'poverty', 'coefficient', 'statistic', 'richest', 'economies', 'statistician']",
905,77,905_officers_officer_recruitment_administrative,"['officers', 'officer', 'recruitment', 'administrative', 'secretaries', 'deputy', 'cadres', 'cadre', 'commissioner', 'chairperson']",
906,77,906_sabbath_piers_frontman_airing,"['sabbath', 'piers', 'frontman', 'airing', 'presenter', 'cancelled', 'celebrity', 'aired', 'jack', 'addiction']",
907,77,907_aether_realms_realm_omnipotence,"['aether', 'realms', 'realm', 'omnipotence', 'gods', 'valkyrie', 'wormhole', 'escapes', 'wield', 'throne']",
908,77,908_extinctions_extinction_extinct_dinosaurs,"['extinctions', 'extinction', 'extinct', 'dinosaurs', 'speciation', 'biodiversity', 'catastrophe', 'fossils', 'fossil', 'catastrophic']",
909,77,909_armistice_38th_counterinsurgency_soviet,"['armistice', '38th', 'counterinsurgency', 'soviet', 'retreated', '1949', 'insurgency', '1950', '1951', 'communists']",
910,77,910_magicians_magician_museum_vaudeville,"['magicians', 'magician', 'museum', 'vaudeville', 'cemetery', 'magic', 'performer', '1906', 'illusions', 'magical']",
911,77,911_sequels_sequel_trilogy_screenplay,"['sequels', 'sequel', 'trilogy', 'screenplay', 'remake', '2023', 'movie', 'screenwriters', 'future', 'film']",
912,77,912_executions_executed_clemency_punishment,"['executions', 'executed', 'clemency', 'punishment', 'inmates', 'penalty', 'lethal', 'execution', 'murder', 'penitentiary']",
913,77,913_neolithic_archaeological_archaeology_excavations,"['neolithic', 'archaeological', 'archaeology', 'excavations', 'civilisation', 'civilization', 'ancient', 'civilisations', 'urbanisation', 'paleolithic']",
914,77,914_dolly_novel_literature_mansion,"['dolly', 'novel', 'literature', 'mansion', 'narrator', 'widow', 'pseudonym', 'memoir', 'haze', 'protagonist']",
915,77,915_sparrow_pirates_pirate_privateer,"['sparrow', 'pirates', 'pirate', 'privateer', 'captained', 'captain', 'shipwreck', 'sails', 'mutiny', 'piracy']",
916,77,916_scurvy_vitamin_supplementation_dietary,"['scurvy', 'vitamin', 'supplementation', 'dietary', 'supplement', 'supplementing', 'deficiencies', 'deficiency', 'nutritional', 'diets']",
917,76,917_holly_finale_office_receptionist,"['holly', 'finale', 'office', 'receptionist', 'episode', 'joey', 'ken', 'donna', 'jan', 'marries']",
918,76,918_hemp_cannabis_textiles_cultivated,"['hemp', 'cannabis', 'textiles', 'cultivated', 'textile', 'weed', 'tobacco', 'biofuel', 'cultivation', 'fibre']",
919,76,919_lidar_radar_laser_photogrammetry,"['lidar', 'radar', 'laser', 'photogrammetry', 'sensors', 'airborne', 'topographic', 'clouds', 'reflectors', 'sensor']",
920,76,920_dingoes_dingo_breeding_pets,"['dingoes', 'dingo', 'breeding', 'pets', 'kangaroos', 'predation', 'canines', 'breed', 'populations', 'ecological']",
921,76,921_crocodile_zookeeper_zoo_crocodiles,"['crocodile', 'zookeeper', 'zoo', 'crocodiles', 'wildlife', 'snakes', 'reptiles', 'animals', 'animal', 'hunter']",
922,76,922_slots_slot_gambling_reels,"['slots', 'slot', 'gambling', 'reels', 'poker', 'reel', 'machines', 'payouts', 'gambler', 'casino']",
923,76,923_bombs_bomb_1945_bombing,"['bombs', 'bomb', '1945', 'bombing', 'detonated', 'nuclear', 'bombings', 'atomic', 'fission', 'munitions']",
924,76,924_manufacturer_corporate_corporation_company,"['manufacturer', 'corporate', 'corporation', 'company', 'brands', 'brand', 'headquartered', 'headquarters', 'multinational', 'appliances']",
925,76,925_stones_stone_guitarist_guitarists,"['stones', 'stone', 'guitarist', 'guitarists', 'drums', 'drummer', 'rock', 'zeppelin', 'concert', 'guitar']",
926,76,926_meiosis_mitosis_chromosomal_chromosomes,"['meiosis', 'mitosis', 'chromosomal', 'chromosomes', 'chromosome', 'chromatin', 'meiotic', 'cells', 'fission', 'cytoplasm']",
927,75,927_pirate_privateer_bonnet_pirates,"['pirate', 'privateer', 'bonnet', 'pirates', 'privateering', 'captains', 'sailed', 'captain', 'piracy', 'sailors']",
928,75,928_parks_park_attractions_studios,"['parks', 'park', 'attractions', 'studios', 'pavilion', 'resort', 'parking', 'carousel', 'acres', 'amusement']",
929,75,929_medicine_medicinal_medicines_physicians,"['medicine', 'medicinal', 'medicines', 'physicians', 'herbal', 'physician', 'medical', 'doctors', 'herbs', 'patients']",
930,75,930_acupuncture_acupuncturists_medicine_practitioners,"['acupuncture', 'acupuncturists', 'medicine', 'practitioners', 'patients', 'treatments', 'therapy', 'treatment', 'needles', 'efficacy']",
931,75,931_margarine_yeast_extracts_foods,"['margarine', 'yeast', 'extracts', 'foods', 'recipe', 'ingredient', 'kosher', 'cereals', 'recipes', 'gluten']",
932,75,932_chiropractors_chiropractic_chiropractor_osteopathic,"['chiropractors', 'chiropractic', 'chiropractor', 'osteopathic', 'practitioners', 'spinal', 'physicians', 'patients', 'clinical', 'medical']",
933,75,933_negro_activist_behest_1925,"['negro', 'activist', 'behest', '1925', 'racism', 'blacks', 'imperialist', '1915', 'commemorated', 'sang']",
934,75,934_infantry_tanks_soldier_1944,"['infantry', 'tanks', 'soldier', '1944', 'troops', 'tank', 'allied', 'adjutant', 'colonel', 'commanders']",
935,75,935_geography_geographic_geographical_geographer,"['geography', 'geographic', 'geographical', 'geographer', 'geographers', 'spatial', 'cartographers', 'geo', 'cartography', 'cartographer']",
936,75,936_federalism_federations_federation_unitary,"['federalism', 'federations', 'federation', 'unitary', 'sovereignty', 'territorial', 'confederation', 'federal', 'federalist', 'governments']",
937,75,937_braking_transmissions_brakes_automatic,"['braking', 'transmissions', 'brakes', 'automatic', 'brake', 'clutches', 'transmission', 'gearbox', 'clutch', 'torque']",
938,75,938_ford_presidency_presidential_presidents,"['ford', 'presidency', 'presidential', 'presidents', 'wife', 'lady', 'ladies', 'president', 'marrying', '1974']",
939,75,939_eukaryotes_prokaryotes_eukaryotic_prokaryotic,"['eukaryotes', 'prokaryotes', 'eukaryotic', 'prokaryotic', 'eukaryote', 'archaea', 'archaeal', 'bacteria', 'organelles', 'organisms']",
940,75,940_electroconvulsive_antidepressants_antidepressant_anticonvulsant,"['electroconvulsive', 'antidepressants', 'antidepressant', 'anticonvulsant', 'electrodes', 'electrode', 'psychiatry', 'therapy', 'anesthetic', 'treatment']",
941,75,941_bourgeoisie_capitalist_bourgeois_capitalism,"['bourgeoisie', 'capitalist', 'bourgeois', 'capitalism', 'socialism', 'capitalists', 'socialist', 'proletariat', 'feudalism', 'communism']",
942,75,942_burger_hamburger_burgers_hamburgers,"['burger', 'hamburger', 'burgers', 'hamburgers', 'steak', 'beef', 'steaks', 'steakhouse', 'patties', 'sandwich']",
943,75,943_stagecoach_ford_cinematography_films,"['stagecoach', 'ford', 'cinematography', 'films', 'actor', 'uncredited', 'directed', 'actors', 'starred', '1939']",
944,75,944_comics_cartoonist_adventures_magazine,"['comics', 'cartoonist', 'adventures', 'magazine', 'comic', 'les', 'books', 'publishers', 'petit', 'book']",
945,75,945_detective_detectives_novels_murders,"['detective', 'detectives', 'novels', 'murders', 'obituary', 'novel', 'novellas', 'murderer', 'murder', 'peril']",
946,75,946_laureates_laureate_prizes_prize,"['laureates', 'laureate', 'prizes', 'prize', 'awarding', 'award', 'medal', 'medals', 'nominations', 'nominees']",
947,74,947_bombed_troops_insurgency_casualties,"['bombed', 'troops', 'insurgency', 'casualties', 'tactics', 'artillery', 'attacked', 'recaptured', 'gulf', 'warfare']",
948,74,948_allegations_molested_offences_alleged,"['allegations', 'molested', 'offences', 'alleged', 'abused', 'assaulted', 'abuse', 'libel', 'rumours', 'raped']",
949,74,949_subreddit_subreddits_banning_censorship,"['subreddit', 'subreddits', 'banning', 'censorship', 'incels', 'ban', 'banned', 'violating', 'sub', 'bans']",
950,74,950_onzz_superman_watchtower_superhero,"['onzz', 'superman', 'watchtower', 'superhero', 'storyline', 'kryptonite', 'comics', 'villains', 'multiverse', 'justice']",
951,74,951_pronouns_pronoun_plurality_plurals,"['pronouns', 'pronoun', 'plurality', 'plurals', 'plural', 'grammarians', 'singular', 'gender', 'grammar', 'theirs']",
952,74,952_gymnast_gymnastics_gymnasts_olympic,"['gymnast', 'gymnastics', 'gymnasts', 'olympic', 'competed', 'medals', 'bronze', 'medalist', 'championships', 'athlete']",
953,74,953_bonobos_chimpanzees_primates_chimpanzee,"['bonobos', 'chimpanzees', 'primates', 'chimpanzee', 'primate', 'bonobo', 'apes', 'mating', 'monkeys', 'sexes']",
954,74,954_singer_songwriter_albums_musician,"['singer', 'songwriter', 'albums', 'musician', 'bono', 'duet', 'album', 'sang', 'poet', 'ballads']",
955,74,955_pearls_pearl_pearling_oysters,"['pearls', 'pearl', 'pearling', 'oysters', 'oyster', 'gemstones', 'mollusks', 'jewelry', 'mussels', 'mollusk']",
956,74,956_patients_inpatients_physicians_physician,"['patients', 'inpatients', 'physicians', 'physician', 'inpatient', 'medical', 'doctors', 'hospitals', 'clinics', 'healthcare']",
957,74,957_oz_wizard_1939_wicked,"['oz', 'wizard', '1939', 'wicked', 'emerald', 'scarecrow', 'novel', 'lion', 'witches', 'frank']",
958,74,958_pride_flags_flag_rainbow,"['pride', 'flags', 'flag', 'rainbow', 'parade', 'rainbows', 'stripes', 'symbolizing', 'symbol', 'homosexuality']",
959,74,959_espionage_spies_spy_spying,"['espionage', 'spies', 'spy', 'spying', 'soviets', 'soviet', '1963', 'cryptographers', 'suspect', 'defected']",
960,74,960_chairman_executive_resigned_chief,"['chairman', 'executive', 'resigned', 'chief', 'directors', 'resigning', 'resign', 'resignation', 'appointed', 'resignations']",
961,74,961_paramilitary_mercenaries_civilians_mercenary,"['paramilitary', 'mercenaries', 'civilians', 'mercenary', 'casualties', 'soldiers', 'commanders', 'recruitment', 'servicemen', 'recruiters']",
962,74,962_obesity_obese_overweight_underweight,"['obesity', 'obese', 'overweight', 'underweight', 'adipose', 'weight', 'fat', 'nutrition', 'metabolic', 'mortality']",
963,73,963_deities_polytheism_monotheistic_monotheism,"['deities', 'polytheism', 'monotheistic', 'monotheism', 'creation', 'worship', 'omnipotent', 'spiritual', 'creator', 'sacred']",
964,73,964_housewives_housewife_airing_episodes,"['housewives', 'housewife', 'airing', 'episodes', 'renewed', 'premiered', 'aired', 'shows', 'franchise', 'viewers']",
965,73,965_tariffs_tariff_exports_agreements,"['tariffs', 'tariff', 'exports', 'agreements', 'economy', 'ratified', 'negotiations', 'economies', 'democrats', 'ratification']",
966,73,966_metric_imperial_units_metre,"['metric', 'imperial', 'units', 'metre', 'kilograms', 'weighing', 'metres', 'standards', 'grams', 'measurement']",
967,73,967_forested_vegetation_conifers_forests,"['forested', 'vegetation', 'conifers', 'forests', 'rainforests', 'conifer', 'forest', 'coniferous', 'spruce', 'shrubs']",
968,73,968_schemas_schema_metadata_structured,"['schemas', 'schema', 'metadata', 'structured', 'specification', 'formats', 'document', 'documents', 'parser', 'attributes']",
969,73,969_homosexuality_homosexuals_homosexual_homophobia,"['homosexuality', 'homosexuals', 'homosexual', 'homophobia', 'immoral', 'decriminalised', 'decriminalizing', 'gays', 'decriminalized', 'prohibits']",
970,73,970_dome_missiles_missile_protects,"['dome', 'missiles', 'missile', 'protects', 'protect', 'rockets', 'protection', 'iron', 'defense', 'targets']",
971,73,971_scramjet_scramjets_turbojet_turbojets,"['scramjet', 'scramjets', 'turbojet', 'turbojets', 'ramjet', 'supersonic', 'subsonic', 'hypersonic', 'propulsion', 'engines']",
972,73,972_esotericists_esotericism_esoteric_occultism,"['esotericists', 'esotericism', 'esoteric', 'occultism', 'occultists', 'occultist', 'exoteric', 'occult', 'scholars', 'spiritualism']",
973,73,973_regexes_regex_syntax_parsing,"['regexes', 'regex', 'syntax', 'parsing', 'patterns', 'delimiters', 'pattern', 'implementations', 'expressions', 'wildcard']",
974,73,974_auroral_aurora_auroras_magnetosphere,"['auroral', 'aurora', 'auroras', 'magnetosphere', 'aurorae', 'geomagnetic', 'ionosphere', 'sunspots', 'storms', 'sunspot']",
975,73,975_metamorphosis_literature_literary_writings,"['metamorphosis', 'literature', 'literary', 'writings', 'writer', 'novella', 'novels', 'novel', 'writers', 'writing']",
976,73,976_musician_concert_gravestone_bandmate,"['musician', 'concert', 'gravestone', 'bandmate', 'backstage', 'buried', 'posthumous', 'musicians', 'alive', 'reunion']",
977,73,977_dell_manufacturers_manufacturer_vendors,"['dell', 'manufacturers', 'manufacturer', 'vendors', 'intel', 'corporation', 'enterprise', 'company', 'subsidiary', 'electronics']",
978,73,978_soviets_missiles_overflights_reconnaissance,"['soviets', 'missiles', 'overflights', 'reconnaissance', 'overflight', 'missile', 'airfield', 'soviet', 'piloted', 'aircraft']",
979,72,979_profiles_profile_freelancers_recruiters,"['profiles', 'profile', 'freelancers', 'recruiters', 'resumes', 'users', 'employees', 'spam', 'employers', 'accounts']",
980,72,980_doge_pope_1571_mediterranean,"['doge', 'pope', '1571', 'mediterranean', 'duchy', 'aristocratic', '1526', 'catholic', 'ducal', 'crusader']",
981,72,981_chess_grandmaster_fide_tournament,"['chess', 'grandmaster', 'fide', 'tournament', 'championship', 'tournaments', 'gambit', 'championships', 'champion', 'matches']",
982,72,982_comet_cometary_comets_meteor,"['comet', 'cometary', 'comets', 'meteor', 'telescope', 'astronomers', 'telescopes', 'astronomer', 'observations', 'observed']",
983,72,983_totalitarianism_holocaust_totalitarian_biography,"['totalitarianism', 'holocaust', 'totalitarian', 'biography', 'nazi', 'semitism', 'antisemitism', 'writings', '1941', 'philosopher']",
984,72,984_tics_tic_disorders_neuropsychiatric,"['tics', 'tic', 'disorders', 'neuropsychiatric', 'autism', 'disorder', 'symptom', 'syndrome', 'neurodevelopmental', 'impairment']",
985,72,985_bullying_bullied_bullies_bully,"['bullying', 'bullied', 'bullies', 'bully', 'cyberbullying', 'harassment', 'victimization', 'aggression', 'behavior', 'intimidation']",
986,72,986_psychopathy_psychopathic_psychopaths_psychopath,"['psychopathy', 'psychopathic', 'psychopaths', 'psychopath', 'sociopathy', 'sociopath', 'psychologist', 'narcissism', 'psychiatric', 'psychiatrist']",
987,72,987_linguistics_linguistic_linguists_linguist,"['linguistics', 'linguistic', 'linguists', 'linguist', 'languages', 'language', 'lexical', 'semantic', 'lexicon', 'phonetics']",
988,72,988_literature_writings_author_fictions,"['literature', 'writings', 'author', 'fictions', 'literary', 'writer', 'anthologies', 'poetry', 'journals', 'poems']",
989,72,989_cook_voyage_voyages_sailed,"['cook', 'voyage', 'voyages', 'sailed', '1788', 'sailing', 'coastline', 'coastlines', 'explorers', 'expedition']",
990,72,990_cyberpunk_cybernetics_novelists_novel,"['cyberpunk', 'cybernetics', 'novelists', 'novel', 'fiction', 'novels', 'cyberspace', 'writer', 'author', 'genre']",
991,72,991_population_census_inhabitants_populous,"['population', 'census', 'inhabitants', 'populous', 'populated', 'chile', 'islanders', 'inhabited', 'citizens', 'statistics']",
992,72,992_linden_lab_copyright_token,"['linden', 'lab', 'copyright', 'token', 'refund', 'life', 'grid', 'accounts', 'content', 'metaverse']",
993,72,993_cartoons_cartoon_spinach_comic,"['cartoons', 'cartoon', 'spinach', 'comic', 'cartoonists', 'cockerel', 'sinewy', 'pea', 'sailor', 'comics']",
994,72,994_nazi_holocaust_1941_1945,"['nazi', 'holocaust', '1941', '1945', 'persecuted', 'partisans', 'genocide', 'fascist', 'persecution', '1944']",
995,72,995_indictment_indictments_indicted_prosecutors,"['indictment', 'indictments', 'indicted', 'prosecutors', 'convicted', 'sentencing', 'fugitives', 'murders', 'arrested', 'sentenced']",
996,72,996_tributaries_tributary_river_rivers,"['tributaries', 'tributary', 'river', 'rivers', 'alluvial', 'basins', 'valleys', 'basin', 'valley', 'dams']",
997,72,997_vocalist_vocals_singers_singer,"['vocalist', 'vocals', 'singers', 'singer', 'saxophonist', 'musician', 'bassist', 'frontman', 'voice', 'vocal']",
998,72,998_esteem_self_ego_psychological,"['esteem', 'self', 'ego', 'psychological', 'oneself', 'psychology', 'attitudes', 'confidence', 'individualistic', 'satisfaction']",
999,72,999_rescuers_rescuer_survivors_rescue,"['rescuers', 'rescuer', 'survivors', 'rescue', 'camped', 'cabins', 'camp', 'tents', 'relief', 'cabin']",
1000,72,1000_coax_coaxial_cables_cable,"['coax', 'coaxial', 'cables', 'cable', 'antennas', 'shielding', 'antenna', 'shielded', 'conductors', 'conductor']",
1001,71,1001_synesthesia_synesthetic_synesthetes_paresthesia,"['synesthesia', 'synesthetic', 'synesthetes', 'paresthesia', 'synesthete', 'sensory', 'stimuli', 'senses', 'sensations', 'neuroscience']",
1002,71,1002_annexation_1938_annexed_1945,"['annexation', '1938', 'annexed', '1945', 'annex', '1939', 'appeasement', 'seceded', 'nazi', 'allies']",
1003,71,1003_motocross_motorcycle_stunt_bike,"['motocross', 'motorcycle', 'stunt', 'bike', 'stunts', 'parachute', 'riding', 'stuntman', 'motorcycles', 'jumped']",
1004,71,1004_chocolate_factory_screenplay_wilder,"['chocolate', 'factory', 'screenplay', 'wilder', 'bucket', 'candy', 'novel', 'musical', 'film', 'book']",
1005,71,1005_galaxy_smartphone_smartphones_mobile,"['galaxy', 'smartphone', 'smartphones', 'mobile', 'flagship', 'android', 'phones', 'tablet', 'devices', 'series']",
1006,71,1006_runes_rune_runestones_inscriptions,"['runes', 'rune', 'runestones', 'inscriptions', 'inscription', 'runestone', 'alphabets', 'medieval', 'alphabet', 'latin']",
1007,71,1007_che_revolutionaries_guerrilla_revolutionary,"['che', 'revolutionaries', 'guerrilla', 'revolutionary', 'guerrillas', 'rebel', 'communist', 'soviet', 'declassified', 'revolution']",
1008,71,1008_hemorrhage_surgery_surgical_injury,"['hemorrhage', 'surgery', 'surgical', 'injury', 'iron', 'injuries', 'cerebral', 'skull', 'accident', 'exploded']",
1009,71,1009_referendum_conservative_trump_candidate,"['referendum', 'conservative', 'trump', 'candidate', 'resigned', 'politician', 'election', 'leave', 'politicians', 'parliamentary']",
1010,71,1010_sightings_sighting_hoaxes_hoax,"['sightings', 'sighting', 'hoaxes', 'hoax', 'skunk', 'wildlife', 'skeptics', 'ape', 'apes', 'footprints']",
1011,71,1011_sphinx_sphinxes_pharaoh_pyramid,"['sphinx', 'sphinxes', 'pharaoh', 'pyramid', 'statue', 'excavations', 'pyramids', 'ancient', 'statues', 'monuments']",
1012,71,1012_violinist_violin_violins_albums,"['violinist', 'violin', 'violins', 'albums', 'vinyl', 'shatter', 'concert', 'album', 'performing', 'instrument']",
1013,71,1013_law_jurisprudence_judicial_statutes,"['law', 'jurisprudence', 'judicial', 'statutes', 'jurisdictions', 'courts', 'constitutional', 'jurisdiction', 'legislative', 'statute']",
1014,71,1014_nails_albums_album_band,"['nails', 'albums', 'album', 'band', 'artists', 'unreleased', 'instrumentalist', 'songs', 'hiatus', 'tour']",
1015,71,1015_apple_mac_microcomputers_microcomputer,"['apple', 'mac', 'microcomputers', 'microcomputer', 'computers', 'company', 'employee', 'employees', 'computer', 'os']",
1016,71,1016_scream_paintings_painting_painter,"['scream', 'paintings', 'painting', 'painter', 'art', 'artist', 'paint', 'paints', 'sketches', 'impressionist']",
1017,71,1017_flew_flight_airplane_flying,"['flew', 'flight', 'airplane', 'flying', 'aviator', 'airport', 'aviation', 'biplane', 'piloted', 'pilots']",
1018,71,1018_ninja_ninjas_anime_kai,"['ninja', 'ninjas', 'anime', 'kai', 'cartoon', 'premiered', 'episodes', 'animation', 'chibi', 'originals']",
1019,71,1019_investing_invest_investors_indexes,"['investing', 'invest', 'investors', 'indexes', 'investment', 'securities', 'leverage', 'portfolios', 'indexing', 'stocks']",
1020,71,1020_concord_airlines_flights_airliners,"['concord', 'airlines', 'flights', 'airliners', 'airliner', 'flight', 'aviation', 'supersonic', 'flown', 'subsonic']",
1021,71,1021_dysplasia_breeds_veterinary_shepherd,"['dysplasia', 'breeds', 'veterinary', 'shepherd', 'dystrophy', 'canine', 'shepherds', 'dachshunds', 'degenerative', 'dogs']",
1022,70,1022_doll_dolls_toy_brand,"['doll', 'dolls', 'toy', 'brand', 'fashion', 'puppies', 'girls', '1980', 'manufactured', 'girl']",
1023,70,1023_investments_invested_investor_investors,"['investments', 'invested', 'investor', 'investors', 'investment', 'invest', 'invests', 'equity', 'financial', 'holdings']",
1024,70,1024_intersectionality_intersectional_feminism_intersection,"['intersectionality', 'intersectional', 'feminism', 'intersection', 'feminist', 'oppression', 'feminists', 'discrimination', 'intersections', 'racism']",
1025,70,1025_festivals_festival_festivities_carnivals,"['festivals', 'festival', 'festivities', 'carnivals', 'carnival', 'fest', 'celebrations', 'celebrates', 'celebrated', 'parades']",
1026,70,1026_tennis_racquet_tournament_quarterfinal,"['tennis', 'racquet', 'tournament', 'quarterfinal', 'doubles', 'semifinals', 'quarterfinals', 'championships', 'semifinal', 'finals']",
1027,70,1027_daddy_reggaeton_rapper_rap,"['daddy', 'reggaeton', 'rapper', 'rap', 'mixtape', 'barrio', 'awards', 'mixtapes', 'mas', 'gangsta']",
1028,70,1028_probability_probabilities_doors_car,"['probability', 'probabilities', 'doors', 'car', 'door', 'conditional', 'chooses', 'switching', 'odds', 'randomly']",
1029,70,1029_radar_radars_signals_doppler,"['radar', 'radars', 'signals', 'doppler', 'transmitter', 'signal', 'antennas', 'antenna', 'transmitting', 'frequencies']",
1030,70,1030_blackberry_smartphone_smartphones_android,"['blackberry', 'smartphone', 'smartphones', 'android', 'mobile', 'devices', 'phones', 'device', 'tablet', 'phone']",
1031,70,1031_cappuccino_espresso_coffee_capo,"['cappuccino', 'espresso', 'coffee', 'capo', 'latte', 'milk', 'caffè', 'beverage', 'cafés', 'cups']",
1032,70,1032_candidates_candidate_election_elections,"['candidates', 'candidate', 'election', 'elections', 'populist', 'electoral', 'presidential', 'presidency', 'pesos', 'coalition']",
1033,70,1033_cud_rapper_mixtape_kid,"['cud', 'rapper', 'mixtape', 'kid', 'rap', 'album', 'songwriter', 'rappers', 'artist', 'song']",
1034,70,1034_soviets_soviet_treaty_ceded,"['soviets', 'soviet', 'treaty', 'ceded', 'ceasefire', '1944', '1941', 'treaties', '1940', 'armistice']",
1035,70,1035_nuclear_disarmament_treaty_uranium,"['nuclear', 'disarmament', 'treaty', 'uranium', 'nations', 'peaceful', 'ratification', 'detonated', 'atomic', 'proliferation']",
1036,70,1036_ivy_poison_poisons_poisoned,"['ivy', 'poison', 'poisons', 'poisoned', 'poisoning', 'superman', 'vines', 'villains', 'mercy', 'prey']",
1037,70,1037_tsar_empress_heir_1762,"['tsar', 'empress', 'heir', '1762', 'mistress', 'prince', 'abdication', 'nobility', 'princess', 'assassinated']",
1038,69,1038_sexuality_discipline_sociology_homosexuality,"['sexuality', 'discipline', 'sociology', 'homosexuality', 'behavior', 'oppression', 'psychology', 'subjectivity', 'desires', 'homosexual']",
1039,69,1039_elves_elf_folklore_fairies,"['elves', 'elf', 'folklore', 'fairies', 'dwarves', 'folklorists', 'fairy', 'folk', 'mythology', 'elven']",
1040,69,1040_peacekeeping_sovereignty_niger_nations,"['peacekeeping', 'sovereignty', 'niger', 'nations', 'territory', 'ceasefire', 'territories', 'provinces', 'governing', 'democratic']",
1041,69,1041_torturing_strangled_stabbing_murdered,"['torturing', 'strangled', 'stabbing', 'murdered', 'victims', 'raped', 'murders', 'abducted', 'rape', 'bludgeoned']",
1042,69,1042_exorcist_exorcism_screenplay_possessed,"['exorcist', 'exorcism', 'screenplay', 'possessed', 'demonic', 'supernatural', 'film', 'films', 'haunted', 'directors']",
1043,69,1043_cloud_clouds_azure_virtualization,"['cloud', 'clouds', 'azure', 'virtualization', 'infrastructure', 'providers', 'services', 'scalable', 'service', 'provisioning']",
1044,69,1044_yaoi_manga_hentai_anime,"['yaoi', 'manga', 'hentai', 'anime', 'heterosexual', 'shōnen', 'yuri', 'sexuality', 'gender', 'masculine']",
1045,69,1045_doping_athlete_lance_cyclist,"['doping', 'athlete', 'lance', 'cyclist', 'steroids', 'cycling', 'cyclists', 'athletes', 'rider', 'riding']",
1046,69,1046_wickets_batsman_wicket_bowled,"['wickets', 'batsman', 'wicket', 'bowled', 'bowler', 'cricketer', 'cricket', 'batting', 'innings', 'batted']",
1047,69,1047_opus_pontifical_popes_priests,"['opus', 'pontifical', 'popes', 'priests', 'pope', 'diocesan', 'catholic', 'clergy', 'apostolic', 'dei']",
1048,69,1048_ancestry_genetic_haplogroup_paleolithic,"['ancestry', 'genetic', 'haplogroup', 'paleolithic', 'genes', 'ethnically', 'descendant', 'indigenous', 'populations', 'cultures']",
1049,69,1049_thanksgiving_holiday_holidays_celebrated,"['thanksgiving', 'holiday', 'holidays', 'celebrated', 'celebrations', 'celebrate', 'feast', 'feasts', 'feasting', 'pilgrims']",
1050,69,1050_joker_skins_superman_comics,"['joker', 'skins', 'superman', 'comics', 'knight', 'comic', 'skin', 'robin', 'scarecrow', 'edition']",
1051,69,1051_freeware_proprietary_software_licensing,"['freeware', 'proprietary', 'software', 'licensing', 'licenses', 'license', 'licensed', 'shareware', 'developers', 'free']",
1052,69,1052_quantum_qubits_qubit_computational,"['quantum', 'qubits', 'qubit', 'computational', 'computing', 'computations', 'entanglement', 'computation', 'cryptographic', 'computers']",
1053,69,1053_bird_storm_star_rebounds,"['bird', 'storm', 'star', 'rebounds', 'assists', 'playoffs', 'scoring', 'basketball', 'dunks', 'dunk']",
1054,69,1054_ceasefire_peacekeeping_oblast_militias,"['ceasefire', 'peacekeeping', 'oblast', 'militias', 'hostilities', 'separatists', 'troops', 'peacekeepers', 'attacked', 'republics']",
1055,68,1055_communists_soviets_protests_demonstrators,"['communists', 'soviets', 'protests', 'demonstrators', 'communist', 'protestors', 'revolutionaries', 'soviet', 'uprising', 'communism']",
1056,68,1056_palaces_ibn_mosque_palace,"['palaces', 'ibn', 'mosque', 'palace', 'excavations', 'courtyards', 'courtyard', 'towers', 'al', 'tower']",
1057,68,1057_nirvana_overdosed_grunge_overdose,"['nirvana', 'overdosed', 'grunge', 'overdose', 'died', 'heroin', 'murdered', 'suicidal', 'suicide', 'cremated']",
1058,68,1058_commanders_commander_allied_1944,"['commanders', 'commander', 'allied', '1944', 'panzer', 'commanded', 'battle', 'invasion', 'infantry', 'colonel']",
1059,68,1059_blinding_heartless_lights_song,"['blinding', 'heartless', 'lights', 'song', 'billboard', 'week', 'chorus', 'tomorrow', 'synthwave', 'songs']",
1060,68,1060_fort_battle_1836_surrender,"['fort', 'battle', '1836', 'surrender', 'reinforcements', 'soldiers', 'stationed', 'artillery', 'san', 'retreated']",
1061,68,1061_touchdowns_cousins_interceptions_touchdown,"['touchdowns', 'cousins', 'interceptions', 'touchdown', 'yards', 'quarterback', 'interception', 'fumbles', 'fumble', 'cornerback']",
1062,68,1062_machines_computable_computational_machine,"['machines', 'computable', 'computational', 'machine', 'deterministic', 'computations', 'computation', 'computers', 'complexity', 'halting']",
1063,68,1063_creoles_creole_vernaculars_vernacular,"['creoles', 'creole', 'vernaculars', 'vernacular', 'lingua', 'pidgin', 'languages', 'language', 'linguistic', 'linguistics']",
1064,68,1064_endometriosis_endometrial_endometrium_uterus,"['endometriosis', 'endometrial', 'endometrium', 'uterus', 'menstruation', 'ovaries', 'menstrual', 'ovarian', 'cysts', 'pelvic']",
1065,68,1065_lin_undrafted_harden_assists,"['lin', 'undrafted', 'harden', 'assists', 'rebounds', 'basketball', 'scoring', 'waived', 'steals', 'athlete']",
1066,68,1066_pornography_porn_pornographic_playboy,"['pornography', 'porn', 'pornographic', 'playboy', 'affiliate', 'web', 'piracy', 'infringement', 'hosting', 'advertisements']",
1067,68,1067_panchayat_panchayats_elections_electoral,"['panchayat', 'panchayats', 'elections', 'electoral', 'election', 'parties', 'candidates', 'constituent', 'elected', 'candidate']",
1068,68,1068_stalker_filmmaker_cinematographer_director,"['stalker', 'filmmaker', 'cinematographer', 'director', 'cinematography', 'directed', 'film', 'films', 'screenplay', 'directors']",
1069,68,1069_loch_ness_sightings_sighting,"['loch', 'ness', 'sightings', 'sighting', 'folklore', 'boat', 'monster', 'binoculars', 'river', 'monsters']",
1070,68,1070_taco_tacos_restaurants_restaurant,"['taco', 'tacos', 'restaurants', 'restaurant', 'cafe', 'burritos', 'bell', 'stores', 'malls', 'grocery']",
1071,68,1071_absinthe_absinthes_herbs_cocktail,"['absinthe', 'absinthes', 'herbs', 'cocktail', 'distilled', 'prohibition', 'distillery', 'herbal', 'poisonous', 'liquor']",
1072,68,1072_resuscitation_defibrillation_defibrillator_cardiopulmonary,"['resuscitation', 'defibrillation', 'defibrillator', 'cardiopulmonary', 'cardiac', 'breaths', 'breathing', 'decompression', 'ventricular', 'rescuers']",
1073,68,1073_chancellor_secretary_minister_appointed,"['chancellor', 'secretary', 'minister', 'appointed', 'resigned', 'ministerial', 'cabinet', 'exchequer', 'constituency', 'resignation']",
1074,68,1074_defrauded_fraud_fraudulent_fraudster,"['defrauded', 'fraud', 'fraudulent', 'fraudster', 'whistleblower', 'prosecutors', 'indictment', 'testified', 'scam', 'securities']",
1075,68,1075_printing_printmaking_printers_printer,"['printing', 'printmaking', 'printers', 'printer', 'print', 'printed', 'paper', 'manuscripts', 'presses', 'renaissance']",
1076,68,1076_ancient_mediterranean_civilizations_archaeological,"['ancient', 'mediterranean', 'civilizations', 'archaeological', 'excavations', 'archaeologists', 'acropolis', 'civilization', 'pottery', 'earliest']",
1077,68,1077_dodo_dodos_fauna_birds,"['dodo', 'dodos', 'fauna', 'birds', 'species', 'extinct', 'bird', 'plumage', 'beaks', 'beak']",
1078,68,1078_brave_novel_novels_utopia,"['brave', 'novel', 'novels', 'utopia', 'utopian', 'literature', 'utopias', 'fiction', 'dystopian', 'futuristic']",
1079,68,1079_piccolo_dragon_kai_trunks,"['piccolo', 'dragon', 'kai', 'trunks', 'battle', 'gamma', 'fight', 'martial', 'battles', 'fighters']",
1080,68,1080_parachutes_parachute_skydiving_flight,"['parachutes', 'parachute', 'skydiving', 'flight', 'airlines', 'aircraft', 'bag', 'landed', 'hijacked', 'aviation']",
1081,68,1081_autonomy_independence_constituted_nationalism,"['autonomy', 'independence', 'constituted', 'nationalism', 'referendum', 'nationalist', 'nationalists', 'municipalities', 'constitutional', 'territorial']",
1082,68,1082_robots_robot_robotic_robotics,"['robots', 'robot', 'robotic', 'robotics', 'ai', 'laws', 'law', 'machines', 'artificial', 'programmed']",
1083,67,1083_tanks_tank_partisan_ideological,"['tanks', 'tank', 'partisan', 'ideological', 'think', 'strategic', 'policies', 'political', 'politics', 'institutions']",
1084,67,1084_pharaoh_archaeological_dynasty_sea,"['pharaoh', 'archaeological', 'dynasty', 'sea', 'dynasties', 'seafarers', 'chariots', 'mediterranean', 'invasions', 'rulers']",
1085,67,1085_hippie_hippies_hipster_hippy,"['hippie', 'hippies', 'hipster', 'hippy', 'counterculture', 'hip', 'activism', 'subculture', 'countercultural', 'lifestyle']",
1086,67,1086_inscriptions_inscription_epigraphy_taluk,"['inscriptions', 'inscription', 'epigraphy', 'taluk', 'ancient', 'texts', 'earliest', 'oldest', 'vernacular', 'languages']",
1087,67,1087_filmmaker_filmmaking_cinematographer_filmmakers,"['filmmaker', 'filmmaking', 'cinematographer', 'filmmakers', 'films', 'screenwriter', 'cinéma', 'cinema', 'film', 'cinematographic']",
1088,67,1088_celebrations_festivities_celebrated_traditions,"['celebrations', 'festivities', 'celebrated', 'traditions', 'mosque', 'holiday', 'festivals', 'festival', 'celebrating', 'holidays']",
1089,67,1089_hawking_physicist_cosmology_sciences,"['hawking', 'physicist', 'cosmology', 'sciences', 'marriage', 'universe', 'travelled', 'amyotrophic', 'physics', 'radiation']",
1090,67,1090_albums_songs_album_musical,"['albums', 'songs', 'album', 'musical', 'music', 'techno', 'musician', 'remixes', 'concert', 'vocals']",
1091,67,1091_pound_poet_poetry_poems,"['pound', 'poet', 'poetry', 'poems', 'literary', 'essays', 'pounds', 'poem', 'wrote', 'modernist']",
1092,67,1092_embryos_embryo_fertility_infertility,"['embryos', 'embryo', 'fertility', 'infertility', 'infertile', 'fertilization', 'embryology', 'conception', 'implantation', 'reproductive']",
1093,67,1093_satanic_satan_theology_devil,"['satanic', 'satan', 'theology', 'devil', 'atheism', 'church', 'paganism', 'occult', 'worshipers', 'esotericists']",
1094,67,1094_bombing_insurgency_bombings_overthrow,"['bombing', 'insurgency', 'bombings', 'overthrow', 'militants', 'governorate', 'terrorist', 'uprising', 'deposed', 'governorates']",
1095,67,1095_tribalism_nationalist_unrest_sovereignty,"['tribalism', 'nationalist', 'unrest', 'sovereignty', 'decolonization', 'riots', '1945', 'political', '1951', '1952']",
1096,67,1096_kibbutz_kibbutzim_kibbutzniks_founders,"['kibbutz', 'kibbutzim', 'kibbutzniks', 'founders', 'communities', 'enterprises', 'communalism', 'founded', 'farmers', 'capitalistic']",
1097,67,1097_priest_demonic_priestess_demon,"['priest', 'demonic', 'priestess', 'demon', 'demons', 'scarlet', 'sins', 'leviathan', 'gospels', 'incarnation']",
1098,67,1098_eclampsia_pregnancies_pregnancy_prenatal,"['eclampsia', 'pregnancies', 'pregnancy', 'prenatal', 'gestational', 'pregnant', 'hypertension', 'gestation', 'maternal', 'postpartum']",
1099,67,1099_riots_protests_protest_activism,"['riots', 'protests', 'protest', 'activism', 'activists', '1969', 'neighborhood', '1960s', 'riot', 'activist']",
1100,67,1100_hill_silent_sequel_remake,"['hill', 'silent', 'sequel', 'remake', 'gameplay', 'director', 'quest', 'games', 'darkness', 'homecoming']",
1101,67,1101_treaty_treaties_covenant_league,"['treaty', 'treaties', 'covenant', 'league', 'nations', 'conference', 'arbitration', 'allied', 'organization', '1919']",
1102,67,1102_prix_motorsport_racing_qualifying,"['prix', 'motorsport', 'racing', 'qualifying', 'grand', 'calendar', 'grands', 'laps', '2021', 'calendars']",
1103,67,1103_automotive_ab_automobile_automobiles,"['automotive', 'ab', 'automobile', 'automobiles', 'vehicle', 'manufacturer', 'vehicles', 'manufacture', 'ownership', 'brand']",
1104,67,1104_chamberlain_1945_minister_resigned,"['chamberlain', '1945', 'minister', 'resigned', '1940', 'appeasement', 'parliamentary', 'ministers', '1938', 'wartime']",
1105,67,1105_vegetarian_vegetarianism_veganism_vegetarians,"['vegetarian', 'vegetarianism', 'veganism', 'vegetarians', 'vegan', 'vegans', 'cruelty', 'activist', 'meatless', 'meat']",
1106,66,1106_dictator_dictatorship_fascism_fascist,"['dictator', 'dictatorship', 'fascism', 'fascist', 'authoritarian', 'regime', 'novo', '1932', 'anarchists', '1926']",
1107,66,1107_celiac_gluten_coeliac_wheat,"['celiac', 'gluten', 'coeliac', 'wheat', 'autoimmune', 'colitis', 'allergy', 'cholangitis', 'diseases', 'disease']",
1108,66,1108_ford_truck_trucks_chassis,"['ford', 'truck', 'trucks', 'chassis', 'jeep', 'pickups', 'ranger', 'wagon', 'pickup', 'vehicle']",
1109,66,1109_inkblots_inkblot_ink_psychometric,"['inkblots', 'inkblot', 'ink', 'psychometric', 'psychoanalytic', 'publication', 'psychologist', 'psychologists', 'diagnoses', 'pathology']",
1110,66,1110_crimson_guitarist_toured_guitars,"['crimson', 'guitarist', 'toured', 'guitars', 'bands', 'king', 'guitar', 'musicians', 'drums', 'musician']",
1111,66,1111_oblast_oblasts_governorates_province,"['oblast', 'oblasts', 'governorates', 'province', 'soviet', 'governed', 'municipalities', 'districts', 'raion', 'territories']",
1112,66,1112_radio_fm_stations_channels,"['radio', 'fm', 'stations', 'channels', 'broadcasts', 'broadcasting', 'broadcast', 'channel', 'telecast', 'station']",
1113,66,1113_1803_1763_treaty_ceded,"['1803', '1763', 'treaty', 'ceded', 'treaties', 'french', 'territory', '1802', '1762', 'colonial']",
1114,66,1114_nicotine_nicotinic_tobacco_cigarettes,"['nicotine', 'nicotinic', 'tobacco', 'cigarettes', 'cigarette', 'smoking', 'addiction', 'addictive', 'metabolite', 'vaping']",
1115,66,1115_flags_flag_sun_swastika,"['flags', 'flag', 'sun', 'swastika', 'emblem', 'navy', 'naval', 'ensign', 'red', 'prefecture']",
1116,66,1116_philosopher_philosophers_philosophy_philosophical,"['philosopher', 'philosophers', 'philosophy', 'philosophical', 'logician', 'epistemological', 'conceptual', 'atomism', 'mathematics', 'metaphysical']",
1117,66,1117_whataboutism_geopolitical_dissidents_propaganda,"['whataboutism', 'geopolitical', 'dissidents', 'propaganda', 'propagandists', 'soviet', 'authoritarianism', 'hypocrisy', 'journalist', 'motive']",
1118,66,1118_nirvana_grunge_album_band,"['nirvana', 'grunge', 'album', 'band', 'bands', 'bass', 'amp', 'indie', 'punk', 'frontman']",
1119,66,1119_proud_boys_protests_protesters,"['proud', 'boys', 'protests', 'protesters', 'demonstrators', 'boy', 'rallies', 'unite', 'members', 'participated']",
1120,66,1120_bands_slayer_thrash_band,"['bands', 'slayer', 'thrash', 'band', 'frontman', 'groove', 'riffs', 'guitars', 'guitarist', 'metal']",
1121,66,1121_scored_scoring_goal_penalty,"['scored', 'scoring', 'goal', 'penalty', 'goals', 'penalties', 'assists', 'dribbler', 'injury', 'footballer']",
1122,66,1122_turkey_terrorist_militants_terrorism,"['turkey', 'terrorist', 'militants', 'terrorism', 'militant', 'extremist', 'paramilitary', 'civilians', 'guerrilla', 'insurgency']",
1123,66,1123_shroud_crucified_crucifixion_burial,"['shroud', 'crucified', 'crucifixion', 'burial', 'sculpture', 'photographic', 'photographs', 'photograph', 'pope', 'photographer']",
1124,66,1124_blink_band_bands_182,"['blink', 'band', 'bands', '182', 'punk', 'toured', 'drummer', 'musically', 'album', 'touring']",
1125,65,1125_poet_poetry_poems_poem,"['poet', 'poetry', 'poems', 'poem', 'stanzas', 'lyrical', 'hai', 'verse', 'literature', 'poetic']",
1126,65,1126_racing_speed_chases_racer,"['racing', 'speed', 'chases', 'racer', 'pursuit', 'racers', 'games', 'gameplay', 'outrun', 'race']",
1127,65,1127_mansion_bedrooms_mansions_residence,"['mansion', 'bedrooms', 'mansions', 'residence', 'bedroom', 'house', 'penthouse', 'apartment', 'manor', 'estate']",
1128,65,1128_languages_multilingual_language_lingua,"['languages', 'multilingual', 'language', 'lingua', 'creole', 'bilingual', 'niger', 'dialects', 'speak', 'linguistic']",
1129,65,1129_espionage_spying_spy_informant,"['espionage', 'spying', 'spy', 'informant', 'investigator', 'investigators', 'convicted', 'correctional', 'counterintelligence', 'investigation']",
1130,65,1130_yoon_jung_scandal_prosecutors,"['yoon', 'jung', 'scandal', 'prosecutors', 'alleged', 'lee', 'prosecution', 'hyun', 'whistleblower', 'sentenced']",
1131,65,1131_1451_pasha_1477_1476,"['1451', 'pasha', '1477', '1476', '1475', '1457', 'sultan', '1456', '1459', '1461']",
1132,65,1132_burning_burners_organizers_attendees,"['burning', 'burners', 'organizers', 'attendees', 'gatherings', 'bonfire', 'organization', 'burned', 'campfires', 'participation']",
1133,65,1133_spartan_ancient_battle_invasion,"['spartan', 'ancient', 'battle', 'invasion', 'retreated', 'invaders', 'marched', 'barbarians', 'cavalry', 'rearguard']",
1134,65,1134_bell_telephone_telephones_inventor,"['bell', 'telephone', 'telephones', 'inventor', 'invention', 'inventors', 'patents', 'patented', 'patenting', 'patent']",
1135,65,1135_mathematician_mathematicians_mathematics_algebra,"['mathematician', 'mathematicians', 'mathematics', 'algebra', 'arithmetical', 'algebraic', 'geometric', 'geometry', 'geometrical', 'arithmetic']",
1136,65,1136_restaurants_restaurant_chefs_culinary,"['restaurants', 'restaurant', 'chefs', 'culinary', 'cuisines', 'chef', 'cuisine', 'restaurateurs', 'establishments', 'eateries']",
1137,65,1137_restaurants_customers_restaurant_burger,"['restaurants', 'customers', 'restaurant', 'burger', 'franchisees', 'shop', 'franchises', 'coffee', 'donuts', 'franchisee']",
1138,65,1138_misfits_albums_bands_band,"['misfits', 'albums', 'bands', 'band', 'toured', 'drums', 'album', 'songs', 'unreleased', 'musically']",
1139,65,1139_rationalism_rationalisation_rationalization_rationality,"['rationalism', 'rationalisation', 'rationalization', 'rationality', 'philosophy', 'sociologist', 'sociologists', 'rational', 'capitalist', 'sociological']",
1140,65,1140_paintings_artworks_gallery_painting,"['paintings', 'artworks', 'gallery', 'painting', 'exhibitions', 'artists', 'exhibition', 'art', 'artist', 'exhibited']",
1141,65,1141_dan_sitcom_cast_spinoff,"['dan', 'sitcom', 'cast', 'spinoff', 'remarrying', 'frontrunners', 'episode', 'tom', 'primetime', 'discovers']",
1142,65,1142_vocals_remixes_albums_chorus,"['vocals', 'remixes', 'albums', 'chorus', 'album', 'charted', 'song', 'songs', 'peaked', 'lyrics']",
1143,65,1143_casualties_fatalities_deaths_mortality,"['casualties', 'fatalities', 'deaths', 'mortality', 'insurgents', 'civilians', 'estimates', 'insurgency', 'bombings', 'casualty']",
1144,65,1144_gaming_retailers_games_retailer,"['gaming', 'retailers', 'games', 'retailer', 'gamers', 'retail', 'store', 'game', 'stores', 'buying']",
1145,65,1145_tales_literature_tale_manuscripts,"['tales', 'literature', 'tale', 'manuscripts', 'testament', 'prose', 'manuscript', 'literary', 'storytelling', 'medieval']",
1146,64,1146_deposed_presidency_presidential_ousted,"['deposed', 'presidency', 'presidential', 'ousted', 'elections', 'election', 'electoral', 'elected', 'reelected', 'president']",
1147,64,1147_citizenship_passport_territories_residency,"['citizenship', 'passport', 'territories', 'residency', 'sovereign', 'commonwealth', 'nationality', 'territory', 'islands', 'foreigners']",
1148,64,1148_optimization_algorithms_optimal_algorithm,"['optimization', 'algorithms', 'optimal', 'algorithm', 'optimality', 'heuristics', 'edges', 'vertex', 'constraints', 'minimize']",
1149,64,1149_sentenced_imprisonment_convicted_pardoned,"['sentenced', 'imprisonment', 'convicted', 'pardoned', 'judiciary', 'prosecutors', 'unconstitutional', 'prosecutor', 'indicted', 'corruption']",
1150,64,1150_caterpillar_diesel_manufacturer_manufacturing,"['caterpillar', 'diesel', 'manufacturer', 'manufacturing', 'tractors', 'factory', 'industries', 'tractor', 'engines', 'trucks']",
1151,64,1151_hub_sci_lawsuit_scholarly,"['hub', 'sci', 'lawsuit', 'scholarly', 'plaintiffs', 'publishers', 'researchers', 'org', 'publishing', 'infringement']",
1152,64,1152_neolithic_stone_stones_excavations,"['neolithic', 'stone', 'stones', 'excavations', 'archaeologists', 'mounds', 'archaeology', 'excavation', 'archaeological', 'sandstone']",
1153,64,1153_coordinates_coordinate_axes_axis,"['coordinates', 'coordinate', 'axes', 'axis', 'longitude', 'geometry', 'quadrants', 'perpendicular', 'quadrant', 'azimuthal']",
1154,64,1154_lingerie_secret_retailer_apparel,"['lingerie', 'secret', 'retailer', 'apparel', 'retail', 'vogue', 'fashion', 'underwear', 'brands', 'swimwear']",
1155,64,1155_biodiversity_extinction_extinctions_ecosystem,"['biodiversity', 'extinction', 'extinctions', 'ecosystem', 'ecological', 'ecosystems', 'extinct', 'sustainable', 'conservation', 'ecologically']",
1156,64,1156_pearl_jam_concert_toured,"['pearl', 'jam', 'concert', 'toured', 'albums', 'guitar', 'guitarist', 'songs', 'band', 'guitarists']",
1157,64,1157_tesseract_polytopes_hexagonal_squares,"['tesseract', 'polytopes', 'hexagonal', 'squares', 'cubes', 'polyhedra', 'polygon', 'tetrahedron', 'fractals', 'square']",
1158,64,1158_devices_pairing_paired_protocol,"['devices', 'pairing', 'paired', 'protocol', 'device', 'connecting', '802', 'phones', 'protocols', 'wireless']",
1159,64,1159_tsar_tsarina_empress_1917,"['tsar', 'tsarina', 'empress', '1917', 'duchess', 'duchesses', 'assassinated', 'grand', 'conspirators', 'aristocracy']",
1160,64,1160_neighbourhoods_khan_mosques_urban,"['neighbourhoods', 'khan', 'mosques', 'urban', 'municipal', 'city', 'mall', 'walled', 'walls', 'town']",
1161,64,1161_assassination_colonel_secessionist_martyr,"['assassination', 'colonel', 'secessionist', 'martyr', 'secession', 'coup', 'massacres', 'executed', 'secessionists', 'soviets']",
1162,64,1162_skater_skaters_skating_skate,"['skater', 'skaters', 'skating', 'skate', 'olympic', 'medalist', 'medals', 'competed', 'medal', 'compete']",
1163,64,1163_durations_duration_decoding_transmissions,"['durations', 'duration', 'decoding', 'transmissions', 'milliseconds', 'transmit', 'telegraphy', 'telegraph', 'communications', 'coding']",
1164,64,1164_retailers_retailer_retailing_retail,"['retailers', 'retailer', 'retailing', 'retail', 'thanksgiving', 'shopping', 'shoppers', 'holiday', 'shop', 'sales']",
1165,64,1165_panther_panthers_activists_activist,"['panther', 'panthers', 'activists', 'activist', 'antiwar', 'championed', 'protest', '1969', 'fascism', 'revolutionary']",
1166,64,1166_spironolactone_progesterone_antiandrogenic_aldosterone,"['spironolactone', 'progesterone', 'antiandrogenic', 'aldosterone', 'antiandrogen', 'dosage', 'androgens', 'pharmacokinetics', 'medications', 'steroidal']",
1167,64,1167_unrest_uprising_protests_overthrow,"['unrest', 'uprising', 'protests', 'overthrow', 'protesters', 'assassination', 'activists', 'revolution', 'demonstrators', 'sheikh']",
1168,64,1168_tower_survivors_towers_911,"['tower', 'survivors', 'towers', '911', 'evacuated', 'survived', 'demolition', 'evacuations', 'evacuation', 'crash']",
1169,64,1169_venture_ventures_investors_entrepreneurship,"['venture', 'ventures', 'investors', 'entrepreneurship', 'entrepreneurs', 'investor', 'entrepreneur', 'investments', 'investment', 'firms']",
1170,64,1170_sentencing_convicted_conviction_prosecution,"['sentencing', 'convicted', 'conviction', 'prosecution', 'jurors', 'indictment', 'testified', 'allegations', 'crimes', 'molester']",
1171,64,1171_exotic_tiger_zoo_zookeeper,"['exotic', 'tiger', 'zoo', 'zookeeper', 'wildlife', 'documentary', 'documentaries', 'cage', 'stunt', 'king']",
1172,64,1172_attacks_botnet_firewalls_exploits,"['attacks', 'botnet', 'firewalls', 'exploits', 'attackers', 'dos', 'attacker', 'attack', 'vulnerabilities', 'firewall']",
1173,63,1173_bridges_bridge_infantry_bridged,"['bridges', 'bridge', 'infantry', 'bridged', 'artillery', 'division', '1944', 'allied', 'regiment', 'bridgehead']",
1174,63,1174_paintings_painting_auctioned_auction,"['paintings', 'painting', 'auctioned', 'auction', 'painted', 'price', 'auctions', 'artwork', 'sale', 'auctioneer']",
1175,63,1175_islands_archipelago_sovereignty_island,"['islands', 'archipelago', 'sovereignty', 'island', 'atoll', 'atolls', 'jurisdiction', 'territory', 'decolonisation', 'nations']",
1176,63,1176_cameo_cast_stunts_castmates,"['cameo', 'cast', 'stunts', 'castmates', 'aired', 'stunt', 'comedy', 'filmed', 'tv', 'movie']",
1177,63,1177_stagecoach_outlaw_murderer_marshal,"['stagecoach', 'outlaw', 'murderer', 'marshal', 'gunfighter', 'sheriff', '1876', 'killed', 'gambler', 'cavalryman']",
1178,63,1178_protesting_protests_protest_activism,"['protesting', 'protests', 'protest', 'activism', 'climate', 'activist', 'warming', 'activists', 'protested', 'strike']",
1179,63,1179_billing_provider_customers_customer,"['billing', 'provider', 'customers', 'customer', 'subscribers', 'broadband', 'accounts', 'users', 'modem', 'free']",
1180,63,1180_archipelagos_territories_islands_island,"['archipelagos', 'territories', 'islands', 'island', 'countries', 'country', 'municipalities', 'municipality', 'governed', 'diocese']",
1181,63,1181_deer_hunter_filmmaking_screenplay,"['deer', 'hunter', 'filmmaking', 'screenplay', 'film', 'films', 'actor', 'directing', 'director', 'godfather']",
1182,63,1182_apps_apple_app_voice,"['apps', 'apple', 'app', 'voice', 'devices', 'blackberry', 'device', 'voices', 'privacy', 'audio']",
1183,63,1183_paintings_painting_artworks_artist,"['paintings', 'painting', 'artworks', 'artist', 'art', 'paint', 'portrait', 'painted', 'mundi', 'exhibited']",
1184,63,1184_buses_midlands_railway_railways,"['buses', 'midlands', 'railway', 'railways', 'trains', 'trams', 'bus', 'tramways', 'stations', 'train']",
1185,63,1185_sonic_hedgehog_supersonic_tails,"['sonic', 'hedgehog', 'supersonic', 'tails', 'voiced', 'knuckles', '2022', 'cutscenes', 'paramount', 'cinematics']",
1186,63,1186_memes_meme_4chan_intertextuality,"['memes', 'meme', '4chan', 'intertextuality', 'satirical', 'blogs', 'parody', 'humor', 'examples', 'parodies']",
1187,63,1187_khanate_khan_khanates_khans,"['khanate', 'khan', 'khanates', 'khans', 'sultanate', 'conquered', 'dynasties', 'dynasty', 'conqueror', 'horde']",
1188,63,1188_orthodox_orthodoxy_religiosity_religions,"['orthodox', 'orthodoxy', 'religiosity', 'religions', 'catholic', 'secular', 'adherents', 'churches', 'protestant', 'church']",
1189,63,1189_shuttle_spacecraft_orbiters_orbiter,"['shuttle', 'spacecraft', 'orbiters', 'orbiter', 'astronauts', 'orbit', 'atmosphere', 'endeavour', 'challenger', 'foam']",
1190,63,1190_anarchists_anarchist_anarchism_anarchy,"['anarchists', 'anarchist', 'anarchism', 'anarchy', 'socialists', 'anarcho', 'authoritarianism', 'ideologies', 'libertarian', 'socialist']",
1191,62,1191_brands_brand_companies_company,"['brands', 'brand', 'companies', 'company', 'bottled', 'milk', 'products', 'foods', 'breastfeeding', 'confectionery']",
1192,62,1192_shares_invested_stock_investor,"['shares', 'invested', 'stock', 'investor', 'holdings', 'invest', 'stocks', 'investment', 'companies', 'investments']",
1193,62,1193_cricket_cricketers_stadium_cricketing,"['cricket', 'cricketers', 'stadium', 'cricketing', 'stadiums', 'badminton', 'matches', 'sporting', 'tournament', 'tennis']",
1194,62,1194_mayor_mayors_mayoral_mayoralty,"['mayor', 'mayors', 'mayoral', 'mayoralty', 'governor', 'elected', 'reelection', 'municipal', 'candidates', 'incumbent']",
1195,62,1195_mac_office_os_versions,"['mac', 'office', 'os', 'versions', 'version', 'releases', 'software', 'formats', 'outlook', 'windows']",
1196,62,1196_diary_diaries_manuscript_frank,"['diary', 'diaries', 'manuscript', 'frank', 'editions', 'holocaust', '1944', 'publication', 'publisher', '1942']",
1197,62,1197_patsy_singer_singing_melody,"['patsy', 'singer', 'singing', 'melody', 'vocalists', 'songs', 'artist', 'music', 'billboard', 'song']",
1198,62,1198_networking_packet_network_internetworking,"['networking', 'packet', 'network', 'internetworking', 'protocols', 'protocol', 'telecommunication', 'networks', 'communications', 'technologies']",
1199,62,1199_borscht_recipes_recipe_cuisines,"['borscht', 'recipes', 'recipe', 'cuisines', 'cuisine', 'sauerkraut', 'polish', 'beetroots', 'beetroot', 'soups']",
1200,62,1200_gulag_prisoners_camps_prisons,"['gulag', 'prisoners', 'camps', 'prisons', 'inmates', 'soviet', 'detention', 'convicts', 'camp', 'prison']",
1201,62,1201_philanthropist_philanthropy_philanthropists_philanthropic,"['philanthropist', 'philanthropy', 'philanthropists', 'philanthropic', 'financier', 'founder', 'foundation', 'fund', 'funders', 'wealth']",
1202,62,1202_chapters_chapter_novels_paperback,"['chapters', 'chapter', 'novels', 'paperback', 'books', 'book', 'novel', 'booklets', 'tales', 'fiction']",
1203,62,1203_hybrids_hybrid_ev_corolla,"['hybrids', 'hybrid', 'ev', 'corolla', 'vehicles', 'sales', 'cars', 'car', 'vehicle', 'hydride']",
1204,62,1204_hospice_hospices_palliative_caregiving,"['hospice', 'hospices', 'palliative', 'caregiving', 'caregivers', 'dying', 'caregiver', 'carers', 'care', 'hospital']",
1205,62,1205_mithraeum_mithraea_rituals_temples,"['mithraeum', 'mithraea', 'rituals', 'temples', 'ritual', 'cults', 'inscriptions', 'altars', 'pagan', 'monuments']",
1206,62,1206_witches_witch_spells_spellbound,"['witches', 'witch', 'spells', 'spellbound', 'comics', 'comic', 'sitcom', 'magic', 'adventures', 'spell']",
1207,62,1207_android_smartphone_smartphones_apps,"['android', 'smartphone', 'smartphones', 'apps', 'nexus', 'mobile', 'tablet', 'devices', 'phones', 'app']",
1208,62,1208_electronics_appliances_manufacturer_subsidiaries,"['electronics', 'appliances', 'manufacturer', 'subsidiaries', 'brand', 'appliance', 'industrial', 'corporation', 'subsidiary', 'company']",
1209,62,1209_chess_tournaments_tournament_grandmaster,"['chess', 'tournaments', 'tournament', 'grandmaster', 'grandmasters', 'championship', 'quarterfinal', 'champion', 'matches', 'championships']",
1210,62,1210_slaughterhouse_novelist_novels_writer,"['slaughterhouse', 'novelist', 'novels', 'writer', 'nonfiction', 'bestseller', 'fiction', 'literary', 'novel', 'darkly']",
1211,62,1211_sequels_ash_trilogy_evil,"['sequels', 'ash', 'trilogy', 'evil', 'sequel', 'darkness', 'remake', 'ghost', 'supernatural', 'possessed']",
1212,62,1212_caffeine_caffeinated_drowsiness_coffee,"['caffeine', 'caffeinated', 'drowsiness', 'coffee', 'intoxication', 'restlessness', 'beverages', 'dopamine', 'stimulant', 'addiction']",
1213,62,1213_electors_electoral_elector_elects,"['electors', 'electoral', 'elector', 'elects', 'elections', 'ballots', 'elect', 'elected', 'electing', 'balloting']",
1214,62,1214_newscast_reporters_reporter_journalism,"['newscast', 'reporters', 'reporter', 'journalism', '1963', 'news', 'journalist', 'broadcast', 'newsman', 'newsworthy']",
1215,62,1215_caliph_ibn_caliphs_al,"['caliph', 'ibn', 'caliphs', 'al', 'caliphate', 'emir', 'shah', 'din', 'sultan', 'governorate']",
1216,62,1216_democrat_democrats_republican_reelection,"['democrat', 'democrats', 'republican', 'reelection', 'caucus', 'republicans', 'senator', 'democratic', 'election', 'bipartisan']",
1217,62,1217_þáttr_saga_throne_sagas,"['þáttr', 'saga', 'throne', 'sagas', 'skaldic', 'king', 'kingdoms', 'inherited', 'grandson', 'medieval']",
1218,62,1218_dune_screenplay_director_cast,"['dune', 'screenplay', 'director', 'cast', 'sequels', 'lynch', 'directing', 'sequel', 'film', 'premiere']",
1219,62,1219_colonies_niger_guinea_colonial,"['colonies', 'niger', 'guinea', 'colonial', 'colonialist', 'colony', 'ivory', 'protectorate', 'protectorates', 'equatorial']",
1220,61,1220_turtle_turtles_ninja_mutant,"['turtle', 'turtles', 'ninja', 'mutant', 'cartoon', 'franchise', 'mutants', 'daredevil', 'miniseries', 'comics']",
1221,61,1221_pins_pin_pinning_feed,"['pins', 'pin', 'pinning', 'feed', 'ads', 'catalogs', 'content', 'advertises', 'sites', 'app']",
1222,61,1222_poetry_rhyme_stanzas_poems,"['poetry', 'rhyme', 'stanzas', 'poems', 'rhymes', 'poetics', 'poets', 'poet', 'poem', 'stanza']",
1223,61,1223_automotive_presenter_rover_bbc,"['automotive', 'presenter', 'rover', 'bbc', 'driving', 'car', 'tabloid', 'cars', 'presenters', 'gear']",
1224,61,1224_tennis_doubles_singles_tournaments,"['tennis', 'doubles', 'singles', 'tournaments', 'quarterfinal', 'tournament', 'quarterfinals', 'semifinals', 'semifinal', 'finals']",
1225,61,1225_bean_teddy_episodes_sitcom,"['bean', 'teddy', 'episodes', 'sitcom', 'diary', 'sitcoms', 'scrapbook', 'bbc', 'episode', 'comedian']",
1226,61,1226_magnetism_magnetic_electromagnetism_magnetization,"['magnetism', 'magnetic', 'electromagnetism', 'magnetization', 'magnet', 'magnetizing', 'magnetized', 'poles', 'magnets', 'electromagnetic']",
1227,61,1227_abolitionist_abolitionists_slavery_1850s,"['abolitionist', 'abolitionists', 'slavery', '1850s', 'slaves', 'slaveholders', 'slave', '1859', 'enslaved', 'confederate']",
1228,61,1228_1451_1453_1456_1452,"['1451', '1453', '1456', '1452', 'siege', 'crusade', '1481', 'conquered', 'conqueror', 'battle']",
1229,61,1229_raider_consoles_uncharted_tomb,"['raider', 'consoles', 'uncharted', 'tomb', 'tombs', 'edition', 'sequel', 'released', 'release', 'gameplay']",
1230,61,1230_insurgents_insurgency_troops_insurgent,"['insurgents', 'insurgency', 'troops', 'insurgent', 'war', 'invasion', 'gulf', 'combat', 'terrorism', 'soldiers']",
1231,61,1231_annexation_annexed_annexing_refugees,"['annexation', 'annexed', 'annexing', 'refugees', '1948', '1947', 'ceded', 'territory', 'west', 'territories']",
1232,61,1232_conferences_talks_presentations_livestreams,"['conferences', 'talks', 'presentations', 'livestreams', 'conference', 'channel', 'attendees', 'videos', 'org', 'sponsorships']",
1233,61,1233_awards_idol_nominations_sang,"['awards', 'idol', 'nominations', 'sang', 'songs', 'singing', 'nominated', 'entertainer', 'award', 'billboard']",
1234,61,1234_epoch_gong_times_reporters,"['epoch', 'gong', 'times', 'reporters', 'journalism', 'newspapers', 'publishes', 'newspaper', 'affiliated', 'reporter']",
1235,61,1235_goths_gothic_archaeologists_ancient,"['goths', 'gothic', 'archaeologists', 'ancient', 'romanized', 'medieval', 'roman', 'vandals', 'excavations', 'origins']",
1236,61,1236_warriors_blazers_rockets_76ers,"['warriors', 'blazers', 'rockets', '76ers', 'hawks', 'basketball', 'spurs', 'franchise', 'hornets', 'clippers']",
1237,61,1237_milk_milkshake_mayor_foster,"['milk', 'milkshake', 'mayor', 'foster', '1978', 'politician', 'visionary', 'speeches', 'san', 'billboards']",
1238,61,1238_librarian_library_libraries_librarians,"['librarian', 'library', 'libraries', 'librarians', 'congress', 'bibliographic', 'archive', 'legislative', 'congressional', 'books']",
1239,60,1239_gerrymandering_gerrymander_gerrymandered_redistricting,"['gerrymandering', 'gerrymander', 'gerrymandered', 'redistricting', 'constituencies', 'elections', 'districts', 'partisan', 'partisanship', 'voters']",
1240,60,1240_bitcoin_bitcoins_cryptocurrencies_cryptocurrency,"['bitcoin', 'bitcoins', 'cryptocurrencies', 'cryptocurrency', 'currencies', 'currency', 'crypto', 'blockchain', 'legality', 'banking']",
1241,60,1241_meditations_ashram_meditation_yoga,"['meditations', 'ashram', 'meditation', 'yoga', 'buddha', 'spiritualism', 'therapies', 'therapy', 'spirituality', 'spiritual']",
1242,60,1242_turret_tanks_ammunition_turrets,"['turret', 'tanks', 'ammunition', 'turrets', 'cupolas', 'ordnance', 'caliber', 'cupola', 'tank', 'gun']",
1243,60,1243_heterochromia_pigmentation_pigment_pigments,"['heterochromia', 'pigmentation', 'pigment', 'pigments', 'coloration', 'pigmented', 'irises', 'yellowish', 'pupil', 'melanin']",
1244,60,1244_libraries_library_archives_periodicals,"['libraries', 'library', 'archives', 'periodicals', 'books', 'manuscripts', 'journals', 'archive', 'shelving', 'databases']",
1245,60,1245_gear_presenter_presenters_motorsport,"['gear', 'presenter', 'presenters', 'motorsport', 'snowmobile', 'helmet', 'debuting', 'stunt', 'prix', 'bbc']",
1246,60,1246_crusade_crusaders_crusader_1179,"['crusade', 'crusaders', 'crusader', '1179', '1177', '1174', '1176', 'besieged', '1181', '1187']",
1247,60,1247_shamanism_shamans_shaman_shamanistic,"['shamanism', 'shamans', 'shaman', 'shamanistic', 'shamanic', 'spirits', 'spiritual', 'anthropological', 'rituals', 'spirit']",
1248,60,1248_panther_pink_films_film,"['panther', 'pink', 'films', 'film', 'thief', 'cameo', '1983', '1982', 'inspector', 'directing']",
1249,60,1249_ghost_ghosts_haunted_sequels,"['ghost', 'ghosts', 'haunted', 'sequels', 'films', 'screenplay', 'film', 'supernatural', 'sequel', 'cast']",
1250,60,1250_marketing_advertising_market_consumers,"['marketing', 'advertising', 'market', 'consumers', 'consumer', 'marketers', 'markets', 'customers', 'promotional', 'business']",
1251,60,1251_1773_tea_colonists_colonies,"['1773', 'tea', 'colonists', 'colonies', 'taxation', '1776', 'colonial', '1765', 'colony', '1763']",
1252,60,1252_eyewitnesses_retraction_biographers_historians,"['eyewitnesses', 'retraction', 'biographers', 'historians', 'writings', 'historian', 'reiterate', 'catholic', 'authenticity', 'unadorned']",
1253,60,1253_cookbook_cookbooks_recipes_chef,"['cookbook', 'cookbooks', 'recipes', 'chef', 'recipe', 'chefs', 'culinary', 'cooking', 'cooks', 'cook']",
1254,60,1254_boxer_boxers_martial_rebellion,"['boxer', 'boxers', 'martial', 'rebellion', 'fought', 'emperor', 'fighting', 'yuan', 'fists', 'besieged']",
1255,60,1255_pseudonym_masked_jailed_prisoner,"['pseudonym', 'masked', 'jailed', 'prisoner', 'imprisoned', 'incarcerated', 'jailer', 'mask', 'prisoners', '1659']",
1256,60,1256_slavery_slaves_enslaved_paternity,"['slavery', 'slaves', 'enslaved', 'paternity', 'genealogical', 'descendant', 'inherited', 'slave', 'siblings', '1850s']",
1257,60,1257_hadiths_hadith_ḥadīth_ibn,"['hadiths', 'hadith', 'ḥadīth', 'ibn', 'imam', 'prophet', 'verses', 'ijtihad', 'sects', 'shahada']",
1258,60,1258_elections_election_electoral_democratic,"['elections', 'election', 'electoral', 'democratic', 'candidates', 'reelection', 'voters', 'elected', 'candidate', 'democracy']",
1259,60,1259_treatises_rabbis_textual_commentaries,"['treatises', 'rabbis', 'textual', 'commentaries', 'rabbinic', 'writings', 'rabbi', 'biblical', 'halakha', 'bible']",
1260,60,1260_feminism_feminist_atheism_feminists,"['feminism', 'feminist', 'atheism', 'feminists', 'gender', 'queer', 'theologian', 'feminine', 'butler', 'theorist']",
1261,60,1261_boxing_punches_martial_fights,"['boxing', 'punches', 'martial', 'fights', 'heavyweight', 'opponent', 'wrestle', 'rematch', 'kickboxing', 'fighters']",
1262,60,1262_modularity_mathematician_conjecture_mathematicians,"['modularity', 'mathematician', 'conjecture', 'mathematicians', 'modular', 'elliptic', 'mathematics', 'theorem', 'proofs', 'theory']",
1263,60,1263_1775_1780_1778_1779,"['1775', '1780', '1778', '1779', 'militia', 'loyalist', '1776', 'traitor', 'loyalists', '1777']",
1264,59,1264_hypothesis_hypotheses_statistic_statistics,"['hypothesis', 'hypotheses', 'statistic', 'statistics', 'tests', 'statistical', 'statisticians', 'testing', 'test', 'significance']",
1265,59,1265_orphanage_doors_disappearance_door,"['orphanage', 'doors', 'disappearance', 'door', 'detectives', 'investigators', 'suspect', 'abduction', 'balcony', 'apartment']",
1266,59,1266_fairy_puppet_donkey_snail,"['fairy', 'puppet', 'donkey', 'snail', 'puppeteer', 'donkeys', 'swallowed', 'monster', 'unselfish', 'marionette']",
1267,59,1267_doomsday_sequel_gameplay_multiplayer,"['doomsday', 'sequel', 'gameplay', 'multiplayer', 'dawn', 'games', 'game', 'creed', 'far', 'franchise']",
1268,59,1268_afar_militias_ceasefire_humanitarian,"['afar', 'militias', 'ceasefire', 'humanitarian', 'stationed', 'troops', 'hostilities', 'mobilization', 'recaptured', 'militia']",
1269,59,1269_tennis_slams_doubles_quarterfinal,"['tennis', 'slams', 'doubles', 'quarterfinal', 'tournaments', 'quarterfinals', 'semifinal', 'singles', 'semifinals', 'tournament']",
1270,59,1270_barricades_barricade_escape_escapes,"['barricades', 'barricade', 'escape', 'escapes', 'murderer', 'soldier', 'confronts', 'dies', 'threatens', 'confesses']",
1271,59,1271_jong_heir_eldest_successor,"['jong', 'heir', 'eldest', 'successor', 'hyun', 'successors', 'youngest', 'grandfather', 'leader', 'assassinated']",
1272,59,1272_firearm_firearms_handgun_guns,"['firearm', 'firearms', 'handgun', 'guns', 'gun', 'rifles', 'shooting', 'rifle', 'enforcement', 'ammunition']",
1273,59,1273_colonists_colony_colonies_settlers,"['colonists', 'colony', 'colonies', 'settlers', 'voyage', 'sailed', 'expeditions', 'colonize', 'expedition', 'explored']",
1274,59,1274_nazi_1932_1938_triumph,"['nazi', '1932', '1938', 'triumph', '1934', '1933', 'propaganda', '1935', 'filmmaking', 'postwar']",
1275,59,1275_retailer_groceries_mart_store,"['retailer', 'groceries', 'mart', 'store', 'closing', 'mall', 'retail', 'closings', 'stores', 'liquidation']",
1276,59,1276_photosynthesis_photosynthetic_respiration_chloroplasts,"['photosynthesis', 'photosynthetic', 'respiration', 'chloroplasts', 'chlorophyll', 'photosystem', 'oxygen', 'plants', 'cyanobacteria', 'cyanobacterial']",
1277,59,1277_mission_missions_sequel_cruise,"['mission', 'missions', 'sequel', 'cruise', 'fallout', 'paramount', 'spy', 'film', 'cast', 'espionage']",
1278,59,1278_rainbow_rainbows_violet_colours,"['rainbow', 'rainbows', 'violet', 'colours', 'refraction', 'optics', 'monochrome', 'optical', 'visible', 'wavelength']",
1279,59,1279_hitchhiker_novels_hitchhiking_paperback,"['hitchhiker', 'novels', 'hitchhiking', 'paperback', 'hitch', 'books', 'book', 'novel', 'guide', 'galaxy']",
1280,59,1280_paintings_painter_painting_artists,"['paintings', 'painter', 'painting', 'artists', 'exhibitions', 'surrealist', 'surrealists', 'exhibition', 'artistic', 'gallery']",
1281,59,1281_tributaries_tributary_headwaters_river,"['tributaries', 'tributary', 'headwaters', 'river', 'lake', 'lakes', 'watershed', 'rivers', 'basins', 'niger']",
1282,59,1282_soccer_football_players_games,"['soccer', 'football', 'players', 'games', 'leagues', 'sports', 'gameplay', 'tournament', 'teams', 'premier']",
1283,59,1283_regiment_cavalry_infantry_battalions,"['regiment', 'cavalry', 'infantry', 'battalions', 'retreated', 'artillery', 'battalion', 'brigades', 'flanks', 'armies']",
1284,59,1284_ontological_ontology_ontologically_ontologies,"['ontological', 'ontology', 'ontologically', 'ontologies', 'categories', 'entities', 'concepts', 'category', 'categorical', 'hierarchical']",
1285,59,1285_flags_parks_resorts_rebranded,"['flags', 'parks', 'resorts', 'rebranded', 'mascot', 'park', 'branding', 'attractions', 'coaster', 'rollercoaster']",
1286,59,1286_sentenced_convicted_arson_crimes,"['sentenced', 'convicted', 'arson', 'crimes', 'arsons', 'inmate', 'arrested', 'prison', 'parole', 'murder']",
1287,59,1287_art_artistic_artists_modernist,"['art', 'artistic', 'artists', 'modernist', 'surrealists', 'surrealism', 'manifestos', 'poetry', 'originators', 'literature']",
1288,59,1288_shamrock_wrestled_rematch_punches,"['shamrock', 'wrestled', 'rematch', 'punches', 'fighters', 'clinch', 'fought', 'heavyweight', 'fight', 'wrestling']",
1289,58,1289_broadcasting_stations_broadcasts_channels,"['broadcasting', 'stations', 'broadcasts', 'channels', 'broadcast', 'radio', 'channel', 'broadcasters', 'station', 'fm']",
1290,58,1290_printers_printer_prints_printing,"['printers', 'printer', 'prints', 'printing', 'inkjet', 'printouts', 'print', 'ink', 'paper', 'manufactures']",
1291,58,1291_traders_colonial_trading_monopolise,"['traders', 'colonial', 'trading', 'monopolise', '1609', 'fleet', '1640', 'archipelago', 'companies', 'smuggling']",
1292,58,1292_violin_violins_violinists_violinist,"['violin', 'violins', 'violinists', 'violinist', 'instrument', 'strings', 'viola', 'instruments', 'cello', 'string']",
1293,58,1293_mythological_prophecy_patricide_prophet,"['mythological', 'prophecy', 'patricide', 'prophet', 'oracles', 'oracle', 'fated', 'prophesied', 'exiled', 'servant']",
1294,58,1294_offside_officiating_penalty_penalties,"['offside', 'officiating', 'penalty', 'penalties', 'opponents', 'defender', 'outs', 'offence', 'onside', 'opponent']",
1295,58,1295_candidates_candidate_minister_election,"['candidates', 'candidate', 'minister', 'election', 'elected', 'resigned', 'ministers', 'ministership', 'unopposed', 'deputy']",
1296,58,1296_cyclists_cyclist_cycling_tour,"['cyclists', 'cyclist', 'cycling', 'tour', 'riders', 'tours', 'rider', 'racing', 'bicycles', 'bicycle']",
1297,58,1297_hello_greeting_cat_cuteness,"['hello', 'greeting', 'cat', 'cuteness', 'ukiyo', 'shōjo', 'hamster', 'cute', 'preteen', 'themed']",
1298,58,1298_investigation_jury_coroner_tabloid,"['investigation', 'jury', 'coroner', 'tabloid', 'alleged', 'verdict', 'murdered', 'princess', 'verdicts', 'evidence']",
1299,58,1299_jong_yong_hui_taek,"['jong', 'yong', 'hui', 'taek', 'ko', 'child', 'birth', 'reportedly', 'birthdate', 'nam']",
1300,58,1300_terrorism_terrorist_terrorists_terror,"['terrorism', 'terrorist', 'terrorists', 'terror', 'bombings', 'bombing', 'threat', 'explosives', 'violence', 'peacefulness']",
1301,58,1301_compass_compasses_magnetometers_geomagnetic,"['compass', 'compasses', 'magnetometers', 'geomagnetic', 'magnetic', 'cartographers', 'orientation', 'magnetism', 'azimuth', 'readings']",
1302,58,1302_famine_crops_agrarian_agricultural,"['famine', 'crops', 'agrarian', 'agricultural', 'farmers', 'starvation', 'communist', 'peasants', 'industrialization', 'starving']",
1303,58,1303_etymology_isles_conquered_isle,"['etymology', 'isles', 'conquered', 'isle', 'mainland', 'north', 'invaded', 'romanised', 'northern', 'islands']",
1304,58,1304_guitarists_band_toured_bands,"['guitarists', 'band', 'toured', 'bands', 'fronted', 'songs', 'songwriter', 'vocals', 'guitarist', 'album']",
1305,58,1305_retailers_seven_shops_stores,"['retailers', 'seven', 'shops', 'stores', 'store', 'shop', 'storefront', 'retail', 'customers', '11']",
1306,58,1306_polygamists_polygamous_polygamist_polygamy,"['polygamists', 'polygamous', 'polygamist', 'polygamy', 'marriages', 'marriage', 'missionaries', 'denominations', 'wives', 'smith']",
1307,58,1307_cosmos_astronomers_astronomer_astronomy,"['cosmos', 'astronomers', 'astronomer', 'astronomy', 'astronomical', 'planets', 'scientist', 'sciences', 'scientists', 'telescope']",
1308,58,1308_refraction_refractive_optics_wavelengths,"['refraction', 'refractive', 'optics', 'wavelengths', 'reflectivity', 'optical', 'wavelength', 'dispersion', 'reflected', 'transparent']",
1309,57,1309_twilight_episodes_supernatural_zone,"['twilight', 'episodes', 'supernatural', 'zone', 'syndication', 'seasons', 'nightmare', 'night', 'syndicated', 'episode']",
1310,57,1310_amazon_cloud_apple_echo,"['amazon', 'cloud', 'apple', 'echo', 'automation', 'devices', 'audible', 'assistant', 'audio', 'device']",
1311,57,1311_diplomacy_geopolitical_secretary_1972,"['diplomacy', 'geopolitical', 'secretary', '1972', 'statesman', 'negotiating', '1971', 'ceasefire', 'ceasefires', '1969']",
1312,57,1312_trademarked_trademark_brand_della,"['trademarked', 'trademark', 'brand', 'della', 'handbags', 'leather', 'handbag', 'coat', 'hoodies', 'fashion']",
1313,57,1313_ceasefire_peacekeeping_refugees_conflict,"['ceasefire', 'peacekeeping', 'refugees', 'conflict', 'war', 'soviet', 'turkey', 'oblast', 'peaceful', 'clashes']",
1314,57,1314_neutrinos_neutrino_antineutrinos_antineutrino,"['neutrinos', 'neutrino', 'antineutrinos', 'antineutrino', 'leptons', 'quarks', 'particles', 'lepton', 'mass', 'massless']",
1315,57,1315_spaceflight_blue_launches_rocket,"['spaceflight', 'blue', 'launches', 'rocket', 'starship', 'astronauts', 'spaceplane', 'astronaut', 'flight', 'launch']",
1316,57,1316_heir_eldest_emperor_empress,"['heir', 'eldest', 'emperor', 'empress', 'grandchild', 'princess', 'grandchildren', 'abdicate', 'prince', 'daughter']",
1317,57,1317_socialist_socialism_socialists_democratic,"['socialist', 'socialism', 'socialists', 'democratic', 'liberalism', 'ideology', 'democracy', 'communist', 'communism', 'reformism']",
1318,57,1318_resolver_resolving_resolve_domains,"['resolver', 'resolving', 'resolve', 'domains', 'authoritative', 'servers', 'domain', 'querying', 'queries', 'hierarchy']",
1319,57,1319_waits_musician_singer_singers,"['waits', 'musician', 'singer', 'singers', 'songwriter', 'usher', 'musicians', 'songs', 'albums', 'songwriters']",
1320,57,1320_aviation_pilots_airplane_pilot,"['aviation', 'pilots', 'airplane', 'pilot', 'flew', 'aeronautical', 'flight', 'flying', 'piloting', 'flyer']",
1321,57,1321_rating_rated_grades_grade,"['rating', 'rated', 'grades', 'grade', 'score', 'graded', 'filmgoers', 'film', 'moviegoers', 'positive']",
1322,57,1322_stations_radio_station_broadcasts,"['stations', 'radio', 'station', 'broadcasts', 'broadcasting', 'channels', 'broadcast', 'channel', 'fm', 'broadcasters']",
1323,57,1323_sheikh_prince_sultan_heir,"['sheikh', 'prince', 'sultan', 'heir', 'princes', 'minister', 'eldest', 'throne', 'appoint', 'royal']",
1324,57,1324_conditioning_conditioned_stimuli_stimulus,"['conditioning', 'conditioned', 'stimuli', 'stimulus', 'reflex', 'salience', 'inhibition', 'neural', 'behaviors', 'contingency']",
1325,57,1325_cube_cubes_dodecahedron_puzzles,"['cube', 'cubes', 'dodecahedron', 'puzzles', '3d', 'corners', 'bestselling', 'toy', 'edges', 'algorithms']",
1326,57,1326_nominations_awards_nominated_award,"['nominations', 'awards', 'nominated', 'award', 'finales', 'finale', 'actors', 'actor', 'accolades', 'acclaimed']",
1327,57,1327_bounty_adrift_boatswain_seaman,"['bounty', 'adrift', 'boatswain', 'seaman', 'voyage', 'overboard', 'ashore', 'island', 'sailed', 'mutineers']",
1328,57,1328_tectonics_tectonic_mantle_crust,"['tectonics', 'tectonic', 'mantle', 'crust', 'plates', 'geologic', 'lithosphere', 'geological', 'plate', 'crustal']",
1329,57,1329_jinn_jinni_ibn_demonic,"['jinn', 'jinni', 'ibn', 'demonic', 'deities', 'demons', 'serpents', 'spirits', 'mythology', 'pagan']",
1330,57,1330_armada_fleet_fleets_sailed,"['armada', 'fleet', 'fleets', 'sailed', '1596', 'admiral', '1586', '1595', '1585', 'privateer']",
1331,57,1331_foie_geese_goose_gras,"['foie', 'geese', 'goose', 'gras', 'poultry', 'ducks', 'duck', 'french', 'recipes', 'cooking']",
1332,56,1332_goalkeeping_premiership_goalkeeper_arsenal,"['goalkeeping', 'premiership', 'goalkeeper', 'arsenal', 'keeper', 'goals', 'goalkeepers', 'penalty', 'goal', 'conceded']",
1333,56,1333_peregrines_peregrine_falcon_falconry,"['peregrines', 'peregrine', 'falcon', 'falconry', 'bird', 'birds', 'falcons', 'hawk', 'nests', 'canary']",
1334,56,1334_warship_frigate_frigates_naval,"['warship', 'frigate', 'frigates', 'naval', 'sailed', 'navy', 'ships', 'sailors', 'harbor', 'ship']",
1335,56,1335_731_civilians_plague_pathogens,"['731', 'civilians', 'plague', 'pathogens', 'units', 'unit', 'victims', 'soldiers', 'corpses', 'cholera']",
1336,56,1336_commodore_hardware_consoles_x86,"['commodore', 'hardware', 'consoles', 'x86', 'emulation', 'discontinued', '64', 'emulators', 'computers', 'motherboards']",
1337,56,1337_laurel_hardy_comedies_comedians,"['laurel', 'hardy', 'comedies', 'comedians', 'comic', 'comedy', 'revue', 'films', 'slapstick', 'roach']",
1338,56,1338_eggs_egg_yolks_yolk,"['eggs', 'egg', 'yolks', 'yolk', 'eggshell', 'breeds', 'chickens', 'embryo', 'hens', 'fertilized']",
1339,56,1339_toymaker_franchise_toys_company,"['toymaker', 'franchise', 'toys', 'company', 'monopoly', 'takeover', 'toy', 'profitable', 'acquisitions', 'brands']",
1340,56,1340_vampire_showrunner_vampires_slayer,"['vampire', 'showrunner', 'vampires', 'slayer', 'episodes', 'storylines', 'miniseries', 'supernatural', 'writers', 'storyline']",
1341,56,1341_scattering_sciences_physicists_discovered,"['scattering', 'sciences', 'physicists', 'discovered', 'wavelengths', 'chemist', 'science', 'optics', 'physics', 'spectra']",
1342,56,1342_voyages_voyage_literature_novels,"['voyages', 'voyage', 'literature', 'novels', 'journeys', 'travel', 'author', '1864', 'literary', 'writer']",
1343,56,1343_besieged_retreating_recaptured_retreated,"['besieged', 'retreating', 'recaptured', 'retreated', 'reinforcements', 'casualties', 'battle', 'siege', 'captured', '1814']",
1344,56,1344_singularity_superintelligence_technological_2030,"['singularity', 'superintelligence', 'technological', '2030', 'supercomputers', 'technologists', 'ai', 'intelligences', 'intelligence', 'technology']",
1345,56,1345_coli_bacterial_bacterium_bacteria,"['coli', 'bacterial', 'bacterium', 'bacteria', 'microbiota', 'microbiology', 'strains', 'genomes', 'genomics', 'genome']",
1346,56,1346_propofol_midazolam_benzodiazepine_hospitalized,"['propofol', 'midazolam', 'benzodiazepine', 'hospitalized', 'manslaughter', 'medications', 'insomnia', 'intoxication', 'lidocaine', 'drug']",
1347,56,1347_peacemaker_suicide_filmmakers_cast,"['peacemaker', 'suicide', 'filmmakers', 'cast', 'cameo', 'screenplay', 'filming', 'miniseries', 'cinematographer', 'superhero']",
1348,56,1348_coats_mafia_massacre_perpetrators,"['coats', 'mafia', 'massacre', 'perpetrators', 'killers', 'classmates', 'clique', 'jocks', 'coat', 'shooters']",
1349,56,1349_howl_poetry_poet_poems,"['howl', 'poetry', 'poet', 'poems', 'poem', 'poets', 'hallucination', 'literary', 'poetic', 'madness']",
1350,56,1350_1080p_digital_cable_cables,"['1080p', 'digital', 'cable', 'cables', 'resolution', 'specification', 'resolutions', 'bandwidth', 'formats', 'standardized']",
1351,56,1351_federalist_federalists_confederation_republicanism,"['federalist', 'federalists', 'confederation', 'republicanism', 'federal', '1789', '1790s', '1790', 'presidency', '1794']",
1352,56,1352_adobe_formats_document_acrobat,"['adobe', 'formats', 'document', 'acrobat', 'documents', 'format', 'iso', 'standardized', 'specification', 'printers']",
1353,56,1353_cherry_blossom_cherries_blossoms,"['cherry', 'blossom', 'cherries', 'blossoms', 'orchards', 'flowering', 'trees', 'blooms', 'cultivars', 'blossoming']",
1354,56,1354_1939_1942_1930s_affair,"['1939', '1942', '1930s', 'affair', '1940', 'gossip', 'biography', 'manners', '1932', 'occasion']",
1355,56,1355_titans_superheroine_superheroes_superhero,"['titans', 'superheroine', 'superheroes', 'superhero', 'comics', 'heroes', 'teen', 'miniseries', 'villains', 'teenagers']",
1356,56,1356_likens_jenny_tormented_inflicting,"['likens', 'jenny', 'tormented', 'inflicting', 'endured', 'sores', 'humiliation', 'defendants', 'abused', 'inflicted']",
1357,56,1357_malls_shops_mall_centres,"['malls', 'shops', 'mall', 'centres', 'centre', 'retailers', 'shopping', 'stores', 'retail', 'redeveloped']",
1358,56,1358_glucose_insulin_diabetes_gluconeogenesis,"['glucose', 'insulin', 'diabetes', 'gluconeogenesis', 'pancreas', 'sugar', 'glycogen', 'metabolism', 'glucagon', 'islets']",
1359,56,1359_niger_inhabitants_migrants_natal,"['niger', 'inhabitants', 'migrants', 'natal', 'guinea', 'farmers', 'missionaries', 'populations', 'archeological', 'ethnic']",
1360,56,1360_unconstitutional_marriages_amendment_marriage,"['unconstitutional', 'marriages', 'amendment', 'marriage', 'constitutional', 'constitution', 'homosexuality', 'plaintiffs', 'repeal', 'overturned']",
1361,56,1361_hound_detective_hounds_bbc,"['hound', 'detective', 'hounds', 'bbc', 'episodes', 'premiered', 'doctor', 'premiere', 'freeman', 'elementary']",
1362,56,1362_blackface_minstrel_minstrels_blackness,"['blackface', 'minstrel', 'minstrels', 'blackness', 'performers', 'minstrelsy', 'blacking', 'black', 'vaudeville', 'racial']",
1363,56,1363_diamond_diamonds_gemstone_jeweler,"['diamond', 'diamonds', 'gemstone', 'jeweler', 'jewelers', 'jewel', 'jewelry', 'jewels', 'gems', 'gem']",
1364,56,1364_delle_bourgeois_bourgeoisie_piazza,"['delle', 'bourgeois', 'bourgeoisie', 'piazza', 'della', 'mafia', 'fascism', 'revolutionary', 'fascist', 'il']",
1365,56,1365_hyperloop_musk_pod_pods,"['hyperloop', 'musk', 'pod', 'pods', '400m', 'tunnel', 'speed', 'speeds', 'accelerate', 'km']",
1366,55,1366_data_datasets_analytics_databases,"['data', 'datasets', 'analytics', 'databases', 'database', 'terabytes', 'information', 'research', 'analyzing', 'veracity']",
1367,55,1367_punk_flag_bands_black,"['punk', 'flag', 'bands', 'black', 'band', 'hardcore', 'rock', 'drums', 'rocker', 'guitarist']",
1368,55,1368_writer_junkie_naked_writing,"['writer', 'junkie', 'naked', 'writing', 'lunch', 'writings', 'write', 'journals', 'novels', 'narcotics']",
1369,55,1369_tennis_semifinal_quarterfinal_semifinals,"['tennis', 'semifinal', 'quarterfinal', 'semifinals', 'doubles', 'finals', 'quarterfinals', 'tournaments', 'champion', 'championships']",
1370,55,1370_pharmaceuticals_pharmaceutical_biotech_stocks,"['pharmaceuticals', 'pharmaceutical', 'biotech', 'stocks', 'stock', 'investors', 'investor', 'company', 'securities', 'drug']",
1371,55,1371_pixels_resolution_monitors_resolutions,"['pixels', 'resolution', 'monitors', 'resolutions', 'monitor', 'widescreen', 'pixel', 'megapixels', 'displays', '1080p']",
1372,55,1372_kerosene_fuels_diesel_refinery,"['kerosene', 'fuels', 'diesel', 'refinery', 'fuel', 'gasoline', 'petroleum', 'combustion', 'gasolines', 'stoves']",
1373,55,1373_bonsai_trees_plantings_cultivation,"['bonsai', 'trees', 'plantings', 'cultivation', 'exhibitions', 'plant', 'plants', 'tree', 'gardening', 'techniques']",
1374,55,1374_tsarina_tsar_gunmen_gunshots,"['tsarina', 'tsar', 'gunmen', 'gunshots', 'gunshot', 'soviets', 'bullets', 'executed', 'executions', 'murdered']",
1375,55,1375_zoom_privacy_ventures_consulting,"['zoom', 'privacy', 'ventures', 'consulting', 'phone', 'google', 'apps', 'launched', 'partnerships', '2020']",
1376,55,1376_jagged_albums_songwriter_pill,"['jagged', 'albums', 'songwriter', 'pill', 'songs', 'singer', 'album', 'harmonica', 'lyrics', 'music']",
1377,55,1377_holocaust_nazi_prosecution_prosecutors,"['holocaust', 'nazi', 'prosecution', 'prosecutors', 'extradition', 'convicted', 'testified', 'deportation', 'testify', 'conviction']",
1378,55,1378_grandmaster_grandmasters_fide_titles,"['grandmaster', 'grandmasters', 'fide', 'titles', 'tournaments', 'masters', 'chess', 'championship', 'tournament', 'medalists']",
1379,55,1379_poet_poetry_poems_poets,"['poet', 'poetry', 'poems', 'poets', 'stanzas', 'poem', 'stanza', 'papyrus', 'romantics', 'antiquity']",
1380,55,1380_colorblindness_blindness_colorblind_blind,"['colorblindness', 'blindness', 'colorblind', 'blind', 'trichromatic', 'retinopathy', 'retinal', 'chromatic', 'retina', 'colors']",
1381,55,1381_guinea_niger_equatorial_equator,"['guinea', 'niger', 'equatorial', 'equator', 'bordered', 'coastline', 'border', 'borders', 'westernmost', 'country']",
1382,55,1382_population_municipalities_cities_city,"['population', 'municipalities', 'cities', 'city', 'towns', 'populated', 'urbanization', 'populous', 'municipality', 'inhabitants']",
1383,55,1383_sim_unlocked_carriers_telecommunications,"['sim', 'unlocked', 'carriers', 'telecommunications', 'cellular', 'mobile', 'carrier', 'telephony', 'handsets', 'handset']",
1384,55,1384_homeopathic_homeopaths_homeopathy_medicines,"['homeopathic', 'homeopaths', 'homeopathy', 'medicines', 'medicine', 'medica', 'treatments', 'prescribing', 'clinical', 'medical']",
1385,55,1385_vampirism_vampire_vampiric_vampires,"['vampirism', 'vampire', 'vampiric', 'vampires', 'undead', 'zombie', 'demonic', 'demon', 'villainy', 'bloodlust']",
1386,55,1386_convicted_airlines_airline_conviction,"['convicted', 'airlines', 'airline', 'conviction', 'arrested', 'autobiography', 'fraud', 'abacus', 'theft', 'criminal']",
1387,55,1387_albums_album_duets_singer,"['albums', 'album', 'duets', 'singer', 'band', 'singles', 'toured', 'hairstyle', 'disco', 'tracks']",
1388,55,1388_rapper_tribe_rap_tip,"['rapper', 'tribe', 'rap', 'tip', 'rapping', 'songs', 'songwriting', 'song', 'album', 'lyrical']",
1389,55,1389_lee_moody_fallen_songwriting,"['lee', 'moody', 'fallen', 'songwriting', 'band', 'bands', 'bitter', 'albums', 'music', 'album']",
1390,55,1390_parliamentarian_minister_français_politician,"['parliamentarian', 'minister', 'français', 'politician', 'councillor', 'ministers', 'mayor', 'candidate', 'honneur', 'ministerial']",
1391,55,1391_poet_poems_poem_poets,"['poet', 'poems', 'poem', 'poets', 'poetry', 'literature', 'poetic', 'essays', 'verse', 'prose']",
1392,55,1392_gas_soviet_oil_sanctions,"['gas', 'soviet', 'oil', 'sanctions', 'supply', 'supplier', 'exports', 'privatized', 'company', 'subsidiary']",
1393,55,1393_eclipse_eclipses_lunar_eclipsed,"['eclipse', 'eclipses', 'lunar', 'eclipsed', 'moon', 'moons', 'orbits', 'solar', 'orbit', 'ecliptic']",
1394,55,1394_brothers_nick_band_songs,"['brothers', 'nick', 'band', 'songs', 'album', 'song', 'concert', 'tour', 'singer', 'rock']",
1395,55,1395_twins_twin_twinning_monozygotic,"['twins', 'twin', 'twinning', 'monozygotic', 'duplications', 'births', 'chromosomal', 'genetic', 'genetically', 'fertility']",
1396,55,1396_biotechnology_pharmaceuticals_biotech_companies,"['biotechnology', 'pharmaceuticals', 'biotech', 'companies', 'agro', 'company', 'pharmaceutical', 'patents', 'herbicide', 'soybeans']",
1397,55,1397_sim_create_simulation_gameplay,"['sim', 'create', 'simulation', 'gameplay', 'traits', 'animations', 'versions', 'desires', 'introduces', 'development']",
1398,54,1398_duet_duets_sang_song,"['duet', 'duets', 'sang', 'song', 'songs', 'albums', 'vocals', 'album', 'sing', 'artist']",
1399,54,1399_ibn_sheikh_sultanate_mecca,"['ibn', 'sheikh', 'sultanate', 'mecca', 'mosque', 'medina', 'khan', 'sultan', 'pilgrimage', 'al']",
1400,54,1400_snaps_snap_messaging_sharing,"['snaps', 'snap', 'messaging', 'sharing', 'chat', 'privacy', 'tap', 'screenshots', 'friends', 'photos']",
1401,54,1401_dietary_diet_diets_cardiovascular,"['dietary', 'diet', 'diets', 'cardiovascular', 'cholesterol', 'foods', 'atherosclerosis', 'healthy', 'carbohydrates', 'fatty']",
1402,54,1402_stem_disciplines_majors_degree,"['stem', 'disciplines', 'majors', 'degree', 'engineering', 'humanities', 'education', 'graduates', 'educators', 'sciences']",
1403,54,1403_poverty_deprivation_poor_welfare,"['poverty', 'deprivation', 'poor', 'welfare', 'income', 'low', 'economic', 'lowest', 'countries', 'economy']",
1404,54,1404_simulations_simulation_simulating_simulated,"['simulations', 'simulation', 'simulating', 'simulated', 'stochastic', 'pseudorandom', 'randomization', 'sampling', 'simulate', 'probabilistic']",
1405,54,1405_tether_treasuries_exchanges_cryptocurrencies,"['tether', 'treasuries', 'exchanges', 'cryptocurrencies', 'cryptocurrency', 'currency', 'stablecoin', 'coin', 'securities', 'crypto']",
1406,54,1406_luxury_brands_brand_valuation,"['luxury', 'brands', 'brand', 'valuation', 'valuable', 'haute', 'apparel', 'profit', 'goods', 'owned']",
1407,54,1407_lynch_touchdowns_rushing_touchdown,"['lynch', 'touchdowns', 'rushing', 'touchdown', 'quarterback', 'yards', 'cornerback', '49ers', 'raiders', 'tackles']",
1408,54,1408_celebrations_festival_celebrated_festivities,"['celebrations', 'festival', 'celebrated', 'festivities', 'rituals', 'celebrates', 'celebration', 'festivity', 'celebrate', 'traditionally']",
1409,54,1409_missionaries_charity_nuns_orphanages,"['missionaries', 'charity', 'nuns', 'orphanages', 'hospices', 'sisters', 'convent', 'hospice', 'congregation', 'sainthood']",
1410,54,1410_languages_language_mandarin_lingua,"['languages', 'language', 'mandarin', 'lingua', 'multilingual', 'creole', 'creoles', 'linguists', 'sultanate', 'linguistic']",
1411,54,1411_apartheid_histories_chieftains_tactics,"['apartheid', 'histories', 'chieftains', 'tactics', 'historians', 'spear', 'tribal', 'tribes', 'warriors', 'militarised']",
1412,54,1412_daredevil_marvel_superhero_miniseries,"['daredevil', 'marvel', 'superhero', 'miniseries', 'episodes', 'showrunner', 'showrunners', 'villains', 'premiered', 'defenders']",
1413,54,1413_representatives_elects_voters_congressional,"['representatives', 'elects', 'voters', 'congressional', 'commissioner', 'statehood', 'electoral', 'resident', 'elected', 'electors']",
1414,54,1414_novelist_novels_biography_writer,"['novelist', 'novels', 'biography', 'writer', 'literature', 'writers', 'literary', 'novel', 'writing', 'diary']",
1415,54,1415_cosmetics_salons_skincare_chemists,"['cosmetics', 'salons', 'skincare', 'chemists', 'products', 'hairdressers', 'brands', 'patents', 'brand', 'dermatological']",
1416,54,1416_wells_literature_novels_writer,"['wells', 'literature', 'novels', 'writer', 'author', 'writers', 'fiction', 'novel', 'literary', 'writing']",
1417,54,1417_elephant_showman_exhibit_exhibited,"['elephant', 'showman', 'exhibit', 'exhibited', 'surgeon', 'skeleton', 'labourer', 'anatomical', 'exhibiting', 'deformed']",
1418,54,1418_rebelled_rulers_kingdoms_recaptured,"['rebelled', 'rulers', 'kingdoms', 'recaptured', 'ruled', 'vassal', 'throne', 'reign', 'kings', 'king']",
1419,54,1419_seeding_clouds_seed_cloud,"['seeding', 'clouds', 'seed', 'cloud', 'drought', 'meteorological', 'meteorology', 'rainfall', 'precipitation', 'meteorologists']",
1420,54,1420_dashes_hyphens_hyphenated_hyphen,"['dashes', 'hyphens', 'hyphenated', 'hyphen', 'dash', 'typography', 'typographic', 'typographical', 'spacing', 'typesetting']",
1421,54,1421_panda_pandas_bamboo_zoological,"['panda', 'pandas', 'bamboo', 'zoological', 'herbivorous', 'livestock', 'species', 'zoos', 'endangered', 'raccoons']",
1422,54,1422_stations_broadcasts_radio_station,"['stations', 'broadcasts', 'radio', 'station', 'fm', 'broadcasters', 'broadcasting', 'broadcast', 'channels', 'newscasts']",
1423,54,1423_sentencing_sentenced_arrest_conviction,"['sentencing', 'sentenced', 'arrest', 'conviction', 'judge', 'convicted', 'manslaughter', 'prosecutors', 'prosecution', 'charges']",
1424,54,1424_knights_duchy_papacy_nobles,"['knights', 'duchy', 'papacy', 'nobles', 'feudal', 'vassal', '1457', 'polish', 'nobility', 'deposed']",
1425,53,1425_buffalo_cowboy_bison_bull,"['buffalo', 'cowboy', 'bison', 'bull', '1872', 'cattlemen', 'stagecoach', 'cowboys', '1868', 'billets']",
1426,53,1426_knight_moon_villain_werewolf,"['knight', 'moon', 'villain', 'werewolf', 'sidekick', 'cyborg', 'mercenary', 'heroes', 'thief', 'hooded']",
1427,53,1427_sg_premiere_spinoff_episodes,"['sg', 'premiere', 'spinoff', 'episodes', 'starburst', 'premiered', 'renewed', 'episode', 'finale', 'shows']",
1428,53,1428_turkey_annexation_invaded_invasion,"['turkey', 'annexation', 'invaded', 'invasion', 'enosis', 'coup', 'ceasefire', 'independence', 'enclaves', 'island']",
1429,53,1429_ketogenic_dietary_diet_diets,"['ketogenic', 'dietary', 'diet', 'diets', 'carbohydrates', 'carbohydrate', 'dietitian', 'kcal', 'ketones', 'triglycerides']",
1430,53,1430_ray_cinema_filmmaker_films,"['ray', 'cinema', 'filmmaker', 'films', 'filmmakers', 'filmmaking', 'film', 'director', 'cinematic', 'detective']",
1431,53,1431_leprosy_leper_pathogenicity_leprae,"['leprosy', 'leper', 'pathogenicity', 'leprae', 'disease', 'lepers', 'diagnosed', 'diagnosis', 'prevalence', 'infection']",
1432,53,1432_waves_compressional_compression_compressibility,"['waves', 'compressional', 'compression', 'compressibility', 'wave', 'solids', 'shear', 'dispersion', 'vibrations', 'sound']",
1433,53,1433_paintings_painting_artwork_cans,"['paintings', 'painting', 'artwork', 'cans', 'artworks', 'painted', 'paint', 'soup', 'artist', 'photographs']",
1434,53,1434_ubiquitous_technologies_wireless_wirelessly,"['ubiquitous', 'technologies', 'wireless', 'wirelessly', 'internet', 'technology', 'devices', 'sensors', 'sensor', 'device']",
1435,53,1435_rituals_pagans_pagan_paganism,"['rituals', 'pagans', 'pagan', 'paganism', 'celebrations', 'traditions', 'feasts', 'festivals', 'celebrated', 'lanterns']",
1436,53,1436_acre_acres_yard_yards,"['acre', 'acres', 'yard', 'yards', 'area', 'land', 'metres', 'metre', 'inches', 'measured']",
1437,53,1437_touchdowns_receptions_quarterback_yards,"['touchdowns', 'receptions', 'quarterback', 'yards', 'touchdown', 'receivers', 'patriots', 'punt', 'catches', 'rushing']",
1438,53,1438_poet_poems_poetry_poem,"['poet', 'poems', 'poetry', 'poem', 'shah', 'ghazal', 'poets', 'poetic', 'ghazals', 'verses']",
1439,53,1439_samurai_shogun_mangaka_fictionalization,"['samurai', 'shogun', 'mangaka', 'fictionalization', 'novelist', 'gekiga', 'kendo', 'literary', 'literature', 'autobiographical']",
1440,53,1440_strings_theories_string_theory,"['strings', 'theories', 'string', 'theory', 'superstring', 'theorists', 'particles', 'gravity', 'gravitational', 'physicists']",
1441,53,1441_fables_fable_tales_poems,"['fables', 'fable', 'tales', 'poems', 'proverbs', 'prose', 'narration', 'stories', 'cartoons', 'hare']",
1442,53,1442_computing_analytical_mathematician_computation,"['computing', 'analytical', 'mathematician', 'computation', 'mathematics', 'invention', 'mathematical', 'invented', 'programmer', 'programmers']",
1443,53,1443_generative_transformer_neural_learning,"['generative', 'transformer', 'neural', 'learning', 'trained', 'multimodal', 'generates', 'models', 'encoding', 'text']",
1444,53,1444_guitarist_bassist_instrumentalist_musicians,"['guitarist', 'bassist', 'instrumentalist', 'musicians', 'drummer', 'guitar', 'tambourine', 'band', 'blues', 'vocalist']",
1445,53,1445_prions_prion_proteins_protein,"['prions', 'prion', 'proteins', 'protein', 'amyloidosis', 'proteases', 'amyloid', 'synuclein', 'yeast', 'spongiform']",
1446,53,1446_happiness_wellbeing_unhappiness_happier,"['happiness', 'wellbeing', 'unhappiness', 'happier', 'satisfaction', 'misery', 'health', 'happy', 'affect', 'healthy']",
1447,53,1447_bulbs_bulb_lamps_lamp,"['bulbs', 'bulb', 'lamps', 'lamp', 'incandescent', 'fluorescent', 'lighting', 'filament', 'illumination', 'filaments']",
1448,53,1448_airplay_tv_apple_televisions,"['airplay', 'tv', 'apple', 'televisions', 'streaming', 'apps', 'playback', 'stream', 'devices', 'mac']",
1449,53,1449_bear_robin_bears_teddy,"['bear', 'robin', 'bears', 'teddy', 'rabbit', 'toy', 'toys', 'mascot', 'cartoon', 'illustrations']",
1450,53,1450_newspapers_newspaper_periodicals_gazette,"['newspapers', 'newspaper', 'periodicals', 'gazette', 'tabloid', 'journalism', 'journal', 'publications', 'newsroom', 'publishing']",
1451,52,1451_sepoys_rebellion_uprising_1857,"['sepoys', 'rebellion', 'uprising', '1857', 'uprisings', 'rebelled', 'artillery', 'revolt', 'insurrection', 'wounded']",
1452,52,1452_uncle_sam_relatives_1886,"['uncle', 'sam', 'relatives', '1886', '1922', 'represents', '1880', '1810', '1812', 'mementos']",
1453,52,1453_campaigned_politician_governor_long,"['campaigned', 'politician', 'governor', 'long', 'impeached', 'legislator', '1932', 'presidency', 'senator', 'impeachment']",
1454,52,1454_vertigo_dizziness_vestibular_tinnitus,"['vertigo', 'dizziness', 'vestibular', 'tinnitus', 'migraine', 'migraines', 'headache', 'sickness', 'deafness', 'symptoms']",
1455,52,1455_dowager_empress_emperors_empresses,"['dowager', 'empress', 'emperors', 'empresses', 'emperor', 'yi', 'dynasty', 'regency', 'regent', 'concubine']",
1456,52,1456_translator_translators_translations_translating,"['translator', 'translators', 'translations', 'translating', 'translates', 'translate', 'translated', 'translation', 'google', 'bilingual']",
1457,52,1457_presidents_presidential_presidency_president,"['presidents', 'presidential', 'presidency', 'president', 'polls', 'rankings', 'ranking', 'polled', 'ranked', 'bush']",
1458,52,1458_episodes_files_fox_storylines,"['episodes', 'files', 'fox', 'storylines', 'comics', 'episode', 'characters', 'aliens', 'storyline', 'alien']",
1459,52,1459_spaghetti_pasta_monster_creationist,"['spaghetti', 'pasta', 'monster', 'creationist', 'creationism', 'flying', 'atheist', 'parody', 'evolution', 'church']",
1460,52,1460_aunt_uncle_breakfast_mammy,"['aunt', 'uncle', 'breakfast', 'mammy', 'doll', 'pancakes', 'anna', 'pancake', 'minstrel', 'vaudeville']",
1461,52,1461_rating_critics_reviews_review,"['rating', 'critics', 'reviews', 'review', 'marvel', 'rotten', 'average', 'score', 'favorable', 'weighted']",
1462,52,1462_billionaire_lawsuit_founder_shares,"['billionaire', 'lawsuit', 'founder', 'shares', 'entrepreneur', 'insider', 'social', 'monetization', 'investor', 'alleging']",
1463,52,1463_flow_experiences_performance_motivation,"['flow', 'experiences', 'performance', 'motivation', 'psychology', 'skills', 'motivating', 'tasks', 'relaxation', 'skill']",
1464,52,1464_valentine_celebrated_holiday_holidays,"['valentine', 'celebrated', 'holiday', 'holidays', 'saint', 'feast', 'calendars', 'calendar', 'celebration', 'liturgically']",
1465,52,1465_twins_brothers_1950s_1960s,"['twins', 'brothers', '1950s', '1960s', 'biographical', 'benefactors', 'underworld', 'celebrities', 'identical', 'violet']",
1466,52,1466_broadway_musical_actress_musicals,"['broadway', 'musical', 'actress', 'musicals', 'audition', 'jasmine', 'performing', 'concert', 'performer', 'entertainer']",
1467,52,1467_mouse_mice_cursor_joystick,"['mouse', 'mice', 'cursor', 'joystick', 'trackball', 'clicking', 'hardware', 'wheel', 'mechanical', 'wrist']",
1468,52,1468_hook_jack_crocodile_pan,"['hook', 'jack', 'crocodile', 'pan', 'nursery', 'tinker', 'bird', 'flies', 'novel', 'duel']",
1469,52,1469_satellites_satellite_spacecraft_orbit,"['satellites', 'satellite', 'spacecraft', 'orbit', 'constellations', 'orbital', 'spaceflight', 'launched', 'geostationary', 'reconnaissance']",
1470,52,1470_golfers_golf_tournaments_golfing,"['golfers', 'golf', 'tournaments', 'golfing', 'tournament', 'invitational', 'sporting', 'masters', 'tour', 'club']",
1471,52,1471_legions_heresy_legion_crusade,"['legions', 'heresy', 'legion', 'crusade', 'factions', 'nemesis', 'rebellion', 'traitor', 'traitors', 'imperium']",
1472,52,1472_barcodes_barcode_scanners_code,"['barcodes', 'barcode', 'scanners', 'code', 'scanner', 'bar', 'encoded', 'scanned', 'codes', 'scanning']",
1473,52,1473_atoms_atom_atomic_quantum,"['atoms', 'atom', 'atomic', 'quantum', 'particles', 'condensates', 'condensation', 'condensate', 'electron', 'subatomic']",
1474,52,1474_opium_smuggling_narcotics_drug,"['opium', 'smuggling', 'narcotics', 'drug', 'addiction', '1840', 'smugglers', '1838', 'tobacco', 'prohibition']",
1475,52,1475_indigenous_spirit_spirits_natives,"['indigenous', 'spirit', 'spirits', 'natives', 'aboriginal', 'tribe', 'tribes', 'mohawk', 'genders', 'cultures']",
1476,52,1476_evil_eye_gaze_eyes,"['evil', 'eye', 'gaze', 'eyes', 'glare', 'staring', 'stare', 'rituals', 'hara', 'curse']",
1477,51,1477_smartwatch_watches_smartwatches_apple,"['smartwatch', 'watches', 'smartwatches', 'apple', 'wrist', 'watch', 'edition', 'titanium', 'battery', 'accelerometers']",
1478,51,1478_glitter_songs_remixes_vocals,"['glitter', 'songs', 'remixes', 'vocals', 'punk', 'artist', 'albums', 'rock', 'toured', 'album']",
1479,51,1479_paramount_films_1957_movies,"['paramount', 'films', '1957', 'movies', '1942', 'cameo', 'actor', '1953', '1954', '1952']",
1480,51,1480_documentaries_bbc_planet_documentary,"['documentaries', 'bbc', 'planet', 'documentary', 'nature', 'naturalist', 'biodiversity', 'earth', 'wildlife', 'fauna']",
1481,51,1481_1848_dictator_rebelled_insurgent,"['1848', 'dictator', 'rebelled', 'insurgent', '1846', 'anna', 'overthrown', 'rebellion', 'presidency', 'federalist']",
1482,51,1482_battalions_regiments_battalion_regiment,"['battalions', 'regiments', 'battalion', 'regiment', 'platoons', 'infantry', 'troop', 'brigades', 'sergeant', 'corps']",
1483,51,1483_polytheistic_shamanism_shamanistic_monotheists,"['polytheistic', 'shamanism', 'shamanistic', 'monotheists', 'monotheistic', 'religions', 'shamanic', 'shaman', 'worship', 'deity']",
1484,51,1484_assassination_tortured_raped_incident,"['assassination', 'tortured', 'raped', 'incident', 'fedayeen', 'rape', 'punishment', 'killed', 'torture', 'sultan']",
1485,51,1485_tsar_tsars_cathedrals_cathedral,"['tsar', 'tsars', 'cathedrals', 'cathedral', 'palaces', 'buildings', 'tower', 'monuments', 'towers', 'palace']",
1486,51,1486_data_datasets_analytics_statistics,"['data', 'datasets', 'analytics', 'statistics', 'statistician', 'statistical', 'computing', 'scientific', 'visualization', 'sciences']",
1487,51,1487_transformer_transformers_coils_windings,"['transformer', 'transformers', 'coils', 'windings', 'inductance', 'coil', 'voltages', 'electrical', 'winding', 'cores']",
1488,51,1488_cruises_cruise_seas_ships,"['cruises', 'cruise', 'seas', 'ships', 'sailing', 'sea', 'mariner', 'ship', 'cruising', 'vessel']",
1489,51,1489_colonists_settlers_colonist_smith,"['colonists', 'settlers', 'colonist', 'smith', 'colony', 'tribe', '1616', 'tribes', '1596', 'natives']",
1490,51,1490_fascist_fascism_fascists_1930s,"['fascist', 'fascism', 'fascists', '1930s', '1930', '1932', '1940', '1936', '1934', '1939']",
1491,51,1491_ferry_songwriter_albums_toured,"['ferry', 'songwriter', 'albums', 'toured', 'tour', 'album', 'drummer', 'drums', 'solo', 'musicians']",
1492,51,1492_attractiveness_aesthetics_beauty_aesthetic,"['attractiveness', 'aesthetics', 'beauty', 'aesthetic', 'aesthetically', 'ugliness', 'hedonism', 'pleasing', 'perception', 'perceive']",
1493,51,1493_tribes_tribe_1876_tribal,"['tribes', 'tribe', '1876', 'tribal', 'treaties', 'treaty', 'settlers', '1860s', '1877', 'natives']",
1494,51,1494_1934_robbery_robbers_gunfight,"['1934', 'robbery', 'robbers', 'gunfight', 'shootout', 'homicide', 'jail', 'robberies', 'criminals', '1933']",
1495,51,1495_rosary_devotions_liturgical_prayers,"['rosary', 'devotions', 'liturgical', 'prayers', 'prayer', 'liturgy', 'devotion', 'catholic', 'ecumenical', 'sacrament']",
1496,51,1496_airborne_airfields_soviet_regiments,"['airborne', 'airfields', 'soviet', 'regiments', 'military', 'army', 'stationed', 'oblast', 'reconnaissance', 'troops']",
1497,51,1497_tenacious_destiny_guitarist_band,"['tenacious', 'destiny', 'guitarist', 'band', 'bands', 'soundtrack', 'album', 'songs', 'black', 'concert']",
1498,51,1498_feud_reigns_rumble_wrestling,"['feud', 'reigns', 'rumble', 'wrestling', 'wrestler', 'survivor', 'match', 'feuding', 'raw', 'eliminated']",
1499,51,1499_coronavirus_diagnosed_positive_vaccinated,"['coronavirus', 'diagnosed', 'positive', 'vaccinated', 'flu', 'pandemic', '2021', 'quarantined', 'hospitalized', 'symptomatic']",
1500,51,1500_decapitated_murders_detectives_homicide,"['decapitated', 'murders', 'detectives', 'homicide', 'murder', 'detective', 'suspect', 'crimes', 'strangled', 'kidnapping']",
1501,51,1501_corruption_corrupt_bribes_bribery,"['corruption', 'corrupt', 'bribes', 'bribery', 'bribe', 'corruptly', 'laundering', 'bureaucracy', 'extortion', 'government']",
1502,51,1502_rooms_room_palace_furnishings,"['rooms', 'room', 'palace', 'furnishings', 'ballroom', 'pilasters', 'interior', 'bedrooms', 'chamber', 'furniture']",
1503,51,1503_lama_lamas_monks_monasteries,"['lama', 'lamas', 'monks', 'monasteries', 'monastic', 'monastery', 'emperor', 'monk', 'reincarnated', 'reincarnation']",
1504,51,1504_warehouse_warehouses_retailer_retail,"['warehouse', 'warehouses', 'retailer', 'retail', 'wholesale', 'stores', 'store', 'shopping', 'sales', 'discount']",
1505,51,1505_languages_dialects_ethnic_speak,"['languages', 'dialects', 'ethnic', 'speak', 'language', 'ethnicity', 'population', 'populations', 'niger', 'inhabitants']",
1506,50,1506_scored_goals_goalscorer_scoring,"['scored', 'goals', 'goalscorer', 'scoring', 'goalscorers', 'goal', 'scorer', 'penalty', 'cricketers', 'matches']",
1507,50,1507_consciousness_conscious_unconscious_perceive,"['consciousness', 'conscious', 'unconscious', 'perceive', 'awareness', 'perception', 'philosophical', 'introspection', 'sensations', 'sentience']",
1508,50,1508_mansion_mansions_estate_residence,"['mansion', 'mansions', 'estate', 'residence', 'richest', 'houses', 'wealthiest', 'house', 'cottages', 'wealthy']",
1509,50,1509_mp3_audio_formats_codecs,"['mp3', 'audio', 'formats', 'codecs', 'bitrate', 'bitstream', 'playback', 'compression', 'encoding', 'files']",
1510,50,1510_dragons_evil_demigod_demigods,"['dragons', 'evil', 'demigod', 'demigods', 'villains', 'wizards', 'dungeon', 'villain', 'lore', 'dungeons']",
1511,50,1511_citizen_citizens_sovereign_sovereigns,"['citizen', 'citizens', 'sovereign', 'sovereigns', 'sovereignty', 'freemen', 'commonwealth', 'patriot', 'protesters', 'protester']",
1512,50,1512_draft_undrafted_deadline_eligibility,"['draft', 'undrafted', 'deadline', 'eligibility', 'early', 'basketball', 'eligible', 'players', 'withdrawal', 'withdrew']",
1513,50,1513_redheads_redhead_reddish_ginger,"['redheads', 'redhead', 'reddish', 'ginger', 'hair', 'red', 'hairdresser', 'haired', 'brunette', 'scalp']",
1514,50,1514_measles_vaccines_vaccination_vaccine,"['measles', 'vaccines', 'vaccination', 'vaccine', 'vaccinated', 'epidemic', 'smallpox', 'outbreak', 'outbreaks', 'deaths']",
1515,50,1515_literature_novels_novel_peace,"['literature', 'novels', 'novel', 'peace', 'novelists', 'literary', 'novellas', 'war', 'essays', 'writer']",
1516,50,1516_microwaves_microwave_oven_ovens,"['microwaves', 'microwave', 'oven', 'ovens', 'cooking', 'heating', 'cookware', 'appliance', 'electromagnetic', 'convection']",
1517,50,1517_cranberries_concert_albums_album,"['cranberries', 'concert', 'albums', 'album', '1994', 'songs', '1991', '1995', 'canceled', '90s']",
1518,50,1518_pope_papal_popes_papacy,"['pope', 'papal', 'popes', 'papacy', 'della', 'cardinal', 'conclave', 'archbishop', 'illegitimate', '1455']",
1519,50,1519_voyagers_heliosphere_interstellar_heliocentric,"['voyagers', 'heliosphere', 'interstellar', 'heliocentric', 'solar', 'heliopause', 'spacecraft', 'astronomers', 'probe', 'telescope']",
1520,50,1520_album_songs_vocals_song,"['album', 'songs', 'vocals', 'song', 'remixes', 'unreleased', 'concert', 'artists', 'remix', 'remixed']",
1521,50,1521_dead_concert_burial_lyricists,"['dead', 'concert', 'burial', 'lyricists', 'psychedelic', 'gratitude', 'band', 'crumbling', 'guitarist', 'bands']",
1522,50,1522_athlete_olympic_athletic_athletes,"['athlete', 'olympic', 'athletic', 'athletes', 'decathlon', 'competed', 'medals', 'javelin', 'medalist', '1912']",
1523,50,1523_motorsport_prix_tyres_racing,"['motorsport', 'prix', 'tyres', 'racing', 'qualifying', 'tyre', 'competed', 'drivers', 'teams', 'championship']",
1524,50,1524_acquitted_murdered_prosecutors_prosecution,"['acquitted', 'murdered', 'prosecutors', 'prosecution', 'criss', 'murder', 'defendant', 'disappearance', 'murdering', 'judge']",
1525,50,1525_disenfranchisement_disenfranchising_disenfranchised_disenfranchise,"['disenfranchisement', 'disenfranchising', 'disenfranchised', 'disenfranchise', 'suffrage', 'segregation', 'voter', 'constitutions', 'voters', 'blacks']",
1526,50,1526_graffiti_screenplay_cinematographers_film,"['graffiti', 'screenplay', 'cinematographers', 'film', 'godfather', 'directing', 'studio', 'sequel', 'universal', 'filming']",
1527,50,1527_cycling_bicycles_bikes_biking,"['cycling', 'bicycles', 'bikes', 'biking', 'bicycling', 'bicycle', 'bicyclists', 'cyclists', 'bike', 'ridership']",
1528,50,1528_halo_chief_343_master,"['halo', 'chief', '343', 'master', 'guardians', 'covenant', 'ring', 'spartan', 'cutscenes', 'helmet']",
1529,50,1529_rockstar_acquisitions_owns_gaming,"['rockstar', 'acquisitions', 'owns', 'gaming', 'acquire', 'acquisition', 'studios', 'copyright', 'games', 'shareholders']",
1530,50,1530_classroom_classrooms_cho_students,"['classroom', 'classrooms', 'cho', 'students', 'student', 'hallway', 'teacher', 'injuring', 'door', 'injured']",
1531,50,1531_albums_concert_toured_band,"['albums', 'concert', 'toured', 'band', 'songs', 'album', '1980s', 'guitarist', 'vocals', 'tour']",
1532,50,1532_golf_scoring_rounds_tournament,"['golf', 'scoring', 'rounds', 'tournament', 'championship', 'score', 'playoff', 'tied', '4th', 'holed']",
1533,50,1533_hunger_uprisings_rebellion_capitol,"['hunger', 'uprisings', 'rebellion', 'capitol', 'rebels', 'unrest', 'district', 'victors', 'districts', 'defiance']",
1534,50,1534_famine_famines_starvation_rice,"['famine', 'famines', 'starvation', 'rice', 'rations', 'agricultural', 'food', 'grains', 'subsistence', 'wartime']",
1535,50,1535_anthem_anthems_hymn_stanza,"['anthem', 'anthems', 'hymn', 'stanza', 'stanzas', 'anthemic', 'patriotic', 'melody', 'sung', 'nazi']",
1536,50,1536_nations_summit_eu_agreements,"['nations', 'summit', 'eu', 'agreements', 'summits', 'meeting', 'pacific', 'global', 'countries', 'organisations']",
1537,50,1537_commercials_commercial_advertisements_advertisement,"['commercials', 'commercial', 'advertisements', 'advertisement', 'advertising', 'ads', 'advertiser', 'advertised', 'advertisers', 'airing']",
1538,50,1538_bridges_bridge_viaducts_arches,"['bridges', 'bridge', 'viaducts', 'arches', 'truss', 'roadway', 'arch', 'roadways', 'construction', 'tolls']",
1539,50,1539_vulgar_profanity_slang_intercourse,"['vulgar', 'profanity', 'slang', 'intercourse', 'pejorative', 'taboo', 'acronyms', 'acronym', 'sexual', 'term']",
1540,50,1540_mailbox_uploading_cloud_uploads,"['mailbox', 'uploading', 'cloud', 'uploads', 'folders', 'files', 'sync', 'folder', 'upload', 'storage']",
1541,50,1541_predator_predators_alien_creature,"['predator', 'predators', 'alien', 'creature', 'aliens', 'flees', 'survivors', 'warden', 'creatures', 'escape']",
1542,50,1542_1852_novels_novel_cabin,"['1852', 'novels', 'novel', 'cabin', 'literature', 'plantation', 'slavery', 'uncle', 'literary', 'books']",
1543,50,1543_hijab_sharia_fashion_veils,"['hijab', 'sharia', 'fashion', 'veils', 'dress', 'veil', 'burqa', 'women', 'discrimination', 'veiling']",
1544,50,1544_capsaicin_capsaicinoids_peppers_chili,"['capsaicin', 'capsaicinoids', 'peppers', 'chili', 'spicy', 'pepper', 'chilies', 'spiciness', 'alkaloids', 'analgesic']",
1545,49,1545_park_episodes_south_studios,"['park', 'episodes', 'south', 'studios', 'spontaneity', 'shows', 'spinoff', 'renewed', 'cartoon', 'ratings']",
1546,49,1546_tornadoes_tornado_storms_thunderstorms,"['tornadoes', 'tornado', 'storms', 'thunderstorms', 'thunderstorm', 'winds', 'cyclones', 'cyclone', 'vortex', 'storm']",
1547,49,1547_restaurants_restaurant_franchisees_chick,"['restaurants', 'restaurant', 'franchisees', 'chick', 'franchise', 'chicken', 'franchised', 'customers', 'stores', 'business']",
1548,49,1548_blockchains_blockchain_ledgers_cryptocurrencies,"['blockchains', 'blockchain', 'ledgers', 'cryptocurrencies', 'decentralization', 'decentralized', 'cryptocurrency', 'bitcoin', 'ledger', 'bitcoins']",
1549,49,1549_concert_toured_band_concerts,"['concert', 'toured', 'band', 'concerts', 'bands', 'frontman', 'bandmate', 'bandmates', 'vocalist', 'tour']",
1550,49,1550_dew_cola_flavors_soda,"['dew', 'cola', 'flavors', 'soda', 'beverage', 'discontinued', 'flavor', 'flavored', 'syrup', 'mountain']",
1551,49,1551_circumcision_circumcise_circumcised_uncircumcised,"['circumcision', 'circumcise', 'circumcised', 'uncircumcised', 'foreskin', 'mutilation', 'orthodoxy', 'rituals', 'orthodox', 'cultures']",
1552,49,1552_sultan_shah_khan_sultanate,"['sultan', 'shah', 'khan', 'sultanate', 'rocket', '1780', 'princely', 'raj', '1799', 'artillery']",
1553,49,1553_priesthood_priest_synagogue_temple,"['priesthood', 'priest', 'synagogue', 'temple', 'sect', 'priestly', 'ancestor', 'shrine', 'altar', 'tabernacle']",
1554,49,1554_ape_apes_jungle_gorilla,"['ape', 'apes', 'jungle', 'gorilla', 'gorillas', 'rhinos', 'elephant', 'vines', 'tribe', 'novel']",
1555,49,1555_blockbuster_amazon_subscription_subscribers,"['blockbuster', 'amazon', 'subscription', 'subscribers', 'streaming', 'customers', 'fees', 'bandwidth', 'infringement', 'broadband']",
1556,49,1556_vogue_magazine_magazines_haute,"['vogue', 'magazine', 'magazines', 'haute', 'fashion', 'international', 'publishes', 'publisher', 'editions', 'supermodel']",
1557,49,1557_cocoa_farmers_commodities_chocolate,"['cocoa', 'farmers', 'commodities', 'chocolate', 'countries', 'ivory', 'rainforest', 'farms', 'slavery', 'sourcing']",
1558,49,1558_anime_cartoon_cartoons_airing,"['anime', 'cartoon', 'cartoons', 'airing', 'samurai', 'dub', 'sailor', 'swim', 'block', 'episodes']",
1559,49,1559_rockabilly_chorus_songwriter_singing,"['rockabilly', 'chorus', 'songwriter', 'singing', 'musicians', 'songs', 'song', 'ballads', 'songwriting', '1960s']",
1560,49,1560_brackets_parentheses_bracket_parenthesis,"['brackets', 'parentheses', 'bracket', 'parenthesis', 'bracketed', 'braces', 'notations', 'curly', 'syntax', 'chevrons']",
1561,49,1561_gulag_soviet_memoirs_novel,"['gulag', 'soviet', 'memoirs', 'novel', 'archipelago', 'politburo', 'literature', 'writings', 'manuscript', 'book']",
1562,49,1562_jong_coma_detained_postmortem,"['jong', 'coma', 'detained', 'postmortem', 'tortured', 'arrest', 'comatose', 'fainting', 'botulism', 'neurological']",
1563,49,1563_dictator_corruption_unrest_corrupt,"['dictator', 'corruption', 'unrest', 'corrupt', 'za', 'regime', 'governments', 'coup', 'embezzlement', 'mismanagement']",
1564,49,1564_scoliosis_spine_vertebral_vertebra,"['scoliosis', 'spine', 'vertebral', 'vertebra', 'spinal', 'posture', 'dystrophy', 'degenerative', 'lumbar', 'thoracic']",
1565,49,1565_festival_tomorrow_tickets_performers,"['festival', 'tomorrow', 'tickets', 'performers', 'organizers', 'ticket', 'attendees', 'anthem', 'stage', 'music']",
1566,49,1566_niger_kingdoms_ethnicities_kingdom,"['niger', 'kingdoms', 'ethnicities', 'kingdom', 'ancestor', 'monarchic', 'ethnic', 'slaves', 'monarchs', 'archaeologically']",
1567,49,1567_plc_programmable_microcontrollers_controllers,"['plc', 'programmable', 'microcontrollers', 'controllers', 'microcontroller', 'programming', 'controller', 'computers', 'hardware', 'automation']",
1568,49,1568_monopoly_monopolies_games_cash,"['monopoly', 'monopolies', 'games', 'cash', 'cards', 'licensees', 'unlimited', 'rent', 'license', 'game']",
1569,49,1569_productions_cola_merger_coca,"['productions', 'cola', 'merger', 'coca', 'corporation', 'takeover', 'subsidiary', 'company', 'shareholders', 'acquisitions']",
1570,49,1570_gambling_gambler_gamble_gamblers,"['gambling', 'gambler', 'gamble', 'gamblers', 'fortune', 'duel', 'patron', 'mistresses', 'lottery', 'scandals']",
1571,49,1571_donuts_doughnuts_donut_doughnut,"['donuts', 'doughnuts', 'donut', 'doughnut', 'restaurant', 'shop', 'mall', 'shops', 'businesses', 'stores']",
1572,49,1572_billionaires_richest_billionaire_wealthiest,"['billionaires', 'richest', 'billionaire', 'wealthiest', 'billion', 'trillion', 'wealth', '15million', '20million', '75million']",
1573,49,1573_lent_fasting_easter_liturgy,"['lent', 'fasting', 'easter', 'liturgy', 'liturgical', 'church', 'catholic', 'sacrament', 'protestant', 'observance']",
1574,48,1574_novels_books_readership_bestsellers,"['novels', 'books', 'readership', 'bestsellers', 'readers', 'book', 'literary', 'novel', 'author', 'textbooks']",
1575,48,1575_ibn_emir_mecca_medina,"['ibn', 'emir', 'mecca', 'medina', 'emirate', 'sultan', 'jihad', 'dynasty', 'ulama', 'infidels']",
1576,48,1576_ministers_minister_secretary_peerage,"['ministers', 'minister', 'secretary', 'peerage', 'cabinet', 'heath', 'conservative', 'chancellor', 'conservatives', 'exchequer']",
1577,48,1577_kratom_overdose_overdoses_alkaloids,"['kratom', 'overdose', 'overdoses', 'alkaloids', 'toxicity', 'fentanyl', 'opioids', 'opioid', 'medicines', 'antidepressant']",
1578,48,1578_knight_homicide_manslaughter_murderer,"['knight', 'homicide', 'manslaughter', 'murderer', 'bail', 'fatally', 'murder', 'alleged', 'attorneys', 'injuries']",
1579,48,1579_phase_phases_transformer_electrical,"['phase', 'phases', 'transformer', 'electrical', 'voltages', 'conductors', 'neutral', 'wires', 'wire', 'transformers']",
1580,48,1580_girdle_knights_chivalry_knight,"['girdle', 'knights', 'chivalry', 'knight', 'knightly', 'green', 'poem', 'nature', 'chivalric', 'horse']",
1581,48,1581_mix_albums_little_remix,"['mix', 'albums', 'little', 'remix', 'singles', 'debut', 'concert', 'music', 'song', 'remixed']",
1582,48,1582_shamrock_annals_priest_saint,"['shamrock', 'annals', 'priest', 'saint', 'apostles', 'pope', 'relics', 'apostle', 'earliest', 'pagans']",
1583,48,1583_aneurysms_aneurysm_coronary_prognosis,"['aneurysms', 'aneurysm', 'coronary', 'prognosis', 'vasculitis', 'arteries', 'artery', 'myocardial', 'complications', 'diagnosis']",
1584,48,1584_mirage_2000_missile_airframes,"['mirage', '2000', 'missile', 'airframes', 'aircraft', '2000s', 'cockpit', 'missiles', 'reconnaissance', 'aeronautics']",
1585,48,1585_rangers_ranger_mighty_ninja,"['rangers', 'ranger', 'mighty', 'ninja', 'dubbed', 'samurai', 'premiere', 'releases', 'premiered', 'airing']",
1586,48,1586_iso_specifications_transmission_specification,"['iso', 'specifications', 'transmission', 'specification', 'interface', 'standard', '11898', 'speed', 'transmitting', 'encodes']",
1587,48,1587_moai_statues_statue_archaeologists,"['moai', 'statues', 'statue', 'archaeologists', 'archaeological', 'volcanic', 'ceremonial', 'excavation', 'carving', 'island']",
1588,48,1588_cameras_camera_shutters_photography,"['cameras', 'camera', 'shutters', 'photography', 'shutter', 'lens', 'lenses', 'photographic', 'photographers', 'imaging']",
1589,48,1589_bigamy_waltz_alimony_dancer,"['bigamy', 'waltz', 'alimony', 'dancer', 'famous', 'dances', 'divorced', 'lover', 'met', 'marriage']",
1590,48,1590_pussy_riot_activists_protesting,"['pussy', 'riot', 'activists', 'protesting', 'protest', 'activist', 'staged', 'clashes', 'punk', 'gypsies']",
1591,48,1591_musician_songs_singers_album,"['musician', 'songs', 'singers', 'album', 'songwriters', 'song', 'recorded', 'sung', 'recordings', 'singing']",
1592,48,1592_chile_poet_poems_poem,"['chile', 'poet', 'poems', 'poem', 'poetry', 'literary', 'exile', 'canto', 'renegotiate', 'memoirs']",
1593,48,1593_directorate_security_agencies_agency,"['directorate', 'security', 'agencies', 'agency', 'executive', 'department', 'secretary', 'presidents', 'president', 'presidential']",
1594,48,1594_steampunk_cyberpunk_steam_technocrats,"['steampunk', 'cyberpunk', 'steam', 'technocrats', 'conventions', 'blogs', 'renaissance', 'coined', 'punk', 'genre']",
1595,48,1595_planets_volcanically_volcanic_planet,"['planets', 'volcanically', 'volcanic', 'planet', 'craters', 'basalts', 'magma', 'moons', 'lava', 'tectonics']",
1596,48,1596_sky_gaming_gameplay_gamer,"['sky', 'gaming', 'gameplay', 'gamer', 'game', 'games', 'launch', 'multiplayer', 'announcement', 'lack']",
1597,48,1597_brewery_beers_breweries_tents,"['brewery', 'beers', 'breweries', 'tents', 'festival', 'beer', 'celebrations', 'celebrates', 'tent', 'restaurateurs']",
1598,48,1598_drafted_rebounds_basketball_draft,"['drafted', 'rebounds', 'basketball', 'draft', 'hoop', 'bench', 'varsity', 'players', 'roster', 'coach']",
1599,48,1599_ancient_mathematician_philosophers_philosopher,"['ancient', 'mathematician', 'philosophers', 'philosopher', 'esotericism', 'vegetarians', 'philosophies', 'vegetarianism', 'sages', 'philosophy']",
1600,48,1600_mural_artworks_paintings_murals,"['mural', 'artworks', 'paintings', 'murals', 'exhibitions', 'gallery', 'exhibition', 'exhibited', 'art', 'painting']",
1601,48,1601_gamer_gamers_gaming_harassment,"['gamer', 'gamers', 'gaming', 'harassment', 'misogynistic', 'feminism', 'feminist', 'harassing', 'misogyny', 'media']",
1602,48,1602_microprocessors_microelectronics_microprocessor_processors,"['microprocessors', 'microelectronics', 'microprocessor', 'processors', 'transistors', 'silicon', 'processor', 'intel', 'monolithic', 'transistor']",
1603,48,1603_molested_murders_crimes_murdered,"['molested', 'murders', 'crimes', 'murdered', 'murdering', 'murder', 'killings', 'mutilation', 'tortured', 'molestation']",
1604,48,1604_assassination_assassinate_archduke_assassins,"['assassination', 'assassinate', 'archduke', 'assassins', 'conspirators', 'clandestine', 'treason', 'executed', 'defendants', '1914']",
1605,48,1605_noir_noirs_genre_cinematography,"['noir', 'noirs', 'genre', 'cinematography', 'filmmaking', 'films', 'cinema', 'critics', 'film', 'cinematographic']",
1606,48,1606_ibn_folktales_tales_literature,"['ibn', 'folktales', 'tales', 'literature', 'nights', 'medieval', 'narrates', 'fables', 'tale', 'classics']",
1607,48,1607_piracy_pirate_pirates_privateering,"['piracy', 'pirate', 'pirates', 'privateering', 'maritime', 'seaborne', 'seafarers', 'seas', 'navies', 'ships']",
1608,48,1608_mysticism_theosophical_spiritual_spirituality,"['mysticism', 'theosophical', 'spiritual', 'spirituality', 'epistemology', 'theosophy', 'philosophy', 'philosophical', 'epistemological', 'writings']",
1609,48,1609_gaol_literary_prose_biographies,"['gaol', 'literary', 'prose', 'biographies', 'ballad', 'sentenced', 'reading', 'imprisoned', 'wrote', 'biography']",
1610,48,1610_complexity_computational_algorithms_cryptosystems,"['complexity', 'computational', 'algorithms', 'cryptosystems', 'deterministic', 'polynomial', 'completeness', 'algorithm', 'computation', 'reducible']",
1611,48,1611_deepfake_deepfakes_videos_detecting,"['deepfake', 'deepfakes', 'videos', 'detecting', 'detection', 'hoaxes', 'hologram', 'fakes', 'ai', 'disinformation']",
1612,47,1612_metadata_semantic_vocabularies_schema,"['metadata', 'semantic', 'vocabularies', 'schema', 'catalog', 'databases', 'tags', 'catalogs', 'formats', 'descriptions']",
1613,47,1613_railway_trains_highways_buses,"['railway', 'trains', 'highways', 'buses', 'trolleybus', 'freeways', 'metro', 'routes', 'rail', 'freeway']",
1614,47,1614_olives_olive_mediterranean_tree,"['olives', 'olive', 'mediterranean', 'tree', 'orchards', 'trees', 'cultivated', 'fruit', 'oil', 'cultivars']",
1615,47,1615_till_acquitted_lynched_casket,"['till', 'acquitted', 'lynched', 'casket', 'lynching', 'coffin', 'murder', 'cemetery', 'accused', 'funeral']",
1616,47,1616_thriller_ballads_usher_albums,"['thriller', 'ballads', 'usher', 'albums', 'songs', 'album', 'lyrical', 'song', 'ballad', 'rock']",
1617,47,1617_literature_tales_adventures_books,"['literature', 'tales', 'adventures', 'books', 'poems', 'poem', 'manuscript', 'readers', 'diary', 'book']",
1618,47,1618_typhoon_landfall_cyclone_tropical,"['typhoon', 'landfall', 'cyclone', 'tropical', 'meteorological', 'monsoon', 'storm', 'winds', 'subtropical', 'wind']",
1619,47,1619_telecom_telecommunications_telecoms_broadband,"['telecom', 'telecommunications', 'telecoms', 'broadband', 'provider', 'telephony', 'crores', 'mobile', 'handsets', 'reliance']",
1620,47,1620_sabbath_bands_band_guitarist,"['sabbath', 'bands', 'band', 'guitarist', 'bassist', 'drummer', 'vocalist', 'drums', 'vocals', 'guitar']",
1621,47,1621_puritan_reformation_protestant_congregational,"['puritan', 'reformation', 'protestant', 'congregational', 'sermons', 'ecclesiastical', 'reformed', 'liturgy', 'clergy', 'church']",
1622,47,1622_conductivity_resistivity_resistances_resistance,"['conductivity', 'resistivity', 'resistances', 'resistance', 'ohms', 'impedances', 'impedance', 'resistors', 'resistive', 'conductors']",
1623,47,1623_reliance_shareholders_shareholder_chairman,"['reliance', 'shareholders', 'shareholder', 'chairman', 'chairmanship', 'shares', 'shareholding', 'companies', 'subsidiaries', 'invested']",
1624,47,1624_vampires_vampirism_vampire_vampiric,"['vampires', 'vampirism', 'vampire', 'vampiric', 'folklore', 'werewolves', 'supernatural', 'exorcism', 'werewolf', 'myths']",
1625,47,1625_genocide_humanitarian_atrocities_famine,"['genocide', 'humanitarian', 'atrocities', 'famine', 'starvation', 'starving', 'aid', 'massacres', 'hunger', 'killings']",
1626,47,1626_anorexia_bulimia_anorexic_bulimic,"['anorexia', 'bulimia', 'anorexic', 'bulimic', 'disorders', 'eating', 'disorder', 'binging', 'overweight', 'appetite']",
1627,47,1627_slash_slashes_slashed_backslash,"['slash', 'slashes', 'slashed', 'backslash', 'separator', 'notation', 'apostrophes', 'abbreviations', 'division', 'abbreviation']",
1628,47,1628_narcissism_narcissistic_psychopathy_traits,"['narcissism', 'narcissistic', 'psychopathy', 'traits', 'trait', 'personality', 'triad', 'psychopaths', 'personalities', 'conscientiousness']",
1629,47,1629_payments_bank_payment_prepaid,"['payments', 'bank', 'payment', 'prepaid', 'banks', 'debit', 'crore', 'providers', 'provider', 'fintech']",
1630,47,1630_nomadic_deserts_tribes_desert,"['nomadic', 'deserts', 'tribes', 'desert', 'sheikhs', 'villages', 'tribe', 'camels', 'mullahs', 'clans']",
1631,47,1631_quarterback_quarterbacks_touchdowns_patriots,"['quarterback', 'quarterbacks', 'touchdowns', 'patriots', 'eagles', 'interception', 'yards', 'draft', 'preseason', 'tryouts']",
1632,47,1632_chocolate_cocoa_cacao_sugar,"['chocolate', 'cocoa', 'cacao', 'sugar', 'sugars', 'baking', 'vanilla', 'flavour', 'ingredients', 'milk']",
1633,47,1633_pharmaceuticals_pharmaceutical_oxycodone_opioids,"['pharmaceuticals', 'pharmaceutical', 'oxycodone', 'opioids', 'lawsuits', 'opioid', 'lawsuit', 'drug', 'medications', 'prescribed']",
1634,47,1634_novels_literature_fiction_writings,"['novels', 'literature', 'fiction', 'writings', 'writer', 'writers', 'author', 'novel', 'literary', 'authors']",
1635,47,1635_comics_marvel_cartoonist_comic,"['comics', 'marvel', 'cartoonist', 'comic', 'superhero', 'superman', 'superheroes', 'illustrators', 'artwork', 'anthologies']",
1636,47,1636_rapper_rappers_rap_diva,"['rapper', 'rappers', 'rap', 'diva', 'singer', 'mixtape', 'songs', 'girl', 'song', 'albums']",
1637,47,1637_donkey_fairy_godmother_dragon,"['donkey', 'fairy', 'godmother', 'dragon', 'prince', 'princesses', 'ogre', 'princess', 'creatures', 'tale']",
1638,47,1638_contraception_contraceptive_contraceptives_abortion,"['contraception', 'contraceptive', 'contraceptives', 'abortion', 'abortions', 'parenthood', 'motherhood', 'pregnancies', 'pill', 'eugenics']",
1639,47,1639_adjutant_colonel_soldier_lieutenant,"['adjutant', 'colonel', 'soldier', 'lieutenant', 'brigadier', 'commanded', 'generals', 'regiment', 'stationed', 'commander']",
1640,47,1640_pasha_sultan_bey_beylik,"['pasha', 'sultan', 'bey', 'beylik', 'beyliks', 'sultans', 'sultanate', 'conqueror', 'ambushed', 'throne']",
1641,47,1641_hookah_hookahs_tobacco_smoking,"['hookah', 'hookahs', 'tobacco', 'smoking', 'smoked', 'cigarette', 'cigarettes', 'smoke', 'cafés', 'shah']",
1642,47,1642_goalscorer_scored_goals_scoring,"['goalscorer', 'scored', 'goals', 'scoring', 'goal', 'scorer', 'striker', 'strikers', 'midfielder', 'matches']",
1643,47,1643_172_aircraft_fuselage_177,"['172', 'aircraft', 'fuselage', '177', 'redesigned', 'tricycle', '170', '175', 'wing', 'tailfin']",
1644,47,1644_gospels_crucifixion_crucified_gospel,"['gospels', 'crucifixion', 'crucified', 'gospel', 'executed', 'crucify', 'martyred', 'roman', 'crucifying', 'persecution']",
1645,47,1645_genomes_genome_mutations_genes,"['genomes', 'genome', 'mutations', 'genes', 'spacer', 'genomic', 'gene', 'spacers', 'phage', 'coli']",
1646,46,1646_catch_22_circumstance_novel,"['catch', '22', 'circumstance', 'novel', 'spurious', 'escape', '22s', 'errand', 'excused', 'loopholes']",
1647,46,1647_aphasia_impairment_cognitive_dementia,"['aphasia', 'impairment', 'cognitive', 'dementia', 'impaired', 'neurodegenerative', 'subcortical', 'dementias', 'speech', 'verbal']",
1648,46,1648_screenwriter_blood_sequels_films,"['screenwriter', 'blood', 'sequels', 'films', 'rocky', 'film', 'prequel', 'novel', 'remake', 'remakes']",
1649,46,1649_arias_convicted_conviction_testified,"['arias', 'convicted', 'conviction', 'testified', 'convict', 'sherry', 'parole', 'testify', 'victim', 'innocent']",
1650,46,1650_uniforms_uniformed_berets_beret,"['uniforms', 'uniformed', 'berets', 'beret', 'regiment', 'uniform', 'navy', 'officers', 'enlisted', 'cadets']",
1651,46,1651_poems_poets_poet_poetry,"['poems', 'poets', 'poet', 'poetry', 'poem', 'literature', 'verse', 'poetical', 'literary', 'imagery']",
1652,46,1652_malpractice_appeals_swallowing_upheld,"['malpractice', 'appeals', 'swallowing', 'upheld', 'feeding', 'autopsy', 'rulings', 'appeal', 'resuscitate', 'subpoenaed']",
1653,46,1653_bucket_albums_album_pike,"['bucket', 'albums', 'album', 'pike', 'tracks', 'pikes', 'drummer', 'released', 'toured', 'slug']",
1654,46,1654_merger_firms_mergers_acquisitions,"['merger', 'firms', 'mergers', 'acquisitions', 'firm', 'merged', 'rebranding', 'company', 'partnership', 'consultancy']",
1655,46,1655_navy_military_enlisted_regiment,"['navy', 'military', 'enlisted', 'regiment', 'personnel', 'army', 'operation', 'peacekeeping', 'commander', 'detachments']",
1656,46,1656_peacekeeping_insurgents_ceasefire_insurgency,"['peacekeeping', 'insurgents', 'ceasefire', 'insurgency', 'insurgent', 'troops', 'coalition', 'soviets', 'soldiers', 'commanders']",
1657,46,1657_shamrocks_parades_shamrock_celebrated,"['shamrocks', 'parades', 'shamrock', 'celebrated', 'celebrations', 'parade', 'holiday', 'festivals', 'celebration', 'saint']",
1658,46,1658_eternal_eternally_eternity_repetitions,"['eternal', 'eternally', 'eternity', 'repetitions', 'recurrence', 'superman', 'poetic', 'nihilism', 'antithetical', 'discourses']",
1659,46,1659_tower_towers_fortification_moat,"['tower', 'towers', 'fortification', 'moat', 'castles', 'fortifications', 'castle', 'gatehouse', 'buildings', 'palaces']",
1660,46,1660_treaties_hostilities_wartime_convention,"['treaties', 'hostilities', 'wartime', 'convention', 'tribunal', 'law', 'civilians', 'laws', 'warfare', 'provisions']",
1661,46,1661_khat_banning_misuse_legality,"['khat', 'banning', 'misuse', 'legality', 'prohibition', 'imprisonment', 'smuggling', 'customs', 'ban', 'amphetamine']",
1662,46,1662_invested_investor_investors_funding,"['invested', 'investor', 'investors', 'funding', 'financing', 'invest', 'investment', 'investments', 'acquisitions', 'firms']",
1663,46,1663_democrats_parties_elections_election,"['democrats', 'parties', 'elections', 'election', 'democratic', 'constituency', 'party', 'liberal', 'coalition', 'parliamentary']",
1664,46,1664_mini_convertible_redesigned_discontinued,"['mini', 'convertible', 'redesigned', 'discontinued', 'minimalism', 'cars', 'vehicle', 'hatchback', 'editions', 'car']",
1665,46,1665_clowns_clown_concert_posse,"['clowns', 'clown', 'concert', 'posse', 'circus', 'insane', 'horrorcore', 'tour', 'rap', 'stage']",
1666,46,1666_rankings_ranking_ranks_universities,"['rankings', 'ranking', 'ranks', 'universities', 'academics', 'respondents', 'citations', 'university', 'academicians', 'humanities']",
1667,46,1667_jam_cameo_cartoon_basketball,"['jam', 'cameo', 'cartoon', 'basketball', 'cameos', 'skate', 'space', 'bunny', 'sequel', 'tunes']",
1668,46,1668_saffron_botanical_turmeric_cultivated,"['saffron', 'botanical', 'turmeric', 'cultivated', 'phytochemicals', 'aldehyde', 'fragrance', 'pigment', 'spice', 'zeaxanthin']",
1669,46,1669_mysticism_sharia_spirituality_imam,"['mysticism', 'sharia', 'spirituality', 'imam', 'mystical', 'spiritual', 'exoteric', 'sheikh', 'devotional', 'divinity']",
1670,46,1670_remixes_pet_remixed_remix,"['remixes', 'pet', 'remixed', 'remix', 'duet', 'albums', 'album', 'songs', 'shop', 'soundtrack']",
1671,46,1671_frontiersman_settlers_frontiersmen_wilderness,"['frontiersman', 'settlers', 'frontiersmen', 'wilderness', '1778', '1775', '1826', 'pioneers', 'westward', '1780']",
1672,46,1672_episodes_shows_preschoolers_blue,"['episodes', 'shows', 'preschoolers', 'blue', 'preschool', 'television', 'children', 'storybook', 'viewers', 'viewings']",
1673,46,1673_municipalities_municipality_metropolitan_cities,"['municipalities', 'municipality', 'metropolitan', 'cities', 'populous', 'urban', 'population', 'city', 'metro', 'inhabitants']",
1674,46,1674_soccer_goals_assists_goal,"['soccer', 'goals', 'assists', 'goal', 'goalscorer', 'athlete', 'striker', 'league', 'scoring', 'united']",
1675,46,1675_birthdays_birthday_probability_anniversaries,"['birthdays', 'birthday', 'probability', 'anniversaries', '365', 'randomly', '23', 'random', 'paradox', 'event']",
1676,46,1676_siren_sirens_mermaid_mermaids,"['siren', 'sirens', 'mermaid', 'mermaids', 'mythology', 'folklore', 'manatees', 'seafarers', 'creature', 'myth']",
1677,46,1677_zombie_finale_survivor_hilltop,"['zombie', 'finale', 'survivor', 'hilltop', 'walkers', 'killed', 'undead', 'killing', 'episode', 'walker']",
1678,46,1678_mosque_mosques_imam_imams,"['mosque', 'mosques', 'imam', 'imams', 'prophet', 'mecca', 'disbanded', 'nationalist', 'preacher', 'founder']",
1679,46,1679_swan_swans_epistemic_theory,"['swan', 'swans', 'epistemic', 'theory', 'book', 'events', 'conclusions', 'black', 'randomness', 'unpredictable']",
1680,46,1680_mar_trump_mansion_vacation,"['mar', 'trump', 'mansion', 'vacation', 'presidential', 'palm', 'residence', 'president', 'resort', 'larch']",
1681,46,1681_sequels_avatar_sequel_3d,"['sequels', 'avatar', 'sequel', '3d', 'filming', '2023', 'film', 'films', '2026', '2028']",
1682,46,1682_soldiers_helicopter_surrender_mujahideen,"['soldiers', 'helicopter', 'surrender', 'mujahideen', 'prisoner', 'commanding', 'sergeant', 'tortured', 'decapitating', 'killing']",
1683,45,1683_tron_legacy_trailers_disc,"['tron', 'legacy', 'trailers', 'disc', 'trailer', 'animation', 'screenwriters', 'chroma', 'animated', 'storyboards']",
1684,45,1684_roguelikes_roguelike_rogue_gameplay,"['roguelikes', 'roguelike', 'rogue', 'gameplay', 'dungeons', 'games', 'procedural', 'genre', 'procedurally', 'dungeon']",
1685,45,1685_vocals_concert_vocalist_musicians,"['vocals', 'concert', 'vocalist', 'musicians', 'guitarist', 'toured', 'musician', 'percussionists', 'percussionist', 'percussion']",
1686,45,1686_editions_comics_hardcover_edition,"['editions', 'comics', 'hardcover', 'edition', 'miniseries', 'novels', 'protagonist', 'paperbacks', 'comic', 'vertigo']",
1687,45,1687_playwright_playwrights_theatricality_theatre,"['playwright', 'playwrights', 'theatricality', 'theatre', 'dramatize', 'dramatist', 'dramatists', 'modernist', 'poet', 'expressionist']",
1688,45,1688_paintings_painting_painters_painter,"['paintings', 'painting', 'painters', 'painter', 'murals', 'paint', 'painterly', 'painted', 'artwork', 'artistic']",
1689,45,1689_harassment_allegations_harassed_assaulted,"['harassment', 'allegations', 'harassed', 'assaulted', 'victimized', 'accusations', 'misconduct', 'violence', 'behavior', 'incidents']",
1690,45,1690_doll_child_dolls_voiced,"['doll', 'child', 'dolls', 'voiced', 'remake', 'pining', 'films', 'billy', 'campy', 'puppeteers']",
1691,45,1691_jeep_jeeps_vehicle_vehicles,"['jeep', 'jeeps', 'vehicle', 'vehicles', 'chassis', 'wagon', 'branded', 'motors', 'trademark', 'truck']",
1692,45,1692_cinema_filmmaking_cinemas_films,"['cinema', 'filmmaking', 'cinemas', 'films', 'filmmakers', 'film', 'filmmaker', 'theaters', 'movies', 'studios']",
1693,45,1693_bomber_bombers_missiles_aircraft,"['bomber', 'bombers', 'missiles', 'aircraft', 'missile', 'aerospace', 'soviet', 'aviation', 'plane', 'flights']",
1694,45,1694_monarchy_1867_confederation_1918,"['monarchy', '1867', 'confederation', '1918', '1848', '1871', 'constitution', 'revolution', 'constitutional', 'empire']",
1695,45,1695_sugar_sugars_sugarcane_glucose,"['sugar', 'sugars', 'sugarcane', 'glucose', 'molasses', 'syrup', 'syrups', 'fructose', 'fermentation', 'harvested']",
1696,45,1696_art_artistic_marina_exhibition,"['art', 'artistic', 'marina', 'exhibition', 'museum', 'gallery', 'artist', 'performances', 'objectification', 'chair']",
1697,45,1697_racing_qualifying_raced_laps,"['racing', 'qualifying', 'raced', 'laps', 'prix', 'competed', 'motorsport', 'pace', 'standings', 'podium']",
1698,45,1698_cellar_cellars_imprisonment_captives,"['cellar', 'cellars', 'imprisonment', 'captives', 'raped', 'prison', 'basement', 'abused', 'traumatised', 'children']",
1699,45,1699_ruby_rails_gems_interpreter,"['ruby', 'rails', 'gems', 'interpreter', 'programming', 'rake', 'compilers', 'programmer', 'libraries', 'language']",
1700,45,1700_saints_row_stadia_games,"['saints', 'row', 'stadia', 'games', 'arcade', 'game', 'gang', 'gangs', 'remastered', 'gameplay']",
1701,45,1701_yakuza_anime_animations_chibi,"['yakuza', 'anime', 'animations', 'chibi', 'voice', 'idol', 'engine', 'yen', 'sensei', 'figurines']",
1702,45,1702_sales_revenue_disc_discs,"['sales', 'revenue', 'disc', 'discs', 'blu', 'debuted', '4million', 'selling', 'total', 'edition']",
1703,45,1703_rabies_raccoons_infectious_vaccines,"['rabies', 'raccoons', 'infectious', 'vaccines', 'bitten', 'disease', 'viruses', 'vaccination', 'vaccine', 'virus']",
1704,45,1704_gypsy_disorder_seizure_investigators,"['gypsy', 'disorder', 'seizure', 'investigators', 'syndrome', 'dystrophy', 'illness', 'victim', 'diagnosis', 'suspected']",
1705,45,1705_clover_paramount_film_directorial,"['clover', 'paramount', 'film', 'directorial', 'movie', 'robot', 'lane', 'cinéma', 'sequel', 'fiction']",
1706,45,1706_shades_sequels_twilight_trilogy,"['shades', 'sequels', 'twilight', 'trilogy', 'film', 'sequel', 'released', 'melodramas', 'grey', '2012']",
1707,45,1707_monastery_monks_monastic_monastics,"['monastery', 'monks', 'monastic', 'monastics', 'nam', 'buddha', 'monasteries', 'monk', 'pagoda', 'temple']",
1708,45,1708_scream_sequels_screenwriter_sequel,"['scream', 'sequels', 'screenwriter', 'sequel', 'trilogy', 'film', 'films', 'cliffhangers', 'movie', 'fifth']",
1709,45,1709_tablet_underworld_entrails_netherworld,"['tablet', 'underworld', 'entrails', 'netherworld', 'throne', 'tablets', 'epic', 'gods', 'eternal', 'heaven']",
1710,45,1710_peat_peatlands_peatland_wetlands,"['peat', 'peatlands', 'peatland', 'wetlands', 'soils', 'soil', 'lignite', 'wetland', 'coal', 'bog']",
1711,45,1711_thirty_seconds_tour_album,"['thirty', 'seconds', 'tour', 'album', 'headlining', 'touring', '30', 'debut', 'band', 'rock']",
1712,45,1712_saxophones_saxophone_sax_saxophonists,"['saxophones', 'saxophone', 'sax', 'saxophonists', 'saxophonist', 'instruments', 'instrument', 'tenors', 'clarinet', 'tenor']",
1713,45,1713_telecommunications_telecom_telecoms_telecommunication,"['telecommunications', 'telecom', 'telecoms', 'telecommunication', 'telephony', 'telephone', 'provider', 'broadband', 'telephones', 'mobile']",
1714,45,1714_interceptions_touchdowns_quarterback_interception,"['interceptions', 'touchdowns', 'quarterback', 'interception', 'quarterbacks', 'touchdown', 'yards', 'throw', 'rushing', 'buccaneers']",
1715,45,1715_tractors_tractor_deer_axles,"['tractors', 'tractor', 'deer', 'axles', 'machinery', 'horsepower', 'farm', 'farmers', 'gearboxes', 'plough']",
1716,45,1716_quoting_quotations_quotes_apostrophes,"['quoting', 'quotations', 'quotes', 'apostrophes', 'quotation', 'punctuation', 'italics', 'quoted', 'marks', 'apostrophe']",
1717,45,1717_panther_vibranium_panthers_spider,"['panther', 'vibranium', 'panthers', 'spider', 'doom', 'weapon', 'throne', 'king', 'hunter', 'confronts']",
1718,45,1718_profiles_chats_swipes_profile,"['profiles', 'chats', 'swipes', 'profile', 'chatting', 'selfies', 'swipe', 'catfishing', 'matched', 'users']",
1719,45,1719_enterprises_ventures_affiliate_companies,"['enterprises', 'ventures', 'affiliate', 'companies', 'commerce', 'marketplace', 'company', 'firms', 'marketplaces', 'market']",
1720,45,1720_fibromyalgia_fibrous_neuropathy_chronic,"['fibromyalgia', 'fibrous', 'neuropathy', 'chronic', 'neuropathic', 'symptoms', 'symptom', 'pain', 'disorders', 'diagnosis']",
1721,44,1721_tithes_genesis_tithe_testament,"['tithes', 'genesis', 'tithe', 'testament', 'pharaoh', 'deity', 'priesthood', 'psalm', 'verses', 'prophethood']",
1722,44,1722_celestial_eternal_awakening_immortal,"['celestial', 'eternal', 'awakening', 'immortal', 'destruction', 'gods', 'cosmos', 'destroy', 'realities', 'creation']",
1723,44,1723_empathy_empathic_empathizing_empathize,"['empathy', 'empathic', 'empathizing', 'empathize', 'sympathy', 'compassion', 'interpersonal', 'altruism', 'caring', 'moral']",
1724,44,1724_surrogacy_surrogates_surrogate_parenthood,"['surrogacy', 'surrogates', 'surrogate', 'parenthood', 'fertility', 'legality', 'infertility', 'adoptions', 'decriminalize', 'adoption']",
1725,44,1725_tennis_tournaments_tournament_championships,"['tennis', 'tournaments', 'tournament', 'championships', 'finals', 'quarterfinal', 'quarterfinals', 'finalist', 'semifinal', 'semifinalist']",
1726,44,1726_brands_brand_margarine_soap,"['brands', 'brand', 'margarine', 'soap', 'oils', 'merger', 'detergents', 'company', 'takeover', 'maker']",
1727,44,1727_leftist_leftists_nationalists_liberal,"['leftist', 'leftists', 'nationalists', 'liberal', 'conservatives', 'extremist', 'nationalist', 'alt', 'fascist', 'rightists']",
1728,44,1728_medal_medals_presidential_president,"['medal', 'medals', 'presidential', 'president', 'bestowed', 'awards', 'liberty', 'award', 'freedom', 'honors']",
1729,44,1729_quarterback_quarterbacks_interceptions_manning,"['quarterback', 'quarterbacks', 'interceptions', 'manning', 'touchdowns', 'browns', 'interception', 'touchdown', 'fumbled', 'yards']",
1730,44,1730_nazi_1941_1939_1944,"['nazi', '1941', '1939', '1944', 'wartime', 'camps', '1940', 'polish', '1938', '1945']",
1731,44,1731_fractal_curves_boundary_holomorphic,"['fractal', 'curves', 'boundary', 'holomorphic', 'bifurcation', 'curve', 'connectedness', 'plotting', 'locus', 'topological']",
1732,44,1732_limp_rock_bands_band,"['limp', 'rock', 'bands', 'band', 'rap', 'concertgoers', 'genre', 'bassist', 'frontman', 'listen']",
1733,44,1733_devil_demon_satan_soul,"['devil', 'demon', 'satan', 'soul', 'souls', 'folklore', 'lamentation', '1540', 'scholar', 'puppet']",
1734,44,1734_goalscorer_footballer_goals_goalscoring,"['goalscorer', 'footballer', 'goals', 'goalscoring', 'scored', 'scoring', 'arsenal', 'goal', 'dribbler', 'scudetto']",
1735,44,1735_libraries_library_librarians_bibliographic,"['libraries', 'library', 'librarians', 'bibliographic', 'scholarly', 'books', 'periodicals', 'journals', 'manuscripts', 'databases']",
1736,44,1736_heir_eldest_nobility_peerage,"['heir', 'eldest', 'nobility', 'peerage', 'baronetcy', 'knighted', 'precedence', 'knighthoods', 'monarchies', 'knighthood']",
1737,44,1737_radium_chemist_polonium_radioactive,"['radium', 'chemist', 'polonium', 'radioactive', 'sciences', 'chemistry', 'laureates', 'radiation', 'scientists', 'radioactivity']",
1738,44,1738_sitcom_episodes_sergeants_sheriff,"['sitcom', 'episodes', 'sergeants', 'sheriff', 'comedian', 'ron', 'episode', 'reruns', 'deputy', 'corporal']",
1739,44,1739_scum_feminist_satirist_manifesto,"['scum', 'feminist', 'satirist', 'manifesto', 'feminism', 'autobiographical', 'assault', '1968', 'schizophrenia', '1967']",
1740,44,1740_moose_singer_mansa_rapper,"['moose', 'singer', 'mansa', 'rapper', 'songs', 'song', 'billboard', 'gangster', 'charted', 'singers']",
1741,44,1741_population_municipalities_municipality_cities,"['population', 'municipalities', 'municipality', 'cities', 'inhabitants', 'area', 'city', 'populous', 'km²', 'populated']",
1742,44,1742_sober_sobriety_rehab_addiction,"['sober', 'sobriety', 'rehab', 'addiction', 'addict', 'alcoholic', 'alcoholism', 'addictions', 'rehabilitation', 'alcoholics']",
1743,44,1743_ant_ants_toured_tour,"['ant', 'ants', 'toured', 'tour', 'concert', 'concerts', 'tours', 'band', 'bassist', 'albums']",
1744,44,1744_financial_investors_investor_founder,"['financial', 'investors', 'investor', 'founder', 'bankruptcies', 'bankrupt', 'bankrolled', 'fund', 'liquidation', 'billionaire']",
1745,44,1745_trail_anchorage_abandoned_rescued,"['trail', 'anchorage', 'abandoned', 'rescued', 'canoe', 'hitchhiked', 'hiking', 'wilderness', 'bus', 'hitchhiking']",
1746,44,1746_magnum_episodes_detective_episode,"['magnum', 'episodes', 'detective', 'episode', 'robin', 'narrated', 'murder', 'aired', 'crime', 'showrunner']",
1747,44,1747_moss_quarterback_cornerback_punts,"['moss', 'quarterback', 'cornerback', 'punts', 'touchdowns', 'catches', 'punter', 'receptions', 'touchdown', 'patriots']",
1748,43,1748_papacy_1523_1527_papal,"['papacy', '1523', '1527', 'papal', '1471', 'pope', '1537', 'renaissance', '1478', '1454']",
1749,43,1749_orcas_orca_whale_dolphin,"['orcas', 'orca', 'whale', 'dolphin', 'whales', 'drowning', 'dolphins', 'marine', 'captivity', 'underwater']",
1750,43,1750_cartoonist_comic_strips_cartoon,"['cartoonist', 'comic', 'strips', 'cartoon', 'strip', 'syndicated', 'syndicate', 'newspapers', 'storylines', 'paws']",
1751,43,1751_aids_antiretroviral_epidemiology_prevalence,"['aids', 'antiretroviral', 'epidemiology', 'prevalence', 'population', 'epidemic', 'mortality', 'infections', 'pandemic', 'malaria']",
1752,43,1752_spam_restaurants_condiments_barbecue,"['spam', 'restaurants', 'condiments', 'barbecue', 'canned', 'sandwiches', 'spiced', 'food', 'burgers', 'foods']",
1753,43,1753_motorcycles_motorcycle_motorbikes_motorbike,"['motorcycles', 'motorcycle', 'motorbikes', 'motorbike', 'bikes', 'riders', 'bicycles', 'hog', 'factory', 'manufacturers']",
1754,43,1754_toured_band_headlining_album,"['toured', 'band', 'headlining', 'album', 'guitarist', 'albums', 'musically', 'touring', 'tour', 'bandmate']",
1755,43,1755_loaf_meat_duet_duets,"['loaf', 'meat', 'duet', 'duets', 'sang', 'songs', 'song', 'bat', 'vocalist', 'album']",
1756,43,1756_horse_horses_cavalry_rode,"['horse', 'horses', 'cavalry', 'rode', '1877', 'cow', 'crazy', 'massacre', 'buffalo', 'tribesmen']",
1757,43,1757_festival_lawsuit_lawsuits_defrauded,"['festival', 'lawsuit', 'lawsuits', 'defrauded', 'sued', 'plaintiffs', 'plaintiff', 'alleging', 'fraudulent', 'negligence']",
1758,43,1758_noblewomen_empress_maids_governesses,"['noblewomen', 'empress', 'maids', 'governesses', 'nobility', 'princesses', 'noblewoman', 'queen', 'mistress', 'lady']",
1759,43,1759_retailer_retailers_marketplace_marketplaces,"['retailer', 'retailers', 'marketplace', 'marketplaces', 'merchants', 'shop', 'commerce', 'rebranded', 'amazon', 'sales']",
1760,43,1760_expedition_expeditions_1803_voyage,"['expedition', 'expeditions', '1803', 'voyage', 'explorers', 'westward', '1805', 'tribe', 'tribes', '1806']",
1761,43,1761_grand_central_midtown_terminal,"['grand', 'central', 'midtown', 'terminal', 'concourse', 'subway', 'railroad', 'station', 'viaduct', 'basement']",
1762,43,1762_hill_gibbons_vocalist_rock,"['hill', 'gibbons', 'vocalist', 'rock', 'beard', 'rocky', 'dusty', 'bassist', 'vocals', 'album']",
1763,43,1763_blueberries_blueberry_berries_cranberries,"['blueberries', 'blueberry', 'berries', 'cranberries', 'cranberry', 'cultivars', 'berry', 'cultivated', 'horticultural', 'harvested']",
1764,43,1764_microseconds_timestamps_clocks_epoch,"['microseconds', 'timestamps', 'clocks', 'epoch', 'timestamp', 'clock', 'seconds', 'timekeeping', '2038', 'date']",
1765,43,1765_tinnitus_auditory_otitis_ears,"['tinnitus', 'auditory', 'otitis', 'ears', 'ear', 'cochlear', 'hearing', 'tones', 'buzzing', 'loudness']",
1766,43,1766_currencies_renminbi_currency_yuan,"['currencies', 'renminbi', 'currency', 'yuan', 'monetary', 'banknote', 'banknotes', 'yen', 'euro', 'dollar']",
1767,43,1767_amber_ambergris_jewelry_fragrance,"['amber', 'ambergris', 'jewelry', 'fragrance', 'resin', 'resins', 'pine', 'trees', 'fossil', 'resinous']",
1768,43,1768_yakuza_gangs_crime_gang,"['yakuza', 'gangs', 'crime', 'gang', 'thugs', 'enforcers', 'criminal', 'delinquents', 'syndicates', 'bosses']",
1769,43,1769_brave_browser_browsers_chrome,"['brave', 'browser', 'browsers', 'chrome', 'browse', 'browsing', 'ads', 'advertisements', 'ad', 'web']",
1770,43,1770_bugs_insects_insecticides_pest,"['bugs', 'insects', 'insecticides', 'pest', 'pests', 'mosquitoes', 'larvae', 'infestations', 'bed', 'mosquito']",
1771,43,1771_pit_rap_song_remix,"['pit', 'rap', 'song', 'remix', 'songs', 'rapper', 'soundtrack', 'tracks', 'album', 'chorus']",
1772,43,1772_calendar_calendars_dates_holidays,"['calendar', 'calendars', 'dates', 'holidays', 'astronomical', 'astrologer', 'equinox', 'lunar', 'pilgrimage', 'month']",
1773,43,1773_calculators_calculator_microelectronics_calculation,"['calculators', 'calculator', 'microelectronics', 'calculation', 'calculations', 'multiplication', 'computers', 'electronics', 'intel', 'circuits']",
1774,43,1774_statutes_limitations_statute_limitation,"['statutes', 'limitations', 'statute', 'limitation', 'prosecution', 'misdemeanors', 'statutory', 'felonies', 'crimes', 'dismissal']",
1775,43,1775_priesthood_rituals_hymns_archaic,"['priesthood', 'rituals', 'hymns', 'archaic', 'caste', 'orthodoxy', 'priests', 'shrines', 'scripture', 'demonology']",
1776,43,1776_jock_reunion_cast_sitcom,"['jock', 'reunion', 'cast', 'sitcom', 'finale', 'donna', 'episode', 'storylines', 'rerun', 'grandchild']",
1777,43,1777_boar_boars_pigs_pig,"['boar', 'boars', 'pigs', 'pig', 'wildlife', 'animals', 'swine', 'extinct', 'hunting', 'breeding']",
1778,43,1778_supermarket_supermarkets_shops_retailer,"['supermarket', 'supermarkets', 'shops', 'retailer', 'stores', 'store', 'grocery', 'groceries', 'market', 'headquartered']",
1779,43,1779_fasting_fasts_fasted_fast,"['fasting', 'fasts', 'fasted', 'fast', 'fatwas', 'eating', 'eat', 'abstain', 'meal', 'diabetics']",
1780,43,1780_infantry_battalions_allied_landings,"['infantry', 'battalions', 'allied', 'landings', 'troops', 'regiment', 'casualties', 'commanders', 'battalion', 'reinforcements']",
1781,43,1781_protests_protesters_protest_demonstrators,"['protests', 'protesters', 'protest', 'demonstrators', 'square', 'rioting', 'chang', 'incident', 'marched', 'marches']",
1782,43,1782_witches_prophecy_throne_king,"['witches', 'prophecy', 'throne', 'king', 'tyrant', 'murderer', 'kingship', 'kings', 'chronicles', 'castle']",
1783,43,1783_peanuts_comics_cartoonists_reprint,"['peanuts', 'comics', 'cartoonists', 'reprint', 'reprints', 'cartoons', 'syndicated', 'strips', 'comic', 'reprinted']",
1784,43,1784_penicillin_antibiotics_antibiotic_antimicrobial,"['penicillin', 'antibiotics', 'antibiotic', 'antimicrobial', 'antibacterial', 'bactericidal', 'antiseptics', 'microbiology', 'infections', 'fungal']",
1785,43,1785_phosphors_phosphor_luminous_fluorescent,"['phosphors', 'phosphor', 'luminous', 'fluorescent', 'led', 'brightness', 'lighting', 'illumination', 'fluorescence', 'lamp']",
1786,42,1786_martial_kung_karate_taekwondo,"['martial', 'kung', 'karate', 'taekwondo', 'lee', 'sparring', 'fighter', 'judo', 'fights', 'kong']",
1787,42,1787_werewolf_werewolves_wolf_lycanthropy,"['werewolf', 'werewolves', 'wolf', 'lycanthropy', 'wolves', 'medieval', 'folklore', 'witchcraft', 'witches', 'malady']",
1788,42,1788_marvel_marvels_superhero_superheroes,"['marvel', 'marvels', 'superhero', 'superheroes', 'comics', 'superman', 'captain', 'comic', 'cartoony', 'superhuman']",
1789,42,1789_tai_chi_martial_wushu,"['tai', 'chi', 'martial', 'wushu', 'yang', 'practiced', 'arts', 'yin', 'meditation', 'training']",
1790,42,1790_cents_coins_monetary_shillings,"['cents', 'coins', 'monetary', 'shillings', 'coin', 'silver', 'currency', 'currencies', 'coinage', 'dollar']",
1791,42,1791_inter_assists_goalscorer_scored,"['inter', 'assists', 'goalscorer', 'scored', 'goals', 'scoring', 'qualifying', 'scorer', 'italiana', 'assist']",
1792,42,1792_massacre_soldiers_victims_civilians,"['massacre', 'soldiers', 'victims', 'civilians', 'regiment', 'raped', 'infantry', 'atrocities', 'corporal', 'veterans']",
1793,42,1793_soldier_poet_poem_poems,"['soldier', 'poet', 'poem', 'poems', 'autobiography', 'trenches', 'poets', '1918', 'infantry', 'prose']",
1794,42,1794_leases_addresses_client_subnet,"['leases', 'addresses', 'client', 'subnet', 'subnets', 'lease', 'clients', 'routers', 'protocol', 'address']",
1795,42,1795_neolithic_archaeological_excavations_paleolithic,"['neolithic', 'archaeological', 'excavations', 'paleolithic', 'archeological', 'archaeologists', 'prehistoric', 'prehistory', 'pottery', 'necropolis']",
1796,42,1796_griffin_rebounds_basketball_wizards,"['griffin', 'rebounds', 'basketball', 'wizards', 'triple', 'clippers', 'suns', 'interceptions', 'rookies', 'assists']",
1797,42,1797_surrealists_surrealist_surrealism_surrealistic,"['surrealists', 'surrealist', 'surrealism', 'surrealistic', 'artists', 'artistes', 'symbolist', 'artistic', 'arts', 'cubism']",
1798,42,1798_1850_settlers_1846_goldfields,"['1850', 'settlers', '1846', 'goldfields', '1848', 'san', '1849', 'rush', '1847', 'gold']",
1799,42,1799_serve_serving_volley_frontcourt,"['serve', 'serving', 'volley', 'frontcourt', 'play', 'ball', 'server', 'service', 'hitting', 'opponent']",
1800,42,1800_engineering_engineers_engineer_electrical,"['engineering', 'engineers', 'engineer', 'electrical', 'electronics', 'disciplines', 'biomechanics', 'electrochemistry', 'physicists', 'electronic']",
1801,42,1801_festivals_festival_concerts_orchestras,"['festivals', 'festival', 'concerts', 'orchestras', 'venues', 'concert', 'theatre', 'orchestra', 'soloists', 'performances']",
1802,42,1802_sentinel_islands_island_jungle,"['sentinel', 'islands', 'island', 'jungle', 'tribe', 'north', 'reefs', 'islanders', 'anthropological', 'tribals']",
1803,42,1803_autobahns_autobahn_throttling_highways,"['autobahns', 'autobahn', 'throttling', 'highways', 'motorways', 'speeds', 'limiters', 'speed', 'driving', 'traffic']",
1804,42,1804_watches_wristwatches_wristwatch_watchmaker,"['watches', 'wristwatches', 'wristwatch', 'watchmaker', 'timepieces', 'brand', 'bracelet', 'oyster', 'bracelets', 'marketed']",
1805,42,1805_actress_actresses_starred_portrayed,"['actress', 'actresses', 'starred', 'portrayed', 'personae', 'film', 'films', 'goddess', 'tutti', 'femmes']",
1806,42,1806_aikido_kendo_martial_judo,"['aikido', 'kendo', 'martial', 'judo', 'ryū', 'jujutsu', 'karate', 'founder', 'kyō', 'kai']",
1807,42,1807_automotive_motors_automobile_jaguar,"['automotive', 'motors', 'automobile', 'jaguar', 'vehicle', 'vehicles', 'cars', 'brands', 'bus', 'truck']",
1808,42,1808_sitcom_cast_bunch_spinoffs,"['sitcom', 'cast', 'bunch', 'spinoffs', 'tv', 'movie', 'episodes', 'paramount', 'television', 'house']",
1809,42,1809_park_parks_parking_central,"['park', 'parks', 'parking', 'central', 'parkland', 'recreation', 'playgrounds', 'playground', 'landmark', 'commissioners']",
1810,42,1810_conquered_tribes_ancient_steppes,"['conquered', 'tribes', 'ancient', 'steppes', 'nomadic', 'tribe', 'steppe', 'cultures', 'nomadism', 'ethnogenesis']",
1811,42,1811_smartphone_smartphones_android_flagship,"['smartphone', 'smartphones', 'android', 'flagship', 'mi', 'mobile', 'apple', 'phones', 'phone', 'devices']",
1812,42,1812_vocalists_singer_albums_ballads,"['vocalists', 'singer', 'albums', 'ballads', 'songs', 'sang', 'artists', 'remix', 'remixing', 'artist']",
1813,42,1813_honeys_honey_honeydew_bees,"['honeys', 'honey', 'honeydew', 'bees', 'sugar', 'nectar', 'sugars', 'beekeepers', 'sucrose', 'viscosity']",
1814,42,1814_albums_toured_album_concerts,"['albums', 'toured', 'album', 'concerts', 'band', 'sang', 'vocals', 'songs', 'tracks', 'collaborated']",
1815,42,1815_photovoltaics_photovoltaic_solar_panels,"['photovoltaics', 'photovoltaic', 'solar', 'panels', 'modules', 'electricity', 'module', 'panel', 'inverters', 'electrical']",
1816,42,1816_bebop_cowboy_anime_episodes,"['bebop', 'cowboy', 'anime', 'episodes', 'otaku', 'manga', '1998', 'dub', 'lauded', 'someday']",
1817,42,1817_imaging_radiographic_radiology_scanning,"['imaging', 'radiographic', 'radiology', 'scanning', 'scanned', 'scanners', 'scan', 'scanner', 'magnetization', 'radiographs']",
1818,42,1818_logistics_freight_warehousing_procurement,"['logistics', 'freight', 'warehousing', 'procurement', 'warehouses', 'inventory', 'transport', 'transportation', 'logistic', 'production']",
1819,42,1819_javelin_athlete_badminton_olympic,"['javelin', 'athlete', 'badminton', 'olympic', 'athletics', 'medals', 'medalist', 'thrower', 'throwing', 'medal']",
1820,42,1820_theme_melody_soundtrack_tune,"['theme', 'melody', 'soundtrack', 'tune', 'song', 'medley', 'songs', 'lyrics', 'music', 'sung']",
1821,42,1821_commerce_retailers_shopping_retailing,"['commerce', 'retailers', 'shopping', 'retailing', 'retail', 'shoppers', 'retailer', 'consumers', 'purchases', 'shop']",
1822,42,1822_trail_trails_overland_railroad,"['trail', 'trails', 'overland', 'railroad', 'wagons', '1840s', '1846', 'wagon', '1847', 'traveled']",
1823,42,1823_rover_rovers_vehicles_vehicle,"['rover', 'rovers', 'vehicles', 'vehicle', 'chassis', 'range', 'terrain', 'terrains', 'wheel', 'wheelbase']",
1824,42,1824_congressman_lawmaker_misconduct_congressional,"['congressman', 'lawmaker', 'misconduct', 'congressional', 'appeals', 'congress', 'representative', 'litigation', 'amnesty', 'amendment']",
1825,42,1825_postcolonial_imperialism_moralist_revolt,"['postcolonial', 'imperialism', 'moralist', 'revolt', 'french', 'mediterranean', 'noirs', 'philosopher', 'homme', 'philosophers']",
1826,42,1826_hound_warrior_hurling_sword,"['hound', 'warrior', 'hurling', 'sword', 'spear', 'ferocious', 'charioteer', 'cattle', 'horses', 'fierce']",
1827,42,1827_ferns_fern_angiosperms_phylogenetic,"['ferns', 'fern', 'angiosperms', 'phylogenetic', 'phylogeny', 'phylogenetically', 'plants', 'angiosperm', 'fossil', 'fossils']",
1828,42,1828_credit_social_debtors_audits,"['credit', 'social', 'debtors', 'audits', 'blacklists', 'debts', 'loans', 'governments', 'financial', 'regulatory']",
1829,42,1829_compulsions_compulsive_obsessive_obsession,"['compulsions', 'compulsive', 'obsessive', 'obsession', 'obsessions', 'disorder', 'disorders', 'addiction', 'phobia', 'compulsively']",
1830,42,1830_bodybuilder_bodybuilding_bodybuilders_competed,"['bodybuilder', 'bodybuilding', 'bodybuilders', 'competed', 'weightlifting', 'competitions', 'physique', 'fitness', 'gym', 'biceps']",
1831,42,1831_actress_siblings_celebrity_actor,"['actress', 'siblings', 'celebrity', 'actor', 'divorce', 'daughter', 'married', 'comedian', 'paternal', 'acting']",
1832,42,1832_assassinated_assassination_hanged_assassinate,"['assassinated', 'assassination', 'hanged', 'assassinate', 'assassin', 'stepped', 'prayer', 'eyewitness', 'bullets', 'apprehended']",
1833,42,1833_eugenics_eugenic_geneticists_genetic,"['eugenics', 'eugenic', 'geneticists', 'genetic', 'sterilisation', 'sterilization', 'sterilizing', 'abortions', 'genetics', 'scientism']",
1834,42,1834_civilians_contractors_prosecution_enforcement,"['civilians', 'contractors', 'prosecution', 'enforcement', 'security', 'contractor', 'soldier', 'fired', 'negligence', 'officials']",
1835,41,1835_botany_botanist_botanists_botanical,"['botany', 'botanist', 'botanists', 'botanical', 'flora', 'plants', 'sciences', 'sapiens', 'expeditions', 'professors']",
1836,41,1836_publics_public_pr_communicators,"['publics', 'public', 'pr', 'communicators', 'organizations', 'organization', 'publicity', 'journalism', 'communications', 'governmental']",
1837,41,1837_nonfiction_magazines_magazine_anthologies,"['nonfiction', 'magazines', 'magazine', 'anthologies', 'writer', 'writers', 'novels', 'fiction', 'published', 'books']",
1838,41,1838_kimchi_rice_cabbage_cuisine,"['kimchi', 'rice', 'cabbage', 'cuisine', 'recipes', 'chili', 'cabbages', 'pepper', 'fermented', 'seafood']",
1839,41,1839_anna_marriage_dolly_marrying,"['anna', 'marriage', 'dolly', 'marrying', 'affair', 'divorce', 'marry', 'husband', 'couple', 'unfaithful']",
1840,41,1840_traumatic_trauma_traumas_posttraumatic,"['traumatic', 'trauma', 'traumas', 'posttraumatic', 'psychiatric', 'psychological', 'disorders', 'disorder', 'symptomatology', 'stress']",
1841,41,1841_château_vineyard_baronet_winemaking,"['château', 'vineyard', 'baronet', 'winemaking', 'estates', 'financiers', 'baron', '1744', 'wine', 'palaces']",
1842,41,1842_tunnel_tunnelling_tunnels_railways,"['tunnel', 'tunnelling', 'tunnels', 'railways', 'railway', 'trains', 'transport', 'rail', 'train', 'lorries']",
1843,41,1843_rivers_celebrity_housewives_comedian,"['rivers', 'celebrity', 'housewives', 'comedian', 'contestant', 'celebrities', 'comedians', 'diva', 'carol', 'woody']",
1844,41,1844_antifa_activists_fascists_fascist,"['antifa', 'activists', 'fascists', 'fascist', 'protesters', 'oppose', 'protests', 'anti', 'extremists', 'extremism']",
1845,41,1845_straits_albums_guitarist_dire,"['straits', 'albums', 'guitarist', 'dire', 'guitar', 'album', 'keyboardist', 'tour', 'percussionist', 'bass']",
1846,41,1846_edict_orthodoxy_roman_persecution,"['edict', 'orthodoxy', 'roman', 'persecution', 'ecumenical', 'baptism', 'religions', 'ecclesiastical', 'theological', 'synod']",
1847,41,1847_guitars_guitar_fretboard_frets,"['guitars', 'guitar', 'fretboard', 'frets', 'necks', 'fret', 'strings', 'acoustic', 'neck', 'instrument']",
1848,41,1848_limerence_attraction_affection_intrusive,"['limerence', 'attraction', 'affection', 'intrusive', 'infatuation', 'mutually', 'relationships', 'sexuality', 'limerent', 'sexual']",
1849,41,1849_philosopher_martyrs_paganism_martyr,"['philosopher', 'martyrs', 'paganism', 'martyr', 'pagan', 'pagans', 'philosophers', 'roman', 'bishop', 'ancient']",
1850,41,1850_shingles_herpesvirus_chickenpox_herpes,"['shingles', 'herpesvirus', 'chickenpox', 'herpes', 'smallpox', 'zoster', 'immunity', 'infectivity', 'inflammation', 'viral']",
1851,41,1851_heritage_preservation_films_film,"['heritage', 'preservation', 'films', 'film', 'culturally', 'filmmakers', 'preserved', 'archives', 'conservation', 'aesthetic']",
1852,41,1852_slim_richest_billionaire_pesos,"['slim', 'richest', 'billionaire', 'pesos', 'shareholder', 'conglomerate', 'invested', 'holdings', 'wealth', 'ownership']",
1853,41,1853_ninja_manga_anime_shinobi,"['ninja', 'manga', 'anime', 'shinobi', 'shōnen', 'characters', 'character', 'protagonists', 'storyline', 'costume']",
1854,41,1854_opioid_senator_senators_lobbyist,"['opioid', 'senator', 'senators', 'lobbyist', 'overdoses', 'overdose', 'funding', 'bipartisan', 'senate', 'federal']",
1855,41,1855_trump_trumps_president_grandchildren,"['trump', 'trumps', 'president', 'grandchildren', 'paternal', 'grandparents', 'siblings', 'family', 'grandfather', 'father']",
1856,41,1856_scratch_scratching_programming_scratched,"['scratch', 'scratching', 'programming', 'scratched', 'adobe', 'codebase', 'prototyping', 'editor', 'compiling', 'programs']",
1857,41,1857_smallpox_epidemics_measles_epidemic,"['smallpox', 'epidemics', 'measles', 'epidemic', 'diseases', 'colonists', 'natives', 'outbreak', 'depopulation', 'outbreaks']",
1858,41,1858_ideology_philosopher_philosophy_psychoanalytical,"['ideology', 'philosopher', 'philosophy', 'psychoanalytical', 'psychoanalytic', 'philosophers', 'psychoanalysis', 'discourse', 'intellectual', 'structuralism']",
1859,41,1859_sai_samadhi_devotees_qawwali,"['sai', 'samadhi', 'devotees', 'qawwali', 'guru', 'scriptures', 'venerable', 'reincarnation', 'mosque', 'ashram']",
1860,41,1860_college_degree_accredited_bachelor,"['college', 'degree', 'accredited', 'bachelor', 'faculty', 'undergraduate', 'courses', 'university', 'curriculum', 'institute']",
1861,41,1861_mustard_mustards_bombs_gases,"['mustard', 'mustards', 'bombs', 'gases', 'chemicals', 'inhaled', 'gas', 'chlorine', 'contaminated', 'artillery']",
1862,41,1862_quixotic_literature_chivalric_novel,"['quixotic', 'literature', 'chivalric', 'novel', 'chivalry', 'satire', 'medieval', 'satirical', 'author', 'fictional']",
1863,41,1863_rap_rock_album_band,"['rap', 'rock', 'album', 'band', 'boys', 'funk', 'guitarist', 'punk', 'disbanded', 'lyric']",
1864,41,1864_blur_oasis_albums_toured,"['blur', 'oasis', 'albums', 'toured', 'tour', 'album', 'bands', 'band', 'indie', 'headlined']",
1865,41,1865_colonies_settlers_colonists_1624,"['colonies', 'settlers', 'colonists', '1624', 'colony', '1609', 'ceded', 'harbor', 'settlements', '1626']",
1866,41,1866_satellites_satellite_soviets_spacecraft,"['satellites', 'satellite', 'soviets', 'spacecraft', 'soviet', '1957', 'orbit', '1958', 'orbiting', 'launched']",
1867,41,1867_brownies_brownie_folklore_stories,"['brownies', 'brownie', 'folklore', 'stories', 'maids', 'fairies', 'folkloric', 'servants', 'folklorist', 'maid']",
1868,41,1868_guardians_galaxy_marvel_2022,"['guardians', 'galaxy', 'marvel', '2022', '2023', 'sequel', 'cast', 'cinematic', 'superhero', 'nebula']",
1869,41,1869_slender_skinny_creepypastas_creepypasta,"['slender', 'skinny', 'creepypastas', 'creepypasta', 'portrayals', 'hornets', 'storyteller', 'myths', 'folklore', 'character']",
1870,41,1870_viewership_viewers_ratings_streamed,"['viewership', 'viewers', 'ratings', 'streamed', 'viewing', 'streaming', 'viewings', 'viewed', 'watched', 'films']",
1871,41,1871_burritos_tacos_salsa_tortillas,"['burritos', 'tacos', 'salsa', 'tortillas', 'foods', 'guacamole', 'food', 'vegetarian', 'restaurants', 'steak']",
1872,41,1872_tsar_1812_armies_casualties,"['tsar', '1812', 'armies', 'casualties', 'cavalrymen', 'troops', 'retreated', 'soldiers', 'artillery', 'cavalry']",
1873,41,1873_divine_persona_scene_onstage,"['divine', 'persona', 'scene', 'onstage', 'films', 'impersonator', 'troupe', 'maniacs', 'blissfully', 'hairdresser']",
1874,41,1874_mosque_synagogue_temple_synagogues,"['mosque', 'synagogue', 'temple', 'synagogues', 'waqf', 'shrine', 'excavations', 'worship', 'rabbi', 'worshippers']",
1875,41,1875_extradition_arrest_fugitive_extradite,"['extradition', 'arrest', 'fugitive', 'extradite', 'citizenship', 'extradited', 'imprisonment', 'judicial', 'sentenced', 'sentencing']",
1876,40,1876_rage_albums_machine_band,"['rage', 'albums', 'machine', 'band', 'album', 'headlining', 'drummer', 'concert', 'lyricist', 'funk']",
1877,40,1877_zombie_walkers_zombies_walking,"['zombie', 'walkers', 'zombies', 'walking', 'episodes', 'showrunner', 'trilogy', 'showrunners', '2023', 'tales']",
1878,40,1878_impeachment_impeach_bipartisan_republican,"['impeachment', 'impeach', 'bipartisan', 'republican', 'bipartisanship', 'filibuster', 'redistricting', 'republicans', 'democrats', 'election']",
1879,40,1879_lighting_lights_fluorescent_light,"['lighting', 'lights', 'fluorescent', 'light', 'brighter', 'sunlight', 'bulbs', 'shades', 'illuminate', 'daylight']",
1880,40,1880_sigma_deviations_variability_defects,"['sigma', 'deviations', 'variability', 'defects', 'statisticians', 'statistician', 'standard', 'defect', 'methodology', 'innovation']",
1881,40,1881_html_markup_browsers_hypertext,"['html', 'markup', 'browsers', 'hypertext', 'browser', 'specification', 'document', 'web', 'standards', 'webpage']",
1882,40,1882_designing_prototyping_drafting_drawings,"['designing', 'prototyping', 'drafting', 'drawings', 'designs', 'prototypes', 'modeling', 'modelling', 'design', 'software']",
1883,40,1883_sultan_sultans_empresses_concubine,"['sultan', 'sultans', 'empresses', 'concubine', 'caliph', 'harem', 'pasha', 'princes', 'throne', 'consort']",
1884,40,1884_lost_teen_teens_boys,"['lost', 'teen', 'teens', 'boys', 'threesome', 'addiction', 'filming', 'onstage', 'drug', 'relapsed']",
1885,40,1885_electromagnetism_electromagnet_electrical_electromagnetic,"['electromagnetism', 'electromagnet', 'electrical', 'electromagnetic', 'electrochemistry', 'electricity', 'magnetism', 'electric', 'electroplating', 'electrified']",
1886,40,1886_pianos_piano_pedals_pianists,"['pianos', 'piano', 'pedals', 'pianists', 'pedal', 'pianist', 'instrument', 'keyboard', 'instruments', 'harpsichord']",
1887,40,1887_bake_baking_bakery_bakeries,"['bake', 'baking', 'bakery', 'bakeries', 'bakers', 'baker', 'airing', 'bbc', 'airings', 'presenter']",
1888,40,1888_incest_incestuous_inbreeding_familial,"['incest', 'incestuous', 'inbreeding', 'familial', 'taboo', 'sibling', 'siblings', 'parental', 'grandparent', 'relatives']",
1889,40,1889_policies_policy_legislation_bipartisan,"['policies', 'policy', 'legislation', 'bipartisan', 'violations', 'amendment', 'tipline', 'violation', 'violated', 'legislative']",
1890,40,1890_masters_contestants_premiered_chef,"['masters', 'contestants', 'premiered', 'chef', 'chefs', 'finale', 'seasons', 'viewers', 'kitchen', 'premiere']",
1891,40,1891_kitsune_folktale_folktales_folklore,"['kitsune', 'folktale', 'folktales', 'folklore', 'tales', 'folk', 'yōkai', 'stories', 'samurai', 'spirits']",
1892,40,1892_butterfly_bride_dagger_flowers,"['butterfly', 'bride', 'dagger', 'flowers', 'cries', 'farewell', 'whispers', 'departs', 'wedding', 'flowery']",
1893,40,1893_island_ancient_geography_continent,"['island', 'ancient', 'geography', 'continent', 'ocean', 'sunk', 'theosophy', 'shipwrecked', 'platonic', 'civilizations']",
1894,40,1894_pawn_pawned_jewelry_shop,"['pawn', 'pawned', 'jewelry', 'shop', 'silver', 'gold', 'steals', 'shops', 'businessman', 'store']",
1895,40,1895_antisemitism_nationalist_kibbutz_diaspora,"['antisemitism', 'nationalist', 'kibbutz', 'diaspora', 'nationalists', 'aliyah', 'emigration', 'ideology', 'colonialist', '1948']",
1896,40,1896_competed_tennis_quarterfinal_tournament,"['competed', 'tennis', 'quarterfinal', 'tournament', 'semifinal', 'tournaments', 'quarterfinals', 'eliminated', 'semifinals', 'matches']",
1897,40,1897_refugees_repatriation_refugee_asylum,"['refugees', 'repatriation', 'refugee', 'asylum', 'refuge', 'immigrated', 'repatriate', 'fled', 'settlers', 'persecution']",
1898,40,1898_divers_diving_dive_diver,"['divers', 'diving', 'dive', 'diver', 'cave', 'caves', 'seals', 'rescuers', 'rescues', 'submarine']",
1899,40,1899_museums_museum_exhibit_exhibits,"['museums', 'museum', 'exhibit', 'exhibits', 'exhibition', 'sculpture', 'sculptures', 'paintings', 'art', 'gallery']",
1900,40,1900_marvel_marvels_superhero_superheroes,"['marvel', 'marvels', 'superhero', 'superheroes', 'comics', 'superheroine', 'captain', 'comic', 'carol', 'character']",
1901,40,1901_sat_exams_exam_admissions,"['sat', 'exams', 'exam', 'admissions', 'scholastic', 'tests', 'assessment', 'scores', 'aptitude', 'assesses']",
1902,40,1902_murders_murdered_murder_robbery,"['murders', 'murdered', 'murder', 'robbery', 'killer', 'kidnapper', 'killers', 'suspect', 'crimes', 'victims']",
1903,40,1903_ancestors_subcontinent_ethnoreligious_dynasties,"['ancestors', 'subcontinent', 'ethnoreligious', 'dynasties', 'descended', 'descendants', 'persecution', 'empire', 'dynasty', 'conquests']",
1904,40,1904_squid_squids_colossal_giant,"['squid', 'squids', 'colossal', 'giant', 'tentacles', 'cephalopod', 'invertebrate', 'largest', 'tentacle', 'species']",
1905,40,1905_smurf_scorching_merchandising_midget,"['smurf', 'scorching', 'merchandising', 'midget', 'vocabulary', 'pronounced', 'boomerang', 'duckling', 'figurines', 'cartoon']",
1906,40,1906_badminton_competed_tai_quarterfinal,"['badminton', 'competed', 'tai', 'quarterfinal', 'tournament', 'quarterfinals', 'medalist', 'ji', 'medallist', 'bronze']",
1907,40,1907_seasons_season_list_blazers,"['seasons', 'season', 'list', 'blazers', 'pistons', '76ers', 'warriors', 'rangers', 'hawks', 'hornets']",
1908,40,1908_crash_gameplay_playable_remastered,"['crash', 'gameplay', 'playable', 'remastered', 'games', 'cutscenes', 'toys', 'console', 'platformer', 'development']",
1909,40,1909_thrones_cast_stark_arya,"['thrones', 'cast', 'stark', 'arya', 'actors', 'actor', 'casting', 'bran', 'actress', 'portray']",
1910,40,1910_puck_goalie_hockey_capitals,"['puck', 'goalie', 'hockey', 'capitals', 'scoring', 'flyers', 'playoffs', 'postseason', 'penguins', 'goals']",
1911,40,1911_libretto_operatic_opera_operas,"['libretto', 'operatic', 'opera', 'operas', 'arias', 'operettas', 'overture', 'composer', 'composers', 'musical']",
1912,40,1912_mounds_mound_excavations_prehistoric,"['mounds', 'mound', 'excavations', 'prehistoric', 'archaeological', 'archaeologists', 'villages', 'settlements', 'valleys', 'ancestors']",
1913,40,1913_marsupials_opossums_phylogenies_phylogenetic,"['marsupials', 'opossums', 'phylogenies', 'phylogenetic', 'marsupial', 'opossum', 'phylogeny', 'species', 'clade', 'mammals']",
1914,40,1914_politburo_soviet_1953_exterminated,"['politburo', 'soviet', '1953', 'exterminated', 'troika', 'bodyguards', 'chairman', 'executed', 'arrest', 'bodyguard']",
1915,40,1915_fate_fates_doctor_doctorate,"['fate', 'fates', 'doctor', 'doctorate', 'comics', 'incarnation', 'incarnations', 'superheroes', 'storyline', 'debuted']",
1916,40,1916_encoded_encoding_encodings_encode,"['encoded', 'encoding', 'encodings', 'encode', 'byte', 'bytes', 'decode', 'decoded', 'decoding', 'codice_8']",
1917,40,1917_evil_zombie_prequel_sequels,"['evil', 'zombie', 'prequel', 'sequels', 'sequel', 'apocalypse', 'mortal', 'trilogy', 'undead', 'films']",
1918,39,1918_identifiers_identifier_variants_byte,"['identifiers', 'identifier', 'variants', 'byte', 'id', 'bytes', 'encoded', 'encoding', 'versions', 'uniqueness']",
1919,39,1919_racing_eliminated_laps_motorsports,"['racing', 'eliminated', 'laps', 'motorsports', 'won', 'chase', 'overtook', 'wrecked', 'overtake', 'qualifying']",
1920,39,1920_centrifuges_centrifuge_nuclear_uranium,"['centrifuges', 'centrifuge', 'nuclear', 'uranium', 'centrifugal', 'cyberwarfare', 'cyberattack', 'darknet', 'neutralizing', 'reportedly']",
1921,39,1921_messiah_prophet_prophets_crucified,"['messiah', 'prophet', 'prophets', 'crucified', 'crucifixion', 'prophethood', 'messianic', 'gospels', 'ibn', 'testament']",
1922,39,1922_cabin_autopsy_sheriff_handcuffed,"['cabin', 'autopsy', 'sheriff', 'handcuffed', 'suspect', 'burned', 'fired', 'deputies', 'testified', 'investigation']",
1923,39,1923_youngest_activist_khan_journalist,"['youngest', 'activist', 'khan', 'journalist', 'laureate', 'peace', 'pseudonym', 'militants', 'refugee', 'schoolgirl']",
1924,39,1924_gonzo_journalist_journalism_journalistic,"['gonzo', 'journalist', 'journalism', 'journalistic', 'magazine', 'articles', 'reporter', 'columnist', 'reporters', 'article']",
1925,39,1925_treaty_cooperation_organization_multilateral,"['treaty', 'cooperation', 'organization', 'multilateral', 'diplomacy', 'nations', 'china', 'organisation', 'summit', 'countries']",
1926,39,1926_duchess_duke_royal_potters,"['duchess', 'duke', 'royal', 'potters', 'charity', '2019', '2021', 'prince', 'royals', 'foundation']",
1927,39,1927_cyanobacteria_cyanobacterial_cyanobacterium_phytoplankton,"['cyanobacteria', 'cyanobacterial', 'cyanobacterium', 'phytoplankton', 'algae', 'microbial', 'photosynthesis', 'microorganisms', 'bacteria', 'organisms']",
1928,39,1928_accredited_accreditation_universities_certifications,"['accredited', 'accreditation', 'universities', 'certifications', 'admissions', 'degree', 'admission', 'undergraduate', 'diplomas', 'institutions']",
1929,39,1929_ruins_excavation_valley_archaeological,"['ruins', 'excavation', 'valley', 'archaeological', 'archaeologists', 'archaeologist', 'conquistadors', 'mountain', 'expedition', 'terraces']",
1930,39,1930_engine_diesel_engines_turbodiesel,"['engine', 'diesel', 'engines', 'turbodiesel', 'turbo', 'petrol', 'transmission', 'upgraded', 'generation', 'launched']",
1931,39,1931_procrastination_procrastinate_procrastinators_motivation,"['procrastination', 'procrastinate', 'procrastinators', 'motivation', 'delaying', 'avoidance', 'impulsiveness', 'habits', 'tasks', 'perfectionism']",
1932,39,1932_law_laws_theological_morality,"['law', 'laws', 'theological', 'morality', 'moral', 'ethics', 'virtue', 'salvation', 'conscience', 'philosophy']",
1933,39,1933_darknet_net_network_networks,"['darknet', 'net', 'network', 'networks', 'dark', 'onion', 'internet', 'web', 'censorship', 'anonymous']",
1934,39,1934_stitch_hostage_operative_operatives,"['stitch', 'hostage', 'operative', 'operatives', 'hostages', 'escaped', 'infiltrate', 'infiltrates', 'ambush', 'sniper']",
1935,39,1935_rex_frontman_bassist_rock,"['rex', 'frontman', 'bassist', 'rock', 'ballads', 'albums', 'band', 'song', 'pops', 'songs']",
1936,39,1936_projectors_projector_optics_optical,"['projectors', 'projector', 'optics', 'optical', 'projection', 'projected', 'resolution', 'theater', 'theaters', 'presentations']",
1937,39,1937_golf_golfer_golfers_handicaps,"['golf', 'golfer', 'golfers', 'handicaps', 'scoring', 'handicap', 'par', 'scores', 'score', 'holes']",
1938,39,1938_saint_rosary_shrine_shrines,"['saint', 'rosary', 'shrine', 'shrines', 'rituals', 'devotion', 'priestesses', 'rites', 'devotees', 'altars']",
1939,39,1939_plague_epidemics_famines_epidemic,"['plague', 'epidemics', 'famines', 'epidemic', 'famine', 'mortality', 'pandemic', 'outbreak', 'population', 'outbreaks']",
1940,39,1940_apartheid_segregated_segregation_blacks,"['apartheid', 'segregated', 'segregation', 'blacks', 'discrimination', 'racialism', 'citizenship', 'enfranchised', 'institutionalised', 'disenfranchising']",
1941,39,1941_unbreakable_split_sequels_cameo,"['unbreakable', 'split', 'sequels', 'cameo', 'screenplay', 'films', 'glass', 'standalone', 'trilogy', 'movie']",
1942,39,1942_sentencing_unconstitutional_punishment_executions,"['sentencing', 'unconstitutional', 'punishment', 'executions', 'upheld', 'penalty', 'sentenced', 'convicted', 'lynchings', 'imprisonment']",
1943,39,1943_viper_dodge_vehicle_car,"['viper', 'dodge', 'vehicle', 'car', 'fiat', 'engine', 'chassis', 'manufactured', 'coupe', 'coupé']",
1944,39,1944_pylori_gastric_gastritis_gastrointestinal,"['pylori', 'gastric', 'gastritis', 'gastrointestinal', 'pyloric', 'stomach', 'reflux', 'ulcer', 'pathogenesis', 'pathogenicity']",
1945,39,1945_architect_architects_architecture_architectural,"['architect', 'architects', 'architecture', 'architectural', 'designs', 'skyscraper', 'museum', 'buildings', 'design', 'building']",
1946,39,1946_prophet_publisher_writings_painter,"['prophet', 'publisher', 'writings', 'painter', '1910', '1909', 'poet', 'published', '1923', '1908']",
1947,39,1947_enterprise_enterprises_organizational_business,"['enterprise', 'enterprises', 'organizational', 'business', 'applications', 'software', 'management', 'providers', 'application', 'processes']",
1948,39,1948_cartoons_cartoon_1930s_1932,"['cartoons', 'cartoon', '1930s', '1932', '1933', 'animators', 'comic', 'animation', '1930', 'copyright']",
1949,39,1949_dragon_dragons_train_sequel,"['dragon', 'dragons', 'train', 'sequel', 'nightmare', 'premiered', 'film', 'trilogy', 'fury', 'directed']",
1950,39,1950_unmanned_drone_drones_aircraft,"['unmanned', 'drone', 'drones', 'aircraft', 'piloted', 'aeroplanes', 'aerial', 'aviation', 'flying', 'pilot']",
1951,39,1951_duets_singer_songs_duet,"['duets', 'singer', 'songs', 'duet', 'songwriter', 'sang', 'song', 'albums', 'vocals', 'concert']",
1952,39,1952_muse_concert_vocals_albums,"['muse', 'concert', 'vocals', 'albums', 'tour', 'band', 'album', 'performances', 'offstage', 'percussion']",
1953,39,1953_oil_petroleum_oilfields_prices,"['oil', 'petroleum', 'oilfields', 'prices', '1971', 'economies', 'demand', 'inflation', '1970s', '1973']",
1954,39,1954_barrow_barrows_murdered_murders,"['barrow', 'barrows', 'murdered', 'murders', 'sheriff', 'killed', 'wheeler', 'perpetrators', 'coroner', 'murder']",
1955,39,1955_dams_canyon_boulder_dam,"['dams', 'canyon', 'boulder', 'dam', 'aqueduct', 'river', 'basin', 'reclamation', 'flood', 'irrigation']",
1956,39,1956_ashes_wickets_cricket_innings,"['ashes', 'wickets', 'cricket', 'innings', 'batsman', 'wicket', 'bowled', 'batting', 'batsmen', 'cricketing']",
1957,39,1957_defendants_autopsy_saw_gunshot,"['defendants', 'autopsy', 'saw', 'gunshot', 'investigation', 'shooting', 'murder', 'prosecutor', 'stole', 'testified']",
1958,39,1958_absurdism_absurdist_absurdity_absurd,"['absurdism', 'absurdist', 'absurdity', 'absurd', 'meaninglessness', 'irrationality', 'existentialism', 'existentialists', 'existentialist', 'philosophical']",
1959,39,1959_kung_panda_pandas_martial,"['kung', 'panda', 'pandas', 'martial', 'sequels', 'trilogy', 'animation', 'mandarin', 'sequel', 'furious']",
1960,39,1960_leucotomy_lobotomy_neurosurgical_psychosurgery,"['leucotomy', 'lobotomy', 'neurosurgical', 'psychosurgery', 'lobotomized', 'neurosurgery', 'lobotomies', 'neurosurgeon', 'neurological', 'neurology']",
1961,38,1961_sovereignty_treatises_treatise_governance,"['sovereignty', 'treatises', 'treatise', 'governance', 'philosophy', 'democracy', 'philosopher', '1651', 'notion', 'governed']",
1962,38,1962_colors_coloring_colours_elections,"['colors', 'coloring', 'colours', 'elections', 'electoral', 'colour', 'red', 'blue', 'republicans', 'election']",
1963,38,1963_garter_knighted_royal_knighthood,"['garter', 'knighted', 'royal', 'knighthood', 'peerage', 'knights', 'monarch', 'heir', 'ceremony', 'regent']",
1964,38,1964_1666_fires_1670_firefighters,"['1666', 'fires', '1670', 'firefighters', 'burning', 'cathedral', 'firefighting', 'destroyed', 'demolition', 'buildings']",
1965,38,1965_logic_mixtape_rapper_memoir,"['logic', 'mixtape', 'rapper', 'memoir', 'album', 'mind', 'headlining', 'rappers', 'beats', 'confessions']",
1966,38,1966_antisemitism_antisemitic_semitism_antifa,"['antisemitism', 'antisemitic', 'semitism', 'antifa', 'persecutions', 'semitic', 'anti', 'persecution', 'antisemites', 'antisemite']",
1967,38,1967_kraken_octopuses_octopus_fishermen,"['kraken', 'octopuses', 'octopus', 'fishermen', 'cephalopods', 'fisherman', 'cephalopod', 'fish', 'tentacles', 'starfish']",
1968,38,1968_salmon_fishes_fish_sturgeon,"['salmon', 'fishes', 'fish', 'sturgeon', 'fishery', 'trout', 'catfish', 'fishing', 'whitefish', 'freshwater']",
1969,38,1969_constitution_constitutional_amended_amendments,"['constitution', 'constitutional', 'amended', 'amendments', 'amendment', 'constituent', '370', 'provisions', 'clause', 'clauses']",
1970,38,1970_triangles_angles_triangle_hypotenuse,"['triangles', 'angles', 'triangle', 'hypotenuse', 'cosines', 'trigonometry', 'angle', 'trigonometric', 'cosine', 'triangulation']",
1971,38,1971_executions_punishments_abolished_punishment,"['executions', 'punishments', 'abolished', 'punishment', 'abolishing', 'abolish', 'imprisonment', 'penalty', 'executed', 'abolition']",
1972,38,1972_dragons_imagine_unreleased_indie,"['dragons', 'imagine', 'unreleased', 'indie', 'released', 'album', 'believer', 'concert', 'visions', 'song']",
1973,38,1973_writer_novels_novel_literary,"['writer', 'novels', 'novel', 'literary', 'negro', 'mountain', 'manuscript', 'biographer', 'essay', 'essays']",
1974,38,1974_shuttlecock_badminton_tennis_bouncing,"['shuttlecock', 'badminton', 'tennis', 'bouncing', 'backhand', 'bounce', 'ball', 'forehand', 'shuttles', 'lift']",
1975,38,1975_acronyms_abbreviations_acronym_abbreviation,"['acronyms', 'abbreviations', 'acronym', 'abbreviation', 'initials', 'initialisms', 'alphabet', 'letters', 'terms', 'hyphens']",
1976,38,1976_executions_electrocution_unconstitutional_inmates,"['executions', 'electrocution', 'unconstitutional', 'inmates', 'executed', 'lethal', 'inmate', 'electrocuted', 'judicial', 'execution']",
1977,38,1977_bots_bot_automated_human,"['bots', 'bot', 'automated', 'human', 'recognition', 'weblog', 'ai', 'test', 'webpages', 'decode']",
1978,38,1978_prenuptial_agreements_marital_marriage,"['prenuptial', 'agreements', 'marital', 'marriage', 'agreement', 'divorce', 'remarry', 'alimony', 'preempted', 'spousal']",
1979,38,1979_population_35_25_65,"['population', '35', '25', '65', 'age', '28', '36', '34', '30', '18']",
1980,38,1980_dengue_fever_mosquito_mosquitoes,"['dengue', 'fever', 'mosquito', 'mosquitoes', 'mosquitos', 'immunity', 'disease', 'infection', 'infected', 'hemorrhages']",
1981,38,1981_rainbow_studio_productions_cartoons,"['rainbow', 'studio', 'productions', 'cartoons', 'cartoon', 'cosplayers', 'premiere', 'premiered', 'partnership', 'viewers']",
1982,38,1982_developmental_classrooms_developmentally_classroom,"['developmental', 'classrooms', 'developmentally', 'classroom', 'educational', 'children', 'teaching', 'developing', 'adolescence', 'students']",
1983,38,1983_racing_raced_speedway_motorsports,"['racing', 'raced', 'speedway', 'motorsports', 'racetrack', 'laps', 'competed', 'prix', 'karting', 'clinch']",
1984,38,1984_agricultural_commodity_corn_commodities,"['agricultural', 'commodity', 'corn', 'commodities', 'biofuels', 'foods', 'grains', 'markets', 'oilseeds', 'traders']",
1985,38,1985_cosplay_cosplayers_costumes_contestants,"['cosplay', 'cosplayers', 'costumes', 'contestants', 'masks', 'outfits', 'costume', 'portray', 'anime', 'photographers']",
1986,38,1986_sour_songwriter_grungy_debut,"['sour', 'songwriter', 'grungy', 'debut', 'songs', 'album', 'lyrics', 'song', 'billboard', 'ballads']",
1987,38,1987_yoon_jin_jung_hye,"['yoon', 'jin', 'jung', 'hye', 'kyung', 'ji', 'han', 'hyun', 'tae', 'yi']",
1988,38,1988_keynote_festival_attendees_conferences,"['keynote', 'festival', 'attendees', 'conferences', 'organizers', 'conference', 'event', 'festivals', 'multimedia', 'events']",
1989,38,1989_celebrity_spinoffs_sisters_rob,"['celebrity', 'spinoffs', 'sisters', 'rob', 'siblings', 'vogue', 'airing', 'superstar', 'reality', '2010s']",
1990,38,1990_provider_security_cyberattack_cybersecurity,"['provider', 'security', 'cyberattack', 'cybersecurity', 'servers', 'network', 'privacy', 'routers', 'antivirus', 'tunneling']",
1991,38,1991_pods_pod_containers_cluster,"['pods', 'pod', 'containers', 'cluster', 'clusters', 'container', 'cloud', 'deployments', 'storage', 'services']",
1992,38,1992_lifespan_oldest_longevity_age,"['lifespan', 'oldest', 'longevity', 'age', 'lived', 'grandmothers', 'centenarian', 'person', '117th', 'living']",
1993,38,1993_battleship_warship_battleships_naval,"['battleship', 'warship', 'battleships', 'naval', 'navy', 'admiral', 'fleet', 'harbor', 'ship', 'cruise']",
1994,38,1994_regiments_regiment_battalions_recruits,"['regiments', 'regiment', 'battalions', 'recruits', 'recruitment', 'regimental', 'soldiers', 'army', 'troops', 'battalion']",
1995,37,1995_parliamentary_minister_parliament_ministers,"['parliamentary', 'minister', 'parliament', 'ministers', 'constituency', 'ministership', 'ministerial', 'elected', 'elections', 'election']",
1996,37,1996_minister_politician_campaigned_constituency,"['minister', 'politician', 'campaigned', 'constituency', 'elected', 'ministers', 'election', 'chief', 'leader', 'elections']",
1997,37,1997_subsidies_aid_postwar_economy,"['subsidies', 'aid', 'postwar', 'economy', 'economists', 'reimburse', 'economies', 'subsidizing', 'economic', 'prosperity']",
1998,37,1998_gameplay_gaming_rpg_games,"['gameplay', 'gaming', 'rpg', 'games', 'twilight', 'game', 'cinematics', 'acclaim', 'sword', 'time']",
1999,37,1999_alexithymia_anxiety_disorders_psychiatric,"['alexithymia', 'anxiety', 'disorders', 'psychiatric', 'disorder', 'psychosomatic', 'psychological', 'comorbidity', 'psychotherapy', 'dysfunction']",
2000,37,2000_tests_test_gender_feminist,"['tests', 'test', 'gender', 'feminist', 'women', 'subjecting', 'bias', 'woman', 'female', 'fiction']",
2001,37,2001_widows_widowhood_1861_bipolar,"['widows', 'widowhood', '1861', 'bipolar', '1880s', '1839', '1865', 'stepmother', 'grief', 'presidency']",
2002,37,2002_demons_demonic_demon_eve,"['demons', 'demonic', 'demon', 'eve', 'demonology', 'satan', 'goddess', 'occultist', 'exorcism', 'archangel']",
2003,37,2003_gangster_gangsters_notorious_prohibition,"['gangster', 'gangsters', 'notorious', 'prohibition', 'jailing', 'mobsters', 'convict', '1920s', 'mobster', 'gunmen']",
2004,37,2004_automata_cellular_cells_cell,"['automata', 'cellular', 'cells', 'cell', 'automaton', 'replicating', 'lattice', 'replication', 'patterns', 'simulates']",
2005,37,2005_languages_language_multilingual_soviet,"['languages', 'language', 'multilingual', 'soviet', 'lingua', 'speak', 'tsars', 'ru', 'bilingual', 'transliterations']",
2006,37,2006_population_2050_populations_2060,"['population', '2050', 'populations', '2060', 'demographic', '2100', '2037', 'growth', '2070', 'billion']",
2007,37,2007_sarin_cousins_cousin_kidnap,"['sarin', 'cousins', 'cousin', 'kidnap', 'affair', 'convinces', 'hostage', 'daughter', 'marry', 'girlfriend']",
2008,37,2008_apes_ape_primates_chimpanzees,"['apes', 'ape', 'primates', 'chimpanzees', 'primate', 'chimpanzee', 'monkeys', 'gorilla', 'monkey', 'orangutans']",
2009,37,2009_livestock_cattle_veterinary_beef,"['livestock', 'cattle', 'veterinary', 'beef', 'animal', 'humane', 'slaughtering', 'animals', 'meat', 'slaughter']",
2010,37,2010_van_alleged_suspect_lurid,"['van', 'alleged', 'suspect', 'lurid', 'arrested', 'arrest', 'detained', 'extortion', 'suspects', 'der']",
2011,37,2011_emotion_emotions_emotional_affective,"['emotion', 'emotions', 'emotional', 'affective', 'arousal', 'physiological', 'physiologically', 'psychology', 'happiness', 'sentiments']",
2012,37,2012_creoles_creole_francophone_french,"['creoles', 'creole', 'francophone', 'french', 'parishes', 'ancestry', 'ethnic', 'dialect', 'ethnicity', 'les']",
2013,37,2013_laureates_laureate_prizes_prize,"['laureates', 'laureate', 'prizes', 'prize', 'novelists', 'novelist', 'literature', 'awarding', 'literary', 'award']",
2014,37,2014_pachinko_parlors_arcades_parlor,"['pachinko', 'parlors', 'arcades', 'parlor', 'yakuza', 'samurai', 'casinos', 'arcade', 'carnival', 'pinball']",
2015,37,2015_bohemian_queen_deacon_mercury,"['bohemian', 'queen', 'deacon', 'mercury', 'musical', 'singer', 'hardy', 'film', 'award', 'screenplay']",
2016,37,2016_dictator_regime_rebels_unrest,"['dictator', 'regime', 'rebels', 'unrest', 'fled', 'exile', 'defected', 'uprising', 'expelled', 'ministers']",
2017,37,2017_bombed_airship_airships_zeppelin,"['bombed', 'airship', 'airships', 'zeppelin', 'bombing', 'raids', 'bombs', 'squadron', 'flown', 'bomb']",
2018,37,2018_euthanasia_suicide_suicides_patients,"['euthanasia', 'suicide', 'suicides', 'patients', 'deaths', 'death', 'suffering', 'humane', 'lethal', 'patient']",
2019,37,2019_censorship_pornography_videos_moderation,"['censorship', 'pornography', 'videos', 'moderation', 'abusing', 'porn', 'ads', 'abuse', 'prohibiting', 'advertisers']",
2020,37,2020_apple_retina_screen_camera,"['apple', 'retina', 'screen', 'camera', 'processor', 'device', '1080p', 'bezels', 'displays', 'stylus']",
2021,37,2021_marshals_marshal_department_deputy,"['marshals', 'marshal', 'department', 'deputy', 'deputies', 'agencies', 'justices', 'officers', 'duties', 'officials']",
2022,37,2022_baron_flew_1918_von,"['baron', 'flew', '1918', 'von', 'pilots', 'piloted', 'pilot', 'gunner', 'fighter', '1917']",
2023,37,2023_orthodox_soviet_atheism_clergy,"['orthodox', 'soviet', 'atheism', 'clergy', 'persecution', 'priests', 'mosques', 'church', 'churches', 'religions']",
2024,37,2024_metal_bands_band_idol,"['metal', 'bands', 'band', 'idol', 'genre', 'kawaii', 'lyrical', 'music', 'concert', 'indie']",
2025,37,2025_pharaoh_conquered_rulers_deposed,"['pharaoh', 'conquered', 'rulers', 'deposed', 'kings', 'king', 'reign', 'cuneiform', 'heir', 'accomplishments']",
2026,37,2026_abducted_murders_brooks_abduction,"['abducted', 'murders', 'brooks', 'abduction', 'abductions', 'victims', 'murder', 'buried', 'assaulted', 'killed']",
2027,37,2027_currencies_currency_rates_inflation,"['currencies', 'currency', 'rates', 'inflation', 'parity', 'inflationary', 'rate', 'tariffs', 'markets', 'prices']",
2028,37,2028_1917_1918_soviet_soviets,"['1917', '1918', 'soviet', 'soviets', 'republic', '1919', 'republics', 'tsarist', 'socialist', '1923']",
2029,37,2029_animism_animists_animist_spiritualism,"['animism', 'animists', 'animist', 'spiritualism', 'anthropological', 'animistic', 'anthropologist', 'anthropology', 'anthropologists', 'religions']",
2030,37,2030_hypothesis_hypotheses_theories_scientific,"['hypothesis', 'hypotheses', 'theories', 'scientific', 'reproducibility', 'conclusions', 'empirically', 'theoretical', 'theory', 'research']",
2031,37,2031_commerce_resell_sales_vendor,"['commerce', 'resell', 'sales', 'vendor', 'marketplace', 'merchandise', 'purchases', 'sellers', 'goods', 'buyers']",
2032,37,2032_mathematician_mathematicians_mathematics_physicist,"['mathematician', 'mathematicians', 'mathematics', 'physicist', 'von', 'scientist', 'mathematical', 'laureate', 'quantum', 'doctoral']",
2033,37,2033_channel_channels_tv_television,"['channel', 'channels', 'tv', 'television', 'streaming', 'subscription', 'feeds', 'viewing', 'platforms', 'providers']",
2034,37,2034_marvel_superhero_comics_valkyrie,"['marvel', 'superhero', 'comics', 'valkyrie', 'thunder', 'guardians', 'gauntlet', 'sequel', 'comic', 'director']",
2035,37,2035_1080p_framerate_1080_60fps,"['1080p', 'framerate', '1080', '60fps', '720p', '1440p', 'smartphone', 'smartphones', 'camera', 'fps']",
2036,37,2036_head_butt_episodes_rerun,"['head', 'butt', 'episodes', 'rerun', 'paramount', '1996', 'creators', 'revival', 'judge', 'animation']",
2037,37,2037_woke_woken_wake_awake,"['woke', 'woken', 'wake', 'awake', 'twitter', 'millennial', 'slang', 'vernacular', 'awareness', 'consciousness']",
2038,37,2038_ron_character_villains_sidekick,"['ron', 'character', 'villains', 'sidekick', 'characters', 'goofy', 'sitcom', 'episodes', 'sitcoms', 'superhero']",
2039,37,2039_fed_inflation_monetary_financial,"['fed', 'inflation', 'monetary', 'financial', 'treasury', 'easing', 'markets', 'economist', 'economics', 'banks']",
2040,37,2040_fatwas_fatwā_fatwa_satanic,"['fatwas', 'fatwā', 'fatwa', 'satanic', 'author', 'killings', 'fundamentalist', 'assassination', 'censorship', 'bombings']",
2041,37,2041_reliance_telecommunications_telecom_telecommunication,"['reliance', 'telecommunications', 'telecom', 'telecommunication', 'broadband', 'company', 'telephony', 'cellular', 'mobile', 'handset']",
2042,37,2042_conqueror_1066_1069_1067,"['conqueror', '1066', '1069', '1067', '1086', 'king', '1068', 'defeated', 'battle', 'lords']",
2043,37,2043_broadway_musicals_theatre_cat,"['broadway', 'musicals', 'theatre', 'cat', 'musical', 'theatrical', 'cats', 'performances', 'stage', 'premiered']",
2044,37,2044_philosopher_writings_aphorism_philosophers,"['philosopher', 'writings', 'aphorism', 'philosophers', 'poet', 'semitism', '1888', 'polish', '1887', '1890']",
2045,37,2045_groceries_restaurants_restaurant_taxicab,"['groceries', 'restaurants', 'restaurant', 'taxicab', 'taxi', 'surcharge', 'meals', 'delivery', 'fares', 'customers']",
2046,37,2046_musicals_lyricist_musical_concertos,"['musicals', 'lyricist', 'musical', 'concertos', 'operas', 'composers', 'piano', 'melodies', 'tunes', 'concerto']",
2047,37,2047_mysticism_mystical_spiritual_spirituality,"['mysticism', 'mystical', 'spiritual', 'spirituality', 'esotericism', 'transcendentalism', 'meditation', 'enlightenment', 'esoteric', 'supernatural']",
2048,36,2048_biblical_patriarch_prophethood_genesis,"['biblical', 'patriarch', 'prophethood', 'genesis', 'prophetic', 'covenant', 'pharaoh', 'prayed', 'princes', 'servant']",
2049,36,2049_chainsaw_massacre_slaughterhouse_sequels,"['chainsaw', 'massacre', 'slaughterhouse', 'sequels', 'chain', 'saw', 'remake', 'screenplay', 'theaters', 'miniseries']",
2050,36,2050_fingerprints_robbers_fingerprint_investigation,"['fingerprints', 'robbers', 'fingerprint', 'investigation', 'ransom', 'evidence', 'crime', 'kidnapper', 'testified', 'nail']",
2051,36,2051_rocky_rapper_ap_mixtape,"['rocky', 'rapper', 'ap', 'mixtape', 'billboard', 'platinum', 'breakout', 'album', 'beats', 'remix']",
2052,36,2052_influential_list_publicized_ranking,"['influential', 'list', 'publicized', 'ranking', 'world', 'magazine', '100', 'leaders', 'annual', 'impactful']",
2053,36,2053_concert_concerts_tour_theater,"['concert', 'concerts', 'tour', 'theater', 'headlining', 'tours', 'venues', 'band', 'dream', 'studios']",
2054,36,2054_protozoans_protozoa_protozoan_taxonomic,"['protozoans', 'protozoa', 'protozoan', 'taxonomic', 'phylogeny', 'phylogenetically', 'protists', 'eukaryotes', 'organisms', 'fungi']",
2055,36,2055_missile_missiles_supersonic_hypersonic,"['missile', 'missiles', 'supersonic', 'hypersonic', 'radar', 'targets', 'target', 'ramjet', 'aerospace', 'propulsion']",
2056,36,2056_anthrax_anthracis_infection_infections,"['anthrax', 'anthracis', 'infection', 'infections', 'infected', 'spores', 'outbreak', 'epidemiologist', 'disease', 'cutaneous']",
2057,36,2057_streaming_premiere_tv_stream,"['streaming', 'premiere', 'tv', 'stream', '1080p', 'channel', 'channels', 'ultra', 'subscription', 'devices']",
2058,36,2058_apps_app_android_purchases,"['apps', 'app', 'android', 'purchases', 'ads', 'application', 'applications', 'mobile', 'free', 'google']",
2059,36,2059_1644_theological_theologian_puritan,"['1644', 'theological', 'theologian', 'puritan', 'theology', 'puritanical', 'poet', 'poetry', 'treatise', 'writings']",
2060,36,2060_spaceflight_military_spaceflights_spacecraft,"['spaceflight', 'military', 'spaceflights', 'spacecraft', 'aerospace', 'spaceplane', 'enlisted', 'corps', 'commander', 'space']",
2061,36,2061_dick_biography_author_novelist,"['dick', 'biography', 'author', 'novelist', 'writer', 'novels', 'paperback', 'fiction', 'wrote', 'autobiographical']",
2062,36,2062_mangroves_mangrove_ecosystem_ecosystems,"['mangroves', 'mangrove', 'ecosystem', 'ecosystems', 'biodiversity', 'deforestation', 'forests', 'coastlines', 'shorelines', 'swamps']",
2063,36,2063_harbour_naval_captured_1842,"['harbour', 'naval', 'captured', '1842', 'steamships', 'warships', 'sailed', 'gunboats', '1841', 'ships']",
2064,36,2064_chipmunks_chipmunk_song_1959,"['chipmunks', 'chipmunk', 'song', '1959', 'albums', '1990', '1958', '1988', '1962', 'sing']",
2065,36,2065_plasmas_plasma_electrostatic_electrically,"['plasmas', 'plasma', 'electrostatic', 'electrically', 'electrons', 'electron', 'ionization', 'conductivity', 'electromagnetic', 'electrode']",
2066,36,2066_channel_mosh_media_channels,"['channel', 'mosh', 'media', 'channels', 'entertainment', 'twitter', 'videos', 'knack', 'gaming', 'weekly']",
2067,36,2067_kernel_latest_maintainers_os,"['kernel', 'latest', 'maintainers', 'os', 'maintainer', 'intel', 'developers', 'release', 'monolithic', 'patches']",
2068,36,2068_population_municipalities_cityscape_villages,"['population', 'municipalities', 'cityscape', 'villages', 'city', 'urban', 'inhabitants', 'urbanized', 'demographic', 'neighbouring']",
2069,36,2069_songs_song_singer_albums,"['songs', 'song', 'singer', 'albums', 'album', 'songwriter', 'duet', 'billboard', 'singles', 'cowboy']",
2070,36,2070_cannabinoids_cannabinoid_tetrahydrocannabinol_cannabidiol,"['cannabinoids', 'cannabinoid', 'tetrahydrocannabinol', 'cannabidiol', 'cannabis', 'marijuana', 'herbal', 'receptors', 'opium', 'agonistic']",
2071,36,2071_jong_politburo_secretary_leader,"['jong', 'politburo', 'secretary', 'leader', 'chairman', 'appointed', 'successor', 'leadership', 'commander', 'promoted']",
2072,36,2072_dancer_dances_danced_dancing,"['dancer', 'dances', 'danced', 'dancing', 'choreography', 'dance', 'choreographers', 'musicals', 'ginger', 'vaudeville']",
2073,36,2073_reptilians_conspiracist_conspiracism_reptilian,"['reptilians', 'conspiracist', 'conspiracism', 'reptilian', 'extraterrestrial', 'antisemitism', 'semitic', 'humanoids', 'conspiracy', 'antisemitic']",
2074,36,2074_newscast_reporter_primetime_anchor,"['newscast', 'reporter', 'primetime', 'anchor', 'journalist', 'newsmagazine', 'newsreader', 'news', 'correspondent', 'anchors']",
2075,36,2075_1605_gunpowder_undercroft_conspirators,"['1605', 'gunpowder', 'undercroft', 'conspirators', '1603', 'lords', 'spies', 'interrogated', 'contemporaneous', 'interrogation']",
2076,36,2076_motley_albums_frontman_band,"['motley', 'albums', 'frontman', 'band', 'concert', 'album', 'rock', 'bassist', 'vocalist', 'songs']",
2077,36,2077_wormholes_wormhole_spacetime_traversable,"['wormholes', 'wormhole', 'spacetime', 'traversable', 'relativity', 'traversing', 'physicist', 'physicists', 'geodesics', 'hawking']",
2078,36,2078_habeas_constitution_detention_constitutional,"['habeas', 'constitution', 'detention', 'constitutional', 'imprisonment', 'detained', 'judiciary', 'courts', 'judicial', 'jurisdiction']",
2079,36,2079_renewed_primetime_episodes_airing,"['renewed', 'primetime', 'episodes', 'airing', 'premiered', 'seasons', 'showrunner', 'showrunners', 'episode', 'season']",
2080,36,2080_strikers_goalscoring_winger_striker,"['strikers', 'goalscoring', 'winger', 'striker', 'goalkeeping', 'midfielder', 'scored', 'scoring', 'goals', 'goalkeeper']",
2081,36,2081_seal_undercover_smuggling_cartel,"['seal', 'undercover', 'smuggling', 'cartel', 'smuggler', 'trafficking', 'smuggle', 'convicted', 'investigators', 'pilot']",
2082,36,2082_placebo_concert_concerts_gigs,"['placebo', 'concert', 'concerts', 'gigs', 'albums', 'toured', 'band', 'tour', 'gig', 'album']",
2083,36,2083_radiation_radiographs_rays_radiography,"['radiation', 'radiographs', 'rays', 'radiography', 'ray', 'rayed', 'inventor', 'imaging', 'ultraviolet', 'detector']",
2084,36,2084_thrash_vocals_drumming_rhythmic,"['thrash', 'vocals', 'drumming', 'rhythmic', 'melodic', 'guitar', 'guitars', 'bands', 'drums', 'groove']",
2085,36,2085_scored_scoring_goalscoring_goalscorer,"['scored', 'scoring', 'goalscoring', 'goalscorer', 'goals', 'scorer', 'goal', 'score', 'penalty', 'assists']",
2086,36,2086_teams_league_leagues_stadium,"['teams', 'league', 'leagues', 'stadium', 'conferences', 'franchises', 'soccer', 'city', 'championship', 'team']",
2087,36,2087_kava_hepatotoxicity_supplements_herbal,"['kava', 'hepatotoxicity', 'supplements', 'herbal', 'medicinal', 'ethanol', 'dietary', 'extracts', 'pharmaceutical', 'toxicity']",
2088,36,2088_expedition_expeditions_voyage_explorers,"['expedition', 'expeditions', 'voyage', 'explorers', 'archaeologist', 'travelled', '1846', 'exploration', 'arctic', '1852']",
2089,36,2089_polyamory_polyamorous_polygamous_polygamy,"['polyamory', 'polyamorous', 'polygamous', 'polygamy', 'monogamous', 'monogamy', 'couples', 'heterosexuality', 'partner', 'poly']",
2090,36,2090_rose_autobiography_quotes_writing,"['rose', 'autobiography', 'quotes', 'writing', 'quotation', 'memoir', 'libretti', 'retellings', 'fruitful', 'redness']",
2091,36,2091_biblical_conquered_temple_kingdom,"['biblical', 'conquered', 'temple', 'kingdom', 'temples', 'kingdoms', 'bible', 'rulers', 'chronicles', 'prophet']",
2092,36,2092_bacon_pork_vegetarian_meat,"['bacon', 'pork', 'vegetarian', 'meat', 'beef', 'sandwiches', 'cooking', 'recipes', 'veggie', 'flavourings']",
2093,36,2093_memes_evolution_evolutionary_meme,"['memes', 'evolution', 'evolutionary', 'meme', 'genetic', 'genes', 'imitation', 'creativity', 'analogy', 'genetics']",
2094,36,2094_actress_actresses_blonde_playboy,"['actress', 'actresses', 'blonde', 'playboy', 'vogue', 'stardom', 'girl', 'wilder', 'comedies', 'ladies']",
2095,36,2095_ancient_law_laws_treatise,"['ancient', 'law', 'laws', 'treatise', 'legislation', 'scribes', 'earliest', 'code', 'rulers', 'provisions']",
2096,36,2096_actor_peck_gangster_actors,"['actor', 'peck', 'gangster', 'actors', 'portrayal', 'wilder', '1962', '1939', 'gangsters', 'director']",
2097,36,2097_protesting_protest_protesters_protests,"['protesting', 'protest', 'protesters', 'protests', 'picketing', 'homophobic', 'picketed', 'protested', 'pickets', 'picket']",
2098,36,2098_neo_matrix_trinity_smith,"['neo', 'matrix', 'trinity', 'smith', 'cypher', 'smiths', 'machine', 'machines', 'agents', 'agent']",
2099,36,2099_mathematician_mathematicians_hardy_mathematics,"['mathematician', 'mathematicians', 'hardy', 'mathematics', 'mathematical', 'conjectures', 'theorems', 'solvable', 'extraordinary', 'unsolvable']",
2100,36,2100_semiotics_semiotic_concepts_linguistics,"['semiotics', 'semiotic', 'concepts', 'linguistics', 'formalist', 'humanities', 'structuralism', 'linguistic', 'theorists', 'structuralist']",
2101,36,2101_palace_palaces_monuments_museums,"['palace', 'palaces', 'monuments', 'museums', 'museum', 'tombs', 'buildings', 'forbidden', 'emperor', 'heritage']",
2102,36,2102_episodes_airing_episode_ugly,"['episodes', 'airing', 'episode', 'ugly', 'finale', 'aired', 'seasons', 'season', '2007', 'telenovela']",
2103,35,2103_lunar_moon_landings_spacecraft,"['lunar', 'moon', 'landings', 'spacecraft', 'missions', 'landing', 'rover', 'mission', 'rovers', 'orbit']",
2104,35,2104_protocols_antisemitism_conspiratorial_antisemitic,"['protocols', 'antisemitism', 'conspiratorial', 'antisemitic', 'conspiracist', 'persecution', 'prophecy', 'articles', 'fabricated', 'masonic']",
2105,35,2105_sailed_seaworthy_boat_vessel,"['sailed', 'seaworthy', 'boat', 'vessel', 'aground', 'seamen', 'ship', 'galley', 'sail', 'sails']",
2106,35,2106_duet_concert_albums_songs,"['duet', 'concert', 'albums', 'songs', 'concerts', 'musicals', 'sung', 'sings', 'singles', 'album']",
2107,35,2107_flame_ignited_flamethrower_flames,"['flame', 'ignited', 'flamethrower', 'flames', 'burning', 'ignite', 'petroleum', 'combustible', 'burn', 'substances']",
2108,35,2108_wu_han_tung_qi,"['wu', 'han', 'tung', 'qi', 'sun', 'warring', 'historian', 'treatise', 'histories', 'warfare']",
2109,35,2109_committees_parliamentary_parliament_chairperson,"['committees', 'parliamentary', 'parliament', 'chairperson', 'chairpersons', 'deputies', 'chairman', 'presidium', 'legislative', 'proceedings']",
2110,35,2110_alleged_bail_prosecution_arrested,"['alleged', 'bail', 'prosecution', 'arrested', 'arrest', 'bailed', 'allegedly', 'jail', 'charges', 'incident']",
2111,35,2111_duet_sang_queen_concert,"['duet', 'sang', 'queen', 'concert', 'diamonds', 'bond', 'lampooned', 'songs', 'performing', 'singers']",
2112,35,2112_municipality_polish_orchestras_cathedral,"['municipality', 'polish', 'orchestras', 'cathedral', 'conservatory', 'composers', 'buildings', 'orchestra', 'raion', 'façade']",
2113,35,2113_regiment_enlisted_regiments_regimental,"['regiment', 'enlisted', 'regiments', 'regimental', 'navy', 'cadets', 'brigadier', 'naval', 'lieutenant', 'officers']",
2114,35,2114_tower_towers_tallest_1889,"['tower', 'towers', 'tallest', '1889', 'construction', 'observatory', '1885', 'landmark', 'constructed', 'edifice']",
2115,35,2115_taxation_tax_taxes_taxed,"['taxation', 'tax', 'taxes', 'taxed', 'taxpayers', 'crore', 'crores', 'revenue', 'goods', 'lakh']",
2116,35,2116_sclerosis_ms_demyelination_encephalomyelitis,"['sclerosis', 'ms', 'demyelination', 'encephalomyelitis', 'neurological', 'neurologic', 'demyelinating', 'prognosis', 'diagnosis', 'disease']",
2117,35,2117_seppuku_samurai_decapitation_decapitate,"['seppuku', 'samurai', 'decapitation', 'decapitate', 'decapitates', 'punishments', 'mortally', 'executed', 'undignified', 'penance']",
2118,35,2118_architect_architects_architecture_houses,"['architect', 'architects', 'architecture', 'houses', 'designs', 'designing', 'homes', 'residential', 'architectural', 'prairie']",
2119,35,2119_albums_songs_lyrics_lyricist,"['albums', 'songs', 'lyrics', 'lyricist', 'sang', 'vocals', 'album', 'singing', 'sings', 'soundtrack']",
2120,35,2120_decibels_decibel_amplitude_amplitudes,"['decibels', 'decibel', 'amplitude', 'amplitudes', 'amplifier', 'amplifiers', 'logarithmic', 'ratios', 'ratio', 'logarithm']",
2121,35,2121_palace_crystal_penalty_scorer,"['palace', 'crystal', 'penalty', 'scorer', 'scored', 'goals', 'goal', 'assists', 'scoring', 'winger']",
2122,35,2122_emir_sheikh_emirate_emirates,"['emir', 'sheikh', 'emirate', 'emirates', 'president', 'chairman', 'presidency', 'sultan', 'presidential', 'elected']",
2123,35,2123_strips_circular_strip_folds,"['strips', 'circular', 'strip', 'folds', 'geometrically', 'surfaces', 'shapes', 'surface', 'geometric', 'edges']",
2124,35,2124_sang_songwriter_singers_albums,"['sang', 'songwriter', 'singers', 'albums', 'singer', 'vocals', 'band', 'song', 'sung', 'album']",
2125,35,2125_libel_celebrity_reportedly_scandals,"['libel', 'celebrity', 'reportedly', 'scandals', 'resigned', 'minister', 'allowance', 'blackmailing', 'parliamentary', 'criticised']",
2126,35,2126_divergent_trilogy_novel_screenplay,"['divergent', 'trilogy', 'novel', 'screenplay', 'sequel', 'insurgent', 'films', 'trailer', 'film', 'twilight']",
2127,35,2127_vaccine_vaccines_vaccination_vaccinated,"['vaccine', 'vaccines', 'vaccination', 'vaccinated', 'vaccinations', 'vaccinate', 'unvaccinated', 'immunity', 'autism', 'oncologist']",
2128,35,2128_paramount_premiered_channel_tv,"['paramount', 'premiered', 'channel', 'tv', 'episodes', 'television', 'rerun', 'fifth', 'syndication', '1993']",
2129,35,2129_fish_cannibalism_tortured_murders,"['fish', 'cannibalism', 'tortured', 'murders', 'murder', 'murdered', 'larceny', 'kidnapping', 'confession', 'molester']",
2130,35,2130_touchdowns_interceptions_touchdown_quarterback,"['touchdowns', 'interceptions', 'touchdown', 'quarterback', 'fumble', 'interception', 'throw', 'yards', 'quarterbacks', 'bears']",
2131,35,2131_viewership_viewers_televised_television,"['viewership', 'viewers', 'televised', 'television', 'broadcasters', 'telecast', 'ratings', 'average', 'audience', 'broadcast']",
2132,35,2132_shops_mall_stores_shop,"['shops', 'mall', 'stores', 'shop', 'store', 'retailer', 'shopping', 'retailing', 'retail', 'unisex']",
2133,35,2133_niece_grandmother_1918_aunt,"['niece', 'grandmother', '1918', 'aunt', '1945', 'granny', 'daughter', 'grandchildren', 'cousin', 'grandfather']",
2134,35,2134_scored_goalscorers_goals_scoring,"['scored', 'goalscorers', 'goals', 'scoring', 'goal', 'goalscoring', 'penalty', 'assists', 'midfield', 'footballer']",
2135,35,2135_seo_google_ranking_rankings,"['seo', 'google', 'ranking', 'rankings', 'pages', 'searches', 'indexing', 'webmaster', 'web', 'search']",
2136,35,2136_reliance_shareholders_crore_crores,"['reliance', 'shareholders', 'crore', 'crores', 'industries', 'companies', 'stock', 'corporation', 'market', 'company']",
2137,35,2137_postmodernism_modernism_postmodern_modernists,"['postmodernism', 'modernism', 'postmodern', 'modernists', 'modernist', 'modernity', 'contemporary', 'literature', 'structuralism', 'obscurantism']",
2138,35,2138_genesis_biblical_patriarch_prophets,"['genesis', 'biblical', 'patriarch', 'prophets', 'polytheism', 'ancestor', 'bible', 'giant', 'rulership', 'tower']",
2139,35,2139_presidential_parliamentary_governs_government,"['presidential', 'parliamentary', 'governs', 'government', 'presidents', 'governments', 'legislature', 'executive', 'president', 'governing']",
2140,35,2140_political_politics_sciences_sociology,"['political', 'politics', 'sciences', 'sociology', 'sociologists', 'subjects', 'interdisciplinary', 'subdisciplines', 'academic', 'humanities']",
2141,35,2141_feeds_syndication_feed_subscribing,"['feeds', 'syndication', 'feed', 'subscribing', 'browsers', 'blogs', 'aggregator', 'browser', 'blog', 'html']",
2142,35,2142_ac_drummer_guitarist_drums,"['ac', 'drummer', 'guitarist', 'drums', 'albums', 'album', 'vocals', 'vocalist', 'bassist', 'inducted']",
2143,35,2143_chassis_vehicle_dealerships_automotive,"['chassis', 'vehicle', 'dealerships', 'automotive', 'factory', 'production', 'car', 'cars', '1980', 'motors']",
2144,35,2144_biographers_revolt_orientalism_desertion,"['biographers', 'revolt', 'orientalism', 'desertion', 'pillars', 'espionage', '1611', 'fictionalised', 'desert', 'bey']",
2145,35,2145_wastes_waste_disposal_recycling,"['wastes', 'waste', 'disposal', 'recycling', 'landfills', 'landfill', 'recycled', 'pollution', 'littering', 'polluting']",
2146,35,2146_radio_fm_stations_broadcasting,"['radio', 'fm', 'stations', 'broadcasting', 'broadcasters', 'commentator', 'station', 'stern', 'pence', 'rush']",
2147,35,2147_resignation_riots_protest_paramilitary,"['resignation', 'riots', 'protest', 'paramilitary', 'protesters', 'mutiny', 'reforms', 'revolution', 'monarchy', 'chairman']",
2148,34,2148_theme_themes_intro_anime,"['theme', 'themes', 'intro', 'anime', 'ending', 'chorus', 'song', 'episodes', 'remix', 'lyrics']",
2149,34,2149_journalist_hitch_correspondent_readership,"['journalist', 'hitch', 'correspondent', 'readership', 'statesman', 'author', 'intellectuals', 'radicalism', 'neoconservative', 'polemicist']",
2150,34,2150_paintings_painting_painters_painter,"['paintings', 'painting', 'painters', 'painter', 'murals', 'illustrations', 'art', 'mural', 'drawings', 'painted']",
2151,34,2151_fighter_fighters_featherweight_brawling,"['fighter', 'fighters', 'featherweight', 'brawling', 'bantamweight', 'martial', 'kick', 'kickboxing', 'knocks', 'fight']",
2152,34,2152_transit_commute_commuting_commuters,"['transit', 'commute', 'commuting', 'commuters', 'buses', 'commuter', 'passengers', 'travelling', 'transportation', 'minutes']",
2153,34,2153_bliss_ambient_stages_albums,"['bliss', 'ambient', 'stages', 'albums', 'stage', 'melodies', 'dementia', 'fade', 'lucidity', 'mastering']",
2154,34,2154_studios_lions_acquisitions_paramount,"['studios', 'lions', 'acquisitions', 'paramount', 'owns', 'subsidiary', 'distributors', 'films', 'distributor', 'corporation']",
2155,34,2155_humidity_humid_moisture_dew,"['humidity', 'humid', 'moisture', 'dew', 'evaporation', 'temperatures', 'temperature', 'condensation', 'vaporization', 'evaporates']",
2156,34,2156_codeine_prescription_paracetamol_prescribed,"['codeine', 'prescription', 'paracetamol', 'prescribed', 'dihydrocodeine', 'medicines', 'pharmacies', 'acetaminophen', 'medication', 'antihistamine']",
2157,34,2157_merger_shareholders_acquisition_acquire,"['merger', 'shareholders', 'acquisition', 'acquire', 'acquired', 'finalized', 'merged', 'stock', 'traded', 'company']",
2158,34,2158_geopolitical_tsarist_ideology_geopolitics,"['geopolitical', 'tsarist', 'ideology', 'geopolitics', 'political', 'oligarch', 'nationalist', 'politics', 'ultranationalist', 'liberalism']",
2159,34,2159_crops_agriculture_agricultural_maize,"['crops', 'agriculture', 'agricultural', 'maize', 'plantations', 'palm', 'soybeans', 'sugarcane', 'soybean', 'deforestation']",
2160,34,2160_poutine_gravy_truffles_burger,"['poutine', 'gravy', 'truffles', 'burger', 'cuisine', 'culinary', 'eatery', 'restaurants', 'brisket', 'artisanal']",
2161,34,2161_autobiography_autobiographies_bird_poetry,"['autobiography', 'autobiographies', 'bird', 'poetry', 'poet', 'writings', 'maya', 'autobiographical', 'poems', 'literature']",
2162,34,2162_propaganda_propagandists_propagandistic_propagandist,"['propaganda', 'propagandists', 'propagandistic', 'propagandist', 'persuasion', 'disinformation', 'persuasive', 'campaigns', 'advertising', 'media']",
2163,34,2163_sausage_sausages_bun_chili,"['sausage', 'sausages', 'bun', 'chili', 'condiments', 'pork', 'cooked', 'beef', 'dog', 'spicy']",
2164,34,2164_albums_vocals_album_remix,"['albums', 'vocals', 'album', 'remix', 'punk', 'charted', 'funk', 'musician', 'drums', 'tour']",
2165,34,2165_inmate_prison_prisoner_imprisonment,"['inmate', 'prison', 'prisoner', 'imprisonment', 'sentenced', 'robbery', 'prisoners', 'convicted', 'incident', 'violent']",
2166,34,2166_discord_subscription_guilds_nitro,"['discord', 'subscription', 'guilds', 'nitro', 'twitch', 'client', 'messaging', 'platform', 'citron', 'beta']",
2167,34,2167_gnostic_gnosis_theology_religions,"['gnostic', 'gnosis', 'theology', 'religions', 'theosophical', 'orthodox', 'biblical', 'religious', 'esoteric', 'divinity']",
2168,34,2168_bomber_squadron_509th_1945,"['bomber', 'squadron', '509th', '1945', 'bombardment', 'reconnaissance', 'bombardier', 'aircraft', 'pilot', 'bombing']",
2169,34,2169_boiler_turbine_engines_invention,"['boiler', 'turbine', 'engines', 'invention', 'inventor', 'horsepower', 'steam', 'engine', 'steamers', 'inventors']",
2170,34,2170_fighter_arcade_street_arcades,"['fighter', 'arcade', 'street', 'arcades', 'consoles', 'samurai', 'smash', 'games', 'gameplay', 'playable']",
2171,34,2171_parole_sentenced_hearings_convicted,"['parole', 'sentenced', 'hearings', 'convicted', 'judge', 'correctional', 'prison', 'governor', 'juror', 'testified']",
2172,34,2172_home_sequels_sequel_screenplays,"['home', 'sequels', 'sequel', 'screenplays', 'film', 'comedy', 'vacation', 'absent', 'filmmaker', 'shelter']",
2173,34,2173_ferry_harbor_pier_wharf,"['ferry', 'harbor', 'pier', 'wharf', 'waterfront', 'seaport', 'cruises', 'patio', 'station', 'cruise']",
2174,34,2174_muddy_harmonica_blues_albums,"['muddy', 'harmonica', 'blues', 'albums', 'guitarist', 'waters', 'musicians', 'songs', 'album', 'guitar']",
2175,34,2175_calamity_calamitous_novels_novel,"['calamity', 'calamitous', 'novels', 'novel', 'soprano', 'biography', 'portrayed', 'storyteller', 'narrators', 'movie']",
2176,34,2176_godfather_mafia_capo_murdered,"['godfather', 'mafia', 'capo', 'murdered', 'murder', 'tom', 'traitor', 'revenge', 'consigliere', 'bodyguard']",
2177,34,2177_undrafted_cornerback_patriots_receptions,"['undrafted', 'cornerback', 'patriots', 'receptions', 'touchdowns', 'catches', 'drafted', 'tackles', 'touchdown', 'fumbles']",
2178,34,2178_royal_monarch_palace_palaces,"['royal', 'monarch', 'palace', 'palaces', 'royalty', 'queen', 'castle', 'residence', 'duchess', 'king']",
2179,34,2179_joey_punk_drummer_sings,"['joey', 'punk', 'drummer', 'sings', 'vocals', 'drummers', 'drums', 'sing', 'singing', 'guitarist']",
2180,34,2180_nuclear_sanctions_missiles_jong,"['nuclear', 'sanctions', 'missiles', 'jong', 'missile', 'yoon', 'reactors', 'reactor', 'treaty', 'uranium']",
2181,34,2181_poet_poem_poetry_poems,"['poet', 'poem', 'poetry', 'poems', 'scribes', 'scribe', 'philology', 'manuscript', 'prose', 'literary']",
2182,34,2182_rebounds_warriors_curry_assists,"['rebounds', 'warriors', 'curry', 'assists', 'green', 'doubles', 'suns', 'triple', 'steals', 'playoffs']",
2183,34,2183_skyscraper_tallest_tower_towers,"['skyscraper', 'tallest', 'tower', 'towers', 'skyscrapers', 'buildings', 'building', 'construction', 'jin', 'skyline']",
2184,34,2184_shareholder_shareholders_investor_shares,"['shareholder', 'shareholders', 'investor', 'shares', 'holdings', 'takeover', 'ownership', 'stock', 'stockbroker', 'financier']",
2185,34,2185_astronomer_heliocentric_1516_papal,"['astronomer', 'heliocentric', '1516', 'papal', '1496', 'ecclesiastic', '1522', '1497', '1531', 'bishops']",
2186,34,2186_actresses_actress_wilder_portrayal,"['actresses', 'actress', 'wilder', 'portrayal', 'broadway', '1920s', '1934', 'performances', '1932', 'bully']",
2187,34,2187_register_historic_cemeteries_landmarks,"['register', 'historic', 'cemeteries', 'landmarks', 'monuments', 'national', 'zoning', 'preservation', 'ordinances', 'birthplaces']",
2188,34,2188_albums_album_songs_concert,"['albums', 'album', 'songs', 'concert', 'comeback', 'millennium', '90s', '1999', 'billboard', 'unbreakable']",
2189,34,2189_merger_aerospace_subsidiaries_acquisitions,"['merger', 'aerospace', 'subsidiaries', 'acquisitions', 'firms', 'subsidiary', 'companies', 'shipbuilding', 'manufacturer', 'company']",
2190,34,2190_wiggle_band_entertainers_concert,"['wiggle', 'band', 'entertainers', 'concert', 'performers', 'concerts', 'songs', 'touring', 'circus', 'dancers']",
2191,34,2191_pilgrims_1620_pilgrim_voyage,"['pilgrims', '1620', 'pilgrim', 'voyage', 'sailed', 'colony', 'sailors', '1621', '1609', 'ship']",
2192,34,2192_sneakers_footwear_shoes_sportswear,"['sneakers', 'footwear', 'shoes', 'sportswear', 'sneaker', 'shoe', 'shoemaker', 'boost', 'boosts', 'apparel']",
2193,34,2193_blade_prequels_sequel_2049,"['blade', 'prequels', 'sequel', '2049', 'runner', 'filmmakers', 'screenplay', 'films', 'film', 'novel']",
2194,34,2194_torch_olympic_relay_relays,"['torch', 'olympic', 'relay', 'relays', 'flame', 'ceremonies', 'ignites', 'organizers', 'officiated', 'events']",
2195,34,2195_novelist_purple_novels_novel,"['novelist', 'purple', 'novels', 'novel', 'literary', 'book', 'poetry', 'walker', 'poet', 'color']",
2196,34,2196_ranger_regiment_infantry_regimental,"['ranger', 'regiment', 'infantry', 'regimental', 'rangers', 'platoon', 'battalions', 'military', 'army', 'soldiers']",
2197,34,2197_dialects_languages_speak_dialect,"['dialects', 'languages', 'speak', 'dialect', 'language', 'linguist', 'monolingual', 'bilingual', 'cantonal', 'trilingual']",
2198,34,2198_gymnast_gymnasts_gymnastics_gymnastic,"['gymnast', 'gymnasts', 'gymnastics', 'gymnastic', 'athlete', 'allegations', 'scandal', 'testified', 'accused', 'molested']",
2199,34,2199_haiku_haikai_poetry_poems,"['haiku', 'haikai', 'poetry', 'poems', 'poet', 'poets', 'poem', 'syllables', 'stanza', 'poetic']",
2200,33,2200_spetsnaz_soviet_infantrymen_commanders,"['spetsnaz', 'soviet', 'infantrymen', 'commanders', 'brigades', 'reconnaissance', 'regiment', 'military', 'detachments', 'troops']",
2201,33,2201_deaf_blindness_disabilities_braille,"['deaf', 'blindness', 'disabilities', 'braille', 'blind', 'impairments', 'autobiography', 'author', 'speeches', 'teacher']",
2202,33,2202_medieval_antiquity_renaissance_darkness,"['medieval', 'antiquity', 'renaissance', 'darkness', 'dark', 'century', 'centuries', '1453', 'historian', 'historians']",
2203,33,2203_photographer_photography_photographs_photographic,"['photographer', 'photography', 'photographs', 'photographic', 'photographers', 'photograph', 'photographed', 'photos', 'mural', 'gallery']",
2204,33,2204_genocide_genocides_holocaust_perpetrators,"['genocide', 'genocides', 'holocaust', 'perpetrators', 'genocidal', 'killings', 'scapegoating', 'condemnation', 'prosecuted', 'commemorations']",
2205,33,2205_bow_actress_1932_laurels,"['bow', 'actress', '1932', 'laurels', '1920s', 'girl', 'paramount', 'ladies', 'picture', 'tomboy']",
2206,33,2206_crops_agriculture_irrigation_agricultural,"['crops', 'agriculture', 'irrigation', 'agricultural', 'farmers', 'cultivated', 'rice', 'maize', 'crop', 'oilseeds']",
2207,33,2207_paella_paprika_cuisine_seafood,"['paella', 'paprika', 'cuisine', 'seafood', 'olive', 'chorizo', 'chicken', 'cookware', 'dish', 'mediterranean']",
2208,33,2208_novelist_literature_literary_writer,"['novelist', 'literature', 'literary', 'writer', 'poet', 'poets', 'poetry', 'author', 'modernism', 'writers']",
2209,33,2209_midnight_noon_midday_clock,"['midnight', 'noon', 'midday', 'clock', 'evening', 'afternoon', 'hour', 'schedules', 'timekeeping', 'timetables']",
2210,33,2210_griffin_donation_donated_museum,"['griffin', 'donation', 'donated', 'museum', 'donating', 'benefactor', 'charities', 'charitable', 'gift', 'trustees']",
2211,33,2211_starling_cannibalized_cannibal_cannibalize,"['starling', 'cannibalized', 'cannibal', 'cannibalize', 'killer', 'cannibalistic', 'eaten', 'accuse', 'treats', 'quid']",
2212,33,2212_taxis_taxi_taxicabs_fares,"['taxis', 'taxi', 'taxicabs', 'fares', 'cabs', 'buses', 'transportation', 'minibuses', 'traffic', 'minibus']",
2213,33,2213_hunts_noose_gun_hunting,"['hunts', 'noose', 'gun', 'hunting', 'hunters', 'rabid', 'rifle', 'deer', 'chastised', 'elk']",
2214,33,2214_ethnicities_ethnicity_ethnic_racial,"['ethnicities', 'ethnicity', 'ethnic', 'racial', 'census', 'censuses', 'blacks', 'ancestry', 'race', 'immigrants']",
2215,33,2215_buildings_skyscraper_apartments_building,"['buildings', 'skyscraper', 'apartments', 'building', 'architecture', 'apartment', 'architects', 'façades', 'façade', 'construction']",
2216,33,2216_sedan_convertibles_convertible_coupe,"['sedan', 'convertibles', 'convertible', 'coupe', 'corvette', 'taillights', 'trunk', 'taillight', 'wheelbase', 'redesigned']",
2217,33,2217_harden_assists_rebounds_scoring,"['harden', 'assists', 'rebounds', 'scoring', 'triple', 'steals', 'basketball', 'doubles', 'rookie', 'scored']",
2218,33,2218_emails_webmail_email_mail,"['emails', 'webmail', 'email', 'mail', 'google', 'phishing', 'inbox', 'android', 'privacy', 'outlook']",
2219,33,2219_paintings_painting_painter_painters,"['paintings', 'painting', 'painter', 'painters', 'paint', 'portraits', 'painted', 'engravings', 'murals', 'canvas']",
2220,33,2220_yards_quarterback_touchdowns_receptions,"['yards', 'quarterback', 'touchdowns', 'receptions', 'cornerback', 'touchdown', 'punt', 'catches', 'giants', 'rushing']",
2221,33,2221_museums_museum_exhibitions_sheikh,"['museums', 'museum', 'exhibitions', 'sheikh', 'sultanate', 'galleries', 'exhibition', 'gallery', 'exhibitor', 'emirates']",
2222,33,2222_retailer_store_sales_shop,"['retailer', 'store', 'sales', 'shop', 'stores', 'buy', 'malls', 'warehouse', 'shopping', 'retail']",
2223,33,2223_khan_politician_candidate_goldsmith,"['khan', 'politician', 'candidate', 'goldsmith', 'councillor', 'constituency', 'chancellor', 'minister', 'mayor', 'elected']",
2224,33,2224_eigenfunctions_quantum_eigenstates_eigenstate,"['eigenfunctions', 'quantum', 'eigenstates', 'eigenstate', 'observables', 'operators', 'observable', 'eigenvalue', 'operator', 'uncertainty']",
2225,33,2225_recycling_recycled_recycle_recyclable,"['recycling', 'recycled', 'recycle', 'recyclable', 'recycles', 'landfills', 'disposal', 'landfill', 'waste', 'wastes']",
2226,33,2226_thrash_slayer_band_bands,"['thrash', 'slayer', 'band', 'bands', 'hardcore', 'toured', 'vocalist', 'bassist', 'guitarist', 'drummer']",
2227,33,2227_beetle_beetles_convertible_fenders,"['beetle', 'beetles', 'convertible', 'fenders', 'chassis', 'headlights', 'car', 'bug', 'taillights', 'cars']",
2228,33,2228_assists_rebounds_steals_doubles,"['assists', 'rebounds', 'steals', 'doubles', 'triple', 'double', 'spurs', 'suns', 'pistons', 'basketball']",
2229,33,2229_fifths_fifth_circle_tones,"['fifths', 'fifth', 'circle', 'tones', 'numerals', 'spiral', 'chords', 'octaves', 'chordal', 'frequency']",
2230,33,2230_rush_bands_rock_zeppelin,"['rush', 'bands', 'rock', 'zeppelin', 'drummer', 'songs', 'drums', 'albums', 'band', 'musician']",
2231,33,2231_yuan_chairman_hui_election,"['yuan', 'chairman', 'hui', 'election', 'elections', 'chairmanship', 'jin', 'coalition', 'candidate', 'ying']",
2232,33,2232_clitoris_position_positions_intercourse,"['clitoris', 'position', 'positions', 'intercourse', 'clitoral', 'penetration', 'thrusts', 'stimulation', 'vaginal', 'technique']",
2233,33,2233_viewers_episodes_generation_syndication,"['viewers', 'episodes', 'generation', 'syndication', 'storylines', 'channel', 'teens', 'teen', 'aired', 'teenagers']",
2234,33,2234_hegemony_superpower_superpowers_diplomacy,"['hegemony', 'superpower', 'superpowers', 'diplomacy', 'hegemonic', 'hegemon', 'oligarchical', 'powers', 'globally', 'governance']",
2235,33,2235_population_demographic_comune_average,"['population', 'demographic', 'comune', 'average', 'depopulation', 'inhabitants', 'percent', 'populated', 'births', 'estimated']",
2236,33,2236_laptops_laptop_notebooks_notebook,"['laptops', 'laptop', 'notebooks', 'notebook', 'desktops', 'hardware', 'computers', 'portable', 'desks', 'touchscreens']",
2237,33,2237_unrest_bombing_rebels_dictator,"['unrest', 'bombing', 'rebels', 'dictator', 'guerrillas', 'bombardment', 'genocide', 'insurgencies', 'assassinated', 'spearheaded']",
2238,33,2238_survivors_zombies_umbrella_hive,"['survivors', 'zombies', 'umbrella', 'hive', 'discovers', 'humanity', 'escapes', 'escape', 'investigates', 'awakens']",
2239,32,2239_activist_intellectuals_activism_anarchism,"['activist', 'intellectuals', 'activism', 'anarchism', 'linguistics', 'journalist', 'speech', 'intellectual', 'anarchist', 'socialists']",
2240,32,2240_sesame_episodes_cartoon_licensing,"['sesame', 'episodes', 'cartoon', 'licensing', 'television', 'productions', 'viewers', 'preschool', 'preschoolers', 'broadcast']",
2241,32,2241_moderate_conservatives_ideological_nationalist,"['moderate', 'conservatives', 'ideological', 'nationalist', 'conservative', 'democratic', 'liberal', 'populist', 'extremists', 'factions']",
2242,32,2242_biblical_testament_mythological_epistle,"['biblical', 'testament', 'mythological', 'epistle', 'satan', 'lion', 'servant', 'rabbinic', 'slain', 'homophonous']",
2243,32,2243_buried_cemetery_died_funeral,"['buried', 'cemetery', 'died', 'funeral', 'interred', 'condolences', 'memorial', 'coroner', 'mourners', 'tombstone']",
2244,32,2244_defender_footballer_arsenal_villa,"['defender', 'footballer', 'arsenal', 'villa', 'stoke', 'goal', 'scored', 'matches', 'captained', 'injury']",
2245,32,2245_dictionaries_dictionary_reprinting_typography,"['dictionaries', 'dictionary', 'reprinting', 'typography', 'abridgement', 'edition', 'published', 'revisions', 'revision', 'search']",
2246,32,2246_osteopathic_osteopathy_osteopaths_homeopathy,"['osteopathic', 'osteopathy', 'osteopaths', 'homeopathy', 'physiotherapists', 'practitioners', 'medical', 'chiropractors', 'physicians', 'doctors']",
2247,32,2247_indigenous_aboriginal_arctic_tribal,"['indigenous', 'aboriginal', 'arctic', 'tribal', 'anthropologist', 'native', 'etymological', 'anthropological', 'archaeologist', 'assimilation']",
2248,32,2248_religions_religion_religiosity_theology,"['religions', 'religion', 'religiosity', 'theology', 'religious', 'beliefs', 'deities', 'belief', 'theosophical', 'philosophy']",
2249,32,2249_lily_robin_episode_doppelganger,"['lily', 'robin', 'episode', 'doppelganger', 'doppelgänger', 'mall', 'finale', 'apartment', 'loves', 'lawyer']",
2250,32,2250_pedagogy_pedagogical_pedagogue_educator,"['pedagogy', 'pedagogical', 'pedagogue', 'educator', 'teaching', 'educational', 'education', 'curriculum', 'teacher', 'teachers']",
2251,32,2251_touchdowns_interceptions_yards_quarterback,"['touchdowns', 'interceptions', 'yards', 'quarterback', 'interception', 'touchdown', 'quarterbacks', 'rushing', 'throwing', 'threw']",
2252,32,2252_dubbed_satellite_amazon_premiere,"['dubbed', 'satellite', 'amazon', 'premiere', 'streamed', 'tv', 'digitally', 'streaming', 'digital', 'crore']",
2253,32,2253_drummer_drumming_band_songwriters,"['drummer', 'drumming', 'band', 'songwriters', 'gigs', 'bests', 'snub', 'lads', 'dirty', '1960']",
2254,32,2254_finasteride_antiandrogen_antiandrogenic_inhibitor,"['finasteride', 'antiandrogen', 'antiandrogenic', 'inhibitor', 'dosage', 'dihydrotestosterone', 'medication', 'hormone', 'placebo', 'steroid']",
2255,32,2255_northwest_fort_settlers_forts,"['northwest', 'fort', 'settlers', 'forts', '1840s', 'mercantile', '1812', '1840', 'bay', 'west']",
2256,32,2256_ancestry_ancestor_ancestors_ancestral,"['ancestry', 'ancestor', 'ancestors', 'ancestral', 'archipelago', 'indigenous', 'ethnic', 'aborigines', 'lineage', 'aboriginal']",
2257,32,2257_hypotenuse_triangles_squares_geometry,"['hypotenuse', 'triangles', 'squares', 'geometry', 'triangle', 'square', 'quadrilateral', 'rectangles', 'geometrical', 'rectangle']",
2258,32,2258_orbits_solutions_bodies_mathematical,"['orbits', 'solutions', 'bodies', 'mathematical', 'gravitation', 'mathematicians', 'dynamics', 'equilateral', 'numerically', 'gravitational']",
2259,32,2259_easter_holiday_celebrated_feasts,"['easter', 'holiday', 'celebrated', 'feasts', 'feast', 'liturgical', 'lent', 'liturgy', 'ecclesiastical', 'commemoration']",
2260,32,2260_antihypertensive_propranolol_hypertension_blockers,"['antihypertensive', 'propranolol', 'hypertension', 'blockers', 'adrenergic', 'aortic', 'vascular', 'angina', 'blocker', 'bradycardia']",
2261,32,2261_adder_servant_reign_descendants,"['adder', 'servant', 'reign', 'descendants', 'queen', 'prince', '1988', 'portrayed', 'ben', 'bastard']",
2262,32,2262_genetics_genetic_heredity_traits,"['genetics', 'genetic', 'heredity', 'traits', 'genes', 'evolution', 'trait', 'lineages', 'alleles', 'crossbreeding']",
2263,32,2263_amazon_affiliate_retailers_retailer,"['amazon', 'affiliate', 'retailers', 'retailer', 'sales', 'commerce', 'marketplace', 'sellers', 'market', 'revenue']",
2264,32,2264_birthday_doodle_birthdays_26th,"['birthday', 'doodle', 'birthdays', '26th', 'celebrated', 'google', '70th', 'commemorate', 'anniversary', 'commemoration']",
2265,32,2265_hominem_argumentation_arguments_philosophical,"['hominem', 'argumentation', 'arguments', 'philosophical', 'philosopher', 'rationalists', 'rhetorical', 'dialectical', 'ad', 'argument']",
2266,32,2266_carmaker_automobiles_cars_sedans,"['carmaker', 'automobiles', 'cars', 'sedans', 'vehicles', 'dealerships', 'motors', 'car', 'brands', 'manufactures']",
2267,32,2267_amnesty_refugees_racism_asylum,"['amnesty', 'refugees', 'racism', 'asylum', 'discrimination', 'violations', 'international', 'ideological', 'rights', 'reports']",
2268,32,2268_pamphlet_1776_pamphlets_revolutionary,"['pamphlet', '1776', 'pamphlets', 'revolutionary', 'revolutionaries', 'enlightenment', 'revolution', 'advocated', '1783', 'independence']",
2269,32,2269_imperialism_colonial_labour_humanitarian,"['imperialism', 'colonial', 'labour', 'humanitarian', 'ivory', 'colony', 'colonies', '1904', 'treaties', 'imperialists']",
2270,32,2270_news_journalism_propaganda_misinformation,"['news', 'journalism', 'propaganda', 'misinformation', 'credible', 'disinformation', 'falsehood', 'fake', 'newsletters', 'satire']",
2271,32,2271_gymnast_gymnasts_gymnastics_olympic,"['gymnast', 'gymnasts', 'gymnastics', 'olympic', 'medals', 'athlete', 'competed', 'medal', 'medalist', 'athletes']",
2272,32,2272_stadia_subscriptions_subscription_launched,"['stadia', 'subscriptions', 'subscription', 'launched', 'launch', 'android', 'beta', 'cloud', 'gaming', 'games']",
2273,32,2273_spinal_paralysis_paralyzed_vertebrae,"['spinal', 'paralysis', 'paralyzed', 'vertebrae', 'cervical', 'wheelchair', 'rehabilitation', 'disability', 'paramedics', 'neck']",
2274,32,2274_housewives_housewife_cast_reunion,"['housewives', 'housewife', 'cast', 'reunion', 'guests', 'season', 'finale', 'guest', 'appearances', 'bailey']",
2275,32,2275_irrigation_sea_waters_salinity,"['irrigation', 'sea', 'waters', 'salinity', 'basins', 'rivers', 'basin', 'wetland', 'shrinking', 'dam']",
2276,32,2276_transistors_microprocessors_processors_microprocessor,"['transistors', 'microprocessors', 'processors', 'microprocessor', 'transistor', 'processor', 'intel', 'silicon', 'semiconductors', 'electronics']",
2277,32,2277_phantom_ghost_opera_lair,"['phantom', 'ghost', 'opera', 'lair', 'cloak', 'mask', 'soprano', 'novel', 'reprise', 'noose']",
2278,32,2278_granites_granite_mineralogy_magmas,"['granites', 'granite', 'mineralogy', 'magmas', 'basaltic', 'minerals', 'magma', 'magmatic', 'geochemistry', 'quartz']",
2279,32,2279_victor_fascism_monarchist_monarchy,"['victor', 'fascism', 'monarchist', 'monarchy', 'fascist', 'monarchists', 'abdicated', 'regio', 'reigned', 'abdicate']",
2280,32,2280_fasciitis_fascia_plantar_fascicles,"['fasciitis', 'fascia', 'plantar', 'fascicles', 'tendon', 'ankle', 'arthritis', 'heel', 'surgical', 'complications']",
2281,32,2281_company_conglomerate_market_enterprises,"['company', 'conglomerate', 'market', 'enterprises', 'industries', 'businesses', 'subsidiary', 'mining', 'subsidiaries', 'multinational']",
2282,32,2282_rosemary_lobotomy_nuns_lobotomized,"['rosemary', 'lobotomy', 'nuns', 'lobotomized', 'convent', '1961', 'psychosurgery', 'aunt', 'sister', 'incapacitated']",
2283,32,2283_mosque_terrorist_mosques_coroner,"['mosque', 'terrorist', 'mosques', 'coroner', 'victims', 'shooting', 'terrorism', 'murder', 'shootings', 'perpetrator']",
2284,32,2284_tennis_tournaments_tournament_finalist,"['tennis', 'tournaments', 'tournament', 'finalist', 'quarterfinals', 'semifinals', 'semifinal', 'doubles', 'matches', 'finals']",
2285,32,2285_dramas_airing_drama_sonata,"['dramas', 'airing', 'drama', 'sonata', 'cultural', 'subtitles', 'viewership', 'television', 'viewers', 'tv']",
2286,32,2286_globalization_globalisation_globalized_transnational,"['globalization', 'globalisation', 'globalized', 'transnational', 'global', 'economies', 'sociocultural', 'economic', 'neoliberal', 'economist']",
2287,32,2287_knight_donated_philanthropist_philanthropic,"['knight', 'donated', 'philanthropist', 'philanthropic', 'donation', 'fund', 'donating', 'donate', 'donates', 'fundraiser']",
2288,32,2288_ibn_al_theology_treatises,"['ibn', 'al', 'theology', 'treatises', 'ijtihad', 'treatise', 'amir', 'theological', 'philosopher', 'mathematician']",
2289,32,2289_creatine_creatinine_supplementation_supplement,"['creatine', 'creatinine', 'supplementation', 'supplement', 'supplements', 'pharmacokinetics', 'dialysis', 'nutrition', 'pharmacokinetic', 'muscle']",
2290,32,2290_duo_app_mobile_android,"['duo', 'app', 'mobile', 'android', 'proficiency', 'educational', 'learners', 'education', 'math', 'monthly']",
2291,32,2291_offspring_albums_album_band,"['offspring', 'albums', 'album', 'band', 'bands', 'drums', 'toured', 'drummer', 'bassist', 'headlining']",
2292,32,2292_guards_defensive_guard_basketball,"['guards', 'defensive', 'guard', 'basketball', 'players', 'shooters', 'defense', 'positions', 'defender', 'defenses']",
2293,32,2293_prix_lightning_racing_radiator,"['prix', 'lightning', 'racing', 'radiator', 'racers', 'speedway', 'racer', 'storm', 'rusty', 'cars']",
2294,32,2294_executives_stockholder_executive_shareholders,"['executives', 'stockholder', 'executive', 'shareholders', 'company', 'chairman', 'founders', 'corporations', 'companies', 'subsidiaries']",
2295,31,2295_presenter_savage_airing_keynote,"['presenter', 'savage', 'airing', 'keynote', 'premiered', 'lectures', 'repackaged', 'channel', 'expanse', 'episodes']",
2296,31,2296_multiracial_geisha_ethnic_actors,"['multiracial', 'geisha', 'ethnic', 'actors', 'ethnically', 'cast', 'portrayal', 'actresses', 'portrayals', 'auditioned']",
2297,31,2297_schools_academies_school_education,"['schools', 'academies', 'school', 'education', 'colleges', 'educational', 'polytechnic', 'courses', 'districts', 'grades']",
2298,31,2298_oz_debate_debater_debating,"['oz', 'debate', 'debater', 'debating', 'midterms', 'discussing', 'contentious', 'election', 'talked', 'campaign']",
2299,31,2299_dragon_anime_manga_superman,"['dragon', 'anime', 'manga', 'superman', 'piccolo', 'nowiki', 'shonen', 'shōnen', 'martial', 'monkey']",
2300,31,2300_tennis_slams_doubles_tournaments,"['tennis', 'slams', 'doubles', 'tournaments', 'racquets', 'quarterfinal', 'tournament', 'singles', 'semifinals', 'championships']",
2301,31,2301_disks_disk_floppy_drives,"['disks', 'disk', 'floppy', 'drives', 'storage', 'sectors', 'computers', 'bytes', 'sector', 'data']",
2302,31,2302_albums_duet_album_vocals,"['albums', 'duet', 'album', 'vocals', 'singles', 'music', 'artist', 'rhythm', 'dancing', 'tunes']",
2303,31,2303_guitarist_tour_touring_zeppelin,"['guitarist', 'tour', 'touring', 'zeppelin', 'backstage', 'albums', 'frontman', 'van', 'guitar', 'hiatus']",
2304,31,2304_bidets_bidet_toilets_bathrooms,"['bidets', 'bidet', 'toilets', 'bathrooms', 'toilet', 'showers', 'bathroom', 'hygiene', 'wipes', 'showering']",
2305,31,2305_spina_bifida_amniocentesis_maternal,"['spina', 'bifida', 'amniocentesis', 'maternal', 'pregnancy', 'malformations', 'amniotic', 'trisomy', 'spine', 'fetal']",
2306,31,2306_bell_cliffhanger_saved_cast,"['bell', 'cliffhanger', 'saved', 'cast', 'sitcom', 'lark', 'episodes', 'channel', 'episode', 'cancelled']",
2307,31,2307_arcade_simulator_gameplay_racing,"['arcade', 'simulator', 'gameplay', 'racing', 'skyline', 'emulation', 'casual', 'grind', 'auto', 'game']",
2308,31,2308_functional_programming_functions_programmer,"['functional', 'programming', 'functions', 'programmer', 'function', 'compiler', 'imperative', 'programs', 'program', 'syntax']",
2309,31,2309_sting_band_bandmates_concert,"['sting', 'band', 'bandmates', 'concert', 'verve', 'guitarist', 'songs', 'drummer', 'bassist', 'singer']",
2310,31,2310_mukbang_consuming_pornography_habits,"['mukbang', 'consuming', 'pornography', 'habits', 'cravings', 'eating', 'unhealthy', 'consumed', 'eats', 'eat']",
2311,31,2311_translations_translating_translator_translated,"['translations', 'translating', 'translator', 'translated', 'translation', 'novel', 'french', 'reprinted', 'published', 'classics']",
2312,31,2312_painting_paintings_painter_paint,"['painting', 'paintings', 'painter', 'paint', 'art', 'painted', 'artwork', 'canvas', 'episodes', 'canvases']",
2313,31,2313_gambling_betting_gamblers_bets,"['gambling', 'betting', 'gamblers', 'bets', 'casino', 'esports', 'sports', 'casinos', 'wagering', 'legalizing']",
2314,31,2314_ancient_archaeological_archaeology_neolithic,"['ancient', 'archaeological', 'archaeology', 'neolithic', 'dynasties', 'shen', 'archaeologists', 'dynasty', 'epigraphy', 'excavations']",
2315,31,2315_animals_drummer_animal_bassist,"['animals', 'drummer', 'animal', 'bassist', 'drums', 'band', 'guitarist', 'toured', 'disbanded', 'keyboardist']",
2316,31,2316_feng_decorating_buildings_practices,"['feng', 'decorating', 'buildings', 'practices', 'shui', 'architects', 'qi', 'traditional', 'ecologists', 'superstitious']",
2317,31,2317_songwriter_singer_sings_keyboardist,"['songwriter', 'singer', 'sings', 'keyboardist', 'vocals', 'toured', 'log', 'bandmate', 'soundtrack', 'riders']",
2318,31,2318_memories_memory_recall_psychology,"['memories', 'memory', 'recall', 'psychology', 'falsehood', 'susceptibility', 'recalls', 'psychoanalysis', 'false', 'syndrome']",
2319,31,2319_draft_drafted_draftee_picks,"['draft', 'drafted', 'draftee', 'picks', 'blazers', 'signed', '76ers', 'bulls', 'warriors', 'league']",
2320,31,2320_registrars_registrar_domains_domain,"['registrars', 'registrar', 'domains', 'domain', 'registrants', 'registries', 'registrations', 'registry', 'registration', 'providers']",
2321,31,2321_officers_police_gunshots_shooter,"['officers', 'police', 'gunshots', 'shooter', 'shooting', 'cops', 'subpoenaed', 'suspect', 'deputies', 'incident']",
2322,31,2322_moon_drummer_drums_drummers,"['moon', 'drummer', 'drums', 'drummers', 'drumming', 'bandmates', 'band', 'drum', 'jam', 'onstage']",
2323,31,2323_lymphomas_lymphoma_lymphadenopathy_lymphoid,"['lymphomas', 'lymphoma', 'lymphadenopathy', 'lymphoid', 'lymphocytic', 'lymph', 'cancers', 'lymphocyte', 'diagnosed', 'cancer']",
2324,31,2324_reggae_albums_band_bassist,"['reggae', 'albums', 'band', 'bassist', 'toured', 'frontman', 'saxophonist', 'album', 'musician', 'musicians']",
2325,31,2325_risqué_bath_erotica_insider,"['risqué', 'bath', 'erotica', 'insider', 'twitter', 'aesthetic', 'erotic', 'sexiness', 'sexualised', 'tweeted']",
2326,31,2326_spawn_disowns_destroys_shapeshift,"['spawn', 'disowns', 'destroys', 'shapeshift', 'souls', 'kills', 'discovers', 'demons', 'evolves', 'mob']",
2327,31,2327_broadcasting_syndication_broadcast_fox,"['broadcasting', 'syndication', 'broadcast', 'fox', 'channel', 'television', 'tv', 'syndicated', 'stations', 'affiliates']",
2328,31,2328_domino_pizzas_pizza_pizzerias,"['domino', 'pizzas', 'pizza', 'pizzerias', 'restaurants', 'customers', 'franchising', 'stores', 'crust', 'cakes']",
2329,31,2329_soldering_boards_drilling_soldered,"['soldering', 'boards', 'drilling', 'soldered', 'board', 'holes', 'components', 'etching', 'substrate', 'prototyping']",
2330,31,2330_customers_marketing_customer_consumers,"['customers', 'marketing', 'customer', 'consumers', 'consumer', 'satisfaction', 'sales', 'analytics', 'clients', 'management']",
2331,31,2331_incels_incel_misogynistic_misogynist,"['incels', 'incel', 'misogynistic', 'misogynist', 'feminism', 'masculinity', 'misogyny', 'extremism', 'victimhood', 'violence']",
2332,31,2332_polo_khan_yuan_traveller,"['polo', 'khan', 'yuan', 'traveller', 'merchant', 'silk', 'historian', 'china', 'dynasty', 'travellers']",
2333,31,2333_bob_hope_honorary_biography,"['bob', 'hope', 'honorary', 'biography', 'comedian', 'entertainer', 'golfer', 'birthday', 'wartime', '1940s']",
2334,31,2334_ethnic_minorities_ethnicity_minority,"['ethnic', 'minorities', 'ethnicity', 'minority', 'population', 'nationality', 'ancestry', 'percent', 'migrants', 'foreigners']",
2335,31,2335_tennis_doubles_backhand_sprinter,"['tennis', 'doubles', 'backhand', 'sprinter', 'forehand', 'volleying', 'tournaments', 'tournament', 'quarterfinals', 'singles']",
2336,30,2336_nations_china_sovereign_sovereignty,"['nations', 'china', 'sovereign', 'sovereignty', 'republic', '1949', 'countries', 'council', 'diplomatic', 'member']",
2337,30,2337_hostage_hostages_gunmen_terrorists,"['hostage', 'hostages', 'gunmen', 'terrorists', 'kidnappers', 'siege', 'terrorism', 'attackers', 'terrorist', 'bombings']",
2338,30,2338_novelist_writings_poetry_poets,"['novelist', 'writings', 'poetry', 'poets', 'writer', 'poems', 'literature', 'novella', 'novel', 'prose']",
2339,30,2339_topological_topology_topologically_topologies,"['topological', 'topology', 'topologically', 'topologies', 'manifolds', 'spaces', 'space', 'geometries', 'manifold', 'geometry']",
2340,30,2340_tower_towers_elevators_elevator,"['tower', 'towers', 'elevators', 'elevator', 'storeys', 'cn', 'observatory', 'stairwells', 'building', 'stairwell']",
2341,30,2341_malls_destinations_cities_mall,"['malls', 'destinations', 'cities', 'mall', 'roads', 'city', 'neighbourhoods', 'bus', 'traffic', 'transportation']",
2342,30,2342_theremin_instruments_instrument_orchestral,"['theremin', 'instruments', 'instrument', 'orchestral', 'concerto', 'midi', 'musicians', 'composers', 'composer', 'synthesizer']",
2343,30,2343_cryptocurrency_cryptocurrencies_crypto_bitcoin,"['cryptocurrency', 'cryptocurrencies', 'crypto', 'bitcoin', 'doge', 'currency', 'coin', 'coins', 'inflation', 'investors']",
2344,30,2344_wee_pee_cameo_cameos,"['wee', 'pee', 'cameo', 'cameos', 'comedian', 'cartoon', 'playhouse', 'puppets', 'movie', 'troupe']",
2345,30,2345_castes_caste_jati_jatis,"['castes', 'caste', 'jati', 'jatis', 'tribal', 'raj', 'varnas', 'subcontinent', 'varna', 'kinship']",
2346,30,2346_marriages_cohabitation_marriage_heterosexuals,"['marriages', 'cohabitation', 'marriage', 'heterosexuals', 'couples', 'heterosexual', 'marriageable', 'marry', 'discriminatory', 'referendums']",
2347,30,2347_financier_fund_funds_investors,"['financier', 'fund', 'funds', 'investors', 'investor', 'eagle', 'stocks', 'securities', 'endowment', 'endowments']",
2348,30,2348_mammoth_mammoths_prehistoric_fossils,"['mammoth', 'mammoths', 'prehistoric', 'fossils', 'palaeontology', 'extinct', 'palaeontologist', 'elephants', 'elephant', 'specimens']",
2349,30,2349_eunuchs_eunuch_servants_slaves,"['eunuchs', 'eunuch', 'servants', 'slaves', 'enslaved', 'attendants', 'emperors', 'slave', 'harems', 'guards']",
2350,30,2350_condemnation_testimony_guilt_heresy,"['condemnation', 'testimony', 'guilt', 'heresy', 'accusation', 'testified', 'theologians', 'execution', 'interrogations', 'crucifix']",
2351,30,2351_chaebols_chaebol_debts_economies,"['chaebols', 'chaebol', 'debts', 'economies', 'economy', 'subsidiaries', 'debt', 'firms', 'bankrupt', 'banks']",
2352,30,2352_songwriter_songwriters_performer_guitarist,"['songwriter', 'songwriters', 'performer', 'guitarist', 'concert', 'performing', 'bassist', 'ruptured', 'pedal', 'keyboardist']",
2353,30,2353_awards_academy_nominees_theaters,"['awards', 'academy', 'nominees', 'theaters', 'theatre', 'presenters', 'speeches', '2021', 'filmmakers', 'venues']",
2354,30,2354_catalytic_catalysts_catalyst_converters,"['catalytic', 'catalysts', 'catalyst', 'converters', 'catalyzing', 'exhaust', 'converter', 'emissions', 'combustion', 'fuel']",
2355,30,2355_militia_amendment_constitution_constitutions,"['militia', 'amendment', 'constitution', 'constitutions', 'militias', 'armed', 'firearms', 'rights', 'arms', 'declaration']",
2356,30,2356_atheism_atheist_agnosticism_atheists,"['atheism', 'atheist', 'agnosticism', 'atheists', 'atheistic', 'agnostic', 'monotheism', 'deities', 'polytheism', 'beliefs']",
2357,30,2357_studium_catholic_pope_pontifical,"['studium', 'catholic', 'pope', 'pontifical', 'latin', 'friars', 'theologians', 'roman', 'theologian', 'theological']",
2358,30,2358_composers_orchestra_composer_orchestras,"['composers', 'orchestra', 'composer', 'orchestras', 'choral', 'instruments', 'orchestrator', 'trumpet', 'orchestration', 'operatic']",
2359,30,2359_albums_singer_guitar_duet,"['albums', 'singer', 'guitar', 'duet', 'album', 'guitarist', '1964', 'singles', 'bongos', 'bass']",
2360,30,2360_toured_concert_concerts_grease,"['toured', 'concert', 'concerts', 'grease', 'tour', 'musicians', 'drummers', 'vocalists', 'touring', 'onstage']",
2361,30,2361_famine_potatoes_potato_hunger,"['famine', 'potatoes', 'potato', 'hunger', 'starving', 'starvation', 'harvest', '1840s', 'blight', 'crop']",
2362,30,2362_ancient_testament_epic_bible,"['ancient', 'testament', 'epic', 'bible', 'cuneiform', 'literature', 'oldest', 'poems', 'poem', 'earliest']",
2363,30,2363_nightclub_nightclubs_54_cabaret,"['nightclub', 'nightclubs', '54', 'cabaret', 'club', 'cabarets', 'studio', '54th', 'theater', 'venue']",
2364,30,2364_headquartered_universal_headquarters_company,"['headquartered', 'universal', 'headquarters', 'company', 'music', 'subsidiary', 'worldwide', 'licensing', 'partnership', 'artists']",
2365,30,2365_exports_imports_economy_agriculture,"['exports', 'imports', 'economy', 'agriculture', 'archipelagos', 'scrap', 'euros', 'plantations', 'agricultural', 'oils']",
2366,30,2366_ecumenical_orthodox_catholic_ecclesiastical,"['ecumenical', 'orthodox', 'catholic', 'ecclesiastical', 'papal', 'schisms', 'bishops', 'schism', 'theological', 'apostolic']",
2367,30,2367_critical_thinking_reasoned_reflective,"['critical', 'thinking', 'reasoned', 'reflective', 'thinker', 'perspectives', 'skepticism', 'conceptualizing', 'thought', 'intellectual']",
2368,30,2368_maglev_trains_levitation_railway,"['maglev', 'trains', 'levitation', 'railway', 'levitating', 'levitate', 'levitated', 'rail', 'electromagnets', 'magnetic']",
2369,30,2369_van_ev_vans_automakers,"['van', 'ev', 'vans', 'automakers', 'vehicles', 'ford', 'chargers', 'charging', 'vehicle', 'automotive']",
2370,30,2370_rococo_sculptor_decorative_ornamental,"['rococo', 'sculptor', 'decorative', 'ornamental', 'designs', 'sculpted', 'designer', 'sculpture', 'paintings', 'decoration']",
2371,30,2371_paintings_painting_paint_art,"['paintings', 'painting', 'paint', 'art', 'artist', 'galleries', 'photographs', 'exhibited', 'depictions', 'painted']",
2372,30,2372_tulips_tulip_economists_economic,"['tulips', 'tulip', 'economists', 'economic', 'bulbs', '1635', 'prices', '1630s', 'market', '1621']",
2373,30,2373_squads_squad_roster_players,"['squads', 'squad', 'roster', 'players', 'teams', 'tournament', 'goalkeepers', 'team', 'bench', 'goalkeeper']",
2374,30,2374_entrances_subterranean_tunnel_stairs,"['entrances', 'subterranean', 'tunnel', 'stairs', 'pyramid', 'masonry', 'entrance', 'passage', 'ascending', 'descends']",
2375,30,2375_transhumanism_transhumanists_transhumanist_humanists,"['transhumanism', 'transhumanists', 'transhumanist', 'humanists', 'humanist', 'transcending', 'philosopher', 'philosophical', 'secular', 'philosophers']",
