id,assigned_topic,topic_label,top_topic_prob
e000076720019,7,7_tended herd_servant_plow_shepherd,0.8951243
e000077690016,7,7_tended herd_servant_plow_shepherd,0.88806313
e000078640008,0,0_spirit_flowers_maiden_wind,0.0
e000080410027,0,0_spirit_flowers_maiden_wind,0.0
e000178260013,7,7_tended herd_servant_plow_shepherd,0.47478604
e000536610000,0,0_spirit_flowers_maiden_wind,0.0
e000595320022,7,7_tended herd_servant_plow_shepherd,0.8128047
e000595340023,6,6_village_skirt_autumn_bread,0.5493167
e000598870000,7,7_tended herd_servant_plow_shepherd,1.0
e000683680005,7,7_tended herd_servant_plow_shepherd,0.76459527
ea00009830014,7,7_tended herd_servant_plow_shepherd,0.4863533
ea00009850016,3,3_servant_servants_piet_dip,1.0
eks0100240000,7,7_tended herd_servant_plow_shepherd,0.69443345
era200101100001,0,0_spirit_flowers_maiden_wind,0.0
era200101140006,0,0_spirit_flowers_maiden_wind,0.0
era200101370001,6,6_village_skirt_autumn_bread,1.0
era200601230001,7,7_tended herd_servant_plow_shepherd,1.0
era200703640019,0,0_spirit_flowers_maiden_wind,0.0
era200703650021,7,7_tended herd_servant_plow_shepherd,1.0
era200703750047,0,0_spirit_flowers_maiden_wind,0.0
era201107500009,8,8_bride_wedding_maidens_marriage,0.49034816
era201400340008,7,7_tended herd_servant_plow_shepherd,1.0
era201400450006,6,6_village_skirt_autumn_bread,1.0
era201401710006,7,7_tended herd_servant_plow_shepherd,1.0
era201402110004,6,6_village_skirt_autumn_bread,1.0
era201402730010,0,0_spirit_flowers_maiden_wind,0.0
era201708700000,0,0_spirit_flowers_maiden_wind,0.0
era202400960005,7,7_tended herd_servant_plow_shepherd,1.0
era202403130031,4,4_little birds_horses_horse_poor parish,1.0
era202403280055,3,3_servant_servants_piet_dip,1.0
era202404730001,7,7_tended herd_servant_plow_shepherd,0.8669405
era202404840012,0,0_spirit_flowers_maiden_wind,0.0
era202405030001,7,7_tended herd_servant_plow_shepherd,1.0
era202405050003,0,0_spirit_flowers_maiden_wind,0.0
era202405410001,0,0_spirit_flowers_maiden_wind,0.0
era202405420003,6,6_village_skirt_autumn_bread,0.6021357
era202500360003,0,0_spirit_flowers_maiden_wind,0.0
era202502010005,0,0_spirit_flowers_maiden_wind,0.0
era203102410002,0,0_spirit_flowers_maiden_wind,0.0
era203500180003,7,7_tended herd_servant_plow_shepherd,1.0
era204101470006,6,6_village_skirt_autumn_bread,0.5550402
era204104630003,7,7_tended herd_servant_plow_shepherd,0.64782834
era207100110013,0,0_spirit_flowers_maiden_wind,0.0
era207100190006,0,0_spirit_flowers_maiden_wind,0.0
era207100210010,0,0_spirit_flowers_maiden_wind,0.0
era207100230006,0,0_spirit_flowers_maiden_wind,0.0
era207100250013,0,0_spirit_flowers_maiden_wind,0.0
era207100250015,0,0_spirit_flowers_maiden_wind,0.0
era207100350007,0,0_spirit_flowers_maiden_wind,0.0
era207100370011,0,0_spirit_flowers_maiden_wind,0.0
era207100490009,0,0_spirit_flowers_maiden_wind,0.0
era207100510016,0,0_spirit_flowers_maiden_wind,0.0
era207100650012,0,0_spirit_flowers_maiden_wind,0.0
era207100890013,0,0_spirit_flowers_maiden_wind,0.0
era207101030022,0,0_spirit_flowers_maiden_wind,0.0
era207101050008,0,0_spirit_flowers_maiden_wind,0.0
era207101070015,0,0_spirit_flowers_maiden_wind,0.0
era207101110009,0,0_spirit_flowers_maiden_wind,0.0
era207101130016,0,0_spirit_flowers_maiden_wind,0.0
era207101130020,0,0_spirit_flowers_maiden_wind,0.0
era207101250007,0,0_spirit_flowers_maiden_wind,0.0
era207101250010,0,0_spirit_flowers_maiden_wind,0.0
era207101290023,0,0_spirit_flowers_maiden_wind,0.0
era207101310005,0,0_spirit_flowers_maiden_wind,0.0
era207101450007,0,0_spirit_flowers_maiden_wind,0.0
era207101450010,0,0_spirit_flowers_maiden_wind,0.0
era207101690005,0,0_spirit_flowers_maiden_wind,0.0
era207101770017,0,0_spirit_flowers_maiden_wind,0.0
era207101790005,6,6_village_skirt_autumn_bread,0.7889156
era207101790006,0,0_spirit_flowers_maiden_wind,0.0
era207101870014,8,8_bride_wedding_maidens_marriage,1.0
era207101950005,0,0_spirit_flowers_maiden_wind,0.0
era207102030007,6,6_village_skirt_autumn_bread,1.0
era207102050008,0,0_spirit_flowers_maiden_wind,0.0
era207102090008,0,0_spirit_flowers_maiden_wind,0.0
era207102090010,0,0_spirit_flowers_maiden_wind,0.0
era207102220012,0,0_spirit_flowers_maiden_wind,0.0
era207102250000,7,7_tended herd_servant_plow_shepherd,0.5643744
era207102290006,0,0_spirit_flowers_maiden_wind,0.0
era207102310004,0,0_spirit_flowers_maiden_wind,0.0
era207102390007,0,0_spirit_flowers_maiden_wind,0.0
era207102470012,0,0_spirit_flowers_maiden_wind,0.0
era207102510004,0,0_spirit_flowers_maiden_wind,0.0
era207102530011,0,0_spirit_flowers_maiden_wind,0.0
era207102650009,0,0_spirit_flowers_maiden_wind,0.0
era207102770003,6,6_village_skirt_autumn_bread,1.0
era207102790008,0,0_spirit_flowers_maiden_wind,0.0
era207102790009,0,0_spirit_flowers_maiden_wind,0.0
era207102870011,0,0_spirit_flowers_maiden_wind,0.0
era207103010008,0,0_spirit_flowers_maiden_wind,0.0
era207103110016,0,0_spirit_flowers_maiden_wind,0.0
era207103210010,0,0_spirit_flowers_maiden_wind,0.0
era207103270014,0,0_spirit_flowers_maiden_wind,0.0
era208305750007,7,7_tended herd_servant_plow_shepherd,1.0
era208401570016,7,7_tended herd_servant_plow_shepherd,0.8985302
era208403920023,0,0_spirit_flowers_maiden_wind,0.0
era212200320010,7,7_tended herd_servant_plow_shepherd,0.8669405
era212203650061,0,0_spirit_flowers_maiden_wind,0.0
era212203670064,6,6_village_skirt_autumn_bread,1.0
era213100110002,6,6_village_skirt_autumn_bread,1.0
era213100110003,6,6_village_skirt_autumn_bread,1.0
era213100120004,3,3_servant_servants_piet_dip,0.82383275
era213100140007,7,7_tended herd_servant_plow_shepherd,0.6952148
era217201370004,0,0_spirit_flowers_maiden_wind,0.0
era217201370007,0,0_spirit_flowers_maiden_wind,0.0
era217201390006,7,7_tended herd_servant_plow_shepherd,1.0
era217201590001,0,0_spirit_flowers_maiden_wind,0.0
era217201720001,0,0_spirit_flowers_maiden_wind,0.0
era217201850003,0,0_spirit_flowers_maiden_wind,0.0
era217201900007,0,0_spirit_flowers_maiden_wind,0.0
era217202080001,4,4_little birds_horses_horse_poor parish,1.0
era217202080005,8,8_bride_wedding_maidens_marriage,1.0
era217202180004,6,6_village_skirt_autumn_bread,1.0
era217800300081,6,6_village_skirt_autumn_bread,1.0
era217800310083,3,3_servant_servants_piet_dip,0.67908674
era217800690049,0,0_spirit_flowers_maiden_wind,0.0
era218304970047,7,7_tended herd_servant_plow_shepherd,1.0
era218304980053,7,7_tended herd_servant_plow_shepherd,0.5053358
era218305020067,7,7_tended herd_servant_plow_shepherd,1.0
era218305060081,0,0_spirit_flowers_maiden_wind,0.0
era218305080087,6,6_village_skirt_autumn_bread,1.0
era219903910024,6,6_village_skirt_autumn_bread,1.0
era225005460023,7,7_tended herd_servant_plow_shepherd,1.0
era225905470002,8,8_bride_wedding_maidens_marriage,0.8713993
estk4000020003,7,7_tended herd_servant_plow_shepherd,0.9006404
estk4000620096,7,7_tended herd_servant_plow_shepherd,1.0
estk4001020143,7,7_tended herd_servant_plow_shepherd,1.0
eys0505750007,0,0_spirit_flowers_maiden_wind,0.0
eys0505850064,0,0_spirit_flowers_maiden_wind,0.0
eys0505920001,3,3_servant_servants_piet_dip,0.6673525
eys0506240046,0,0_spirit_flowers_maiden_wind,0.0
eys0506640101,0,0_spirit_flowers_maiden_wind,0.0
eys0506650102,7,7_tended herd_servant_plow_shepherd,0.854024
eys0506820124,7,7_tended herd_servant_plow_shepherd,1.0
eys0613780030,0,0_spirit_flowers_maiden_wind,0.0
eys0614580143,8,8_bride_wedding_maidens_marriage,0.76515865
eys0616020018,0,0_spirit_flowers_maiden_wind,0.0
eys0616280066,0,0_spirit_flowers_maiden_wind,0.0
eys0616320075,6,6_village_skirt_autumn_bread,0.5912948
eys0616840135,5,5_hwanghae_flowers_river_bloom flowers,1.0
eys0617060172,0,0_spirit_flowers_maiden_wind,0.0
eys0617240202,0,0_spirit_flowers_maiden_wind,0.0
eys0617400227,0,0_spirit_flowers_maiden_wind,0.0
eys0617720281,0,0_spirit_flowers_maiden_wind,0.0
eys0715320007,0,0_spirit_flowers_maiden_wind,0.0
eys0715810096,6,6_village_skirt_autumn_bread,1.0
eys0716530201,0,0_spirit_flowers_maiden_wind,0.0
eys0723050072,0,0_spirit_flowers_maiden_wind,0.0
eys0725450033,0,0_spirit_flowers_maiden_wind,0.0
eys0900450023,3,3_servant_servants_piet_dip,1.0
eys0900450024,6,6_village_skirt_autumn_bread,0.79766536
eys0900460026,0,0_spirit_flowers_maiden_wind,0.0
eys0900460027,0,0_spirit_flowers_maiden_wind,0.0
eys0900790071,0,0_spirit_flowers_maiden_wind,0.0
eys0903490118,6,6_village_skirt_autumn_bread,1.0
eys0909950081,0,0_spirit_flowers_maiden_wind,0.0
eys1023290166,7,7_tended herd_servant_plow_shepherd,0.6357446
eys1029170108,0,0_spirit_flowers_maiden_wind,0.0
eys1107620338,0,0_spirit_flowers_maiden_wind,0.0
h10102300097,7,7_tended herd_servant_plow_shepherd,0.5446172
h20102670395,6,6_village_skirt_autumn_bread,1.0
h21005340308,0,0_spirit_flowers_maiden_wind,0.0
h21302300003,0,0_spirit_flowers_maiden_wind,0.0
h21302380011,7,7_tended herd_servant_plow_shepherd,1.0
h21303600004,7,7_tended herd_servant_plow_shepherd,1.0
h21306500001,3,3_servant_servants_piet_dip,0.8127804
h21306500002,0,0_spirit_flowers_maiden_wind,0.0
h21402710012,6,6_village_skirt_autumn_bread,0.7393715
h21405080005,0,0_spirit_flowers_maiden_wind,0.0
h21405080006,3,3_servant_servants_piet_dip,1.0
h21405090007,0,0_spirit_flowers_maiden_wind,0.0
h22600930052,0,0_spirit_flowers_maiden_wind,0.0
h2390907900b,7,7_tended herd_servant_plow_shepherd,0.82967794
h24004040015,6,6_village_skirt_autumn_bread,0.7662381
h25400370001,0,0_spirit_flowers_maiden_wind,0.0
h25401630029,7,7_tended herd_servant_plow_shepherd,0.89095
h31204460003,7,7_tended herd_servant_plow_shepherd,1.0
h31708630018,0,0_spirit_flowers_maiden_wind,0.0
h40103770022,6,6_village_skirt_autumn_bread,1.0
hr0401860001,7,7_tended herd_servant_plow_shepherd,0.53768927
hr040186000a,7,7_tended herd_servant_plow_shepherd,0.80155724
e000051820004,8,8_bride_wedding_maidens_marriage,0.4804525
e000051870008,0,0_spirit_flowers_maiden_wind,0.0
e000051880009,0,0_spirit_flowers_maiden_wind,0.0
e000070640005,8,8_bride_wedding_maidens_marriage,1.0
e000072070023,0,0_spirit_flowers_maiden_wind,0.0
e000076620004,0,0_spirit_flowers_maiden_wind,0.0
e000076630005,0,0_spirit_flowers_maiden_wind,0.0
e000077190023,6,6_village_skirt_autumn_bread,1.0
e000077340010,0,0_spirit_flowers_maiden_wind,0.0
e000078260000,0,0_spirit_flowers_maiden_wind,0.0
e000079420031,8,8_bride_wedding_maidens_marriage,1.0
e000079460004,6,6_village_skirt_autumn_bread,0.45297405
e000080510039,8,8_bride_wedding_maidens_marriage,0.3588864
e000093460028,0,0_spirit_flowers_maiden_wind,0.0
e000093490031,0,0_spirit_flowers_maiden_wind,0.0
e000093520034,7,7_tended herd_servant_plow_shepherd,0.83074266
e000093670047,7,7_tended herd_servant_plow_shepherd,0.599758
e000093910062,8,8_bride_wedding_maidens_marriage,0.5785664
e000099630001,6,6_village_skirt_autumn_bread,0.5373877
e000099680004,0,0_spirit_flowers_maiden_wind,0.0
e000099830014,7,7_tended herd_servant_plow_shepherd,1.0
e000106310008,0,0_spirit_flowers_maiden_wind,0.0
e000107390001,0,0_spirit_flowers_maiden_wind,0.0
e000178150003,0,0_spirit_flowers_maiden_wind,0.0
e000178240011,7,7_tended herd_servant_plow_shepherd,1.0
e000178310017,7,7_tended herd_servant_plow_shepherd,0.5818481
e000201380001,6,6_village_skirt_autumn_bread,0.6083156
e000201440002,6,6_village_skirt_autumn_bread,1.0
e00051510000a,7,7_tended herd_servant_plow_shepherd,1.0
e000536460000,3,3_servant_servants_piet_dip,1.0
e000549580000,0,0_spirit_flowers_maiden_wind,0.0
e000576550000,6,6_village_skirt_autumn_bread,1.0
e000616550002,6,6_village_skirt_autumn_bread,1.0
e000617380040,0,0_spirit_flowers_maiden_wind,0.0
e000617510050,8,8_bride_wedding_maidens_marriage,1.0
ea00002620025,6,6_village_skirt_autumn_bread,0.4579539
ea00006950014,7,7_tended herd_servant_plow_shepherd,0.50133586
ea00007040023,8,8_bride_wedding_maidens_marriage,0.6113733
ea00010090007,7,7_tended herd_servant_plow_shepherd,0.76230013
ekms40106250008,0,0_spirit_flowers_maiden_wind,0.0
ekms40106430011,6,6_village_skirt_autumn_bread,1.0
eks0100170000,6,6_village_skirt_autumn_bread,1.0
eks2800030003,0,0_spirit_flowers_maiden_wind,0.0
eks2800070010,3,3_servant_servants_piet_dip,1.0
era200101380001,3,3_servant_servants_piet_dip,1.0
era200101500002,0,0_spirit_flowers_maiden_wind,0.0
era200703670031,0,0_spirit_flowers_maiden_wind,0.0
era200l01470002,0,0_spirit_flowers_maiden_wind,0.0
era201205650001,7,7_tended herd_servant_plow_shepherd,0.74950814
era201402410028,0,0_spirit_flowers_maiden_wind,0.0
era202401660005,7,7_tended herd_servant_plow_shepherd,0.83908105
era202500530018,0,0_spirit_flowers_maiden_wind,0.0
era204101540015,7,7_tended herd_servant_plow_shepherd,1.0
era205705370008,8,8_bride_wedding_maidens_marriage,1.0
era205705380009,8,8_bride_wedding_maidens_marriage,1.0
estk3701610001,0,0_spirit_flowers_maiden_wind,0.0
estk3701850032,0,0_spirit_flowers_maiden_wind,0.0
estk4000230047,6,6_village_skirt_autumn_bread,1.0
estk4000450073,0,0_spirit_flowers_maiden_wind,0.0
estk4000830120,3,3_servant_servants_piet_dip,1.0
estk4000980136,0,0_spirit_flowers_maiden_wind,0.0
eys0210620056,0,0_spirit_flowers_maiden_wind,0.0
eys0506000013,8,8_bride_wedding_maidens_marriage,1.0
eys0506120029,6,6_village_skirt_autumn_bread,1.0
eys0506120030,0,0_spirit_flowers_maiden_wind,0.0
eys0506260051,0,0_spirit_flowers_maiden_wind,0.0
eys0506290194,3,3_servant_servants_piet_dip,0.845164
eys0506780118,0,0_spirit_flowers_maiden_wind,0.0
eys0506830127,0,0_spirit_flowers_maiden_wind,0.0
eys0506910137,0,0_spirit_flowers_maiden_wind,0.0
eys0506980145,4,4_little birds_horses_horse_poor parish,1.0
eys0507060158,0,0_spirit_flowers_maiden_wind,0.0
eys0507100162,0,0_spirit_flowers_maiden_wind,0.0
eys0507110164,0,0_spirit_flowers_maiden_wind,0.0
eys0507130167,0,0_spirit_flowers_maiden_wind,0.0
eys0507200181,4,4_little birds_horses_horse_poor parish,0.59115726
eys0507270191,8,8_bride_wedding_maidens_marriage,1.0
eys0613810033,6,6_village_skirt_autumn_bread,1.0
eys0614100068,0,0_spirit_flowers_maiden_wind,0.0
eys0614300096,3,3_servant_servants_piet_dip,0.7722278
eys0614440123,0,0_spirit_flowers_maiden_wind,0.0
eys0614630148,7,7_tended herd_servant_plow_shepherd,1.0
eys0615810348,0,0_spirit_flowers_maiden_wind,0.0
eys0615970009,6,6_village_skirt_autumn_bread,1.0
eys0616430086,0,0_spirit_flowers_maiden_wind,0.0
eys0616560104,7,7_tended herd_servant_plow_shepherd,1.0
eys0616680115,0,0_spirit_flowers_maiden_wind,0.0
eys0616740123,8,8_bride_wedding_maidens_marriage,1.0
eys0616820132,5,5_hwanghae_flowers_river_bloom flowers,1.0
eys0617180191,8,8_bride_wedding_maidens_marriage,0.5933013
eys0617190192,6,6_village_skirt_autumn_bread,1.0
eys0617220197,3,3_servant_servants_piet_dip,1.0
eys0617660268,7,7_tended herd_servant_plow_shepherd,1.0
eys0706530004,0,0_spirit_flowers_maiden_wind,0.0
eys0708530011,7,7_tended herd_servant_plow_shepherd,1.0
eys0708560014,0,0_spirit_flowers_maiden_wind,0.0
eys0708560016,0,0_spirit_flowers_maiden_wind,0.0
eys0716330166,0,0_spirit_flowers_maiden_wind,0.0
eys0716510196,0,0_spirit_flowers_maiden_wind,0.0
eys0716580210,5,5_hwanghae_flowers_river_bloom flowers,1.0
eys0716620215,8,8_bride_wedding_maidens_marriage,0.7625421
eys0716800240,3,3_servant_servants_piet_dip,1.0
eys0717180316,0,0_spirit_flowers_maiden_wind,0.0
eys0717680390,0,0_spirit_flowers_maiden_wind,0.0
eys0718350014,8,8_bride_wedding_maidens_marriage,1.0
eys0722800021,0,0_spirit_flowers_maiden_wind,0.0
eys0722920044,0,0_spirit_flowers_maiden_wind,0.0
eys0723310128,6,6_village_skirt_autumn_bread,1.0
eys0723320129,0,0_spirit_flowers_maiden_wind,0.0
eys0723320130,7,7_tended herd_servant_plow_shepherd,1.0
eys0723400138,6,6_village_skirt_autumn_bread,1.0
eys0724010263,6,6_village_skirt_autumn_bread,0.60554487
eys0724500385,7,7_tended herd_servant_plow_shepherd,0.65833515
eys0804240169,0,0_spirit_flowers_maiden_wind,0.0
eys0805390016,5,5_hwanghae_flowers_river_bloom flowers,0.9413736
eys0805500034,6,6_village_skirt_autumn_bread,0.5700683
eys0806090137,0,0_spirit_flowers_maiden_wind,0.0
eys0806100138,0,0_spirit_flowers_maiden_wind,0.0
eys0806330173,3,3_servant_servants_piet_dip,1.0
eys0806380183,0,0_spirit_flowers_maiden_wind,0.0
eys0807290316,0,0_spirit_flowers_maiden_wind,0.0
eys0807590364,6,6_village_skirt_autumn_bread,1.0
eys0808140445,0,0_spirit_flowers_maiden_wind,0.0
eys0808300471,0,0_spirit_flowers_maiden_wind,0.0
eys0808730540,8,8_bride_wedding_maidens_marriage,1.0
eys0808810552,8,8_bride_wedding_maidens_marriage,1.0
eys0811490002,6,6_village_skirt_autumn_bread,0.7532536
eys0811600025,8,8_bride_wedding_maidens_marriage,0.73990583
eys0811720043,5,5_hwanghae_flowers_river_bloom flowers,0.6096508
eys0811850065,6,6_village_skirt_autumn_bread,1.0
eys0811880072,8,8_bride_wedding_maidens_marriage,0.5515546
eys0909540018,6,6_village_skirt_autumn_bread,1.0
eys0909570021,0,0_spirit_flowers_maiden_wind,0.0
eys0909580023,0,0_spirit_flowers_maiden_wind,0.0
eys0909730046,6,6_village_skirt_autumn_bread,1.0
eys0909840062,0,0_spirit_flowers_maiden_wind,0.0
eys0910040094,0,0_spirit_flowers_maiden_wind,0.0
eys0910490162,0,0_spirit_flowers_maiden_wind,0.0
eys1022410010,6,6_village_skirt_autumn_bread,1.0
eys1022420015,0,0_spirit_flowers_maiden_wind,0.0
eys1022450022,0,0_spirit_flowers_maiden_wind,0.0
eys1022570046,7,7_tended herd_servant_plow_shepherd,1.0
eys1022730079,6,6_village_skirt_autumn_bread,0.8029278
eys1022790087,6,6_village_skirt_autumn_bread,1.0
eys1023010122,0,0_spirit_flowers_maiden_wind,0.0
eys1023210152,3,3_servant_servants_piet_dip,1.0
eys1023710201,8,8_bride_wedding_maidens_marriage,1.0
eys1029020072,0,0_spirit_flowers_maiden_wind,0.0
eys1029030074,0,0_spirit_flowers_maiden_wind,0.0
eys1029100095,8,8_bride_wedding_maidens_marriage,1.0
eys1029110097,8,8_bride_wedding_maidens_marriage,0.5722966
h10101420007,6,6_village_skirt_autumn_bread,1.0
h10101450015,4,4_little birds_horses_horse_poor parish,1.0
h10101460017,0,0_spirit_flowers_maiden_wind,0.0
h10101460019,0,0_spirit_flowers_maiden_wind,0.0
h10101810004,6,6_village_skirt_autumn_bread,1.0
h10102420121,7,7_tended herd_servant_plow_shepherd,1.0
h10102450127,0,0_spirit_flowers_maiden_wind,0.0
h10102500135,8,8_bride_wedding_maidens_marriage,1.0
h10700460036,0,0_spirit_flowers_maiden_wind,0.0
h10700510045,7,7_tended herd_servant_plow_shepherd,1.0
h10700610063,0,0_spirit_flowers_maiden_wind,0.0
h20101330185,7,7_tended herd_servant_plow_shepherd,1.0
h20101340187,0,0_spirit_flowers_maiden_wind,0.0
h20102660392,7,7_tended herd_servant_plow_shepherd,0.6899994
h20102800413,0,0_spirit_flowers_maiden_wind,0.0
h21109460003,7,7_tended herd_servant_plow_shepherd,1.0
h21300990047,0,0_spirit_flowers_maiden_wind,0.0
h21301170004,0,0_spirit_flowers_maiden_wind,0.0
h21301310024,0,0_spirit_flowers_maiden_wind,0.0
h21301810003,8,8_bride_wedding_maidens_marriage,0.83736235
h21301840006,6,6_village_skirt_autumn_bread,1.0
h21302280002,0,0_spirit_flowers_maiden_wind,0.0
h21303350007,8,8_bride_wedding_maidens_marriage,0.4996747
h21304370010,0,0_spirit_flowers_maiden_wind,0.0
h21305070020,0,0_spirit_flowers_maiden_wind,0.0
h21305290036,0,0_spirit_flowers_maiden_wind,0.0
h21305340041,0,0_spirit_flowers_maiden_wind,0.0
h21305820003,7,7_tended herd_servant_plow_shepherd,0.5173092
h21306000001,3,3_servant_servants_piet_dip,0.592115
h21306520004,7,7_tended herd_servant_plow_shepherd,0.83702296
h21306540009,3,3_servant_servants_piet_dip,0.57653606
h21400090005,0,0_spirit_flowers_maiden_wind,0.0
h21400690089,6,6_village_skirt_autumn_bread,0.62170875
h21400950008,8,8_bride_wedding_maidens_marriage,0.53179
h21400990010,7,7_tended herd_servant_plow_shepherd,0.3015422
h21401290001,0,0_spirit_flowers_maiden_wind,0.0
h21401410013,8,8_bride_wedding_maidens_marriage,0.75176907
h21401520025,7,7_tended herd_servant_plow_shepherd,1.0
h21401610036,8,8_bride_wedding_maidens_marriage,1.0
h21404020005,6,6_village_skirt_autumn_bread,1.0
h21404810010,0,0_spirit_flowers_maiden_wind,0.0
h21405060004,8,8_bride_wedding_maidens_marriage,1.0
h21406270004,2,2_servants_piet_books_dip,0.66121006
h21605750011,8,8_bride_wedding_maidens_marriage,1.0
h24607010006,6,6_village_skirt_autumn_bread,1.0
h24607020008,0,0_spirit_flowers_maiden_wind,0.0
h24607100023,6,6_village_skirt_autumn_bread,1.0
h24607110025,7,7_tended herd_servant_plow_shepherd,0.614925
h24608390024,0,0_spirit_flowers_maiden_wind,0.0
h24608430028,8,8_bride_wedding_maidens_marriage,1.0
h24609400009,0,0_spirit_flowers_maiden_wind,0.0
h25704130001,8,8_bride_wedding_maidens_marriage,0.68930393
h25704180004,0,0_spirit_flowers_maiden_wind,0.0
h25704260008,5,5_hwanghae_flowers_river_bloom flowers,1.0
h25706290012,0,0_spirit_flowers_maiden_wind,0.0
h25706350021,0,0_spirit_flowers_maiden_wind,0.0
h25706430029,8,8_bride_wedding_maidens_marriage,0.61332446
h26703001910,0,0_spirit_flowers_maiden_wind,0.0
h26804900006,0,0_spirit_flowers_maiden_wind,0.0
h26805030024,7,7_tended herd_servant_plow_shepherd,1.0
h30101380007,6,6_village_skirt_autumn_bread,0.81899023
h30101460013,6,6_village_skirt_autumn_bread,0.36321816
h30101630017,0,0_spirit_flowers_maiden_wind,0.0
h30401790007,6,6_village_skirt_autumn_bread,0.7905886
h30402120002,8,8_bride_wedding_maidens_marriage,1.0
h30402410000,8,8_bride_wedding_maidens_marriage,1.0
h31703930059,3,3_servant_servants_piet_dip,1.0
h31703950061,0,0_spirit_flowers_maiden_wind,0.0
h31704040072,6,6_village_skirt_autumn_bread,1.0
h31709530012,0,0_spirit_flowers_maiden_wind,0.0
h31800440012,0,0_spirit_flowers_maiden_wind,0.0
h32301860002,5,5_hwanghae_flowers_river_bloom flowers,0.5639574
h32302270008,3,3_servant_servants_piet_dip,1.0
h32302410019,7,7_tended herd_servant_plow_shepherd,0.5107168
h32700510010,0,0_spirit_flowers_maiden_wind,0.0
h40102900003,7,7_tended herd_servant_plow_shepherd,0.696965
h40102930006,7,7_tended herd_servant_plow_shepherd,1.0
h40103310015,0,0_spirit_flowers_maiden_wind,0.0
hgrq01900086,3,3_servant_servants_piet_dip,0.8200938
hgrq01950096,3,3_servant_servants_piet_dip,1.0
aesmt04900110003,7,7_tended herd_servant_plow_shepherd,0.32925737
e000051910013,0,0_spirit_flowers_maiden_wind,0.0
e000068530005,7,7_tended herd_servant_plow_shepherd,0.8891983
e000068540006,8,8_bride_wedding_maidens_marriage,1.0
e000068550007,7,7_tended herd_servant_plow_shepherd,1.0
e000071670028,0,0_spirit_flowers_maiden_wind,0.0
e000071760037,6,6_village_skirt_autumn_bread,1.0
e000074570000,7,7_tended herd_servant_plow_shepherd,1.0
e000074620000,0,0_spirit_flowers_maiden_wind,0.0
e000076700016,6,6_village_skirt_autumn_bread,1.0
e000076710017,0,0_spirit_flowers_maiden_wind,0.0
e000076900024,0,0_spirit_flowers_maiden_wind,0.0
e000077250004,6,6_village_skirt_autumn_bread,1.0
e000077500004,7,7_tended herd_servant_plow_shepherd,1.0
e000077540011,8,8_bride_wedding_maidens_marriage,0.7807097
e000078590005,7,7_tended herd_servant_plow_shepherd,1.0
e000078890013,0,0_spirit_flowers_maiden_wind,0.0
e000079180002,6,6_village_skirt_autumn_bread,0.51163644
e000079510012,0,0_spirit_flowers_maiden_wind,0.0
e000080690055,3,3_servant_servants_piet_dip,0.8094287
e000093580038,6,6_village_skirt_autumn_bread,1.0
e000093930064,0,0_spirit_flowers_maiden_wind,0.0
e000099890018,1,1_village_servant_tended herd_slave tended,0.51738495
e000104140009,0,0_spirit_flowers_maiden_wind,0.0
e000107530021,7,7_tended herd_servant_plow_shepherd,1.0
e000114880009,7,7_tended herd_servant_plow_shepherd,1.0
e000117920016,8,8_bride_wedding_maidens_marriage,1.0
e000123240003,0,0_spirit_flowers_maiden_wind,0.0
e000145860001,0,0_spirit_flowers_maiden_wind,0.0
e000151010003,0,0_spirit_flowers_maiden_wind,0.0
e000151020004,8,8_bride_wedding_maidens_marriage,0.5685272
e000158690009,0,0_spirit_flowers_maiden_wind,0.0
e000177610006,6,6_village_skirt_autumn_bread,0.68317425
e000221660007,0,0_spirit_flowers_maiden_wind,0.0
e000410660019,0,0_spirit_flowers_maiden_wind,0.0
e000418780000,0,0_spirit_flowers_maiden_wind,0.0
e000424680002,0,0_spirit_flowers_maiden_wind,0.0
e000518920000,6,6_village_skirt_autumn_bread,0.693019
e000532010011,0,0_spirit_flowers_maiden_wind,0.0
e000539550002,0,0_spirit_flowers_maiden_wind,0.0
e000546730004,7,7_tended herd_servant_plow_shepherd,1.0
e000575630007,0,0_spirit_flowers_maiden_wind,0.0
e000592080005,6,6_village_skirt_autumn_bread,0.5097874
e000592270026,6,6_village_skirt_autumn_bread,1.0
e000598820007,0,0_spirit_flowers_maiden_wind,0.0
e000616650008,7,7_tended herd_servant_plow_shepherd,1.0
e000616900005,7,7_tended herd_servant_plow_shepherd,1.0
e000617070016,8,8_bride_wedding_maidens_marriage,1.0
e000617580057,8,8_bride_wedding_maidens_marriage,1.0
ea00002480012,0,0_spirit_flowers_maiden_wind,0.0
ea00002490013,5,5_hwanghae_flowers_river_bloom flowers,1.0
ea00002510016,0,0_spirit_flowers_maiden_wind,0.0
ea00002520017,0,0_spirit_flowers_maiden_wind,0.0
ea00006830003,6,6_village_skirt_autumn_bread,1.0
ea00009870003,0,0_spirit_flowers_maiden_wind,0.0
ea00009990004,0,0_spirit_flowers_maiden_wind,0.0
ea00010540003,7,7_tended herd_servant_plow_shepherd,1.0
ekms40106420010,7,7_tended herd_servant_plow_shepherd,0.6760359
era201101830001,7,7_tended herd_servant_plow_shepherd,1.0
era201402310021,0,0_spirit_flowers_maiden_wind,0.0
era202300280006,8,8_bride_wedding_maidens_marriage,1.0
era202400910001,0,0_spirit_flowers_maiden_wind,0.0
era202403460114,0,0_spirit_flowers_maiden_wind,0.0
era202500380006,0,0_spirit_flowers_maiden_wind,0.0
era203201710003,0,0_spirit_flowers_maiden_wind,0.0
era204202470000,0,0_spirit_flowers_maiden_wind,0.0
era205705530027,0,0_spirit_flowers_maiden_wind,0.0
estk3700990003,6,6_village_skirt_autumn_bread,0.83839273
estk3701760019,0,0_spirit_flowers_maiden_wind,0.0
estk3701820026,0,0_spirit_flowers_maiden_wind,0.0
estk4000020002,6,6_village_skirt_autumn_bread,1.0
estk4000470076,0,0_spirit_flowers_maiden_wind,0.0
estk4000720107,0,0_spirit_flowers_maiden_wind,0.0
estk4000760111,0,0_spirit_flowers_maiden_wind,0.0
estk4001520167,0,0_spirit_flowers_maiden_wind,0.0
eys0506150033,6,6_village_skirt_autumn_bread,1.0
eys0506250048,0,0_spirit_flowers_maiden_wind,0.0
eys0506520082,0,0_spirit_flowers_maiden_wind,0.0
eys0506540084,0,0_spirit_flowers_maiden_wind,0.0
eys0506580091,0,0_spirit_flowers_maiden_wind,0.0
eys0506810123,0,0_spirit_flowers_maiden_wind,0.0
eys0507030153,1,1_village_servant_tended herd_slave tended,1.0
eys050707158b,3,3_servant_servants_piet_dip,0.5673481
eys0507170175,3,3_servant_servants_piet_dip,0.56141
eys0507250189,0,0_spirit_flowers_maiden_wind,0.0
eys0507310196,8,8_bride_wedding_maidens_marriage,0.7878002
eys0613630006,0,0_spirit_flowers_maiden_wind,0.0
eys0614870185,0,0_spirit_flowers_maiden_wind,0.0
eys0615630312,7,7_tended herd_servant_plow_shepherd,0.54797626
eys0616300069,0,0_spirit_flowers_maiden_wind,0.0
eys0616710119,0,0_spirit_flowers_maiden_wind,0.0
eys0617010164,0,0_spirit_flowers_maiden_wind,0.0
eys0617070175,0,0_spirit_flowers_maiden_wind,0.0
eys0617290212,0,0_spirit_flowers_maiden_wind,0.0
eys0617480242,0,0_spirit_flowers_maiden_wind,0.0
eys0617620262,0,0_spirit_flowers_maiden_wind,0.0
eys0617630263,6,6_village_skirt_autumn_bread,0.76716894
eys0707430016,0,0_spirit_flowers_maiden_wind,0.0
eys070753038a,0,0_spirit_flowers_maiden_wind,0.0
eys0707610015,8,8_bride_wedding_maidens_marriage,0.5238439
eys0707640021,1,1_village_servant_tended herd_slave tended,0.66937244
eys0708580020,0,0_spirit_flowers_maiden_wind,0.0
eys0715560048,0,0_spirit_flowers_maiden_wind,0.0
eys0715680074,3,3_servant_servants_piet_dip,1.0
eys0715950115,3,3_servant_servants_piet_dip,1.0
eys0716290161,0,0_spirit_flowers_maiden_wind,0.0
eys0716340169,0,0_spirit_flowers_maiden_wind,0.0
eys0716690222,0,0_spirit_flowers_maiden_wind,0.0
eys0716770233,0,0_spirit_flowers_maiden_wind,0.0
eys0716860251,7,7_tended herd_servant_plow_shepherd,1.0
eys0717050288,0,0_spirit_flowers_maiden_wind,0.0
eys0719450154,0,0_spirit_flowers_maiden_wind,0.0
eys0722850029,7,7_tended herd_servant_plow_shepherd,1.0
eys0722950048,7,7_tended herd_servant_plow_shepherd,0.47334448
eys0723570163,7,7_tended herd_servant_plow_shepherd,1.0
eys0723970251,0,0_spirit_flowers_maiden_wind,0.0
eys0723970253,7,7_tended herd_servant_plow_shepherd,0.61426795
eys0724140293,0,0_spirit_flowers_maiden_wind,0.0
eys0724250316,0,0_spirit_flowers_maiden_wind,0.0
eys0724310333,7,7_tended herd_servant_plow_shepherd,1.0
eys0805760090,7,7_tended herd_servant_plow_shepherd,1.0
eys0805880104,6,6_village_skirt_autumn_bread,0.6665283
eys0806230161,0,0_spirit_flowers_maiden_wind,0.0
eys0806930277,6,6_village_skirt_autumn_bread,1.0
eys0808340476,0,0_spirit_flowers_maiden_wind,0.0
eys0808590517,0,0_spirit_flowers_maiden_wind,0.0
eys0808760544,6,6_village_skirt_autumn_bread,1.0
eys0808790549,0,0_spirit_flowers_maiden_wind,0.0
eys0811560014,7,7_tended herd_servant_plow_shepherd,0.50539964
eys0900880084,0,0_spirit_flowers_maiden_wind,0.0
eys0909450008,3,3_servant_servants_piet_dip,1.0
eys0909700042,6,6_village_skirt_autumn_bread,1.0
eys0909850064,5,5_hwanghae_flowers_river_bloom flowers,1.0
eys0909910076,6,6_village_skirt_autumn_bread,1.0
eys1022400009,0,0_spirit_flowers_maiden_wind,0.0
eys1022560043,0,0_spirit_flowers_maiden_wind,0.0
eys1022680070,7,7_tended herd_servant_plow_shepherd,0.67202413
eys1029030075,0,0_spirit_flowers_maiden_wind,0.0
eys1029060084,0,0_spirit_flowers_maiden_wind,0.0
eys1029090093,0,0_spirit_flowers_maiden_wind,0.0
eys1108200009,7,7_tended herd_servant_plow_shepherd,1.0
h10101240003,3,3_servant_servants_piet_dip,0.5501891
h10101440013,6,6_village_skirt_autumn_bread,0.50509536
h10102280090,7,7_tended herd_servant_plow_shepherd,1.0
h10102300096,0,0_spirit_flowers_maiden_wind,0.0
h10102400116,7,7_tended herd_servant_plow_shepherd,1.0
h10102470129,0,0_spirit_flowers_maiden_wind,0.0
h10700290001,0,0_spirit_flowers_maiden_wind,0.0
h10700630065,7,7_tended herd_servant_plow_shepherd,0.7549607
h20102710400,7,7_tended herd_servant_plow_shepherd,1.0
h20106530841,0,0_spirit_flowers_maiden_wind,0.0
h21005400317,0,0_spirit_flowers_maiden_wind,0.0
h21300380008,0,0_spirit_flowers_maiden_wind,0.0
h21300390009,0,0_spirit_flowers_maiden_wind,0.0
h21300400010,0,0_spirit_flowers_maiden_wind,0.0
h21300600034,6,6_village_skirt_autumn_bread,1.0
h21300630002,3,3_servant_servants_piet_dip,1.0
h21300820025,6,6_village_skirt_autumn_bread,1.0
h21300820026,0,0_spirit_flowers_maiden_wind,0.0
h21300940040,0,0_spirit_flowers_maiden_wind,0.0
h21300950041,0,0_spirit_flowers_maiden_wind,0.0
h21301110065,0,0_spirit_flowers_maiden_wind,0.0
h21301130068,0,0_spirit_flowers_maiden_wind,0.0
h21301320026,6,6_village_skirt_autumn_bread,1.0
h21303310002,0,0_spirit_flowers_maiden_wind,0.0
h21303450010,0,0_spirit_flowers_maiden_wind,0.0
h21305530063,7,7_tended herd_servant_plow_shepherd,1.0
h21305910010,0,0_spirit_flowers_maiden_wind,0.0
h21305930013,0,0_spirit_flowers_maiden_wind,0.0
h21306440023,0,0_spirit_flowers_maiden_wind,0.0
h21306510002,7,7_tended herd_servant_plow_shepherd,1.0
h21306520006,0,0_spirit_flowers_maiden_wind,0.0
h21400110008,0,0_spirit_flowers_maiden_wind,0.0
h21400370051,0,0_spirit_flowers_maiden_wind,0.0
h21400400056,0,0_spirit_flowers_maiden_wind,0.0
h21400470065,0,0_spirit_flowers_maiden_wind,0.0
h21400500070,0,0_spirit_flowers_maiden_wind,0.0
h21400750094,0,0_spirit_flowers_maiden_wind,0.0
h21403490010,6,6_village_skirt_autumn_bread,0.7439241
h21403510011,0,0_spirit_flowers_maiden_wind,0.0
h21404420012,6,6_village_skirt_autumn_bread,0.72981465
h21404420013,0,0_spirit_flowers_maiden_wind,0.0
h21605720009,0,0_spirit_flowers_maiden_wind,0.0
h23806740004,0,0_spirit_flowers_maiden_wind,0.0
h23807410005,0,0_spirit_flowers_maiden_wind,0.0
h24000971043,3,3_servant_servants_piet_dip,0.69894564
h24607810009,7,7_tended herd_servant_plow_shepherd,1.0
h25401820075,0,0_spirit_flowers_maiden_wind,0.0
h26502840020,6,6_village_skirt_autumn_bread,1.0
h26503350009,3,3_servant_servants_piet_dip,0.8325658
h30401490003,5,5_hwanghae_flowers_river_bloom flowers,0.68419486
h30401910001,6,6_village_skirt_autumn_bread,1.0
h31205930002,0,0_spirit_flowers_maiden_wind,0.0
h31701200006,0,0_spirit_flowers_maiden_wind,0.0
h31701500007,0,0_spirit_flowers_maiden_wind,0.0
h31704090075,8,8_bride_wedding_maidens_marriage,1.0
h31707210001,6,6_village_skirt_autumn_bread,1.0
h31707440014,7,7_tended herd_servant_plow_shepherd,1.0
h31708470002,7,7_tended herd_servant_plow_shepherd,0.5930283
h40400610001,6,6_village_skirt_autumn_bread,1.0
h40400670004,6,6_village_skirt_autumn_bread,1.0
hgrq01570027,6,6_village_skirt_autumn_bread,1.0
hgrq01600029,7,7_tended herd_servant_plow_shepherd,0.51499826
hgrq01730045,6,6_village_skirt_autumn_bread,1.0
hgrq01820067,0,0_spirit_flowers_maiden_wind,0.0
hgrq01860077,0,0_spirit_flowers_maiden_wind,0.0
hgrq01930092,7,7_tended herd_servant_plow_shepherd,1.0
hr0103070003,6,6_village_skirt_autumn_bread,0.68436354
e000051840005,0,0_spirit_flowers_maiden_wind,0.0
e000051950017,0,0_spirit_flowers_maiden_wind,0.0
e000070610001,7,7_tended herd_servant_plow_shepherd,0.8097101
e000071480009,7,7_tended herd_servant_plow_shepherd,1.0
e000071500010,3,3_servant_servants_piet_dip,0.6247788
e000071510011,7,7_tended herd_servant_plow_shepherd,1.0
e000071520012,6,6_village_skirt_autumn_bread,1.0
e000071620022,3,3_servant_servants_piet_dip,0.69398576
e000071900002,6,6_village_skirt_autumn_bread,0.5218285
e000071920005,7,7_tended herd_servant_plow_shepherd,1.0
e000072030017,0,0_spirit_flowers_maiden_wind,0.0
e000072050021,0,0_spirit_flowers_maiden_wind,0.0
e000076780005,0,0_spirit_flowers_maiden_wind,0.0
e000076790008,5,5_hwanghae_flowers_river_bloom flowers,0.7894926
e000076890023,3,3_servant_servants_piet_dip,0.9135089
e000077000012,5,5_hwanghae_flowers_river_bloom flowers,1.0
e000077010014,5,5_hwanghae_flowers_river_bloom flowers,0.641611
e000077020015,7,7_tended herd_servant_plow_shepherd,1.0
e000077030016,3,3_servant_servants_piet_dip,1.0
e000077030017,0,0_spirit_flowers_maiden_wind,0.0
e000077040018,0,0_spirit_flowers_maiden_wind,0.0
e000077060020,7,7_tended herd_servant_plow_shepherd,1.0
e000077100006,3,3_servant_servants_piet_dip,0.6438929
e000077130013,4,4_little birds_horses_horse_poor parish,1.0
e000077170019,0,0_spirit_flowers_maiden_wind,0.0
e000077190025,8,8_bride_wedding_maidens_marriage,0.87874633
e000077210027,0,0_spirit_flowers_maiden_wind,0.0
e000077340008,0,0_spirit_flowers_maiden_wind,0.0
e000077630009,7,7_tended herd_servant_plow_shepherd,0.5276662
e000077640010,6,6_village_skirt_autumn_bread,0.8319225
e000077770011,7,7_tended herd_servant_plow_shepherd,0.5083557
e000078270003,0,0_spirit_flowers_maiden_wind,0.0
e000078340014,0,0_spirit_flowers_maiden_wind,0.0
e000078740006,0,0_spirit_flowers_maiden_wind,0.0
e000078860011,0,0_spirit_flowers_maiden_wind,0.0
e000079100040,6,6_village_skirt_autumn_bread,0.7050435
e000079280013,0,0_spirit_flowers_maiden_wind,0.0
e00007931017a,7,7_tended herd_servant_plow_shepherd,0.8063284
e000079450002,0,0_spirit_flowers_maiden_wind,0.0
e000079450003,6,6_village_skirt_autumn_bread,1.0
e000079470005,6,6_village_skirt_autumn_bread,1.0
e000079520014,6,6_village_skirt_autumn_bread,0.7678669
e000080540041,0,0_spirit_flowers_maiden_wind,0.0
e000080750059,6,6_village_skirt_autumn_bread,1.0
e000093470029,7,7_tended herd_servant_plow_shepherd,0.52965057
e000093740053,6,6_village_skirt_autumn_bread,0.55421424
e000093960067,6,6_village_skirt_autumn_bread,0.3441377
e000094140090,6,6_village_skirt_autumn_bread,1.0
e000104130007,6,6_village_skirt_autumn_bread,0.70223
e000104150014,6,6_village_skirt_autumn_bread,0.7733662
e000105630010,8,8_bride_wedding_maidens_marriage,1.0
e000107510019,3,3_servant_servants_piet_dip,1.0
e000117870005,6,6_village_skirt_autumn_bread,1.0
e000117890010,6,6_village_skirt_autumn_bread,0.38381544
e000117930018,3,3_servant_servants_piet_dip,1.0
e000117990033,5,5_hwanghae_flowers_river_bloom flowers,1.0
e000135850004,1,1_village_servant_tended herd_slave tended,0.508699
e000138040001,7,7_tended herd_servant_plow_shepherd,1.0
e000151060012,3,3_servant_servants_piet_dip,1.0
e000151070014,6,6_village_skirt_autumn_bread,1.0
e000151080017,3,3_servant_servants_piet_dip,1.0
e000178180006,8,8_bride_wedding_maidens_marriage,0.73871934
e000239830002,0,0_spirit_flowers_maiden_wind,0.0
e000418750000,3,3_servant_servants_piet_dip,1.0
e000518390006,8,8_bride_wedding_maidens_marriage,0.34285745
e000518940004,0,0_spirit_flowers_maiden_wind,0.0
e000536560008,8,8_bride_wedding_maidens_marriage,1.0
e000547710000,0,0_spirit_flowers_maiden_wind,0.0
e000547720000,0,0_spirit_flowers_maiden_wind,0.0
e000549670000,6,6_village_skirt_autumn_bread,1.0
e000576710000,7,7_tended herd_servant_plow_shepherd,1.0
e000595280000,6,6_village_skirt_autumn_bread,1.0
e000597700001,0,0_spirit_flowers_maiden_wind,0.0
e00059879000a,0,0_spirit_flowers_maiden_wind,0.0
e000599030004,0,0_spirit_flowers_maiden_wind,0.0
e000616990011,6,6_village_skirt_autumn_bread,0.5438178
e000617000012,3,3_servant_servants_piet_dip,1.0
e000617100018,6,6_village_skirt_autumn_bread,1.0
e000617110019,6,6_village_skirt_autumn_bread,0.41758248
e000617330035,7,7_tended herd_servant_plow_shepherd,1.0
e000643660001,8,8_bride_wedding_maidens_marriage,0.50930303
e000786160003,8,8_bride_wedding_maidens_marriage,1.0
e000828660001,0,0_spirit_flowers_maiden_wind,0.0
ea00002010007,0,0_spirit_flowers_maiden_wind,0.0
ea00002020011,0,0_spirit_flowers_maiden_wind,0.0
ea00002580022,6,6_village_skirt_autumn_bread,0.86569875
ea00002670027,6,6_village_skirt_autumn_bread,0.5089297
ea00002760036,7,7_tended herd_servant_plow_shepherd,0.48165587
ea00002780038,0,0_spirit_flowers_maiden_wind,0.0
ea00006820002,6,6_village_skirt_autumn_bread,1.0
ea00006840005,8,8_bride_wedding_maidens_marriage,0.59600025
ea00007030022,0,0_spirit_flowers_maiden_wind,0.0
ea00009630003,8,8_bride_wedding_maidens_marriage,1.0
ea00009750001,0,0_spirit_flowers_maiden_wind,0.0
ea00009820013,7,7_tended herd_servant_plow_shepherd,0.36790714
ea00009840014,0,0_spirit_flowers_maiden_wind,0.0
ea00009840015,0,0_spirit_flowers_maiden_wind,0.0
ea00010160011,7,7_tended herd_servant_plow_shepherd,1.0
ekms40504230009,7,7_tended herd_servant_plow_shepherd,1.0
ekms40504250010,6,6_village_skirt_autumn_bread,0.347506
ekms40504270011,7,7_tended herd_servant_plow_shepherd,1.0
ekms40504290012,7,7_tended herd_servant_plow_shepherd,1.0
eks0100450000,7,7_tended herd_servant_plow_shepherd,0.67133963
eks2800060008,6,6_village_skirt_autumn_bread,0.8240487
eks2800120004,6,6_village_skirt_autumn_bread,1.0
ekse00400001,8,8_bride_wedding_maidens_marriage,0.5056265
ekse00410002,6,6_village_skirt_autumn_bread,0.7437551
ekse00420005,7,7_tended herd_servant_plow_shepherd,0.77923346
ekse00450001,0,0_spirit_flowers_maiden_wind,0.0
era200101290006,0,0_spirit_flowers_maiden_wind,0.0
era200604480003,0,0_spirit_flowers_maiden_wind,0.0
era200703620018,0,0_spirit_flowers_maiden_wind,0.0
era200703710039,0,0_spirit_flowers_maiden_wind,0.0
era201107270003,3,3_servant_servants_piet_dip,0.5885409
era201107540010,5,5_hwanghae_flowers_river_bloom flowers,0.7497626
era201400360012,0,0_spirit_flowers_maiden_wind,0.0
era201401220075,3,3_servant_servants_piet_dip,0.4840568
era201402150007,0,0_spirit_flowers_maiden_wind,0.0
era201402170008,0,0_spirit_flowers_maiden_wind,0.0
era201402190009,0,0_spirit_flowers_maiden_wind,0.0
era201402230011,7,7_tended herd_servant_plow_shepherd,1.0
era201402250012,6,6_village_skirt_autumn_bread,1.0
era201402430029,7,7_tended herd_servant_plow_shepherd,1.0
era201402590001,0,0_spirit_flowers_maiden_wind,0.0
era201402710008,3,3_servant_servants_piet_dip,1.0
era202401820016,0,0_spirit_flowers_maiden_wind,0.0
era202401830017,0,0_spirit_flowers_maiden_wind,0.0
era202402300041,7,7_tended herd_servant_plow_shepherd,0.78927624
era202402300042,0,0_spirit_flowers_maiden_wind,0.0
era202402310043,6,6_village_skirt_autumn_bread,1.0
era202403250053,0,0_spirit_flowers_maiden_wind,0.0
era202403490002,0,0_spirit_flowers_maiden_wind,0.0
era202403570013,0,0_spirit_flowers_maiden_wind,0.0
era202403770003,4,4_little birds_horses_horse_poor parish,0.7675619
era202405060004,0,0_spirit_flowers_maiden_wind,0.0
era202405250005,5,5_hwanghae_flowers_river_bloom flowers,1.0
era202405500008,3,3_servant_servants_piet_dip,1.0
era202405760020,0,0_spirit_flowers_maiden_wind,0.0
era202405770021,5,5_hwanghae_flowers_river_bloom flowers,0.65655154
era202405820022,3,3_servant_servants_piet_dip,0.61498505
era202405940031,0,0_spirit_flowers_maiden_wind,0.0
era202407240002,0,0_spirit_flowers_maiden_wind,0.0
era202407310001,0,0_spirit_flowers_maiden_wind,0.0
era202407330003,0,0_spirit_flowers_maiden_wind,0.0
era202500310024,8,8_bride_wedding_maidens_marriage,0.55416274
era202500370005,0,0_spirit_flowers_maiden_wind,0.0
era202500440011,7,7_tended herd_servant_plow_shepherd,0.37322253
era202500510016,0,0_spirit_flowers_maiden_wind,0.0
era202501050041,0,0_spirit_flowers_maiden_wind,0.0
era202501500005,3,3_servant_servants_piet_dip,1.0
era202501720004,6,6_village_skirt_autumn_bread,1.0
era202502900005,0,0_spirit_flowers_maiden_wind,0.0
era203201750005,8,8_bride_wedding_maidens_marriage,1.0
era204101470005,0,0_spirit_flowers_maiden_wind,0.0
era204101500010,3,3_servant_servants_piet_dip,0.49385652
era204104670004,8,8_bride_wedding_maidens_marriage,0.69571394
era205705340003,0,0_spirit_flowers_maiden_wind,0.0
era205705410013,7,7_tended herd_servant_plow_shepherd,0.7737223
era206003930001,8,8_bride_wedding_maidens_marriage,1.0
era208403830001,0,0_spirit_flowers_maiden_wind,0.0
era208403900020,3,3_servant_servants_piet_dip,0.6737786
era208904530003,0,0_spirit_flowers_maiden_wind,0.0
era208904540005,0,0_spirit_flowers_maiden_wind,0.0
era213102350388,6,6_village_skirt_autumn_bread,0.6616394
era213102960002,6,6_village_skirt_autumn_bread,0.453794
era214901200002,0,0_spirit_flowers_maiden_wind,0.0
era214901310019,7,7_tended herd_servant_plow_shepherd,1.0
era217202120001,0,0_spirit_flowers_maiden_wind,0.0
era217202130003,0,0_spirit_flowers_maiden_wind,0.0
era217800310082,0,0_spirit_flowers_maiden_wind,0.0
era218304630015,0,0_spirit_flowers_maiden_wind,0.0
era218305080086,0,0_spirit_flowers_maiden_wind,0.0
era218305120103,0,0_spirit_flowers_maiden_wind,0.0
era218305150111,0,0_spirit_flowers_maiden_wind,0.0
era219904940017,0,0_spirit_flowers_maiden_wind,0.0
era229800920162,0,0_spirit_flowers_maiden_wind,0.0
erm9400170000,7,7_tended herd_servant_plow_shepherd,1.0
estk2700610001,7,7_tended herd_servant_plow_shepherd,0.85012233
estk2700620002,0,0_spirit_flowers_maiden_wind,0.0
estk3701560002,7,7_tended herd_servant_plow_shepherd,1.0
estk3701640003,6,6_village_skirt_autumn_bread,1.0
estk4000100022,0,0_spirit_flowers_maiden_wind,0.0
estk4000160032,0,0_spirit_flowers_maiden_wind,0.0
estk4000300059,7,7_tended herd_servant_plow_shepherd,1.0
estk4000660101,8,8_bride_wedding_maidens_marriage,1.0
estk4001080151,0,0_spirit_flowers_maiden_wind,0.0
estk4001630010,0,0_spirit_flowers_maiden_wind,0.0
estk4001640011,5,5_hwanghae_flowers_river_bloom flowers,1.0
estk4001740019,0,0_spirit_flowers_maiden_wind,0.0
eys0206300130,0,0_spirit_flowers_maiden_wind,0.0
eys0210390031,7,7_tended herd_servant_plow_shepherd,1.0
eys0300950029,0,0_spirit_flowers_maiden_wind,0.0
eys0505830052,0,0_spirit_flowers_maiden_wind,0.0
eys0505930002,6,6_village_skirt_autumn_bread,1.0
eys0505960007,6,6_village_skirt_autumn_bread,0.828899
eys0506030018,0,0_spirit_flowers_maiden_wind,0.0
eys0506200041,0,0_spirit_flowers_maiden_wind,0.0
eys0506460074,7,7_tended herd_servant_plow_shepherd,1.0
eys0506550086,0,0_spirit_flowers_maiden_wind,0.0
eys0506600094,5,5_hwanghae_flowers_river_bloom flowers,0.68887985
eys0506710108,0,0_spirit_flowers_maiden_wind,0.0
eys050683125b,6,6_village_skirt_autumn_bread,1.0
eys0506850130,0,0_spirit_flowers_maiden_wind,0.0
eys0507080159,7,7_tended herd_servant_plow_shepherd,1.0
eys0507280192,5,5_hwanghae_flowers_river_bloom flowers,0.5034809
eys0610740237,0,0_spirit_flowers_maiden_wind,0.0
eys0613670014,0,0_spirit_flowers_maiden_wind,0.0
eys0613750026,0,0_spirit_flowers_maiden_wind,0.0
eys0613860038,0,0_spirit_flowers_maiden_wind,0.0
eys0614040060,6,6_village_skirt_autumn_bread,1.0
eys0614050061,6,6_village_skirt_autumn_bread,1.0
eys0614070063,0,0_spirit_flowers_maiden_wind,0.0
eys0614170079,6,6_village_skirt_autumn_bread,1.0
eys0614380109,0,0_spirit_flowers_maiden_wind,0.0
eys0614400113,4,4_little birds_horses_horse_poor parish,1.0
eys0614410115,7,7_tended herd_servant_plow_shepherd,1.0
eys0614410116,0,0_spirit_flowers_maiden_wind,0.0
eys0614480131,8,8_bride_wedding_maidens_marriage,1.0
eys0614510135,6,6_village_skirt_autumn_bread,1.0
eys0614610147,6,6_village_skirt_autumn_bread,0.47753686
eys0614670156,0,0_spirit_flowers_maiden_wind,0.0
eys0614750168,0,0_spirit_flowers_maiden_wind,0.0
eys0614760171,0,0_spirit_flowers_maiden_wind,0.0
eys0614910192,0,0_spirit_flowers_maiden_wind,0.0
eys0614920194,6,6_village_skirt_autumn_bread,1.0
eys0614950200,0,0_spirit_flowers_maiden_wind,0.0
eys0615040229,0,0_spirit_flowers_maiden_wind,0.0
eys0615060232,0,0_spirit_flowers_maiden_wind,0.0
eys0615520298,6,6_village_skirt_autumn_bread,0.7164589
eys0615530299,0,0_spirit_flowers_maiden_wind,0.0
eys0615620310,0,0_spirit_flowers_maiden_wind,0.0
eys0615700326,3,3_servant_servants_piet_dip,0.50924575
eys0615750340,8,8_bride_wedding_maidens_marriage,1.0
eys0615840353,0,0_spirit_flowers_maiden_wind,0.0
eys0615990013,7,7_tended herd_servant_plow_shepherd,0.4817406
eys0616010017,7,7_tended herd_servant_plow_shepherd,1.0
eys0616030021,0,0_spirit_flowers_maiden_wind,0.0
eys0616040022,0,0_spirit_flowers_maiden_wind,0.0
eys0616130039,0,0_spirit_flowers_maiden_wind,0.0
eys0616150042,8,8_bride_wedding_maidens_marriage,0.7169436
eys0616170044,3,3_servant_servants_piet_dip,1.0
eys0616200048,6,6_village_skirt_autumn_bread,1.0
eys0616200049,5,5_hwanghae_flowers_river_bloom flowers,1.0
eys0616210051,8,8_bride_wedding_maidens_marriage,0.64271605
eys0616220052,3,3_servant_servants_piet_dip,0.55936474
eys0616220053,6,6_village_skirt_autumn_bread,1.0
eys0616390082,0,0_spirit_flowers_maiden_wind,0.0
eys0616530097,0,0_spirit_flowers_maiden_wind,0.0
eys0616540099,0,0_spirit_flowers_maiden_wind,0.0
eys0616590108,0,0_spirit_flowers_maiden_wind,0.0
eys0616720121,6,6_village_skirt_autumn_bread,0.7443608
eys0616800129,7,7_tended herd_servant_plow_shepherd,1.0
eys0616800130,6,6_village_skirt_autumn_bread,1.0
eys0617080176,6,6_village_skirt_autumn_bread,0.6704453
eys0617230199,0,0_spirit_flowers_maiden_wind,0.0
eys0617230200,0,0_spirit_flowers_maiden_wind,0.0
eys0617540250,0,0_spirit_flowers_maiden_wind,0.0
eys0617590256,0,0_spirit_flowers_maiden_wind,0.0
eys0617600258,7,7_tended herd_servant_plow_shepherd,1.0
eys0617610259,0,0_spirit_flowers_maiden_wind,0.0
eys0617690273,3,3_servant_servants_piet_dip,0.76906323
eys0618010319,6,6_village_skirt_autumn_bread,1.0
eys0707390010,0,0_spirit_flowers_maiden_wind,0.0
eys0707420014,6,6_village_skirt_autumn_bread,1.0
eys0707460023,0,0_spirit_flowers_maiden_wind,0.0
eys0707570005,0,0_spirit_flowers_maiden_wind,0.0
eys0707620016,0,0_spirit_flowers_maiden_wind,0.0
eys0707880008,0,0_spirit_flowers_maiden_wind,0.0
eys0715510037,0,0_spirit_flowers_maiden_wind,0.0
eys0715590058,8,8_bride_wedding_maidens_marriage,1.0
eys0715620063,3,3_servant_servants_piet_dip,0.8193525
eys0715650070,7,7_tended herd_servant_plow_shepherd,1.0
eys0715700078,4,4_little birds_horses_horse_poor parish,1.0
eys0715730081,0,0_spirit_flowers_maiden_wind,0.0
eys0715730082,6,6_village_skirt_autumn_bread,1.0
eys0715750086,7,7_tended herd_servant_plow_shepherd,1.0
eys0715800094,0,0_spirit_flowers_maiden_wind,0.0
eys0715930113,1,1_village_servant_tended herd_slave tended,1.0
eys0716060125,4,4_little birds_horses_horse_poor parish,0.48760325
eys0716090131,0,0_spirit_flowers_maiden_wind,0.0
eys0716140140,6,6_village_skirt_autumn_bread,1.0
eys0716170146,8,8_bride_wedding_maidens_marriage,1.0
eys0716360172,6,6_village_skirt_autumn_bread,1.0
eys0716520199,6,6_village_skirt_autumn_bread,1.0
eys0716640217,0,0_spirit_flowers_maiden_wind,0.0
eys0716650218,0,0_spirit_flowers_maiden_wind,0.0
eys0716760231,0,0_spirit_flowers_maiden_wind,0.0
eys0716860250,0,0_spirit_flowers_maiden_wind,0.0
eys0716920257,7,7_tended herd_servant_plow_shepherd,1.0
eys0716940262,0,0_spirit_flowers_maiden_wind,0.0
eys0716950263,0,0_spirit_flowers_maiden_wind,0.0
eys0717100297,6,6_village_skirt_autumn_bread,1.0
eys0717290328,0,0_spirit_flowers_maiden_wind,0.0
eys0717300329,4,4_little birds_horses_horse_poor parish,1.0
eys0717320333,0,0_spirit_flowers_maiden_wind,0.0
eys0718470032,7,7_tended herd_servant_plow_shepherd,0.48154193
eys0718480034,0,0_spirit_flowers_maiden_wind,0.0
eys0719440152,0,0_spirit_flowers_maiden_wind,0.0
eys0719460157,7,7_tended herd_servant_plow_shepherd,1.0
eys0719810196,8,8_bride_wedding_maidens_marriage,1.0
eys0722790018,0,0_spirit_flowers_maiden_wind,0.0
eys0723200106,4,4_little birds_horses_horse_poor parish,1.0
eys0723400139,6,6_village_skirt_autumn_bread,1.0
eys0723600168,6,6_village_skirt_autumn_bread,1.0
eys0723670180,0,0_spirit_flowers_maiden_wind,0.0
eys0723690186,3,3_servant_servants_piet_dip,1.0
eys0723740195,0,0_spirit_flowers_maiden_wind,0.0
eys0723790209,7,7_tended herd_servant_plow_shepherd,1.0
eys0723980255,0,0_spirit_flowers_maiden_wind,0.0
eys0723990259,8,8_bride_wedding_maidens_marriage,1.0
eys0724040271,0,0_spirit_flowers_maiden_wind,0.0
eys0724060274,6,6_village_skirt_autumn_bread,0.73702824
eys0724090282,0,0_spirit_flowers_maiden_wind,0.0
eys0724150296,7,7_tended herd_servant_plow_shepherd,0.6072878
eys0724210306,0,0_spirit_flowers_maiden_wind,0.0
eys0724310334,3,3_servant_servants_piet_dip,1.0
eys0724640414,0,0_spirit_flowers_maiden_wind,0.0
eys0725090480,3,3_servant_servants_piet_dip,0.34405458
eys0725090482,7,7_tended herd_servant_plow_shepherd,1.0
eys0725190500,7,7_tended herd_servant_plow_shepherd,1.0
eys0725240508,0,0_spirit_flowers_maiden_wind,0.0
eys0805400017,6,6_village_skirt_autumn_bread,0.6283341
eys0805410018,0,0_spirit_flowers_maiden_wind,0.0
eys0805540041,0,0_spirit_flowers_maiden_wind,0.0
eys0805800095,5,5_hwanghae_flowers_river_bloom flowers,0.6718896
eys0805900105,6,6_village_skirt_autumn_bread,1.0
eys0805920107,0,0_spirit_flowers_maiden_wind,0.0
eys0805930109,0,0_spirit_flowers_maiden_wind,0.0
eys0805940114,7,7_tended herd_servant_plow_shepherd,0.6820811
eys0805990123,8,8_bride_wedding_maidens_marriage,0.8100093
eys0806040133,8,8_bride_wedding_maidens_marriage,1.0
eys0806360177,4,4_little birds_horses_horse_poor parish,0.3976473
eys0806440195,0,0_spirit_flowers_maiden_wind,0.0
eys0806550221,6,6_village_skirt_autumn_bread,1.0
eys0806830261,0,0_spirit_flowers_maiden_wind,0.0
eys0806850264,6,6_village_skirt_autumn_bread,0.53750545
eys0806860265,0,0_spirit_flowers_maiden_wind,0.0
eys0806950280,4,4_little birds_horses_horse_poor parish,1.0
eys0807280313,0,0_spirit_flowers_maiden_wind,0.0
eys0807730383,6,6_village_skirt_autumn_bread,1.0
eys0807750386,7,7_tended herd_servant_plow_shepherd,0.63086176
eys0807760387,4,4_little birds_horses_horse_poor parish,0.9271132
eys0807800391,4,4_little birds_horses_horse_poor parish,1.0
eys0808290469,4,4_little birds_horses_horse_poor parish,1.0
eys0808330474,6,6_village_skirt_autumn_bread,1.0
eys0808440495,0,0_spirit_flowers_maiden_wind,0.0
eys0808510506,6,6_village_skirt_autumn_bread,1.0
eys0808640526,7,7_tended herd_servant_plow_shepherd,0.503725
eys0808780546,7,7_tended herd_servant_plow_shepherd,1.0
eys0808790550,7,7_tended herd_servant_plow_shepherd,0.6720361
eys0811480001,8,8_bride_wedding_maidens_marriage,1.0
eys0811550011,7,7_tended herd_servant_plow_shepherd,1.0
eys0811550012,0,0_spirit_flowers_maiden_wind,0.0
eys0811720040,0,0_spirit_flowers_maiden_wind,0.0
eys0811790056,0,0_spirit_flowers_maiden_wind,0.0
eys0811900074,4,4_little birds_horses_horse_poor parish,0.68025213
eys0900420019,8,8_bride_wedding_maidens_marriage,1.0
eys0900450022,0,0_spirit_flowers_maiden_wind,0.0
eys0909270009,0,0_spirit_flowers_maiden_wind,0.0
eys0909820060,3,3_servant_servants_piet_dip,0.6822622
eys0910140112,0,0_spirit_flowers_maiden_wind,0.0
eys0910200123,0,0_spirit_flowers_maiden_wind,0.0
eys1020540312,0,0_spirit_flowers_maiden_wind,0.0
eys1022430018,6,6_village_skirt_autumn_bread,1.0
eys1022480029,0,0_spirit_flowers_maiden_wind,0.0
eys1022530038,0,0_spirit_flowers_maiden_wind,0.0
eys1022550041,0,0_spirit_flowers_maiden_wind,0.0
eys1022620059,0,0_spirit_flowers_maiden_wind,0.0
eys1022680071,0,0_spirit_flowers_maiden_wind,0.0
eys1022700074,0,0_spirit_flowers_maiden_wind,0.0
eys1022930108,4,4_little birds_horses_horse_poor parish,1.0
eys1023020124,0,0_spirit_flowers_maiden_wind,0.0
eys1023020125,5,5_hwanghae_flowers_river_bloom flowers,1.0
eys1023100134,3,3_servant_servants_piet_dip,0.583789
eys1023130140,0,0_spirit_flowers_maiden_wind,0.0
eys1023160143,6,6_village_skirt_autumn_bread,1.0
eys1023190148,7,7_tended herd_servant_plow_shepherd,1.0
eys1023200150,6,6_village_skirt_autumn_bread,0.66953737
eys1023470177,6,6_village_skirt_autumn_bread,0.6731753
eys1023500180,0,0_spirit_flowers_maiden_wind,0.0
eys1023680196,3,3_servant_servants_piet_dip,1.0
eys1023690198,0,0_spirit_flowers_maiden_wind,0.0
eys1025720032,0,0_spirit_flowers_maiden_wind,0.0
eys1025750036,6,6_village_skirt_autumn_bread,1.0
eys1025770040,5,5_hwanghae_flowers_river_bloom flowers,1.0
eys1025770041,0,0_spirit_flowers_maiden_wind,0.0
eys1025830053,3,3_servant_servants_piet_dip,1.0
eys1029080088,7,7_tended herd_servant_plow_shepherd,0.50527555
eys1029090090,5,5_hwanghae_flowers_river_bloom flowers,1.0
eys1029090091,8,8_bride_wedding_maidens_marriage,0.6408812
eys1029090092,0,0_spirit_flowers_maiden_wind,0.0
eys1108210011,0,0_spirit_flowers_maiden_wind,0.0
h10101480022,0,0_spirit_flowers_maiden_wind,0.0
h10101510027,6,6_village_skirt_autumn_bread,1.0
h10101550036,7,7_tended herd_servant_plow_shepherd,1.0
h10101600046,6,6_village_skirt_autumn_bread,1.0
h10102170065,6,6_village_skirt_autumn_bread,1.0
h10102260085,0,0_spirit_flowers_maiden_wind,0.0
h10102310098,0,0_spirit_flowers_maiden_wind,0.0
h10102480130,7,7_tended herd_servant_plow_shepherd,0.90832424
h10102600152,0,0_spirit_flowers_maiden_wind,0.0
h10102640163,6,6_village_skirt_autumn_bread,1.0
h10102660167,7,7_tended herd_servant_plow_shepherd,1.0
h10700320006,0,0_spirit_flowers_maiden_wind,0.0
h10700340013,6,6_village_skirt_autumn_bread,1.0
h10700570054,6,6_village_skirt_autumn_bread,0.83979636
h10700630064,0,0_spirit_flowers_maiden_wind,0.0
h10700720075,0,0_spirit_flowers_maiden_wind,0.0
h20101370193,3,3_servant_servants_piet_dip,1.0
h20101410200,0,0_spirit_flowers_maiden_wind,0.0
h20101440207,6,6_village_skirt_autumn_bread,1.0
h20102730404,8,8_bride_wedding_maidens_marriage,1.0
h20105230693,7,7_tended herd_servant_plow_shepherd,0.75300103
h20106540846,0,0_spirit_flowers_maiden_wind,0.0
h21005180292,7,7_tended herd_servant_plow_shepherd,1.0
h21005190293,7,7_tended herd_servant_plow_shepherd,1.0
h21109540009,0,0_spirit_flowers_maiden_wind,0.0
h21300080021,6,6_village_skirt_autumn_bread,0.57904255
h21300770019,8,8_bride_wedding_maidens_marriage,1.0
h21300850030,6,6_village_skirt_autumn_bread,1.0
h21300900035,8,8_bride_wedding_maidens_marriage,1.0
h21300920038,6,6_village_skirt_autumn_bread,0.78270453
h21301060058,0,0_spirit_flowers_maiden_wind,0.0
h21301150001,6,6_village_skirt_autumn_bread,0.67331177
h21301390033,7,7_tended herd_servant_plow_shepherd,0.5026931
h21301410034,5,5_hwanghae_flowers_river_bloom flowers,1.0
h21301450036,8,8_bride_wedding_maidens_marriage,0.9021293
h21301460037,0,0_spirit_flowers_maiden_wind,0.0
h21301510039,7,7_tended herd_servant_plow_shepherd,1.0
h21301520040,3,3_servant_servants_piet_dip,1.0
h21301900015,8,8_bride_wedding_maidens_marriage,0.7615077
h21301900016,7,7_tended herd_servant_plow_shepherd,0.50760365
h21301940020,0,0_spirit_flowers_maiden_wind,0.0
h21301950022,0,0_spirit_flowers_maiden_wind,0.0
h21302030030,8,8_bride_wedding_maidens_marriage,1.0
h21302320005,7,7_tended herd_servant_plow_shepherd,1.0
h21303320003,0,0_spirit_flowers_maiden_wind,0.0
h21303430007,7,7_tended herd_servant_plow_shepherd,0.60967404
h21303600003,0,0_spirit_flowers_maiden_wind,0.0
h21303860008,0,0_spirit_flowers_maiden_wind,0.0
h21305310038,7,7_tended herd_servant_plow_shepherd,1.0
h21305360044,3,3_servant_servants_piet_dip,0.64929044
h21305390048,6,6_village_skirt_autumn_bread,0.68514335
h21305410050,0,0_spirit_flowers_maiden_wind,0.0
h21305850005,6,6_village_skirt_autumn_bread,1.0
h21306150013,7,7_tended herd_servant_plow_shepherd,0.6437472
h21306170015,0,0_spirit_flowers_maiden_wind,0.0
h21306450026,3,3_servant_servants_piet_dip,0.6122006
h21307680026,3,3_servant_servants_piet_dip,0.5019685
h21400130014,0,0_spirit_flowers_maiden_wind,0.0
h21400380053,7,7_tended herd_servant_plow_shepherd,1.0
h21401430016,6,6_village_skirt_autumn_bread,1.0
h21401650040,0,0_spirit_flowers_maiden_wind,0.0
h21402070001,6,6_village_skirt_autumn_bread,1.0
h21402670007,6,6_village_skirt_autumn_bread,1.0
h21402840019,0,0_spirit_flowers_maiden_wind,0.0
h21402860020,7,7_tended herd_servant_plow_shepherd,1.0
h21403610004,8,8_bride_wedding_maidens_marriage,1.0
h21404030007,6,6_village_skirt_autumn_bread,0.8911828
h21404280019,0,0_spirit_flowers_maiden_wind,0.0
h21404410010,6,6_village_skirt_autumn_bread,1.0
h21404670011,8,8_bride_wedding_maidens_marriage,1.0
h21405020038,5,5_hwanghae_flowers_river_bloom flowers,1.0
h22609120006,6,6_village_skirt_autumn_bread,1.0
h23806440006,6,6_village_skirt_autumn_bread,1.0
h23806840009,8,8_bride_wedding_maidens_marriage,1.0
h23807420006,6,6_village_skirt_autumn_bread,1.0
h23808580004,6,6_village_skirt_autumn_bread,1.0
h24003061353,7,7_tended herd_servant_plow_shepherd,1.0
h24003960005,7,7_tended herd_servant_plow_shepherd,1.0
h24003960006,8,8_bride_wedding_maidens_marriage,0.51328737
h24003990010,7,7_tended herd_servant_plow_shepherd,1.0
h24607820010,0,0_spirit_flowers_maiden_wind,0.0
h24607830012,7,7_tended herd_servant_plow_shepherd,0.83087355
h24608010009,7,7_tended herd_servant_plow_shepherd,1.0
h24608020010,8,8_bride_wedding_maidens_marriage,1.0
h24608030011,5,5_hwanghae_flowers_river_bloom flowers,1.0
h24608040012,5,5_hwanghae_flowers_river_bloom flowers,0.7212166
h24608120018,3,3_servant_servants_piet_dip,0.7173668
h24608210003,0,0_spirit_flowers_maiden_wind,0.0
h24608380022,0,0_spirit_flowers_maiden_wind,0.0
h25400380008,0,0_spirit_flowers_maiden_wind,0.0
h25705650003,6,6_village_skirt_autumn_bread,1.0
h25706330018,0,0_spirit_flowers_maiden_wind,0.0
h2570646031d,0,0_spirit_flowers_maiden_wind,0.0
h2570647031g,3,3_servant_servants_piet_dip,0.7912031
h26502370001,8,8_bride_wedding_maidens_marriage,0.4303551
h26502510017,0,0_spirit_flowers_maiden_wind,0.0
h26502520021,0,0_spirit_flowers_maiden_wind,0.0
h26502680006,3,3_servant_servants_piet_dip,0.6408305
h26503320004,3,3_servant_servants_piet_dip,0.66123927
h26503470019,5,5_hwanghae_flowers_river_bloom flowers,0.6682413
h26804900005,0,0_spirit_flowers_maiden_wind,0.0
h26804910007,6,6_village_skirt_autumn_bread,1.0
h30101560006,6,6_village_skirt_autumn_bread,1.0
h30400490001,3,3_servant_servants_piet_dip,1.0
h30400520004,6,6_village_skirt_autumn_bread,0.81791556
h30401640001,0,0_spirit_flowers_maiden_wind,0.0
h30401920002,6,6_village_skirt_autumn_bread,1.0
h30401970006,6,6_village_skirt_autumn_bread,1.0
h30402190002,0,0_spirit_flowers_maiden_wind,0.0
h31204450001,0,0_spirit_flowers_maiden_wind,0.0
h31204490005,6,6_village_skirt_autumn_bread,0.76698476
h31204620003,6,6_village_skirt_autumn_bread,1.0
h31204960013,0,0_spirit_flowers_maiden_wind,0.0
h31406750007,8,8_bride_wedding_maidens_marriage,1.0
h31701210008,0,0_spirit_flowers_maiden_wind,0.0
h31701550013,7,7_tended herd_servant_plow_shepherd,1.0
h31708500005,6,6_village_skirt_autumn_bread,0.67078894
h31708510006,6,6_village_skirt_autumn_bread,1.0
h31708580013,6,6_village_skirt_autumn_bread,1.0
h31709500008,3,3_servant_servants_piet_dip,0.74979866
h31709530011,0,0_spirit_flowers_maiden_wind,0.0
h31800410007,4,4_little birds_horses_horse_poor parish,0.78426516
h32301880006,0,0_spirit_flowers_maiden_wind,0.0
h32302030022,0,0_spirit_flowers_maiden_wind,0.0
h32700510011,8,8_bride_wedding_maidens_marriage,0.50849575
h32700580016,7,7_tended herd_servant_plow_shepherd,0.4724982
h32700590017,0,0_spirit_flowers_maiden_wind,0.0
h4010326012a,0,0_spirit_flowers_maiden_wind,0.0
h40103350019,0,0_spirit_flowers_maiden_wind,0.0
h40103690003,0,0_spirit_flowers_maiden_wind,0.0
h40103790024,0,0_spirit_flowers_maiden_wind,0.0
h40103820028,0,0_spirit_flowers_maiden_wind,0.0
h40900570005,6,6_village_skirt_autumn_bread,1.0
hgrq01480015,7,7_tended herd_servant_plow_shepherd,1.0
hgrq01520021,7,7_tended herd_servant_plow_shepherd,0.63191843
hgrq01550023,7,7_tended herd_servant_plow_shepherd,1.0
hgrq01650035,6,6_village_skirt_autumn_bread,0.8531362
hgrq01750050,0,0_spirit_flowers_maiden_wind,0.0
hgrq01790059,7,7_tended herd_servant_plow_shepherd,0.7488048
hgrq01840074,0,0_spirit_flowers_maiden_wind,0.0
hgrq01910089,0,0_spirit_flowers_maiden_wind,0.0
e000035110004,6,6_village_skirt_autumn_bread,1.0
e000051790002,8,8_bride_wedding_maidens_marriage,1.0
e000068460001,8,8_bride_wedding_maidens_marriage,1.0
e000068570009,7,7_tended herd_servant_plow_shepherd,0.5975549
e000070660007,0,0_spirit_flowers_maiden_wind,0.0
e000071780039,5,5_hwanghae_flowers_river_bloom flowers,1.0
e000071840045,7,7_tended herd_servant_plow_shepherd,0.5321469
e000071860046,7,7_tended herd_servant_plow_shepherd,0.6795287
e000071910004,8,8_bride_wedding_maidens_marriage,1.0
e000072130028,6,6_village_skirt_autumn_bread,1.0
e000074590002,0,0_spirit_flowers_maiden_wind,0.0
e000074600003,6,6_village_skirt_autumn_bread,1.0
e000074600004,0,0_spirit_flowers_maiden_wind,0.0
e000076590001,7,7_tended herd_servant_plow_shepherd,0.66303855
e000076610003,6,6_village_skirt_autumn_bread,0.60366076
e000076690013,5,5_hwanghae_flowers_river_bloom flowers,1.0
e000076850018,6,6_village_skirt_autumn_bread,1.0
e000076920003,0,0_spirit_flowers_maiden_wind,0.0
e000076970007,7,7_tended herd_servant_plow_shepherd,0.5940011
e000077090004,6,6_village_skirt_autumn_bread,1.0
e000077140014,6,6_village_skirt_autumn_bread,0.59487593
e000077190024,0,0_spirit_flowers_maiden_wind,0.0
e000077280009,8,8_bride_wedding_maidens_marriage,1.0
e000077320004,6,6_village_skirt_autumn_bread,1.0
e000077410019,0,0_spirit_flowers_maiden_wind,0.0
e000077410021,6,6_village_skirt_autumn_bread,1.0
e000077420022,6,6_village_skirt_autumn_bread,0.8635084
e000077430023,0,0_spirit_flowers_maiden_wind,0.0
e000077450027,8,8_bride_wedding_maidens_marriage,0.59913427
e000077490003,6,6_village_skirt_autumn_bread,0.7541082
e000077530010,6,6_village_skirt_autumn_bread,1.0
e000077760009,6,6_village_skirt_autumn_bread,1.0
e000078310007,7,7_tended herd_servant_plow_shepherd,1.0
e000078370002,7,7_tended herd_servant_plow_shepherd,1.0
e000078620007,8,8_bride_wedding_maidens_marriage,0.6710211
e000078720002,6,6_village_skirt_autumn_bread,0.7424821
e000078730004,7,7_tended herd_servant_plow_shepherd,0.9289685
e000078780013,0,0_spirit_flowers_maiden_wind,0.0
e000078820005,6,6_village_skirt_autumn_bread,0.49324125
e00007909037b,3,3_servant_servants_piet_dip,1.0
e000079100041,6,6_village_skirt_autumn_bread,1.0
e000079180001,6,6_village_skirt_autumn_bread,1.0
e000079210002,0,0_spirit_flowers_maiden_wind,0.0
e000079220003,6,6_village_skirt_autumn_bread,1.0
e000079220004,6,6_village_skirt_autumn_bread,0.6465109
e000079240007,7,7_tended herd_servant_plow_shepherd,0.6767775
e000079410028,8,8_bride_wedding_maidens_marriage,1.0
e000079420030,0,0_spirit_flowers_maiden_wind,0.0
e000079580024,7,7_tended herd_servant_plow_shepherd,1.0
e000080640052,7,7_tended herd_servant_plow_shepherd,0.36506695
e000080650053,7,7_tended herd_servant_plow_shepherd,0.5364572
e000080820064,8,8_bride_wedding_maidens_marriage,1.0
e000093430025,7,7_tended herd_servant_plow_shepherd,1.0
e000093450027,8,8_bride_wedding_maidens_marriage,1.0
e000093560037,6,6_village_skirt_autumn_bread,1.0
e000093590039,5,5_hwanghae_flowers_river_bloom flowers,1.0
e000093610041,0,0_spirit_flowers_maiden_wind,0.0
e000093790056,6,6_village_skirt_autumn_bread,0.5085028
e000093880058,7,7_tended herd_servant_plow_shepherd,0.6944182
e000094040076,8,8_bride_wedding_maidens_marriage,1.0
e000094050077,6,6_village_skirt_autumn_bread,1.0
e000094150091,0,0_spirit_flowers_maiden_wind,0.0
e000094170095,3,3_servant_servants_piet_dip,1.0
e000099760009,7,7_tended herd_servant_plow_shepherd,0.866214
e000104150012,8,8_bride_wedding_maidens_marriage,1.0
e000106280001,0,0_spirit_flowers_maiden_wind,0.0
e000106340015,6,6_village_skirt_autumn_bread,0.5310678
e000107410004,0,0_spirit_flowers_maiden_wind,0.0
e000107540022,6,6_village_skirt_autumn_bread,0.5049429
e000114870007,7,7_tended herd_servant_plow_shepherd,0.536276
e000117860003,0,0_spirit_flowers_maiden_wind,0.0
e000117870004,8,8_bride_wedding_maidens_marriage,1.0
e000117900014,6,6_village_skirt_autumn_bread,1.0
e000117930019,0,0_spirit_flowers_maiden_wind,0.0
e000117980030,5,5_hwanghae_flowers_river_bloom flowers,0.8073532
e000117990034,0,0_spirit_flowers_maiden_wind,0.0
e000123220001,5,5_hwanghae_flowers_river_bloom flowers,0.790274
e000135840003,6,6_village_skirt_autumn_bread,0.8060102
e000137650001,7,7_tended herd_servant_plow_shepherd,0.6688064
e000137660002,3,3_servant_servants_piet_dip,0.6926601
e000137760006,0,0_spirit_flowers_maiden_wind,0.0
e000137810011,6,6_village_skirt_autumn_bread,1.0
e000138060003,0,0_spirit_flowers_maiden_wind,0.0
e000138090006,6,6_village_skirt_autumn_bread,0.7116328
e000138170018,0,0_spirit_flowers_maiden_wind,0.0
e000145860002,8,8_bride_wedding_maidens_marriage,0.63571554
e000151040008,6,6_village_skirt_autumn_bread,1.0
e000151110023,0,0_spirit_flowers_maiden_wind,0.0
e000178160005,6,6_village_skirt_autumn_bread,0.82677376
e000178190007,7,7_tended herd_servant_plow_shepherd,0.58022165
e000178220009,7,7_tended herd_servant_plow_shepherd,0.58824974
e000178230010,0,0_spirit_flowers_maiden_wind,0.0
e000178350020,0,0_spirit_flowers_maiden_wind,0.0
e000221620003,7,7_tended herd_servant_plow_shepherd,0.61150473
e000239840004,0,0_spirit_flowers_maiden_wind,0.0
e000259280025,6,6_village_skirt_autumn_bread,0.6266346
e000351660000,0,0_spirit_flowers_maiden_wind,0.0
e00041876000a,0,0_spirit_flowers_maiden_wind,0.0
e000515070000,0,0_spirit_flowers_maiden_wind,0.0
e000518380001,7,7_tended herd_servant_plow_shepherd,1.0
e000518390007,0,0_spirit_flowers_maiden_wind,0.0
e000518400008,6,6_village_skirt_autumn_bread,1.0
e000518930002,0,0_spirit_flowers_maiden_wind,0.0
e000531980007,8,8_bride_wedding_maidens_marriage,1.0
e000531990009,6,6_village_skirt_autumn_bread,0.6506048
e000540410007,8,8_bride_wedding_maidens_marriage,1.0
e000575680010,7,7_tended herd_servant_plow_shepherd,1.0
e000575810003,0,0_spirit_flowers_maiden_wind,0.0
e000576650000,6,6_village_skirt_autumn_bread,1.0
e000576660000,0,0_spirit_flowers_maiden_wind,0.0
e000583000001,0,0_spirit_flowers_maiden_wind,0.0
e000592130012,0,0_spirit_flowers_maiden_wind,0.0
e000592260024,0,0_spirit_flowers_maiden_wind,0.0
e000592310031,6,6_village_skirt_autumn_bread,1.0
e000592390040,0,0_spirit_flowers_maiden_wind,0.0
e000592400041,6,6_village_skirt_autumn_bread,1.0
e000595230007,0,0_spirit_flowers_maiden_wind,0.0
e000595290017,6,6_village_skirt_autumn_bread,1.0
e000598860000,0,0_spirit_flowers_maiden_wind,0.0
e000598920000,0,0_spirit_flowers_maiden_wind,0.0
e000616730012,0,0_spirit_flowers_maiden_wind,0.0
e000616870002,6,6_village_skirt_autumn_bread,1.0
e000616970010,7,7_tended herd_servant_plow_shepherd,1.0
e000617200028,0,0_spirit_flowers_maiden_wind,0.0
e000617500049,6,6_village_skirt_autumn_bread,0.60782355
e000617560055,0,0_spirit_flowers_maiden_wind,0.0
e000643680002,0,0_spirit_flowers_maiden_wind,0.0
e800X00450183,6,6_village_skirt_autumn_bread,1.0
ea00001970001,0,0_spirit_flowers_maiden_wind,0.0
ea00002020010,8,8_bride_wedding_maidens_marriage,1.0
ea00002030013,0,0_spirit_flowers_maiden_wind,0.0
ea00002690029,6,6_village_skirt_autumn_bread,1.0
ea00002790039,6,6_village_skirt_autumn_bread,1.0
ea00002830042,0,0_spirit_flowers_maiden_wind,0.0
ea00002840043,7,7_tended herd_servant_plow_shepherd,1.0
ea00009790008,5,5_hwanghae_flowers_river_bloom flowers,0.766082
ea00009800011,0,0_spirit_flowers_maiden_wind,0.0
ea00009880005,0,0_spirit_flowers_maiden_wind,0.0
ea00010110008,0,0_spirit_flowers_maiden_wind,0.0
ea00010530002,0,0_spirit_flowers_maiden_wind,0.0
ea00010600012,7,7_tended herd_servant_plow_shepherd,0.7929927
ekms40106260012,0,0_spirit_flowers_maiden_wind,0.0
ekms40504170004,6,6_village_skirt_autumn_bread,1.0
eks010016000a,6,6_village_skirt_autumn_bread,1.0
eks010027000a,0,0_spirit_flowers_maiden_wind,0.0
eks0100360000,0,0_spirit_flowers_maiden_wind,0.0
eks0100370000,0,0_spirit_flowers_maiden_wind,0.0
eks0100380000,8,8_bride_wedding_maidens_marriage,0.52341694
eks010044000a,6,6_village_skirt_autumn_bread,1.0
eks010054000b,0,0_spirit_flowers_maiden_wind,0.0
eks0101250003,0,0_spirit_flowers_maiden_wind,0.0
eks0101350012,0,0_spirit_flowers_maiden_wind,0.0
eks0101360013,5,5_hwanghae_flowers_river_bloom flowers,1.0
eks0101400000,0,0_spirit_flowers_maiden_wind,0.0
eks1500030002,0,0_spirit_flowers_maiden_wind,0.0
eks1500050001,6,6_village_skirt_autumn_bread,0.51369864
eks2800010001,6,6_village_skirt_autumn_bread,0.5239381
era100203390001,7,7_tended herd_servant_plow_shepherd,0.80341405
era100203410001,7,7_tended herd_servant_plow_shepherd,1.0
era200101240001,2,2_servants_piet_books_dip,0.6632502
era200101250001,6,6_village_skirt_autumn_bread,1.0
era200101250002,0,0_spirit_flowers_maiden_wind,0.0
era200101340012,6,6_village_skirt_autumn_bread,1.0
era200101440002,0,0_spirit_flowers_maiden_wind,0.0
era200101470001,0,0_spirit_flowers_maiden_wind,0.0
era200l01520001,0,0_spirit_flowers_maiden_wind,0.0
era201101760002,0,0_spirit_flowers_maiden_wind,0.0
era201101770002,0,0_spirit_flowers_maiden_wind,0.0
era201101800003,0,0_spirit_flowers_maiden_wind,0.0
era201101900002,0,0_spirit_flowers_maiden_wind,0.0
era201101920001,0,0_spirit_flowers_maiden_wind,0.0
era201107250002,6,6_village_skirt_autumn_bread,0.53088707
era201400420004,0,0_spirit_flowers_maiden_wind,0.0
era201401710005,0,0_spirit_flowers_maiden_wind,0.0
era202401620002,6,6_village_skirt_autumn_bread,0.6569858
era202401760012,8,8_bride_wedding_maidens_marriage,1.0
era202404100001,0,0_spirit_flowers_maiden_wind,0.0
era202406010035,8,8_bride_wedding_maidens_marriage,1.0
era202406290001,6,6_village_skirt_autumn_bread,1.0
era202500460013,6,6_village_skirt_autumn_bread,0.52277255
era202500560020,7,7_tended herd_servant_plow_shepherd,1.0
era202501050040,7,7_tended herd_servant_plow_shepherd,1.0
era202501190021,0,0_spirit_flowers_maiden_wind,0.0
era202501450001,7,7_tended herd_servant_plow_shepherd,0.5235138
era202501510006,0,0_spirit_flowers_maiden_wind,0.0
era202501530010,0,0_spirit_flowers_maiden_wind,0.0
era202501540012,0,0_spirit_flowers_maiden_wind,0.0
era203102430004,8,8_bride_wedding_maidens_marriage,1.0
era203201670001,7,7_tended herd_servant_plow_shepherd,1.0
era204101450002,7,7_tended herd_servant_plow_shepherd,1.0
era204101520013,3,3_servant_servants_piet_dip,1.0
era204101550017,0,0_spirit_flowers_maiden_wind,0.0
era205705480021,3,3_servant_servants_piet_dip,1.0
era205705490023,6,6_village_skirt_autumn_bread,0.7571954
era205705590033,6,6_village_skirt_autumn_bread,0.46897832
era208402190005,0,0_spirit_flowers_maiden_wind,0.0
era208403850007,0,0_spirit_flowers_maiden_wind,0.0
era208403880017,8,8_bride_wedding_maidens_marriage,0.71932447
era212005350024,6,6_village_skirt_autumn_bread,0.62645286
era212107050000,6,6_village_skirt_autumn_bread,0.50886756
era212200140007,8,8_bride_wedding_maidens_marriage,1.0
era212200330011,8,8_bride_wedding_maidens_marriage,1.0
era213102950001,0,0_spirit_flowers_maiden_wind,0.0
era214901270015,0,0_spirit_flowers_maiden_wind,0.0
era216700850002,6,6_village_skirt_autumn_bread,0.49884084
era217205270061,7,7_tended herd_servant_plow_shepherd,1.0
era225805160020,6,6_village_skirt_autumn_bread,1.0
erm13300020004,3,3_servant_servants_piet_dip,0.76626474
erm16700150018,0,0_spirit_flowers_maiden_wind,0.0
erm16700170019,0,0_spirit_flowers_maiden_wind,0.0
erm16700170020,6,6_village_skirt_autumn_bread,1.0
estk2700510001,7,7_tended herd_servant_plow_shepherd,1.0
estk3700980002,0,0_spirit_flowers_maiden_wind,0.0
estk3701660006,7,7_tended herd_servant_plow_shepherd,1.0
estk3701670007,0,0_spirit_flowers_maiden_wind,0.0
estk3701770020,0,0_spirit_flowers_maiden_wind,0.0
estk3701810025,0,0_spirit_flowers_maiden_wind,0.0
estk4000050006,7,7_tended herd_servant_plow_shepherd,0.9063105
estk4000110026,0,0_spirit_flowers_maiden_wind,0.0
estk4000130028,6,6_village_skirt_autumn_bread,1.0
estk4000150030,6,6_village_skirt_autumn_bread,1.0
estk4000290057,6,6_village_skirt_autumn_bread,1.0
estk4000730109,8,8_bride_wedding_maidens_marriage,0.5353977
estk4000990139,3,3_servant_servants_piet_dip,0.57856256
eys0210350020,8,8_bride_wedding_maidens_marriage,1.0
eys0210550047,6,6_village_skirt_autumn_bread,0.5442977
eys0210610055,7,7_tended herd_servant_plow_shepherd,0.42786717
eys0505760013,0,0_spirit_flowers_maiden_wind,0.0
eys0505940004,0,0_spirit_flowers_maiden_wind,0.0
eys0506020016,3,3_servant_servants_piet_dip,1.0
eys0506100028,8,8_bride_wedding_maidens_marriage,1.0
eys0506130031,8,8_bride_wedding_maidens_marriage,0.5113158
eys0506150034,7,7_tended herd_servant_plow_shepherd,0.42419988
eys0506220043,0,0_spirit_flowers_maiden_wind,0.0
eys0506300059,0,0_spirit_flowers_maiden_wind,0.0
eys0506560088,0,0_spirit_flowers_maiden_wind,0.0
eys0506580092,6,6_village_skirt_autumn_bread,1.0
eys0506610097,7,7_tended herd_servant_plow_shepherd,1.0
eys0506630098,7,7_tended herd_servant_plow_shepherd,1.0
eys0506660103,0,0_spirit_flowers_maiden_wind,0.0
eys0506670104,7,7_tended herd_servant_plow_shepherd,0.71204937
eys0506680106,8,8_bride_wedding_maidens_marriage,1.0
eys0506770116,0,0_spirit_flowers_maiden_wind,0.0
eys0506770117,0,0_spirit_flowers_maiden_wind,0.0
eys0506780119,7,7_tended herd_servant_plow_shepherd,0.6791742
eys0506790120,0,0_spirit_flowers_maiden_wind,0.0
eys050685128b,0,0_spirit_flowers_maiden_wind,0.0
eys0506980146,0,0_spirit_flowers_maiden_wind,0.0
eys0507000148,0,0_spirit_flowers_maiden_wind,0.0
eys0507020151,8,8_bride_wedding_maidens_marriage,0.72424227
eys0507040155,6,6_village_skirt_autumn_bread,1.0
eys0507050157,0,0_spirit_flowers_maiden_wind,0.0
eys0507120165,6,6_village_skirt_autumn_bread,1.0
eys0507120166,7,7_tended herd_servant_plow_shepherd,1.0
eys0507140170,4,4_little birds_horses_horse_poor parish,1.0
eys0507210182,8,8_bride_wedding_maidens_marriage,1.0
eys0507280193,6,6_village_skirt_autumn_bread,1.0
eys0613610001,0,0_spirit_flowers_maiden_wind,0.0
eys0613660012,8,8_bride_wedding_maidens_marriage,0.4318033
eys0613790032,7,7_tended herd_servant_plow_shepherd,0.51557
eys0613840037,0,0_spirit_flowers_maiden_wind,0.0
eys0613980053,7,7_tended herd_servant_plow_shepherd,0.510416
eys0614080065,0,0_spirit_flowers_maiden_wind,0.0
eys0614490132,0,0_spirit_flowers_maiden_wind,0.0
eys0614600145,7,7_tended herd_servant_plow_shepherd,1.0
eys0614720161,7,7_tended herd_servant_plow_shepherd,1.0
eys0614770172,6,6_village_skirt_autumn_bread,0.51899105
eys0614780173,6,6_village_skirt_autumn_bread,0.6145519
eys0614850181,0,0_spirit_flowers_maiden_wind,0.0
eys0614850182,0,0_spirit_flowers_maiden_wind,0.0
eys0615060233,6,6_village_skirt_autumn_bread,1.0
eys0615070236,0,0_spirit_flowers_maiden_wind,0.0
eys0615390287,6,6_village_skirt_autumn_bread,1.0
eys0615460292,0,0_spirit_flowers_maiden_wind,0.0
eys0615570303,5,5_hwanghae_flowers_river_bloom flowers,0.77050847
eys0615620311,6,6_village_skirt_autumn_bread,1.0
eys0615640314,0,0_spirit_flowers_maiden_wind,0.0
eys0615730335,0,0_spirit_flowers_maiden_wind,0.0
eys0615870356,6,6_village_skirt_autumn_bread,1.0
eys0616140041,6,6_village_skirt_autumn_bread,0.35844326
eys0616310072,0,0_spirit_flowers_maiden_wind,0.0
eys0616310073,8,8_bride_wedding_maidens_marriage,1.0
eys0616350079,0,0_spirit_flowers_maiden_wind,0.0
eys0616580106,0,0_spirit_flowers_maiden_wind,0.0
eys0616700118,5,5_hwanghae_flowers_river_bloom flowers,0.79265285
eys0616730122,8,8_bride_wedding_maidens_marriage,1.0
eys0616860141,8,8_bride_wedding_maidens_marriage,1.0
eys0617000161,0,0_spirit_flowers_maiden_wind,0.0
eys0617040169,7,7_tended herd_servant_plow_shepherd,1.0
eys0617050170,0,0_spirit_flowers_maiden_wind,0.0
eys0617060173,0,0_spirit_flowers_maiden_wind,0.0
eys0617110182,6,6_village_skirt_autumn_bread,1.0
eys0617140185,8,8_bride_wedding_maidens_marriage,1.0
eys0617150186,7,7_tended herd_servant_plow_shepherd,1.0
eys0617160187,0,0_spirit_flowers_maiden_wind,0.0
eys0617160188,7,7_tended herd_servant_plow_shepherd,0.7666029
eys0617380223,6,6_village_skirt_autumn_bread,1.0
eys0617380224,0,0_spirit_flowers_maiden_wind,0.0
eys0617470240,0,0_spirit_flowers_maiden_wind,0.0
eys0617510248,8,8_bride_wedding_maidens_marriage,0.8214597
eys0617560252,0,0_spirit_flowers_maiden_wind,0.0
eys0617580255,7,7_tended herd_servant_plow_shepherd,0.5157328
eys0617610260,6,6_village_skirt_autumn_bread,1.0
eys0617700274,0,0_spirit_flowers_maiden_wind,0.0
eys0617850288,6,6_village_skirt_autumn_bread,0.40456873
eys0617940302,4,4_little birds_horses_horse_poor parish,1.0
eys0705570004,0,0_spirit_flowers_maiden_wind,0.0
eys0706600020,0,0_spirit_flowers_maiden_wind,0.0
eys0706760047,0,0_spirit_flowers_maiden_wind,0.0
eys0706820058,6,6_village_skirt_autumn_bread,1.0
eys0706910071,7,7_tended herd_servant_plow_shepherd,1.0
eys0706940077,0,0_spirit_flowers_maiden_wind,0.0
eys0707410012,7,7_tended herd_servant_plow_shepherd,1.0
eys0707440019,5,5_hwanghae_flowers_river_bloom flowers,1.0
eys0707450021,0,0_spirit_flowers_maiden_wind,0.0
eys0707470026,0,0_spirit_flowers_maiden_wind,0.0
eys0707600013,0,0_spirit_flowers_maiden_wind,0.0
eys0707970015,7,7_tended herd_servant_plow_shepherd,1.0
eys0708550012,5,5_hwanghae_flowers_river_bloom flowers,0.680727
eys0708580019,0,0_spirit_flowers_maiden_wind,0.0
eys0708590022,8,8_bride_wedding_maidens_marriage,1.0
eys0708600024,0,0_spirit_flowers_maiden_wind,0.0
eys0715420021,0,0_spirit_flowers_maiden_wind,0.0
eys0715530042,6,6_village_skirt_autumn_bread,0.64007664
eys0715640068,6,6_village_skirt_autumn_bread,1.0
eys0715640069,0,0_spirit_flowers_maiden_wind,0.0
eys0715680073,0,0_spirit_flowers_maiden_wind,0.0
eys0715840101,6,6_village_skirt_autumn_bread,1.0
eys0716110135,6,6_village_skirt_autumn_bread,0.65035266
eys0716180147,0,0_spirit_flowers_maiden_wind,0.0
eys0716180148,6,6_village_skirt_autumn_bread,0.58411604
eys0716260155,6,6_village_skirt_autumn_bread,1.0
eys0716390175,0,0_spirit_flowers_maiden_wind,0.0
eys0716470188,6,6_village_skirt_autumn_bread,1.0
eys0716550205,8,8_bride_wedding_maidens_marriage,1.0
eys0716570209,0,0_spirit_flowers_maiden_wind,0.0
eys0716770234,0,0_spirit_flowers_maiden_wind,0.0
eys0717020282,0,0_spirit_flowers_maiden_wind,0.0
eys0717030283,0,0_spirit_flowers_maiden_wind,0.0
eys0717060291,8,8_bride_wedding_maidens_marriage,0.78857183
eys0717070293,6,6_village_skirt_autumn_bread,1.0
eys0717080294,0,0_spirit_flowers_maiden_wind,0.0
eys0717310331,7,7_tended herd_servant_plow_shepherd,1.0
eys0717580379,0,0_spirit_flowers_maiden_wind,0.0
eys0717590382,0,0_spirit_flowers_maiden_wind,0.0
eys0718310007,0,0_spirit_flowers_maiden_wind,0.0
eys0718340013,0,0_spirit_flowers_maiden_wind,0.0
eys0718420025,8,8_bride_wedding_maidens_marriage,1.0
eys0718460030,0,0_spirit_flowers_maiden_wind,0.0
eys0718510036,8,8_bride_wedding_maidens_marriage,1.0
eys0719460155,7,7_tended herd_servant_plow_shepherd,1.0
eys0719470158,7,7_tended herd_servant_plow_shepherd,1.0
eys0721190104,0,0_spirit_flowers_maiden_wind,0.0
eys0722690008,3,3_servant_servants_piet_dip,0.54455113
eys0722720010,5,5_hwanghae_flowers_river_bloom flowers,0.6682413
eys0722730011,0,0_spirit_flowers_maiden_wind,0.0
eys0722770016,6,6_village_skirt_autumn_bread,1.0
eys0722780017,0,0_spirit_flowers_maiden_wind,0.0
eys0722970049,6,6_village_skirt_autumn_bread,1.0
eys0722990052,0,0_spirit_flowers_maiden_wind,0.0
eys0723020057,6,6_village_skirt_autumn_bread,1.0
eys0723030060,7,7_tended herd_servant_plow_shepherd,1.0
eys0723070078,6,6_village_skirt_autumn_bread,1.0
eys0723200105,7,7_tended herd_servant_plow_shepherd,0.6996447
eys0723210111,0,0_spirit_flowers_maiden_wind,0.0
eys0723220112,0,0_spirit_flowers_maiden_wind,0.0
eys0723220114,7,7_tended herd_servant_plow_shepherd,1.0
eys0723240118,6,6_village_skirt_autumn_bread,0.6936513
eys0723240119,0,0_spirit_flowers_maiden_wind,0.0
eys0723280126,8,8_bride_wedding_maidens_marriage,1.0
eys0723450147,8,8_bride_wedding_maidens_marriage,0.9002423
eys0723500152,0,0_spirit_flowers_maiden_wind,0.0
eys0723510153,6,6_village_skirt_autumn_bread,1.0
eys0723620170,0,0_spirit_flowers_maiden_wind,0.0
eys0723620171,2,2_servants_piet_books_dip,0.5162215
eys0723690185,6,6_village_skirt_autumn_bread,1.0
eys0723790210,3,3_servant_servants_piet_dip,1.0
eys0723830218,8,8_bride_wedding_maidens_marriage,0.6295972
eys0723840220,6,6_village_skirt_autumn_bread,1.0
eys0723920235,0,0_spirit_flowers_maiden_wind,0.0
eys0723920236,8,8_bride_wedding_maidens_marriage,1.0
eys0723960250,0,0_spirit_flowers_maiden_wind,0.0
eys0724000260,7,7_tended herd_servant_plow_shepherd,0.66029584
eys0724000261,0,0_spirit_flowers_maiden_wind,0.0
eys0724220310,6,6_village_skirt_autumn_bread,1.0
eys0724330340,0,0_spirit_flowers_maiden_wind,0.0
eys0724430369,6,6_village_skirt_autumn_bread,1.0
eys0724510386,7,7_tended herd_servant_plow_shepherd,1.0
eys0724540391,7,7_tended herd_servant_plow_shepherd,1.0
eys0724590397,0,0_spirit_flowers_maiden_wind,0.0
eys0724630406,6,6_village_skirt_autumn_bread,1.0
eys0725080478,0,0_spirit_flowers_maiden_wind,0.0
eys0725100483,3,3_servant_servants_piet_dip,0.6366038
eys0725120486,0,0_spirit_flowers_maiden_wind,0.0
eys0725130489,8,8_bride_wedding_maidens_marriage,1.0
eys0725130490,7,7_tended herd_servant_plow_shepherd,1.0
eys0725170496,0,0_spirit_flowers_maiden_wind,0.0
eys0725180498,7,7_tended herd_servant_plow_shepherd,0.4267092
eys0805490033,0,0_spirit_flowers_maiden_wind,0.0
eys0805540040,0,0_spirit_flowers_maiden_wind,0.0
eys0805620067,0,0_spirit_flowers_maiden_wind,0.0
eys0805680080,7,7_tended herd_servant_plow_shepherd,1.0
eys0805750089,6,6_village_skirt_autumn_bread,0.66728294
eys0805830098,0,0_spirit_flowers_maiden_wind,0.0
eys0806000124,6,6_village_skirt_autumn_bread,0.7016779
eys0806410188,7,7_tended herd_servant_plow_shepherd,1.0
eys0806530214,0,0_spirit_flowers_maiden_wind,0.0
eys0806690242,7,7_tended herd_servant_plow_shepherd,1.0
eys0806760247,6,6_village_skirt_autumn_bread,1.0
eys0806840263,8,8_bride_wedding_maidens_marriage,1.0
eys0807230301,0,0_spirit_flowers_maiden_wind,0.0
eys0807320321,0,0_spirit_flowers_maiden_wind,0.0
eys0807490348,4,4_little birds_horses_horse_poor parish,1.0
eys0807510352,7,7_tended herd_servant_plow_shepherd,1.0
eys0807850399,7,7_tended herd_servant_plow_shepherd,1.0
eys0807990420,6,6_village_skirt_autumn_bread,0.50580907
eys0808040425,0,0_spirit_flowers_maiden_wind,0.0
eys0808240458,8,8_bride_wedding_maidens_marriage,1.0
eys0808250459,0,0_spirit_flowers_maiden_wind,0.0
eys0808250460,8,8_bride_wedding_maidens_marriage,1.0
eys0808460499,7,7_tended herd_servant_plow_shepherd,0.88143855
eys0808470500,6,6_village_skirt_autumn_bread,1.0
eys0808620522,0,0_spirit_flowers_maiden_wind,0.0
eys0808680532,0,0_spirit_flowers_maiden_wind,0.0
eys0808830556,8,8_bride_wedding_maidens_marriage,1.0
eys0811500004,6,6_village_skirt_autumn_bread,1.0
eys0811530009,8,8_bride_wedding_maidens_marriage,1.0
eys0811800057,7,7_tended herd_servant_plow_shepherd,1.0
eys0811820060,0,0_spirit_flowers_maiden_wind,0.0
eys0811840064,0,0_spirit_flowers_maiden_wind,0.0
eys0811860066,6,6_village_skirt_autumn_bread,1.0
eys0811870070,8,8_bride_wedding_maidens_marriage,1.0
eys0900870082,6,6_village_skirt_autumn_bread,0.55091137
eys090097095b,0,0_spirit_flowers_maiden_wind,0.0
eys0901030103,7,7_tended herd_servant_plow_shepherd,1.0
eys0903480117,7,7_tended herd_servant_plow_shepherd,0.46785113
eys0909430004,0,0_spirit_flowers_maiden_wind,0.0
eys0909470010,0,0_spirit_flowers_maiden_wind,0.0
eys0909560020,0,0_spirit_flowers_maiden_wind,0.0
eys0909610028,0,0_spirit_flowers_maiden_wind,0.0
eys0909750049,0,0_spirit_flowers_maiden_wind,0.0
eys0909930078,7,7_tended herd_servant_plow_shepherd,0.8382316
eys0909970083,8,8_bride_wedding_maidens_marriage,0.45072338
eys0909970084,6,6_village_skirt_autumn_bread,0.8055605
eys0909980085,0,0_spirit_flowers_maiden_wind,0.0
eys0910110105,6,6_village_skirt_autumn_bread,0.5524713
eys0910210127,0,0_spirit_flowers_maiden_wind,0.0
eys0910340140,0,0_spirit_flowers_maiden_wind,0.0
eys0910410148,0,0_spirit_flowers_maiden_wind,0.0
eys0910600174,0,0_spirit_flowers_maiden_wind,0.0
eys1022410013,0,0_spirit_flowers_maiden_wind,0.0
eys1022440020,0,0_spirit_flowers_maiden_wind,0.0
eys1022510035,6,6_village_skirt_autumn_bread,1.0
eys1022580052,0,0_spirit_flowers_maiden_wind,0.0
eys1022630060,6,6_village_skirt_autumn_bread,1.0
eys1022690073,0,0_spirit_flowers_maiden_wind,0.0
eys1022710076,0,0_spirit_flowers_maiden_wind,0.0
eys1022750081,7,7_tended herd_servant_plow_shepherd,1.0
eys1022750082,6,6_village_skirt_autumn_bread,0.6087832
eys1022950110,8,8_bride_wedding_maidens_marriage,1.0
eys1023150142,0,0_spirit_flowers_maiden_wind,0.0
eys1023320170,7,7_tended herd_servant_plow_shepherd,1.0
eys1023500181,6,6_village_skirt_autumn_bread,0.5032836
eys1023730204,0,0_spirit_flowers_maiden_wind,0.0
eys1025730034,0,0_spirit_flowers_maiden_wind,0.0
eys1025760039,6,6_village_skirt_autumn_bread,1.0
eys1025830054,6,6_village_skirt_autumn_bread,1.0
eys1025850056,7,7_tended herd_servant_plow_shepherd,0.7853714
eys1026650212,7,7_tended herd_servant_plow_shepherd,1.0
eys1029060085,6,6_village_skirt_autumn_bread,1.0
eys1029090089,3,3_servant_servants_piet_dip,1.0
eys1029120098,4,4_little birds_horses_horse_poor parish,1.0
eys1107630342,0,0_spirit_flowers_maiden_wind,0.0
h10100170004,8,8_bride_wedding_maidens_marriage,0.82152075
h10100190007,8,8_bride_wedding_maidens_marriage,1.0
h10101310002,7,7_tended herd_servant_plow_shepherd,1.0
h10101350008,6,6_village_skirt_autumn_bread,1.0
h10101450016,0,0_spirit_flowers_maiden_wind,0.0
h10101480021,0,0_spirit_flowers_maiden_wind,0.0
h10101490023,6,6_village_skirt_autumn_bread,1.0
h10101510026,8,8_bride_wedding_maidens_marriage,1.0
h10101540033,4,4_little birds_horses_horse_poor parish,0.6536369
h10101550035,6,6_village_skirt_autumn_bread,1.0
h10101570040,8,8_bride_wedding_maidens_marriage,1.0
h10101620049,6,6_village_skirt_autumn_bread,1.0
h10101630052,0,0_spirit_flowers_maiden_wind,0.0
h10102040042,0,0_spirit_flowers_maiden_wind,0.0
h10102210073,0,0_spirit_flowers_maiden_wind,0.0
h10102240079,0,0_spirit_flowers_maiden_wind,0.0
h10102250082,6,6_village_skirt_autumn_bread,1.0
h10102340104,6,6_village_skirt_autumn_bread,0.7219062
h10102350106,6,6_village_skirt_autumn_bread,0.79637265
h10102400115,7,7_tended herd_servant_plow_shepherd,1.0
h10102420120,6,6_village_skirt_autumn_bread,1.0
h10102510137,6,6_village_skirt_autumn_bread,1.0
h10102530139,0,0_spirit_flowers_maiden_wind,0.0
h10102530140,0,0_spirit_flowers_maiden_wind,0.0
h10102610155,6,6_village_skirt_autumn_bread,1.0
h10700340011,0,0_spirit_flowers_maiden_wind,0.0
h10700380023,0,0_spirit_flowers_maiden_wind,0.0
h10700470039,0,0_spirit_flowers_maiden_wind,0.0
h10700480040,7,7_tended herd_servant_plow_shepherd,1.0
h10700500043,6,6_village_skirt_autumn_bread,0.7726172
h10700590058,8,8_bride_wedding_maidens_marriage,0.67514503
h10700710074,7,7_tended herd_servant_plow_shepherd,1.0
h20101310180,8,8_bride_wedding_maidens_marriage,0.79699606
h20101320183,0,0_spirit_flowers_maiden_wind,0.0
h20101320184,8,8_bride_wedding_maidens_marriage,0.51462317
h20101450209,6,6_village_skirt_autumn_bread,1.0
h20102770410,0,0_spirit_flowers_maiden_wind,0.0
h20102790412,8,8_bride_wedding_maidens_marriage,1.0
h20102830419,5,5_hwanghae_flowers_river_bloom flowers,1.0
h20102840420,0,0_spirit_flowers_maiden_wind,0.0
h20102840421,0,0_spirit_flowers_maiden_wind,0.0
h20102850422,0,0_spirit_flowers_maiden_wind,0.0
h20105260695,6,6_village_skirt_autumn_bread,0.6241522
h20106510837,0,0_spirit_flowers_maiden_wind,0.0
h20106530843,0,0_spirit_flowers_maiden_wind,0.0
h21005220296,6,6_village_skirt_autumn_bread,0.5071986
h21005280301,6,6_village_skirt_autumn_bread,1.0
h21300290019,6,6_village_skirt_autumn_bread,0.6650571
h21300340004,0,0_spirit_flowers_maiden_wind,0.0
h21300410012,6,6_village_skirt_autumn_bread,1.0
h21300430014,6,6_village_skirt_autumn_bread,1.0
h21300460018,7,7_tended herd_servant_plow_shepherd,0.4160728
h21300470020,6,6_village_skirt_autumn_bread,0.7437496
h21300530026,7,7_tended herd_servant_plow_shepherd,0.8178001
h21300610036,0,0_spirit_flowers_maiden_wind,0.0
h21300620038,0,0_spirit_flowers_maiden_wind,0.0
h21300650005,8,8_bride_wedding_maidens_marriage,1.0
h21300750016,0,0_spirit_flowers_maiden_wind,0.0
h21300800024,6,6_village_skirt_autumn_bread,0.8103796
h21300870032,6,6_village_skirt_autumn_bread,1.0
h21300980046,7,7_tended herd_servant_plow_shepherd,0.7645052
h21301050056,7,7_tended herd_servant_plow_shepherd,1.0
h21301060057,7,7_tended herd_servant_plow_shepherd,1.0
h21301080061,7,7_tended herd_servant_plow_shepherd,1.0
h21301260017,6,6_village_skirt_autumn_bread,1.0
h21301270019,6,6_village_skirt_autumn_bread,0.5218233
h21301300023,7,7_tended herd_servant_plow_shepherd,1.0
h21301330027,8,8_bride_wedding_maidens_marriage,1.0
h21301820004,8,8_bride_wedding_maidens_marriage,0.51930726
h21302000027,8,8_bride_wedding_maidens_marriage,0.46543908
h21302520022,6,6_village_skirt_autumn_bread,0.4802452
h21303200004,7,7_tended herd_servant_plow_shepherd,1.0
h21303480015,0,0_spirit_flowers_maiden_wind,0.0
h21303610005,6,6_village_skirt_autumn_bread,0.47607857
h21303630008,6,6_village_skirt_autumn_bread,0.65087414
h21304310006,0,0_spirit_flowers_maiden_wind,0.0
h21304330007,6,6_village_skirt_autumn_bread,1.0
h21304380012,6,6_village_skirt_autumn_bread,1.0
h21305030014,7,7_tended herd_servant_plow_shepherd,1.0
h21305040015,0,0_spirit_flowers_maiden_wind,0.0
h21305070019,8,8_bride_wedding_maidens_marriage,1.0
h21305120023,6,6_village_skirt_autumn_bread,0.69513446
h21305350042,6,6_village_skirt_autumn_bread,1.0
h21305360043,0,0_spirit_flowers_maiden_wind,0.0
h21305550066,5,5_hwanghae_flowers_river_bloom flowers,1.0
h21305820002,7,7_tended herd_servant_plow_shepherd,1.0
h21305850006,0,0_spirit_flowers_maiden_wind,0.0
h21306040004,7,7_tended herd_servant_plow_shepherd,0.45363092
h21306090006,6,6_village_skirt_autumn_bread,1.0
h21306180016,6,6_village_skirt_autumn_bread,1.0
h21306210020,6,6_village_skirt_autumn_bread,1.0
h21306370008,7,7_tended herd_servant_plow_shepherd,0.46543276
h21306410015,3,3_servant_servants_piet_dip,0.8491522
h21306430020,2,2_servants_piet_books_dip,1.0
h21306450025,0,0_spirit_flowers_maiden_wind,0.0
h21306480035,7,7_tended herd_servant_plow_shepherd,1.0
h21306530007,0,0_spirit_flowers_maiden_wind,0.0
h21306800001,0,0_spirit_flowers_maiden_wind,0.0
h21306810004,0,0_spirit_flowers_maiden_wind,0.0
h21307080004,6,6_village_skirt_autumn_bread,0.53672737
h21307470006,0,0_spirit_flowers_maiden_wind,0.0
h21307540013,5,5_hwanghae_flowers_river_bloom flowers,1.0
h21307550014,7,7_tended herd_servant_plow_shepherd,1.0
h21307600019,6,6_village_skirt_autumn_bread,1.0
h21307620022,7,7_tended herd_servant_plow_shepherd,1.0
h21307700028,0,0_spirit_flowers_maiden_wind,0.0
h21400070001,6,6_village_skirt_autumn_bread,0.63078856
h21400140015,7,7_tended herd_servant_plow_shepherd,0.5688928
h21400240027,0,0_spirit_flowers_maiden_wind,0.0
h21400280035,6,6_village_skirt_autumn_bread,1.0
h21400290036,0,0_spirit_flowers_maiden_wind,0.0
h21400310039,0,0_spirit_flowers_maiden_wind,0.0
h21400360049,0,0_spirit_flowers_maiden_wind,0.0
h21400440058,8,8_bride_wedding_maidens_marriage,1.0
h21400460063,8,8_bride_wedding_maidens_marriage,1.0
h21400740093,3,3_servant_servants_piet_dip,0.503523
h21400860003,6,6_village_skirt_autumn_bread,1.0
h21400870004,6,6_village_skirt_autumn_bread,0.6778939
h21401460017,6,6_village_skirt_autumn_bread,1.0
h21401480020,7,7_tended herd_servant_plow_shepherd,0.6858292
h21401510024,6,6_village_skirt_autumn_bread,0.5149913
h21401570032,8,8_bride_wedding_maidens_marriage,0.57156795
h21401600035,0,0_spirit_flowers_maiden_wind,0.0
h21401640039,6,6_village_skirt_autumn_bread,1.0
h21402640005,6,6_village_skirt_autumn_bread,0.66172284
h21402810018,6,6_village_skirt_autumn_bread,0.6768653
h21402970002,6,6_village_skirt_autumn_bread,1.0
h21403030006,6,6_village_skirt_autumn_bread,1.0
h21403160015,0,0_spirit_flowers_maiden_wind,0.0
h21403420005,8,8_bride_wedding_maidens_marriage,1.0
h21403430006,3,3_servant_servants_piet_dip,0.5469385
h21403860011,0,0_spirit_flowers_maiden_wind,0.0
h21403990001,0,0_spirit_flowers_maiden_wind,0.0
h21404230015,6,6_village_skirt_autumn_bread,1.0
h21404280020,7,7_tended herd_servant_plow_shepherd,1.0
h21404390002,7,7_tended herd_servant_plow_shepherd,0.8119483
h21404410009,0,0_spirit_flowers_maiden_wind,0.0
h21404750001,7,7_tended herd_servant_plow_shepherd,0.6358702
h21404750003,3,3_servant_servants_piet_dip,0.63882494
h21405050001,0,0_spirit_flowers_maiden_wind,0.0
h21406090003,0,0_spirit_flowers_maiden_wind,0.0
h21406260003,6,6_village_skirt_autumn_bread,0.7572362
h21605770013,7,7_tended herd_servant_plow_shepherd,0.7150092
h22609140012,6,6_village_skirt_autumn_bread,0.797718
h23700570011,7,7_tended herd_servant_plow_shepherd,0.58632636
h23806500011,0,0_spirit_flowers_maiden_wind,0.0
h23807040099,6,6_village_skirt_autumn_bread,1.0
h23807130109,6,6_village_skirt_autumn_bread,1.0
h23807530001,3,3_servant_servants_piet_dip,1.0
h24001941190,0,0_spirit_flowers_maiden_wind,0.0
h24003091358,8,8_bride_wedding_maidens_marriage,1.0
h24003101359,8,8_bride_wedding_maidens_marriage,1.0
h24003930001,0,0_spirit_flowers_maiden_wind,0.0
h24010620006,0,0_spirit_flowers_maiden_wind,0.0
h24607020007,7,7_tended herd_servant_plow_shepherd,0.59858656
h24607030009,0,0_spirit_flowers_maiden_wind,0.0
h24607060015,6,6_village_skirt_autumn_bread,1.0
h24607070017,8,8_bride_wedding_maidens_marriage,0.5575776
h24607990007,6,6_village_skirt_autumn_bread,1.0
h24608320015,7,7_tended herd_servant_plow_shepherd,0.6918627
h24608340018,6,6_village_skirt_autumn_bread,0.8260118
h24701100008,6,6_village_skirt_autumn_bread,0.546176
h25705910001,7,7_tended herd_servant_plow_shepherd,1.0
h25706190001,0,0_spirit_flowers_maiden_wind,0.0
h25706200003,8,8_bride_wedding_maidens_marriage,0.50234026
h25706220004,7,7_tended herd_servant_plow_shepherd,0.5142571
h25706360022,7,7_tended herd_servant_plow_shepherd,0.6840393
h25706370023,6,6_village_skirt_autumn_bread,1.0
h25706380024,6,6_village_skirt_autumn_bread,1.0
h25706870002,0,0_spirit_flowers_maiden_wind,0.0
h26502390004,5,5_hwanghae_flowers_river_bloom flowers,0.46508455
h26502640004,6,6_village_skirt_autumn_bread,1.0
h26502660005,6,6_village_skirt_autumn_bread,0.5962273
h26502860022,0,0_spirit_flowers_maiden_wind,0.0
h26502920029,7,7_tended herd_servant_plow_shepherd,1.0
h26503400014,5,5_hwanghae_flowers_river_bloom flowers,1.0
h26503450018,7,7_tended herd_servant_plow_shepherd,1.0
h26700121699,8,8_bride_wedding_maidens_marriage,1.0
h26700251735,8,8_bride_wedding_maidens_marriage,1.0
h26700261736,0,0_spirit_flowers_maiden_wind,0.0
h26700291752,6,6_village_skirt_autumn_bread,1.0
h26804990019,0,0_spirit_flowers_maiden_wind,0.0
h26805050026,0,0_spirit_flowers_maiden_wind,0.0
h30101540004,6,6_village_skirt_autumn_bread,1.0
h30300440002,0,0_spirit_flowers_maiden_wind,0.0
h30400210005,6,6_village_skirt_autumn_bread,1.0
h30400950004,7,7_tended herd_servant_plow_shepherd,0.5608557
h30401050014,6,6_village_skirt_autumn_bread,1.0
h30401160004,6,6_village_skirt_autumn_bread,0.7988926
h30401220011,2,2_servants_piet_books_dip,0.66928804
h30401310019,7,7_tended herd_servant_plow_shepherd,1.0
h30402070012,8,8_bride_wedding_maidens_marriage,1.0
h31204630005,0,0_spirit_flowers_maiden_wind,0.0
h31204920009,6,6_village_skirt_autumn_bread,1.0
h31204980017,0,0_spirit_flowers_maiden_wind,0.0
h31204990018,0,0_spirit_flowers_maiden_wind,0.0
h31205000019,3,3_servant_servants_piet_dip,1.0
h31205590001,6,6_village_skirt_autumn_bread,1.0
h31205830010,7,7_tended herd_servant_plow_shepherd,1.0
h31701190004,0,0_spirit_flowers_maiden_wind,0.0
h31701510008,0,0_spirit_flowers_maiden_wind,0.0
h31701580016,0,0_spirit_flowers_maiden_wind,0.0
h31703800043,5,5_hwanghae_flowers_river_bloom flowers,1.0
h31708600015,8,8_bride_wedding_maidens_marriage,0.41842392
h31708620017,0,0_spirit_flowers_maiden_wind,0.0
h31709480006,0,0_spirit_flowers_maiden_wind,0.0
h31800380002,7,7_tended herd_servant_plow_shepherd,0.53539217
h31800960003,0,0_spirit_flowers_maiden_wind,0.0
h31800990006,7,7_tended herd_servant_plow_shepherd,0.5411879
h32205940002,7,7_tended herd_servant_plow_shepherd,0.9163543
h32301870004,4,4_little birds_horses_horse_poor parish,1.0
h32301880005,0,0_spirit_flowers_maiden_wind,0.0
h32301920010,0,0_spirit_flowers_maiden_wind,0.0
h32302060027,7,7_tended herd_servant_plow_shepherd,0.7074657
h32302070028,0,0_spirit_flowers_maiden_wind,0.0
h32302350015,0,0_spirit_flowers_maiden_wind,0.0
h32302430020,0,0_spirit_flowers_maiden_wind,0.0
h32700450001,7,7_tended herd_servant_plow_shepherd,1.0
h32700550013,8,8_bride_wedding_maidens_marriage,1.0
h32700560014,6,6_village_skirt_autumn_bread,1.0
h32700590018,6,6_village_skirt_autumn_bread,1.0
h40102990015,0,0_spirit_flowers_maiden_wind,0.0
h40103370021,0,0_spirit_flowers_maiden_wind,0.0
h40103720009,0,0_spirit_flowers_maiden_wind,0.0
h40103720011,6,6_village_skirt_autumn_bread,0.58466625
h40103740015,0,0_spirit_flowers_maiden_wind,0.0
h40103740016,0,0_spirit_flowers_maiden_wind,0.0
h40103760020,0,0_spirit_flowers_maiden_wind,0.0
h40103820027,8,8_bride_wedding_maidens_marriage,1.0
hgrq01400006,6,6_village_skirt_autumn_bread,1.0
hgrq01420008,6,6_village_skirt_autumn_bread,1.0
hgrq01470014,0,0_spirit_flowers_maiden_wind,0.0
hgrq01500017,8,8_bride_wedding_maidens_marriage,0.7909229
hgrq01510018,7,7_tended herd_servant_plow_shepherd,1.0
hgrq01640034,0,0_spirit_flowers_maiden_wind,0.0
hgrq01910088,0,0_spirit_flowers_maiden_wind,0.0
hgrq01920091,0,0_spirit_flowers_maiden_wind,0.0
hgrq01930093,7,7_tended herd_servant_plow_shepherd,1.0
hgrq01960099,0,0_spirit_flowers_maiden_wind,0.0
hr0103070004,6,6_village_skirt_autumn_bread,0.7363889
tem1300130009,6,6_village_skirt_autumn_bread,0.8340097
tem1300170014,8,8_bride_wedding_maidens_marriage,0.5696015
aesmt04900130004,7,7_tended herd_servant_plow_shepherd,0.6039359
e000051930015,0,0_spirit_flowers_maiden_wind,0.0
e000070620003,7,7_tended herd_servant_plow_shepherd,0.36899033
e000071450005,5,5_hwanghae_flowers_river_bloom flowers,0.6976679
e000071460006,7,7_tended herd_servant_plow_shepherd,1.0
e000071560016,7,7_tended herd_servant_plow_shepherd,0.6453116
e000071940009,7,7_tended herd_servant_plow_shepherd,0.46866634
e000072010015,0,0_spirit_flowers_maiden_wind,0.0
e000072040019,7,7_tended herd_servant_plow_shepherd,0.5076565
e000072080025,7,7_tended herd_servant_plow_shepherd,0.41930413
e000076650009,6,6_village_skirt_autumn_bread,1.0
e000076700015,7,7_tended herd_servant_plow_shepherd,0.6137639
e000076730020,4,4_little birds_horses_horse_poor parish,0.49426404
e000076830013,7,7_tended herd_servant_plow_shepherd,0.69742405
e000076850017,7,7_tended herd_servant_plow_shepherd,1.0
e000077310002,7,7_tended herd_servant_plow_shepherd,0.79987353
e000077400018,7,7_tended herd_servant_plow_shepherd,1.0
e000077470001,7,7_tended herd_servant_plow_shepherd,0.68476945
e000078320008,7,7_tended herd_servant_plow_shepherd,1.0
e000078360001,7,7_tended herd_servant_plow_shepherd,0.6269412
e000078520007,7,7_tended herd_servant_plow_shepherd,0.59753007
e000079580025,7,7_tended herd_servant_plow_shepherd,1.0
e000079590026,7,7_tended herd_servant_plow_shepherd,1.0
e000080460033,7,7_tended herd_servant_plow_shepherd,0.61728144
e000093710051,7,7_tended herd_servant_plow_shepherd,0.7266066
e000094090083,7,7_tended herd_servant_plow_shepherd,1.0
e000094100084,0,0_spirit_flowers_maiden_wind,0.0
e000094150092,7,7_tended herd_servant_plow_shepherd,0.56550074
e000099780011,5,5_hwanghae_flowers_river_bloom flowers,0.65735793
e000104150013,0,0_spirit_flowers_maiden_wind,0.0
e000106080018,0,0_spirit_flowers_maiden_wind,0.0
e000106290004,0,0_spirit_flowers_maiden_wind,0.0
e000117850002,7,7_tended herd_servant_plow_shepherd,0.5804297
e000117880008,7,7_tended herd_servant_plow_shepherd,0.5424882
e000117930017,0,0_spirit_flowers_maiden_wind,0.0
e000117940022,7,7_tended herd_servant_plow_shepherd,0.6604036
e000117980032,0,0_spirit_flowers_maiden_wind,0.0
e000137780008,4,4_little birds_horses_horse_poor parish,1.0
e000137790009,7,7_tended herd_servant_plow_shepherd,1.0
e000145900006,7,7_tended herd_servant_plow_shepherd,0.5053979
e000164290001,7,7_tended herd_servant_plow_shepherd,1.0
e000178400028,7,7_tended herd_servant_plow_shepherd,0.80673194
e000180070001,7,7_tended herd_servant_plow_shepherd,1.0
e000239850005,7,7_tended herd_servant_plow_shepherd,1.0
e000418770000,7,7_tended herd_servant_plow_shepherd,1.0
e000515030002,0,0_spirit_flowers_maiden_wind,0.0
e000531950003,6,6_village_skirt_autumn_bread,1.0
e000536490000,0,0_spirit_flowers_maiden_wind,0.0
e000536510001,0,0_spirit_flowers_maiden_wind,0.0
e000536510002,7,7_tended herd_servant_plow_shepherd,0.6955072
e000536510003,7,7_tended herd_servant_plow_shepherd,1.0
e000540420008,6,6_village_skirt_autumn_bread,1.0
e000549600000,7,7_tended herd_servant_plow_shepherd,0.53487647
e000575600001,3,3_servant_servants_piet_dip,0.5129363
e000575620005,7,7_tended herd_servant_plow_shepherd,0.4887299
e000576740020,7,7_tended herd_servant_plow_shepherd,0.6760685
e000576750000,7,7_tended herd_servant_plow_shepherd,1.0
e000592100007,7,7_tended herd_servant_plow_shepherd,0.879611
e000592330033,1,1_village_servant_tended herd_slave tended,0.3628462
e000595190001,0,0_spirit_flowers_maiden_wind,0.0
e000598810006,7,7_tended herd_servant_plow_shepherd,1.0
e000598920004,0,0_spirit_flowers_maiden_wind,0.0
e000616880003,0,0_spirit_flowers_maiden_wind,0.0
e000616940008,6,6_village_skirt_autumn_bread,0.6334879
e000617010013,0,0_spirit_flowers_maiden_wind,0.0
e000617190027,7,7_tended herd_servant_plow_shepherd,1.0
e000617410043,7,7_tended herd_servant_plow_shepherd,0.7398393
e000617440046,3,3_servant_servants_piet_dip,0.65061593
e000617470047,7,7_tended herd_servant_plow_shepherd,0.84007543
e800X00330158,6,6_village_skirt_autumn_bread,1.0
ea00009670007,7,7_tended herd_servant_plow_shepherd,0.78130865
ea00010060006,7,7_tended herd_servant_plow_shepherd,0.7355538
ea00010140010,6,6_village_skirt_autumn_bread,0.80325544
ekms40106240007,7,7_tended herd_servant_plow_shepherd,1.0
eks0100470000,7,7_tended herd_servant_plow_shepherd,1.0
eks0101300007,7,7_tended herd_servant_plow_shepherd,1.0
eks0101300008,7,7_tended herd_servant_plow_shepherd,0.80433065
era200101210005,7,7_tended herd_servant_plow_shepherd,0.48165622
era200101220002,7,7_tended herd_servant_plow_shepherd,1.0
era200101320009,7,7_tended herd_servant_plow_shepherd,0.6653223
era200101480001,0,0_spirit_flowers_maiden_wind,0.0
era201400470001,7,7_tended herd_servant_plow_shepherd,1.0
era201402770014,7,7_tended herd_servant_plow_shepherd,1.0
era201402890028,0,0_spirit_flowers_maiden_wind,0.0
era202401690007,6,6_village_skirt_autumn_bread,1.0
era202403450113,7,7_tended herd_servant_plow_shepherd,0.64163446
era202403500003,7,7_tended herd_servant_plow_shepherd,1.0
era202407490003,0,0_spirit_flowers_maiden_wind,0.0
era202500410008,8,8_bride_wedding_maidens_marriage,1.0
era202500870001,7,7_tended herd_servant_plow_shepherd,1.0
era202500880002,0,0_spirit_flowers_maiden_wind,0.0
era202501470002,7,7_tended herd_servant_plow_shepherd,1.0
era202501550013,7,7_tended herd_servant_plow_shepherd,0.59951454
era202501980010,7,7_tended herd_servant_plow_shepherd,0.6643884
era203500500003,0,0_spirit_flowers_maiden_wind,0.0
era204101630001,7,7_tended herd_servant_plow_shepherd,0.78090125
era205705350005,7,7_tended herd_servant_plow_shepherd,0.39692268
era205705390010,7,7_tended herd_servant_plow_shepherd,1.0
era205705520025,7,7_tended herd_servant_plow_shepherd,1.0
era208401580019,7,7_tended herd_servant_plow_shepherd,1.0
era216704210001,7,7_tended herd_servant_plow_shepherd,1.0
era217800130010,0,0_spirit_flowers_maiden_wind,0.0
era218304830055,0,0_spirit_flowers_maiden_wind,0.0
era218305140109,7,7_tended herd_servant_plow_shepherd,1.0
erm13300060011,7,7_tended herd_servant_plow_shepherd,0.6561307
erm13300060012,6,6_village_skirt_autumn_bread,1.0
erm9400030000,0,0_spirit_flowers_maiden_wind,0.0
erm940009000a,0,0_spirit_flowers_maiden_wind,0.0
erm9400110000,7,7_tended herd_servant_plow_shepherd,0.5356272
estk2700690002,7,7_tended herd_servant_plow_shepherd,0.637277
estk3701730012,0,0_spirit_flowers_maiden_wind,0.0
estk3701750016,0,0_spirit_flowers_maiden_wind,0.0
estk3701800022,0,0_spirit_flowers_maiden_wind,0.0
estk4000070011,0,0_spirit_flowers_maiden_wind,0.0
estk4000090017,7,7_tended herd_servant_plow_shepherd,1.0
estk4000170034,0,0_spirit_flowers_maiden_wind,0.0
estk4000200039,0,0_spirit_flowers_maiden_wind,0.0
estk4000200040,0,0_spirit_flowers_maiden_wind,0.0
estk4000200041,0,0_spirit_flowers_maiden_wind,0.0
estk4000240048,0,0_spirit_flowers_maiden_wind,0.0
estk4000560086,0,0_spirit_flowers_maiden_wind,0.0
estk4000570087,7,7_tended herd_servant_plow_shepherd,1.0
estk4000860126,0,0_spirit_flowers_maiden_wind,0.0
estk4001060147,7,7_tended herd_servant_plow_shepherd,0.7055016
eys0210280007,6,6_village_skirt_autumn_bread,1.0
eys0210590052,7,7_tended herd_servant_plow_shepherd,1.0
eys0505800037,0,0_spirit_flowers_maiden_wind,0.0
eys0506010015,0,0_spirit_flowers_maiden_wind,0.0
eys0506090026,0,0_spirit_flowers_maiden_wind,0.0
eys0506190038,6,6_village_skirt_autumn_bread,1.0
eys0506530083,7,7_tended herd_servant_plow_shepherd,0.755096
eys0506570090,7,7_tended herd_servant_plow_shepherd,1.0
eys0506680105,0,0_spirit_flowers_maiden_wind,0.0
eys0506920138,6,6_village_skirt_autumn_bread,1.0
eys0506970143,0,0_spirit_flowers_maiden_wind,0.0
eys0507230186,7,7_tended herd_servant_plow_shepherd,0.81370366
eys0507260190,7,7_tended herd_servant_plow_shepherd,0.68818617
eys0610840257,0,0_spirit_flowers_maiden_wind,0.0
eys0610840258,0,0_spirit_flowers_maiden_wind,0.0
eys0611610058,0,0_spirit_flowers_maiden_wind,0.0
eys0611630062,0,0_spirit_flowers_maiden_wind,0.0
eys0613650010,0,0_spirit_flowers_maiden_wind,0.0
eys0613900044,5,5_hwanghae_flowers_river_bloom flowers,1.0
eys0614140075,0,0_spirit_flowers_maiden_wind,0.0
eys0614210084,7,7_tended herd_servant_plow_shepherd,0.70518804
eys0614230087,7,7_tended herd_servant_plow_shepherd,1.0
eys0614600146,7,7_tended herd_servant_plow_shepherd,1.0
eys0614960204,0,0_spirit_flowers_maiden_wind,0.0
eys0614980209,0,0_spirit_flowers_maiden_wind,0.0
eys0614980210,7,7_tended herd_servant_plow_shepherd,0.58906096
eys0614980211,7,7_tended herd_servant_plow_shepherd,0.6576148
eys0615020220,7,7_tended herd_servant_plow_shepherd,1.0
eys0615080240,7,7_tended herd_servant_plow_shepherd,0.5216046
eys0615090241,3,3_servant_servants_piet_dip,1.0
eys0615130249,7,7_tended herd_servant_plow_shepherd,1.0
eys0615140251,3,3_servant_servants_piet_dip,1.0
eys0615140252,0,0_spirit_flowers_maiden_wind,0.0
eys0615640313,0,0_spirit_flowers_maiden_wind,0.0
eys0615830350,0,0_spirit_flowers_maiden_wind,0.0
eys0615850354,6,6_village_skirt_autumn_bread,1.0
eys0615940002,0,0_spirit_flowers_maiden_wind,0.0
eys0615970008,0,0_spirit_flowers_maiden_wind,0.0
eys0616950154,7,7_tended herd_servant_plow_shepherd,0.6902171
eys0617440233,0,0_spirit_flowers_maiden_wind,0.0
eys0617680271,7,7_tended herd_servant_plow_shepherd,1.0
eys0617730282,7,7_tended herd_servant_plow_shepherd,1.0
eys0706540006,7,7_tended herd_servant_plow_shepherd,1.0
eys0706540007,7,7_tended herd_servant_plow_shepherd,1.0
eys0706570015,7,7_tended herd_servant_plow_shepherd,0.7254683
eys0706740043,0,0_spirit_flowers_maiden_wind,0.0
eys0706900068,7,7_tended herd_servant_plow_shepherd,1.0
eys0707320004,7,7_tended herd_servant_plow_shepherd,1.0
eys0707500031,7,7_tended herd_servant_plow_shepherd,0.76986134
eys0707560003,7,7_tended herd_servant_plow_shepherd,1.0
eys0707650022,7,7_tended herd_servant_plow_shepherd,1.0
eys0707650023,7,7_tended herd_servant_plow_shepherd,1.0
eys0715440023,7,7_tended herd_servant_plow_shepherd,1.0
eys0715440024,7,7_tended herd_servant_plow_shepherd,0.8594153
eys0715450025,7,7_tended herd_servant_plow_shepherd,1.0
eys0715580055,0,0_spirit_flowers_maiden_wind,0.0
eys0716100133,7,7_tended herd_servant_plow_shepherd,1.0
eys0716110137,0,0_spirit_flowers_maiden_wind,0.0
eys0716230152,7,7_tended herd_servant_plow_shepherd,1.0
eys0716320165,0,0_spirit_flowers_maiden_wind,0.0
eys0716780236,7,7_tended herd_servant_plow_shepherd,0.74741524
eys0716800239,7,7_tended herd_servant_plow_shepherd,0.7111223
eys0716840248,8,8_bride_wedding_maidens_marriage,1.0
eys0716850249,7,7_tended herd_servant_plow_shepherd,0.562267
eys0716930260,6,6_village_skirt_autumn_bread,1.0
eys0716950264,7,7_tended herd_servant_plow_shepherd,1.0
eys0717000274,7,7_tended herd_servant_plow_shepherd,1.0
eys0717000275,0,0_spirit_flowers_maiden_wind,0.0
eys0717130305,6,6_village_skirt_autumn_bread,1.0
eys0717130306,7,7_tended herd_servant_plow_shepherd,1.0
eys0717160312,7,7_tended herd_servant_plow_shepherd,0.9292889
eys0717590380,0,0_spirit_flowers_maiden_wind,0.0
eys0717610383,6,6_village_skirt_autumn_bread,0.654382
eys0718370017,7,7_tended herd_servant_plow_shepherd,1.0
eys0718400021,7,7_tended herd_servant_plow_shepherd,0.59445626
eys0718420024,6,6_village_skirt_autumn_bread,0.55397946
eys0721430329,7,7_tended herd_servant_plow_shepherd,0.62265176
eys0722890037,7,7_tended herd_servant_plow_shepherd,1.0
eys0723110086,7,7_tended herd_servant_plow_shepherd,1.0
eys0723170101,7,7_tended herd_servant_plow_shepherd,1.0
eys0723490151,7,7_tended herd_servant_plow_shepherd,1.0
eys0723670179,7,7_tended herd_servant_plow_shepherd,0.6130371
eys0723720193,7,7_tended herd_servant_plow_shepherd,0.5108856
eys0723750199,7,7_tended herd_servant_plow_shepherd,1.0
eys0723830217,0,0_spirit_flowers_maiden_wind,0.0
eys0723910232,0,0_spirit_flowers_maiden_wind,0.0
eys0723980256,3,3_servant_servants_piet_dip,1.0
eys0724010262,0,0_spirit_flowers_maiden_wind,0.0
eys0724210307,7,7_tended herd_servant_plow_shepherd,0.72047997
eys0724300331,7,7_tended herd_servant_plow_shepherd,1.0
eys0724340342,7,7_tended herd_servant_plow_shepherd,0.64575726
eys0724360346,7,7_tended herd_servant_plow_shepherd,0.9176998
eys0724430368,7,7_tended herd_servant_plow_shepherd,0.5395623
eys0724580396,7,7_tended herd_servant_plow_shepherd,1.0
eys0724660420,7,7_tended herd_servant_plow_shepherd,1.0
eys0724750457,0,0_spirit_flowers_maiden_wind,0.0
eys0725110484,7,7_tended herd_servant_plow_shepherd,0.49873874
eys0725120487,7,7_tended herd_servant_plow_shepherd,1.0
eys0805380014,0,0_spirit_flowers_maiden_wind,0.0
eys0805590060,7,7_tended herd_servant_plow_shepherd,0.53001595
eys0805590061,0,0_spirit_flowers_maiden_wind,0.0
eys0805670078,7,7_tended herd_servant_plow_shepherd,0.51299876
eys0805780093,7,7_tended herd_servant_plow_shepherd,0.6447901
eys0806020127,7,7_tended herd_servant_plow_shepherd,1.0
eys0806680239,7,7_tended herd_servant_plow_shepherd,1.0
eys0806840262,7,7_tended herd_servant_plow_shepherd,1.0
eys0806870266,7,7_tended herd_servant_plow_shepherd,1.0
eys0806920274,7,7_tended herd_servant_plow_shepherd,0.69314575
eys0806960282,7,7_tended herd_servant_plow_shepherd,0.7957111
eys0807250306,7,7_tended herd_servant_plow_shepherd,0.60200334
eys0807280314,7,7_tended herd_servant_plow_shepherd,0.6032935
eys0807350329,7,7_tended herd_servant_plow_shepherd,0.5200971
eys0807380338,7,7_tended herd_servant_plow_shepherd,1.0
eys0807460346,0,0_spirit_flowers_maiden_wind,0.0
eys0807610366,7,7_tended herd_servant_plow_shepherd,1.0
eys0808090437,7,7_tended herd_servant_plow_shepherd,0.8940565
eys0808220455,6,6_village_skirt_autumn_bread,1.0
eys0811570019,0,0_spirit_flowers_maiden_wind,0.0
eys0811730044,1,1_village_servant_tended herd_slave tended,1.0
eys0811760049,7,7_tended herd_servant_plow_shepherd,1.0
eys0811770052,7,7_tended herd_servant_plow_shepherd,0.5200971
eys0901140114,7,7_tended herd_servant_plow_shepherd,1.0
eys0901160117,7,7_tended herd_servant_plow_shepherd,0.7017474
eys0909520015,7,7_tended herd_servant_plow_shepherd,1.0
eys0910120107,7,7_tended herd_servant_plow_shepherd,1.0
eys0911720158,0,0_spirit_flowers_maiden_wind,0.0
eys1022570047,7,7_tended herd_servant_plow_shepherd,1.0
eys1023000121,0,0_spirit_flowers_maiden_wind,0.0
eys1023060130,7,7_tended herd_servant_plow_shepherd,1.0
eys1023120139,6,6_village_skirt_autumn_bread,0.6785138
eys1023140141,7,7_tended herd_servant_plow_shepherd,0.7499758
eys1023250159,6,6_village_skirt_autumn_bread,1.0
eys1023560186,7,7_tended herd_servant_plow_shepherd,0.5347003
eys1023650194,7,7_tended herd_servant_plow_shepherd,1.0
eys1025780043,6,6_village_skirt_autumn_bread,0.5009015
eys1025880062,7,7_tended herd_servant_plow_shepherd,1.0
eys1026710222,0,0_spirit_flowers_maiden_wind,0.0
eys1026720225,0,0_spirit_flowers_maiden_wind,0.0
eys1029020070,0,0_spirit_flowers_maiden_wind,0.0
eys1029050079,6,6_village_skirt_autumn_bread,1.0
eys1029050080,0,0_spirit_flowers_maiden_wind,0.0
eys1029160105,7,7_tended herd_servant_plow_shepherd,0.6899078
eys1029160106,7,7_tended herd_servant_plow_shepherd,1.0
h10100190006,0,0_spirit_flowers_maiden_wind,0.0
h10101630053,0,0_spirit_flowers_maiden_wind,0.0
h10101850011,7,7_tended herd_servant_plow_shepherd,0.88393456
h10101930020,0,0_spirit_flowers_maiden_wind,0.0
h10101950025,0,0_spirit_flowers_maiden_wind,0.0
h10102320100,0,0_spirit_flowers_maiden_wind,0.0
h10102400117,5,5_hwanghae_flowers_river_bloom flowers,1.0
h10102490132,7,7_tended herd_servant_plow_shepherd,0.7162971
h10700310003,0,0_spirit_flowers_maiden_wind,0.0
h10700640066,6,6_village_skirt_autumn_bread,0.74152577
h10700690071,7,7_tended herd_servant_plow_shepherd,1.0
h10700720076,7,7_tended herd_servant_plow_shepherd,1.0
h20101320182,6,6_village_skirt_autumn_bread,1.0
h20102690397,7,7_tended herd_servant_plow_shepherd,0.5950684
h20102720401,7,7_tended herd_servant_plow_shepherd,1.0
h20102830418,7,7_tended herd_servant_plow_shepherd,0.7142318
h20106510836,7,7_tended herd_servant_plow_shepherd,1.0
h20106530842,0,0_spirit_flowers_maiden_wind,0.0
h20106540844,0,0_spirit_flowers_maiden_wind,0.0
h20106540845,0,0_spirit_flowers_maiden_wind,0.0
h21300320002,7,7_tended herd_servant_plow_shepherd,0.78935945
h21300680009,0,0_spirit_flowers_maiden_wind,0.0
h21300710011,7,7_tended herd_servant_plow_shepherd,1.0
h21300730014,6,6_village_skirt_autumn_bread,1.0
h21301030052,7,7_tended herd_servant_plow_shepherd,0.59437996
h21301070059,7,7_tended herd_servant_plow_shepherd,1.0
h21301160002,7,7_tended herd_servant_plow_shepherd,0.66706324
h21301260018,7,7_tended herd_servant_plow_shepherd,0.76174474
h21302040033,7,7_tended herd_servant_plow_shepherd,1.0
h21302370010,8,8_bride_wedding_maidens_marriage,1.0
h21302590024,6,6_village_skirt_autumn_bread,1.0
h21302600025,8,8_bride_wedding_maidens_marriage,1.0
h21304290003,0,0_spirit_flowers_maiden_wind,0.0
h21306200018,0,0_spirit_flowers_maiden_wind,0.0
h21306350003,7,7_tended herd_servant_plow_shepherd,1.0
h21306360005,7,7_tended herd_servant_plow_shepherd,0.89281344
h21306400012,7,7_tended herd_servant_plow_shepherd,1.0
h21306510003,7,7_tended herd_servant_plow_shepherd,0.7277566
h21307490008,7,7_tended herd_servant_plow_shepherd,0.56934404
h21307520011,8,8_bride_wedding_maidens_marriage,1.0
h21400270034,7,7_tended herd_servant_plow_shepherd,0.7540142
h21400450060,7,7_tended herd_servant_plow_shepherd,1.0
h21400490069,7,7_tended herd_servant_plow_shepherd,0.5828416
h21400620079,0,0_spirit_flowers_maiden_wind,0.0
h21400960009,7,7_tended herd_servant_plow_shepherd,0.80838275
h21401220017,0,0_spirit_flowers_maiden_wind,0.0
h21401300002,0,0_spirit_flowers_maiden_wind,0.0
h21401350006,7,7_tended herd_servant_plow_shepherd,0.639672
h21402880021,6,6_village_skirt_autumn_bread,0.70661443
h21403150014,7,7_tended herd_servant_plow_shepherd,0.5546991
h21403600003,1,1_village_servant_tended herd_slave tended,0.43515748
h21404680013,6,6_village_skirt_autumn_bread,1.0
h21404760005,7,7_tended herd_servant_plow_shepherd,1.0
h21404800009,0,0_spirit_flowers_maiden_wind,0.0
h21405100010,6,6_village_skirt_autumn_bread,1.0
h21406110007,0,0_spirit_flowers_maiden_wind,0.0
h22600650009,0,0_spirit_flowers_maiden_wind,0.0
h22600670011,7,7_tended herd_servant_plow_shepherd,1.0
h22600690016,8,8_bride_wedding_maidens_marriage,0.52016115
h22600920050,0,0_spirit_flowers_maiden_wind,0.0
h22609110002,7,7_tended herd_servant_plow_shepherd,1.0
h22609180023,7,7_tended herd_servant_plow_shepherd,0.80680436
h23700580012,7,7_tended herd_servant_plow_shepherd,1.0
h23806370001,7,7_tended herd_servant_plow_shepherd,1.0
h23806380002,6,6_village_skirt_autumn_bread,0.6793753
h23806420004,6,6_village_skirt_autumn_bread,0.71627945
h23807080104,8,8_bride_wedding_maidens_marriage,0.34332702
h23807110106,7,7_tended herd_servant_plow_shepherd,0.6551682
h23807400003,7,7_tended herd_servant_plow_shepherd,1.0
h24000941040,6,6_village_skirt_autumn_bread,1.0
h24606980003,7,7_tended herd_servant_plow_shepherd,0.67764354
h24607070018,7,7_tended herd_servant_plow_shepherd,0.59862936
h24607090022,0,0_spirit_flowers_maiden_wind,0.0
h24607130028,7,7_tended herd_servant_plow_shepherd,1.0
h24607140030,3,3_servant_servants_piet_dip,1.0
h24607880020,7,7_tended herd_servant_plow_shepherd,0.67485327
h24607980006,0,0_spirit_flowers_maiden_wind,0.0
h24608190001,7,7_tended herd_servant_plow_shepherd,1.0
h24608280010,7,7_tended herd_servant_plow_shepherd,1.0
h25401510004,0,0_spirit_flowers_maiden_wind,0.0
h25705260002,8,8_bride_wedding_maidens_marriage,0.40227157
h25705300007,7,7_tended herd_servant_plow_shepherd,1.0
h25705690007,7,7_tended herd_servant_plow_shepherd,0.5706677
h25705990012,1,1_village_servant_tended herd_slave tended,0.51738495
h25706240005,3,3_servant_servants_piet_dip,0.6016223
h26502420009,7,7_tended herd_servant_plow_shepherd,0.8445429
h26502490015,7,7_tended herd_servant_plow_shepherd,1.0
h26502520019,7,7_tended herd_servant_plow_shepherd,0.5076565
h26502590001,1,1_village_servant_tended herd_slave tended,0.3628462
h2650265004b,0,0_spirit_flowers_maiden_wind,0.0
h26502900026,7,7_tended herd_servant_plow_shepherd,1.0
h26503270001,1,1_village_servant_tended herd_slave tended,0.3628462
h26503510025,6,6_village_skirt_autumn_bread,0.6067738
h26700461803,7,7_tended herd_servant_plow_shepherd,1.0
h26804710020,0,0_spirit_flowers_maiden_wind,0.0
h26804870001,7,7_tended herd_servant_plow_shepherd,1.0
h30101550005,6,6_village_skirt_autumn_bread,0.34804204
h30104620014,6,6_village_skirt_autumn_bread,0.41225153
h30300440003,0,0_spirit_flowers_maiden_wind,0.0
h30302600010,7,7_tended herd_servant_plow_shepherd,1.0
h30303780001,7,7_tended herd_servant_plow_shepherd,1.0
h30400240007,0,0_spirit_flowers_maiden_wind,0.0
h30400510003,7,7_tended herd_servant_plow_shepherd,0.5984553
h30401020010,7,7_tended herd_servant_plow_shepherd,1.0
h30401030011,7,7_tended herd_servant_plow_shepherd,1.0
h30401300018,7,7_tended herd_servant_plow_shepherd,1.0
h30401530009,0,0_spirit_flowers_maiden_wind,0.0
h30401680004,7,7_tended herd_servant_plow_shepherd,0.7868953
h30401960005,0,0_spirit_flowers_maiden_wind,0.0
h30402030010,7,7_tended herd_servant_plow_shepherd,1.0
h30402100015,0,0_spirit_flowers_maiden_wind,0.0
h31204290001,1,1_village_servant_tended herd_slave tended,0.45023048
h31204910007,7,7_tended herd_servant_plow_shepherd,0.8101871
h31204950012,0,0_spirit_flowers_maiden_wind,0.0
h31701540011,6,6_village_skirt_autumn_bread,1.0
h31703820046,7,7_tended herd_servant_plow_shepherd,0.58906096
h31703890053,0,0_spirit_flowers_maiden_wind,0.0
h31707290004,3,3_servant_servants_piet_dip,0.732734
h31708490003,7,7_tended herd_servant_plow_shepherd,0.5704279
h31800970004,7,7_tended herd_servant_plow_shepherd,1.0
h32301890007,0,0_spirit_flowers_maiden_wind,0.0
h32302000019,7,7_tended herd_servant_plow_shepherd,0.7177474
h32302220003,7,7_tended herd_servant_plow_shepherd,1.0
h32700470004,7,7_tended herd_servant_plow_shepherd,1.0
h40103470003,7,7_tended herd_servant_plow_shepherd,0.7520929
h40400770001,7,7_tended herd_servant_plow_shepherd,0.5685053
h40400790003,7,7_tended herd_servant_plow_shepherd,0.68961793
hgrq01760052,7,7_tended herd_servant_plow_shepherd,0.8603456
hgrq01790060,3,3_servant_servants_piet_dip,0.5305141
hgrq01900085,7,7_tended herd_servant_plow_shepherd,0.51386434
tem01010a000a,7,7_tended herd_servant_plow_shepherd,1.0
tem1300070001,7,7_tended herd_servant_plow_shepherd,0.7736885
tem1300100005,6,6_village_skirt_autumn_bread,1.0
aesmt04900190008,6,6_village_skirt_autumn_bread,0.8316921
e000035100003,8,8_bride_wedding_maidens_marriage,0.6462052
e000051810003,7,7_tended herd_servant_plow_shepherd,1.0
e000051970019,0,0_spirit_flowers_maiden_wind,0.0
e000071470007,7,7_tended herd_servant_plow_shepherd,1.0
e000071630023,7,7_tended herd_servant_plow_shepherd,0.58225906
e000071840044,8,8_bride_wedding_maidens_marriage,1.0
e000071890001,0,0_spirit_flowers_maiden_wind,0.0
e000074590001,6,6_village_skirt_autumn_bread,1.0
e000074610005,7,7_tended herd_servant_plow_shepherd,0.815068
e000076830014,6,6_village_skirt_autumn_bread,1.0
e000077120010,7,7_tended herd_servant_plow_shepherd,1.0
e000077120011,0,0_spirit_flowers_maiden_wind,0.0
e000077160018,0,0_spirit_flowers_maiden_wind,0.0
e000077340009,0,0_spirit_flowers_maiden_wind,0.0
e000077460030,7,7_tended herd_servant_plow_shepherd,1.0
e000077510005,6,6_village_skirt_autumn_bread,1.0
e000077700018,3,3_servant_servants_piet_dip,0.82100135
e000077730004,6,6_village_skirt_autumn_bread,1.0
e000078230000,0,0_spirit_flowers_maiden_wind,0.0
e000078670013,0,0_spirit_flowers_maiden_wind,0.0
e000078970025,6,6_village_skirt_autumn_bread,0.4935362
e000078970026,0,0_spirit_flowers_maiden_wind,0.0
e00007931017b,0,0_spirit_flowers_maiden_wind,0.0
e000079470006,6,6_village_skirt_autumn_bread,1.0
e000079480008,7,7_tended herd_servant_plow_shepherd,1.0
e000080580045,0,0_spirit_flowers_maiden_wind,0.0
e000080740058,7,7_tended herd_servant_plow_shepherd,1.0
e000093600040,3,3_servant_servants_piet_dip,1.0
e000106310009,8,8_bride_wedding_maidens_marriage,1.0
e000107520020,7,7_tended herd_servant_plow_shepherd,1.0
e000114860001,7,7_tended herd_servant_plow_shepherd,1.0
e000114870005,0,0_spirit_flowers_maiden_wind,0.0
e000114890011,6,6_village_skirt_autumn_bread,0.50713867
e000117870006,6,6_village_skirt_autumn_bread,1.0
e000117900013,0,0_spirit_flowers_maiden_wind,0.0
e000138150012,0,0_spirit_flowers_maiden_wind,0.0
e000151010002,7,7_tended herd_servant_plow_shepherd,0.65838784
e000151020005,6,6_village_skirt_autumn_bread,1.0
e000177600004,0,0_spirit_flowers_maiden_wind,0.0
e000221640005,3,3_servant_servants_piet_dip,0.7212797
e000410680022,7,7_tended herd_servant_plow_shepherd,1.0
e000418790000,0,0_spirit_flowers_maiden_wind,0.0
e000546790004,0,0_spirit_flowers_maiden_wind,0.0
e000583000002,0,0_spirit_flowers_maiden_wind,0.0
e000592160016,0,0_spirit_flowers_maiden_wind,0.0
e000592410001,0,0_spirit_flowers_maiden_wind,0.0
e000595280016,0,0_spirit_flowers_maiden_wind,0.0
e000598840000,0,0_spirit_flowers_maiden_wind,0.0
e000598890000,6,6_village_skirt_autumn_bread,1.0
e000615520000,0,0_spirit_flowers_maiden_wind,0.0
e000616740013,7,7_tended herd_servant_plow_shepherd,1.0
e000616830020,5,5_hwanghae_flowers_river_bloom flowers,0.5500887
e000617130021,6,6_village_skirt_autumn_bread,1.0
e000617420044,7,7_tended herd_servant_plow_shepherd,1.0
e000626080001,0,0_spirit_flowers_maiden_wind,0.0
e000683680004,0,0_spirit_flowers_maiden_wind,0.0
ea00002610024,6,6_village_skirt_autumn_bread,1.0
ea00006840004,0,0_spirit_flowers_maiden_wind,0.0
ea00006940013,0,0_spirit_flowers_maiden_wind,0.0
ea00007020020,0,0_spirit_flowers_maiden_wind,0.0
ea00009810012,6,6_village_skirt_autumn_bread,0.6637754
ekms40106200004,7,7_tended herd_servant_plow_shepherd,1.0
ekms40106350001,8,8_bride_wedding_maidens_marriage,1.0
ekms40504210007,7,7_tended herd_servant_plow_shepherd,1.0
eks010043000a,0,0_spirit_flowers_maiden_wind,0.0
eks010047000a,7,7_tended herd_servant_plow_shepherd,1.0
eks0101330010,6,6_village_skirt_autumn_bread,0.77414036
eks010143000a,6,6_village_skirt_autumn_bread,0.682918
eks0101440000,8,8_bride_wedding_maidens_marriage,0.72263813
eks2800070011,0,0_spirit_flowers_maiden_wind,0.0
ekse00140003,7,7_tended herd_servant_plow_shepherd,1.0
era200101120003,3,3_servant_servants_piet_dip,0.7523545
era200604400001,0,0_spirit_flowers_maiden_wind,0.0
era200704170050,0,0_spirit_flowers_maiden_wind,0.0
era201400340007,8,8_bride_wedding_maidens_marriage,1.0
era201400760013,0,0_spirit_flowers_maiden_wind,0.0
era201400760015,8,8_bride_wedding_maidens_marriage,1.0
era201402050002,4,4_little birds_horses_horse_poor parish,1.0
era201402390026,6,6_village_skirt_autumn_bread,0.66809857
era201402750013,8,8_bride_wedding_maidens_marriage,0.57081103
era202400980006,6,6_village_skirt_autumn_bread,1.0
era202401720009,0,0_spirit_flowers_maiden_wind,0.0
era202403010004,7,7_tended herd_servant_plow_shepherd,0.5863918
era202403760002,6,6_village_skirt_autumn_bread,1.0
era202405930028,6,6_village_skirt_autumn_bread,1.0
era202406940002,5,5_hwanghae_flowers_river_bloom flowers,1.0
era202500330001,0,0_spirit_flowers_maiden_wind,0.0
era202500370004,6,6_village_skirt_autumn_bread,1.0
era202500590022,8,8_bride_wedding_maidens_marriage,0.613055
era202500880003,0,0_spirit_flowers_maiden_wind,0.0
era202502010006,6,6_village_skirt_autumn_bread,1.0
era203500470001,8,8_bride_wedding_maidens_marriage,1.0
era203500470002,0,0_spirit_flowers_maiden_wind,0.0
era203500980001,6,6_village_skirt_autumn_bread,0.66809857
era204101490009,0,0_spirit_flowers_maiden_wind,0.0
era20420245000a,0,0_spirit_flowers_maiden_wind,0.0
era208403860009,8,8_bride_wedding_maidens_marriage,1.0
era208403860010,8,8_bride_wedding_maidens_marriage,0.6398603
era212005340023,6,6_village_skirt_autumn_bread,1.0
era21220153,6,6_village_skirt_autumn_bread,1.0
era212202530022,6,6_village_skirt_autumn_bread,1.0
era213103570098,0,0_spirit_flowers_maiden_wind,0.0
era217201730002,0,0_spirit_flowers_maiden_wind,0.0
era217201940013,6,6_village_skirt_autumn_bread,1.0
era217906240004,0,0_spirit_flowers_maiden_wind,0.0
estk2701090003,6,6_village_skirt_autumn_bread,0.7330287
estk3701720010,6,6_village_skirt_autumn_bread,1.0
estk3701920042,0,0_spirit_flowers_maiden_wind,0.0
estk4000060008,0,0_spirit_flowers_maiden_wind,0.0
estk4000060009,0,0_spirit_flowers_maiden_wind,0.0
estk4000410070,6,6_village_skirt_autumn_bread,1.0
estk4001130159,0,0_spirit_flowers_maiden_wind,0.0
estk4001690015,0,0_spirit_flowers_maiden_wind,0.0
eys0210300011,7,7_tended herd_servant_plow_shepherd,1.0
eys0210310013,7,7_tended herd_servant_plow_shepherd,1.0
eys0210320014,3,3_servant_servants_piet_dip,0.75264
eys0210340017,6,6_village_skirt_autumn_bread,1.0
eys0210340018,0,0_spirit_flowers_maiden_wind,0.0
eys0210340019,0,0_spirit_flowers_maiden_wind,0.0
eys0505970008,6,6_village_skirt_autumn_bread,1.0
eys0505980009,0,0_spirit_flowers_maiden_wind,0.0
eys0505990010,0,0_spirit_flowers_maiden_wind,0.0
eys0506030019,0,0_spirit_flowers_maiden_wind,0.0
eys0506100027,0,0_spirit_flowers_maiden_wind,0.0
eys0506320062,8,8_bride_wedding_maidens_marriage,0.6718706
eys0506590093,0,0_spirit_flowers_maiden_wind,0.0
eys050659093b,0,0_spirit_flowers_maiden_wind,0.0
eys0507150172,0,0_spirit_flowers_maiden_wind,0.0
eys0610830256,3,3_servant_servants_piet_dip,0.9179684
eys0613830034,6,6_village_skirt_autumn_bread,0.5113603
eys0614080064,0,0_spirit_flowers_maiden_wind,0.0
eys0614090067,8,8_bride_wedding_maidens_marriage,0.6341372
eys0614150077,0,0_spirit_flowers_maiden_wind,0.0
eys0614350102,0,0_spirit_flowers_maiden_wind,0.0
eys0614810174,6,6_village_skirt_autumn_bread,1.0
eys0615040227,0,0_spirit_flowers_maiden_wind,0.0
eys0615130250,0,0_spirit_flowers_maiden_wind,0.0
eys0615690323,0,0_spirit_flowers_maiden_wind,0.0
eys0615690324,0,0_spirit_flowers_maiden_wind,0.0
eys0616080029,0,0_spirit_flowers_maiden_wind,0.0
eys0616180045,0,0_spirit_flowers_maiden_wind,0.0
eys0616440087,0,0_spirit_flowers_maiden_wind,0.0
eys0616550102,6,6_village_skirt_autumn_bread,1.0
eys0616820133,0,0_spirit_flowers_maiden_wind,0.0
eys0616830134,0,0_spirit_flowers_maiden_wind,0.0
eys0616930152,6,6_village_skirt_autumn_bread,0.61381143
eys0616980158,6,6_village_skirt_autumn_bread,1.0
eys0617250204,6,6_village_skirt_autumn_bread,1.0
eys0617420229,0,0_spirit_flowers_maiden_wind,0.0
eys0617510247,0,0_spirit_flowers_maiden_wind,0.0
eys0617670270,7,7_tended herd_servant_plow_shepherd,0.6842093
eys0617720280,0,0_spirit_flowers_maiden_wind,0.0
eys0706520001,7,7_tended herd_servant_plow_shepherd,1.0
eys0706570012,0,0_spirit_flowers_maiden_wind,0.0
eys0706570013,0,0_spirit_flowers_maiden_wind,0.0
eys0706590017,6,6_village_skirt_autumn_bread,1.0
eys0706600018,0,0_spirit_flowers_maiden_wind,0.0
eys0706620024,3,3_servant_servants_piet_dip,1.0
eys0706650028,0,0_spirit_flowers_maiden_wind,0.0
eys0706740044,0,0_spirit_flowers_maiden_wind,0.0
eys0706980083,0,0_spirit_flowers_maiden_wind,0.0
eys0707460024,0,0_spirit_flowers_maiden_wind,0.0
eys070748029b,0,0_spirit_flowers_maiden_wind,0.0
eys0715570052,6,6_village_skirt_autumn_bread,1.0
eys0715610061,0,0_spirit_flowers_maiden_wind,0.0
eys0715710079,0,0_spirit_flowers_maiden_wind,0.0
eys0716060124,0,0_spirit_flowers_maiden_wind,0.0
eys0716340168,0,0_spirit_flowers_maiden_wind,0.0
eys0716410179,7,7_tended herd_servant_plow_shepherd,1.0
eys0716420182,0,0_spirit_flowers_maiden_wind,0.0
eys0716460187,6,6_village_skirt_autumn_bread,0.9263214
eys0716510197,0,0_spirit_flowers_maiden_wind,0.0
eys0716780235,6,6_village_skirt_autumn_bread,1.0
eys0717030284,5,5_hwanghae_flowers_river_bloom flowers,1.0
eys0717110299,0,0_spirit_flowers_maiden_wind,0.0
eys0717120302,0,0_spirit_flowers_maiden_wind,0.0
eys0717150310,0,0_spirit_flowers_maiden_wind,0.0
eys0717150311,0,0_spirit_flowers_maiden_wind,0.0
eys0717170314,5,5_hwanghae_flowers_river_bloom flowers,1.0
eys0717450345,0,0_spirit_flowers_maiden_wind,0.0
eys0717470351,6,6_village_skirt_autumn_bread,0.7595016
eys0717490356,0,0_spirit_flowers_maiden_wind,0.0
eys0717510360,0,0_spirit_flowers_maiden_wind,0.0
eys0717740397,7,7_tended herd_servant_plow_shepherd,1.0
eys0719440153,7,7_tended herd_servant_plow_shepherd,1.0
eys0723110087,7,7_tended herd_servant_plow_shepherd,1.0
eys0723250120,6,6_village_skirt_autumn_bread,1.0
eys0723340132,0,0_spirit_flowers_maiden_wind,0.0
eys0723420142,7,7_tended herd_servant_plow_shepherd,1.0
eys0723520154,6,6_village_skirt_autumn_bread,1.0
eys0723540158,6,6_village_skirt_autumn_bread,1.0
eys0723660177,6,6_village_skirt_autumn_bread,1.0
eys0723810215,7,7_tended herd_servant_plow_shepherd,0.54060966
eys0723850222,6,6_village_skirt_autumn_bread,0.41685605
eys0723870226,7,7_tended herd_servant_plow_shepherd,1.0
eys0724070275,0,0_spirit_flowers_maiden_wind,0.0
eys0724100286,7,7_tended herd_servant_plow_shepherd,0.5551558
eys0724200305,0,0_spirit_flowers_maiden_wind,0.0
eys0724290330,0,0_spirit_flowers_maiden_wind,0.0
eys0724520388,6,6_village_skirt_autumn_bread,1.0
eys0724570395,0,0_spirit_flowers_maiden_wind,0.0
eys0724960462,0,0_spirit_flowers_maiden_wind,0.0
eys0725000467,0,0_spirit_flowers_maiden_wind,0.0
eys0725050475,0,0_spirit_flowers_maiden_wind,0.0
eys0725110485,0,0_spirit_flowers_maiden_wind,0.0
eys0725130488,7,7_tended herd_servant_plow_shepherd,1.0
eys0725200501,0,0_spirit_flowers_maiden_wind,0.0
eys0805130145,0,0_spirit_flowers_maiden_wind,0.0
eys0805550043,6,6_village_skirt_autumn_bread,1.0
eys0805600063,0,0_spirit_flowers_maiden_wind,0.0
eys0805630070,6,6_village_skirt_autumn_bread,1.0
eys0805990122,0,0_spirit_flowers_maiden_wind,0.0
eys0806200154,6,6_village_skirt_autumn_bread,0.5201701
eys0806290167,3,3_servant_servants_piet_dip,1.0
eys0806300168,0,0_spirit_flowers_maiden_wind,0.0
eys0806310170,7,7_tended herd_servant_plow_shepherd,0.83224267
eys0806490205,7,7_tended herd_servant_plow_shepherd,0.6532451
eys0806490206,0,0_spirit_flowers_maiden_wind,0.0
eys0806520213,0,0_spirit_flowers_maiden_wind,0.0
eys0806550220,6,6_village_skirt_autumn_bread,1.0
eys0806610230,0,0_spirit_flowers_maiden_wind,0.0
eys0806800255,7,7_tended herd_servant_plow_shepherd,0.83342314
eys0806900272,8,8_bride_wedding_maidens_marriage,1.0
eys0807270309,0,0_spirit_flowers_maiden_wind,0.0
eys0807440343,7,7_tended herd_servant_plow_shepherd,1.0
eys0807520354,0,0_spirit_flowers_maiden_wind,0.0
eys0807650374,6,6_village_skirt_autumn_bread,1.0
eys0807780389,0,0_spirit_flowers_maiden_wind,0.0
eys0808780547,0,0_spirit_flowers_maiden_wind,0.0
eys0811580021,0,0_spirit_flowers_maiden_wind,0.0
eys0811620027,0,0_spirit_flowers_maiden_wind,0.0
eys0900860079,0,0_spirit_flowers_maiden_wind,0.0
eys0901080107,0,0_spirit_flowers_maiden_wind,0.0
eys0909540017,0,0_spirit_flowers_maiden_wind,0.0
eys0909610027,0,0_spirit_flowers_maiden_wind,0.0
eys0909880070,0,0_spirit_flowers_maiden_wind,0.0
eys0910000087,0,0_spirit_flowers_maiden_wind,0.0
eys0910010089,3,3_servant_servants_piet_dip,0.834699
eys0910120106,0,0_spirit_flowers_maiden_wind,0.0
eys0910160117,8,8_bride_wedding_maidens_marriage,1.0
eys0910570170,0,0_spirit_flowers_maiden_wind,0.0
eys1022480030,6,6_village_skirt_autumn_bread,1.0
eys1022650064,0,0_spirit_flowers_maiden_wind,0.0
eys1022960112,6,6_village_skirt_autumn_bread,0.6095077
eys1022990119,6,6_village_skirt_autumn_bread,1.0
eys1023170146,0,0_spirit_flowers_maiden_wind,0.0
eys1023280165,6,6_village_skirt_autumn_bread,0.61308277
eys1023490179,7,7_tended herd_servant_plow_shepherd,1.0
eys1023680197,0,0_spirit_flowers_maiden_wind,0.0
eys1023700200,8,8_bride_wedding_maidens_marriage,1.0
eys1025690027,7,7_tended herd_servant_plow_shepherd,0.512824
eys1025750037,7,7_tended herd_servant_plow_shepherd,1.0
eys1026710223,0,0_spirit_flowers_maiden_wind,0.0
eys1029070087,7,7_tended herd_servant_plow_shepherd,0.93380034
eys1107630340,8,8_bride_wedding_maidens_marriage,1.0
h10101400005,0,0_spirit_flowers_maiden_wind,0.0
h10101420008,0,0_spirit_flowers_maiden_wind,0.0
h10101530030,8,8_bride_wedding_maidens_marriage,0.5111486
h10101560038,0,0_spirit_flowers_maiden_wind,0.0
h10101910019,8,8_bride_wedding_maidens_marriage,0.7993487
h10101940022,0,0_spirit_flowers_maiden_wind,0.0
h10101960029,7,7_tended herd_servant_plow_shepherd,1.0
h10101970030,0,0_spirit_flowers_maiden_wind,0.0
h10102050044,0,0_spirit_flowers_maiden_wind,0.0
h10102100054,6,6_village_skirt_autumn_bread,1.0
h10102190071,7,7_tended herd_servant_plow_shepherd,0.8768084
h10102250081,6,6_village_skirt_autumn_bread,0.6714569
h10102370110,0,0_spirit_flowers_maiden_wind,0.0
h10102380111,0,0_spirit_flowers_maiden_wind,0.0
h10102550145,7,7_tended herd_servant_plow_shepherd,0.6905794
h10102650166,7,7_tended herd_servant_plow_shepherd,0.6994931
h10700320008,0,0_spirit_flowers_maiden_wind,0.0
h10700360017,0,0_spirit_flowers_maiden_wind,0.0
h10700450035,4,4_little birds_horses_horse_poor parish,0.6602848
h10700540049,0,0_spirit_flowers_maiden_wind,0.0
h10700700073,6,6_village_skirt_autumn_bread,1.0
h20101430203,0,0_spirit_flowers_maiden_wind,0.0
h20106550848,0,0_spirit_flowers_maiden_wind,0.0
h21005350310,6,6_village_skirt_autumn_bread,1.0
h21300070001,8,8_bride_wedding_maidens_marriage,1.0
h21300220015,8,8_bride_wedding_maidens_marriage,1.0
h21300360006,0,0_spirit_flowers_maiden_wind,0.0
h21300960044,6,6_village_skirt_autumn_bread,1.0
h21301340029,0,0_spirit_flowers_maiden_wind,0.0
h21301890014,5,5_hwanghae_flowers_river_bloom flowers,1.0
h21302100037,3,3_servant_servants_piet_dip,0.6445714
h21302600026,8,8_bride_wedding_maidens_marriage,1.0
h21302640030,0,0_spirit_flowers_maiden_wind,0.0
h21302650031,6,6_village_skirt_autumn_bread,1.0
h21302670034,7,7_tended herd_servant_plow_shepherd,1.0
h21303450009,7,7_tended herd_servant_plow_shepherd,1.0
h21303470012,0,0_spirit_flowers_maiden_wind,0.0
h21303590001,8,8_bride_wedding_maidens_marriage,1.0
h21305060017,0,0_spirit_flowers_maiden_wind,0.0
h21305250032,7,7_tended herd_servant_plow_shepherd,1.0
h21305430053,6,6_village_skirt_autumn_bread,0.67763174
h21305860007,8,8_bride_wedding_maidens_marriage,0.6011079
h21307570016,6,6_village_skirt_autumn_bread,1.0
h21400120009,0,0_spirit_flowers_maiden_wind,0.0
h21400170020,7,7_tended herd_servant_plow_shepherd,1.0
h21400340044,6,6_village_skirt_autumn_bread,1.0
h21400450061,6,6_village_skirt_autumn_bread,1.0
h21400480066,0,0_spirit_flowers_maiden_wind,0.0
h21400650082,6,6_village_skirt_autumn_bread,1.0
h21400660085,0,0_spirit_flowers_maiden_wind,0.0
h21400680087,0,0_spirit_flowers_maiden_wind,0.0
h21400710090,6,6_village_skirt_autumn_bread,1.0
h21400730092,8,8_bride_wedding_maidens_marriage,1.0
h21401370009,0,0_spirit_flowers_maiden_wind,0.0
h21401390011,8,8_bride_wedding_maidens_marriage,0.84959185
h21402620004,7,7_tended herd_servant_plow_shepherd,0.5765887
h21402700010,0,0_spirit_flowers_maiden_wind,0.0
h21403130012,5,5_hwanghae_flowers_river_bloom flowers,1.0
h21403710001,5,5_hwanghae_flowers_river_bloom flowers,1.0
h21403800006,0,0_spirit_flowers_maiden_wind,0.0
h21403840009,8,8_bride_wedding_maidens_marriage,1.0
h21403990002,0,0_spirit_flowers_maiden_wind,0.0
h21404070010,0,0_spirit_flowers_maiden_wind,0.0
h21404390001,0,0_spirit_flowers_maiden_wind,0.0
h21404400003,6,6_village_skirt_autumn_bread,1.0
h21406110006,7,7_tended herd_servant_plow_shepherd,0.83655185
h21406120000,8,8_bride_wedding_maidens_marriage,0.550358
h21406300007,7,7_tended herd_servant_plow_shepherd,0.6035053
h22609120009,0,0_spirit_flowers_maiden_wind,0.0
h23806830008,8,8_bride_wedding_maidens_marriage,0.6670486
h23807080103,8,8_bride_wedding_maidens_marriage,0.80958855
h23807430008,6,6_village_skirt_autumn_bread,1.0
h24607760001,3,3_servant_servants_piet_dip,1.0
h24607780005,0,0_spirit_flowers_maiden_wind,0.0
h24607850014,0,0_spirit_flowers_maiden_wind,0.0
h24608080016,8,8_bride_wedding_maidens_marriage,1.0
h25705920003,7,7_tended herd_servant_plow_shepherd,1.0
h25706200002,6,6_village_skirt_autumn_bread,0.5016126
h25706270009,7,7_tended herd_servant_plow_shepherd,0.5106641
h25706290013,6,6_village_skirt_autumn_bread,1.0
h25706310014,0,0_spirit_flowers_maiden_wind,0.0
h25706330019,8,8_bride_wedding_maidens_marriage,0.5984509
h25706400026,5,5_hwanghae_flowers_river_bloom flowers,0.5019842
h25706420028,0,0_spirit_flowers_maiden_wind,0.0
h2570647031h,0,0_spirit_flowers_maiden_wind,0.0
h26502380002,0,0_spirit_flowers_maiden_wind,0.0
h26502700007,6,6_village_skirt_autumn_bread,1.0
h26503350007,7,7_tended herd_servant_plow_shepherd,0.52196646
h26804950012,8,8_bride_wedding_maidens_marriage,0.7202527
h30401180005,6,6_village_skirt_autumn_bread,1.0
h30401190006,7,7_tended herd_servant_plow_shepherd,1.0
h30401240014,0,0_spirit_flowers_maiden_wind,0.0
h30402200003,8,8_bride_wedding_maidens_marriage,0.5984509
h30402390007,0,0_spirit_flowers_maiden_wind,0.0
h30402400008,0,0_spirit_flowers_maiden_wind,0.0
h30402470047,0,0_spirit_flowers_maiden_wind,0.0
h30402470048,0,0_spirit_flowers_maiden_wind,0.0
h31204610001,0,0_spirit_flowers_maiden_wind,0.0
h31701620019,0,0_spirit_flowers_maiden_wind,0.0
h31703840049,8,8_bride_wedding_maidens_marriage,0.7412456
h31707380008,5,5_hwanghae_flowers_river_bloom flowers,0.5922844
h31800780001,6,6_village_skirt_autumn_bread,0.7818152
h32302330014,0,0_spirit_flowers_maiden_wind,0.0
h32700610020,0,0_spirit_flowers_maiden_wind,0.0
h40103060004,6,6_village_skirt_autumn_bread,1.0
h40103150001,0,0_spirit_flowers_maiden_wind,0.0
h40103150002,3,3_servant_servants_piet_dip,0.7412657
h40103460002,6,6_village_skirt_autumn_bread,0.75674456
h40103670001,6,6_village_skirt_autumn_bread,0.58091027
h40103730012,0,0_spirit_flowers_maiden_wind,0.0
h40103730013,0,0_spirit_flowers_maiden_wind,0.0
h40103740014,0,0_spirit_flowers_maiden_wind,0.0
h40103810026,0,0_spirit_flowers_maiden_wind,0.0
h40103830030,3,3_servant_servants_piet_dip,0.8919413
hgrq01350001,0,0_spirit_flowers_maiden_wind,0.0
hgrq01540023,6,6_village_skirt_autumn_bread,1.0
hgrq01560024,7,7_tended herd_servant_plow_shepherd,1.0
hgrq01650036,8,8_bride_wedding_maidens_marriage,1.0
hgrq01770056,0,0_spirit_flowers_maiden_wind,0.0
hgrq01800063,6,6_village_skirt_autumn_bread,1.0
hgrq01910087,0,0_spirit_flowers_maiden_wind,0.0
hgrq01920090,0,0_spirit_flowers_maiden_wind,0.0
e000076630006,6,6_village_skirt_autumn_bread,0.71754473
e000076640007,7,7_tended herd_servant_plow_shepherd,0.5352273
e000076660010,6,6_village_skirt_autumn_bread,1.0
e000076680012,6,6_village_skirt_autumn_bread,1.0
e000076720018,0,0_spirit_flowers_maiden_wind,0.0
e000078330011,7,7_tended herd_servant_plow_shepherd,0.8537349
e000078720003,6,6_village_skirt_autumn_bread,0.3356715
e000078760010,6,6_village_skirt_autumn_bread,0.7530081
e000079440033,6,6_village_skirt_autumn_bread,1.0
e000079620003,8,8_bride_wedding_maidens_marriage,1.0
e000080800063,6,6_village_skirt_autumn_bread,1.0
e000093620043,6,6_village_skirt_autumn_bread,0.5210022
e000093950066,6,6_village_skirt_autumn_bread,1.0
e000104160016,0,0_spirit_flowers_maiden_wind,0.0
e000105610007,0,0_spirit_flowers_maiden_wind,0.0
e000117850001,0,0_spirit_flowers_maiden_wind,0.0
e000137800010,8,8_bride_wedding_maidens_marriage,1.0
e000145890003,6,6_village_skirt_autumn_bread,0.8129308
e000151030006,6,6_village_skirt_autumn_bread,1.0
e000151150028,7,7_tended herd_servant_plow_shepherd,0.77710277
e000178390026,7,7_tended herd_servant_plow_shepherd,1.0
e000410670021,0,0_spirit_flowers_maiden_wind,0.0
e000536670000,7,7_tended herd_servant_plow_shepherd,0.8551795
e000592110009,0,0_spirit_flowers_maiden_wind,0.0
e000615500000,6,6_village_skirt_autumn_bread,0.5201595
e000617340037,0,0_spirit_flowers_maiden_wind,0.0
e000617400042,6,6_village_skirt_autumn_bread,1.0
ea00002550020,6,6_village_skirt_autumn_bread,0.51437336
ea00002740035,6,6_village_skirt_autumn_bread,1.0
ea00009770004,0,0_spirit_flowers_maiden_wind,0.0
ea00009770005,6,6_village_skirt_autumn_bread,1.0
ea00010050005,6,6_village_skirt_autumn_bread,1.0
ea00010530001,7,7_tended herd_servant_plow_shepherd,1.0
ekms40106410009,0,0_spirit_flowers_maiden_wind,0.0
eks0100190000,0,0_spirit_flowers_maiden_wind,0.0
eks0100510000,7,7_tended herd_servant_plow_shepherd,1.0
eks010052000a,1,1_village_servant_tended herd_slave tended,0.5959734
era200l01480002,0,0_spirit_flowers_maiden_wind,0.0
era201107330005,7,7_tended herd_servant_plow_shepherd,1.0
era201400310002,0,0_spirit_flowers_maiden_wind,0.0
era201400760014,0,0_spirit_flowers_maiden_wind,0.0
era201402250014,0,0_spirit_flowers_maiden_wind,0.0
era201402850023,0,0_spirit_flowers_maiden_wind,0.0
era202400990008,0,0_spirit_flowers_maiden_wind,0.0
era202403470001,0,0_spirit_flowers_maiden_wind,0.0
era202406970005,0,0_spirit_flowers_maiden_wind,0.0
era202500570021,0,0_spirit_flowers_maiden_wind,0.0
era202500890004,0,0_spirit_flowers_maiden_wind,0.0
era203000620002,6,6_village_skirt_autumn_bread,1.0
era205705570031,0,0_spirit_flowers_maiden_wind,0.0
era20840384005a,0,0_spirit_flowers_maiden_wind,0.0
era20840384005b,0,0_spirit_flowers_maiden_wind,0.0
erm13300070014,0,0_spirit_flowers_maiden_wind,0.0
erm13900870005,6,6_village_skirt_autumn_bread,1.0
erm9400070000,0,0_spirit_flowers_maiden_wind,0.0
erm9400090000,0,0_spirit_flowers_maiden_wind,0.0
estk3701700009,7,7_tended herd_servant_plow_shepherd,1.0
eys0210290010,0,0_spirit_flowers_maiden_wind,0.0
eys0506570089,0,0_spirit_flowers_maiden_wind,0.0
eys0506890135,6,6_village_skirt_autumn_bread,0.75472003
eys0507140169,0,0_spirit_flowers_maiden_wind,0.0
eys0610700231,6,6_village_skirt_autumn_bread,1.0
eys0610710232,0,0_spirit_flowers_maiden_wind,0.0
eys0613750027,7,7_tended herd_servant_plow_shepherd,1.0
eys0614180080,6,6_village_skirt_autumn_bread,1.0
eys0614240089,7,7_tended herd_servant_plow_shepherd,1.0
eys0614480130,0,0_spirit_flowers_maiden_wind,0.0
eys0614540139,6,6_village_skirt_autumn_bread,1.0
eys0614570142,0,0_spirit_flowers_maiden_wind,0.0
eys0614810176,0,0_spirit_flowers_maiden_wind,0.0
eys0614820178,0,0_spirit_flowers_maiden_wind,0.0
eys0615400288,1,1_village_servant_tended herd_slave tended,0.7650503
eys0616880144,0,0_spirit_flowers_maiden_wind,0.0
eys0617000163,6,6_village_skirt_autumn_bread,1.0
eys0617070174,0,0_spirit_flowers_maiden_wind,0.0
eys0618000318,0,0_spirit_flowers_maiden_wind,0.0
eys0706880066,6,6_village_skirt_autumn_bread,1.0
eys0706890067,6,6_village_skirt_autumn_bread,0.8833539
eys0706920072,0,0_spirit_flowers_maiden_wind,0.0
eys0707480029,0,0_spirit_flowers_maiden_wind,0.0
eys0707520037,0,0_spirit_flowers_maiden_wind,0.0
eys0715350013,6,6_village_skirt_autumn_bread,1.0
eys0715620064,7,7_tended herd_servant_plow_shepherd,1.0
eys0715940114,6,6_village_skirt_autumn_bread,0.8128602
eys0716310164,8,8_bride_wedding_maidens_marriage,1.0
eys0716350170,0,0_spirit_flowers_maiden_wind,0.0
eys0716380174,1,1_village_servant_tended herd_slave tended,1.0
eys0716590211,6,6_village_skirt_autumn_bread,1.0
eys0716740229,0,0_spirit_flowers_maiden_wind,0.0
eys0716980270,0,0_spirit_flowers_maiden_wind,0.0
eys0717320332,0,0_spirit_flowers_maiden_wind,0.0
eys0722810023,1,1_village_servant_tended herd_slave tended,1.0
eys0722900039,0,0_spirit_flowers_maiden_wind,0.0
eys0723790205,8,8_bride_wedding_maidens_marriage,1.0
eys0723830216,0,0_spirit_flowers_maiden_wind,0.0
eys0723910231,0,0_spirit_flowers_maiden_wind,0.0
eys0724180303,6,6_village_skirt_autumn_bread,1.0
eys0724320339,0,0_spirit_flowers_maiden_wind,0.0
eys0724430370,0,0_spirit_flowers_maiden_wind,0.0
eys0724550392,1,1_village_servant_tended herd_slave tended,0.60149395
eys0724610401,1,1_village_servant_tended herd_slave tended,0.6889801
eys0724640413,0,0_spirit_flowers_maiden_wind,0.0
eys0724670421,7,7_tended herd_servant_plow_shepherd,0.80175334
eys0724720430,6,6_village_skirt_autumn_bread,1.0
eys0725040473,6,6_village_skirt_autumn_bread,1.0
eys0805630071,0,0_spirit_flowers_maiden_wind,0.0
eys0805820097,8,8_bride_wedding_maidens_marriage,1.0
eys0806140147,0,0_spirit_flowers_maiden_wind,0.0
eys0806630231,0,0_spirit_flowers_maiden_wind,0.0
eys0806670238,0,0_spirit_flowers_maiden_wind,0.0
eys0806720244,8,8_bride_wedding_maidens_marriage,1.0
eys0806940278,7,7_tended herd_servant_plow_shepherd,0.7773605
eys0807230300,0,0_spirit_flowers_maiden_wind,0.0
eys0807290315,0,0_spirit_flowers_maiden_wind,0.0
eys0807500350,3,3_servant_servants_piet_dip,0.7130088
eys0808760543,0,0_spirit_flowers_maiden_wind,0.0
eys0808800551,0,0_spirit_flowers_maiden_wind,0.0
eys0811820062,6,6_village_skirt_autumn_bread,0.5908099
eys0900710062,6,6_village_skirt_autumn_bread,1.0
eys0903500120,0,0_spirit_flowers_maiden_wind,0.0
eys0909680037,6,6_village_skirt_autumn_bread,1.0
eys0909770051,0,0_spirit_flowers_maiden_wind,0.0
eys0909880072,0,0_spirit_flowers_maiden_wind,0.0
eys0910180119,6,6_village_skirt_autumn_bread,1.0
eys091171156b,0,0_spirit_flowers_maiden_wind,0.0
eys1022810090,6,6_village_skirt_autumn_bread,0.6217606
eys1022910104,7,7_tended herd_servant_plow_shepherd,1.0
eys1022920107,6,6_village_skirt_autumn_bread,1.0
eys1022940109,0,0_spirit_flowers_maiden_wind,0.0
eys1022980118,7,7_tended herd_servant_plow_shepherd,1.0
eys1025730035,5,5_hwanghae_flowers_river_bloom flowers,0.647733
eys1025810049,5,5_hwanghae_flowers_river_bloom flowers,0.50870174
eys1108190008,0,0_spirit_flowers_maiden_wind,0.0
h10101440014,6,6_village_skirt_autumn_bread,1.0
h10101580043,7,7_tended herd_servant_plow_shepherd,1.0
h10101890017,6,6_village_skirt_autumn_bread,1.0
h10102610156,4,4_little birds_horses_horse_poor parish,0.65565383
h10700520047,0,0_spirit_flowers_maiden_wind,0.0
h10700530048,0,0_spirit_flowers_maiden_wind,0.0
h10700570053,0,0_spirit_flowers_maiden_wind,0.0
h10700740080,0,0_spirit_flowers_maiden_wind,0.0
h20101390197,0,0_spirit_flowers_maiden_wind,0.0
h20101400198,0,0_spirit_flowers_maiden_wind,0.0
h20101410199,0,0_spirit_flowers_maiden_wind,0.0
h20102690398,0,0_spirit_flowers_maiden_wind,0.0
h20106520839,5,5_hwanghae_flowers_river_bloom flowers,0.895304
h21005110285,0,0_spirit_flowers_maiden_wind,0.0
h21005120286,7,7_tended herd_servant_plow_shepherd,1.0
h21109540010,7,7_tended herd_servant_plow_shepherd,0.5035587
h21300210014,6,6_village_skirt_autumn_bread,0.8445335
h21300460019,8,8_bride_wedding_maidens_marriage,1.0
h21300500023,6,6_village_skirt_autumn_bread,0.5032766
h21300510024,6,6_village_skirt_autumn_bread,1.0
h21300640003,6,6_village_skirt_autumn_bread,0.3817989
h21300700010,0,0_spirit_flowers_maiden_wind,0.0
h21301010050,0,0_spirit_flowers_maiden_wind,0.0
h21301190007,0,0_spirit_flowers_maiden_wind,0.0
h21301880013,0,0_spirit_flowers_maiden_wind,0.0
h21303650012,6,6_village_skirt_autumn_bread,1.0
h21304280002,0,0_spirit_flowers_maiden_wind,0.0
h21305320039,6,6_village_skirt_autumn_bread,0.74562156
h21305420052,0,0_spirit_flowers_maiden_wind,0.0
h21305960017,7,7_tended herd_servant_plow_shepherd,0.67205936
h21306130012,6,6_village_skirt_autumn_bread,0.67551154
h21306410017,7,7_tended herd_servant_plow_shepherd,0.52533245
h21306580016,8,8_bride_wedding_maidens_marriage,1.0
h21307560015,7,7_tended herd_servant_plow_shepherd,0.6670598
h21307700029,7,7_tended herd_servant_plow_shepherd,0.79944354
h21400230025,8,8_bride_wedding_maidens_marriage,1.0
h21400230026,0,0_spirit_flowers_maiden_wind,0.0
h21400350047,0,0_spirit_flowers_maiden_wind,0.0
h21400360048,6,6_village_skirt_autumn_bread,1.0
h21401040013,6,6_village_skirt_autumn_bread,1.0
h21401630038,0,0_spirit_flowers_maiden_wind,0.0
h21405090008,7,7_tended herd_servant_plow_shepherd,1.0
h21406290006,7,7_tended herd_servant_plow_shepherd,0.7683856
h21605770012,0,0_spirit_flowers_maiden_wind,0.0
h23700580013,0,0_spirit_flowers_maiden_wind,0.0
h24000851028,6,6_village_skirt_autumn_bread,1.0
h24000871031,7,7_tended herd_servant_plow_shepherd,1.0
h24000911037,0,0_spirit_flowers_maiden_wind,0.0
h24607930001,7,7_tended herd_servant_plow_shepherd,0.5403707
h24607960004,0,0_spirit_flowers_maiden_wind,0.0
h24608230005,7,7_tended herd_servant_plow_shepherd,0.7923756
h25401830077,0,0_spirit_flowers_maiden_wind,0.0
h25705660005,0,0_spirit_flowers_maiden_wind,0.0
h26804690019,7,7_tended herd_servant_plow_shepherd,0.51919514
h30101580009,0,0_spirit_flowers_maiden_wind,0.0
h30101640018,0,0_spirit_flowers_maiden_wind,0.0
h30302660011,0,0_spirit_flowers_maiden_wind,0.0
h30400100001,8,8_bride_wedding_maidens_marriage,1.0
h30400530005,0,0_spirit_flowers_maiden_wind,0.0
h30401530011,0,0_spirit_flowers_maiden_wind,0.0
h30401760006,7,7_tended herd_servant_plow_shepherd,1.0
h30402110001,6,6_village_skirt_autumn_bread,1.0
h31204450002,7,7_tended herd_servant_plow_shepherd,0.76023805
h31707250003,6,6_village_skirt_autumn_bread,1.0
h31800430011,0,0_spirit_flowers_maiden_wind,0.0
h32302240005,0,0_spirit_flowers_maiden_wind,0.0
h32302290011,0,0_spirit_flowers_maiden_wind,0.0
h40103080007,1,1_village_servant_tended herd_slave tended,1.0
h40103680002,6,6_village_skirt_autumn_bread,1.0
h40103860035,0,0_spirit_flowers_maiden_wind,0.0
hgrq01440011,6,6_village_skirt_autumn_bread,1.0
hgrq01660037,0,0_spirit_flowers_maiden_wind,0.0
hgrq01780058,6,6_village_skirt_autumn_bread,1.0
e000051850006,7,7_tended herd_servant_plow_shepherd,1.0
e000068520004,0,0_spirit_flowers_maiden_wind,0.0
e000071810040,7,7_tended herd_servant_plow_shepherd,1.0
e000076990011,7,7_tended herd_servant_plow_shepherd,0.58440185
e000077170020,6,6_village_skirt_autumn_bread,1.0
e000077180021,6,6_village_skirt_autumn_bread,0.590892
e000077260005,0,0_spirit_flowers_maiden_wind,0.0
e000077330006,6,6_village_skirt_autumn_bread,1.0
e000077450028,8,8_bride_wedding_maidens_marriage,0.53513616
e000077450029,6,6_village_skirt_autumn_bread,1.0
e000077680015,6,6_village_skirt_autumn_bread,1.0
e000077730005,0,0_spirit_flowers_maiden_wind,0.0
e000077790013,7,7_tended herd_servant_plow_shepherd,0.6812849
e000078280004,0,0_spirit_flowers_maiden_wind,0.0
e000078330010,8,8_bride_wedding_maidens_marriage,1.0
e000078340013,0,0_spirit_flowers_maiden_wind,0.0
e000078790002,6,6_village_skirt_autumn_bread,1.0
e000078800003,7,7_tended herd_servant_plow_shepherd,0.6616458
e000078830006,7,7_tended herd_servant_plow_shepherd,0.4532955
e000079110042,6,6_village_skirt_autumn_bread,1.0
e000079550019,7,7_tended herd_servant_plow_shepherd,0.70996505
e000079610001,6,6_village_skirt_autumn_bread,1.0
e000093610042,8,8_bride_wedding_maidens_marriage,0.71097916
e000093880059,0,0_spirit_flowers_maiden_wind,0.0
e000093940065,0,0_spirit_flowers_maiden_wind,0.0
e000107420006,6,6_village_skirt_autumn_bread,1.0
e000107460011,0,0_spirit_flowers_maiden_wind,0.0
e000107490016,4,4_little birds_horses_horse_poor parish,1.0
e000117900012,7,7_tended herd_servant_plow_shepherd,0.52034956
e000135800001,6,6_village_skirt_autumn_bread,1.0
e000138130009,0,0_spirit_flowers_maiden_wind,0.0
e000138130010,0,0_spirit_flowers_maiden_wind,0.0
e000138180020,0,0_spirit_flowers_maiden_wind,0.0
e000145690001,7,7_tended herd_servant_plow_shepherd,0.3540313
e000151050009,0,0_spirit_flowers_maiden_wind,0.0
e000151090019,0,0_spirit_flowers_maiden_wind,0.0
e000151090020,6,6_village_skirt_autumn_bread,1.0
e000164300003,0,0_spirit_flowers_maiden_wind,0.0
e000178360021,0,0_spirit_flowers_maiden_wind,0.0
e000179600003,4,4_little birds_horses_horse_poor parish,1.0
e000259270024,7,7_tended herd_servant_plow_shepherd,1.0
e000410670020,0,0_spirit_flowers_maiden_wind,0.0
e000431080000,0,0_spirit_flowers_maiden_wind,0.0
e000515020001,0,0_spirit_flowers_maiden_wind,0.0
e000518380003,8,8_bride_wedding_maidens_marriage,1.0
e000536470000,7,7_tended herd_servant_plow_shepherd,0.794405
e000536510000,6,6_village_skirt_autumn_bread,1.0
e00053662000a,0,0_spirit_flowers_maiden_wind,0.0
e000546740005,0,0_spirit_flowers_maiden_wind,0.0
e000546750006,0,0_spirit_flowers_maiden_wind,0.0
e000592280027,6,6_village_skirt_autumn_bread,0.7433095
e000595300018,0,0_spirit_flowers_maiden_wind,0.0
e00059881000a,0,0_spirit_flowers_maiden_wind,0.0
e000613850001,0,0_spirit_flowers_maiden_wind,0.0
e000617180026,0,0_spirit_flowers_maiden_wind,0.0
e000617430045,6,6_village_skirt_autumn_bread,1.0
ea00001970002,0,0_spirit_flowers_maiden_wind,0.0
ea00002040015,0,0_spirit_flowers_maiden_wind,0.0
ea00002510015,0,0_spirit_flowers_maiden_wind,0.0
ea00009900002,0,0_spirit_flowers_maiden_wind,0.0
eks010021000b,0,0_spirit_flowers_maiden_wind,0.0
eks010047000b,0,0_spirit_flowers_maiden_wind,0.0
eks2800110003,7,7_tended herd_servant_plow_shepherd,0.660253
ekse00420004,0,0_spirit_flowers_maiden_wind,0.0
era200101170002,0,0_spirit_flowers_maiden_wind,0.0
era200101460005,0,0_spirit_flowers_maiden_wind,0.0
era200101530001,0,0_spirit_flowers_maiden_wind,0.0
era201400790021,0,0_spirit_flowers_maiden_wind,0.0
era201401150050,0,0_spirit_flowers_maiden_wind,0.0
era201402250013,3,3_servant_servants_piet_dip,1.0
era201402650004,0,0_spirit_flowers_maiden_wind,0.0
era201402790016,0,0_spirit_flowers_maiden_wind,0.0
era201402790017,0,0_spirit_flowers_maiden_wind,0.0
era202300270001,0,0_spirit_flowers_maiden_wind,0.0
era202300590000,0,0_spirit_flowers_maiden_wind,0.0
era202401700008,7,7_tended herd_servant_plow_shepherd,0.8403235
era202401870001,0,0_spirit_flowers_maiden_wind,0.0
era202402190003,0,0_spirit_flowers_maiden_wind,0.0
era202402960036,3,3_servant_servants_piet_dip,1.0
era202402990001,0,0_spirit_flowers_maiden_wind,0.0
era202403450112,0,0_spirit_flowers_maiden_wind,0.0
era202403460115,0,0_spirit_flowers_maiden_wind,0.0
era202403550009,0,0_spirit_flowers_maiden_wind,0.0
era202404750003,0,0_spirit_flowers_maiden_wind,0.0
era202405880024,7,7_tended herd_servant_plow_shepherd,1.0
era202405880025,7,7_tended herd_servant_plow_shepherd,1.0
era202405900026,0,0_spirit_flowers_maiden_wind,0.0
era202406000034,0,0_spirit_flowers_maiden_wind,0.0
era202406300002,0,0_spirit_flowers_maiden_wind,0.0
era202501520008,0,0_spirit_flowers_maiden_wind,0.0
era203201690002,7,7_tended herd_servant_plow_shepherd,1.0
era203500990003,0,0_spirit_flowers_maiden_wind,0.0
era205705410014,3,3_servant_servants_piet_dip,1.0
era208403830002,0,0_spirit_flowers_maiden_wind,0.0
era208403920024,5,5_hwanghae_flowers_river_bloom flowers,0.5159473
era212201650001,0,0_spirit_flowers_maiden_wind,0.0
era213100720036,7,7_tended herd_servant_plow_shepherd,1.0
era217201520008,0,0_spirit_flowers_maiden_wind,0.0
era218305070084,0,0_spirit_flowers_maiden_wind,0.0
era218305150112,6,6_village_skirt_autumn_bread,1.0
estk2600180024,7,7_tended herd_servant_plow_shepherd,0.8279338
estk2701080002,0,0_spirit_flowers_maiden_wind,0.0
estk3701740014,0,0_spirit_flowers_maiden_wind,0.0
estk4000070010,0,0_spirit_flowers_maiden_wind,0.0
estk4000100023,0,0_spirit_flowers_maiden_wind,0.0
estk4000110024,6,6_village_skirt_autumn_bread,1.0
estk4000640099,0,0_spirit_flowers_maiden_wind,0.0
estk4000790116,6,6_village_skirt_autumn_bread,1.0
estk4000840123,0,0_spirit_flowers_maiden_wind,0.0
eys0210320015,6,6_village_skirt_autumn_bread,1.0
eys0505820046,0,0_spirit_flowers_maiden_wind,0.0
eys0506030020,6,6_village_skirt_autumn_bread,1.0
eys0506340066,5,5_hwanghae_flowers_river_bloom flowers,1.0
eys0506350067,7,7_tended herd_servant_plow_shepherd,1.0
eys0506410071,0,0_spirit_flowers_maiden_wind,0.0
eys0506960142,7,7_tended herd_servant_plow_shepherd,1.0
eys0507010150,7,7_tended herd_servant_plow_shepherd,1.0
eys050706157b,7,7_tended herd_servant_plow_shepherd,0.8574411
eys0507110163,0,0_spirit_flowers_maiden_wind,0.0
eys0507150171,7,7_tended herd_servant_plow_shepherd,0.865421
eys0507170176,8,8_bride_wedding_maidens_marriage,1.0
eys0507220184,6,6_village_skirt_autumn_bread,1.0
eys0610850260,0,0_spirit_flowers_maiden_wind,0.0
eys0611600055,0,0_spirit_flowers_maiden_wind,0.0
eys0611610056,7,7_tended herd_servant_plow_shepherd,1.0
eys0614090066,0,0_spirit_flowers_maiden_wind,0.0
eys0614380108,0,0_spirit_flowers_maiden_wind,0.0
eys0614460129,0,0_spirit_flowers_maiden_wind,0.0
eys0614590144,0,0_spirit_flowers_maiden_wind,0.0
eys0614640149,7,7_tended herd_servant_plow_shepherd,1.0
eys0614890189,0,0_spirit_flowers_maiden_wind,0.0
eys0614930195,0,0_spirit_flowers_maiden_wind,0.0
eys0615020223,5,5_hwanghae_flowers_river_bloom flowers,1.0
eys0615700327,0,0_spirit_flowers_maiden_wind,0.0
eys0615710330,0,0_spirit_flowers_maiden_wind,0.0
eys0616270064,0,0_spirit_flowers_maiden_wind,0.0
eys0616290067,0,0_spirit_flowers_maiden_wind,0.0
eys0616610110,7,7_tended herd_servant_plow_shepherd,1.0
eys0616710120,0,0_spirit_flowers_maiden_wind,0.0
eys0616760124,6,6_village_skirt_autumn_bread,1.0
eys0616770125,0,0_spirit_flowers_maiden_wind,0.0
eys0616770126,8,8_bride_wedding_maidens_marriage,1.0
eys0616900146,7,7_tended herd_servant_plow_shepherd,0.5022933
eys0617020166,7,7_tended herd_servant_plow_shepherd,0.89336395
eys0617140184,6,6_village_skirt_autumn_bread,0.64666045
eys0617360221,0,0_spirit_flowers_maiden_wind,0.0
eys0617370222,0,0_spirit_flowers_maiden_wind,0.0
eys0617450236,7,7_tended herd_servant_plow_shepherd,1.0
eys0617530249,3,3_servant_servants_piet_dip,1.0
eys0617620261,0,0_spirit_flowers_maiden_wind,0.0
eys0617730283,0,0_spirit_flowers_maiden_wind,0.0
eys0617930301,0,0_spirit_flowers_maiden_wind,0.0
eys0706630025,3,3_servant_servants_piet_dip,1.0
eys0706690035,0,0_spirit_flowers_maiden_wind,0.0
eys0706740045,0,0_spirit_flowers_maiden_wind,0.0
eys070675045b,6,6_village_skirt_autumn_bread,1.0
eys0706780052,0,0_spirit_flowers_maiden_wind,0.0
eys0706840060,8,8_bride_wedding_maidens_marriage,1.0
eys0706850061,6,6_village_skirt_autumn_bread,1.0
eys0706860062,0,0_spirit_flowers_maiden_wind,0.0
eys0707440017,6,6_village_skirt_autumn_bread,1.0
eys0708500004,3,3_servant_servants_piet_dip,0.8390921
eys0708500005,0,0_spirit_flowers_maiden_wind,0.0
eys0708510006,0,0_spirit_flowers_maiden_wind,0.0
eys0708510007,0,0_spirit_flowers_maiden_wind,0.0
eys0715300005,7,7_tended herd_servant_plow_shepherd,1.0
eys0715360014,7,7_tended herd_servant_plow_shepherd,1.0
eys0715400017,6,6_village_skirt_autumn_bread,1.0
eys0715410018,8,8_bride_wedding_maidens_marriage,1.0
eys0715460026,0,0_spirit_flowers_maiden_wind,0.0
eys0715470030,6,6_village_skirt_autumn_bread,1.0
eys0715520040,0,0_spirit_flowers_maiden_wind,0.0
eys0715820097,0,0_spirit_flowers_maiden_wind,0.0
eys0715850103,0,0_spirit_flowers_maiden_wind,0.0
eys0716080128,7,7_tended herd_servant_plow_shepherd,1.0
eys0716080129,0,0_spirit_flowers_maiden_wind,0.0
eys0716080130,0,0_spirit_flowers_maiden_wind,0.0
eys0716150144,6,6_village_skirt_autumn_bread,0.5812562
eys0716420183,0,0_spirit_flowers_maiden_wind,0.0
eys0716490193,0,0_spirit_flowers_maiden_wind,0.0
eys0716500195,6,6_village_skirt_autumn_bread,1.0
eys0716790237,0,0_spirit_flowers_maiden_wind,0.0
eys0716840247,0,0_spirit_flowers_maiden_wind,0.0
eys0716880253,0,0_spirit_flowers_maiden_wind,0.0
eys0716900254,0,0_spirit_flowers_maiden_wind,0.0
eys0716900255,3,3_servant_servants_piet_dip,0.55622023
eys0716970267,0,0_spirit_flowers_maiden_wind,0.0
eys0717010277,7,7_tended herd_servant_plow_shepherd,0.5292242
eys0717040287,8,8_bride_wedding_maidens_marriage,1.0
eys0717060290,7,7_tended herd_servant_plow_shepherd,1.0
eys0717100298,0,0_spirit_flowers_maiden_wind,0.0
eys0717500357,0,0_spirit_flowers_maiden_wind,0.0
eys0717520362,0,0_spirit_flowers_maiden_wind,0.0
eys0717590381,0,0_spirit_flowers_maiden_wind,0.0
eys0717710394,7,7_tended herd_servant_plow_shepherd,0.51657957
eys0717770400,0,0_spirit_flowers_maiden_wind,0.0
eys0718340011,6,6_village_skirt_autumn_bread,1.0
eys0722770015,0,0_spirit_flowers_maiden_wind,0.0
eys0722810024,0,0_spirit_flowers_maiden_wind,0.0
eys0722870032,0,0_spirit_flowers_maiden_wind,0.0
eys0722900038,3,3_servant_servants_piet_dip,1.0
eys0723040065,0,0_spirit_flowers_maiden_wind,0.0
eys0723260123,0,0_spirit_flowers_maiden_wind,0.0
eys0723270124,0,0_spirit_flowers_maiden_wind,0.0
eys0723390136,0,0_spirit_flowers_maiden_wind,0.0
eys0723640173,0,0_spirit_flowers_maiden_wind,0.0
eys0723650176,8,8_bride_wedding_maidens_marriage,1.0
eys0723920234,0,0_spirit_flowers_maiden_wind,0.0
eys0724140291,0,0_spirit_flowers_maiden_wind,0.0
eys0724150294,0,0_spirit_flowers_maiden_wind,0.0
eys0724230311,0,0_spirit_flowers_maiden_wind,0.0
eys0724230312,7,7_tended herd_servant_plow_shepherd,1.0
eys0724230314,0,0_spirit_flowers_maiden_wind,0.0
eys072425315f,0,0_spirit_flowers_maiden_wind,0.0
eys0724270322,0,0_spirit_flowers_maiden_wind,0.0
eys0724530389,0,0_spirit_flowers_maiden_wind,0.0
eys0724530390,0,0_spirit_flowers_maiden_wind,0.0
eys0724620404,0,0_spirit_flowers_maiden_wind,0.0
eys0724660419,0,0_spirit_flowers_maiden_wind,0.0
eys0724730432,6,6_village_skirt_autumn_bread,1.0
eys0724740434,5,5_hwanghae_flowers_river_bloom flowers,1.0
eys0724960461,0,0_spirit_flowers_maiden_wind,0.0
eys0724990466,0,0_spirit_flowers_maiden_wind,0.0
eys0725050474,3,3_servant_servants_piet_dip,1.0
eys0804210158,0,0_spirit_flowers_maiden_wind,0.0
eys0805640073,0,0_spirit_flowers_maiden_wind,0.0
eys0806100139,0,0_spirit_flowers_maiden_wind,0.0
eys0806220156,0,0_spirit_flowers_maiden_wind,0.0
eys0806380184,0,0_spirit_flowers_maiden_wind,0.0
eys0806460199,0,0_spirit_flowers_maiden_wind,0.0
eys0806500207,6,6_village_skirt_autumn_bread,1.0
eys0806970284,7,7_tended herd_servant_plow_shepherd,1.0
eys0807240304,7,7_tended herd_servant_plow_shepherd,1.0
eys0807510353,7,7_tended herd_servant_plow_shepherd,0.9288382
eys0807620367,0,0_spirit_flowers_maiden_wind,0.0
eys0807670376,4,4_little birds_horses_horse_poor parish,0.6457552
eys0807770388,7,7_tended herd_servant_plow_shepherd,1.0
eys0807980418,0,0_spirit_flowers_maiden_wind,0.0
eys0808060430,7,7_tended herd_servant_plow_shepherd,1.0
eys0808140446,6,6_village_skirt_autumn_bread,1.0
eys0808400487,6,6_village_skirt_autumn_bread,1.0
eys0808430493,6,6_village_skirt_autumn_bread,1.0
eys0811590023,0,0_spirit_flowers_maiden_wind,0.0
eys0811630029,0,0_spirit_flowers_maiden_wind,0.0
eys0900800072,6,6_village_skirt_autumn_bread,1.0
eys090085077c,0,0_spirit_flowers_maiden_wind,0.0
eys0909590024,0,0_spirit_flowers_maiden_wind,0.0
eys0909630031,6,6_village_skirt_autumn_bread,1.0
eys0909690039,3,3_servant_servants_piet_dip,0.63477165
eys0909790055,0,0_spirit_flowers_maiden_wind,0.0
eys0909800057,7,7_tended herd_servant_plow_shepherd,1.0
eys0909880071,0,0_spirit_flowers_maiden_wind,0.0
eys0909990086,8,8_bride_wedding_maidens_marriage,1.0
eys0910090099,7,7_tended herd_servant_plow_shepherd,1.0
eys0910160115,0,0_spirit_flowers_maiden_wind,0.0
eys0910180120,0,0_spirit_flowers_maiden_wind,0.0
eys0910310136,0,0_spirit_flowers_maiden_wind,0.0
eys0910480159,0,0_spirit_flowers_maiden_wind,0.0
eys0910520165,8,8_bride_wedding_maidens_marriage,1.0
eys0911700153,0,0_spirit_flowers_maiden_wind,0.0
eys0911700155,0,0_spirit_flowers_maiden_wind,0.0
eys1022420014,0,0_spirit_flowers_maiden_wind,0.0
eys1022440019,0,0_spirit_flowers_maiden_wind,0.0
eys1022470027,0,0_spirit_flowers_maiden_wind,0.0
eys1022560044,0,0_spirit_flowers_maiden_wind,0.0
eys1023200149,0,0_spirit_flowers_maiden_wind,0.0
eys1023240157,4,4_little birds_horses_horse_poor parish,0.6497857
eys1023460176,3,3_servant_servants_piet_dip,1.0
eys1023730205,7,7_tended herd_servant_plow_shepherd,0.5726668
eys1025760038,0,0_spirit_flowers_maiden_wind,0.0
eys1026690218,7,7_tended herd_servant_plow_shepherd,1.0
eys1026730227,0,0_spirit_flowers_maiden_wind,0.0
eys1026730228,0,0_spirit_flowers_maiden_wind,0.0
eys1026730229,0,0_spirit_flowers_maiden_wind,0.0
eys1026730230,6,6_village_skirt_autumn_bread,1.0
eys1029030073,7,7_tended herd_servant_plow_shepherd,1.0
h10101240002,7,7_tended herd_servant_plow_shepherd,1.0
h10101530032,7,7_tended herd_servant_plow_shepherd,1.0
h10102010036,7,7_tended herd_servant_plow_shepherd,1.0
h10102090053,7,7_tended herd_servant_plow_shepherd,1.0
h10102120057,0,0_spirit_flowers_maiden_wind,0.0
h10102190069,7,7_tended herd_servant_plow_shepherd,1.0
h10102260084,0,0_spirit_flowers_maiden_wind,0.0
h10102260086,6,6_village_skirt_autumn_bread,0.39122513
h10102450126,7,7_tended herd_servant_plow_shepherd,1.0
h10102570148,0,0_spirit_flowers_maiden_wind,0.0
h10102630162,0,0_spirit_flowers_maiden_wind,0.0
h10700360016,0,0_spirit_flowers_maiden_wind,0.0
h10700380021,0,0_spirit_flowers_maiden_wind,0.0
h10700430032,0,0_spirit_flowers_maiden_wind,0.0
h10700580055,8,8_bride_wedding_maidens_marriage,0.83907914
h20102670394,0,0_spirit_flowers_maiden_wind,0.0
h20102730403,6,6_village_skirt_autumn_bread,1.0
h21005360311,7,7_tended herd_servant_plow_shepherd,1.0
h21109510005,7,7_tended herd_servant_plow_shepherd,1.0
h21109530008,6,6_village_skirt_autumn_bread,1.0
h21300330003,0,0_spirit_flowers_maiden_wind,0.0
h21300440016,7,7_tended herd_servant_plow_shepherd,1.0
h21300480022,7,7_tended herd_servant_plow_shepherd,1.0
h21300580031,0,0_spirit_flowers_maiden_wind,0.0
h21300590032,0,0_spirit_flowers_maiden_wind,0.0
h21300590033,0,0_spirit_flowers_maiden_wind,0.0
h21300930039,0,0_spirit_flowers_maiden_wind,0.0
h21301120066,6,6_village_skirt_autumn_bread,1.0
h21301160003,0,0_spirit_flowers_maiden_wind,0.0
h21301230013,6,6_village_skirt_autumn_bread,1.0
h21301940019,0,0_spirit_flowers_maiden_wind,0.0
h21301990025,7,7_tended herd_servant_plow_shepherd,1.0
h21302030031,6,6_village_skirt_autumn_bread,1.0
h21302660033,0,0_spirit_flowers_maiden_wind,0.0
h21302860001,0,0_spirit_flowers_maiden_wind,0.0
h21302870003,0,0_spirit_flowers_maiden_wind,0.0
h21303380011,0,0_spirit_flowers_maiden_wind,0.0
h21303460011,6,6_village_skirt_autumn_bread,1.0
h21305210029,0,0_spirit_flowers_maiden_wind,0.0
h21305420051,5,5_hwanghae_flowers_river_bloom flowers,1.0
h21305460056,6,6_village_skirt_autumn_bread,1.0
h21305520061,6,6_village_skirt_autumn_bread,1.0
h21305520062,0,0_spirit_flowers_maiden_wind,0.0
h21305540065,7,7_tended herd_servant_plow_shepherd,1.0
h21306020002,6,6_village_skirt_autumn_bread,0.6846043
h21306350002,0,0_spirit_flowers_maiden_wind,0.0
h21306430021,7,7_tended herd_servant_plow_shepherd,1.0
h21306460031,6,6_village_skirt_autumn_bread,0.6657361
h21306510001,0,0_spirit_flowers_maiden_wind,0.0
h21307600020,6,6_village_skirt_autumn_bread,1.0
h21307670025,0,0_spirit_flowers_maiden_wind,0.0
h21400170019,0,0_spirit_flowers_maiden_wind,0.0
h21400320041,0,0_spirit_flowers_maiden_wind,0.0
h21400350045,7,7_tended herd_servant_plow_shepherd,1.0
h21400350046,0,0_spirit_flowers_maiden_wind,0.0
h21400480067,0,0_spirit_flowers_maiden_wind,0.0
h21400490068,7,7_tended herd_servant_plow_shepherd,1.0
h21400630081,7,7_tended herd_servant_plow_shepherd,0.9786118
h21401190015,5,5_hwanghae_flowers_river_bloom flowers,1.0
h21401360007,3,3_servant_servants_piet_dip,1.0
h21401360008,0,0_spirit_flowers_maiden_wind,0.0
h21403390003,7,7_tended herd_servant_plow_shepherd,1.0
h21404030006,0,0_spirit_flowers_maiden_wind,0.0
h21404270018,4,4_little birds_horses_horse_poor parish,0.5173867
h21404420011,6,6_village_skirt_autumn_bread,1.0
h21404690014,7,7_tended herd_servant_plow_shepherd,1.0
h21404750002,0,0_spirit_flowers_maiden_wind,0.0
h21406300008,0,0_spirit_flowers_maiden_wind,0.0
h22600770027,0,0_spirit_flowers_maiden_wind,0.0
h22600890044,6,6_village_skirt_autumn_bread,0.43874243
h22600920051,0,0_spirit_flowers_maiden_wind,0.0
h22609110003,7,7_tended herd_servant_plow_shepherd,1.0
h23806420005,0,0_spirit_flowers_maiden_wind,0.0
h23807140110,0,0_spirit_flowers_maiden_wind,0.0
h23807420007,7,7_tended herd_servant_plow_shepherd,1.0
h23807550002,8,8_bride_wedding_maidens_marriage,1.0
h2390907900a,0,0_spirit_flowers_maiden_wind,0.0
h24000861030,0,0_spirit_flowers_maiden_wind,0.0
h24000891034,7,7_tended herd_servant_plow_shepherd,1.0
h24000921038,0,0_spirit_flowers_maiden_wind,0.0
h24001941191,0,0_spirit_flowers_maiden_wind,0.0
h24010620005,0,0_spirit_flowers_maiden_wind,0.0
h24607790006,0,0_spirit_flowers_maiden_wind,0.0
h24608220004,0,0_spirit_flowers_maiden_wind,0.0
h24608360020,7,7_tended herd_servant_plow_shepherd,0.44263357
h24701150013,0,0_spirit_flowers_maiden_wind,0.0
h25705630001,0,0_spirit_flowers_maiden_wind,0.0
h25706310015,0,0_spirit_flowers_maiden_wind,0.0
h26502880023,0,0_spirit_flowers_maiden_wind,0.0
h26503430015,0,0_spirit_flowers_maiden_wind,0.0
h26804740023,6,6_village_skirt_autumn_bread,0.6046575
h30101590010,6,6_village_skirt_autumn_bread,0.5962279
h30101600011,6,6_village_skirt_autumn_bread,1.0
h30101610013,7,7_tended herd_servant_plow_shepherd,1.0
h30302590007,0,0_spirit_flowers_maiden_wind,0.0
h30400190003,6,6_village_skirt_autumn_bread,0.5186052
h30401080017,6,6_village_skirt_autumn_bread,1.0
h31204630004,0,0_spirit_flowers_maiden_wind,0.0
h31204800002,0,0_spirit_flowers_maiden_wind,0.0
h31701210009,0,0_spirit_flowers_maiden_wind,0.0
h31701490006,7,7_tended herd_servant_plow_shepherd,1.0
h31703770039,0,0_spirit_flowers_maiden_wind,0.0
h31707230002,7,7_tended herd_servant_plow_shepherd,0.72115636
h31707310005,8,8_bride_wedding_maidens_marriage,1.0
h31709450003,0,0_spirit_flowers_maiden_wind,0.0
h31709470005,0,0_spirit_flowers_maiden_wind,0.0
h31800770002,0,0_spirit_flowers_maiden_wind,0.0
h31800980005,0,0_spirit_flowers_maiden_wind,0.0
h32301990018,0,0_spirit_flowers_maiden_wind,0.0
h40102880002,3,3_servant_servants_piet_dip,0.5320059
h40102920005,7,7_tended herd_servant_plow_shepherd,0.7938103
h40102950009,0,0_spirit_flowers_maiden_wind,0.0
h40102980013,0,0_spirit_flowers_maiden_wind,0.0
h40103070006,7,7_tended herd_servant_plow_shepherd,1.0
h40103470004,6,6_village_skirt_autumn_bread,1.0
h40103750018,0,0_spirit_flowers_maiden_wind,0.0
h40103760021,0,0_spirit_flowers_maiden_wind,0.0
hgrq01770055,0,0_spirit_flowers_maiden_wind,0.0
hgrq01810065,0,0_spirit_flowers_maiden_wind,0.0
hgrq01880081,0,0_spirit_flowers_maiden_wind,0.0
hgrq01950098,0,0_spirit_flowers_maiden_wind,0.0
tem1300200015,0,0_spirit_flowers_maiden_wind,0.0
young_anti_dbnl_1,8,8_bride_wedding_maidens_marriage,1.0
young_anti_dbnl_2,8,8_bride_wedding_maidens_marriage,0.47781786
young_anti_dbnl_3,8,8_bride_wedding_maidens_marriage,1.0
young_anti_dbnl_4,8,8_bride_wedding_maidens_marriage,0.8955569
young_anti_dbnl_5,8,8_bride_wedding_maidens_marriage,1.0
young_anti_dbnl_6,8,8_bride_wedding_maidens_marriage,1.0
young_anti_dbnl_7,8,8_bride_wedding_maidens_marriage,1.0
young_anti_dbnl_8,8,8_bride_wedding_maidens_marriage,0.8006047
young_anti_dbnl_9,0,0_spirit_flowers_maiden_wind,0.0
young_anti_dbnl_11,6,6_village_skirt_autumn_bread,0.6042229
young_anti_dbnl_12,8,8_bride_wedding_maidens_marriage,1.0
young_anti_dbnl_13,0,0_spirit_flowers_maiden_wind,0.0
young_anti_dbnl_14,0,0_spirit_flowers_maiden_wind,0.0
young_anti_dbnl_15,8,8_bride_wedding_maidens_marriage,0.65442145
young_anti_dbnl_16,0,0_spirit_flowers_maiden_wind,0.0
young_anti_dbnl_17,6,6_village_skirt_autumn_bread,0.93002224
young_anti_dbnl_18,8,8_bride_wedding_maidens_marriage,0.9136089
young_anti_dbnl_19,8,8_bride_wedding_maidens_marriage,1.0
young_anti_dbnl_20,8,8_bride_wedding_maidens_marriage,1.0
young_anti_dbnl_21,8,8_bride_wedding_maidens_marriage,0.8532423
young_anti_dbnl_22,8,8_bride_wedding_maidens_marriage,0.72345114
young_anti_dbnl_24,8,8_bride_wedding_maidens_marriage,1.0
young_anti_dbnl_25,8,8_bride_wedding_maidens_marriage,0.8837287
young_anti_dbnl_26,8,8_bride_wedding_maidens_marriage,1.0
young_anti_dbnl_27,8,8_bride_wedding_maidens_marriage,1.0
young_anti_dbnl_28,8,8_bride_wedding_maidens_marriage,1.0
young_anti_dbnl_29,8,8_bride_wedding_maidens_marriage,1.0
young_anti_dbnl_30,8,8_bride_wedding_maidens_marriage,1.0
young_anti_dbnl_31,8,8_bride_wedding_maidens_marriage,1.0
young_anti_dbnl_32,8,8_bride_wedding_maidens_marriage,1.0
young_anti_dbnl_33,8,8_bride_wedding_maidens_marriage,1.0
young_anti_dbnl_34,8,8_bride_wedding_maidens_marriage,1.0
young_anti_dbnl_35,8,8_bride_wedding_maidens_marriage,1.0
young_anti_dbnl_36,8,8_bride_wedding_maidens_marriage,1.0
young_anti_dbnl_37,8,8_bride_wedding_maidens_marriage,1.0
young_anti_dbnl_38,8,8_bride_wedding_maidens_marriage,1.0
young_anti_dbnl_39,8,8_bride_wedding_maidens_marriage,1.0
young_anti_dbnl_40,6,6_village_skirt_autumn_bread,0.6076695
young_anti_dbnl_41,8,8_bride_wedding_maidens_marriage,1.0
young_anti_dbnl_43,8,8_bride_wedding_maidens_marriage,0.79124963
young_anti_dbnl_44,8,8_bride_wedding_maidens_marriage,0.45640513
young_anti_dbnl_45,6,6_village_skirt_autumn_bread,1.0
young_anti_dbnl_47,0,0_spirit_flowers_maiden_wind,0.0
young_anti_dbnl_49,8,8_bride_wedding_maidens_marriage,0.6983988
young_anti_txt_0,8,8_bride_wedding_maidens_marriage,1.0
young_anti_txt_1,0,0_spirit_flowers_maiden_wind,0.0
young_anti_txt_2,8,8_bride_wedding_maidens_marriage,0.5579247
young_birthday_dbnl_0,8,8_bride_wedding_maidens_marriage,1.0
young_birthday_dbnl_1,8,8_bride_wedding_maidens_marriage,0.50251806
young_birthday_dbnl_2,8,8_bride_wedding_maidens_marriage,0.788752
young_birthday_dbnl_3,7,7_tended herd_servant_plow_shepherd,1.0
young_birthday_dbnl_4,8,8_bride_wedding_maidens_marriage,0.8021596
young_birthday_dbnl_5,6,6_village_skirt_autumn_bread,1.0
young_birthday_dbnl_6,8,8_bride_wedding_maidens_marriage,0.60427654
young_birthday_dbnl_10,0,0_spirit_flowers_maiden_wind,0.0
young_birthday_dbnl_12,6,6_village_skirt_autumn_bread,0.5073535
young_birthday_dbnl_13,7,7_tended herd_servant_plow_shepherd,0.58285904
young_birthday_dbnl_15,0,0_spirit_flowers_maiden_wind,0.0
young_birthday_dbnl_16,0,0_spirit_flowers_maiden_wind,0.0
young_birthday_dbnl_17,8,8_bride_wedding_maidens_marriage,0.8398205
young_birthday_dbnl_18,8,8_bride_wedding_maidens_marriage,0.57075393
young_birthday_dbnl_19,8,8_bride_wedding_maidens_marriage,0.76932716
young_birthday_dbnl_20,8,8_bride_wedding_maidens_marriage,0.69758296
young_birthday_dbnl_21,8,8_bride_wedding_maidens_marriage,0.76324344
young_birthday_dbnl_22,8,8_bride_wedding_maidens_marriage,1.0
young_birthday_dbnl_23,8,8_bride_wedding_maidens_marriage,1.0
young_birthday_dbnl_24,8,8_bride_wedding_maidens_marriage,0.8460217
young_birthday_dbnl_25,8,8_bride_wedding_maidens_marriage,0.8468805
young_birthday_dbnl_26,8,8_bride_wedding_maidens_marriage,0.91148484
young_birthday_dbnl_28,8,8_bride_wedding_maidens_marriage,1.0
young_birthday_dbnl_29,8,8_bride_wedding_maidens_marriage,1.0
young_birthday_dbnl_30,8,8_bride_wedding_maidens_marriage,1.0
young_birthday_dbnl_31,8,8_bride_wedding_maidens_marriage,0.6435105
young_birthday_dbnl_32,8,8_bride_wedding_maidens_marriage,0.8238371
young_birthday_dbnl_33,6,6_village_skirt_autumn_bread,1.0
young_birthday_dbnl_34,8,8_bride_wedding_maidens_marriage,0.83323824
young_birthday_dbnl_35,8,8_bride_wedding_maidens_marriage,1.0
young_birthday_dbnl_36,0,0_spirit_flowers_maiden_wind,0.0
young_birthday_dbnl_37,0,0_spirit_flowers_maiden_wind,0.0
young_birthday_dbnl_38,8,8_bride_wedding_maidens_marriage,0.9238497
young_birthday_dbnl_39,8,8_bride_wedding_maidens_marriage,1.0
young_birthday_dbnl_40,8,8_bride_wedding_maidens_marriage,1.0
young_birthday_dbnl_41,8,8_bride_wedding_maidens_marriage,1.0
young_birthday_dbnl_42,8,8_bride_wedding_maidens_marriage,1.0
young_birthday_dbnl_43,8,8_bride_wedding_maidens_marriage,1.0
young_birthday_dbnl_44,8,8_bride_wedding_maidens_marriage,1.0
young_birthday_dbnl_45,8,8_bride_wedding_maidens_marriage,1.0
young_birthday_dbnl_46,8,8_bride_wedding_maidens_marriage,1.0
young_birthday_dbnl_47,8,8_bride_wedding_maidens_marriage,1.0
young_birthday_dbnl_48,8,8_bride_wedding_maidens_marriage,1.0
young_birthday_dbnl_49,8,8_bride_wedding_maidens_marriage,1.0
young_birthday_dbnl_50,8,8_bride_wedding_maidens_marriage,1.0
young_birthday_dbnl_51,8,8_bride_wedding_maidens_marriage,1.0
young_birthday_dbnl_52,8,8_bride_wedding_maidens_marriage,1.0
young_birthday_dbnl_53,8,8_bride_wedding_maidens_marriage,1.0
young_birthday_dbnl_54,0,0_spirit_flowers_maiden_wind,0.0
young_birthday_dbnl_55,8,8_bride_wedding_maidens_marriage,1.0
young_birthday_dbnl_56,8,8_bride_wedding_maidens_marriage,1.0
young_birthday_dbnl_57,8,8_bride_wedding_maidens_marriage,1.0
young_birthday_dbnl_58,8,8_bride_wedding_maidens_marriage,1.0
young_birthday_dbnl_59,8,8_bride_wedding_maidens_marriage,1.0
young_birthday_dbnl_60,8,8_bride_wedding_maidens_marriage,1.0
young_birthday_dbnl_61,8,8_bride_wedding_maidens_marriage,1.0
young_birthday_dbnl_62,8,8_bride_wedding_maidens_marriage,1.0
young_birthday_dbnl_63,8,8_bride_wedding_maidens_marriage,0.91714376
young_birthday_dbnl_65,0,0_spirit_flowers_maiden_wind,0.0
young_birthday_dbnl_66,8,8_bride_wedding_maidens_marriage,0.8543354
young_birthday_dbnl_67,8,8_bride_wedding_maidens_marriage,1.0
young_birthday_dbnl_68,8,8_bride_wedding_maidens_marriage,1.0
young_birthday_dbnl_69,8,8_bride_wedding_maidens_marriage,1.0
young_birthday_txt_0,0,0_spirit_flowers_maiden_wind,0.0
young_children_dbnl_1,3,3_servant_servants_piet_dip,1.0
young_children_dbnl_2,6,6_village_skirt_autumn_bread,1.0
young_children_dbnl_3,8,8_bride_wedding_maidens_marriage,1.0
young_children_dbnl_4,6,6_village_skirt_autumn_bread,0.4561918
young_children_dbnl_5,6,6_village_skirt_autumn_bread,1.0
young_children_dbnl_7,8,8_bride_wedding_maidens_marriage,0.6321626
young_children_dbnl_8,8,8_bride_wedding_maidens_marriage,0.6044511
young_children_dbnl_9,8,8_bride_wedding_maidens_marriage,1.0
young_children_dbnl_10,0,0_spirit_flowers_maiden_wind,0.0
young_children_dbnl_11,8,8_bride_wedding_maidens_marriage,1.0
young_children_dbnl_12,5,5_hwanghae_flowers_river_bloom flowers,1.0
young_children_dbnl_13,5,5_hwanghae_flowers_river_bloom flowers,1.0
young_children_dbnl_14,0,0_spirit_flowers_maiden_wind,0.0
young_children_dbnl_15,0,0_spirit_flowers_maiden_wind,0.0
young_children_dbnl_16,8,8_bride_wedding_maidens_marriage,1.0
young_children_dbnl_17,0,0_spirit_flowers_maiden_wind,0.0
young_children_dbnl_18,0,0_spirit_flowers_maiden_wind,0.0
young_children_dbnl_19,0,0_spirit_flowers_maiden_wind,0.0
young_children_dbnl_20,6,6_village_skirt_autumn_bread,1.0
young_children_dbnl_21,0,0_spirit_flowers_maiden_wind,0.0
young_children_dbnl_22,0,0_spirit_flowers_maiden_wind,0.0
young_children_dbnl_23,8,8_bride_wedding_maidens_marriage,1.0
young_children_dbnl_24,8,8_bride_wedding_maidens_marriage,1.0
young_children_dbnl_25,0,0_spirit_flowers_maiden_wind,0.0
young_children_dbnl_26,7,7_tended herd_servant_plow_shepherd,1.0
young_children_dbnl_27,0,0_spirit_flowers_maiden_wind,0.0
young_children_dbnl_28,8,8_bride_wedding_maidens_marriage,1.0
young_children_dbnl_29,6,6_village_skirt_autumn_bread,1.0
young_children_dbnl_30,6,6_village_skirt_autumn_bread,1.0
young_children_dbnl_31,0,0_spirit_flowers_maiden_wind,0.0
young_children_dbnl_32,6,6_village_skirt_autumn_bread,1.0
young_children_dbnl_33,0,0_spirit_flowers_maiden_wind,0.0
young_children_dbnl_35,7,7_tended herd_servant_plow_shepherd,0.7003646
young_children_dbnl_36,0,0_spirit_flowers_maiden_wind,0.0
young_children_dbnl_37,8,8_bride_wedding_maidens_marriage,1.0
young_children_dbnl_38,6,6_village_skirt_autumn_bread,1.0
young_children_dbnl_39,0,0_spirit_flowers_maiden_wind,0.0
young_children_dbnl_40,8,8_bride_wedding_maidens_marriage,0.8402836
young_children_dbnl_41,0,0_spirit_flowers_maiden_wind,0.0
young_children_dbnl_42,8,8_bride_wedding_maidens_marriage,1.0
young_children_dbnl_43,0,0_spirit_flowers_maiden_wind,0.0
young_children_dbnl_44,0,0_spirit_flowers_maiden_wind,0.0
young_children_dbnl_45,8,8_bride_wedding_maidens_marriage,1.0
young_children_dbnl_46,0,0_spirit_flowers_maiden_wind,0.0
young_children_dbnl_47,0,0_spirit_flowers_maiden_wind,0.0
young_children_dbnl_48,8,8_bride_wedding_maidens_marriage,1.0
young_children_dbnl_49,8,8_bride_wedding_maidens_marriage,1.0
young_children_dbnl_50,8,8_bride_wedding_maidens_marriage,1.0
young_children_dbnl_51,0,0_spirit_flowers_maiden_wind,0.0
young_children_dbnl_52,0,0_spirit_flowers_maiden_wind,0.0
young_children_dbnl_53,0,0_spirit_flowers_maiden_wind,0.0
young_children_dbnl_54,0,0_spirit_flowers_maiden_wind,0.0
young_children_dbnl_55,8,8_bride_wedding_maidens_marriage,1.0
young_children_dbnl_56,8,8_bride_wedding_maidens_marriage,1.0
young_children_dbnl_57,8,8_bride_wedding_maidens_marriage,1.0
young_children_dbnl_58,0,0_spirit_flowers_maiden_wind,0.0
young_children_dbnl_59,8,8_bride_wedding_maidens_marriage,1.0
young_children_dbnl_60,0,0_spirit_flowers_maiden_wind,0.0
young_children_dbnl_61,0,0_spirit_flowers_maiden_wind,0.0
young_children_dbnl_62,8,8_bride_wedding_maidens_marriage,1.0
young_children_dbnl_63,0,0_spirit_flowers_maiden_wind,0.0
young_children_dbnl_64,5,5_hwanghae_flowers_river_bloom flowers,1.0
young_children_dbnl_65,0,0_spirit_flowers_maiden_wind,0.0
young_children_dbnl_66,8,8_bride_wedding_maidens_marriage,0.69372535
young_children_dbnl_67,0,0_spirit_flowers_maiden_wind,0.0
young_children_dbnl_68,8,8_bride_wedding_maidens_marriage,1.0
young_children_dbnl_69,0,0_spirit_flowers_maiden_wind,0.0
young_children_dbnl_70,0,0_spirit_flowers_maiden_wind,0.0
young_children_dbnl_71,0,0_spirit_flowers_maiden_wind,0.0
young_children_dbnl_72,0,0_spirit_flowers_maiden_wind,0.0
young_children_dbnl_73,8,8_bride_wedding_maidens_marriage,1.0
young_children_dbnl_74,0,0_spirit_flowers_maiden_wind,0.0
young_children_dbnl_75,8,8_bride_wedding_maidens_marriage,0.8830038
young_children_dbnl_77,8,8_bride_wedding_maidens_marriage,1.0
young_children_dbnl_78,8,8_bride_wedding_maidens_marriage,0.69123137
young_children_dbnl_79,8,8_bride_wedding_maidens_marriage,1.0
young_children_dbnl_80,8,8_bride_wedding_maidens_marriage,1.0
young_children_dbnl_81,8,8_bride_wedding_maidens_marriage,1.0
young_children_dbnl_82,8,8_bride_wedding_maidens_marriage,1.0
young_children_dbnl_83,8,8_bride_wedding_maidens_marriage,1.0
young_children_dbnl_84,8,8_bride_wedding_maidens_marriage,1.0
young_children_dbnl_85,8,8_bride_wedding_maidens_marriage,1.0
young_children_dbnl_86,8,8_bride_wedding_maidens_marriage,1.0
young_children_dbnl_88,8,8_bride_wedding_maidens_marriage,1.0
young_children_dbnl_89,5,5_hwanghae_flowers_river_bloom flowers,0.5062763
young_children_dbnl_90,8,8_bride_wedding_maidens_marriage,1.0
young_children_dbnl_91,8,8_bride_wedding_maidens_marriage,1.0
young_children_dbnl_92,8,8_bride_wedding_maidens_marriage,0.8298693
young_children_dbnl_93,8,8_bride_wedding_maidens_marriage,0.7795362
young_children_dbnl_94,8,8_bride_wedding_maidens_marriage,1.0
young_children_dbnl_95,0,0_spirit_flowers_maiden_wind,0.0
young_children_dbnl_96,8,8_bride_wedding_maidens_marriage,1.0
young_children_dbnl_97,8,8_bride_wedding_maidens_marriage,1.0
young_children_dbnl_98,8,8_bride_wedding_maidens_marriage,0.98039305
young_children_dbnl_99,8,8_bride_wedding_maidens_marriage,1.0
young_children_dbnl_100,8,8_bride_wedding_maidens_marriage,1.0
young_children_dbnl_102,8,8_bride_wedding_maidens_marriage,1.0
young_children_dbnl_103,8,8_bride_wedding_maidens_marriage,1.0
young_children_dbnl_104,8,8_bride_wedding_maidens_marriage,0.705592
young_children_dbnl_105,0,0_spirit_flowers_maiden_wind,0.0
young_children_dbnl_106,8,8_bride_wedding_maidens_marriage,1.0
young_children_dbnl_108,8,8_bride_wedding_maidens_marriage,1.0
young_children_dbnl_109,8,8_bride_wedding_maidens_marriage,0.6087205
young_children_dbnl_112,8,8_bride_wedding_maidens_marriage,1.0
young_children_dbnl_113,8,8_bride_wedding_maidens_marriage,1.0
young_children_dbnl_114,8,8_bride_wedding_maidens_marriage,1.0
young_children_dbnl_115,8,8_bride_wedding_maidens_marriage,1.0
young_children_dbnl_116,0,0_spirit_flowers_maiden_wind,0.0
young_children_dbnl_118,8,8_bride_wedding_maidens_marriage,0.69112414
young_children_dbnl_119,8,8_bride_wedding_maidens_marriage,1.0
young_children_dbnl_121,8,8_bride_wedding_maidens_marriage,1.0
young_children_dbnl_122,8,8_bride_wedding_maidens_marriage,1.0
young_children_dbnl_123,8,8_bride_wedding_maidens_marriage,1.0
young_children_dbnl_124,8,8_bride_wedding_maidens_marriage,1.0
young_children_dbnl_125,7,7_tended herd_servant_plow_shepherd,1.0
young_children_dbnl_126,6,6_village_skirt_autumn_bread,1.0
young_children_dbnl_127,8,8_bride_wedding_maidens_marriage,0.88655424
young_children_dbnl_128,8,8_bride_wedding_maidens_marriage,0.87750846
young_children_dbnl_129,8,8_bride_wedding_maidens_marriage,1.0
young_children_dbnl_131,8,8_bride_wedding_maidens_marriage,0.7164656
young_children_dbnl_132,0,0_spirit_flowers_maiden_wind,0.0
young_children_dbnl_133,8,8_bride_wedding_maidens_marriage,0.9464609
young_children_dbnl_134,8,8_bride_wedding_maidens_marriage,1.0
young_children_dbnl_135,8,8_bride_wedding_maidens_marriage,1.0
young_children_dbnl_136,8,8_bride_wedding_maidens_marriage,1.0
young_children_dbnl_137,0,0_spirit_flowers_maiden_wind,0.0
young_children_dbnl_138,0,0_spirit_flowers_maiden_wind,0.0
young_children_dbnl_139,5,5_hwanghae_flowers_river_bloom flowers,0.5214884
young_children_dbnl_140,8,8_bride_wedding_maidens_marriage,1.0
young_children_dbnl_141,3,3_servant_servants_piet_dip,1.0
young_children_dbnl_142,8,8_bride_wedding_maidens_marriage,0.84899163
young_children_dbnl_143,8,8_bride_wedding_maidens_marriage,1.0
young_children_dbnl_144,3,3_servant_servants_piet_dip,1.0
young_children_dbnl_145,8,8_bride_wedding_maidens_marriage,1.0
young_children_dbnl_146,0,0_spirit_flowers_maiden_wind,0.0
young_children_dbnl_147,0,0_spirit_flowers_maiden_wind,0.0
young_children_dbnl_148,6,6_village_skirt_autumn_bread,1.0
young_children_dbnl_149,8,8_bride_wedding_maidens_marriage,0.69888574
young_children_dbnl_150,8,8_bride_wedding_maidens_marriage,1.0
young_children_dbnl_151,8,8_bride_wedding_maidens_marriage,1.0
young_children_dbnl_152,8,8_bride_wedding_maidens_marriage,1.0
young_children_dbnl_153,0,0_spirit_flowers_maiden_wind,0.0
young_children_dbnl_154,8,8_bride_wedding_maidens_marriage,1.0
young_children_dbnl_155,8,8_bride_wedding_maidens_marriage,1.0
young_children_dbnl_156,0,0_spirit_flowers_maiden_wind,0.0
young_children_dbnl_157,6,6_village_skirt_autumn_bread,1.0
young_children_dbnl_158,0,0_spirit_flowers_maiden_wind,0.0
young_children_dbnl_159,0,0_spirit_flowers_maiden_wind,0.0
young_children_dbnl_160,0,0_spirit_flowers_maiden_wind,0.0
young_children_dbnl_161,0,0_spirit_flowers_maiden_wind,0.0
young_children_dbnl_162,0,0_spirit_flowers_maiden_wind,0.0
young_children_dbnl_163,8,8_bride_wedding_maidens_marriage,1.0
young_children_dbnl_164,6,6_village_skirt_autumn_bread,1.0
young_children_dbnl_165,0,0_spirit_flowers_maiden_wind,0.0
young_children_dbnl_166,0,0_spirit_flowers_maiden_wind,0.0
young_children_dbnl_167,8,8_bride_wedding_maidens_marriage,1.0
young_children_dbnl_168,6,6_village_skirt_autumn_bread,1.0
young_children_dbnl_169,0,0_spirit_flowers_maiden_wind,0.0
young_children_dbnl_170,0,0_spirit_flowers_maiden_wind,0.0
young_children_dbnl_171,6,6_village_skirt_autumn_bread,1.0
young_children_dbnl_172,8,8_bride_wedding_maidens_marriage,0.6821877
young_children_dbnl_173,6,6_village_skirt_autumn_bread,1.0
young_children_dbnl_174,0,0_spirit_flowers_maiden_wind,0.0
young_children_dbnl_175,0,0_spirit_flowers_maiden_wind,0.0
young_children_dbnl_176,8,8_bride_wedding_maidens_marriage,1.0
young_children_dbnl_177,8,8_bride_wedding_maidens_marriage,1.0
young_children_dbnl_178,0,0_spirit_flowers_maiden_wind,0.0
young_children_dbnl_179,8,8_bride_wedding_maidens_marriage,0.58698964
young_children_dbnl_180,6,6_village_skirt_autumn_bread,1.0
young_children_dbnl_181,8,8_bride_wedding_maidens_marriage,1.0
young_children_dbnl_182,7,7_tended herd_servant_plow_shepherd,1.0
young_children_dbnl_183,8,8_bride_wedding_maidens_marriage,0.6984583
young_children_dbnl_184,8,8_bride_wedding_maidens_marriage,1.0
young_children_dbnl_185,8,8_bride_wedding_maidens_marriage,1.0
young_children_dbnl_186,6,6_village_skirt_autumn_bread,1.0
young_children_dbnl_187,8,8_bride_wedding_maidens_marriage,1.0
young_children_dbnl_188,7,7_tended herd_servant_plow_shepherd,1.0
young_children_dbnl_189,8,8_bride_wedding_maidens_marriage,0.82876325
young_children_dbnl_190,8,8_bride_wedding_maidens_marriage,1.0
young_children_dbnl_192,0,0_spirit_flowers_maiden_wind,0.0
young_children_dbnl_193,8,8_bride_wedding_maidens_marriage,1.0
young_children_dbnl_194,8,8_bride_wedding_maidens_marriage,1.0
young_children_dbnl_195,8,8_bride_wedding_maidens_marriage,1.0
young_children_dbnl_196,6,6_village_skirt_autumn_bread,0.82415235
young_children_dbnl_197,0,0_spirit_flowers_maiden_wind,0.0
young_children_dbnl_198,8,8_bride_wedding_maidens_marriage,1.0
young_children_dbnl_199,6,6_village_skirt_autumn_bread,0.558193
young_children_dbnl_200,8,8_bride_wedding_maidens_marriage,0.55603087
young_children_dbnl_201,8,8_bride_wedding_maidens_marriage,1.0
young_children_dbnl_202,8,8_bride_wedding_maidens_marriage,0.8130689
young_children_dbnl_204,8,8_bride_wedding_maidens_marriage,1.0
young_children_dbnl_205,8,8_bride_wedding_maidens_marriage,1.0
young_children_dbnl_206,8,8_bride_wedding_maidens_marriage,0.9084962
young_children_dbnl_207,8,8_bride_wedding_maidens_marriage,0.7750644
young_children_dbnl_208,8,8_bride_wedding_maidens_marriage,1.0
young_children_dbnl_209,8,8_bride_wedding_maidens_marriage,1.0
young_children_dbnl_210,8,8_bride_wedding_maidens_marriage,1.0
young_children_dbnl_211,8,8_bride_wedding_maidens_marriage,0.9007106
young_children_dbnl_212,0,0_spirit_flowers_maiden_wind,0.0
young_children_dbnl_213,0,0_spirit_flowers_maiden_wind,0.0
young_children_dbnl_214,8,8_bride_wedding_maidens_marriage,1.0
young_children_dbnl_215,6,6_village_skirt_autumn_bread,1.0
young_children_dbnl_216,8,8_bride_wedding_maidens_marriage,0.6182713
young_children_dbnl_217,8,8_bride_wedding_maidens_marriage,1.0
young_children_dbnl_218,8,8_bride_wedding_maidens_marriage,1.0
young_children_dbnl_219,8,8_bride_wedding_maidens_marriage,0.7859777
young_children_dbnl_220,8,8_bride_wedding_maidens_marriage,0.5536957
young_children_dbnl_221,8,8_bride_wedding_maidens_marriage,1.0
young_children_dbnl_222,8,8_bride_wedding_maidens_marriage,0.5882855
young_children_dbnl_223,8,8_bride_wedding_maidens_marriage,0.5253146
young_children_dbnl_225,6,6_village_skirt_autumn_bread,0.45717636
young_children_dbnl_226,6,6_village_skirt_autumn_bread,1.0
young_children_dbnl_227,8,8_bride_wedding_maidens_marriage,1.0
young_children_dbnl_229,8,8_bride_wedding_maidens_marriage,0.8418076
young_children_dbnl_230,8,8_bride_wedding_maidens_marriage,0.7922902
young_children_dbnl_231,0,0_spirit_flowers_maiden_wind,0.0
young_children_dbnl_232,8,8_bride_wedding_maidens_marriage,0.73661697
young_children_dbnl_233,0,0_spirit_flowers_maiden_wind,0.0
young_children_dbnl_234,8,8_bride_wedding_maidens_marriage,0.69950217
young_children_dbnl_236,6,6_village_skirt_autumn_bread,1.0
young_children_dbnl_237,6,6_village_skirt_autumn_bread,0.38095507
young_children_dbnl_238,0,0_spirit_flowers_maiden_wind,0.0
young_children_dbnl_239,8,8_bride_wedding_maidens_marriage,1.0
young_children_dbnl_240,8,8_bride_wedding_maidens_marriage,0.7850712
young_children_dbnl_241,0,0_spirit_flowers_maiden_wind,0.0
young_children_dbnl_242,0,0_spirit_flowers_maiden_wind,0.0
young_children_dbnl_243,8,8_bride_wedding_maidens_marriage,1.0
young_children_dbnl_244,8,8_bride_wedding_maidens_marriage,1.0
young_children_dbnl_245,0,0_spirit_flowers_maiden_wind,0.0
young_children_dbnl_246,8,8_bride_wedding_maidens_marriage,1.0
young_children_dbnl_247,6,6_village_skirt_autumn_bread,1.0
young_children_dbnl_248,0,0_spirit_flowers_maiden_wind,0.0
young_children_dbnl_249,0,0_spirit_flowers_maiden_wind,0.0
young_children_dbnl_250,0,0_spirit_flowers_maiden_wind,0.0
young_children_dbnl_251,5,5_hwanghae_flowers_river_bloom flowers,1.0
young_children_dbnl_252,5,5_hwanghae_flowers_river_bloom flowers,1.0
young_children_dbnl_253,0,0_spirit_flowers_maiden_wind,0.0
young_children_dbnl_254,8,8_bride_wedding_maidens_marriage,1.0
young_children_dbnl_255,0,0_spirit_flowers_maiden_wind,0.0
young_children_dbnl_256,0,0_spirit_flowers_maiden_wind,0.0
young_children_dbnl_257,0,0_spirit_flowers_maiden_wind,0.0
young_children_dbnl_258,8,8_bride_wedding_maidens_marriage,1.0
young_children_dbnl_259,6,6_village_skirt_autumn_bread,1.0
young_children_dbnl_260,8,8_bride_wedding_maidens_marriage,1.0
young_children_dbnl_261,0,0_spirit_flowers_maiden_wind,0.0
young_children_dbnl_262,8,8_bride_wedding_maidens_marriage,0.83210766
young_children_dbnl_263,0,0_spirit_flowers_maiden_wind,0.0
young_children_dbnl_264,8,8_bride_wedding_maidens_marriage,1.0
young_children_dbnl_265,8,8_bride_wedding_maidens_marriage,0.58147174
young_children_dbnl_266,0,0_spirit_flowers_maiden_wind,0.0
young_children_dbnl_267,0,0_spirit_flowers_maiden_wind,0.0
young_children_dbnl_268,0,0_spirit_flowers_maiden_wind,0.0
young_children_dbnl_269,0,0_spirit_flowers_maiden_wind,0.0
young_children_dbnl_270,0,0_spirit_flowers_maiden_wind,0.0
young_children_dbnl_271,0,0_spirit_flowers_maiden_wind,0.0
young_children_dbnl_273,8,8_bride_wedding_maidens_marriage,1.0
young_children_dbnl_274,0,0_spirit_flowers_maiden_wind,0.0
young_children_dbnl_275,0,0_spirit_flowers_maiden_wind,0.0
young_children_dbnl_276,8,8_bride_wedding_maidens_marriage,1.0
young_children_dbnl_277,0,0_spirit_flowers_maiden_wind,0.0
young_children_dbnl_278,0,0_spirit_flowers_maiden_wind,0.0
young_children_dbnl_279,6,6_village_skirt_autumn_bread,1.0
young_children_dbnl_280,8,8_bride_wedding_maidens_marriage,1.0
young_children_dbnl_281,8,8_bride_wedding_maidens_marriage,1.0
young_children_dbnl_282,8,8_bride_wedding_maidens_marriage,1.0
young_children_dbnl_283,8,8_bride_wedding_maidens_marriage,1.0
young_children_dbnl_284,8,8_bride_wedding_maidens_marriage,1.0
young_children_dbnl_285,8,8_bride_wedding_maidens_marriage,1.0
young_children_dbnl_286,8,8_bride_wedding_maidens_marriage,1.0
young_children_dbnl_287,8,8_bride_wedding_maidens_marriage,1.0
young_children_dbnl_288,8,8_bride_wedding_maidens_marriage,1.0
young_children_dbnl_289,8,8_bride_wedding_maidens_marriage,1.0
young_children_dbnl_290,0,0_spirit_flowers_maiden_wind,0.0
young_children_dbnl_291,0,0_spirit_flowers_maiden_wind,0.0
young_children_dbnl_292,0,0_spirit_flowers_maiden_wind,0.0
young_children_dbnl_293,6,6_village_skirt_autumn_bread,1.0
young_children_dbnl_294,8,8_bride_wedding_maidens_marriage,1.0
young_children_dbnl_295,0,0_spirit_flowers_maiden_wind,0.0
young_children_dbnl_296,0,0_spirit_flowers_maiden_wind,0.0
young_children_dbnl_297,8,8_bride_wedding_maidens_marriage,1.0
young_children_dbnl_298,6,6_village_skirt_autumn_bread,1.0
young_children_dbnl_299,8,8_bride_wedding_maidens_marriage,1.0
young_children_dbnl_300,8,8_bride_wedding_maidens_marriage,1.0
young_children_dbnl_301,8,8_bride_wedding_maidens_marriage,1.0
young_children_dbnl_302,0,0_spirit_flowers_maiden_wind,0.0
young_children_dbnl_303,8,8_bride_wedding_maidens_marriage,1.0
young_children_dbnl_304,0,0_spirit_flowers_maiden_wind,0.0
young_children_dbnl_305,5,5_hwanghae_flowers_river_bloom flowers,1.0
young_children_dbnl_306,0,0_spirit_flowers_maiden_wind,0.0
young_children_dbnl_307,8,8_bride_wedding_maidens_marriage,1.0
young_children_dbnl_308,0,0_spirit_flowers_maiden_wind,0.0
young_children_dbnl_309,0,0_spirit_flowers_maiden_wind,0.0
young_children_dbnl_310,8,8_bride_wedding_maidens_marriage,1.0
young_children_dbnl_311,8,8_bride_wedding_maidens_marriage,1.0
young_children_dbnl_312,0,0_spirit_flowers_maiden_wind,0.0
young_children_dbnl_313,0,0_spirit_flowers_maiden_wind,0.0
young_children_dbnl_314,8,8_bride_wedding_maidens_marriage,1.0
young_children_dbnl_315,6,6_village_skirt_autumn_bread,1.0
young_children_dbnl_316,8,8_bride_wedding_maidens_marriage,1.0
young_children_dbnl_317,8,8_bride_wedding_maidens_marriage,1.0
young_children_dbnl_318,8,8_bride_wedding_maidens_marriage,1.0
young_children_dbnl_319,8,8_bride_wedding_maidens_marriage,1.0
young_children_dbnl_320,8,8_bride_wedding_maidens_marriage,1.0
young_children_dbnl_321,8,8_bride_wedding_maidens_marriage,1.0
young_children_dbnl_322,8,8_bride_wedding_maidens_marriage,1.0
young_children_dbnl_323,8,8_bride_wedding_maidens_marriage,1.0
young_children_dbnl_324,0,0_spirit_flowers_maiden_wind,0.0
young_children_dbnl_325,0,0_spirit_flowers_maiden_wind,0.0
young_children_dbnl_326,0,0_spirit_flowers_maiden_wind,0.0
young_children_dbnl_327,6,6_village_skirt_autumn_bread,0.54231775
young_children_dbnl_328,8,8_bride_wedding_maidens_marriage,1.0
young_children_dbnl_329,8,8_bride_wedding_maidens_marriage,1.0
young_children_dbnl_330,0,0_spirit_flowers_maiden_wind,0.0
young_children_dbnl_331,8,8_bride_wedding_maidens_marriage,1.0
young_children_dbnl_332,0,0_spirit_flowers_maiden_wind,0.0
young_children_dbnl_333,0,0_spirit_flowers_maiden_wind,0.0
young_children_dbnl_334,6,6_village_skirt_autumn_bread,1.0
young_children_dbnl_335,8,8_bride_wedding_maidens_marriage,1.0
young_children_dbnl_336,8,8_bride_wedding_maidens_marriage,1.0
young_children_dbnl_337,8,8_bride_wedding_maidens_marriage,1.0
young_children_dbnl_338,0,0_spirit_flowers_maiden_wind,0.0
young_children_dbnl_339,8,8_bride_wedding_maidens_marriage,1.0
young_children_dbnl_340,0,0_spirit_flowers_maiden_wind,0.0
young_children_dbnl_341,0,0_spirit_flowers_maiden_wind,0.0
young_children_dbnl_342,0,0_spirit_flowers_maiden_wind,0.0
young_children_dbnl_343,8,8_bride_wedding_maidens_marriage,1.0
young_children_dbnl_344,8,8_bride_wedding_maidens_marriage,1.0
young_children_dbnl_345,0,0_spirit_flowers_maiden_wind,0.0
young_children_dbnl_346,6,6_village_skirt_autumn_bread,1.0
young_children_dbnl_347,0,0_spirit_flowers_maiden_wind,0.0
young_children_dbnl_348,8,8_bride_wedding_maidens_marriage,1.0
young_children_dbnl_349,6,6_village_skirt_autumn_bread,0.66655135
young_children_dbnl_350,6,6_village_skirt_autumn_bread,1.0
young_children_dbnl_351,6,6_village_skirt_autumn_bread,1.0
young_children_dbnl_352,0,0_spirit_flowers_maiden_wind,0.0
young_children_dbnl_353,8,8_bride_wedding_maidens_marriage,1.0
young_children_dbnl_354,8,8_bride_wedding_maidens_marriage,0.9231095
young_children_dbnl_355,8,8_bride_wedding_maidens_marriage,1.0
young_children_dbnl_356,0,0_spirit_flowers_maiden_wind,0.0
young_children_dbnl_357,6,6_village_skirt_autumn_bread,1.0
young_children_dbnl_358,3,3_servant_servants_piet_dip,1.0
young_children_dbnl_359,6,6_village_skirt_autumn_bread,0.55500835
young_children_dbnl_360,3,3_servant_servants_piet_dip,0.43047354
young_children_dbnl_361,8,8_bride_wedding_maidens_marriage,1.0
young_children_dbnl_362,8,8_bride_wedding_maidens_marriage,1.0
young_children_dbnl_363,8,8_bride_wedding_maidens_marriage,1.0
young_children_dbnl_364,0,0_spirit_flowers_maiden_wind,0.0
young_children_dbnl_366,0,0_spirit_flowers_maiden_wind,0.0
young_children_dbnl_367,6,6_village_skirt_autumn_bread,1.0
young_children_dbnl_368,6,6_village_skirt_autumn_bread,1.0
young_children_dbnl_369,8,8_bride_wedding_maidens_marriage,1.0
young_children_dbnl_370,7,7_tended herd_servant_plow_shepherd,1.0
young_children_dbnl_371,8,8_bride_wedding_maidens_marriage,1.0
young_children_dbnl_372,8,8_bride_wedding_maidens_marriage,1.0
young_children_dbnl_373,6,6_village_skirt_autumn_bread,1.0
young_children_dbnl_374,0,0_spirit_flowers_maiden_wind,0.0
young_children_dbnl_376,0,0_spirit_flowers_maiden_wind,0.0
young_children_dbnl_377,8,8_bride_wedding_maidens_marriage,1.0
young_children_dbnl_378,0,0_spirit_flowers_maiden_wind,0.0
young_children_dbnl_379,6,6_village_skirt_autumn_bread,1.0
young_children_dbnl_380,5,5_hwanghae_flowers_river_bloom flowers,0.6493499
young_children_dbnl_381,8,8_bride_wedding_maidens_marriage,1.0
young_children_dbnl_382,0,0_spirit_flowers_maiden_wind,0.0
young_children_dbnl_383,0,0_spirit_flowers_maiden_wind,0.0
young_children_dbnl_384,8,8_bride_wedding_maidens_marriage,0.6821079
young_children_dbnl_385,8,8_bride_wedding_maidens_marriage,1.0
young_children_dbnl_386,6,6_village_skirt_autumn_bread,0.52711976
young_children_dbnl_387,6,6_village_skirt_autumn_bread,1.0
young_children_dbnl_388,8,8_bride_wedding_maidens_marriage,1.0
young_children_dbnl_389,0,0_spirit_flowers_maiden_wind,0.0
young_children_dbnl_390,0,0_spirit_flowers_maiden_wind,0.0
young_children_dbnl_393,0,0_spirit_flowers_maiden_wind,0.0
young_children_dbnl_394,6,6_village_skirt_autumn_bread,1.0
young_children_dbnl_396,8,8_bride_wedding_maidens_marriage,1.0
young_children_dbnl_397,8,8_bride_wedding_maidens_marriage,1.0
young_children_dbnl_398,8,8_bride_wedding_maidens_marriage,1.0
young_children_dbnl_399,8,8_bride_wedding_maidens_marriage,1.0
young_children_dbnl_400,8,8_bride_wedding_maidens_marriage,1.0
young_children_dbnl_401,8,8_bride_wedding_maidens_marriage,1.0
young_children_dbnl_402,0,0_spirit_flowers_maiden_wind,0.0
young_children_dbnl_403,8,8_bride_wedding_maidens_marriage,1.0
young_children_dbnl_404,8,8_bride_wedding_maidens_marriage,0.9840147
young_children_dbnl_405,8,8_bride_wedding_maidens_marriage,0.5511782
young_children_dbnl_406,8,8_bride_wedding_maidens_marriage,1.0
young_children_dbnl_407,8,8_bride_wedding_maidens_marriage,1.0
young_children_dbnl_408,6,6_village_skirt_autumn_bread,1.0
young_children_dbnl_409,0,0_spirit_flowers_maiden_wind,0.0
young_children_dbnl_410,8,8_bride_wedding_maidens_marriage,1.0
young_children_dbnl_411,8,8_bride_wedding_maidens_marriage,1.0
young_children_dbnl_412,8,8_bride_wedding_maidens_marriage,0.9765706
young_children_dbnl_413,0,0_spirit_flowers_maiden_wind,0.0
young_children_dbnl_414,8,8_bride_wedding_maidens_marriage,1.0
young_children_dbnl_415,8,8_bride_wedding_maidens_marriage,0.82769346
young_children_dbnl_416,8,8_bride_wedding_maidens_marriage,1.0
young_children_dbnl_417,8,8_bride_wedding_maidens_marriage,0.6387853
young_children_dbnl_418,8,8_bride_wedding_maidens_marriage,1.0
young_children_dbnl_419,8,8_bride_wedding_maidens_marriage,1.0
young_children_dbnl_420,8,8_bride_wedding_maidens_marriage,0.56491154
young_children_dbnl_421,0,0_spirit_flowers_maiden_wind,0.0
young_children_dbnl_422,8,8_bride_wedding_maidens_marriage,1.0
young_children_dbnl_423,8,8_bride_wedding_maidens_marriage,1.0
young_children_dbnl_424,0,0_spirit_flowers_maiden_wind,0.0
young_children_dbnl_425,8,8_bride_wedding_maidens_marriage,1.0
young_children_dbnl_426,6,6_village_skirt_autumn_bread,1.0
young_children_dbnl_427,5,5_hwanghae_flowers_river_bloom flowers,1.0
young_children_dbnl_428,0,0_spirit_flowers_maiden_wind,0.0
young_children_dbnl_429,4,4_little birds_horses_horse_poor parish,1.0
young_children_dbnl_430,5,5_hwanghae_flowers_river_bloom flowers,1.0
young_children_dbnl_431,5,5_hwanghae_flowers_river_bloom flowers,1.0
young_children_dbnl_432,0,0_spirit_flowers_maiden_wind,0.0
young_children_dbnl_433,0,0_spirit_flowers_maiden_wind,0.0
young_children_dbnl_434,0,0_spirit_flowers_maiden_wind,0.0
young_children_dbnl_435,0,0_spirit_flowers_maiden_wind,0.0
young_children_dbnl_436,0,0_spirit_flowers_maiden_wind,0.0
young_children_dbnl_437,0,0_spirit_flowers_maiden_wind,0.0
young_children_dbnl_438,0,0_spirit_flowers_maiden_wind,0.0
young_children_dbnl_439,3,3_servant_servants_piet_dip,0.46349484
young_children_dbnl_440,6,6_village_skirt_autumn_bread,1.0
young_children_dbnl_441,6,6_village_skirt_autumn_bread,0.5324188
young_children_dbnl_442,5,5_hwanghae_flowers_river_bloom flowers,0.4583006
young_children_dbnl_443,8,8_bride_wedding_maidens_marriage,1.0
young_children_dbnl_444,6,6_village_skirt_autumn_bread,1.0
young_children_dbnl_445,8,8_bride_wedding_maidens_marriage,1.0
young_children_dbnl_446,0,0_spirit_flowers_maiden_wind,0.0
young_children_dbnl_447,8,8_bride_wedding_maidens_marriage,1.0
young_children_dbnl_448,8,8_bride_wedding_maidens_marriage,1.0
young_children_dbnl_449,6,6_village_skirt_autumn_bread,1.0
young_children_dbnl_450,8,8_bride_wedding_maidens_marriage,1.0
young_children_dbnl_452,8,8_bride_wedding_maidens_marriage,1.0
young_children_dbnl_453,0,0_spirit_flowers_maiden_wind,0.0
young_children_dbnl_454,0,0_spirit_flowers_maiden_wind,0.0
young_children_dbnl_455,0,0_spirit_flowers_maiden_wind,0.0
young_children_dbnl_456,6,6_village_skirt_autumn_bread,1.0
young_children_dbnl_457,0,0_spirit_flowers_maiden_wind,0.0
young_children_dbnl_458,0,0_spirit_flowers_maiden_wind,0.0
young_children_dbnl_459,0,0_spirit_flowers_maiden_wind,0.0
young_children_dbnl_460,8,8_bride_wedding_maidens_marriage,0.7752449
young_children_dbnl_461,0,0_spirit_flowers_maiden_wind,0.0
young_children_dbnl_462,0,0_spirit_flowers_maiden_wind,0.0
young_children_dbnl_463,8,8_bride_wedding_maidens_marriage,0.6286064
young_children_dbnl_464,0,0_spirit_flowers_maiden_wind,0.0
young_children_dbnl_465,0,0_spirit_flowers_maiden_wind,0.0
young_children_dbnl_466,8,8_bride_wedding_maidens_marriage,1.0
young_children_dbnl_467,5,5_hwanghae_flowers_river_bloom flowers,1.0
young_children_dbnl_468,6,6_village_skirt_autumn_bread,1.0
young_children_dbnl_469,0,0_spirit_flowers_maiden_wind,0.0
young_children_dbnl_470,0,0_spirit_flowers_maiden_wind,0.0
young_children_dbnl_471,0,0_spirit_flowers_maiden_wind,0.0
young_children_dbnl_472,0,0_spirit_flowers_maiden_wind,0.0
young_children_dbnl_473,5,5_hwanghae_flowers_river_bloom flowers,1.0
young_children_dbnl_474,0,0_spirit_flowers_maiden_wind,0.0
young_children_dbnl_476,8,8_bride_wedding_maidens_marriage,1.0
young_children_dbnl_477,3,3_servant_servants_piet_dip,0.66727114
young_children_dbnl_478,0,0_spirit_flowers_maiden_wind,0.0
young_children_dbnl_479,0,0_spirit_flowers_maiden_wind,0.0
young_children_dbnl_480,3,3_servant_servants_piet_dip,1.0
young_children_dbnl_481,0,0_spirit_flowers_maiden_wind,0.0
young_children_dbnl_482,0,0_spirit_flowers_maiden_wind,0.0
young_children_dbnl_483,8,8_bride_wedding_maidens_marriage,0.52148575
young_children_dbnl_484,0,0_spirit_flowers_maiden_wind,0.0
young_children_dbnl_486,5,5_hwanghae_flowers_river_bloom flowers,1.0
young_children_dbnl_487,8,8_bride_wedding_maidens_marriage,1.0
young_children_dbnl_488,8,8_bride_wedding_maidens_marriage,1.0
young_children_dbnl_489,8,8_bride_wedding_maidens_marriage,1.0
young_children_dbnl_490,8,8_bride_wedding_maidens_marriage,1.0
young_children_dbnl_492,6,6_village_skirt_autumn_bread,1.0
young_children_dbnl_493,8,8_bride_wedding_maidens_marriage,1.0
young_children_dbnl_495,6,6_village_skirt_autumn_bread,0.5104407
young_children_dbnl_496,0,0_spirit_flowers_maiden_wind,0.0
young_children_dbnl_497,8,8_bride_wedding_maidens_marriage,0.6820566
young_children_dbnl_498,0,0_spirit_flowers_maiden_wind,0.0
young_children_dbnl_499,8,8_bride_wedding_maidens_marriage,1.0
young_children_dbnl_500,0,0_spirit_flowers_maiden_wind,0.0
young_children_dbnl_501,0,0_spirit_flowers_maiden_wind,0.0
young_children_dbnl_502,6,6_village_skirt_autumn_bread,0.8125971
young_children_dbnl_503,8,8_bride_wedding_maidens_marriage,1.0
young_children_dbnl_504,0,0_spirit_flowers_maiden_wind,0.0
young_children_dbnl_505,0,0_spirit_flowers_maiden_wind,0.0
young_children_dbnl_506,6,6_village_skirt_autumn_bread,1.0
young_children_dbnl_507,6,6_village_skirt_autumn_bread,1.0
young_children_dbnl_508,0,0_spirit_flowers_maiden_wind,0.0
young_children_dbnl_509,8,8_bride_wedding_maidens_marriage,1.0
young_children_dbnl_510,7,7_tended herd_servant_plow_shepherd,1.0
young_children_dbnl_511,0,0_spirit_flowers_maiden_wind,0.0
young_children_dbnl_512,4,4_little birds_horses_horse_poor parish,0.6013796
young_children_dbnl_513,0,0_spirit_flowers_maiden_wind,0.0
young_children_dbnl_514,0,0_spirit_flowers_maiden_wind,0.0
young_children_dbnl_515,0,0_spirit_flowers_maiden_wind,0.0
young_children_dbnl_516,8,8_bride_wedding_maidens_marriage,0.7861333
young_children_dbnl_517,0,0_spirit_flowers_maiden_wind,0.0
young_children_dbnl_518,6,6_village_skirt_autumn_bread,1.0
young_children_dbnl_519,0,0_spirit_flowers_maiden_wind,0.0
young_children_dbnl_520,0,0_spirit_flowers_maiden_wind,0.0
young_children_dbnl_521,8,8_bride_wedding_maidens_marriage,1.0
young_children_dbnl_522,6,6_village_skirt_autumn_bread,0.71333474
young_children_dbnl_523,8,8_bride_wedding_maidens_marriage,1.0
young_children_dbnl_524,7,7_tended herd_servant_plow_shepherd,0.6544106
young_children_dbnl_525,0,0_spirit_flowers_maiden_wind,0.0
young_children_dbnl_526,8,8_bride_wedding_maidens_marriage,0.90034014
young_children_dbnl_527,8,8_bride_wedding_maidens_marriage,0.51196676
young_children_dbnl_528,8,8_bride_wedding_maidens_marriage,1.0
young_children_dbnl_529,0,0_spirit_flowers_maiden_wind,0.0
young_children_dbnl_530,0,0_spirit_flowers_maiden_wind,0.0
young_children_dbnl_531,6,6_village_skirt_autumn_bread,1.0
young_children_dbnl_532,0,0_spirit_flowers_maiden_wind,0.0
young_children_dbnl_533,0,0_spirit_flowers_maiden_wind,0.0
young_children_dbnl_534,8,8_bride_wedding_maidens_marriage,0.6662216
young_children_dbnl_535,8,8_bride_wedding_maidens_marriage,0.85132897
young_children_dbnl_536,8,8_bride_wedding_maidens_marriage,1.0
young_children_dbnl_537,0,0_spirit_flowers_maiden_wind,0.0
young_children_dbnl_538,8,8_bride_wedding_maidens_marriage,1.0
young_children_dbnl_539,8,8_bride_wedding_maidens_marriage,0.71667325
young_children_dbnl_540,8,8_bride_wedding_maidens_marriage,1.0
young_children_dbnl_541,6,6_village_skirt_autumn_bread,0.6631937
young_children_dbnl_542,0,0_spirit_flowers_maiden_wind,0.0
young_children_dbnl_543,6,6_village_skirt_autumn_bread,0.70290935
young_children_dbnl_544,3,3_servant_servants_piet_dip,1.0
young_children_dbnl_545,6,6_village_skirt_autumn_bread,1.0
young_children_dbnl_546,8,8_bride_wedding_maidens_marriage,0.5493843
young_children_dbnl_547,8,8_bride_wedding_maidens_marriage,1.0
young_children_dbnl_548,7,7_tended herd_servant_plow_shepherd,1.0
young_children_dbnl_549,7,7_tended herd_servant_plow_shepherd,0.8178281
young_children_dbnl_550,0,0_spirit_flowers_maiden_wind,0.0
young_children_dbnl_551,8,8_bride_wedding_maidens_marriage,1.0
young_children_dbnl_552,8,8_bride_wedding_maidens_marriage,1.0
young_children_dbnl_553,5,5_hwanghae_flowers_river_bloom flowers,0.8002615
young_children_dbnl_554,0,0_spirit_flowers_maiden_wind,0.0
young_children_dbnl_555,8,8_bride_wedding_maidens_marriage,1.0
young_children_dbnl_556,8,8_bride_wedding_maidens_marriage,1.0
young_children_dbnl_557,8,8_bride_wedding_maidens_marriage,1.0
young_children_dbnl_558,6,6_village_skirt_autumn_bread,1.0
young_children_dbnl_559,6,6_village_skirt_autumn_bread,1.0
young_children_dbnl_560,8,8_bride_wedding_maidens_marriage,1.0
young_children_dbnl_561,6,6_village_skirt_autumn_bread,1.0
young_children_dbnl_562,8,8_bride_wedding_maidens_marriage,0.7585337
young_children_dbnl_563,0,0_spirit_flowers_maiden_wind,0.0
young_children_dbnl_564,8,8_bride_wedding_maidens_marriage,1.0
young_children_dbnl_565,8,8_bride_wedding_maidens_marriage,1.0
young_children_dbnl_566,6,6_village_skirt_autumn_bread,1.0
young_children_dbnl_567,8,8_bride_wedding_maidens_marriage,1.0
young_children_dbnl_568,8,8_bride_wedding_maidens_marriage,1.0
young_children_dbnl_569,8,8_bride_wedding_maidens_marriage,1.0
young_children_dbnl_570,6,6_village_skirt_autumn_bread,0.61610985
young_children_dbnl_571,7,7_tended herd_servant_plow_shepherd,1.0
young_children_dbnl_572,0,0_spirit_flowers_maiden_wind,0.0
young_children_dbnl_573,0,0_spirit_flowers_maiden_wind,0.0
young_children_dbnl_574,6,6_village_skirt_autumn_bread,1.0
young_children_dbnl_575,8,8_bride_wedding_maidens_marriage,1.0
young_children_dbnl_576,8,8_bride_wedding_maidens_marriage,0.61282736
young_children_dbnl_577,8,8_bride_wedding_maidens_marriage,1.0
young_children_dbnl_578,6,6_village_skirt_autumn_bread,1.0
young_children_dbnl_579,6,6_village_skirt_autumn_bread,1.0
young_children_dbnl_580,8,8_bride_wedding_maidens_marriage,0.5075978
young_children_dbnl_581,0,0_spirit_flowers_maiden_wind,0.0
young_children_dbnl_582,8,8_bride_wedding_maidens_marriage,1.0
young_children_dbnl_583,6,6_village_skirt_autumn_bread,1.0
young_children_dbnl_584,3,3_servant_servants_piet_dip,1.0
young_children_dbnl_585,8,8_bride_wedding_maidens_marriage,0.6608079
young_children_dbnl_586,8,8_bride_wedding_maidens_marriage,1.0
young_children_dbnl_587,5,5_hwanghae_flowers_river_bloom flowers,1.0
young_children_dbnl_588,6,6_village_skirt_autumn_bread,1.0
young_children_dbnl_589,0,0_spirit_flowers_maiden_wind,0.0
young_children_dbnl_590,0,0_spirit_flowers_maiden_wind,0.0
young_children_dbnl_591,0,0_spirit_flowers_maiden_wind,0.0
young_children_dbnl_592,6,6_village_skirt_autumn_bread,0.5690087
young_children_dbnl_593,7,7_tended herd_servant_plow_shepherd,1.0
young_children_dbnl_594,8,8_bride_wedding_maidens_marriage,1.0
young_children_dbnl_595,0,0_spirit_flowers_maiden_wind,0.0
young_children_dbnl_596,6,6_village_skirt_autumn_bread,1.0
young_children_dbnl_597,0,0_spirit_flowers_maiden_wind,0.0
young_children_dbnl_599,6,6_village_skirt_autumn_bread,1.0
young_children_dbnl_600,0,0_spirit_flowers_maiden_wind,0.0
young_children_dbnl_601,0,0_spirit_flowers_maiden_wind,0.0
young_children_dbnl_602,0,0_spirit_flowers_maiden_wind,0.0
young_children_dbnl_603,0,0_spirit_flowers_maiden_wind,0.0
young_children_dbnl_605,0,0_spirit_flowers_maiden_wind,0.0
young_children_dbnl_606,0,0_spirit_flowers_maiden_wind,0.0
young_children_dbnl_607,0,0_spirit_flowers_maiden_wind,0.0
young_children_dbnl_608,0,0_spirit_flowers_maiden_wind,0.0
young_children_dbnl_609,0,0_spirit_flowers_maiden_wind,0.0
young_children_dbnl_610,0,0_spirit_flowers_maiden_wind,0.0
young_children_dbnl_611,0,0_spirit_flowers_maiden_wind,0.0
young_children_dbnl_612,0,0_spirit_flowers_maiden_wind,0.0
young_children_dbnl_613,8,8_bride_wedding_maidens_marriage,1.0
young_children_dbnl_615,0,0_spirit_flowers_maiden_wind,0.0
young_children_dbnl_616,0,0_spirit_flowers_maiden_wind,0.0
young_children_dbnl_617,0,0_spirit_flowers_maiden_wind,0.0
young_children_dbnl_618,0,0_spirit_flowers_maiden_wind,0.0
young_children_dbnl_619,0,0_spirit_flowers_maiden_wind,0.0
young_children_dbnl_620,0,0_spirit_flowers_maiden_wind,0.0
young_children_dbnl_621,0,0_spirit_flowers_maiden_wind,0.0
young_children_dbnl_622,0,0_spirit_flowers_maiden_wind,0.0
young_children_dbnl_624,0,0_spirit_flowers_maiden_wind,0.0
young_children_dbnl_625,0,0_spirit_flowers_maiden_wind,0.0
young_children_dbnl_626,0,0_spirit_flowers_maiden_wind,0.0
young_children_dbnl_627,0,0_spirit_flowers_maiden_wind,0.0
young_children_dbnl_628,0,0_spirit_flowers_maiden_wind,0.0
young_children_dbnl_629,0,0_spirit_flowers_maiden_wind,0.0
young_children_dbnl_630,6,6_village_skirt_autumn_bread,1.0
young_children_dbnl_631,7,7_tended herd_servant_plow_shepherd,1.0
young_children_dbnl_632,6,6_village_skirt_autumn_bread,0.43102336
young_children_dbnl_633,5,5_hwanghae_flowers_river_bloom flowers,1.0
young_children_dbnl_634,0,0_spirit_flowers_maiden_wind,0.0
young_children_dbnl_635,0,0_spirit_flowers_maiden_wind,0.0
young_children_dbnl_636,0,0_spirit_flowers_maiden_wind,0.0
young_children_dbnl_637,0,0_spirit_flowers_maiden_wind,0.0
young_children_dbnl_638,0,0_spirit_flowers_maiden_wind,0.0
young_children_dbnl_639,0,0_spirit_flowers_maiden_wind,0.0
young_children_dbnl_640,0,0_spirit_flowers_maiden_wind,0.0
young_children_dbnl_641,3,3_servant_servants_piet_dip,1.0
young_children_dbnl_642,7,7_tended herd_servant_plow_shepherd,1.0
young_children_dbnl_643,0,0_spirit_flowers_maiden_wind,0.0
young_children_dbnl_644,0,0_spirit_flowers_maiden_wind,0.0
young_children_dbnl_645,0,0_spirit_flowers_maiden_wind,0.0
young_children_dbnl_646,6,6_village_skirt_autumn_bread,1.0
young_children_dbnl_647,6,6_village_skirt_autumn_bread,1.0
young_children_dbnl_648,0,0_spirit_flowers_maiden_wind,0.0
young_children_dbnl_650,0,0_spirit_flowers_maiden_wind,0.0
young_children_dbnl_651,0,0_spirit_flowers_maiden_wind,0.0
young_children_dbnl_652,6,6_village_skirt_autumn_bread,1.0
young_children_dbnl_653,8,8_bride_wedding_maidens_marriage,1.0
young_children_dbnl_654,8,8_bride_wedding_maidens_marriage,1.0
young_children_dbnl_655,8,8_bride_wedding_maidens_marriage,0.9131107
young_children_dbnl_656,8,8_bride_wedding_maidens_marriage,1.0
young_children_dbnl_657,0,0_spirit_flowers_maiden_wind,0.0
young_children_dbnl_658,0,0_spirit_flowers_maiden_wind,0.0
young_children_dbnl_659,0,0_spirit_flowers_maiden_wind,0.0
young_children_dbnl_660,8,8_bride_wedding_maidens_marriage,1.0
young_children_dbnl_661,8,8_bride_wedding_maidens_marriage,0.8030779
young_children_dbnl_662,0,0_spirit_flowers_maiden_wind,0.0
young_children_dbnl_663,0,0_spirit_flowers_maiden_wind,0.0
young_children_dbnl_664,0,0_spirit_flowers_maiden_wind,0.0
young_children_dbnl_666,6,6_village_skirt_autumn_bread,1.0
young_children_dbnl_667,0,0_spirit_flowers_maiden_wind,0.0
young_children_dbnl_668,0,0_spirit_flowers_maiden_wind,0.0
young_children_dbnl_669,0,0_spirit_flowers_maiden_wind,0.0
young_children_dbnl_670,8,8_bride_wedding_maidens_marriage,1.0
young_children_dbnl_671,0,0_spirit_flowers_maiden_wind,0.0
young_children_dbnl_672,6,6_village_skirt_autumn_bread,0.50352806
young_children_dbnl_673,6,6_village_skirt_autumn_bread,1.0
young_children_dbnl_674,8,8_bride_wedding_maidens_marriage,1.0
young_children_dbnl_675,8,8_bride_wedding_maidens_marriage,0.7111736
young_children_dbnl_676,8,8_bride_wedding_maidens_marriage,0.6849104
young_children_dbnl_677,0,0_spirit_flowers_maiden_wind,0.0
young_children_dbnl_681,0,0_spirit_flowers_maiden_wind,0.0
young_children_dbnl_682,8,8_bride_wedding_maidens_marriage,1.0
young_children_dbnl_683,0,0_spirit_flowers_maiden_wind,0.0
young_children_dbnl_684,6,6_village_skirt_autumn_bread,1.0
young_children_dbnl_685,5,5_hwanghae_flowers_river_bloom flowers,0.66481745
young_children_dbnl_686,0,0_spirit_flowers_maiden_wind,0.0
young_children_dbnl_688,6,6_village_skirt_autumn_bread,1.0
young_children_dbnl_689,6,6_village_skirt_autumn_bread,0.77245724
young_children_dbnl_690,0,0_spirit_flowers_maiden_wind,0.0
young_children_dbnl_691,0,0_spirit_flowers_maiden_wind,0.0
young_children_dbnl_692,0,0_spirit_flowers_maiden_wind,0.0
young_children_dbnl_694,8,8_bride_wedding_maidens_marriage,1.0
young_children_dbnl_695,0,0_spirit_flowers_maiden_wind,0.0
young_children_dbnl_696,8,8_bride_wedding_maidens_marriage,1.0
young_children_dbnl_697,8,8_bride_wedding_maidens_marriage,1.0
young_children_dbnl_698,8,8_bride_wedding_maidens_marriage,1.0
young_children_dbnl_699,0,0_spirit_flowers_maiden_wind,0.0
young_children_dbnl_700,6,6_village_skirt_autumn_bread,0.71826017
young_children_dbnl_701,0,0_spirit_flowers_maiden_wind,0.0
young_children_dbnl_702,6,6_village_skirt_autumn_bread,1.0
young_children_dbnl_703,0,0_spirit_flowers_maiden_wind,0.0
young_children_dbnl_704,0,0_spirit_flowers_maiden_wind,0.0
young_children_dbnl_705,0,0_spirit_flowers_maiden_wind,0.0
young_children_dbnl_706,0,0_spirit_flowers_maiden_wind,0.0
young_children_dbnl_707,8,8_bride_wedding_maidens_marriage,0.8922119
young_children_dbnl_708,0,0_spirit_flowers_maiden_wind,0.0
young_children_dbnl_709,0,0_spirit_flowers_maiden_wind,0.0
young_children_dbnl_710,0,0_spirit_flowers_maiden_wind,0.0
young_children_dbnl_712,6,6_village_skirt_autumn_bread,1.0
young_children_dbnl_713,0,0_spirit_flowers_maiden_wind,0.0
young_children_dbnl_714,6,6_village_skirt_autumn_bread,1.0
young_children_dbnl_715,0,0_spirit_flowers_maiden_wind,0.0
young_children_dbnl_716,8,8_bride_wedding_maidens_marriage,1.0
young_children_dbnl_717,8,8_bride_wedding_maidens_marriage,1.0
young_children_dbnl_718,6,6_village_skirt_autumn_bread,0.47318545
young_children_dbnl_719,0,0_spirit_flowers_maiden_wind,0.0
young_children_dbnl_720,1,1_village_servant_tended herd_slave tended,0.58664054
young_children_dbnl_721,3,3_servant_servants_piet_dip,1.0
young_children_dbnl_722,7,7_tended herd_servant_plow_shepherd,1.0
young_children_dbnl_723,0,0_spirit_flowers_maiden_wind,0.0
young_children_dbnl_724,0,0_spirit_flowers_maiden_wind,0.0
young_children_dbnl_725,7,7_tended herd_servant_plow_shepherd,1.0
young_children_dbnl_726,0,0_spirit_flowers_maiden_wind,0.0
young_children_dbnl_727,0,0_spirit_flowers_maiden_wind,0.0
young_children_dbnl_728,0,0_spirit_flowers_maiden_wind,0.0
young_children_dbnl_729,0,0_spirit_flowers_maiden_wind,0.0
young_children_dbnl_730,7,7_tended herd_servant_plow_shepherd,1.0
young_children_dbnl_731,0,0_spirit_flowers_maiden_wind,0.0
young_children_dbnl_732,0,0_spirit_flowers_maiden_wind,0.0
young_children_dbnl_733,7,7_tended herd_servant_plow_shepherd,1.0
young_children_dbnl_734,7,7_tended herd_servant_plow_shepherd,1.0
young_children_dbnl_735,0,0_spirit_flowers_maiden_wind,0.0
young_children_dbnl_736,7,7_tended herd_servant_plow_shepherd,1.0
young_children_dbnl_737,7,7_tended herd_servant_plow_shepherd,1.0
young_children_dbnl_738,8,8_bride_wedding_maidens_marriage,1.0
young_children_dbnl_739,8,8_bride_wedding_maidens_marriage,1.0
young_children_dbnl_740,8,8_bride_wedding_maidens_marriage,1.0
young_children_dbnl_741,8,8_bride_wedding_maidens_marriage,1.0
young_children_dbnl_742,8,8_bride_wedding_maidens_marriage,1.0
young_children_dbnl_743,8,8_bride_wedding_maidens_marriage,1.0
young_children_dbnl_744,8,8_bride_wedding_maidens_marriage,1.0
young_children_dbnl_745,8,8_bride_wedding_maidens_marriage,1.0
young_children_dbnl_746,8,8_bride_wedding_maidens_marriage,0.724169
young_children_dbnl_747,8,8_bride_wedding_maidens_marriage,1.0
young_children_dbnl_748,8,8_bride_wedding_maidens_marriage,1.0
young_children_dbnl_749,8,8_bride_wedding_maidens_marriage,1.0
young_children_dbnl_750,8,8_bride_wedding_maidens_marriage,1.0
young_children_dbnl_751,8,8_bride_wedding_maidens_marriage,1.0
young_children_dbnl_752,8,8_bride_wedding_maidens_marriage,1.0
young_children_dbnl_753,8,8_bride_wedding_maidens_marriage,1.0
young_children_dbnl_754,8,8_bride_wedding_maidens_marriage,1.0
young_children_dbnl_755,8,8_bride_wedding_maidens_marriage,1.0
young_children_dbnl_756,8,8_bride_wedding_maidens_marriage,1.0
young_children_dbnl_757,8,8_bride_wedding_maidens_marriage,1.0
young_children_dbnl_758,8,8_bride_wedding_maidens_marriage,1.0
young_children_dbnl_759,8,8_bride_wedding_maidens_marriage,1.0
young_children_dbnl_760,8,8_bride_wedding_maidens_marriage,1.0
young_children_dbnl_761,8,8_bride_wedding_maidens_marriage,1.0
young_children_dbnl_762,8,8_bride_wedding_maidens_marriage,1.0
young_children_dbnl_763,8,8_bride_wedding_maidens_marriage,1.0
young_children_dbnl_764,8,8_bride_wedding_maidens_marriage,1.0
young_children_dbnl_765,8,8_bride_wedding_maidens_marriage,1.0
young_children_dbnl_766,8,8_bride_wedding_maidens_marriage,1.0
young_children_dbnl_767,8,8_bride_wedding_maidens_marriage,1.0
young_children_dbnl_768,8,8_bride_wedding_maidens_marriage,1.0
young_children_dbnl_769,8,8_bride_wedding_maidens_marriage,1.0
young_children_dbnl_770,8,8_bride_wedding_maidens_marriage,1.0
young_children_dbnl_771,8,8_bride_wedding_maidens_marriage,1.0
young_children_dbnl_772,8,8_bride_wedding_maidens_marriage,1.0
young_children_dbnl_773,8,8_bride_wedding_maidens_marriage,1.0
young_children_dbnl_774,0,0_spirit_flowers_maiden_wind,0.0
young_children_dbnl_775,8,8_bride_wedding_maidens_marriage,1.0
young_children_dbnl_776,8,8_bride_wedding_maidens_marriage,0.7161361
young_children_dbnl_777,3,3_servant_servants_piet_dip,1.0
young_children_dbnl_778,6,6_village_skirt_autumn_bread,0.86648834
young_children_dbnl_779,8,8_bride_wedding_maidens_marriage,1.0
young_children_dbnl_780,8,8_bride_wedding_maidens_marriage,1.0
young_children_dbnl_781,8,8_bride_wedding_maidens_marriage,0.7807499
young_children_dbnl_782,7,7_tended herd_servant_plow_shepherd,1.0
young_children_dbnl_783,8,8_bride_wedding_maidens_marriage,1.0
young_children_dbnl_784,8,8_bride_wedding_maidens_marriage,0.49137932
young_children_dbnl_785,6,6_village_skirt_autumn_bread,0.60675573
young_children_dbnl_786,8,8_bride_wedding_maidens_marriage,1.0
young_children_dbnl_787,0,0_spirit_flowers_maiden_wind,0.0
young_children_dbnl_788,8,8_bride_wedding_maidens_marriage,0.73418427
young_children_dbnl_789,0,0_spirit_flowers_maiden_wind,0.0
young_children_dbnl_790,8,8_bride_wedding_maidens_marriage,1.0
young_children_dbnl_791,8,8_bride_wedding_maidens_marriage,1.0
young_children_dbnl_792,6,6_village_skirt_autumn_bread,1.0
young_children_dbnl_793,6,6_village_skirt_autumn_bread,1.0
young_children_dbnl_794,8,8_bride_wedding_maidens_marriage,0.81811154
young_children_dbnl_795,8,8_bride_wedding_maidens_marriage,0.6422611
young_children_dbnl_797,8,8_bride_wedding_maidens_marriage,0.74892527
young_children_dbnl_798,8,8_bride_wedding_maidens_marriage,1.0
young_children_dbnl_799,0,0_spirit_flowers_maiden_wind,0.0
young_children_dbnl_800,8,8_bride_wedding_maidens_marriage,1.0
young_children_dbnl_801,0,0_spirit_flowers_maiden_wind,0.0
young_children_dbnl_802,8,8_bride_wedding_maidens_marriage,1.0
young_children_dbnl_803,8,8_bride_wedding_maidens_marriage,1.0
young_children_dbnl_804,8,8_bride_wedding_maidens_marriage,1.0
young_children_dbnl_805,6,6_village_skirt_autumn_bread,1.0
young_children_dbnl_806,8,8_bride_wedding_maidens_marriage,0.6656111
young_children_dbnl_807,5,5_hwanghae_flowers_river_bloom flowers,1.0
young_children_dbnl_808,6,6_village_skirt_autumn_bread,1.0
young_children_dbnl_809,8,8_bride_wedding_maidens_marriage,0.63412577
young_children_dbnl_810,8,8_bride_wedding_maidens_marriage,0.65520686
young_children_dbnl_811,0,0_spirit_flowers_maiden_wind,0.0
young_children_dbnl_812,0,0_spirit_flowers_maiden_wind,0.0
young_children_dbnl_813,0,0_spirit_flowers_maiden_wind,0.0
young_children_dbnl_814,8,8_bride_wedding_maidens_marriage,0.8849082
young_children_dbnl_815,8,8_bride_wedding_maidens_marriage,1.0
young_children_dbnl_816,8,8_bride_wedding_maidens_marriage,0.7683015
young_children_dbnl_817,0,0_spirit_flowers_maiden_wind,0.0
young_children_dbnl_818,6,6_village_skirt_autumn_bread,1.0
young_children_dbnl_819,8,8_bride_wedding_maidens_marriage,1.0
young_children_dbnl_820,0,0_spirit_flowers_maiden_wind,0.0
young_children_dbnl_821,8,8_bride_wedding_maidens_marriage,0.572206
young_children_dbnl_822,8,8_bride_wedding_maidens_marriage,1.0
young_children_dbnl_823,0,0_spirit_flowers_maiden_wind,0.0
young_children_dbnl_824,0,0_spirit_flowers_maiden_wind,0.0
young_children_dbnl_825,8,8_bride_wedding_maidens_marriage,0.7392466
young_children_dbnl_826,8,8_bride_wedding_maidens_marriage,0.71425784
young_children_dbnl_827,0,0_spirit_flowers_maiden_wind,0.0
young_children_dbnl_828,8,8_bride_wedding_maidens_marriage,1.0
young_children_dbnl_829,0,0_spirit_flowers_maiden_wind,0.0
young_children_dbnl_830,0,0_spirit_flowers_maiden_wind,0.0
young_children_dbnl_831,8,8_bride_wedding_maidens_marriage,1.0
young_children_dbnl_832,0,0_spirit_flowers_maiden_wind,0.0
young_children_dbnl_833,6,6_village_skirt_autumn_bread,1.0
young_children_dbnl_834,3,3_servant_servants_piet_dip,1.0
young_children_dbnl_836,0,0_spirit_flowers_maiden_wind,0.0
young_children_dbnl_837,6,6_village_skirt_autumn_bread,1.0
young_children_dbnl_838,0,0_spirit_flowers_maiden_wind,0.0
young_children_dbnl_839,0,0_spirit_flowers_maiden_wind,0.0
young_children_dbnl_840,6,6_village_skirt_autumn_bread,1.0
young_children_dbnl_841,3,3_servant_servants_piet_dip,1.0
young_children_dbnl_842,0,0_spirit_flowers_maiden_wind,0.0
young_children_dbnl_843,0,0_spirit_flowers_maiden_wind,0.0
young_children_dbnl_844,0,0_spirit_flowers_maiden_wind,0.0
young_children_dbnl_845,0,0_spirit_flowers_maiden_wind,0.0
young_children_dbnl_846,0,0_spirit_flowers_maiden_wind,0.0
young_children_dbnl_847,0,0_spirit_flowers_maiden_wind,0.0
young_children_dbnl_848,0,0_spirit_flowers_maiden_wind,0.0
young_children_dbnl_849,0,0_spirit_flowers_maiden_wind,0.0
young_children_dbnl_850,7,7_tended herd_servant_plow_shepherd,0.68231905
young_children_dbnl_851,0,0_spirit_flowers_maiden_wind,0.0
young_children_dbnl_852,3,3_servant_servants_piet_dip,1.0
young_children_dbnl_860,0,0_spirit_flowers_maiden_wind,0.0
young_children_dbnl_861,0,0_spirit_flowers_maiden_wind,0.0
young_children_dbnl_862,0,0_spirit_flowers_maiden_wind,0.0
young_children_dbnl_863,0,0_spirit_flowers_maiden_wind,0.0
young_children_dbnl_864,0,0_spirit_flowers_maiden_wind,0.0
young_children_dbnl_865,0,0_spirit_flowers_maiden_wind,0.0
young_children_dbnl_866,8,8_bride_wedding_maidens_marriage,1.0
young_children_dbnl_867,0,0_spirit_flowers_maiden_wind,0.0
young_children_dbnl_868,0,0_spirit_flowers_maiden_wind,0.0
young_children_dbnl_869,0,0_spirit_flowers_maiden_wind,0.0
young_children_dbnl_870,0,0_spirit_flowers_maiden_wind,0.0
young_children_dbnl_871,0,0_spirit_flowers_maiden_wind,0.0
young_children_dbnl_872,0,0_spirit_flowers_maiden_wind,0.0
young_children_dbnl_873,0,0_spirit_flowers_maiden_wind,0.0
young_children_dbnl_874,0,0_spirit_flowers_maiden_wind,0.0
young_children_dbnl_875,0,0_spirit_flowers_maiden_wind,0.0
young_children_dbnl_876,0,0_spirit_flowers_maiden_wind,0.0
young_children_dbnl_877,0,0_spirit_flowers_maiden_wind,0.0
young_children_dbnl_878,0,0_spirit_flowers_maiden_wind,0.0
young_children_dbnl_879,0,0_spirit_flowers_maiden_wind,0.0
young_children_dbnl_880,0,0_spirit_flowers_maiden_wind,0.0
young_children_dbnl_881,0,0_spirit_flowers_maiden_wind,0.0
young_children_dbnl_882,0,0_spirit_flowers_maiden_wind,0.0
young_children_dbnl_883,0,0_spirit_flowers_maiden_wind,0.0
young_children_dbnl_884,0,0_spirit_flowers_maiden_wind,0.0
young_children_dbnl_885,0,0_spirit_flowers_maiden_wind,0.0
young_children_dbnl_886,0,0_spirit_flowers_maiden_wind,0.0
young_children_dbnl_887,0,0_spirit_flowers_maiden_wind,0.0
young_children_dbnl_888,0,0_spirit_flowers_maiden_wind,0.0
young_children_dbnl_889,0,0_spirit_flowers_maiden_wind,0.0
young_children_dbnl_890,0,0_spirit_flowers_maiden_wind,0.0
young_children_dbnl_891,0,0_spirit_flowers_maiden_wind,0.0
young_children_dbnl_892,0,0_spirit_flowers_maiden_wind,0.0
young_children_dbnl_893,0,0_spirit_flowers_maiden_wind,0.0
young_children_dbnl_894,0,0_spirit_flowers_maiden_wind,0.0
young_children_dbnl_895,0,0_spirit_flowers_maiden_wind,0.0
young_children_dbnl_896,0,0_spirit_flowers_maiden_wind,0.0
young_children_dbnl_897,0,0_spirit_flowers_maiden_wind,0.0
young_children_dbnl_898,0,0_spirit_flowers_maiden_wind,0.0
young_children_dbnl_899,0,0_spirit_flowers_maiden_wind,0.0
young_children_dbnl_900,0,0_spirit_flowers_maiden_wind,0.0
young_children_dbnl_901,0,0_spirit_flowers_maiden_wind,0.0
young_children_dbnl_902,3,3_servant_servants_piet_dip,1.0
young_children_dbnl_903,3,3_servant_servants_piet_dip,1.0
young_children_dbnl_904,3,3_servant_servants_piet_dip,0.7075388
young_children_dbnl_905,3,3_servant_servants_piet_dip,0.9112624
young_children_dbnl_906,3,3_servant_servants_piet_dip,0.8373428
young_children_dbnl_907,3,3_servant_servants_piet_dip,0.7890496
young_children_dbnl_908,3,3_servant_servants_piet_dip,0.8160017
young_children_dbnl_909,3,3_servant_servants_piet_dip,0.83297896
young_children_dbnl_910,3,3_servant_servants_piet_dip,0.64615124
young_children_dbnl_911,3,3_servant_servants_piet_dip,0.83968455
young_children_dbnl_913,3,3_servant_servants_piet_dip,0.6500861
young_children_dbnl_914,3,3_servant_servants_piet_dip,0.67864054
young_children_dbnl_915,3,3_servant_servants_piet_dip,0.7737482
young_children_dbnl_916,3,3_servant_servants_piet_dip,0.70470476
young_children_dbnl_917,3,3_servant_servants_piet_dip,0.7488947
young_children_dbnl_918,3,3_servant_servants_piet_dip,0.8369899
young_children_dbnl_920,3,3_servant_servants_piet_dip,0.8942812
young_children_dbnl_921,3,3_servant_servants_piet_dip,0.8935104
young_children_dbnl_922,3,3_servant_servants_piet_dip,0.8698391
young_children_dbnl_923,3,3_servant_servants_piet_dip,0.8927927
young_children_dbnl_924,3,3_servant_servants_piet_dip,0.90055245
young_children_dbnl_925,3,3_servant_servants_piet_dip,0.88898355
young_children_dbnl_926,3,3_servant_servants_piet_dip,0.8711578
young_children_dbnl_928,3,3_servant_servants_piet_dip,0.8784154
young_children_dbnl_929,3,3_servant_servants_piet_dip,0.875075
young_children_dbnl_930,3,3_servant_servants_piet_dip,0.88134396
young_children_dbnl_931,3,3_servant_servants_piet_dip,0.8864529
young_children_dbnl_932,3,3_servant_servants_piet_dip,0.8945061
young_children_dbnl_933,3,3_servant_servants_piet_dip,0.88856
young_children_dbnl_934,3,3_servant_servants_piet_dip,0.8878501
young_children_dbnl_935,3,3_servant_servants_piet_dip,0.8913184
young_children_dbnl_936,3,3_servant_servants_piet_dip,0.8831888
young_children_dbnl_938,3,3_servant_servants_piet_dip,0.90060264
young_children_dbnl_940,3,3_servant_servants_piet_dip,0.90541285
young_children_dbnl_941,3,3_servant_servants_piet_dip,0.88222945
young_children_dbnl_942,3,3_servant_servants_piet_dip,0.89877033
young_children_dbnl_943,3,3_servant_servants_piet_dip,0.8885138
young_children_dbnl_944,3,3_servant_servants_piet_dip,0.8995008
young_children_dbnl_945,3,3_servant_servants_piet_dip,0.89109796
young_children_dbnl_946,3,3_servant_servants_piet_dip,0.86744297
young_children_dbnl_947,3,3_servant_servants_piet_dip,0.88679445
young_children_dbnl_948,3,3_servant_servants_piet_dip,0.90119267
young_children_dbnl_950,3,3_servant_servants_piet_dip,0.8897536
young_children_dbnl_951,3,3_servant_servants_piet_dip,0.8979124
young_children_dbnl_952,3,3_servant_servants_piet_dip,0.8590713
young_children_dbnl_954,3,3_servant_servants_piet_dip,0.86078584
young_children_dbnl_955,3,3_servant_servants_piet_dip,0.89337367
young_children_dbnl_956,3,3_servant_servants_piet_dip,0.89391834
young_children_dbnl_957,3,3_servant_servants_piet_dip,0.8917235
young_children_dbnl_958,3,3_servant_servants_piet_dip,0.9001252
young_children_dbnl_959,3,3_servant_servants_piet_dip,0.8936009
young_children_dbnl_962,3,3_servant_servants_piet_dip,0.8570841
young_children_dbnl_964,3,3_servant_servants_piet_dip,0.89297265
young_children_dbnl_965,3,3_servant_servants_piet_dip,0.8964486
young_children_dbnl_966,3,3_servant_servants_piet_dip,0.846743
young_children_dbnl_967,3,3_servant_servants_piet_dip,0.7946227
young_children_dbnl_969,3,3_servant_servants_piet_dip,0.9367591
young_children_dbnl_970,3,3_servant_servants_piet_dip,0.9293346
young_children_dbnl_972,3,3_servant_servants_piet_dip,0.92598933
young_children_dbnl_973,3,3_servant_servants_piet_dip,0.8458707
young_children_dbnl_978,3,3_servant_servants_piet_dip,0.87748843
young_children_dbnl_981,3,3_servant_servants_piet_dip,0.8350551
young_children_dbnl_982,3,3_servant_servants_piet_dip,1.0
young_children_dbnl_984,7,7_tended herd_servant_plow_shepherd,1.0
young_children_dbnl_985,7,7_tended herd_servant_plow_shepherd,1.0
young_children_dbnl_986,7,7_tended herd_servant_plow_shepherd,1.0
young_children_dbnl_987,7,7_tended herd_servant_plow_shepherd,1.0
young_children_dbnl_988,7,7_tended herd_servant_plow_shepherd,1.0
young_children_dbnl_989,7,7_tended herd_servant_plow_shepherd,1.0
young_children_dbnl_990,7,7_tended herd_servant_plow_shepherd,1.0
young_children_dbnl_991,7,7_tended herd_servant_plow_shepherd,1.0
young_children_dbnl_992,7,7_tended herd_servant_plow_shepherd,1.0
young_children_dbnl_993,0,0_spirit_flowers_maiden_wind,0.0
young_children_dbnl_994,0,0_spirit_flowers_maiden_wind,0.0
young_children_dbnl_995,8,8_bride_wedding_maidens_marriage,1.0
young_children_dbnl_996,0,0_spirit_flowers_maiden_wind,0.0
young_children_dbnl_997,8,8_bride_wedding_maidens_marriage,1.0
young_children_dbnl_998,8,8_bride_wedding_maidens_marriage,1.0
young_children_dbnl_999,8,8_bride_wedding_maidens_marriage,0.83777326
young_children_dbnl_1000,8,8_bride_wedding_maidens_marriage,0.5872333
young_children_dbnl_1001,0,0_spirit_flowers_maiden_wind,0.0
young_children_dbnl_1002,0,0_spirit_flowers_maiden_wind,0.0
young_children_dbnl_1003,8,8_bride_wedding_maidens_marriage,0.6587241
young_children_dbnl_1004,8,8_bride_wedding_maidens_marriage,1.0
young_children_dbnl_1005,5,5_hwanghae_flowers_river_bloom flowers,1.0
young_children_dbnl_1006,0,0_spirit_flowers_maiden_wind,0.0
young_children_dbnl_1008,8,8_bride_wedding_maidens_marriage,1.0
young_children_dbnl_1009,8,8_bride_wedding_maidens_marriage,1.0
young_children_dbnl_1010,8,8_bride_wedding_maidens_marriage,1.0
young_children_dbnl_1011,8,8_bride_wedding_maidens_marriage,1.0
young_children_dbnl_1012,8,8_bride_wedding_maidens_marriage,1.0
young_children_dbnl_1013,6,6_village_skirt_autumn_bread,1.0
young_children_dbnl_1014,3,3_servant_servants_piet_dip,1.0
young_children_dbnl_1015,0,0_spirit_flowers_maiden_wind,0.0
young_children_dbnl_1016,7,7_tended herd_servant_plow_shepherd,1.0
young_children_dbnl_1017,0,0_spirit_flowers_maiden_wind,0.0
young_children_dbnl_1018,0,0_spirit_flowers_maiden_wind,0.0
young_children_dbnl_1019,2,2_servants_piet_books_dip,1.0
young_children_dbnl_1020,8,8_bride_wedding_maidens_marriage,1.0
young_children_dbnl_1021,8,8_bride_wedding_maidens_marriage,1.0
young_children_dbnl_1022,8,8_bride_wedding_maidens_marriage,1.0
young_children_dbnl_1023,0,0_spirit_flowers_maiden_wind,0.0
young_children_dbnl_1024,8,8_bride_wedding_maidens_marriage,1.0
young_children_dbnl_1025,0,0_spirit_flowers_maiden_wind,0.0
young_children_dbnl_1026,0,0_spirit_flowers_maiden_wind,0.0
young_children_dbnl_1027,8,8_bride_wedding_maidens_marriage,0.685466
young_children_dbnl_1028,8,8_bride_wedding_maidens_marriage,1.0
young_children_dbnl_1029,8,8_bride_wedding_maidens_marriage,1.0
young_children_dbnl_1030,0,0_spirit_flowers_maiden_wind,0.0
young_children_dbnl_1031,0,0_spirit_flowers_maiden_wind,0.0
young_children_dbnl_1032,0,0_spirit_flowers_maiden_wind,0.0
young_children_dbnl_1033,0,0_spirit_flowers_maiden_wind,0.0
young_children_dbnl_1034,8,8_bride_wedding_maidens_marriage,0.4385377
young_children_dbnl_1035,0,0_spirit_flowers_maiden_wind,0.0
young_children_dbnl_1036,0,0_spirit_flowers_maiden_wind,0.0
young_children_dbnl_1037,8,8_bride_wedding_maidens_marriage,0.5600035
young_children_dbnl_1038,8,8_bride_wedding_maidens_marriage,0.66204506
young_children_dbnl_1039,8,8_bride_wedding_maidens_marriage,0.9213731
young_children_dbnl_1040,7,7_tended herd_servant_plow_shepherd,1.0
young_children_dbnl_1041,8,8_bride_wedding_maidens_marriage,1.0
young_children_dbnl_1042,0,0_spirit_flowers_maiden_wind,0.0
young_children_dbnl_1043,8,8_bride_wedding_maidens_marriage,0.85162526
young_children_dbnl_1044,6,6_village_skirt_autumn_bread,0.39859992
young_children_dbnl_1045,8,8_bride_wedding_maidens_marriage,1.0
young_children_dbnl_917_1100_11,6,6_village_skirt_autumn_bread,0.59135765
young_children_txt_0,7,7_tended herd_servant_plow_shepherd,0.7637821
young_children_txt_1,0,0_spirit_flowers_maiden_wind,0.0
young_children_txt_2,0,0_spirit_flowers_maiden_wind,0.0
young_children_txt_3,0,0_spirit_flowers_maiden_wind,0.0
young_children_txt_4,0,0_spirit_flowers_maiden_wind,0.0
young_children_txt_5,8,8_bride_wedding_maidens_marriage,1.0
young_children_txt_6,8,8_bride_wedding_maidens_marriage,1.0
young_children_txt_7,8,8_bride_wedding_maidens_marriage,1.0
young_children_txt_8,0,0_spirit_flowers_maiden_wind,0.0
young_children_txt_9,0,0_spirit_flowers_maiden_wind,0.0
young_children_txt_10,0,0_spirit_flowers_maiden_wind,0.0
young_children_txt_11,5,5_hwanghae_flowers_river_bloom flowers,0.65444106
young_children_txt_12,8,8_bride_wedding_maidens_marriage,1.0
young_children_txt_13,8,8_bride_wedding_maidens_marriage,1.0
young_children_txt_14,0,0_spirit_flowers_maiden_wind,0.0
young_children_txt_16,0,0_spirit_flowers_maiden_wind,0.0
young_children_txt_17,0,0_spirit_flowers_maiden_wind,0.0
young_children_txt_18,6,6_village_skirt_autumn_bread,1.0
young_children_txt_19,8,8_bride_wedding_maidens_marriage,1.0
young_children_txt_21,8,8_bride_wedding_maidens_marriage,1.0
young_children_txt_22,8,8_bride_wedding_maidens_marriage,1.0
young_children_txt_23,0,0_spirit_flowers_maiden_wind,0.0
young_children_txt_24,6,6_village_skirt_autumn_bread,0.85186225
young_children_txt_25,0,0_spirit_flowers_maiden_wind,0.0
young_children_txt_26,0,0_spirit_flowers_maiden_wind,0.0
young_children_txt_27,0,0_spirit_flowers_maiden_wind,0.0
young_children_txt_29,0,0_spirit_flowers_maiden_wind,0.0
young_children_txt_30,0,0_spirit_flowers_maiden_wind,0.0
young_children_txt_31,0,0_spirit_flowers_maiden_wind,0.0
young_children_txt_33,0,0_spirit_flowers_maiden_wind,0.0
young_children_txt_34,0,0_spirit_flowers_maiden_wind,0.0
young_children_txt_35,0,0_spirit_flowers_maiden_wind,0.0
young_children_txt_36,0,0_spirit_flowers_maiden_wind,0.0
young_children_txt_37,0,0_spirit_flowers_maiden_wind,0.0
young_children_txt_38,0,0_spirit_flowers_maiden_wind,0.0
young_children_txt_40,0,0_spirit_flowers_maiden_wind,0.0
young_children_txt_41,0,0_spirit_flowers_maiden_wind,0.0
young_children_txt_43,0,0_spirit_flowers_maiden_wind,0.0
young_children_txt_44,0,0_spirit_flowers_maiden_wind,0.0
young_children_txt_45,3,3_servant_servants_piet_dip,1.0
young_children_txt_46,8,8_bride_wedding_maidens_marriage,1.0
young_children_txt_47,0,0_spirit_flowers_maiden_wind,0.0
young_children_txt_48,0,0_spirit_flowers_maiden_wind,0.0
young_children_txt_49,3,3_servant_servants_piet_dip,1.0
young_children_txt_50,3,3_servant_servants_piet_dip,1.0
young_children_txt_51,7,7_tended herd_servant_plow_shepherd,1.0
young_children_txt_52,0,0_spirit_flowers_maiden_wind,0.0
young_children_txt_53,0,0_spirit_flowers_maiden_wind,0.0
young_children_txt_54,0,0_spirit_flowers_maiden_wind,0.0
young_children_txt_55,6,6_village_skirt_autumn_bread,0.69176817
young_children_txt_56,0,0_spirit_flowers_maiden_wind,0.0
young_children_txt_57,6,6_village_skirt_autumn_bread,1.0
young_children_txt_58,8,8_bride_wedding_maidens_marriage,1.0
young_children_txt_59,0,0_spirit_flowers_maiden_wind,0.0
young_children_txt_60,0,0_spirit_flowers_maiden_wind,0.0
young_children_txt_61,0,0_spirit_flowers_maiden_wind,0.0
young_children_txt_62,6,6_village_skirt_autumn_bread,0.65843475
young_children_txt_63,0,0_spirit_flowers_maiden_wind,0.0
young_children_txt_64,0,0_spirit_flowers_maiden_wind,0.0
young_children_txt_65,0,0_spirit_flowers_maiden_wind,0.0
young_children_txt_66,0,0_spirit_flowers_maiden_wind,0.0
young_children_txt_67,0,0_spirit_flowers_maiden_wind,0.0
young_children_txt_68,0,0_spirit_flowers_maiden_wind,0.0
young_children_txt_69,0,0_spirit_flowers_maiden_wind,0.0
young_children_txt_71,0,0_spirit_flowers_maiden_wind,0.0
young_children_txt_72,3,3_servant_servants_piet_dip,1.0
young_children_txt_73,0,0_spirit_flowers_maiden_wind,0.0
young_children_txt_74,6,6_village_skirt_autumn_bread,0.81656456
young_children_txt_75,0,0_spirit_flowers_maiden_wind,0.0
young_children_txt_76,0,0_spirit_flowers_maiden_wind,0.0
young_children_txt_78,0,0_spirit_flowers_maiden_wind,0.0
young_children_txt_79,0,0_spirit_flowers_maiden_wind,0.0
young_children_txt_80,0,0_spirit_flowers_maiden_wind,0.0
young_children_txt_81,0,0_spirit_flowers_maiden_wind,0.0
young_children_txt_82,0,0_spirit_flowers_maiden_wind,0.0
young_children_txt_83,0,0_spirit_flowers_maiden_wind,0.0
young_children_txt_84,0,0_spirit_flowers_maiden_wind,0.0
young_children_txt_85,6,6_village_skirt_autumn_bread,1.0
young_children_txt_86,0,0_spirit_flowers_maiden_wind,0.0
young_children_txt_87,0,0_spirit_flowers_maiden_wind,0.0
young_children_txt_89,0,0_spirit_flowers_maiden_wind,0.0
young_children_txt_90,0,0_spirit_flowers_maiden_wind,0.0
young_children_txt_91,0,0_spirit_flowers_maiden_wind,0.0
young_children_txt_92,0,0_spirit_flowers_maiden_wind,0.0
young_children_txt_93,6,6_village_skirt_autumn_bread,0.50496376
young_children_txt_94,3,3_servant_servants_piet_dip,1.0
young_children_txt_96,6,6_village_skirt_autumn_bread,1.0
young_children_txt_97,0,0_spirit_flowers_maiden_wind,0.0
young_children_txt_98,6,6_village_skirt_autumn_bread,1.0
young_children_txt_99,0,0_spirit_flowers_maiden_wind,0.0
young_children_txt_100,0,0_spirit_flowers_maiden_wind,0.0
young_children_txt_101,0,0_spirit_flowers_maiden_wind,0.0
young_children_txt_102,0,0_spirit_flowers_maiden_wind,0.0
young_children_txt_103,0,0_spirit_flowers_maiden_wind,0.0
young_children_txt_106,3,3_servant_servants_piet_dip,1.0
young_children_txt_107,0,0_spirit_flowers_maiden_wind,0.0
young_children_txt_108,0,0_spirit_flowers_maiden_wind,0.0
young_children_txt_109,0,0_spirit_flowers_maiden_wind,0.0
young_children_txt_110,0,0_spirit_flowers_maiden_wind,0.0
young_children_txt_111,0,0_spirit_flowers_maiden_wind,0.0
young_children_txt_112,8,8_bride_wedding_maidens_marriage,1.0
young_children_txt_113,0,0_spirit_flowers_maiden_wind,0.0
young_children_txt_114,0,0_spirit_flowers_maiden_wind,0.0
young_children_txt_115,8,8_bride_wedding_maidens_marriage,0.6110033
young_children_txt_116,0,0_spirit_flowers_maiden_wind,0.0
young_children_txt_117,0,0_spirit_flowers_maiden_wind,0.0
young_children_txt_118,6,6_village_skirt_autumn_bread,1.0
young_children_txt_119,0,0_spirit_flowers_maiden_wind,0.0
young_children_txt_120,6,6_village_skirt_autumn_bread,0.8770417
young_children_txt_121,0,0_spirit_flowers_maiden_wind,0.0
young_children_txt_123,3,3_servant_servants_piet_dip,1.0
young_children_txt_124,0,0_spirit_flowers_maiden_wind,0.0
young_children_txt_125,8,8_bride_wedding_maidens_marriage,0.51199746
young_children_txt_126,0,0_spirit_flowers_maiden_wind,0.0
young_children_txt_127,0,0_spirit_flowers_maiden_wind,0.0
young_children_txt_128,0,0_spirit_flowers_maiden_wind,0.0
young_children_txt_129,0,0_spirit_flowers_maiden_wind,0.0
young_children_txt_130,0,0_spirit_flowers_maiden_wind,0.0
young_children_txt_131,0,0_spirit_flowers_maiden_wind,0.0
young_children_txt_132,6,6_village_skirt_autumn_bread,0.64016795
young_children_txt_133,0,0_spirit_flowers_maiden_wind,0.0
young_children_txt_134,0,0_spirit_flowers_maiden_wind,0.0
young_children_txt_135,3,3_servant_servants_piet_dip,1.0
young_children_txt_136,0,0_spirit_flowers_maiden_wind,0.0
young_children_txt_137,0,0_spirit_flowers_maiden_wind,0.0
young_children_txt_138,6,6_village_skirt_autumn_bread,1.0
young_children_txt_139,0,0_spirit_flowers_maiden_wind,0.0
young_children_txt_140,0,0_spirit_flowers_maiden_wind,0.0
young_children_txt_141,0,0_spirit_flowers_maiden_wind,0.0
young_children_txt_142,6,6_village_skirt_autumn_bread,1.0
young_children_txt_143,0,0_spirit_flowers_maiden_wind,0.0
young_children_txt_144,0,0_spirit_flowers_maiden_wind,0.0
young_children_txt_145,0,0_spirit_flowers_maiden_wind,0.0
young_children_txt_146,0,0_spirit_flowers_maiden_wind,0.0
young_children_txt_148,5,5_hwanghae_flowers_river_bloom flowers,1.0
young_children_txt_149,0,0_spirit_flowers_maiden_wind,0.0
young_children_txt_150,0,0_spirit_flowers_maiden_wind,0.0
young_children_txt_151,0,0_spirit_flowers_maiden_wind,0.0
young_children_txt_152,0,0_spirit_flowers_maiden_wind,0.0
young_children_txt_153,0,0_spirit_flowers_maiden_wind,0.0
young_children_txt_154,8,8_bride_wedding_maidens_marriage,1.0
young_children_txt_155,3,3_servant_servants_piet_dip,1.0
young_children_txt_156,0,0_spirit_flowers_maiden_wind,0.0
young_children_txt_157,0,0_spirit_flowers_maiden_wind,0.0
young_children_txt_158,0,0_spirit_flowers_maiden_wind,0.0
young_children_txt_159,6,6_village_skirt_autumn_bread,1.0
young_children_txt_160,0,0_spirit_flowers_maiden_wind,0.0
young_children_txt_161,0,0_spirit_flowers_maiden_wind,0.0
young_children_txt_162,6,6_village_skirt_autumn_bread,1.0
young_children_txt_163,5,5_hwanghae_flowers_river_bloom flowers,1.0
young_children_txt_164,3,3_servant_servants_piet_dip,1.0
young_children_txt_165,0,0_spirit_flowers_maiden_wind,0.0
young_children_txt_166,0,0_spirit_flowers_maiden_wind,0.0
young_children_txt_169,0,0_spirit_flowers_maiden_wind,0.0
young_children_txt_170,3,3_servant_servants_piet_dip,1.0
young_children_txt_171,0,0_spirit_flowers_maiden_wind,0.0
young_children_txt_172,0,0_spirit_flowers_maiden_wind,0.0
young_children_txt_173,8,8_bride_wedding_maidens_marriage,1.0
young_children_txt_174,0,0_spirit_flowers_maiden_wind,0.0
young_children_txt_175,0,0_spirit_flowers_maiden_wind,0.0
young_children_txt_176,0,0_spirit_flowers_maiden_wind,0.0
young_children_txt_177,0,0_spirit_flowers_maiden_wind,0.0
young_children_txt_178,0,0_spirit_flowers_maiden_wind,0.0
young_children_txt_179,0,0_spirit_flowers_maiden_wind,0.0
young_children_txt_180,0,0_spirit_flowers_maiden_wind,0.0
young_children_txt_181,0,0_spirit_flowers_maiden_wind,0.0
young_children_txt_182,0,0_spirit_flowers_maiden_wind,0.0
young_children_txt_183,0,0_spirit_flowers_maiden_wind,0.0
young_children_txt_184,0,0_spirit_flowers_maiden_wind,0.0
young_children_txt_185,0,0_spirit_flowers_maiden_wind,0.0
young_children_txt_186,0,0_spirit_flowers_maiden_wind,0.0
young_children_txt_187,8,8_bride_wedding_maidens_marriage,1.0
young_children_txt_188,0,0_spirit_flowers_maiden_wind,0.0
young_children_txt_189,0,0_spirit_flowers_maiden_wind,0.0
young_children_txt_190,0,0_spirit_flowers_maiden_wind,0.0
young_children_txt_192,0,0_spirit_flowers_maiden_wind,0.0
young_children_txt_194,0,0_spirit_flowers_maiden_wind,0.0
young_children_txt_195,0,0_spirit_flowers_maiden_wind,0.0
young_children_txt_196,8,8_bride_wedding_maidens_marriage,0.8826949
young_children_txt_197,8,8_bride_wedding_maidens_marriage,1.0
young_children_txt_198,0,0_spirit_flowers_maiden_wind,0.0
young_children_txt_199,0,0_spirit_flowers_maiden_wind,0.0
young_children_txt_200,0,0_spirit_flowers_maiden_wind,0.0
young_children_txt_201,0,0_spirit_flowers_maiden_wind,0.0
young_children_txt_202,0,0_spirit_flowers_maiden_wind,0.0
young_children_txt_204,8,8_bride_wedding_maidens_marriage,1.0
young_children_txt_205,0,0_spirit_flowers_maiden_wind,0.0
young_children_txt_206,0,0_spirit_flowers_maiden_wind,0.0
young_children_txt_207,0,0_spirit_flowers_maiden_wind,0.0
young_children_txt_208,0,0_spirit_flowers_maiden_wind,0.0
young_children_txt_210,0,0_spirit_flowers_maiden_wind,0.0
young_children_txt_211,6,6_village_skirt_autumn_bread,1.0
young_children_txt_212,6,6_village_skirt_autumn_bread,1.0
young_children_txt_213,0,0_spirit_flowers_maiden_wind,0.0
young_children_txt_214,6,6_village_skirt_autumn_bread,1.0
young_children_txt_217,0,0_spirit_flowers_maiden_wind,0.0
young_children_txt_218,8,8_bride_wedding_maidens_marriage,1.0
young_children_txt_219,0,0_spirit_flowers_maiden_wind,0.0
young_children_txt_220,6,6_village_skirt_autumn_bread,1.0
young_children_txt_221,0,0_spirit_flowers_maiden_wind,0.0
young_children_txt_222,6,6_village_skirt_autumn_bread,1.0
young_children_txt_223,0,0_spirit_flowers_maiden_wind,0.0
young_children_txt_224,6,6_village_skirt_autumn_bread,1.0
young_children_txt_225,0,0_spirit_flowers_maiden_wind,0.0
young_children_txt_226,0,0_spirit_flowers_maiden_wind,0.0
young_children_txt_227,0,0_spirit_flowers_maiden_wind,0.0
young_children_txt_228,8,8_bride_wedding_maidens_marriage,1.0
young_children_txt_230,0,0_spirit_flowers_maiden_wind,0.0
young_children_txt_231,0,0_spirit_flowers_maiden_wind,0.0
young_children_txt_232,0,0_spirit_flowers_maiden_wind,0.0
young_children_txt_233,3,3_servant_servants_piet_dip,1.0
young_children_txt_234,6,6_village_skirt_autumn_bread,1.0
young_children_txt_235,0,0_spirit_flowers_maiden_wind,0.0
young_children_txt_236,3,3_servant_servants_piet_dip,1.0
young_children_txt_237,0,0_spirit_flowers_maiden_wind,0.0
young_children_txt_238,0,0_spirit_flowers_maiden_wind,0.0
young_children_txt_239,6,6_village_skirt_autumn_bread,1.0
young_children_txt_240,3,3_servant_servants_piet_dip,1.0
young_children_txt_241,0,0_spirit_flowers_maiden_wind,0.0
young_children_txt_242,3,3_servant_servants_piet_dip,1.0
young_children_txt_243,0,0_spirit_flowers_maiden_wind,0.0
young_children_txt_244,0,0_spirit_flowers_maiden_wind,0.0
young_children_txt_245,0,0_spirit_flowers_maiden_wind,0.0
young_children_txt_246,7,7_tended herd_servant_plow_shepherd,1.0
young_children_txt_247,0,0_spirit_flowers_maiden_wind,0.0
young_children_txt_248,3,3_servant_servants_piet_dip,0.7475724
young_children_txt_249,0,0_spirit_flowers_maiden_wind,0.0
young_children_txt_250,3,3_servant_servants_piet_dip,1.0
young_children_txt_251,0,0_spirit_flowers_maiden_wind,0.0
young_children_txt_252,0,0_spirit_flowers_maiden_wind,0.0
young_children_txt_253,0,0_spirit_flowers_maiden_wind,0.0
young_children_txt_254,8,8_bride_wedding_maidens_marriage,0.83203655
young_children_txt_255,0,0_spirit_flowers_maiden_wind,0.0
young_children_txt_256,0,0_spirit_flowers_maiden_wind,0.0
young_children_txt_257,0,0_spirit_flowers_maiden_wind,0.0
young_children_txt_258,0,0_spirit_flowers_maiden_wind,0.0
young_children_txt_259,0,0_spirit_flowers_maiden_wind,0.0
young_children_txt_260,0,0_spirit_flowers_maiden_wind,0.0
young_children_txt_261,0,0_spirit_flowers_maiden_wind,0.0
young_children_txt_262,5,5_hwanghae_flowers_river_bloom flowers,0.50232553
young_children_txt_263,6,6_village_skirt_autumn_bread,1.0
young_children_txt_264,0,0_spirit_flowers_maiden_wind,0.0
young_children_txt_265,0,0_spirit_flowers_maiden_wind,0.0
young_children_txt_266,0,0_spirit_flowers_maiden_wind,0.0
young_children_txt_267,0,0_spirit_flowers_maiden_wind,0.0
young_children_txt_268,6,6_village_skirt_autumn_bread,1.0
young_children_txt_269,0,0_spirit_flowers_maiden_wind,0.0
young_children_txt_270,3,3_servant_servants_piet_dip,1.0
young_children_txt_271,0,0_spirit_flowers_maiden_wind,0.0
young_children_txt_272,0,0_spirit_flowers_maiden_wind,0.0
young_children_txt_273,0,0_spirit_flowers_maiden_wind,0.0
young_children_txt_274,0,0_spirit_flowers_maiden_wind,0.0
young_children_txt_275,0,0_spirit_flowers_maiden_wind,0.0
young_children_txt_276,3,3_servant_servants_piet_dip,1.0
young_children_txt_277,0,0_spirit_flowers_maiden_wind,0.0
young_children_txt_278,0,0_spirit_flowers_maiden_wind,0.0
young_children_txt_280,5,5_hwanghae_flowers_river_bloom flowers,1.0
young_children_txt_281,0,0_spirit_flowers_maiden_wind,0.0
young_children_txt_282,0,0_spirit_flowers_maiden_wind,0.0
young_children_txt_283,6,6_village_skirt_autumn_bread,1.0
young_children_txt_284,0,0_spirit_flowers_maiden_wind,0.0
young_children_txt_285,0,0_spirit_flowers_maiden_wind,0.0
young_children_txt_286,0,0_spirit_flowers_maiden_wind,0.0
young_children_txt_287,0,0_spirit_flowers_maiden_wind,0.0
young_children_txt_288,0,0_spirit_flowers_maiden_wind,0.0
young_children_txt_289,8,8_bride_wedding_maidens_marriage,1.0
young_children_txt_290,0,0_spirit_flowers_maiden_wind,0.0
young_children_txt_291,0,0_spirit_flowers_maiden_wind,0.0
young_children_txt_292,0,0_spirit_flowers_maiden_wind,0.0
young_children_txt_294,0,0_spirit_flowers_maiden_wind,0.0
young_children_txt_295,0,0_spirit_flowers_maiden_wind,0.0
young_children_txt_296,0,0_spirit_flowers_maiden_wind,0.0
young_children_txt_297,0,0_spirit_flowers_maiden_wind,0.0
young_children_txt_299,3,3_servant_servants_piet_dip,1.0
young_children_txt_300,0,0_spirit_flowers_maiden_wind,0.0
young_children_txt_301,0,0_spirit_flowers_maiden_wind,0.0
young_children_txt_302,0,0_spirit_flowers_maiden_wind,0.0
young_children_txt_303,0,0_spirit_flowers_maiden_wind,0.0
young_children_txt_304,0,0_spirit_flowers_maiden_wind,0.0
young_children_txt_305,0,0_spirit_flowers_maiden_wind,0.0
young_children_txt_306,8,8_bride_wedding_maidens_marriage,1.0
young_children_txt_307,6,6_village_skirt_autumn_bread,1.0
young_children_txt_308,6,6_village_skirt_autumn_bread,1.0
young_children_txt_309,0,0_spirit_flowers_maiden_wind,0.0
young_children_txt_310,0,0_spirit_flowers_maiden_wind,0.0
young_children_txt_311,8,8_bride_wedding_maidens_marriage,1.0
young_children_txt_312,6,6_village_skirt_autumn_bread,1.0
young_children_txt_313,0,0_spirit_flowers_maiden_wind,0.0
young_children_txt_314,0,0_spirit_flowers_maiden_wind,0.0
young_children_txt_315,0,0_spirit_flowers_maiden_wind,0.0
young_children_txt_316,6,6_village_skirt_autumn_bread,1.0
young_children_txt_318,0,0_spirit_flowers_maiden_wind,0.0
young_children_txt_319,0,0_spirit_flowers_maiden_wind,0.0
young_children_txt_320,6,6_village_skirt_autumn_bread,1.0
young_children_txt_321,0,0_spirit_flowers_maiden_wind,0.0
young_children_txt_322,0,0_spirit_flowers_maiden_wind,0.0
young_children_txt_323,0,0_spirit_flowers_maiden_wind,0.0
young_children_txt_324,0,0_spirit_flowers_maiden_wind,0.0
young_children_txt_325,6,6_village_skirt_autumn_bread,1.0
young_children_txt_326,0,0_spirit_flowers_maiden_wind,0.0
young_children_txt_327,0,0_spirit_flowers_maiden_wind,0.0
young_children_txt_328,0,0_spirit_flowers_maiden_wind,0.0
young_children_txt_329,6,6_village_skirt_autumn_bread,0.8668807
young_children_txt_330,6,6_village_skirt_autumn_bread,1.0
young_children_txt_331,0,0_spirit_flowers_maiden_wind,0.0
young_children_txt_332,0,0_spirit_flowers_maiden_wind,0.0
young_children_txt_333,0,0_spirit_flowers_maiden_wind,0.0
young_children_txt_334,0,0_spirit_flowers_maiden_wind,0.0
young_children_txt_335,0,0_spirit_flowers_maiden_wind,0.0
young_children_txt_336,0,0_spirit_flowers_maiden_wind,0.0
young_children_txt_337,3,3_servant_servants_piet_dip,1.0
young_children_txt_338,0,0_spirit_flowers_maiden_wind,0.0
young_children_txt_339,0,0_spirit_flowers_maiden_wind,0.0
young_children_txt_340,0,0_spirit_flowers_maiden_wind,0.0
young_children_txt_341,0,0_spirit_flowers_maiden_wind,0.0
young_children_txt_342,0,0_spirit_flowers_maiden_wind,0.0
young_children_txt_343,3,3_servant_servants_piet_dip,1.0
young_children_txt_344,0,0_spirit_flowers_maiden_wind,0.0
young_children_txt_345,0,0_spirit_flowers_maiden_wind,0.0
young_children_txt_346,0,0_spirit_flowers_maiden_wind,0.0
young_children_txt_348,0,0_spirit_flowers_maiden_wind,0.0
young_children_txt_349,0,0_spirit_flowers_maiden_wind,0.0
young_children_txt_350,0,0_spirit_flowers_maiden_wind,0.0
young_children_txt_351,0,0_spirit_flowers_maiden_wind,0.0
young_children_txt_352,0,0_spirit_flowers_maiden_wind,0.0
young_children_txt_353,0,0_spirit_flowers_maiden_wind,0.0
young_children_txt_355,0,0_spirit_flowers_maiden_wind,0.0
young_children_txt_356,0,0_spirit_flowers_maiden_wind,0.0
young_children_txt_357,3,3_servant_servants_piet_dip,1.0
young_children_txt_358,0,0_spirit_flowers_maiden_wind,0.0
young_children_txt_359,0,0_spirit_flowers_maiden_wind,0.0
young_children_txt_360,0,0_spirit_flowers_maiden_wind,0.0
young_children_txt_361,0,0_spirit_flowers_maiden_wind,0.0
young_children_txt_364,0,0_spirit_flowers_maiden_wind,0.0
young_children_txt_365,6,6_village_skirt_autumn_bread,1.0
young_children_txt_366,0,0_spirit_flowers_maiden_wind,0.0
young_children_txt_367,0,0_spirit_flowers_maiden_wind,0.0
young_children_txt_368,0,0_spirit_flowers_maiden_wind,0.0
young_children_txt_370,0,0_spirit_flowers_maiden_wind,0.0
young_children_txt_372,0,0_spirit_flowers_maiden_wind,0.0
young_children_txt_373,0,0_spirit_flowers_maiden_wind,0.0
young_children_txt_374,8,8_bride_wedding_maidens_marriage,1.0
young_children_txt_375,0,0_spirit_flowers_maiden_wind,0.0
young_children_txt_376,0,0_spirit_flowers_maiden_wind,0.0
young_children_txt_377,0,0_spirit_flowers_maiden_wind,0.0
young_children_txt_378,0,0_spirit_flowers_maiden_wind,0.0
young_children_txt_379,0,0_spirit_flowers_maiden_wind,0.0
young_children_txt_380,0,0_spirit_flowers_maiden_wind,0.0
young_children_txt_381,3,3_servant_servants_piet_dip,1.0
young_children_txt_382,0,0_spirit_flowers_maiden_wind,0.0
young_children_txt_383,0,0_spirit_flowers_maiden_wind,0.0
young_children_txt_384,0,0_spirit_flowers_maiden_wind,0.0
young_children_txt_385,0,0_spirit_flowers_maiden_wind,0.0
young_children_txt_386,5,5_hwanghae_flowers_river_bloom flowers,1.0
young_children_txt_387,6,6_village_skirt_autumn_bread,1.0
young_children_txt_389,0,0_spirit_flowers_maiden_wind,0.0
young_children_txt_390,0,0_spirit_flowers_maiden_wind,0.0
young_children_txt_391,0,0_spirit_flowers_maiden_wind,0.0
young_children_txt_393,0,0_spirit_flowers_maiden_wind,0.0
young_children_txt_395,0,0_spirit_flowers_maiden_wind,0.0
young_children_txt_396,0,0_spirit_flowers_maiden_wind,0.0
young_children_txt_397,0,0_spirit_flowers_maiden_wind,0.0
young_children_txt_398,0,0_spirit_flowers_maiden_wind,0.0
young_children_txt_399,0,0_spirit_flowers_maiden_wind,0.0
young_children_txt_400,6,6_village_skirt_autumn_bread,1.0
young_children_txt_401,0,0_spirit_flowers_maiden_wind,0.0
young_children_txt_402,0,0_spirit_flowers_maiden_wind,0.0
young_children_txt_403,0,0_spirit_flowers_maiden_wind,0.0
young_children_txt_404,0,0_spirit_flowers_maiden_wind,0.0
young_children_txt_405,0,0_spirit_flowers_maiden_wind,0.0
young_children_txt_406,0,0_spirit_flowers_maiden_wind,0.0
young_children_txt_407,0,0_spirit_flowers_maiden_wind,0.0
young_children_txt_408,0,0_spirit_flowers_maiden_wind,0.0
young_children_txt_409,0,0_spirit_flowers_maiden_wind,0.0
young_children_txt_410,0,0_spirit_flowers_maiden_wind,0.0
young_children_txt_411,0,0_spirit_flowers_maiden_wind,0.0
young_children_txt_412,0,0_spirit_flowers_maiden_wind,0.0
young_children_txt_413,0,0_spirit_flowers_maiden_wind,0.0
young_children_txt_415,0,0_spirit_flowers_maiden_wind,0.0
young_children_txt_416,8,8_bride_wedding_maidens_marriage,1.0
young_children_txt_418,0,0_spirit_flowers_maiden_wind,0.0
young_children_txt_419,0,0_spirit_flowers_maiden_wind,0.0
young_children_txt_420,0,0_spirit_flowers_maiden_wind,0.0
young_children_txt_421,6,6_village_skirt_autumn_bread,1.0
young_children_txt_422,0,0_spirit_flowers_maiden_wind,0.0
young_children_txt_423,6,6_village_skirt_autumn_bread,1.0
young_children_txt_424,6,6_village_skirt_autumn_bread,1.0
young_children_txt_425,0,0_spirit_flowers_maiden_wind,0.0
young_children_txt_426,0,0_spirit_flowers_maiden_wind,0.0
young_children_txt_427,0,0_spirit_flowers_maiden_wind,0.0
young_children_txt_428,8,8_bride_wedding_maidens_marriage,1.0
young_children_txt_429,6,6_village_skirt_autumn_bread,1.0
young_children_txt_430,0,0_spirit_flowers_maiden_wind,0.0
young_children_txt_431,7,7_tended herd_servant_plow_shepherd,1.0
young_children_txt_432,5,5_hwanghae_flowers_river_bloom flowers,1.0
young_children_txt_433,0,0_spirit_flowers_maiden_wind,0.0
young_children_txt_434,0,0_spirit_flowers_maiden_wind,0.0
young_children_txt_435,0,0_spirit_flowers_maiden_wind,0.0
young_children_txt_436,0,0_spirit_flowers_maiden_wind,0.0
young_children_txt_437,0,0_spirit_flowers_maiden_wind,0.0
young_children_txt_438,0,0_spirit_flowers_maiden_wind,0.0
young_children_txt_439,6,6_village_skirt_autumn_bread,0.92394227
young_children_txt_440,8,8_bride_wedding_maidens_marriage,1.0
young_children_txt_441,0,0_spirit_flowers_maiden_wind,0.0
young_children_txt_442,0,0_spirit_flowers_maiden_wind,0.0
young_children_txt_443,0,0_spirit_flowers_maiden_wind,0.0
young_children_txt_444,0,0_spirit_flowers_maiden_wind,0.0
young_children_txt_445,8,8_bride_wedding_maidens_marriage,1.0
young_children_txt_447,0,0_spirit_flowers_maiden_wind,0.0
young_children_txt_448,7,7_tended herd_servant_plow_shepherd,0.7095187
young_children_txt_449,6,6_village_skirt_autumn_bread,0.53539467
young_children_txt_450,0,0_spirit_flowers_maiden_wind,0.0
young_children_txt_451,7,7_tended herd_servant_plow_shepherd,0.5316624
young_children_txt_452,6,6_village_skirt_autumn_bread,1.0
young_children_txt_455,0,0_spirit_flowers_maiden_wind,0.0
young_children_txt_456,0,0_spirit_flowers_maiden_wind,0.0
young_children_txt_457,3,3_servant_servants_piet_dip,1.0
young_children_txt_458,8,8_bride_wedding_maidens_marriage,1.0
young_children_txt_459,5,5_hwanghae_flowers_river_bloom flowers,0.68246263
young_children_txt_460,8,8_bride_wedding_maidens_marriage,1.0
young_children_txt_461,6,6_village_skirt_autumn_bread,1.0
young_children_txt_462,8,8_bride_wedding_maidens_marriage,1.0
young_children_txt_463,0,0_spirit_flowers_maiden_wind,0.0
young_children_txt_464,0,0_spirit_flowers_maiden_wind,0.0
young_children_txt_465,0,0_spirit_flowers_maiden_wind,0.0
young_children_txt_466,0,0_spirit_flowers_maiden_wind,0.0
young_children_txt_468,0,0_spirit_flowers_maiden_wind,0.0
young_children_txt_470,6,6_village_skirt_autumn_bread,1.0
young_children_txt_471,0,0_spirit_flowers_maiden_wind,0.0
young_children_txt_472,0,0_spirit_flowers_maiden_wind,0.0
young_children_txt_473,0,0_spirit_flowers_maiden_wind,0.0
young_children_txt_474,0,0_spirit_flowers_maiden_wind,0.0
young_children_txt_475,8,8_bride_wedding_maidens_marriage,1.0
young_children_txt_476,0,0_spirit_flowers_maiden_wind,0.0
young_children_txt_477,0,0_spirit_flowers_maiden_wind,0.0
young_children_txt_478,8,8_bride_wedding_maidens_marriage,1.0
young_children_txt_479,0,0_spirit_flowers_maiden_wind,0.0
young_children_txt_480,0,0_spirit_flowers_maiden_wind,0.0
young_children_txt_482,0,0_spirit_flowers_maiden_wind,0.0
young_children_txt_483,0,0_spirit_flowers_maiden_wind,0.0
young_children_txt_484,0,0_spirit_flowers_maiden_wind,0.0
young_children_txt_485,0,0_spirit_flowers_maiden_wind,0.0
young_children_txt_486,0,0_spirit_flowers_maiden_wind,0.0
young_children_txt_488,6,6_village_skirt_autumn_bread,1.0
young_children_txt_489,0,0_spirit_flowers_maiden_wind,0.0
young_children_txt_490,0,0_spirit_flowers_maiden_wind,0.0
young_children_txt_491,6,6_village_skirt_autumn_bread,1.0
young_children_txt_492,0,0_spirit_flowers_maiden_wind,0.0
young_children_txt_493,8,8_bride_wedding_maidens_marriage,1.0
young_children_txt_494,0,0_spirit_flowers_maiden_wind,0.0
young_children_txt_495,0,0_spirit_flowers_maiden_wind,0.0
young_children_txt_497,0,0_spirit_flowers_maiden_wind,0.0
young_children_txt_498,6,6_village_skirt_autumn_bread,1.0
young_children_txt_499,0,0_spirit_flowers_maiden_wind,0.0
young_children_txt_500,0,0_spirit_flowers_maiden_wind,0.0
young_children_txt_501,8,8_bride_wedding_maidens_marriage,1.0
young_children_txt_502,0,0_spirit_flowers_maiden_wind,0.0
young_children_txt_504,0,0_spirit_flowers_maiden_wind,0.0
young_children_txt_505,0,0_spirit_flowers_maiden_wind,0.0
young_children_txt_506,0,0_spirit_flowers_maiden_wind,0.0
young_children_txt_507,0,0_spirit_flowers_maiden_wind,0.0
young_children_txt_508,0,0_spirit_flowers_maiden_wind,0.0
young_children_txt_510,8,8_bride_wedding_maidens_marriage,1.0
young_children_txt_511,8,8_bride_wedding_maidens_marriage,1.0
young_children_txt_512,0,0_spirit_flowers_maiden_wind,0.0
young_children_txt_513,3,3_servant_servants_piet_dip,1.0
young_children_txt_514,0,0_spirit_flowers_maiden_wind,0.0
young_children_txt_515,7,7_tended herd_servant_plow_shepherd,1.0
young_children_txt_516,0,0_spirit_flowers_maiden_wind,0.0
young_children_txt_517,0,0_spirit_flowers_maiden_wind,0.0
young_children_txt_518,6,6_village_skirt_autumn_bread,1.0
young_children_txt_519,6,6_village_skirt_autumn_bread,1.0
young_children_txt_520,0,0_spirit_flowers_maiden_wind,0.0
young_children_txt_521,0,0_spirit_flowers_maiden_wind,0.0
young_children_txt_522,0,0_spirit_flowers_maiden_wind,0.0
young_children_txt_523,0,0_spirit_flowers_maiden_wind,0.0
young_children_txt_524,0,0_spirit_flowers_maiden_wind,0.0
young_children_txt_525,0,0_spirit_flowers_maiden_wind,0.0
young_children_txt_526,0,0_spirit_flowers_maiden_wind,0.0
young_children_txt_527,0,0_spirit_flowers_maiden_wind,0.0
young_children_txt_528,3,3_servant_servants_piet_dip,1.0
young_children_txt_529,0,0_spirit_flowers_maiden_wind,0.0
young_children_txt_530,0,0_spirit_flowers_maiden_wind,0.0
young_children_txt_531,6,6_village_skirt_autumn_bread,1.0
young_children_txt_532,0,0_spirit_flowers_maiden_wind,0.0
young_children_txt_533,3,3_servant_servants_piet_dip,1.0
young_children_txt_534,0,0_spirit_flowers_maiden_wind,0.0
young_children_txt_535,0,0_spirit_flowers_maiden_wind,0.0
young_children_txt_536,0,0_spirit_flowers_maiden_wind,0.0
young_children_txt_537,0,0_spirit_flowers_maiden_wind,0.0
young_children_txt_538,6,6_village_skirt_autumn_bread,1.0
young_children_txt_539,6,6_village_skirt_autumn_bread,1.0
young_children_txt_540,0,0_spirit_flowers_maiden_wind,0.0
young_children_txt_541,6,6_village_skirt_autumn_bread,1.0
young_children_txt_542,8,8_bride_wedding_maidens_marriage,0.68144614
young_children_txt_543,0,0_spirit_flowers_maiden_wind,0.0
young_children_txt_544,0,0_spirit_flowers_maiden_wind,0.0
young_children_txt_545,0,0_spirit_flowers_maiden_wind,0.0
young_children_txt_546,8,8_bride_wedding_maidens_marriage,1.0
young_children_txt_547,0,0_spirit_flowers_maiden_wind,0.0
young_children_txt_548,0,0_spirit_flowers_maiden_wind,0.0
young_children_txt_549,7,7_tended herd_servant_plow_shepherd,0.6086653
young_children_txt_550,0,0_spirit_flowers_maiden_wind,0.0
young_children_txt_551,6,6_village_skirt_autumn_bread,1.0
young_children_txt_552,0,0_spirit_flowers_maiden_wind,0.0
young_children_txt_553,8,8_bride_wedding_maidens_marriage,1.0
young_children_txt_554,3,3_servant_servants_piet_dip,0.50432104
young_children_txt_555,6,6_village_skirt_autumn_bread,1.0
young_children_txt_556,0,0_spirit_flowers_maiden_wind,0.0
young_children_txt_557,3,3_servant_servants_piet_dip,1.0
young_children_txt_558,0,0_spirit_flowers_maiden_wind,0.0
young_children_txt_559,0,0_spirit_flowers_maiden_wind,0.0
young_children_txt_560,0,0_spirit_flowers_maiden_wind,0.0
young_lullaby_dbnl_0,0,0_spirit_flowers_maiden_wind,0.0
young_lullaby_dbnl_2,8,8_bride_wedding_maidens_marriage,0.79891664
young_lullaby_dbnl_4,3,3_servant_servants_piet_dip,1.0
young_lullaby_dbnl_7,0,0_spirit_flowers_maiden_wind,0.0
young_lullaby_dbnl_10,8,8_bride_wedding_maidens_marriage,1.0
young_lullaby_dbnl_11,8,8_bride_wedding_maidens_marriage,0.63689643
young_lullaby_dbnl_13,8,8_bride_wedding_maidens_marriage,1.0
young_lullaby_dbnl_14,8,8_bride_wedding_maidens_marriage,1.0
young_lullaby_dbnl_15,0,0_spirit_flowers_maiden_wind,0.0
young_lullaby_dbnl_16,8,8_bride_wedding_maidens_marriage,1.0
young_lullaby_dbnl_17,8,8_bride_wedding_maidens_marriage,1.0
young_lullaby_dbnl_19,0,0_spirit_flowers_maiden_wind,0.0
young_lullaby_dbnl_22,8,8_bride_wedding_maidens_marriage,0.7442043
young_lullaby_dbnl_23,8,8_bride_wedding_maidens_marriage,1.0
young_lullaby_dbnl_24,0,0_spirit_flowers_maiden_wind,0.0
young_lullaby_dbnl_25,8,8_bride_wedding_maidens_marriage,0.8423483
young_lullaby_dbnl_27,8,8_bride_wedding_maidens_marriage,1.0
young_lullaby_dbnl_28,4,4_little birds_horses_horse_poor parish,0.67011213
young_lullaby_dbnl_29,8,8_bride_wedding_maidens_marriage,0.84272444
young_lullaby_dbnl_30,8,8_bride_wedding_maidens_marriage,1.0
young_lullaby_dbnl_31,8,8_bride_wedding_maidens_marriage,1.0
young_lullaby_dbnl_32,8,8_bride_wedding_maidens_marriage,1.0
young_lullaby_dbnl_33,0,0_spirit_flowers_maiden_wind,0.0
young_lullaby_dbnl_34,0,0_spirit_flowers_maiden_wind,0.0
young_lullaby_dbnl_35,0,0_spirit_flowers_maiden_wind,0.0
young_lullaby_dbnl_37,0,0_spirit_flowers_maiden_wind,0.0
young_lullaby_dbnl_38,6,6_village_skirt_autumn_bread,1.0
young_lullaby_dbnl_39,0,0_spirit_flowers_maiden_wind,0.0
young_lullaby_dbnl_40,0,0_spirit_flowers_maiden_wind,0.0
young_lullaby_dbnl_42,0,0_spirit_flowers_maiden_wind,0.0
young_lullaby_dbnl_43,0,0_spirit_flowers_maiden_wind,0.0
young_lullaby_dbnl_44,3,3_servant_servants_piet_dip,1.0
young_lullaby_dbnl_45,0,0_spirit_flowers_maiden_wind,0.0
young_lullaby_dbnl_47,0,0_spirit_flowers_maiden_wind,0.0
young_lullaby_txt_0,3,3_servant_servants_piet_dip,1.0
young_lullaby_txt_1,0,0_spirit_flowers_maiden_wind,0.0
young_lullaby_txt_5,0,0_spirit_flowers_maiden_wind,0.0
young_lullaby_txt_14,6,6_village_skirt_autumn_bread,1.0
young_nicholas_dbnl_0,8,8_bride_wedding_maidens_marriage,0.5200943
young_nicholas_dbnl_1,8,8_bride_wedding_maidens_marriage,1.0
young_nicholas_dbnl_2,8,8_bride_wedding_maidens_marriage,1.0
young_nicholas_dbnl_3,8,8_bride_wedding_maidens_marriage,1.0
young_nicholas_dbnl_4,6,6_village_skirt_autumn_bread,0.45204562
young_nicholas_dbnl_6,8,8_bride_wedding_maidens_marriage,1.0
young_nicholas_dbnl_16,8,8_bride_wedding_maidens_marriage,1.0
young_nicholas_dbnl_17,0,0_spirit_flowers_maiden_wind,0.0
young_nicholas_dbnl_18,0,0_spirit_flowers_maiden_wind,0.0
young_nicholas_dbnl_19,0,0_spirit_flowers_maiden_wind,0.0
young_sea_dbnl_0,6,6_village_skirt_autumn_bread,0.4726194
young_sea_dbnl_1,8,8_bride_wedding_maidens_marriage,0.4791965
young_sea_dbnl_2,6,6_village_skirt_autumn_bread,0.50884205
young_sea_dbnl_4,0,0_spirit_flowers_maiden_wind,0.0
young_sea_dbnl_5,8,8_bride_wedding_maidens_marriage,0.5282878
young_sea_dbnl_6,0,0_spirit_flowers_maiden_wind,0.0
young_sea_dbnl_7,8,8_bride_wedding_maidens_marriage,0.9544751
young_sea_dbnl_8,8,8_bride_wedding_maidens_marriage,0.7702238
young_sea_dbnl_10,6,6_village_skirt_autumn_bread,0.8525713
young_sea_dbnl_12,6,6_village_skirt_autumn_bread,0.7645133
young_sea_dbnl_14,6,6_village_skirt_autumn_bread,0.73223
young_sea_dbnl_16,8,8_bride_wedding_maidens_marriage,0.5796721
young_sea_dbnl_17,8,8_bride_wedding_maidens_marriage,0.79919493
young_sea_dbnl_18,0,0_spirit_flowers_maiden_wind,0.0
young_sea_dbnl_19,8,8_bride_wedding_maidens_marriage,1.0
young_sea_dbnl_21,6,6_village_skirt_autumn_bread,1.0
young_sea_dbnl_22,8,8_bride_wedding_maidens_marriage,1.0
young_sea_dbnl_23,8,8_bride_wedding_maidens_marriage,0.7996863
young_sea_dbnl_24,0,0_spirit_flowers_maiden_wind,0.0
young_sea_dbnl_26,3,3_servant_servants_piet_dip,0.5359768
young_sea_dbnl_27,8,8_bride_wedding_maidens_marriage,1.0
young_sea_dbnl_28,0,0_spirit_flowers_maiden_wind,0.0
young_sea_dbnl_29,8,8_bride_wedding_maidens_marriage,0.72350645
young_sea_dbnl_30,6,6_village_skirt_autumn_bread,0.5076755
young_sea_dbnl_31,0,0_spirit_flowers_maiden_wind,0.0
young_sea_dbnl_32,7,7_tended herd_servant_plow_shepherd,1.0
young_sea_dbnl_33,0,0_spirit_flowers_maiden_wind,0.0
young_sea_dbnl_34,0,0_spirit_flowers_maiden_wind,0.0
young_sea_dbnl_35,0,0_spirit_flowers_maiden_wind,0.0
young_sea_dbnl_36,0,0_spirit_flowers_maiden_wind,0.0
young_sea_dbnl_37,7,7_tended herd_servant_plow_shepherd,0.52366954
young_sea_dbnl_38,6,6_village_skirt_autumn_bread,0.42197263
young_sea_dbnl_39,8,8_bride_wedding_maidens_marriage,0.33990777
young_sea_dbnl_40,8,8_bride_wedding_maidens_marriage,0.6061736
young_sea_dbnl_41,8,8_bride_wedding_maidens_marriage,0.45173422
young_sea_dbnl_42,8,8_bride_wedding_maidens_marriage,0.7917428
young_sea_dbnl_43,8,8_bride_wedding_maidens_marriage,1.0
young_sea_dbnl_44,8,8_bride_wedding_maidens_marriage,1.0
young_sea_dbnl_45,8,8_bride_wedding_maidens_marriage,0.8889617
young_sea_dbnl_46,8,8_bride_wedding_maidens_marriage,0.8382505
young_sea_dbnl_47,8,8_bride_wedding_maidens_marriage,0.68461496
young_sea_dbnl_49,0,0_spirit_flowers_maiden_wind,0.0
young_sea_dbnl_50,7,7_tended herd_servant_plow_shepherd,0.6701314
young_sea_dbnl_51,8,8_bride_wedding_maidens_marriage,0.79399747
young_sea_dbnl_52,8,8_bride_wedding_maidens_marriage,1.0
young_sea_dbnl_53,8,8_bride_wedding_maidens_marriage,0.50702524
young_sea_dbnl_54,8,8_bride_wedding_maidens_marriage,0.66272026
young_sea_dbnl_56,6,6_village_skirt_autumn_bread,0.54850596
young_sea_dbnl_57,8,8_bride_wedding_maidens_marriage,0.6171384
young_sea_dbnl_58,6,6_village_skirt_autumn_bread,1.0
young_sea_dbnl_59,8,8_bride_wedding_maidens_marriage,1.0
young_sea_dbnl_60,6,6_village_skirt_autumn_bread,0.64071244
young_sea_dbnl_61,8,8_bride_wedding_maidens_marriage,0.857681
young_sea_dbnl_62,8,8_bride_wedding_maidens_marriage,0.8102527
young_sea_dbnl_63,8,8_bride_wedding_maidens_marriage,1.0
young_sea_dbnl_64,5,5_hwanghae_flowers_river_bloom flowers,1.0
young_sea_dbnl_65,8,8_bride_wedding_maidens_marriage,0.5997695
young_sea_dbnl_66,8,8_bride_wedding_maidens_marriage,0.75779843
young_sea_dbnl_67,8,8_bride_wedding_maidens_marriage,1.0
young_sea_dbnl_68,8,8_bride_wedding_maidens_marriage,0.75887674
young_sea_dbnl_69,6,6_village_skirt_autumn_bread,1.0
young_sea_dbnl_70,6,6_village_skirt_autumn_bread,0.8034999
young_sea_dbnl_71,8,8_bride_wedding_maidens_marriage,1.0
young_sea_dbnl_72,0,0_spirit_flowers_maiden_wind,0.0
young_sea_dbnl_73,0,0_spirit_flowers_maiden_wind,0.0
young_sea_dbnl_74,7,7_tended herd_servant_plow_shepherd,1.0
young_sea_dbnl_75,8,8_bride_wedding_maidens_marriage,0.52414334
young_sea_dbnl_76,8,8_bride_wedding_maidens_marriage,0.90591145
young_sea_dbnl_77,8,8_bride_wedding_maidens_marriage,1.0
young_sea_dbnl_78,8,8_bride_wedding_maidens_marriage,0.82584304
young_sea_dbnl_79,8,8_bride_wedding_maidens_marriage,0.34006092
young_sea_dbnl_80,8,8_bride_wedding_maidens_marriage,1.0
young_sea_dbnl_81,0,0_spirit_flowers_maiden_wind,0.0
young_sea_dbnl_82,8,8_bride_wedding_maidens_marriage,1.0
young_sea_dbnl_83,6,6_village_skirt_autumn_bread,1.0
young_sea_dbnl_84,6,6_village_skirt_autumn_bread,0.57561016
young_sea_dbnl_85,8,8_bride_wedding_maidens_marriage,0.8940556
young_sea_dbnl_86,2,2_servants_piet_books_dip,0.7255494
young_sea_dbnl_88,8,8_bride_wedding_maidens_marriage,0.54299945
young_sea_dbnl_90,0,0_spirit_flowers_maiden_wind,0.0
young_sea_dbnl_91,6,6_village_skirt_autumn_bread,0.8038016
young_sea_dbnl_92,8,8_bride_wedding_maidens_marriage,0.77241844
young_sea_dbnl_93,8,8_bride_wedding_maidens_marriage,0.80376273
young_sea_dbnl_94,8,8_bride_wedding_maidens_marriage,0.8591326
young_sea_dbnl_95,6,6_village_skirt_autumn_bread,0.6693548
young_sea_dbnl_96,8,8_bride_wedding_maidens_marriage,0.52993107
young_sea_dbnl_98,8,8_bride_wedding_maidens_marriage,0.62409556
young_sea_dbnl_99,6,6_village_skirt_autumn_bread,1.0
young_sea_dbnl_100,8,8_bride_wedding_maidens_marriage,1.0
young_sea_dbnl_101,6,6_village_skirt_autumn_bread,0.7439209
young_sea_dbnl_102,8,8_bride_wedding_maidens_marriage,0.5160401
young_sea_dbnl_103,8,8_bride_wedding_maidens_marriage,1.0
young_sea_dbnl_104,8,8_bride_wedding_maidens_marriage,0.70634824
young_sea_dbnl_105,8,8_bride_wedding_maidens_marriage,0.81452227
young_sea_dbnl_106,6,6_village_skirt_autumn_bread,0.835442
young_sea_dbnl_107,6,6_village_skirt_autumn_bread,0.5789252
young_sea_dbnl_108,8,8_bride_wedding_maidens_marriage,1.0
young_sea_dbnl_109,8,8_bride_wedding_maidens_marriage,1.0
young_sea_dbnl_110,8,8_bride_wedding_maidens_marriage,1.0
young_sea_dbnl_111,8,8_bride_wedding_maidens_marriage,1.0
young_sea_dbnl_112,0,0_spirit_flowers_maiden_wind,0.0
young_sea_dbnl_113,0,0_spirit_flowers_maiden_wind,0.0
young_sea_dbnl_114,8,8_bride_wedding_maidens_marriage,1.0
young_sea_dbnl_115,6,6_village_skirt_autumn_bread,0.6359842
young_sea_dbnl_117,8,8_bride_wedding_maidens_marriage,1.0
young_sea_dbnl_118,0,0_spirit_flowers_maiden_wind,0.0
young_sea_dbnl_119,6,6_village_skirt_autumn_bread,0.52358574
young_sea_dbnl_120,8,8_bride_wedding_maidens_marriage,1.0
young_sea_dbnl_121,0,0_spirit_flowers_maiden_wind,0.0
young_sea_dbnl_122,8,8_bride_wedding_maidens_marriage,0.9011112
young_sea_dbnl_123,5,5_hwanghae_flowers_river_bloom flowers,0.94268966
young_sea_dbnl_124,8,8_bride_wedding_maidens_marriage,1.0
young_sea_dbnl_125,8,8_bride_wedding_maidens_marriage,1.0
young_sea_dbnl_127,8,8_bride_wedding_maidens_marriage,0.7082756
young_sea_dbnl_128,8,8_bride_wedding_maidens_marriage,0.8719487
young_sea_dbnl_129,8,8_bride_wedding_maidens_marriage,1.0
young_sea_dbnl_130,6,6_village_skirt_autumn_bread,0.74639463
young_sea_dbnl_131,8,8_bride_wedding_maidens_marriage,1.0
young_sea_dbnl_132,8,8_bride_wedding_maidens_marriage,1.0
young_sea_dbnl_134,6,6_village_skirt_autumn_bread,0.49230763
young_sea_dbnl_135,6,6_village_skirt_autumn_bread,1.0
young_sea_dbnl_136,6,6_village_skirt_autumn_bread,0.6359842
young_sea_dbnl_137,8,8_bride_wedding_maidens_marriage,1.0
young_sea_dbnl_139,0,0_spirit_flowers_maiden_wind,0.0
young_sea_dbnl_140,8,8_bride_wedding_maidens_marriage,1.0
young_sea_dbnl_141,8,8_bride_wedding_maidens_marriage,1.0
young_sea_dbnl_142,0,0_spirit_flowers_maiden_wind,0.0
young_sea_dbnl_144,8,8_bride_wedding_maidens_marriage,0.88231254
young_sea_dbnl_145,6,6_village_skirt_autumn_bread,0.75465804
young_sea_dbnl_146,0,0_spirit_flowers_maiden_wind,0.0
young_sea_dbnl_147,8,8_bride_wedding_maidens_marriage,1.0
young_sea_dbnl_148,7,7_tended herd_servant_plow_shepherd,0.5313656
young_sea_dbnl_149,0,0_spirit_flowers_maiden_wind,0.0
young_sea_dbnl_150,0,0_spirit_flowers_maiden_wind,0.0
young_sea_dbnl_151,7,7_tended herd_servant_plow_shepherd,0.35688603
young_sea_dbnl_152,0,0_spirit_flowers_maiden_wind,0.0
young_sea_dbnl_153,0,0_spirit_flowers_maiden_wind,0.0
young_sea_dbnl_154,0,0_spirit_flowers_maiden_wind,0.0
young_sea_dbnl_155,3,3_servant_servants_piet_dip,0.6000032
young_sea_dbnl_156,0,0_spirit_flowers_maiden_wind,0.0
young_sea_dbnl_157,0,0_spirit_flowers_maiden_wind,0.0
young_sea_dbnl_158,6,6_village_skirt_autumn_bread,0.60293007
young_sea_dbnl_159,8,8_bride_wedding_maidens_marriage,1.0
young_sea_dbnl_160,0,0_spirit_flowers_maiden_wind,0.0
young_sea_dbnl_161,6,6_village_skirt_autumn_bread,1.0
young_sea_dbnl_162,6,6_village_skirt_autumn_bread,1.0
young_sea_dbnl_163,0,0_spirit_flowers_maiden_wind,0.0
young_sea_dbnl_164,6,6_village_skirt_autumn_bread,1.0
young_sea_dbnl_165,8,8_bride_wedding_maidens_marriage,1.0
young_sea_dbnl_166,8,8_bride_wedding_maidens_marriage,0.74699974
young_sea_dbnl_167,6,6_village_skirt_autumn_bread,1.0
young_sea_dbnl_168,0,0_spirit_flowers_maiden_wind,0.0
young_sea_dbnl_169,7,7_tended herd_servant_plow_shepherd,0.8220593
young_sea_dbnl_170,0,0_spirit_flowers_maiden_wind,0.0
young_sea_dbnl_171,6,6_village_skirt_autumn_bread,0.58996344
young_sea_dbnl_172,8,8_bride_wedding_maidens_marriage,0.8693931
young_sea_dbnl_173,0,0_spirit_flowers_maiden_wind,0.0
young_sea_dbnl_174,8,8_bride_wedding_maidens_marriage,1.0
young_sea_dbnl_175,6,6_village_skirt_autumn_bread,1.0
young_sea_dbnl_176,5,5_hwanghae_flowers_river_bloom flowers,1.0
young_sea_dbnl_177,0,0_spirit_flowers_maiden_wind,0.0
young_sea_dbnl_178,0,0_spirit_flowers_maiden_wind,0.0
young_sea_dbnl_179,0,0_spirit_flowers_maiden_wind,0.0
young_sea_txt_0,6,6_village_skirt_autumn_bread,0.5052759
young_sea_txt_1,0,0_spirit_flowers_maiden_wind,0.0
young_sea_txt_2,7,7_tended herd_servant_plow_shepherd,1.0
young_sea_txt_3,8,8_bride_wedding_maidens_marriage,1.0
young_sea_txt_4,8,8_bride_wedding_maidens_marriage,1.0
young_sea_txt_5,0,0_spirit_flowers_maiden_wind,0.0
young_sea_txt_6,0,0_spirit_flowers_maiden_wind,0.0
young_sea_txt_7,5,5_hwanghae_flowers_river_bloom flowers,1.0
young_sea_txt_8,0,0_spirit_flowers_maiden_wind,0.0
young_soldier_dbnl_0,0,0_spirit_flowers_maiden_wind,0.0
young_soldier_dbnl_1,6,6_village_skirt_autumn_bread,1.0
young_soldier_dbnl_3,6,6_village_skirt_autumn_bread,0.5039985
young_soldier_dbnl_4,6,6_village_skirt_autumn_bread,0.5039985
young_soldier_dbnl_5,7,7_tended herd_servant_plow_shepherd,0.6631029
young_soldier_dbnl_6,0,0_spirit_flowers_maiden_wind,0.0
young_soldier_dbnl_8,0,0_spirit_flowers_maiden_wind,0.0
young_soldier_dbnl_9,8,8_bride_wedding_maidens_marriage,1.0
young_soldier_dbnl_10,6,6_village_skirt_autumn_bread,0.8923549
young_soldier_dbnl_13,7,7_tended herd_servant_plow_shepherd,0.3635593
young_soldier_dbnl_14,8,8_bride_wedding_maidens_marriage,0.7769375
young_soldier_dbnl_15,0,0_spirit_flowers_maiden_wind,0.0
young_soldier_dbnl_16,8,8_bride_wedding_maidens_marriage,1.0
young_soldier_dbnl_17,6,6_village_skirt_autumn_bread,0.65604967
young_soldier_dbnl_19,3,3_servant_servants_piet_dip,0.46912006
young_soldier_dbnl_21,0,0_spirit_flowers_maiden_wind,0.0
young_soldier_dbnl_22,8,8_bride_wedding_maidens_marriage,0.84145993
young_soldier_dbnl_23,7,7_tended herd_servant_plow_shepherd,0.37317505
young_soldier_dbnl_24,0,0_spirit_flowers_maiden_wind,0.0
young_soldier_dbnl_25,6,6_village_skirt_autumn_bread,0.7797117
young_soldier_dbnl_26,8,8_bride_wedding_maidens_marriage,0.7144344
young_soldier_dbnl_27,8,8_bride_wedding_maidens_marriage,1.0
young_soldier_dbnl_29,8,8_bride_wedding_maidens_marriage,0.6787089
young_soldier_dbnl_30,3,3_servant_servants_piet_dip,1.0
young_soldier_dbnl_31,0,0_spirit_flowers_maiden_wind,0.0
young_soldier_dbnl_32,0,0_spirit_flowers_maiden_wind,0.0
young_soldier_dbnl_33,6,6_village_skirt_autumn_bread,1.0
young_soldier_dbnl_34,0,0_spirit_flowers_maiden_wind,0.0
young_soldier_dbnl_35,7,7_tended herd_servant_plow_shepherd,0.4046649
young_soldier_dbnl_36,8,8_bride_wedding_maidens_marriage,0.7205195
young_soldier_dbnl_37,0,0_spirit_flowers_maiden_wind,0.0
young_soldier_dbnl_38,0,0_spirit_flowers_maiden_wind,0.0
young_soldier_dbnl_39,0,0_spirit_flowers_maiden_wind,0.0
young_soldier_dbnl_40,0,0_spirit_flowers_maiden_wind,0.0
young_soldier_dbnl_41,6,6_village_skirt_autumn_bread,1.0
young_soldier_dbnl_42,6,6_village_skirt_autumn_bread,1.0
young_soldier_dbnl_43,0,0_spirit_flowers_maiden_wind,0.0
young_soldier_dbnl_44,8,8_bride_wedding_maidens_marriage,1.0
young_soldier_dbnl_45,0,0_spirit_flowers_maiden_wind,0.0
young_soldier_dbnl_46,0,0_spirit_flowers_maiden_wind,0.0
young_soldier_dbnl_47,0,0_spirit_flowers_maiden_wind,0.0
young_soldier_dbnl_52,7,7_tended herd_servant_plow_shepherd,0.48471805
young_soldier_dbnl_53,8,8_bride_wedding_maidens_marriage,1.0
young_soldier_dbnl_54,8,8_bride_wedding_maidens_marriage,1.0
young_soldier_dbnl_55,0,0_spirit_flowers_maiden_wind,0.0
young_soldier_dbnl_56,8,8_bride_wedding_maidens_marriage,1.0
young_soldier_dbnl_57,8,8_bride_wedding_maidens_marriage,0.52884436
young_soldier_dbnl_58,8,8_bride_wedding_maidens_marriage,1.0
young_soldier_dbnl_59,8,8_bride_wedding_maidens_marriage,0.4897213
young_soldier_dbnl_60,8,8_bride_wedding_maidens_marriage,0.709632
young_soldier_dbnl_61,8,8_bride_wedding_maidens_marriage,1.0
young_soldier_dbnl_62,0,0_spirit_flowers_maiden_wind,0.0
young_soldier_dbnl_64,0,0_spirit_flowers_maiden_wind,0.0
young_soldier_dbnl_65,0,0_spirit_flowers_maiden_wind,0.0
young_soldier_dbnl_66,8,8_bride_wedding_maidens_marriage,0.7888027
young_soldier_dbnl_67,8,8_bride_wedding_maidens_marriage,1.0
young_soldier_dbnl_69,8,8_bride_wedding_maidens_marriage,1.0
young_soldier_dbnl_70,0,0_spirit_flowers_maiden_wind,0.0
young_soldier_dbnl_71,0,0_spirit_flowers_maiden_wind,0.0
young_soldier_dbnl_72,0,0_spirit_flowers_maiden_wind,0.0
young_soldier_dbnl_73,0,0_spirit_flowers_maiden_wind,0.0
young_soldier_dbnl_74,0,0_spirit_flowers_maiden_wind,0.0
young_soldier_dbnl_75,0,0_spirit_flowers_maiden_wind,0.0
young_soldier_dbnl_76,0,0_spirit_flowers_maiden_wind,0.0
young_soldier_dbnl_77,8,8_bride_wedding_maidens_marriage,1.0
young_soldier_dbnl_78,8,8_bride_wedding_maidens_marriage,1.0
young_soldier_dbnl_79,6,6_village_skirt_autumn_bread,1.0
young_soldier_dbnl_80,8,8_bride_wedding_maidens_marriage,1.0
young_soldier_dbnl_81,8,8_bride_wedding_maidens_marriage,1.0
young_soldier_txt_0,7,7_tended herd_servant_plow_shepherd,1.0
young_soldier_txt_1,0,0_spirit_flowers_maiden_wind,0.0
young_soldier_txt_3,0,0_spirit_flowers_maiden_wind,0.0
young_soldier_txt_4,7,7_tended herd_servant_plow_shepherd,0.8273817
young_soldier_txt_5,0,0_spirit_flowers_maiden_wind,0.0
young_soldier_txt_6,8,8_bride_wedding_maidens_marriage,1.0
young_wedding_both_0,0,0_spirit_flowers_maiden_wind,0.0
young_wedding_both_1,8,8_bride_wedding_maidens_marriage,1.0
young_wedding_both_2,0,0_spirit_flowers_maiden_wind,0.0
young_wedding_both_3,0,0_spirit_flowers_maiden_wind,0.0
young_wedding_both_4,0,0_spirit_flowers_maiden_wind,0.0
young_wedding_both_5,0,0_spirit_flowers_maiden_wind,0.0
young_wedding_both_6,0,0_spirit_flowers_maiden_wind,0.0
young_wedding_both_7,8,8_bride_wedding_maidens_marriage,1.0
young_wedding_both_8,8,8_bride_wedding_maidens_marriage,1.0
young_wedding_both_9,8,8_bride_wedding_maidens_marriage,1.0
young_wedding_both_10,0,0_spirit_flowers_maiden_wind,0.0
young_wedding_both_11,0,0_spirit_flowers_maiden_wind,0.0
young_wedding_both_12,8,8_bride_wedding_maidens_marriage,1.0
young_wedding_both_13,8,8_bride_wedding_maidens_marriage,1.0
young_wedding_both_14,0,0_spirit_flowers_maiden_wind,0.0
young_wedding_both_15,8,8_bride_wedding_maidens_marriage,1.0
young_wedding_both_16,0,0_spirit_flowers_maiden_wind,0.0
young_wedding_both_17,8,8_bride_wedding_maidens_marriage,1.0
young_wedding_both_18,0,0_spirit_flowers_maiden_wind,0.0
young_wedding_both_19,8,8_bride_wedding_maidens_marriage,1.0
young_wedding_both_20,8,8_bride_wedding_maidens_marriage,1.0
young_wedding_both_21,8,8_bride_wedding_maidens_marriage,0.7834612
young_wedding_both_22,8,8_bride_wedding_maidens_marriage,0.8530218
young_wedding_both_23,8,8_bride_wedding_maidens_marriage,1.0
young_wedding_both_24,8,8_bride_wedding_maidens_marriage,1.0
young_wedding_both_25,0,0_spirit_flowers_maiden_wind,0.0
young_wedding_both_26,8,8_bride_wedding_maidens_marriage,1.0
young_wedding_both_27,8,8_bride_wedding_maidens_marriage,1.0
young_wedding_both_28,0,0_spirit_flowers_maiden_wind,0.0
young_wedding_both_29,8,8_bride_wedding_maidens_marriage,1.0
young_wedding_both_30,8,8_bride_wedding_maidens_marriage,1.0
young_wedding_both_31,8,8_bride_wedding_maidens_marriage,1.0
young_wedding_both_32,8,8_bride_wedding_maidens_marriage,1.0
young_wedding_both_33,8,8_bride_wedding_maidens_marriage,1.0
young_wedding_both_34,8,8_bride_wedding_maidens_marriage,1.0
young_wedding_both_35,8,8_bride_wedding_maidens_marriage,0.872818
young_wedding_both_36,8,8_bride_wedding_maidens_marriage,1.0
young_wedding_both_37,8,8_bride_wedding_maidens_marriage,1.0
young_wedding_both_38,0,0_spirit_flowers_maiden_wind,0.0
young_wedding_both_39,8,8_bride_wedding_maidens_marriage,1.0
young_wedding_both_40,8,8_bride_wedding_maidens_marriage,1.0
young_wedding_both_41,8,8_bride_wedding_maidens_marriage,1.0
young_wedding_both_42,8,8_bride_wedding_maidens_marriage,1.0
young_wedding_both_43,8,8_bride_wedding_maidens_marriage,0.7547045
young_wedding_both_44,8,8_bride_wedding_maidens_marriage,1.0
young_wedding_both_45,8,8_bride_wedding_maidens_marriage,0.8107898
young_wedding_both_46,8,8_bride_wedding_maidens_marriage,0.9009913
young_wedding_both_47,8,8_bride_wedding_maidens_marriage,1.0
young_wedding_both_48,8,8_bride_wedding_maidens_marriage,1.0
young_wedding_both_49,0,0_spirit_flowers_maiden_wind,0.0
young_wedding_both_50,0,0_spirit_flowers_maiden_wind,0.0
young_wedding_both_51,8,8_bride_wedding_maidens_marriage,1.0
young_wedding_both_52,8,8_bride_wedding_maidens_marriage,1.0
young_wedding_both_53,8,8_bride_wedding_maidens_marriage,1.0
young_wedding_both_54,0,0_spirit_flowers_maiden_wind,0.0
young_wedding_both_55,8,8_bride_wedding_maidens_marriage,1.0
young_wedding_both_56,8,8_bride_wedding_maidens_marriage,0.5513196
young_wedding_both_57,8,8_bride_wedding_maidens_marriage,1.0
young_wedding_both_58,8,8_bride_wedding_maidens_marriage,1.0
young_wedding_both_59,8,8_bride_wedding_maidens_marriage,1.0
young_wedding_both_60,6,6_village_skirt_autumn_bread,0.7007109
young_wedding_both_61,0,0_spirit_flowers_maiden_wind,0.0
young_wedding_both_62,8,8_bride_wedding_maidens_marriage,1.0
young_wedding_both_63,8,8_bride_wedding_maidens_marriage,1.0
young_wedding_both_64,8,8_bride_wedding_maidens_marriage,1.0
young_wedding_both_65,8,8_bride_wedding_maidens_marriage,1.0
young_wedding_both_66,8,8_bride_wedding_maidens_marriage,1.0
young_wedding_both_67,8,8_bride_wedding_maidens_marriage,1.0
young_wedding_both_68,8,8_bride_wedding_maidens_marriage,1.0
young_wedding_both_69,8,8_bride_wedding_maidens_marriage,1.0
young_wedding_both_73,8,8_bride_wedding_maidens_marriage,1.0
young_wedding_both_74,8,8_bride_wedding_maidens_marriage,1.0
young_wedding_both_75,8,8_bride_wedding_maidens_marriage,0.5199934
young_wedding_both_76,8,8_bride_wedding_maidens_marriage,1.0
young_wedding_both_77,8,8_bride_wedding_maidens_marriage,0.6908754
young_wedding_both_78,8,8_bride_wedding_maidens_marriage,1.0
young_wedding_both_79,0,0_spirit_flowers_maiden_wind,0.0
young_wedding_both_80,8,8_bride_wedding_maidens_marriage,1.0
young_wedding_both_81,0,0_spirit_flowers_maiden_wind,0.0
young_wedding_both_82,8,8_bride_wedding_maidens_marriage,1.0
young_wedding_both_83,0,0_spirit_flowers_maiden_wind,0.0
young_wedding_both_84,8,8_bride_wedding_maidens_marriage,1.0
young_wedding_both_85,8,8_bride_wedding_maidens_marriage,1.0
young_wedding_both_86,8,8_bride_wedding_maidens_marriage,1.0
young_wedding_both_87,8,8_bride_wedding_maidens_marriage,1.0
young_wedding_both_88,0,0_spirit_flowers_maiden_wind,0.0
young_wedding_both_89,8,8_bride_wedding_maidens_marriage,1.0
young_wedding_both_90,8,8_bride_wedding_maidens_marriage,1.0
young_wedding_both_92,8,8_bride_wedding_maidens_marriage,1.0
young_wedding_both_94,0,0_spirit_flowers_maiden_wind,0.0
young_wedding_both_95,8,8_bride_wedding_maidens_marriage,1.0
young_wedding_both_96,0,0_spirit_flowers_maiden_wind,0.0
young_wedding_both_97,0,0_spirit_flowers_maiden_wind,0.0
young_wedding_both_98,8,8_bride_wedding_maidens_marriage,1.0
young_wedding_both_99,8,8_bride_wedding_maidens_marriage,0.92005754
young_wedding_both_100,8,8_bride_wedding_maidens_marriage,1.0
young_wedding_both_101,8,8_bride_wedding_maidens_marriage,0.9209417
young_wedding_both_102,8,8_bride_wedding_maidens_marriage,0.7876148
young_wedding_both_103,8,8_bride_wedding_maidens_marriage,0.835027
young_wedding_both_104,8,8_bride_wedding_maidens_marriage,1.0
young_wedding_both_105,8,8_bride_wedding_maidens_marriage,1.0
young_wedding_both_106,8,8_bride_wedding_maidens_marriage,1.0
young_wedding_both_107,7,7_tended herd_servant_plow_shepherd,1.0
young_wedding_both_108,7,7_tended herd_servant_plow_shepherd,1.0
young_wedding_both_109,8,8_bride_wedding_maidens_marriage,1.0
young_wedding_both_110,0,0_spirit_flowers_maiden_wind,0.0
young_wedding_both_111,8,8_bride_wedding_maidens_marriage,1.0
young_wedding_both_112,8,8_bride_wedding_maidens_marriage,0.9102553
young_wedding_both_113,8,8_bride_wedding_maidens_marriage,1.0
young_wedding_both_114,8,8_bride_wedding_maidens_marriage,1.0
young_wedding_both_115,8,8_bride_wedding_maidens_marriage,1.0
young_wedding_both_116,8,8_bride_wedding_maidens_marriage,1.0
young_wedding_both_118,0,0_spirit_flowers_maiden_wind,0.0
young_wedding_both_119,8,8_bride_wedding_maidens_marriage,1.0
young_wedding_both_120,8,8_bride_wedding_maidens_marriage,1.0
young_wedding_both_121,8,8_bride_wedding_maidens_marriage,1.0
young_wedding_both_122,8,8_bride_wedding_maidens_marriage,0.84704745
young_wedding_both_123,0,0_spirit_flowers_maiden_wind,0.0
young_wedding_both_124,8,8_bride_wedding_maidens_marriage,1.0
young_wedding_both_125,8,8_bride_wedding_maidens_marriage,0.7300514
young_wedding_both_126,8,8_bride_wedding_maidens_marriage,1.0
young_wedding_both_127,0,0_spirit_flowers_maiden_wind,0.0
young_wedding_both_128,7,7_tended herd_servant_plow_shepherd,1.0
young_wedding_both_129,3,3_servant_servants_piet_dip,0.67343265
young_wedding_both_130,8,8_bride_wedding_maidens_marriage,1.0
young_wedding_both_131,8,8_bride_wedding_maidens_marriage,1.0
young_wedding_both_132,8,8_bride_wedding_maidens_marriage,1.0
young_wedding_both_133,8,8_bride_wedding_maidens_marriage,1.0
young_wedding_both_134,8,8_bride_wedding_maidens_marriage,0.97185326
young_wedding_both_135,8,8_bride_wedding_maidens_marriage,1.0
young_wedding_both_136,8,8_bride_wedding_maidens_marriage,0.8083122
young_wedding_both_137,8,8_bride_wedding_maidens_marriage,1.0
young_wedding_both_138,8,8_bride_wedding_maidens_marriage,1.0
young_wedding_both_139,8,8_bride_wedding_maidens_marriage,1.0
young_wedding_both_140,0,0_spirit_flowers_maiden_wind,0.0
young_wedding_both_141,8,8_bride_wedding_maidens_marriage,1.0
young_wedding_both_142,6,6_village_skirt_autumn_bread,1.0
young_wedding_both_143,8,8_bride_wedding_maidens_marriage,1.0
young_wedding_both_144,0,0_spirit_flowers_maiden_wind,0.0
young_wedding_both_145,0,0_spirit_flowers_maiden_wind,0.0
young_wedding_both_146,8,8_bride_wedding_maidens_marriage,1.0
young_wedding_both_147,8,8_bride_wedding_maidens_marriage,1.0
young_wedding_both_148,8,8_bride_wedding_maidens_marriage,1.0
young_wedding_both_149,8,8_bride_wedding_maidens_marriage,1.0
young_wedding_both_150,0,0_spirit_flowers_maiden_wind,0.0
young_wedding_both_151,8,8_bride_wedding_maidens_marriage,1.0
young_wedding_both_152,8,8_bride_wedding_maidens_marriage,1.0
young_wedding_both_153,0,0_spirit_flowers_maiden_wind,0.0
young_wedding_both_154,0,0_spirit_flowers_maiden_wind,0.0
young_wedding_both_155,0,0_spirit_flowers_maiden_wind,0.0
young_wedding_both_156,8,8_bride_wedding_maidens_marriage,1.0
young_wedding_both_157,8,8_bride_wedding_maidens_marriage,1.0
young_wedding_both_158,0,0_spirit_flowers_maiden_wind,0.0
young_wedding_both_159,8,8_bride_wedding_maidens_marriage,1.0
young_wedding_both_160,8,8_bride_wedding_maidens_marriage,1.0
young_wedding_both_161,8,8_bride_wedding_maidens_marriage,1.0
young_wedding_both_162,8,8_bride_wedding_maidens_marriage,1.0
young_wedding_both_163,8,8_bride_wedding_maidens_marriage,1.0
young_wedding_both_164,6,6_village_skirt_autumn_bread,1.0
young_wedding_both_165,8,8_bride_wedding_maidens_marriage,0.8865652
young_wedding_both_166,8,8_bride_wedding_maidens_marriage,0.8755128
young_wedding_both_167,8,8_bride_wedding_maidens_marriage,1.0
young_wedding_both_168,8,8_bride_wedding_maidens_marriage,1.0
young_wedding_both_169,8,8_bride_wedding_maidens_marriage,1.0
young_wedding_both_170,0,0_spirit_flowers_maiden_wind,0.0
young_wedding_both_171,8,8_bride_wedding_maidens_marriage,1.0
young_wedding_both_172,8,8_bride_wedding_maidens_marriage,1.0
young_wedding_both_173,8,8_bride_wedding_maidens_marriage,1.0
young_wedding_both_174,8,8_bride_wedding_maidens_marriage,1.0
young_wedding_both_175,8,8_bride_wedding_maidens_marriage,1.0
young_wedding_both_176,6,6_village_skirt_autumn_bread,0.81884104
young_wedding_both_177,0,0_spirit_flowers_maiden_wind,0.0
young_wedding_both_178,8,8_bride_wedding_maidens_marriage,1.0
young_wedding_both_179,8,8_bride_wedding_maidens_marriage,1.0
young_wedding_both_180,8,8_bride_wedding_maidens_marriage,0.8662051
young_wedding_both_181,8,8_bride_wedding_maidens_marriage,1.0
young_wedding_both_182,8,8_bride_wedding_maidens_marriage,1.0
young_wedding_both_183,8,8_bride_wedding_maidens_marriage,0.8789897
young_wedding_both_185,8,8_bride_wedding_maidens_marriage,1.0
young_wedding_both_186,8,8_bride_wedding_maidens_marriage,1.0
young_wedding_both_188,8,8_bride_wedding_maidens_marriage,1.0
young_wedding_both_189,8,8_bride_wedding_maidens_marriage,1.0
young_wedding_both_190,0,0_spirit_flowers_maiden_wind,0.0
young_wedding_both_191,8,8_bride_wedding_maidens_marriage,0.83418274
young_wedding_both_192,8,8_bride_wedding_maidens_marriage,1.0
young_wedding_both_193,8,8_bride_wedding_maidens_marriage,0.7956632
young_wedding_both_194,8,8_bride_wedding_maidens_marriage,1.0
young_wedding_both_195,8,8_bride_wedding_maidens_marriage,0.4937754
young_wedding_both_196,8,8_bride_wedding_maidens_marriage,1.0
young_wedding_both_197,8,8_bride_wedding_maidens_marriage,0.97274095
young_wedding_both_198,8,8_bride_wedding_maidens_marriage,1.0
young_wedding_both_199,8,8_bride_wedding_maidens_marriage,1.0
young_wedding_both_200,8,8_bride_wedding_maidens_marriage,1.0
young_wedding_both_201,0,0_spirit_flowers_maiden_wind,0.0
young_wedding_both_202,8,8_bride_wedding_maidens_marriage,1.0
young_wedding_both_203,8,8_bride_wedding_maidens_marriage,1.0
young_wedding_both_204,8,8_bride_wedding_maidens_marriage,0.7947579
young_wedding_both_205,8,8_bride_wedding_maidens_marriage,1.0
young_wedding_both_206,0,0_spirit_flowers_maiden_wind,0.0
young_wedding_both_207,8,8_bride_wedding_maidens_marriage,1.0
young_wedding_both_208,8,8_bride_wedding_maidens_marriage,1.0
young_wedding_both_209,6,6_village_skirt_autumn_bread,0.5235376
young_wedding_both_210,8,8_bride_wedding_maidens_marriage,0.77210593
young_wedding_both_211,8,8_bride_wedding_maidens_marriage,1.0
young_wedding_both_212,8,8_bride_wedding_maidens_marriage,0.93107694
young_wedding_both_213,8,8_bride_wedding_maidens_marriage,1.0
young_wedding_both_214,0,0_spirit_flowers_maiden_wind,0.0
young_wedding_both_215,8,8_bride_wedding_maidens_marriage,1.0
young_wedding_both_216,8,8_bride_wedding_maidens_marriage,0.90552086
young_wedding_both_217,8,8_bride_wedding_maidens_marriage,1.0
young_wedding_both_218,8,8_bride_wedding_maidens_marriage,1.0
young_wedding_both_219,8,8_bride_wedding_maidens_marriage,1.0
young_wedding_both_220,0,0_spirit_flowers_maiden_wind,0.0
young_wedding_both_221,8,8_bride_wedding_maidens_marriage,0.82240885
young_wedding_both_222,8,8_bride_wedding_maidens_marriage,1.0
young_wedding_both_223,5,5_hwanghae_flowers_river_bloom flowers,1.0
young_wedding_both_224,8,8_bride_wedding_maidens_marriage,1.0
young_wedding_both_225,8,8_bride_wedding_maidens_marriage,1.0
young_wedding_both_226,8,8_bride_wedding_maidens_marriage,1.0
young_wedding_both_227,8,8_bride_wedding_maidens_marriage,1.0
young_wedding_both_228,8,8_bride_wedding_maidens_marriage,1.0
young_wedding_both_229,8,8_bride_wedding_maidens_marriage,1.0
young_wedding_both_230,8,8_bride_wedding_maidens_marriage,1.0
young_wedding_both_231,8,8_bride_wedding_maidens_marriage,0.75792336
young_wedding_both_232,0,0_spirit_flowers_maiden_wind,0.0
young_wedding_both_233,8,8_bride_wedding_maidens_marriage,1.0
young_wedding_both_234,8,8_bride_wedding_maidens_marriage,1.0
young_wedding_both_235,8,8_bride_wedding_maidens_marriage,0.73015255
young_wedding_both_236,8,8_bride_wedding_maidens_marriage,0.8589215
young_wedding_both_237,8,8_bride_wedding_maidens_marriage,1.0
young_wedding_both_238,0,0_spirit_flowers_maiden_wind,0.0
young_wedding_both_239,8,8_bride_wedding_maidens_marriage,1.0
young_wedding_both_240,8,8_bride_wedding_maidens_marriage,1.0
young_wedding_both_241,8,8_bride_wedding_maidens_marriage,1.0
young_wedding_both_242,0,0_spirit_flowers_maiden_wind,0.0
young_wedding_both_243,8,8_bride_wedding_maidens_marriage,1.0
young_wedding_both_244,8,8_bride_wedding_maidens_marriage,1.0
young_wedding_both_245,8,8_bride_wedding_maidens_marriage,1.0
young_wedding_both_246,8,8_bride_wedding_maidens_marriage,1.0
young_wedding_both_247,8,8_bride_wedding_maidens_marriage,1.0
young_wedding_both_248,8,8_bride_wedding_maidens_marriage,0.73423296
young_wedding_both_249,8,8_bride_wedding_maidens_marriage,1.0
young_wedding_both_250,3,3_servant_servants_piet_dip,1.0
young_wedding_both_251,8,8_bride_wedding_maidens_marriage,1.0
young_wedding_both_252,0,0_spirit_flowers_maiden_wind,0.0
young_wedding_both_253,8,8_bride_wedding_maidens_marriage,0.6624251
young_wedding_both_254,8,8_bride_wedding_maidens_marriage,1.0
young_wedding_both_255,8,8_bride_wedding_maidens_marriage,1.0
young_wedding_both_256,8,8_bride_wedding_maidens_marriage,1.0
young_wedding_both_257,8,8_bride_wedding_maidens_marriage,1.0
young_wedding_both_258,8,8_bride_wedding_maidens_marriage,1.0
young_wedding_both_259,8,8_bride_wedding_maidens_marriage,1.0
young_wedding_both_260,0,0_spirit_flowers_maiden_wind,0.0
young_wedding_both_261,0,0_spirit_flowers_maiden_wind,0.0
young_wedding_both_262,3,3_servant_servants_piet_dip,1.0
young_wedding_both_263,0,0_spirit_flowers_maiden_wind,0.0
young_wedding_both_264,0,0_spirit_flowers_maiden_wind,0.0
young_wedding_both_265,0,0_spirit_flowers_maiden_wind,0.0
young_wedding_both_266,8,8_bride_wedding_maidens_marriage,1.0
young_wedding_both_267,8,8_bride_wedding_maidens_marriage,1.0
young_wedding_both_268,8,8_bride_wedding_maidens_marriage,1.0
young_wedding_both_269,8,8_bride_wedding_maidens_marriage,1.0
young_wedding_both_270,8,8_bride_wedding_maidens_marriage,0.4893218
young_wedding_both_271,8,8_bride_wedding_maidens_marriage,1.0
young_wedding_both_272,8,8_bride_wedding_maidens_marriage,0.89930254
young_wedding_both_273,8,8_bride_wedding_maidens_marriage,0.75337946
young_wedding_both_274,8,8_bride_wedding_maidens_marriage,0.7500927
young_wedding_both_275,8,8_bride_wedding_maidens_marriage,0.86498415
young_wedding_both_276,8,8_bride_wedding_maidens_marriage,0.93485695
young_wedding_both_277,8,8_bride_wedding_maidens_marriage,0.87288606
young_wedding_both_278,8,8_bride_wedding_maidens_marriage,1.0
young_wedding_both_280,8,8_bride_wedding_maidens_marriage,1.0
young_wedding_both_281,8,8_bride_wedding_maidens_marriage,1.0
young_wedding_both_282,0,0_spirit_flowers_maiden_wind,0.0
young_wedding_both_284,8,8_bride_wedding_maidens_marriage,1.0
young_wedding_both_285,8,8_bride_wedding_maidens_marriage,1.0
young_wedding_both_286,0,0_spirit_flowers_maiden_wind,0.0
young_wedding_both_287,8,8_bride_wedding_maidens_marriage,0.82976127
young_wedding_both_288,0,0_spirit_flowers_maiden_wind,0.0
young_wedding_both_289,8,8_bride_wedding_maidens_marriage,1.0
young_wedding_both_290,8,8_bride_wedding_maidens_marriage,1.0
young_wedding_both_291,8,8_bride_wedding_maidens_marriage,1.0
young_wedding_both_292,8,8_bride_wedding_maidens_marriage,1.0
young_wedding_both_294,0,0_spirit_flowers_maiden_wind,0.0
young_wedding_both_295,8,8_bride_wedding_maidens_marriage,1.0
young_wedding_both_296,0,0_spirit_flowers_maiden_wind,0.0
young_wedding_both_297,8,8_bride_wedding_maidens_marriage,1.0
young_wedding_both_298,8,8_bride_wedding_maidens_marriage,1.0
young_wedding_both_299,8,8_bride_wedding_maidens_marriage,1.0
young_wedding_both_300,8,8_bride_wedding_maidens_marriage,1.0
young_wedding_both_301,8,8_bride_wedding_maidens_marriage,1.0
young_wedding_both_302,8,8_bride_wedding_maidens_marriage,1.0
young_wedding_both_303,0,0_spirit_flowers_maiden_wind,0.0
young_wedding_both_304,8,8_bride_wedding_maidens_marriage,1.0
young_wedding_both_305,0,0_spirit_flowers_maiden_wind,0.0
young_wedding_both_306,8,8_bride_wedding_maidens_marriage,0.9544334
young_wedding_both_307,8,8_bride_wedding_maidens_marriage,1.0
young_wedding_both_308,8,8_bride_wedding_maidens_marriage,1.0
young_wedding_both_309,8,8_bride_wedding_maidens_marriage,0.91439784
young_wedding_both_310,8,8_bride_wedding_maidens_marriage,0.5547397
young_wedding_both_311,8,8_bride_wedding_maidens_marriage,1.0
young_wedding_both_312,0,0_spirit_flowers_maiden_wind,0.0
young_wedding_both_313,8,8_bride_wedding_maidens_marriage,1.0
young_wedding_both_314,0,0_spirit_flowers_maiden_wind,0.0
young_wedding_both_315,8,8_bride_wedding_maidens_marriage,0.9491883
young_wedding_both_316,8,8_bride_wedding_maidens_marriage,0.57453305
young_wedding_both_317,8,8_bride_wedding_maidens_marriage,0.57453305
young_wedding_both_318,0,0_spirit_flowers_maiden_wind,0.0
young_wedding_both_319,8,8_bride_wedding_maidens_marriage,1.0
young_wedding_both_320,8,8_bride_wedding_maidens_marriage,0.7371137
young_wedding_both_321,8,8_bride_wedding_maidens_marriage,1.0
young_wedding_both_322,3,3_servant_servants_piet_dip,1.0
young_wedding_both_323,8,8_bride_wedding_maidens_marriage,0.9015227
young_wedding_both_324,6,6_village_skirt_autumn_bread,1.0
young_wedding_both_325,0,0_spirit_flowers_maiden_wind,0.0
young_wedding_both_326,0,0_spirit_flowers_maiden_wind,0.0
young_wedding_both_327,8,8_bride_wedding_maidens_marriage,1.0
young_wedding_both_328,3,3_servant_servants_piet_dip,1.0
young_wedding_both_329,8,8_bride_wedding_maidens_marriage,0.92948276
young_wedding_both_330,6,6_village_skirt_autumn_bread,0.6071341
young_wedding_both_331,8,8_bride_wedding_maidens_marriage,0.85836774
young_wedding_both_332,8,8_bride_wedding_maidens_marriage,0.7257833
young_wedding_both_333,8,8_bride_wedding_maidens_marriage,1.0
young_wedding_both_334,8,8_bride_wedding_maidens_marriage,0.7977274
young_wedding_both_335,8,8_bride_wedding_maidens_marriage,0.88581264
young_wedding_both_336,8,8_bride_wedding_maidens_marriage,0.81890947
young_wedding_both_337,8,8_bride_wedding_maidens_marriage,1.0
young_wedding_both_338,8,8_bride_wedding_maidens_marriage,1.0
young_wedding_both_339,0,0_spirit_flowers_maiden_wind,0.0
young_wedding_both_340,0,0_spirit_flowers_maiden_wind,0.0
young_wedding_both_341,0,0_spirit_flowers_maiden_wind,0.0
young_wedding_both_342,0,0_spirit_flowers_maiden_wind,0.0
young_wedding_both_343,0,0_spirit_flowers_maiden_wind,0.0
young_wedding_both_344,0,0_spirit_flowers_maiden_wind,0.0
young_wedding_both_345,0,0_spirit_flowers_maiden_wind,0.0
young_wedding_both_346,0,0_spirit_flowers_maiden_wind,0.0
young_wedding_both_347,0,0_spirit_flowers_maiden_wind,0.0
young_wedding_both_348,8,8_bride_wedding_maidens_marriage,1.0
young_wedding_both_349,8,8_bride_wedding_maidens_marriage,1.0
young_wedding_both_350,8,8_bride_wedding_maidens_marriage,1.0
young_wedding_both_351,8,8_bride_wedding_maidens_marriage,0.8865813
young_wedding_both_352,8,8_bride_wedding_maidens_marriage,1.0
young_wedding_both_353,8,8_bride_wedding_maidens_marriage,1.0
young_wedding_both_354,0,0_spirit_flowers_maiden_wind,0.0
young_wedding_both_355,0,0_spirit_flowers_maiden_wind,0.0
young_wedding_both_356,8,8_bride_wedding_maidens_marriage,1.0
young_wedding_both_357,8,8_bride_wedding_maidens_marriage,1.0
young_wedding_both_358,0,0_spirit_flowers_maiden_wind,0.0
young_wedding_both_359,8,8_bride_wedding_maidens_marriage,0.8271532
young_wedding_both_360,8,8_bride_wedding_maidens_marriage,0.55533344
young_wedding_both_361,8,8_bride_wedding_maidens_marriage,1.0
young_wedding_both_362,8,8_bride_wedding_maidens_marriage,1.0
young_wedding_both_363,8,8_bride_wedding_maidens_marriage,1.0
young_wedding_both_364,8,8_bride_wedding_maidens_marriage,0.83016485
young_wedding_both_365,3,3_servant_servants_piet_dip,0.8080194
young_wedding_both_366,8,8_bride_wedding_maidens_marriage,1.0
young_wedding_both_367,8,8_bride_wedding_maidens_marriage,1.0
young_wedding_both_368,8,8_bride_wedding_maidens_marriage,1.0
young_wedding_both_369,8,8_bride_wedding_maidens_marriage,1.0
young_wedding_both_370,8,8_bride_wedding_maidens_marriage,1.0
young_wedding_both_371,8,8_bride_wedding_maidens_marriage,1.0
young_wedding_both_372,8,8_bride_wedding_maidens_marriage,1.0
young_wedding_both_373,8,8_bride_wedding_maidens_marriage,1.0
young_wedding_both_374,8,8_bride_wedding_maidens_marriage,1.0
young_wedding_both_375,8,8_bride_wedding_maidens_marriage,0.5985698
young_wedding_both_376,8,8_bride_wedding_maidens_marriage,1.0
young_wedding_both_377,8,8_bride_wedding_maidens_marriage,1.0
young_wedding_both_378,8,8_bride_wedding_maidens_marriage,1.0
young_wedding_both_379,8,8_bride_wedding_maidens_marriage,1.0
young_wedding_both_380,8,8_bride_wedding_maidens_marriage,1.0
young_wedding_both_381,8,8_bride_wedding_maidens_marriage,1.0
young_wedding_both_382,8,8_bride_wedding_maidens_marriage,1.0
young_wedding_both_383,8,8_bride_wedding_maidens_marriage,1.0
young_wedding_both_384,8,8_bride_wedding_maidens_marriage,1.0
young_wedding_both_385,5,5_hwanghae_flowers_river_bloom flowers,1.0
young_wedding_both_386,8,8_bride_wedding_maidens_marriage,1.0
young_wedding_both_387,8,8_bride_wedding_maidens_marriage,1.0
young_wedding_both_388,8,8_bride_wedding_maidens_marriage,0.92825514
young_wedding_both_389,8,8_bride_wedding_maidens_marriage,1.0
young_wedding_both_390,8,8_bride_wedding_maidens_marriage,1.0
young_wedding_both_391,8,8_bride_wedding_maidens_marriage,1.0
young_wedding_both_392,8,8_bride_wedding_maidens_marriage,0.7636126
young_wedding_both_393,8,8_bride_wedding_maidens_marriage,1.0
young_wedding_both_394,8,8_bride_wedding_maidens_marriage,0.9636937
young_wedding_both_395,8,8_bride_wedding_maidens_marriage,1.0
young_wedding_both_396,8,8_bride_wedding_maidens_marriage,1.0
young_wedding_both_397,0,0_spirit_flowers_maiden_wind,0.0
young_wedding_both_398,8,8_bride_wedding_maidens_marriage,1.0
young_wedding_both_399,8,8_bride_wedding_maidens_marriage,0.9033442
young_wedding_both_400,8,8_bride_wedding_maidens_marriage,1.0
young_wedding_both_401,8,8_bride_wedding_maidens_marriage,1.0
young_wedding_both_402,8,8_bride_wedding_maidens_marriage,0.6771347
young_wedding_both_403,8,8_bride_wedding_maidens_marriage,1.0
young_wedding_both_404,8,8_bride_wedding_maidens_marriage,1.0
young_wedding_both_405,8,8_bride_wedding_maidens_marriage,1.0
young_wedding_both_406,0,0_spirit_flowers_maiden_wind,0.0
young_wedding_both_407,8,8_bride_wedding_maidens_marriage,0.9361865
young_wedding_both_408,8,8_bride_wedding_maidens_marriage,0.9799235
young_wedding_both_409,8,8_bride_wedding_maidens_marriage,0.8797392
young_wedding_both_410,8,8_bride_wedding_maidens_marriage,1.0
young_wedding_both_411,8,8_bride_wedding_maidens_marriage,0.76761794
young_wedding_both_412,8,8_bride_wedding_maidens_marriage,1.0
young_wedding_both_413,0,0_spirit_flowers_maiden_wind,0.0
young_wedding_both_414,8,8_bride_wedding_maidens_marriage,1.0
young_wedding_both_415,8,8_bride_wedding_maidens_marriage,1.0
young_wedding_both_416,8,8_bride_wedding_maidens_marriage,0.50560904
young_wedding_both_417,8,8_bride_wedding_maidens_marriage,1.0
young_wedding_both_418,8,8_bride_wedding_maidens_marriage,1.0
young_wedding_both_419,8,8_bride_wedding_maidens_marriage,1.0
young_wedding_both_420,0,0_spirit_flowers_maiden_wind,0.0
young_wedding_both_421,8,8_bride_wedding_maidens_marriage,1.0
young_wedding_both_422,8,8_bride_wedding_maidens_marriage,0.9477204
young_wedding_both_423,8,8_bride_wedding_maidens_marriage,1.0
young_wedding_both_424,8,8_bride_wedding_maidens_marriage,1.0
young_wedding_both_425,8,8_bride_wedding_maidens_marriage,1.0
young_wedding_both_426,0,0_spirit_flowers_maiden_wind,0.0
young_wedding_both_427,8,8_bride_wedding_maidens_marriage,1.0
young_wedding_both_429,8,8_bride_wedding_maidens_marriage,1.0
young_wedding_both_430,8,8_bride_wedding_maidens_marriage,1.0
young_wedding_both_431,8,8_bride_wedding_maidens_marriage,1.0
young_wedding_both_432,3,3_servant_servants_piet_dip,1.0
young_wedding_both_433,8,8_bride_wedding_maidens_marriage,0.9622199
young_wedding_both_434,8,8_bride_wedding_maidens_marriage,1.0
young_wedding_both_435,8,8_bride_wedding_maidens_marriage,1.0
young_wedding_both_436,8,8_bride_wedding_maidens_marriage,1.0
young_wedding_both_437,8,8_bride_wedding_maidens_marriage,1.0
young_wedding_both_438,8,8_bride_wedding_maidens_marriage,1.0
young_wedding_both_439,8,8_bride_wedding_maidens_marriage,0.9648585
young_wedding_both_440,8,8_bride_wedding_maidens_marriage,1.0
young_wedding_both_441,8,8_bride_wedding_maidens_marriage,0.88038343
young_wedding_both_442,8,8_bride_wedding_maidens_marriage,1.0
young_wedding_both_443,8,8_bride_wedding_maidens_marriage,0.90496004
young_wedding_both_444,8,8_bride_wedding_maidens_marriage,1.0
young_wedding_both_445,8,8_bride_wedding_maidens_marriage,0.8649895
young_wedding_both_446,8,8_bride_wedding_maidens_marriage,1.0
young_wedding_both_447,8,8_bride_wedding_maidens_marriage,0.92062104
young_wedding_both_448,8,8_bride_wedding_maidens_marriage,0.74133176
young_wedding_both_449,8,8_bride_wedding_maidens_marriage,0.6842567
young_wedding_both_450,8,8_bride_wedding_maidens_marriage,1.0
young_wedding_both_451,8,8_bride_wedding_maidens_marriage,1.0
young_wedding_both_452,8,8_bride_wedding_maidens_marriage,0.970399
young_wedding_both_454,8,8_bride_wedding_maidens_marriage,1.0
young_wedding_both_455,8,8_bride_wedding_maidens_marriage,1.0
young_wedding_both_456,8,8_bride_wedding_maidens_marriage,0.7693074
young_wedding_both_457,8,8_bride_wedding_maidens_marriage,1.0
young_wedding_both_458,8,8_bride_wedding_maidens_marriage,0.89140564
young_wedding_both_459,8,8_bride_wedding_maidens_marriage,0.9229134
young_wedding_both_461,8,8_bride_wedding_maidens_marriage,1.0
young_wedding_both_462,8,8_bride_wedding_maidens_marriage,0.894939
young_wedding_both_463,8,8_bride_wedding_maidens_marriage,1.0
young_wedding_both_464,8,8_bride_wedding_maidens_marriage,1.0
young_wedding_both_465,8,8_bride_wedding_maidens_marriage,1.0
young_wedding_both_466,0,0_spirit_flowers_maiden_wind,0.0
young_wedding_both_467,8,8_bride_wedding_maidens_marriage,1.0
young_wedding_both_468,3,3_servant_servants_piet_dip,0.4110299
young_wedding_both_469,8,8_bride_wedding_maidens_marriage,1.0
young_wedding_both_471,8,8_bride_wedding_maidens_marriage,1.0
young_wedding_both_472,8,8_bride_wedding_maidens_marriage,1.0
young_wedding_both_474,8,8_bride_wedding_maidens_marriage,1.0
young_wedding_both_475,8,8_bride_wedding_maidens_marriage,1.0
young_wedding_both_476,8,8_bride_wedding_maidens_marriage,1.0
young_wedding_both_477,8,8_bride_wedding_maidens_marriage,1.0
young_wedding_both_478,8,8_bride_wedding_maidens_marriage,0.95729065
young_wedding_both_479,8,8_bride_wedding_maidens_marriage,1.0
young_wedding_both_480,8,8_bride_wedding_maidens_marriage,1.0
young_wedding_both_481,8,8_bride_wedding_maidens_marriage,0.6578171
young_wedding_both_482,8,8_bride_wedding_maidens_marriage,1.0
young_wedding_both_483,8,8_bride_wedding_maidens_marriage,0.9733727
young_wedding_both_484,8,8_bride_wedding_maidens_marriage,0.72989917
young_wedding_both_485,8,8_bride_wedding_maidens_marriage,0.8955892
young_wedding_both_486,8,8_bride_wedding_maidens_marriage,1.0
young_wedding_both_487,0,0_spirit_flowers_maiden_wind,0.0
young_wedding_both_488,8,8_bride_wedding_maidens_marriage,1.0
young_wedding_both_489,8,8_bride_wedding_maidens_marriage,1.0
young_wedding_both_490,8,8_bride_wedding_maidens_marriage,1.0
young_wedding_both_491,0,0_spirit_flowers_maiden_wind,0.0
young_wedding_both_492,8,8_bride_wedding_maidens_marriage,1.0
young_wedding_both_493,8,8_bride_wedding_maidens_marriage,1.0
young_wedding_both_494,8,8_bride_wedding_maidens_marriage,1.0
young_wedding_both_495,8,8_bride_wedding_maidens_marriage,1.0
young_wedding_both_496,8,8_bride_wedding_maidens_marriage,1.0
young_wedding_both_497,8,8_bride_wedding_maidens_marriage,1.0
young_wedding_both_498,8,8_bride_wedding_maidens_marriage,1.0
young_wedding_both_499,6,6_village_skirt_autumn_bread,1.0
young_wedding_both_500,8,8_bride_wedding_maidens_marriage,0.577311
young_wedding_both_501,8,8_bride_wedding_maidens_marriage,1.0
young_wedding_both_502,8,8_bride_wedding_maidens_marriage,1.0
young_work_dbnl_0,8,8_bride_wedding_maidens_marriage,0.6334554
young_work_dbnl_3,8,8_bride_wedding_maidens_marriage,0.9061491
young_work_dbnl_4,0,0_spirit_flowers_maiden_wind,0.0
young_work_dbnl_5,8,8_bride_wedding_maidens_marriage,1.0
young_work_dbnl_7,7,7_tended herd_servant_plow_shepherd,0.42677894
young_work_dbnl_8,6,6_village_skirt_autumn_bread,0.894952
young_work_dbnl_9,6,6_village_skirt_autumn_bread,1.0
young_work_dbnl_10,6,6_village_skirt_autumn_bread,0.5815845
young_work_dbnl_11,8,8_bride_wedding_maidens_marriage,0.8094879
young_work_dbnl_16,0,0_spirit_flowers_maiden_wind,0.0
young_work_dbnl_17,6,6_village_skirt_autumn_bread,0.54980224
young_work_dbnl_18,8,8_bride_wedding_maidens_marriage,0.83237904
young_work_dbnl_19,6,6_village_skirt_autumn_bread,0.71314454
young_work_dbnl_20,8,8_bride_wedding_maidens_marriage,1.0
young_work_dbnl_21,8,8_bride_wedding_maidens_marriage,0.3230861
young_work_dbnl_22,6,6_village_skirt_autumn_bread,0.62147117
young_work_dbnl_23,6,6_village_skirt_autumn_bread,0.4585389
young_work_dbnl_24,8,8_bride_wedding_maidens_marriage,1.0
young_work_dbnl_25,8,8_bride_wedding_maidens_marriage,0.7295189
young_work_dbnl_27,6,6_village_skirt_autumn_bread,0.64740247
young_work_dbnl_28,6,6_village_skirt_autumn_bread,0.66029984
young_work_dbnl_29,8,8_bride_wedding_maidens_marriage,0.66278005
young_work_dbnl_31,8,8_bride_wedding_maidens_marriage,0.6799365
young_work_dbnl_32,7,7_tended herd_servant_plow_shepherd,1.0
young_work_dbnl_33,6,6_village_skirt_autumn_bread,0.77284807
young_work_dbnl_34,3,3_servant_servants_piet_dip,0.34062156
young_work_dbnl_35,6,6_village_skirt_autumn_bread,1.0
young_work_dbnl_36,6,6_village_skirt_autumn_bread,1.0
young_work_dbnl_37,6,6_village_skirt_autumn_bread,0.80957574
young_work_dbnl_38,8,8_bride_wedding_maidens_marriage,1.0
young_work_dbnl_39,0,0_spirit_flowers_maiden_wind,0.0
young_work_dbnl_41,3,3_servant_servants_piet_dip,0.5972217
young_work_dbnl_44,8,8_bride_wedding_maidens_marriage,1.0
young_work_dbnl_47,6,6_village_skirt_autumn_bread,1.0
young_work_dbnl_48,6,6_village_skirt_autumn_bread,1.0
young_work_dbnl_49,6,6_village_skirt_autumn_bread,0.41614035
young_work_dbnl_50,8,8_bride_wedding_maidens_marriage,0.6631967
young_work_dbnl_51,6,6_village_skirt_autumn_bread,0.62991166
young_work_dbnl_52,0,0_spirit_flowers_maiden_wind,0.0
young_work_dbnl_53,8,8_bride_wedding_maidens_marriage,1.0
young_work_dbnl_54,8,8_bride_wedding_maidens_marriage,0.70249516
young_work_dbnl_55,6,6_village_skirt_autumn_bread,0.6361425
young_work_dbnl_56,6,6_village_skirt_autumn_bread,0.7877196
young_work_dbnl_57,8,8_bride_wedding_maidens_marriage,0.5914369
young_work_dbnl_58,6,6_village_skirt_autumn_bread,1.0
young_work_dbnl_59,7,7_tended herd_servant_plow_shepherd,0.42894715
young_work_dbnl_60,6,6_village_skirt_autumn_bread,0.6622153
young_work_dbnl_61,0,0_spirit_flowers_maiden_wind,0.0
young_work_dbnl_62,6,6_village_skirt_autumn_bread,0.5320615
young_work_dbnl_63,6,6_village_skirt_autumn_bread,1.0
young_work_dbnl_64,8,8_bride_wedding_maidens_marriage,0.4892793
young_work_dbnl_65,6,6_village_skirt_autumn_bread,0.554769
young_work_dbnl_66,6,6_village_skirt_autumn_bread,0.64486885
young_work_dbnl_67,0,0_spirit_flowers_maiden_wind,0.0
young_work_dbnl_68,0,0_spirit_flowers_maiden_wind,0.0
young_work_dbnl_69,0,0_spirit_flowers_maiden_wind,0.0
young_work_dbnl_70,3,3_servant_servants_piet_dip,1.0
young_work_dbnl_71,8,8_bride_wedding_maidens_marriage,0.8052204
young_work_dbnl_72,8,8_bride_wedding_maidens_marriage,0.57956415
young_work_dbnl_73,5,5_hwanghae_flowers_river_bloom flowers,1.0
young_work_dbnl_74,6,6_village_skirt_autumn_bread,1.0
young_work_dbnl_75,7,7_tended herd_servant_plow_shepherd,0.81861514
young_work_dbnl_76,6,6_village_skirt_autumn_bread,0.5458303
young_work_dbnl_78,6,6_village_skirt_autumn_bread,0.6670448
young_work_dbnl_80,0,0_spirit_flowers_maiden_wind,0.0
young_work_dbnl_81,0,0_spirit_flowers_maiden_wind,0.0
young_work_dbnl_82,0,0_spirit_flowers_maiden_wind,0.0
young_work_dbnl_83,6,6_village_skirt_autumn_bread,1.0
young_work_dbnl_84,8,8_bride_wedding_maidens_marriage,1.0
young_work_dbnl_85,8,8_bride_wedding_maidens_marriage,1.0
young_work_dbnl_86,8,8_bride_wedding_maidens_marriage,1.0
young_work_dbnl_87,8,8_bride_wedding_maidens_marriage,0.72762716
young_work_dbnl_88,8,8_bride_wedding_maidens_marriage,0.59120953
young_work_dbnl_89,8,8_bride_wedding_maidens_marriage,0.7886841
young_work_dbnl_90,6,6_village_skirt_autumn_bread,0.5432493
young_work_dbnl_91,6,6_village_skirt_autumn_bread,0.74184227
young_work_dbnl_92,8,8_bride_wedding_maidens_marriage,0.5470145
young_work_dbnl_93,6,6_village_skirt_autumn_bread,1.0
young_work_dbnl_94,6,6_village_skirt_autumn_bread,1.0
young_work_dbnl_95,7,7_tended herd_servant_plow_shepherd,0.55022335
young_work_dbnl_96,8,8_bride_wedding_maidens_marriage,1.0
young_work_dbnl_97,6,6_village_skirt_autumn_bread,0.69982177
young_work_dbnl_98,6,6_village_skirt_autumn_bread,1.0
young_work_dbnl_99,8,8_bride_wedding_maidens_marriage,1.0
young_work_dbnl_101,8,8_bride_wedding_maidens_marriage,1.0
young_work_dbnl_103,6,6_village_skirt_autumn_bread,0.68482786
young_work_dbnl_104,6,6_village_skirt_autumn_bread,0.7391218
young_work_dbnl_105,8,8_bride_wedding_maidens_marriage,1.0
young_work_dbnl_106,8,8_bride_wedding_maidens_marriage,0.71064943
young_work_dbnl_107,8,8_bride_wedding_maidens_marriage,1.0
young_work_dbnl_108,8,8_bride_wedding_maidens_marriage,0.45106602
young_work_dbnl_109,6,6_village_skirt_autumn_bread,0.5087143
young_work_dbnl_110,8,8_bride_wedding_maidens_marriage,0.9756755
young_work_dbnl_111,8,8_bride_wedding_maidens_marriage,0.64397895
young_work_dbnl_112,8,8_bride_wedding_maidens_marriage,1.0
young_work_dbnl_113,6,6_village_skirt_autumn_bread,1.0
young_work_dbnl_114,3,3_servant_servants_piet_dip,0.4853915
young_work_dbnl_115,8,8_bride_wedding_maidens_marriage,1.0
young_work_dbnl_116,6,6_village_skirt_autumn_bread,0.69226354
young_work_dbnl_117,8,8_bride_wedding_maidens_marriage,1.0
young_work_dbnl_118,8,8_bride_wedding_maidens_marriage,0.54577905
young_work_dbnl_119,8,8_bride_wedding_maidens_marriage,1.0
young_work_dbnl_120,8,8_bride_wedding_maidens_marriage,1.0
young_work_dbnl_123,6,6_village_skirt_autumn_bread,1.0
young_work_dbnl_124,0,0_spirit_flowers_maiden_wind,0.0
young_work_dbnl_125,0,0_spirit_flowers_maiden_wind,0.0
young_work_dbnl_126,8,8_bride_wedding_maidens_marriage,1.0
young_work_dbnl_127,0,0_spirit_flowers_maiden_wind,0.0
young_work_dbnl_128,8,8_bride_wedding_maidens_marriage,0.9473124
young_work_dbnl_129,0,0_spirit_flowers_maiden_wind,0.0
young_work_dbnl_130,0,0_spirit_flowers_maiden_wind,0.0
young_work_dbnl_131,6,6_village_skirt_autumn_bread,1.0
young_work_dbnl_132,6,6_village_skirt_autumn_bread,0.6199151
young_work_dbnl_133,6,6_village_skirt_autumn_bread,1.0
young_work_dbnl_134,6,6_village_skirt_autumn_bread,1.0
young_work_dbnl_136,6,6_village_skirt_autumn_bread,0.52796155
young_work_dbnl_137,6,6_village_skirt_autumn_bread,0.50610477
young_work_dbnl_138,6,6_village_skirt_autumn_bread,1.0
young_work_dbnl_139,6,6_village_skirt_autumn_bread,0.69982177
young_work_dbnl_140,6,6_village_skirt_autumn_bread,0.8372014
young_xmas_dbnl_0,8,8_bride_wedding_maidens_marriage,1.0
young_xmas_dbnl_1,8,8_bride_wedding_maidens_marriage,1.0
young_xmas_dbnl_2,8,8_bride_wedding_maidens_marriage,0.8319406
young_xmas_dbnl_3,8,8_bride_wedding_maidens_marriage,1.0
young_xmas_dbnl_6,8,8_bride_wedding_maidens_marriage,1.0
young_xmas_dbnl_7,8,8_bride_wedding_maidens_marriage,0.8398035
young_xmas_dbnl_8,8,8_bride_wedding_maidens_marriage,0.91409856
young_xmas_dbnl_9,0,0_spirit_flowers_maiden_wind,0.0
young_xmas_dbnl_10,7,7_tended herd_servant_plow_shepherd,1.0
young_xmas_dbnl_11,0,0_spirit_flowers_maiden_wind,0.0
young_xmas_dbnl_13,5,5_hwanghae_flowers_river_bloom flowers,0.7984457
young_xmas_dbnl_14,8,8_bride_wedding_maidens_marriage,1.0
young_xmas_dbnl_15,8,8_bride_wedding_maidens_marriage,0.8797275
young_xmas_dbnl_16,5,5_hwanghae_flowers_river_bloom flowers,1.0
young_xmas_dbnl_17,0,0_spirit_flowers_maiden_wind,0.0
young_xmas_dbnl_18,8,8_bride_wedding_maidens_marriage,0.52461046
young_xmas_dbnl_20,8,8_bride_wedding_maidens_marriage,0.599511
young_xmas_txt_0,0,0_spirit_flowers_maiden_wind,0.0
young_xmas_txt_1,5,5_hwanghae_flowers_river_bloom flowers,1.0
young_xmas_txt_2,0,0_spirit_flowers_maiden_wind,0.0
young_xmas_txt_3,0,0_spirit_flowers_maiden_wind,0.0
young_young_birthday_dbnl_50,3,3_servant_servants_piet_dip,0.30513197
young_young_birthday_dbnl_53,8,8_bride_wedding_maidens_marriage,0.5315319
young_young_birthday_dbnl_54,8,8_bride_wedding_maidens_marriage,0.77082324
young_young_birthday_dbnl_57,8,8_bride_wedding_maidens_marriage,0.7866976
young_young_birthday_dbnl_58,8,8_bride_wedding_maidens_marriage,0.76384354
young_young_birthday_dbnl_59,6,6_village_skirt_autumn_bread,0.52769506
young_young_birthday_dbnl_87,8,8_bride_wedding_maidens_marriage,0.860657
young_young_birthday_dbnl_125,6,6_village_skirt_autumn_bread,0.36037672
young_young_birthday_dbnl_126,6,6_village_skirt_autumn_bread,0.43363556
young_young_birthday_txt_1,6,6_village_skirt_autumn_bread,1.0
young_young_nicholas_dbnl_22,6,6_village_skirt_autumn_bread,0.3469309
young_young_nicholas_dbnl_23,3,3_servant_servants_piet_dip,0.39139766
young_young_nicholas_dbnl_24,6,6_village_skirt_autumn_bread,0.42697427
young_young_nicholas_dbnl_25,6,6_village_skirt_autumn_bread,0.42980555
young_young_nicholas_dbnl_26,6,6_village_skirt_autumn_bread,0.39790198
young_young_nicholas_dbnl_28,6,6_village_skirt_autumn_bread,0.40288576
young_young_nicholas_dbnl_29,3,3_servant_servants_piet_dip,0.39139766
young_young_nicholas_dbnl_30,6,6_village_skirt_autumn_bread,0.43578374
young_young_nicholas_dbnl_31,3,3_servant_servants_piet_dip,0.35553706
young_young_nicholas_dbnl_32,6,6_village_skirt_autumn_bread,0.3840321
young_young_nicholas_dbnl_33,6,6_village_skirt_autumn_bread,0.40843105
young_young_nicholas_dbnl_34,3,3_servant_servants_piet_dip,0.41950387
young_young_nicholas_dbnl_35,3,3_servant_servants_piet_dip,0.40256873
young_young_nicholas_dbnl_39,6,6_village_skirt_autumn_bread,0.5387507
young_young_nicholas_dbnl_40,6,6_village_skirt_autumn_bread,0.5572897
young_young_nicholas_dbnl_42,6,6_village_skirt_autumn_bread,0.48463896
young_young_nicholas_dbnl_43,6,6_village_skirt_autumn_bread,0.48254615
young_young_nicholas_dbnl_44,6,6_village_skirt_autumn_bread,0.5257619
young_young_nicholas_dbnl_46,6,6_village_skirt_autumn_bread,0.52645063
young_young_nicholas_dbnl_47,8,8_bride_wedding_maidens_marriage,0.45151773
young_young_nicholas_dbnl_48,6,6_village_skirt_autumn_bread,0.510442
young_young_nicholas_dbnl_49,6,6_village_skirt_autumn_bread,0.47588226
young_young_nicholas_dbnl_50,6,6_village_skirt_autumn_bread,0.5426991
young_young_nicholas_dbnl_51,6,6_village_skirt_autumn_bread,0.53836185
young_young_nicholas_dbnl_54,6,6_village_skirt_autumn_bread,0.51339036
young_young_nicholas_dbnl_55,6,6_village_skirt_autumn_bread,0.524453
young_young_nicholas_dbnl_56,6,6_village_skirt_autumn_bread,0.5229905
young_young_nicholas_dbnl_57,6,6_village_skirt_autumn_bread,0.5461448
young_young_nicholas_dbnl_58,6,6_village_skirt_autumn_bread,0.55727255
young_young_nicholas_dbnl_59,6,6_village_skirt_autumn_bread,0.5698953
young_young_nicholas_dbnl_60,6,6_village_skirt_autumn_bread,0.5514553
young_young_nicholas_dbnl_61,8,8_bride_wedding_maidens_marriage,0.45696625
young_young_nicholas_dbnl_62,6,6_village_skirt_autumn_bread,0.49822083
young_young_nicholas_dbnl_64,6,6_village_skirt_autumn_bread,0.52382505
young_young_nicholas_dbnl_65,6,6_village_skirt_autumn_bread,0.53652227
young_young_nicholas_dbnl_66,6,6_village_skirt_autumn_bread,0.4838714
young_young_nicholas_dbnl_67,6,6_village_skirt_autumn_bread,0.5027723
young_young_nicholas_dbnl_68,6,6_village_skirt_autumn_bread,0.53019285
young_young_nicholas_dbnl_69,6,6_village_skirt_autumn_bread,0.56294286
young_young_nicholas_dbnl_70,6,6_village_skirt_autumn_bread,0.5148245
young_young_nicholas_dbnl_71,8,8_bride_wedding_maidens_marriage,0.46304813
young_young_sea_dbnl_139,8,8_bride_wedding_maidens_marriage,1.0
young_young_sea_dbnl_146,6,6_village_skirt_autumn_bread,0.7787469
young_young_sea_dbnl_151,6,6_village_skirt_autumn_bread,0.627323
young_young_sea_dbnl_191,8,8_bride_wedding_maidens_marriage,0.6645193
young_young_sea_dbnl_197,8,8_bride_wedding_maidens_marriage,0.5093516
young_young_sea_dbnl_198,6,6_village_skirt_autumn_bread,0.42554423
young_young_sea_dbnl_199,8,8_bride_wedding_maidens_marriage,0.9820599
young_young_sea_dbnl_202,5,5_hwanghae_flowers_river_bloom flowers,0.5718666
young_young_sea_dbnl_214,8,8_bride_wedding_maidens_marriage,0.5232167
young_young_sea_dbnl_225,8,8_bride_wedding_maidens_marriage,0.67585266
young_young_sea_dbnl_229,8,8_bride_wedding_maidens_marriage,1.0
young_young_sea_dbnl_230,8,8_bride_wedding_maidens_marriage,0.69314486
young_young_sea_dbnl_242,8,8_bride_wedding_maidens_marriage,0.6349059
young_young_sea_dbnl_255,5,5_hwanghae_flowers_river_bloom flowers,0.65908015
young_young_sea_dbnl_282,8,8_bride_wedding_maidens_marriage,0.4147127
young_young_sea_dbnl_340,6,6_village_skirt_autumn_bread,0.8229075
young_young_soldier_dbnl_102,7,7_tended herd_servant_plow_shepherd,0.55736834
young_young_soldier_dbnl_119,8,8_bride_wedding_maidens_marriage,0.62926155
young_young_soldier_dbnl_123,8,8_bride_wedding_maidens_marriage,1.0
young_young_work_dbnl_46,6,6_village_skirt_autumn_bread,0.7122071
young_young_work_dbnl_74,8,8_bride_wedding_maidens_marriage,0.6155501
young_young_work_dbnl_87,6,6_village_skirt_autumn_bread,0.67782855
young_young_work_dbnl_94,8,8_bride_wedding_maidens_marriage,0.6416208
young_young_work_dbnl_95,8,8_bride_wedding_maidens_marriage,0.6494417
young_young_work_dbnl_97,8,8_bride_wedding_maidens_marriage,0.79585284
young_young_work_dbnl_98,8,8_bride_wedding_maidens_marriage,0.67890716
young_young_work_dbnl_100,8,8_bride_wedding_maidens_marriage,0.72252446
young_young_work_dbnl_102,8,8_bride_wedding_maidens_marriage,0.69604236
young_young_work_dbnl_104,8,8_bride_wedding_maidens_marriage,0.6740083
young_young_work_dbnl_105,8,8_bride_wedding_maidens_marriage,0.71642596
young_young_work_dbnl_108,6,6_village_skirt_autumn_bread,0.37861454
young_young_work_dbnl_114,6,6_village_skirt_autumn_bread,0.51706135
young_young_work_dbnl_172,6,6_village_skirt_autumn_bread,0.761767
young_young_xmas_dbnl_73,6,6_village_skirt_autumn_bread,0.43578374
young_young_xmas_dbnl_74,3,3_servant_servants_piet_dip,0.4080964
young_young_xmas_dbnl_75,6,6_village_skirt_autumn_bread,0.3949562
Pod_0,0,0_spirit_flowers_maiden_wind,0.0
Pod_1,0,0_spirit_flowers_maiden_wind,0.0
Pod_2,0,0_spirit_flowers_maiden_wind,0.0
Pod_3,0,0_spirit_flowers_maiden_wind,0.0
Pod_4,0,0_spirit_flowers_maiden_wind,0.0
Pod_5,0,0_spirit_flowers_maiden_wind,0.0
Pod_6,0,0_spirit_flowers_maiden_wind,0.0
Pod_7,0,0_spirit_flowers_maiden_wind,0.0
Pod_8,6,6_village_skirt_autumn_bread,0.83766913
Pod_10,0,0_spirit_flowers_maiden_wind,0.0
Pod_11,0,0_spirit_flowers_maiden_wind,0.0
Pod_12,0,0_spirit_flowers_maiden_wind,0.0
Pod_13,0,0_spirit_flowers_maiden_wind,0.0
Pod_14,3,3_servant_servants_piet_dip,1.0
Pod_15,0,0_spirit_flowers_maiden_wind,0.0
Pod_16,8,8_bride_wedding_maidens_marriage,1.0
Pod_17,0,0_spirit_flowers_maiden_wind,0.0
Pod_18,6,6_village_skirt_autumn_bread,0.75065553
Pod_19,6,6_village_skirt_autumn_bread,1.0
Pod_20,6,6_village_skirt_autumn_bread,1.0
Pod_21,0,0_spirit_flowers_maiden_wind,0.0
Pod_23,3,3_servant_servants_piet_dip,1.0
Pod_24,8,8_bride_wedding_maidens_marriage,1.0
Pod_25,0,0_spirit_flowers_maiden_wind,0.0
Pod_26,0,0_spirit_flowers_maiden_wind,0.0
Pod_27,0,0_spirit_flowers_maiden_wind,0.0
Pod_28,0,0_spirit_flowers_maiden_wind,0.0
Pod_29,0,0_spirit_flowers_maiden_wind,0.0
Pod_30,6,6_village_skirt_autumn_bread,1.0
Pod_31,7,7_tended herd_servant_plow_shepherd,1.0
Pod_32,0,0_spirit_flowers_maiden_wind,0.0
Pod_33,0,0_spirit_flowers_maiden_wind,0.0
Pod_34,0,0_spirit_flowers_maiden_wind,0.0
Pod_35,6,6_village_skirt_autumn_bread,1.0
Pod_36,0,0_spirit_flowers_maiden_wind,0.0
Pod_37,6,6_village_skirt_autumn_bread,1.0
Pod_38,0,0_spirit_flowers_maiden_wind,0.0
Pod_39,0,0_spirit_flowers_maiden_wind,0.0
Pod_40,8,8_bride_wedding_maidens_marriage,1.0
Pod_41,6,6_village_skirt_autumn_bread,1.0
Pod_42,0,0_spirit_flowers_maiden_wind,0.0
Pod_43,0,0_spirit_flowers_maiden_wind,0.0
Pod_44,7,7_tended herd_servant_plow_shepherd,1.0
Pod_45,8,8_bride_wedding_maidens_marriage,0.65588
Pod_46,8,8_bride_wedding_maidens_marriage,1.0
Pod_47,8,8_bride_wedding_maidens_marriage,1.0
Pod_48,6,6_village_skirt_autumn_bread,1.0
Pod_49,3,3_servant_servants_piet_dip,1.0
Pod_50,6,6_village_skirt_autumn_bread,1.0
Pod_51,0,0_spirit_flowers_maiden_wind,0.0
Pod_52,0,0_spirit_flowers_maiden_wind,0.0
Pod_53,6,6_village_skirt_autumn_bread,0.75189245
Pod_54,6,6_village_skirt_autumn_bread,1.0
Pod_55,0,0_spirit_flowers_maiden_wind,0.0
Pod_56,6,6_village_skirt_autumn_bread,1.0
Pod_57,7,7_tended herd_servant_plow_shepherd,1.0
Pod_58,7,7_tended herd_servant_plow_shepherd,1.0
Pod_59,7,7_tended herd_servant_plow_shepherd,0.51738256
Pod_60,3,3_servant_servants_piet_dip,0.6732142
Pod_61,6,6_village_skirt_autumn_bread,0.86213577
Pod_62,0,0_spirit_flowers_maiden_wind,0.0
Pod_64,8,8_bride_wedding_maidens_marriage,1.0
Pod_65,0,0_spirit_flowers_maiden_wind,0.0
Pod_66,0,0_spirit_flowers_maiden_wind,0.0
Pod_67,5,5_hwanghae_flowers_river_bloom flowers,0.7405753
Pod_71,0,0_spirit_flowers_maiden_wind,0.0
Pod_72,6,6_village_skirt_autumn_bread,0.38202256
Pod_73,6,6_village_skirt_autumn_bread,1.0
Pod_75,0,0_spirit_flowers_maiden_wind,0.0
Pod_76,5,5_hwanghae_flowers_river_bloom flowers,0.50187427
Pod_84,6,6_village_skirt_autumn_bread,1.0
Pod_85,0,0_spirit_flowers_maiden_wind,0.0
Pod_86,6,6_village_skirt_autumn_bread,0.3809822
Pod_87,3,3_servant_servants_piet_dip,1.0
Pod_88,6,6_village_skirt_autumn_bread,0.5280201
Pod_89,0,0_spirit_flowers_maiden_wind,0.0
Pod_90,6,6_village_skirt_autumn_bread,1.0
Pod_91,8,8_bride_wedding_maidens_marriage,1.0
Pod_92,5,5_hwanghae_flowers_river_bloom flowers,1.0
Pod_93,5,5_hwanghae_flowers_river_bloom flowers,0.69369537
Pod_94,0,0_spirit_flowers_maiden_wind,0.0
Pod_95,0,0_spirit_flowers_maiden_wind,0.0
Pod_96,0,0_spirit_flowers_maiden_wind,0.0
Pod_97,7,7_tended herd_servant_plow_shepherd,1.0
Pod_98,0,0_spirit_flowers_maiden_wind,0.0
Pod_99,0,0_spirit_flowers_maiden_wind,0.0
Pod_100,0,0_spirit_flowers_maiden_wind,0.0
Pod_101,0,0_spirit_flowers_maiden_wind,0.0
Pod_102,0,0_spirit_flowers_maiden_wind,0.0
Pod_103,6,6_village_skirt_autumn_bread,0.5627798
Pod_104,0,0_spirit_flowers_maiden_wind,0.0
Pod_105,5,5_hwanghae_flowers_river_bloom flowers,0.69205827
Pod_106,4,4_little birds_horses_horse_poor parish,0.49635017
Pod_107,0,0_spirit_flowers_maiden_wind,0.0
Pod_108,7,7_tended herd_servant_plow_shepherd,1.0
Pod_109,6,6_village_skirt_autumn_bread,0.59307414
Pod_110,8,8_bride_wedding_maidens_marriage,1.0
Pod_111,6,6_village_skirt_autumn_bread,0.5014766
Pod_112,6,6_village_skirt_autumn_bread,1.0
Pod_114,6,6_village_skirt_autumn_bread,0.70249754
Pod_115,6,6_village_skirt_autumn_bread,1.0
Pod_116,7,7_tended herd_servant_plow_shepherd,0.8296051
Pod_117,3,3_servant_servants_piet_dip,0.6578979
Pod_118,0,0_spirit_flowers_maiden_wind,0.0
Pod_119,6,6_village_skirt_autumn_bread,1.0
Pod_120,7,7_tended herd_servant_plow_shepherd,0.79965746
Pod_123,6,6_village_skirt_autumn_bread,1.0
Pod_124,3,3_servant_servants_piet_dip,0.5013011
Pod_125,0,0_spirit_flowers_maiden_wind,0.0
Pod_126,3,3_servant_servants_piet_dip,1.0
Pod_127,0,0_spirit_flowers_maiden_wind,0.0
Pod_128,0,0_spirit_flowers_maiden_wind,0.0
Pod_129,0,0_spirit_flowers_maiden_wind,0.0
Pod_130,0,0_spirit_flowers_maiden_wind,0.0
Pod_131,0,0_spirit_flowers_maiden_wind,0.0
Pod_132,6,6_village_skirt_autumn_bread,1.0
Pod_133,8,8_bride_wedding_maidens_marriage,1.0
Pod_134,8,8_bride_wedding_maidens_marriage,1.0
Pod_135,0,0_spirit_flowers_maiden_wind,0.0
Pod_136,8,8_bride_wedding_maidens_marriage,1.0
Pod_137,0,0_spirit_flowers_maiden_wind,0.0
Pod_138,8,8_bride_wedding_maidens_marriage,1.0
Pod_139,0,0_spirit_flowers_maiden_wind,0.0
Pod_140,5,5_hwanghae_flowers_river_bloom flowers,1.0
Pod_141,6,6_village_skirt_autumn_bread,1.0
Pod_142,6,6_village_skirt_autumn_bread,1.0
Pod_143,6,6_village_skirt_autumn_bread,1.0
Pod_146,8,8_bride_wedding_maidens_marriage,0.56265324
Pod_147,0,0_spirit_flowers_maiden_wind,0.0
Pod_149,0,0_spirit_flowers_maiden_wind,0.0
Pod_150,7,7_tended herd_servant_plow_shepherd,0.50875866
Pod_151,6,6_village_skirt_autumn_bread,1.0
Pod_153,7,7_tended herd_servant_plow_shepherd,1.0
Pod_154,5,5_hwanghae_flowers_river_bloom flowers,0.687026
Pod_155,5,5_hwanghae_flowers_river_bloom flowers,1.0
Pod_156,0,0_spirit_flowers_maiden_wind,0.0
Pod_157,6,6_village_skirt_autumn_bread,1.0
Pod_158,0,0_spirit_flowers_maiden_wind,0.0
Pod_159,0,0_spirit_flowers_maiden_wind,0.0
Pod_160,0,0_spirit_flowers_maiden_wind,0.0
Pod_161,0,0_spirit_flowers_maiden_wind,0.0
Pod_162,6,6_village_skirt_autumn_bread,1.0
Pod_163,8,8_bride_wedding_maidens_marriage,1.0
Pod_164,0,0_spirit_flowers_maiden_wind,0.0
Pod_165,0,0_spirit_flowers_maiden_wind,0.0
Pod_166,0,0_spirit_flowers_maiden_wind,0.0
Pod_167,0,0_spirit_flowers_maiden_wind,0.0
Pod_168,6,6_village_skirt_autumn_bread,1.0
Pod_169,6,6_village_skirt_autumn_bread,1.0
Pod_170,7,7_tended herd_servant_plow_shepherd,1.0
Pod_171,3,3_servant_servants_piet_dip,1.0
Pod_172,0,0_spirit_flowers_maiden_wind,0.0
Pod_173,5,5_hwanghae_flowers_river_bloom flowers,0.8079479
Pod_174,7,7_tended herd_servant_plow_shepherd,1.0
Pod_175,8,8_bride_wedding_maidens_marriage,1.0
Pod_176,7,7_tended herd_servant_plow_shepherd,1.0
Pod_177,0,0_spirit_flowers_maiden_wind,0.0
Pod_178,0,0_spirit_flowers_maiden_wind,0.0
Pod_179,0,0_spirit_flowers_maiden_wind,0.0
Pod_181,8,8_bride_wedding_maidens_marriage,0.8743474
Pod_182,8,8_bride_wedding_maidens_marriage,0.8572983
Pod_183,8,8_bride_wedding_maidens_marriage,0.5707234
Pod_184,8,8_bride_wedding_maidens_marriage,0.8217522
Pod_185,3,3_servant_servants_piet_dip,0.511335
Pod_186,0,0_spirit_flowers_maiden_wind,0.0
Pod_187,0,0_spirit_flowers_maiden_wind,0.0
Pod_188,0,0_spirit_flowers_maiden_wind,0.0
Pod_189,6,6_village_skirt_autumn_bread,1.0
Pod_190,8,8_bride_wedding_maidens_marriage,0.50665265
Pod_191,0,0_spirit_flowers_maiden_wind,0.0
Pod_192,0,0_spirit_flowers_maiden_wind,0.0
Pod_193,0,0_spirit_flowers_maiden_wind,0.0
Pod_194,0,0_spirit_flowers_maiden_wind,0.0
Pod_195,3,3_servant_servants_piet_dip,1.0
Pod_196,0,0_spirit_flowers_maiden_wind,0.0
Pod_198,6,6_village_skirt_autumn_bread,0.8202868
Pod_199,0,0_spirit_flowers_maiden_wind,0.0
Pod_200,6,6_village_skirt_autumn_bread,0.58369195
Pod_202,5,5_hwanghae_flowers_river_bloom flowers,0.5051857
Pod_203,7,7_tended herd_servant_plow_shepherd,0.63761514
Pod_204,7,7_tended herd_servant_plow_shepherd,0.6039543
Pod_205,7,7_tended herd_servant_plow_shepherd,0.660796
Pod_206,8,8_bride_wedding_maidens_marriage,0.64164716
Pod_207,8,8_bride_wedding_maidens_marriage,0.6585479
Pod_209,0,0_spirit_flowers_maiden_wind,0.0
Pod_210,0,0_spirit_flowers_maiden_wind,0.0
Pod_211,0,0_spirit_flowers_maiden_wind,0.0
Pod_212,0,0_spirit_flowers_maiden_wind,0.0
Pod_213,0,0_spirit_flowers_maiden_wind,0.0
Pod_214,0,0_spirit_flowers_maiden_wind,0.0
Pod_215,5,5_hwanghae_flowers_river_bloom flowers,0.5103842
Pod_216,7,7_tended herd_servant_plow_shepherd,1.0
Pod_217,5,5_hwanghae_flowers_river_bloom flowers,0.8688011
Pod_218,6,6_village_skirt_autumn_bread,0.5367988
Pod_219,5,5_hwanghae_flowers_river_bloom flowers,1.0
Pod_220,5,5_hwanghae_flowers_river_bloom flowers,0.5248616
Pod_221,5,5_hwanghae_flowers_river_bloom flowers,0.58028156
Pod_222,5,5_hwanghae_flowers_river_bloom flowers,0.6056201
Pod_224,6,6_village_skirt_autumn_bread,1.0
Pod_225,7,7_tended herd_servant_plow_shepherd,0.6834842
Pod_226,6,6_village_skirt_autumn_bread,1.0
Pod_227,6,6_village_skirt_autumn_bread,1.0
Pod_228,7,7_tended herd_servant_plow_shepherd,0.60005146
Pod_229,0,0_spirit_flowers_maiden_wind,0.0
Pod_230,0,0_spirit_flowers_maiden_wind,0.0
Pod_231,0,0_spirit_flowers_maiden_wind,0.0
Pod_232,6,6_village_skirt_autumn_bread,1.0
Pod_233,6,6_village_skirt_autumn_bread,1.0
Pod_234,6,6_village_skirt_autumn_bread,0.74221015
Pod_235,0,0_spirit_flowers_maiden_wind,0.0
Pod_236,6,6_village_skirt_autumn_bread,0.73409146
Pod_237,6,6_village_skirt_autumn_bread,0.73409146
Pod_242,8,8_bride_wedding_maidens_marriage,0.87593263
Pod_244,8,8_bride_wedding_maidens_marriage,0.5300181
Pod_245,0,0_spirit_flowers_maiden_wind,0.0
Pod_246,0,0_spirit_flowers_maiden_wind,0.0
Pod_247,0,0_spirit_flowers_maiden_wind,0.0
Pod_248,0,0_spirit_flowers_maiden_wind,0.0
Pod_249,6,6_village_skirt_autumn_bread,1.0
Pod_250,6,6_village_skirt_autumn_bread,1.0
Pod_252,7,7_tended herd_servant_plow_shepherd,0.51324964
Pod_253,7,7_tended herd_servant_plow_shepherd,0.81675225
Pod_254,6,6_village_skirt_autumn_bread,0.6978456
Pod_256,3,3_servant_servants_piet_dip,0.5116932
Pod_257,3,3_servant_servants_piet_dip,1.0
Pod_258,3,3_servant_servants_piet_dip,1.0
Pod_267,6,6_village_skirt_autumn_bread,1.0
Pod_268,3,3_servant_servants_piet_dip,0.5749542
Pod_269,7,7_tended herd_servant_plow_shepherd,0.550888
Pod_270,0,0_spirit_flowers_maiden_wind,0.0
Pod_271,6,6_village_skirt_autumn_bread,1.0
Pod_272,8,8_bride_wedding_maidens_marriage,0.6408417
Pod_273,6,6_village_skirt_autumn_bread,1.0
Pod_274,6,6_village_skirt_autumn_bread,1.0
Pod_275,6,6_village_skirt_autumn_bread,0.45973203
Pod_276,7,7_tended herd_servant_plow_shepherd,0.40199786
Pod_277,6,6_village_skirt_autumn_bread,0.65015715
Pod_278,6,6_village_skirt_autumn_bread,1.0
Pod_279,6,6_village_skirt_autumn_bread,1.0
Pod_280,5,5_hwanghae_flowers_river_bloom flowers,0.5967205
Pod_281,0,0_spirit_flowers_maiden_wind,0.0
Pod_282,0,0_spirit_flowers_maiden_wind,0.0
Pod_283,3,3_servant_servants_piet_dip,1.0
Pod_284,3,3_servant_servants_piet_dip,1.0
Pod_285,5,5_hwanghae_flowers_river_bloom flowers,1.0
Pod_286,7,7_tended herd_servant_plow_shepherd,0.8385432
Pod_287,7,7_tended herd_servant_plow_shepherd,1.0
Pod_288,7,7_tended herd_servant_plow_shepherd,1.0
Pod_289,0,0_spirit_flowers_maiden_wind,0.0
Pod_290,0,0_spirit_flowers_maiden_wind,0.0
Pod_291,0,0_spirit_flowers_maiden_wind,0.0
Pod_292,0,0_spirit_flowers_maiden_wind,0.0
Pod_293,0,0_spirit_flowers_maiden_wind,0.0
Pod_294,5,5_hwanghae_flowers_river_bloom flowers,1.0
Pod_295,5,5_hwanghae_flowers_river_bloom flowers,1.0
Pod_296,5,5_hwanghae_flowers_river_bloom flowers,1.0
Pod_297,3,3_servant_servants_piet_dip,1.0
Pod_298,6,6_village_skirt_autumn_bread,1.0
Pod_299,0,0_spirit_flowers_maiden_wind,0.0
Pod_300,6,6_village_skirt_autumn_bread,1.0
Pod_301,6,6_village_skirt_autumn_bread,1.0
Pod_302,6,6_village_skirt_autumn_bread,1.0
Pod_303,6,6_village_skirt_autumn_bread,1.0
Pod_304,6,6_village_skirt_autumn_bread,1.0
Pod_305,6,6_village_skirt_autumn_bread,1.0
Pod_306,6,6_village_skirt_autumn_bread,0.47774884
Pod_307,7,7_tended herd_servant_plow_shepherd,0.5507385
Pod_308,0,0_spirit_flowers_maiden_wind,0.0
Pod_309,6,6_village_skirt_autumn_bread,0.91399515
Pod_310,5,5_hwanghae_flowers_river_bloom flowers,1.0
Pod_311,0,0_spirit_flowers_maiden_wind,0.0
Pod_312,6,6_village_skirt_autumn_bread,1.0
Pod_313,6,6_village_skirt_autumn_bread,1.0
Pod_314,0,0_spirit_flowers_maiden_wind,0.0
Pod_315,0,0_spirit_flowers_maiden_wind,0.0
Pod_316,0,0_spirit_flowers_maiden_wind,0.0
Pod_317,8,8_bride_wedding_maidens_marriage,1.0
Pod_318,8,8_bride_wedding_maidens_marriage,1.0
Pod_319,8,8_bride_wedding_maidens_marriage,1.0
Pod_320,0,0_spirit_flowers_maiden_wind,0.0
Pod_321,6,6_village_skirt_autumn_bread,0.95801675
Pod_322,6,6_village_skirt_autumn_bread,0.63324773
Pod_325,0,0_spirit_flowers_maiden_wind,0.0
Pod_326,8,8_bride_wedding_maidens_marriage,0.67110515
Pod_327,5,5_hwanghae_flowers_river_bloom flowers,1.0
Pod_328,5,5_hwanghae_flowers_river_bloom flowers,1.0
Pod_329,7,7_tended herd_servant_plow_shepherd,1.0
Pod_330,7,7_tended herd_servant_plow_shepherd,1.0
Pod_332,0,0_spirit_flowers_maiden_wind,0.0
Pod_334,7,7_tended herd_servant_plow_shepherd,0.9026938
Pod_335,7,7_tended herd_servant_plow_shepherd,1.0
Pod_336,7,7_tended herd_servant_plow_shepherd,1.0
Pod_337,8,8_bride_wedding_maidens_marriage,1.0
Pod_338,5,5_hwanghae_flowers_river_bloom flowers,1.0
Pod_339,6,6_village_skirt_autumn_bread,1.0
Pod_340,0,0_spirit_flowers_maiden_wind,0.0
Pod_341,6,6_village_skirt_autumn_bread,1.0
Pod_342,6,6_village_skirt_autumn_bread,1.0
Pod_343,8,8_bride_wedding_maidens_marriage,1.0
Pod_344,8,8_bride_wedding_maidens_marriage,1.0
Pod_345,8,8_bride_wedding_maidens_marriage,1.0
Pod_346,0,0_spirit_flowers_maiden_wind,0.0
Pod_348,0,0_spirit_flowers_maiden_wind,0.0
Pod_349,0,0_spirit_flowers_maiden_wind,0.0
Pod_350,7,7_tended herd_servant_plow_shepherd,0.6297468
Pod_351,7,7_tended herd_servant_plow_shepherd,0.76743245
Pod_352,7,7_tended herd_servant_plow_shepherd,0.6297468
Pod_353,7,7_tended herd_servant_plow_shepherd,0.52125484
Pod_355,6,6_village_skirt_autumn_bread,0.725924
Pod_356,8,8_bride_wedding_maidens_marriage,1.0
Pod_357,0,0_spirit_flowers_maiden_wind,0.0
Pod_358,6,6_village_skirt_autumn_bread,0.61280185
Pod_359,5,5_hwanghae_flowers_river_bloom flowers,0.5704797
Pod_360,6,6_village_skirt_autumn_bread,1.0
Pod_361,6,6_village_skirt_autumn_bread,1.0
Pod_362,6,6_village_skirt_autumn_bread,1.0
Pod_363,6,6_village_skirt_autumn_bread,1.0
Pod_364,6,6_village_skirt_autumn_bread,1.0
Pod_365,6,6_village_skirt_autumn_bread,1.0
Pod_366,3,3_servant_servants_piet_dip,0.6519009
Pod_367,5,5_hwanghae_flowers_river_bloom flowers,1.0
Pod_368,5,5_hwanghae_flowers_river_bloom flowers,1.0
Pod_369,5,5_hwanghae_flowers_river_bloom flowers,1.0
Pod_370,5,5_hwanghae_flowers_river_bloom flowers,1.0
Pod_371,5,5_hwanghae_flowers_river_bloom flowers,1.0
Pod_374,7,7_tended herd_servant_plow_shepherd,0.84859014
Pod_375,7,7_tended herd_servant_plow_shepherd,0.8311722
Pod_376,0,0_spirit_flowers_maiden_wind,0.0
Pod_377,0,0_spirit_flowers_maiden_wind,0.0
Pod_378,7,7_tended herd_servant_plow_shepherd,1.0
Pod_379,7,7_tended herd_servant_plow_shepherd,1.0
Pod_380,8,8_bride_wedding_maidens_marriage,1.0
Pod_381,8,8_bride_wedding_maidens_marriage,1.0
Pod_382,8,8_bride_wedding_maidens_marriage,1.0
Pod_383,6,6_village_skirt_autumn_bread,1.0
Pod_384,8,8_bride_wedding_maidens_marriage,1.0
Pod_385,5,5_hwanghae_flowers_river_bloom flowers,0.8154505
Pod_386,5,5_hwanghae_flowers_river_bloom flowers,0.38441598
Pod_387,5,5_hwanghae_flowers_river_bloom flowers,0.3515611
Pod_388,5,5_hwanghae_flowers_river_bloom flowers,0.30833352
Pod_389,5,5_hwanghae_flowers_river_bloom flowers,0.32608616
Pod_391,0,0_spirit_flowers_maiden_wind,0.0
Pod_395,0,0_spirit_flowers_maiden_wind,0.0
Pod_396,0,0_spirit_flowers_maiden_wind,0.0
Pod_397,5,5_hwanghae_flowers_river_bloom flowers,1.0
Pod_398,0,0_spirit_flowers_maiden_wind,0.0
Pod_399,5,5_hwanghae_flowers_river_bloom flowers,1.0
Pod_400,8,8_bride_wedding_maidens_marriage,0.5851141
Pod_401,6,6_village_skirt_autumn_bread,1.0
Pod_402,0,0_spirit_flowers_maiden_wind,0.0
Pod_403,5,5_hwanghae_flowers_river_bloom flowers,0.8166403
Pod_404,3,3_servant_servants_piet_dip,0.59543467
Pod_405,0,0_spirit_flowers_maiden_wind,0.0
Pod_407,6,6_village_skirt_autumn_bread,1.0
Pod_408,7,7_tended herd_servant_plow_shepherd,0.50692177
Pod_409,7,7_tended herd_servant_plow_shepherd,0.81272405
Pod_410,7,7_tended herd_servant_plow_shepherd,0.6674446
Pod_411,3,3_servant_servants_piet_dip,1.0
Pod_412,7,7_tended herd_servant_plow_shepherd,0.5822321
Pod_413,0,0_spirit_flowers_maiden_wind,0.0
Pod_414,6,6_village_skirt_autumn_bread,0.4753753
Pod_415,0,0_spirit_flowers_maiden_wind,0.0
Pod_416,5,5_hwanghae_flowers_river_bloom flowers,0.83267313
Pod_417,0,0_spirit_flowers_maiden_wind,0.0
Pod_418,4,4_little birds_horses_horse_poor parish,1.0
Pod_419,0,0_spirit_flowers_maiden_wind,0.0
Pod_420,6,6_village_skirt_autumn_bread,1.0
Pod_421,0,0_spirit_flowers_maiden_wind,0.0
Pod_422,0,0_spirit_flowers_maiden_wind,0.0
Pod_423,0,0_spirit_flowers_maiden_wind,0.0
Pod_424,5,5_hwanghae_flowers_river_bloom flowers,0.7400662
Pod_425,8,8_bride_wedding_maidens_marriage,1.0
Pod_426,7,7_tended herd_servant_plow_shepherd,1.0
Pod_427,0,0_spirit_flowers_maiden_wind,0.0
Pod_428,6,6_village_skirt_autumn_bread,1.0
Pod_429,6,6_village_skirt_autumn_bread,1.0
Pod_430,8,8_bride_wedding_maidens_marriage,1.0
Pod_431,8,8_bride_wedding_maidens_marriage,0.75405765
Pod_432,6,6_village_skirt_autumn_bread,1.0
Pod_433,0,0_spirit_flowers_maiden_wind,0.0
Pod_435,0,0_spirit_flowers_maiden_wind,0.0
Pod_436,0,0_spirit_flowers_maiden_wind,0.0
Pod_437,8,8_bride_wedding_maidens_marriage,0.64532423
Pod_438,0,0_spirit_flowers_maiden_wind,0.0
Pod_439,5,5_hwanghae_flowers_river_bloom flowers,0.5077112
Pod_440,8,8_bride_wedding_maidens_marriage,1.0
Pod_441,0,0_spirit_flowers_maiden_wind,0.0
Pod_442,8,8_bride_wedding_maidens_marriage,1.0
Pod_443,8,8_bride_wedding_maidens_marriage,0.8509741
Pod_444,0,0_spirit_flowers_maiden_wind,0.0
Pod_445,0,0_spirit_flowers_maiden_wind,0.0
Pod_446,0,0_spirit_flowers_maiden_wind,0.0
Pod_447,6,6_village_skirt_autumn_bread,1.0
Pod_448,0,0_spirit_flowers_maiden_wind,0.0
Pod_449,7,7_tended herd_servant_plow_shepherd,0.83091855
Pod_451,6,6_village_skirt_autumn_bread,0.46710834
Pod_452,0,0_spirit_flowers_maiden_wind,0.0
Pod_453,0,0_spirit_flowers_maiden_wind,0.0
Pod_454,0,0_spirit_flowers_maiden_wind,0.0
Pod_455,0,0_spirit_flowers_maiden_wind,0.0
Pod_456,0,0_spirit_flowers_maiden_wind,0.0
Pod_457,6,6_village_skirt_autumn_bread,0.8054666
Pod_458,0,0_spirit_flowers_maiden_wind,0.0
Pod_459,0,0_spirit_flowers_maiden_wind,0.0
Pod_460,0,0_spirit_flowers_maiden_wind,0.0
Pod_461,0,0_spirit_flowers_maiden_wind,0.0
Pod_462,0,0_spirit_flowers_maiden_wind,0.0
Pod_463,8,8_bride_wedding_maidens_marriage,1.0
Pod_464,6,6_village_skirt_autumn_bread,1.0
Pod_465,6,6_village_skirt_autumn_bread,1.0
Pod_466,6,6_village_skirt_autumn_bread,1.0
Pod_467,0,0_spirit_flowers_maiden_wind,0.0
Pod_468,7,7_tended herd_servant_plow_shepherd,1.0
Pod_469,7,7_tended herd_servant_plow_shepherd,1.0
Pod_470,8,8_bride_wedding_maidens_marriage,1.0
Pod_471,5,5_hwanghae_flowers_river_bloom flowers,0.34745607
Pod_472,0,0_spirit_flowers_maiden_wind,0.0
Pod_473,8,8_bride_wedding_maidens_marriage,0.6777253
Pod_474,6,6_village_skirt_autumn_bread,0.60665685
Pod_475,0,0_spirit_flowers_maiden_wind,0.0
Pod_476,8,8_bride_wedding_maidens_marriage,1.0
Pod_477,6,6_village_skirt_autumn_bread,1.0
Pod_478,5,5_hwanghae_flowers_river_bloom flowers,1.0
Pod_479,6,6_village_skirt_autumn_bread,1.0
Pod_480,0,0_spirit_flowers_maiden_wind,0.0
Pod_481,0,0_spirit_flowers_maiden_wind,0.0
Pod_482,0,0_spirit_flowers_maiden_wind,0.0
Pod_483,8,8_bride_wedding_maidens_marriage,1.0
Pod_484,0,0_spirit_flowers_maiden_wind,0.0
Pod_485,0,0_spirit_flowers_maiden_wind,0.0
Pod_486,0,0_spirit_flowers_maiden_wind,0.0
Pod_487,0,0_spirit_flowers_maiden_wind,0.0
Pod_488,0,0_spirit_flowers_maiden_wind,0.0
Pod_489,0,0_spirit_flowers_maiden_wind,0.0
Pod_490,0,0_spirit_flowers_maiden_wind,0.0
Pod_491,7,7_tended herd_servant_plow_shepherd,0.8355309
Pod_492,6,6_village_skirt_autumn_bread,1.0
Pod_493,6,6_village_skirt_autumn_bread,1.0
Pod_494,4,4_little birds_horses_horse_poor parish,1.0
Pod_495,4,4_little birds_horses_horse_poor parish,1.0
Pod_496,6,6_village_skirt_autumn_bread,1.0
Pod_497,0,0_spirit_flowers_maiden_wind,0.0
Pod_498,0,0_spirit_flowers_maiden_wind,0.0
Pod_499,0,0_spirit_flowers_maiden_wind,0.0
Pod_500,7,7_tended herd_servant_plow_shepherd,1.0
Pod_501,4,4_little birds_horses_horse_poor parish,0.5015368
Pod_502,7,7_tended herd_servant_plow_shepherd,1.0
Pod_503,8,8_bride_wedding_maidens_marriage,1.0
Pod_504,6,6_village_skirt_autumn_bread,0.71167564
Pod_505,8,8_bride_wedding_maidens_marriage,0.7564719
Pod_507,7,7_tended herd_servant_plow_shepherd,1.0
Pod_508,7,7_tended herd_servant_plow_shepherd,1.0
Pod_509,7,7_tended herd_servant_plow_shepherd,1.0
Pod_510,6,6_village_skirt_autumn_bread,1.0
Pod_511,6,6_village_skirt_autumn_bread,1.0
Pod_512,6,6_village_skirt_autumn_bread,0.7673848
Pod_513,0,0_spirit_flowers_maiden_wind,0.0
Pod_514,5,5_hwanghae_flowers_river_bloom flowers,0.47381082
Pod_515,0,0_spirit_flowers_maiden_wind,0.0
Pod_516,7,7_tended herd_servant_plow_shepherd,1.0
Pod_517,0,0_spirit_flowers_maiden_wind,0.0
Pod_518,3,3_servant_servants_piet_dip,1.0
Pod_520,6,6_village_skirt_autumn_bread,1.0
Pod_521,5,5_hwanghae_flowers_river_bloom flowers,1.0
Pod_522,3,3_servant_servants_piet_dip,0.8844416
Pod_523,5,5_hwanghae_flowers_river_bloom flowers,0.6776149
Pod_524,7,7_tended herd_servant_plow_shepherd,1.0
Pod_525,5,5_hwanghae_flowers_river_bloom flowers,0.5035215
Pod_527,7,7_tended herd_servant_plow_shepherd,0.6109151
Pod_528,0,0_spirit_flowers_maiden_wind,0.0
Pod_529,8,8_bride_wedding_maidens_marriage,0.5247236
Pod_530,8,8_bride_wedding_maidens_marriage,0.69465107
Pod_531,7,7_tended herd_servant_plow_shepherd,1.0
Pod_532,7,7_tended herd_servant_plow_shepherd,1.0
Pod_533,0,0_spirit_flowers_maiden_wind,0.0
Pod_534,5,5_hwanghae_flowers_river_bloom flowers,1.0
Pod_535,0,0_spirit_flowers_maiden_wind,0.0
Pod_537,6,6_village_skirt_autumn_bread,1.0
Pod_538,3,3_servant_servants_piet_dip,0.5111054
Pod_541,7,7_tended herd_servant_plow_shepherd,1.0
Pod_542,6,6_village_skirt_autumn_bread,1.0
Pod_543,8,8_bride_wedding_maidens_marriage,0.6867604
Pod_544,7,7_tended herd_servant_plow_shepherd,0.5343209
Pod_545,0,0_spirit_flowers_maiden_wind,0.0
Pod_546,5,5_hwanghae_flowers_river_bloom flowers,0.68388075
Pod_547,6,6_village_skirt_autumn_bread,1.0
Pod_548,0,0_spirit_flowers_maiden_wind,0.0
Pod_549,6,6_village_skirt_autumn_bread,1.0
Pod_550,0,0_spirit_flowers_maiden_wind,0.0
Pod_551,6,6_village_skirt_autumn_bread,1.0
Pod_552,0,0_spirit_flowers_maiden_wind,0.0
Pod_553,7,7_tended herd_servant_plow_shepherd,0.4461711
Pod_554,6,6_village_skirt_autumn_bread,0.5126385
Pod_555,0,0_spirit_flowers_maiden_wind,0.0
Pod_556,0,0_spirit_flowers_maiden_wind,0.0
Pod_557,0,0_spirit_flowers_maiden_wind,0.0
Pod_558,8,8_bride_wedding_maidens_marriage,0.61439973
Pod_559,8,8_bride_wedding_maidens_marriage,0.40962234
Pod_560,0,0_spirit_flowers_maiden_wind,0.0
Pod_561,6,6_village_skirt_autumn_bread,1.0
Pod_563,0,0_spirit_flowers_maiden_wind,0.0
Pod_564,5,5_hwanghae_flowers_river_bloom flowers,0.75909203
Pod_566,6,6_village_skirt_autumn_bread,1.0
Pod_567,0,0_spirit_flowers_maiden_wind,0.0
Pod_568,0,0_spirit_flowers_maiden_wind,0.0
Pod_569,0,0_spirit_flowers_maiden_wind,0.0
Pod_570,0,0_spirit_flowers_maiden_wind,0.0
Pod_571,0,0_spirit_flowers_maiden_wind,0.0
Pod_572,8,8_bride_wedding_maidens_marriage,1.0
Pod_573,0,0_spirit_flowers_maiden_wind,0.0
Pod_574,0,0_spirit_flowers_maiden_wind,0.0
Pod_575,7,7_tended herd_servant_plow_shepherd,1.0
Pod_577,7,7_tended herd_servant_plow_shepherd,0.62421167
Pod_578,0,0_spirit_flowers_maiden_wind,0.0
Pod_579,5,5_hwanghae_flowers_river_bloom flowers,1.0
Pod_580,0,0_spirit_flowers_maiden_wind,0.0
Pod_581,8,8_bride_wedding_maidens_marriage,1.0
Pod_582,5,5_hwanghae_flowers_river_bloom flowers,0.8741347
Pod_583,0,0_spirit_flowers_maiden_wind,0.0
Pod_584,8,8_bride_wedding_maidens_marriage,0.68837535
Pod_585,6,6_village_skirt_autumn_bread,1.0
Pod_586,0,0_spirit_flowers_maiden_wind,0.0
Pod_587,0,0_spirit_flowers_maiden_wind,0.0
Pod_588,0,0_spirit_flowers_maiden_wind,0.0
Pod_589,0,0_spirit_flowers_maiden_wind,0.0
Pod_591,0,0_spirit_flowers_maiden_wind,0.0
Pod_592,0,0_spirit_flowers_maiden_wind,0.0
Pod_593,0,0_spirit_flowers_maiden_wind,0.0
Pod_595,7,7_tended herd_servant_plow_shepherd,0.50522673
Pod_596,0,0_spirit_flowers_maiden_wind,0.0
Pod_597,6,6_village_skirt_autumn_bread,1.0
Pod_598,6,6_village_skirt_autumn_bread,0.8188541
Pod_599,7,7_tended herd_servant_plow_shepherd,1.0
Pod_600,6,6_village_skirt_autumn_bread,0.63856304
Pod_601,7,7_tended herd_servant_plow_shepherd,0.71155816
Pod_603,0,0_spirit_flowers_maiden_wind,0.0
Pod_604,5,5_hwanghae_flowers_river_bloom flowers,1.0
Pod_606,6,6_village_skirt_autumn_bread,1.0
Pod_609,0,0_spirit_flowers_maiden_wind,0.0
Pod_610,6,6_village_skirt_autumn_bread,1.0
Pod_611,0,0_spirit_flowers_maiden_wind,0.0
Pod_612,0,0_spirit_flowers_maiden_wind,0.0
Pod_613,6,6_village_skirt_autumn_bread,0.6455197
Pod_614,6,6_village_skirt_autumn_bread,1.0
Pod_615,8,8_bride_wedding_maidens_marriage,1.0
Pod_616,6,6_village_skirt_autumn_bread,0.5287375
Pod_617,0,0_spirit_flowers_maiden_wind,0.0
Pod_618,6,6_village_skirt_autumn_bread,0.8076785
Pod_619,0,0_spirit_flowers_maiden_wind,0.0
Pod_620,0,0_spirit_flowers_maiden_wind,0.0
Pod_621,3,3_servant_servants_piet_dip,1.0
Pod_622,3,3_servant_servants_piet_dip,1.0
Pod_623,6,6_village_skirt_autumn_bread,1.0
Pod_624,6,6_village_skirt_autumn_bread,0.83957285
Pod_625,8,8_bride_wedding_maidens_marriage,1.0
Pod_626,0,0_spirit_flowers_maiden_wind,0.0
Pod_627,0,0_spirit_flowers_maiden_wind,0.0
Pod_628,7,7_tended herd_servant_plow_shepherd,0.7792022
Pod_629,6,6_village_skirt_autumn_bread,0.72902125
Pod_630,6,6_village_skirt_autumn_bread,0.48951513
Pod_632,7,7_tended herd_servant_plow_shepherd,0.43038705
Pod_633,0,0_spirit_flowers_maiden_wind,0.0
Pod_634,8,8_bride_wedding_maidens_marriage,1.0
Pod_635,8,8_bride_wedding_maidens_marriage,1.0
Pod_636,0,0_spirit_flowers_maiden_wind,0.0
Pod_637,0,0_spirit_flowers_maiden_wind,0.0
Pod_638,0,0_spirit_flowers_maiden_wind,0.0
Pod_639,0,0_spirit_flowers_maiden_wind,0.0
Pod_641,0,0_spirit_flowers_maiden_wind,0.0
Pod_642,0,0_spirit_flowers_maiden_wind,0.0
Pod_643,7,7_tended herd_servant_plow_shepherd,1.0
Pod_644,0,0_spirit_flowers_maiden_wind,0.0
Pod_645,0,0_spirit_flowers_maiden_wind,0.0
Pod_646,6,6_village_skirt_autumn_bread,1.0
Pod_647,6,6_village_skirt_autumn_bread,1.0
Pod_648,0,0_spirit_flowers_maiden_wind,0.0
Pod_649,0,0_spirit_flowers_maiden_wind,0.0
Pod_650,6,6_village_skirt_autumn_bread,1.0
Pod_651,0,0_spirit_flowers_maiden_wind,0.0
Pod_652,6,6_village_skirt_autumn_bread,1.0
Pod_653,7,7_tended herd_servant_plow_shepherd,0.5107113
Pod_654,0,0_spirit_flowers_maiden_wind,0.0
Pod_655,6,6_village_skirt_autumn_bread,1.0
Pod_656,7,7_tended herd_servant_plow_shepherd,0.57352954
Pod_657,0,0_spirit_flowers_maiden_wind,0.0
Pod_658,6,6_village_skirt_autumn_bread,1.0
Pod_659,6,6_village_skirt_autumn_bread,1.0
Pod_660,0,0_spirit_flowers_maiden_wind,0.0
Pod_661,0,0_spirit_flowers_maiden_wind,0.0
Pod_662,4,4_little birds_horses_horse_poor parish,0.3981056
Pod_664,0,0_spirit_flowers_maiden_wind,0.0
Pod_665,0,0_spirit_flowers_maiden_wind,0.0
Pod_666,0,0_spirit_flowers_maiden_wind,0.0
Pod_667,6,6_village_skirt_autumn_bread,0.8389245
Pod_670,0,0_spirit_flowers_maiden_wind,0.0
Pod_671,6,6_village_skirt_autumn_bread,1.0
Pod_672,0,0_spirit_flowers_maiden_wind,0.0
Pod_675,0,0_spirit_flowers_maiden_wind,0.0
Pod_676,7,7_tended herd_servant_plow_shepherd,1.0
Pod_677,6,6_village_skirt_autumn_bread,1.0
Pod_678,6,6_village_skirt_autumn_bread,1.0
Pod_679,0,0_spirit_flowers_maiden_wind,0.0
Pod_680,0,0_spirit_flowers_maiden_wind,0.0
Pod_681,6,6_village_skirt_autumn_bread,1.0
Pod_682,6,6_village_skirt_autumn_bread,1.0
Pod_683,0,0_spirit_flowers_maiden_wind,0.0
Pod_684,3,3_servant_servants_piet_dip,0.59806806
Pod_685,8,8_bride_wedding_maidens_marriage,1.0
Pod_687,6,6_village_skirt_autumn_bread,1.0
Pod_688,7,7_tended herd_servant_plow_shepherd,1.0
Pod_689,0,0_spirit_flowers_maiden_wind,0.0
Pod_690,6,6_village_skirt_autumn_bread,1.0
Pod_691,0,0_spirit_flowers_maiden_wind,0.0
Pod_692,6,6_village_skirt_autumn_bread,1.0
Pod_695,6,6_village_skirt_autumn_bread,0.93974173
Pod_696,6,6_village_skirt_autumn_bread,1.0
Pod_697,6,6_village_skirt_autumn_bread,1.0
Pod_698,6,6_village_skirt_autumn_bread,1.0
Pod_700,0,0_spirit_flowers_maiden_wind,0.0
Pod_701,6,6_village_skirt_autumn_bread,1.0
Pod_702,0,0_spirit_flowers_maiden_wind,0.0
Pod_703,6,6_village_skirt_autumn_bread,0.33967736
Pod_704,0,0_spirit_flowers_maiden_wind,0.0
Pod_706,0,0_spirit_flowers_maiden_wind,0.0
Pod_707,6,6_village_skirt_autumn_bread,1.0
Pod_708,0,0_spirit_flowers_maiden_wind,0.0
Pod_709,6,6_village_skirt_autumn_bread,0.5744386
Pod_710,8,8_bride_wedding_maidens_marriage,1.0
Pod_711,6,6_village_skirt_autumn_bread,1.0
Pod_712,6,6_village_skirt_autumn_bread,1.0
Pod_713,0,0_spirit_flowers_maiden_wind,0.0
Pod_714,0,0_spirit_flowers_maiden_wind,0.0
Pod_715,6,6_village_skirt_autumn_bread,0.7644105
Pod_716,0,0_spirit_flowers_maiden_wind,0.0
Pod_717,5,5_hwanghae_flowers_river_bloom flowers,0.6608812
Pod_718,6,6_village_skirt_autumn_bread,1.0
Pod_719,0,0_spirit_flowers_maiden_wind,0.0
Pod_720,8,8_bride_wedding_maidens_marriage,1.0
Pod_721,6,6_village_skirt_autumn_bread,0.5815225
Pod_722,0,0_spirit_flowers_maiden_wind,0.0
Pod_723,6,6_village_skirt_autumn_bread,0.94336855
Pod_724,5,5_hwanghae_flowers_river_bloom flowers,1.0
Pod_725,6,6_village_skirt_autumn_bread,1.0
Pod_726,0,0_spirit_flowers_maiden_wind,0.0
Pod_727,6,6_village_skirt_autumn_bread,1.0
Pod_728,0,0_spirit_flowers_maiden_wind,0.0
Pod_729,0,0_spirit_flowers_maiden_wind,0.0
Pod_730,0,0_spirit_flowers_maiden_wind,0.0
Pod_731,6,6_village_skirt_autumn_bread,1.0
Pod_732,3,3_servant_servants_piet_dip,1.0
Pod_733,0,0_spirit_flowers_maiden_wind,0.0
Pod_734,6,6_village_skirt_autumn_bread,1.0
Pod_735,6,6_village_skirt_autumn_bread,1.0
Pod_736,0,0_spirit_flowers_maiden_wind,0.0
Pod_737,0,0_spirit_flowers_maiden_wind,0.0
Pod_738,0,0_spirit_flowers_maiden_wind,0.0
Pod_739,0,0_spirit_flowers_maiden_wind,0.0
Pod_740,0,0_spirit_flowers_maiden_wind,0.0
Pod_741,0,0_spirit_flowers_maiden_wind,0.0
Pod_742,0,0_spirit_flowers_maiden_wind,0.0
Pod_743,0,0_spirit_flowers_maiden_wind,0.0
Pod_744,0,0_spirit_flowers_maiden_wind,0.0
Pod_745,0,0_spirit_flowers_maiden_wind,0.0
Pod_746,0,0_spirit_flowers_maiden_wind,0.0
Pod_747,0,0_spirit_flowers_maiden_wind,0.0
Pod_748,6,6_village_skirt_autumn_bread,1.0
Pod_749,6,6_village_skirt_autumn_bread,1.0
Pod_750,0,0_spirit_flowers_maiden_wind,0.0
Pod_751,0,0_spirit_flowers_maiden_wind,0.0
Pod_752,0,0_spirit_flowers_maiden_wind,0.0
Pod_753,0,0_spirit_flowers_maiden_wind,0.0
Pod_754,0,0_spirit_flowers_maiden_wind,0.0
Pod_755,0,0_spirit_flowers_maiden_wind,0.0
Pod_757,0,0_spirit_flowers_maiden_wind,0.0
Pod_758,6,6_village_skirt_autumn_bread,1.0
Pod_759,0,0_spirit_flowers_maiden_wind,0.0
Pod_760,0,0_spirit_flowers_maiden_wind,0.0
Pod_761,0,0_spirit_flowers_maiden_wind,0.0
Pod_762,6,6_village_skirt_autumn_bread,0.6490585
Pod_763,0,0_spirit_flowers_maiden_wind,0.0
Pod_764,0,0_spirit_flowers_maiden_wind,0.0
Pod_765,6,6_village_skirt_autumn_bread,1.0
Pod_766,3,3_servant_servants_piet_dip,1.0
Pod_767,0,0_spirit_flowers_maiden_wind,0.0
Pod_768,0,0_spirit_flowers_maiden_wind,0.0
Pod_769,0,0_spirit_flowers_maiden_wind,0.0
Pod_770,4,4_little birds_horses_horse_poor parish,1.0
Pod_771,6,6_village_skirt_autumn_bread,1.0
Pod_772,6,6_village_skirt_autumn_bread,0.7248602
Pod_773,0,0_spirit_flowers_maiden_wind,0.0
Pod_774,0,0_spirit_flowers_maiden_wind,0.0
Pod_775,0,0_spirit_flowers_maiden_wind,0.0
Pod_776,5,5_hwanghae_flowers_river_bloom flowers,0.5564707
Pod_777,0,0_spirit_flowers_maiden_wind,0.0
Pod_778,3,3_servant_servants_piet_dip,1.0
Pod_779,0,0_spirit_flowers_maiden_wind,0.0
Pod_780,5,5_hwanghae_flowers_river_bloom flowers,0.7900892
Pod_781,6,6_village_skirt_autumn_bread,1.0
Pod_782,6,6_village_skirt_autumn_bread,0.64267296
Pod_783,6,6_village_skirt_autumn_bread,1.0
Pod_784,0,0_spirit_flowers_maiden_wind,0.0
Pod_785,8,8_bride_wedding_maidens_marriage,1.0
Pod_786,6,6_village_skirt_autumn_bread,1.0
Pod_787,0,0_spirit_flowers_maiden_wind,0.0
Pod_788,6,6_village_skirt_autumn_bread,1.0
Pod_789,0,0_spirit_flowers_maiden_wind,0.0
Pod_790,0,0_spirit_flowers_maiden_wind,0.0
Pod_791,0,0_spirit_flowers_maiden_wind,0.0
Pod_792,6,6_village_skirt_autumn_bread,1.0
Pod_793,0,0_spirit_flowers_maiden_wind,0.0
Pod_794,0,0_spirit_flowers_maiden_wind,0.0
Pod_795,0,0_spirit_flowers_maiden_wind,0.0
Pod_796,6,6_village_skirt_autumn_bread,1.0
Pod_797,6,6_village_skirt_autumn_bread,0.75939405
Pod_798,6,6_village_skirt_autumn_bread,0.6742283
Pod_799,8,8_bride_wedding_maidens_marriage,0.70179206
Pod_800,0,0_spirit_flowers_maiden_wind,0.0
Pod_801,0,0_spirit_flowers_maiden_wind,0.0
Pod_803,0,0_spirit_flowers_maiden_wind,0.0
Pod_804,6,6_village_skirt_autumn_bread,1.0
Pod_805,0,0_spirit_flowers_maiden_wind,0.0
Pod_806,6,6_village_skirt_autumn_bread,1.0
Pod_807,0,0_spirit_flowers_maiden_wind,0.0
Pod_808,8,8_bride_wedding_maidens_marriage,1.0
Pod_809,6,6_village_skirt_autumn_bread,1.0
Pod_810,6,6_village_skirt_autumn_bread,1.0
Pod_812,0,0_spirit_flowers_maiden_wind,0.0
Pod_813,0,0_spirit_flowers_maiden_wind,0.0
Pod_815,0,0_spirit_flowers_maiden_wind,0.0
Pod_816,6,6_village_skirt_autumn_bread,1.0
Pod_817,5,5_hwanghae_flowers_river_bloom flowers,1.0
Pod_818,6,6_village_skirt_autumn_bread,1.0
Pod_819,5,5_hwanghae_flowers_river_bloom flowers,0.5218411
Pod_820,6,6_village_skirt_autumn_bread,1.0
Pod_821,6,6_village_skirt_autumn_bread,1.0
Pod_822,0,0_spirit_flowers_maiden_wind,0.0
Pod_823,6,6_village_skirt_autumn_bread,1.0
Pod_824,4,4_little birds_horses_horse_poor parish,1.0
Pod_825,6,6_village_skirt_autumn_bread,1.0
Pod_826,0,0_spirit_flowers_maiden_wind,0.0
Pod_827,0,0_spirit_flowers_maiden_wind,0.0
Pod_828,0,0_spirit_flowers_maiden_wind,0.0
Pod_829,0,0_spirit_flowers_maiden_wind,0.0
Pod_830,6,6_village_skirt_autumn_bread,1.0
Pod_831,0,0_spirit_flowers_maiden_wind,0.0
Pod_832,0,0_spirit_flowers_maiden_wind,0.0
Pod_833,8,8_bride_wedding_maidens_marriage,1.0
Pod_834,0,0_spirit_flowers_maiden_wind,0.0
Pod_835,6,6_village_skirt_autumn_bread,1.0
Pod_836,0,0_spirit_flowers_maiden_wind,0.0
Pod_837,0,0_spirit_flowers_maiden_wind,0.0
Pod_838,0,0_spirit_flowers_maiden_wind,0.0
Pod_839,0,0_spirit_flowers_maiden_wind,0.0
Pod_840,0,0_spirit_flowers_maiden_wind,0.0
Pod_841,0,0_spirit_flowers_maiden_wind,0.0
Pod_842,0,0_spirit_flowers_maiden_wind,0.0
Pod_843,0,0_spirit_flowers_maiden_wind,0.0
Pod_844,0,0_spirit_flowers_maiden_wind,0.0
Pod_845,0,0_spirit_flowers_maiden_wind,0.0
Pod_846,5,5_hwanghae_flowers_river_bloom flowers,1.0
Pod_847,0,0_spirit_flowers_maiden_wind,0.0
Pod_848,3,3_servant_servants_piet_dip,1.0
Pod_849,0,0_spirit_flowers_maiden_wind,0.0
Pod_850,0,0_spirit_flowers_maiden_wind,0.0
Pod_851,0,0_spirit_flowers_maiden_wind,0.0
Pod_852,0,0_spirit_flowers_maiden_wind,0.0
Pod_853,6,6_village_skirt_autumn_bread,1.0
Pod_854,7,7_tended herd_servant_plow_shepherd,1.0
Pod_855,6,6_village_skirt_autumn_bread,1.0
Pod_856,6,6_village_skirt_autumn_bread,0.54231775
Pod_857,0,0_spirit_flowers_maiden_wind,0.0
Pod_858,0,0_spirit_flowers_maiden_wind,0.0
Pod_859,0,0_spirit_flowers_maiden_wind,0.0
Pod_860,7,7_tended herd_servant_plow_shepherd,1.0
Pod_861,0,0_spirit_flowers_maiden_wind,0.0
Pod_862,7,7_tended herd_servant_plow_shepherd,0.7739966
Pod_863,7,7_tended herd_servant_plow_shepherd,0.50597006
Pod_864,0,0_spirit_flowers_maiden_wind,0.0
Pod_865,0,0_spirit_flowers_maiden_wind,0.0
Pod_866,0,0_spirit_flowers_maiden_wind,0.0
Pod_867,0,0_spirit_flowers_maiden_wind,0.0
Pod_868,0,0_spirit_flowers_maiden_wind,0.0
Pod_869,0,0_spirit_flowers_maiden_wind,0.0
Pod_870,0,0_spirit_flowers_maiden_wind,0.0
Pod_871,5,5_hwanghae_flowers_river_bloom flowers,1.0
Pod_872,0,0_spirit_flowers_maiden_wind,0.0
Pod_873,0,0_spirit_flowers_maiden_wind,0.0
Pod_874,0,0_spirit_flowers_maiden_wind,0.0
Pod_875,0,0_spirit_flowers_maiden_wind,0.0
Pod_876,0,0_spirit_flowers_maiden_wind,0.0
Pod_877,8,8_bride_wedding_maidens_marriage,1.0
Pod_878,6,6_village_skirt_autumn_bread,1.0
Pod_879,0,0_spirit_flowers_maiden_wind,0.0
Pod_880,7,7_tended herd_servant_plow_shepherd,1.0
Pod_881,6,6_village_skirt_autumn_bread,1.0
Pod_882,0,0_spirit_flowers_maiden_wind,0.0
Pod_883,0,0_spirit_flowers_maiden_wind,0.0
Pod_884,0,0_spirit_flowers_maiden_wind,0.0
Pod_885,0,0_spirit_flowers_maiden_wind,0.0
Pod_886,8,8_bride_wedding_maidens_marriage,1.0
Pod_887,7,7_tended herd_servant_plow_shepherd,0.77888
Pod_888,6,6_village_skirt_autumn_bread,1.0
Pod_889,7,7_tended herd_servant_plow_shepherd,0.6982357
Pod_890,6,6_village_skirt_autumn_bread,0.52579844
Pod_891,7,7_tended herd_servant_plow_shepherd,0.7213345
Pod_892,7,7_tended herd_servant_plow_shepherd,0.39073682
Pod_893,7,7_tended herd_servant_plow_shepherd,0.51903343
Pod_894,7,7_tended herd_servant_plow_shepherd,1.0
Pod_895,0,0_spirit_flowers_maiden_wind,0.0
Pod_896,7,7_tended herd_servant_plow_shepherd,1.0
Pod_897,0,0_spirit_flowers_maiden_wind,0.0
Pod_898,6,6_village_skirt_autumn_bread,1.0
Pod_899,0,0_spirit_flowers_maiden_wind,0.0
Pod_900,0,0_spirit_flowers_maiden_wind,0.0
Pod_901,0,0_spirit_flowers_maiden_wind,0.0
Pod_902,0,0_spirit_flowers_maiden_wind,0.0
Pod_904,5,5_hwanghae_flowers_river_bloom flowers,1.0
Pod_905,0,0_spirit_flowers_maiden_wind,0.0
Pod_906,0,0_spirit_flowers_maiden_wind,0.0
Pod_907,8,8_bride_wedding_maidens_marriage,1.0
Pod_908,8,8_bride_wedding_maidens_marriage,1.0
Pod_909,0,0_spirit_flowers_maiden_wind,0.0
Pod_910,6,6_village_skirt_autumn_bread,1.0
Pod_911,6,6_village_skirt_autumn_bread,1.0
Pod_912,6,6_village_skirt_autumn_bread,1.0
Pod_913,7,7_tended herd_servant_plow_shepherd,0.9229021
Pod_914,7,7_tended herd_servant_plow_shepherd,0.91629016
Pod_915,6,6_village_skirt_autumn_bread,0.5547855
Pod_916,7,7_tended herd_servant_plow_shepherd,1.0
Pod_917,7,7_tended herd_servant_plow_shepherd,1.0
Pod_918,7,7_tended herd_servant_plow_shepherd,1.0
Pod_919,7,7_tended herd_servant_plow_shepherd,0.6043952
Pod_920,6,6_village_skirt_autumn_bread,1.0
Pod_921,6,6_village_skirt_autumn_bread,1.0
Pod_922,7,7_tended herd_servant_plow_shepherd,0.52729875
Pod_923,7,7_tended herd_servant_plow_shepherd,0.6356856
Pod_926,8,8_bride_wedding_maidens_marriage,0.6950103
Pod_927,6,6_village_skirt_autumn_bread,1.0
Pod_928,6,6_village_skirt_autumn_bread,1.0
Pod_929,0,0_spirit_flowers_maiden_wind,0.0
Pod_930,0,0_spirit_flowers_maiden_wind,0.0
Pod_931,8,8_bride_wedding_maidens_marriage,0.6531321
Pod_932,0,0_spirit_flowers_maiden_wind,0.0
Pod_933,8,8_bride_wedding_maidens_marriage,1.0
Pod_934,6,6_village_skirt_autumn_bread,1.0
Pod_935,6,6_village_skirt_autumn_bread,1.0
Pod_936,6,6_village_skirt_autumn_bread,1.0
Pod_937,0,0_spirit_flowers_maiden_wind,0.0
Pod_938,7,7_tended herd_servant_plow_shepherd,1.0
Pod_939,0,0_spirit_flowers_maiden_wind,0.0
Pod_941,6,6_village_skirt_autumn_bread,1.0
Pod_942,0,0_spirit_flowers_maiden_wind,0.0
Pod_943,0,0_spirit_flowers_maiden_wind,0.0
Pod_944,0,0_spirit_flowers_maiden_wind,0.0
Pod_945,0,0_spirit_flowers_maiden_wind,0.0
Pod_946,7,7_tended herd_servant_plow_shepherd,1.0
Pod_947,0,0_spirit_flowers_maiden_wind,0.0
Pod_948,0,0_spirit_flowers_maiden_wind,0.0
Pod_949,0,0_spirit_flowers_maiden_wind,0.0
Pod_950,0,0_spirit_flowers_maiden_wind,0.0
Pod_951,6,6_village_skirt_autumn_bread,1.0
Pod_952,0,0_spirit_flowers_maiden_wind,0.0
Pod_953,0,0_spirit_flowers_maiden_wind,0.0
Pod_954,6,6_village_skirt_autumn_bread,1.0
Pod_955,6,6_village_skirt_autumn_bread,1.0
Pod_956,6,6_village_skirt_autumn_bread,1.0
Pod_957,0,0_spirit_flowers_maiden_wind,0.0
Pod_958,0,0_spirit_flowers_maiden_wind,0.0
Pod_959,6,6_village_skirt_autumn_bread,1.0
Pod_960,7,7_tended herd_servant_plow_shepherd,1.0
Pod_961,0,0_spirit_flowers_maiden_wind,0.0
Pod_962,6,6_village_skirt_autumn_bread,0.7905588
Pod_963,8,8_bride_wedding_maidens_marriage,1.0
Pod_964,0,0_spirit_flowers_maiden_wind,0.0
Pod_965,6,6_village_skirt_autumn_bread,0.9062491
Pod_966,0,0_spirit_flowers_maiden_wind,0.0
Pod_967,0,0_spirit_flowers_maiden_wind,0.0
Pod_968,6,6_village_skirt_autumn_bread,0.52090806
Pod_969,6,6_village_skirt_autumn_bread,1.0
Pod_970,0,0_spirit_flowers_maiden_wind,0.0
Pod_971,0,0_spirit_flowers_maiden_wind,0.0
Pod_972,0,0_spirit_flowers_maiden_wind,0.0
Pod_973,0,0_spirit_flowers_maiden_wind,0.0
Pod_974,6,6_village_skirt_autumn_bread,1.0
Pod_975,0,0_spirit_flowers_maiden_wind,0.0
Pod_976,0,0_spirit_flowers_maiden_wind,0.0
Pod_977,3,3_servant_servants_piet_dip,1.0
Pod_978,3,3_servant_servants_piet_dip,1.0
Pod_979,8,8_bride_wedding_maidens_marriage,1.0
Pod_980,8,8_bride_wedding_maidens_marriage,1.0
Pod_981,8,8_bride_wedding_maidens_marriage,1.0
Pod_982,0,0_spirit_flowers_maiden_wind,0.0
Pod_983,6,6_village_skirt_autumn_bread,0.54722166
Pod_984,3,3_servant_servants_piet_dip,0.54714286
Pod_985,8,8_bride_wedding_maidens_marriage,0.8751935
Pod_986,0,0_spirit_flowers_maiden_wind,0.0
Pod_987,0,0_spirit_flowers_maiden_wind,0.0
Pod_988,0,0_spirit_flowers_maiden_wind,0.0
Pod_989,0,0_spirit_flowers_maiden_wind,0.0
Pod_990,0,0_spirit_flowers_maiden_wind,0.0
Pod_991,0,0_spirit_flowers_maiden_wind,0.0
Pod_992,6,6_village_skirt_autumn_bread,0.6213229
Pod_993,6,6_village_skirt_autumn_bread,1.0
Pod_994,6,6_village_skirt_autumn_bread,1.0
Pod_995,6,6_village_skirt_autumn_bread,1.0
Pod_996,5,5_hwanghae_flowers_river_bloom flowers,0.492792
Pod_997,6,6_village_skirt_autumn_bread,1.0
Pod_998,0,0_spirit_flowers_maiden_wind,0.0
Pod_999,8,8_bride_wedding_maidens_marriage,1.0
Pod_1000,0,0_spirit_flowers_maiden_wind,0.0
Pod_1001,6,6_village_skirt_autumn_bread,1.0
Pod_1002,4,4_little birds_horses_horse_poor parish,1.0
Pod_1003,6,6_village_skirt_autumn_bread,1.0
Pod_1004,6,6_village_skirt_autumn_bread,1.0
Pod_1005,0,0_spirit_flowers_maiden_wind,0.0
Pod_1006,6,6_village_skirt_autumn_bread,1.0
Pod_1007,0,0_spirit_flowers_maiden_wind,0.0
Pod_1008,6,6_village_skirt_autumn_bread,1.0
Pod_1009,0,0_spirit_flowers_maiden_wind,0.0
Pod_1010,6,6_village_skirt_autumn_bread,0.6878743
Pod_1011,7,7_tended herd_servant_plow_shepherd,0.6660287
Pod_1012,6,6_village_skirt_autumn_bread,1.0
Pod_1013,6,6_village_skirt_autumn_bread,1.0
Pod_1014,6,6_village_skirt_autumn_bread,1.0
Pod_1015,6,6_village_skirt_autumn_bread,1.0
Pod_1016,6,6_village_skirt_autumn_bread,1.0
Pod_1017,6,6_village_skirt_autumn_bread,1.0
Pod_1018,6,6_village_skirt_autumn_bread,1.0
Pod_1019,0,0_spirit_flowers_maiden_wind,0.0
Pod_1020,0,0_spirit_flowers_maiden_wind,0.0
Pod_1021,0,0_spirit_flowers_maiden_wind,0.0
Pod_1022,8,8_bride_wedding_maidens_marriage,1.0
Pod_1023,0,0_spirit_flowers_maiden_wind,0.0
Pod_1024,0,0_spirit_flowers_maiden_wind,0.0
Pod_1025,6,6_village_skirt_autumn_bread,1.0
Pod_1026,0,0_spirit_flowers_maiden_wind,0.0
Pod_1027,0,0_spirit_flowers_maiden_wind,0.0
Pod_1028,0,0_spirit_flowers_maiden_wind,0.0
Pod_1029,0,0_spirit_flowers_maiden_wind,0.0
Pod_1030,0,0_spirit_flowers_maiden_wind,0.0
Pod_1031,6,6_village_skirt_autumn_bread,1.0
Pod_1032,3,3_servant_servants_piet_dip,1.0
Pod_1033,6,6_village_skirt_autumn_bread,1.0
Pod_1034,6,6_village_skirt_autumn_bread,1.0
Pod_1035,6,6_village_skirt_autumn_bread,1.0
Pod_1036,6,6_village_skirt_autumn_bread,1.0
Pod_1037,6,6_village_skirt_autumn_bread,1.0
Pod_1038,6,6_village_skirt_autumn_bread,1.0
Pod_1039,6,6_village_skirt_autumn_bread,1.0
Pod_1040,6,6_village_skirt_autumn_bread,1.0
Pod_1041,0,0_spirit_flowers_maiden_wind,0.0
Pod_1042,6,6_village_skirt_autumn_bread,0.7974954
Pod_1043,6,6_village_skirt_autumn_bread,1.0
Pod_1044,6,6_village_skirt_autumn_bread,1.0
Pod_1045,6,6_village_skirt_autumn_bread,0.37382787
Pod_1046,6,6_village_skirt_autumn_bread,0.5116226
Pod_1047,6,6_village_skirt_autumn_bread,0.5116226
Pod_1048,6,6_village_skirt_autumn_bread,0.5116226
Pod_1049,6,6_village_skirt_autumn_bread,1.0
Pod_1050,7,7_tended herd_servant_plow_shepherd,0.80255544
Pod_1051,0,0_spirit_flowers_maiden_wind,0.0
Pod_1052,0,0_spirit_flowers_maiden_wind,0.0
Pod_1053,0,0_spirit_flowers_maiden_wind,0.0
Pod_1054,0,0_spirit_flowers_maiden_wind,0.0
Pod_1055,0,0_spirit_flowers_maiden_wind,0.0
Pod_1056,0,0_spirit_flowers_maiden_wind,0.0
Pod_1057,6,6_village_skirt_autumn_bread,0.75310963
Pod_1058,6,6_village_skirt_autumn_bread,0.66984016
Pod_1059,8,8_bride_wedding_maidens_marriage,0.93498003
Pod_1060,8,8_bride_wedding_maidens_marriage,0.7327039
Pod_1061,6,6_village_skirt_autumn_bread,0.5175575
Pod_1062,6,6_village_skirt_autumn_bread,0.76204294
Pod_1063,3,3_servant_servants_piet_dip,1.0
Pod_1064,0,0_spirit_flowers_maiden_wind,0.0
Pod_1065,8,8_bride_wedding_maidens_marriage,1.0
Pod_1066,7,7_tended herd_servant_plow_shepherd,1.0
Pod_1067,0,0_spirit_flowers_maiden_wind,0.0
Pod_1068,0,0_spirit_flowers_maiden_wind,0.0
Pod_1069,0,0_spirit_flowers_maiden_wind,0.0
Pod_1070,0,0_spirit_flowers_maiden_wind,0.0
Pod_1071,0,0_spirit_flowers_maiden_wind,0.0
Pod_1072,6,6_village_skirt_autumn_bread,1.0
Pod_1073,0,0_spirit_flowers_maiden_wind,0.0
Pod_1074,6,6_village_skirt_autumn_bread,1.0
Pod_1075,0,0_spirit_flowers_maiden_wind,0.0
Pod_1076,6,6_village_skirt_autumn_bread,0.55441135
Pod_1078,8,8_bride_wedding_maidens_marriage,0.57250106
Pod_1079,5,5_hwanghae_flowers_river_bloom flowers,0.8247108
Pod_1080,8,8_bride_wedding_maidens_marriage,0.5808084
Pod_1081,6,6_village_skirt_autumn_bread,1.0
Pod_1082,0,0_spirit_flowers_maiden_wind,0.0
Pod_1083,0,0_spirit_flowers_maiden_wind,0.0
Pod_1084,0,0_spirit_flowers_maiden_wind,0.0
Pod_1085,6,6_village_skirt_autumn_bread,1.0
Pod_1086,8,8_bride_wedding_maidens_marriage,1.0
Pod_1087,8,8_bride_wedding_maidens_marriage,1.0
Pod_1088,0,0_spirit_flowers_maiden_wind,0.0
Pod_1089,0,0_spirit_flowers_maiden_wind,0.0
Pod_1090,7,7_tended herd_servant_plow_shepherd,1.0
Pod_1091,5,5_hwanghae_flowers_river_bloom flowers,0.55988
Pod_1092,6,6_village_skirt_autumn_bread,1.0
Pod_1093,0,0_spirit_flowers_maiden_wind,0.0
Pod_1094,0,0_spirit_flowers_maiden_wind,0.0
Pod_1095,6,6_village_skirt_autumn_bread,1.0
Pod_1096,0,0_spirit_flowers_maiden_wind,0.0
Pod_1097,0,0_spirit_flowers_maiden_wind,0.0
Pod_1098,0,0_spirit_flowers_maiden_wind,0.0
Pod_1099,6,6_village_skirt_autumn_bread,1.0
Pod_1100,0,0_spirit_flowers_maiden_wind,0.0
Pod_1101,0,0_spirit_flowers_maiden_wind,0.0
Pod_1102,0,0_spirit_flowers_maiden_wind,0.0
Pod_1103,6,6_village_skirt_autumn_bread,1.0
Pod_1104,0,0_spirit_flowers_maiden_wind,0.0
Pod_1105,6,6_village_skirt_autumn_bread,1.0
Pod_1106,6,6_village_skirt_autumn_bread,1.0
Pod_1107,6,6_village_skirt_autumn_bread,1.0
Pod_1108,6,6_village_skirt_autumn_bread,1.0
Pod_1109,6,6_village_skirt_autumn_bread,1.0
Pod_1110,0,0_spirit_flowers_maiden_wind,0.0
Pod_1111,6,6_village_skirt_autumn_bread,0.6133105
Pod_1112,7,7_tended herd_servant_plow_shepherd,1.0
Pod_1113,6,6_village_skirt_autumn_bread,1.0
Pod_1114,0,0_spirit_flowers_maiden_wind,0.0
Pod_1115,0,0_spirit_flowers_maiden_wind,0.0
Pod_1116,4,4_little birds_horses_horse_poor parish,1.0
Pod_1117,0,0_spirit_flowers_maiden_wind,0.0
Pod_1118,0,0_spirit_flowers_maiden_wind,0.0
Pod_1119,0,0_spirit_flowers_maiden_wind,0.0
Pod_1121,0,0_spirit_flowers_maiden_wind,0.0
Pod_1122,0,0_spirit_flowers_maiden_wind,0.0
Pod_1123,0,0_spirit_flowers_maiden_wind,0.0
Pod_1124,6,6_village_skirt_autumn_bread,1.0
Pod_1125,0,0_spirit_flowers_maiden_wind,0.0
Pod_1126,0,0_spirit_flowers_maiden_wind,0.0
Pod_1127,6,6_village_skirt_autumn_bread,1.0
Pod_1128,0,0_spirit_flowers_maiden_wind,0.0
Pod_1129,0,0_spirit_flowers_maiden_wind,0.0
Pod_1130,0,0_spirit_flowers_maiden_wind,0.0
Pod_1131,0,0_spirit_flowers_maiden_wind,0.0
Pod_1132,0,0_spirit_flowers_maiden_wind,0.0
Pod_1133,0,0_spirit_flowers_maiden_wind,0.0
Pod_1134,0,0_spirit_flowers_maiden_wind,0.0
Pod_1135,0,0_spirit_flowers_maiden_wind,0.0
Pod_1136,0,0_spirit_flowers_maiden_wind,0.0
Pod_1137,0,0_spirit_flowers_maiden_wind,0.0
Pod_1138,0,0_spirit_flowers_maiden_wind,0.0
Pod_1139,0,0_spirit_flowers_maiden_wind,0.0
Pod_1140,6,6_village_skirt_autumn_bread,0.71753013
Pod_1141,0,0_spirit_flowers_maiden_wind,0.0
Pod_1142,0,0_spirit_flowers_maiden_wind,0.0
Pod_1143,5,5_hwanghae_flowers_river_bloom flowers,0.66798687
Pod_1144,0,0_spirit_flowers_maiden_wind,0.0
Pod_1145,6,6_village_skirt_autumn_bread,1.0
Pod_1146,0,0_spirit_flowers_maiden_wind,0.0
Pod_1147,6,6_village_skirt_autumn_bread,1.0
Pod_1148,6,6_village_skirt_autumn_bread,0.77344614
Pod_1149,0,0_spirit_flowers_maiden_wind,0.0
Pod_1150,0,0_spirit_flowers_maiden_wind,0.0
Pod_1151,0,0_spirit_flowers_maiden_wind,0.0
Pod_1152,0,0_spirit_flowers_maiden_wind,0.0
Pod_1153,5,5_hwanghae_flowers_river_bloom flowers,1.0
Pod_1154,0,0_spirit_flowers_maiden_wind,0.0
Pod_1155,0,0_spirit_flowers_maiden_wind,0.0
Pod_1156,0,0_spirit_flowers_maiden_wind,0.0
Pod_1157,0,0_spirit_flowers_maiden_wind,0.0
Pod_1158,6,6_village_skirt_autumn_bread,1.0
Pod_1159,6,6_village_skirt_autumn_bread,1.0
Pod_1160,0,0_spirit_flowers_maiden_wind,0.0
Pod_1161,0,0_spirit_flowers_maiden_wind,0.0
Pod_1162,6,6_village_skirt_autumn_bread,1.0
Pod_1163,6,6_village_skirt_autumn_bread,0.68378097
Pod_1164,6,6_village_skirt_autumn_bread,0.68378097
Pod_1165,6,6_village_skirt_autumn_bread,1.0
Pod_1166,6,6_village_skirt_autumn_bread,1.0
Pod_1167,6,6_village_skirt_autumn_bread,1.0
Pod_1168,6,6_village_skirt_autumn_bread,1.0
Pod_1169,6,6_village_skirt_autumn_bread,1.0
Pod_1170,0,0_spirit_flowers_maiden_wind,0.0
Pod_1171,6,6_village_skirt_autumn_bread,1.0
Pod_1172,6,6_village_skirt_autumn_bread,1.0
Pod_1173,0,0_spirit_flowers_maiden_wind,0.0
Pod_1174,0,0_spirit_flowers_maiden_wind,0.0
Pod_1175,6,6_village_skirt_autumn_bread,1.0
Pod_1176,0,0_spirit_flowers_maiden_wind,0.0
Pod_1177,0,0_spirit_flowers_maiden_wind,0.0
Pod_1178,0,0_spirit_flowers_maiden_wind,0.0
Pod_1179,8,8_bride_wedding_maidens_marriage,1.0
Pod_1180,0,0_spirit_flowers_maiden_wind,0.0
Pod_1181,0,0_spirit_flowers_maiden_wind,0.0
Pod_1182,6,6_village_skirt_autumn_bread,1.0
Pod_1183,6,6_village_skirt_autumn_bread,1.0
Pod_1184,0,0_spirit_flowers_maiden_wind,0.0
Pod_1185,6,6_village_skirt_autumn_bread,1.0
Pod_1186,7,7_tended herd_servant_plow_shepherd,1.0
Pod_1187,7,7_tended herd_servant_plow_shepherd,1.0
Pod_1188,6,6_village_skirt_autumn_bread,1.0
Pod_1189,0,0_spirit_flowers_maiden_wind,0.0
Pod_1190,6,6_village_skirt_autumn_bread,1.0
Pod_1191,0,0_spirit_flowers_maiden_wind,0.0
Pod_1192,0,0_spirit_flowers_maiden_wind,0.0
Pod_1193,0,0_spirit_flowers_maiden_wind,0.0
Pod_1194,6,6_village_skirt_autumn_bread,1.0
Pod_1195,6,6_village_skirt_autumn_bread,0.5852336
Pod_1196,0,0_spirit_flowers_maiden_wind,0.0
Pod_1197,0,0_spirit_flowers_maiden_wind,0.0
Pod_1198,0,0_spirit_flowers_maiden_wind,0.0
Pod_1199,0,0_spirit_flowers_maiden_wind,0.0
Pod_1200,5,5_hwanghae_flowers_river_bloom flowers,0.5445614
Pod_1201,7,7_tended herd_servant_plow_shepherd,1.0
Pod_1202,7,7_tended herd_servant_plow_shepherd,1.0
Pod_1203,0,0_spirit_flowers_maiden_wind,0.0
Pod_1204,8,8_bride_wedding_maidens_marriage,0.8121749
Pod_1205,0,0_spirit_flowers_maiden_wind,0.0
Pod_1206,6,6_village_skirt_autumn_bread,1.0
Pod_1207,0,0_spirit_flowers_maiden_wind,0.0
Pod_1208,5,5_hwanghae_flowers_river_bloom flowers,1.0
Pod_1209,6,6_village_skirt_autumn_bread,1.0
Pod_1210,6,6_village_skirt_autumn_bread,0.64550316
Pod_1211,6,6_village_skirt_autumn_bread,1.0
Pod_1212,6,6_village_skirt_autumn_bread,1.0
Pod_1213,0,0_spirit_flowers_maiden_wind,0.0
Pod_1214,0,0_spirit_flowers_maiden_wind,0.0
Pod_1215,0,0_spirit_flowers_maiden_wind,0.0
Pod_1216,0,0_spirit_flowers_maiden_wind,0.0
Pod_1217,0,0_spirit_flowers_maiden_wind,0.0
Pod_1218,0,0_spirit_flowers_maiden_wind,0.0
Pod_1219,0,0_spirit_flowers_maiden_wind,0.0
Pod_1220,0,0_spirit_flowers_maiden_wind,0.0
Pod_1221,6,6_village_skirt_autumn_bread,1.0
Pod_1222,0,0_spirit_flowers_maiden_wind,0.0
Pod_1223,6,6_village_skirt_autumn_bread,1.0
Pod_1224,6,6_village_skirt_autumn_bread,1.0
Pod_1225,0,0_spirit_flowers_maiden_wind,0.0
Pod_1226,8,8_bride_wedding_maidens_marriage,0.7142841
Pod_1227,8,8_bride_wedding_maidens_marriage,1.0
Pod_1228,8,8_bride_wedding_maidens_marriage,0.9119562
Pod_1229,8,8_bride_wedding_maidens_marriage,1.0
Pod_1231,5,5_hwanghae_flowers_river_bloom flowers,1.0
Pod_1232,5,5_hwanghae_flowers_river_bloom flowers,1.0
Pod_1233,5,5_hwanghae_flowers_river_bloom flowers,1.0
Pod_1234,5,5_hwanghae_flowers_river_bloom flowers,1.0
Pod_1235,7,7_tended herd_servant_plow_shepherd,1.0
Pod_1236,8,8_bride_wedding_maidens_marriage,1.0
Pod_1237,8,8_bride_wedding_maidens_marriage,1.0
Pod_1238,8,8_bride_wedding_maidens_marriage,1.0
Pod_1239,0,0_spirit_flowers_maiden_wind,0.0
Pod_1240,0,0_spirit_flowers_maiden_wind,0.0
Pod_1241,5,5_hwanghae_flowers_river_bloom flowers,1.0
Pod_1243,8,8_bride_wedding_maidens_marriage,1.0
Pod_1244,0,0_spirit_flowers_maiden_wind,0.0
Pod_1245,7,7_tended herd_servant_plow_shepherd,1.0
Pod_1246,6,6_village_skirt_autumn_bread,0.7030709
Pod_1247,7,7_tended herd_servant_plow_shepherd,0.48266146
Pod_1248,7,7_tended herd_servant_plow_shepherd,1.0
Pod_1250,7,7_tended herd_servant_plow_shepherd,1.0
Pod_1251,7,7_tended herd_servant_plow_shepherd,1.0
Pod_1252,7,7_tended herd_servant_plow_shepherd,1.0
Pod_1253,0,0_spirit_flowers_maiden_wind,0.0
Pod_1254,7,7_tended herd_servant_plow_shepherd,1.0
Pod_1255,5,5_hwanghae_flowers_river_bloom flowers,1.0
Pod_1256,6,6_village_skirt_autumn_bread,1.0
Pod_1257,0,0_spirit_flowers_maiden_wind,0.0
Pod_1258,0,0_spirit_flowers_maiden_wind,0.0
Pod_1259,0,0_spirit_flowers_maiden_wind,0.0
Pod_1260,7,7_tended herd_servant_plow_shepherd,1.0
Pod_1261,0,0_spirit_flowers_maiden_wind,0.0
Pod_1262,0,0_spirit_flowers_maiden_wind,0.0
Pod_1263,0,0_spirit_flowers_maiden_wind,0.0
Pod_1264,0,0_spirit_flowers_maiden_wind,0.0
Pod_1265,0,0_spirit_flowers_maiden_wind,0.0
Pod_1266,0,0_spirit_flowers_maiden_wind,0.0
Pod_1267,6,6_village_skirt_autumn_bread,1.0
Pod_1268,0,0_spirit_flowers_maiden_wind,0.0
Pod_1269,6,6_village_skirt_autumn_bread,1.0
Pod_1270,0,0_spirit_flowers_maiden_wind,0.0
Pod_1271,7,7_tended herd_servant_plow_shepherd,1.0
Pod_1272,5,5_hwanghae_flowers_river_bloom flowers,0.59281623
Pod_1273,0,0_spirit_flowers_maiden_wind,0.0
Pod_1275,5,5_hwanghae_flowers_river_bloom flowers,1.0
Pod_1276,6,6_village_skirt_autumn_bread,1.0
Pod_1277,7,7_tended herd_servant_plow_shepherd,1.0
Pod_1278,7,7_tended herd_servant_plow_shepherd,1.0
Pod_1279,0,0_spirit_flowers_maiden_wind,0.0
Pod_1281,6,6_village_skirt_autumn_bread,1.0
Pod_1282,5,5_hwanghae_flowers_river_bloom flowers,1.0
Pod_1283,8,8_bride_wedding_maidens_marriage,0.44625205
Pod_1284,0,0_spirit_flowers_maiden_wind,0.0
Pod_1285,8,8_bride_wedding_maidens_marriage,0.57941616
Pod_1286,0,0_spirit_flowers_maiden_wind,0.0
Pod_1287,0,0_spirit_flowers_maiden_wind,0.0
Pod_1288,0,0_spirit_flowers_maiden_wind,0.0
Pod_1289,0,0_spirit_flowers_maiden_wind,0.0
Pod_1290,5,5_hwanghae_flowers_river_bloom flowers,0.58277875
Pod_1291,6,6_village_skirt_autumn_bread,0.57624835
Pod_1292,0,0_spirit_flowers_maiden_wind,0.0
Pod_1293,6,6_village_skirt_autumn_bread,0.5138609
Pod_1294,0,0_spirit_flowers_maiden_wind,0.0
Pod_1295,0,0_spirit_flowers_maiden_wind,0.0
Pod_1296,0,0_spirit_flowers_maiden_wind,0.0
Pod_1297,0,0_spirit_flowers_maiden_wind,0.0
Pod_1298,0,0_spirit_flowers_maiden_wind,0.0
Pod_1299,0,0_spirit_flowers_maiden_wind,0.0
Pod_1300,0,0_spirit_flowers_maiden_wind,0.0
Pod_1301,0,0_spirit_flowers_maiden_wind,0.0
Pod_1302,0,0_spirit_flowers_maiden_wind,0.0
Pod_1303,0,0_spirit_flowers_maiden_wind,0.0
Pod_1304,0,0_spirit_flowers_maiden_wind,0.0
Pod_1305,0,0_spirit_flowers_maiden_wind,0.0
Pod_1306,7,7_tended herd_servant_plow_shepherd,1.0
Pod_1307,7,7_tended herd_servant_plow_shepherd,1.0
Pod_1308,8,8_bride_wedding_maidens_marriage,0.71070063
Pod_1309,0,0_spirit_flowers_maiden_wind,0.0
Pod_1310,8,8_bride_wedding_maidens_marriage,1.0
Pod_1311,6,6_village_skirt_autumn_bread,0.8380846
Pod_1312,8,8_bride_wedding_maidens_marriage,1.0
Pod_1313,0,0_spirit_flowers_maiden_wind,0.0
Pod_1314,7,7_tended herd_servant_plow_shepherd,1.0
Pod_1315,8,8_bride_wedding_maidens_marriage,0.7397258
Pod_1318,8,8_bride_wedding_maidens_marriage,0.65197253
Pod_1319,0,0_spirit_flowers_maiden_wind,0.0
Pod_1320,0,0_spirit_flowers_maiden_wind,0.0
Pod_1321,0,0_spirit_flowers_maiden_wind,0.0
Pod_1322,0,0_spirit_flowers_maiden_wind,0.0
Pod_1323,0,0_spirit_flowers_maiden_wind,0.0
Pod_1324,8,8_bride_wedding_maidens_marriage,1.0
Pod_1325,0,0_spirit_flowers_maiden_wind,0.0
Pod_1326,0,0_spirit_flowers_maiden_wind,0.0
Pod_1327,0,0_spirit_flowers_maiden_wind,0.0
Pod_1328,0,0_spirit_flowers_maiden_wind,0.0
Pod_1329,8,8_bride_wedding_maidens_marriage,1.0
Pod_1330,0,0_spirit_flowers_maiden_wind,0.0
Pod_1331,6,6_village_skirt_autumn_bread,1.0
Pod_1332,6,6_village_skirt_autumn_bread,0.8339871
Pod_1333,0,0_spirit_flowers_maiden_wind,0.0
Pod_1334,6,6_village_skirt_autumn_bread,1.0
Pod_1335,7,7_tended herd_servant_plow_shepherd,1.0
Pod_1336,7,7_tended herd_servant_plow_shepherd,1.0
Pod_1337,7,7_tended herd_servant_plow_shepherd,1.0
Pod_1338,7,7_tended herd_servant_plow_shepherd,1.0
Pod_1339,7,7_tended herd_servant_plow_shepherd,1.0
Pod_1340,0,0_spirit_flowers_maiden_wind,0.0
Pod_1341,0,0_spirit_flowers_maiden_wind,0.0
Pod_1342,0,0_spirit_flowers_maiden_wind,0.0
Pod_1343,8,8_bride_wedding_maidens_marriage,1.0
Pod_1344,8,8_bride_wedding_maidens_marriage,1.0
Pod_1345,8,8_bride_wedding_maidens_marriage,1.0
Pod_1346,8,8_bride_wedding_maidens_marriage,1.0
Pod_1347,8,8_bride_wedding_maidens_marriage,0.7048625
Pod_1348,8,8_bride_wedding_maidens_marriage,0.7856685
Pod_1349,5,5_hwanghae_flowers_river_bloom flowers,0.76816994
Pod_1350,8,8_bride_wedding_maidens_marriage,0.82018477
Pod_1351,8,8_bride_wedding_maidens_marriage,0.5565415
Pod_1352,5,5_hwanghae_flowers_river_bloom flowers,1.0
Pod_1353,8,8_bride_wedding_maidens_marriage,1.0
Pod_1354,0,0_spirit_flowers_maiden_wind,0.0
Pod_1355,7,7_tended herd_servant_plow_shepherd,0.59053403
Pod_1356,0,0_spirit_flowers_maiden_wind,0.0
Pod_1357,7,7_tended herd_servant_plow_shepherd,1.0
Pod_1358,7,7_tended herd_servant_plow_shepherd,1.0
Pod_1359,6,6_village_skirt_autumn_bread,1.0
Pod_1360,0,0_spirit_flowers_maiden_wind,0.0
Pod_1361,8,8_bride_wedding_maidens_marriage,1.0
Pod_1362,0,0_spirit_flowers_maiden_wind,0.0
Pod_1363,8,8_bride_wedding_maidens_marriage,0.62342274
Pod_1364,6,6_village_skirt_autumn_bread,0.41365692
Pod_1365,8,8_bride_wedding_maidens_marriage,0.9566858
Pod_1366,5,5_hwanghae_flowers_river_bloom flowers,1.0
Pod_1367,0,0_spirit_flowers_maiden_wind,0.0
Pod_1368,0,0_spirit_flowers_maiden_wind,0.0
Pod_1369,0,0_spirit_flowers_maiden_wind,0.0
Pod_1370,8,8_bride_wedding_maidens_marriage,0.7251589
Pod_1371,8,8_bride_wedding_maidens_marriage,0.68580985
Pod_1372,8,8_bride_wedding_maidens_marriage,1.0
Pod_1373,8,8_bride_wedding_maidens_marriage,1.0
Pod_1374,0,0_spirit_flowers_maiden_wind,0.0
Pod_1375,8,8_bride_wedding_maidens_marriage,1.0
Pod_1376,8,8_bride_wedding_maidens_marriage,1.0
Pod_1377,5,5_hwanghae_flowers_river_bloom flowers,1.0
Pod_1378,5,5_hwanghae_flowers_river_bloom flowers,1.0
Pod_1379,6,6_village_skirt_autumn_bread,0.7377549
Pod_1380,0,0_spirit_flowers_maiden_wind,0.0
Pod_1381,0,0_spirit_flowers_maiden_wind,0.0
Pod_1382,0,0_spirit_flowers_maiden_wind,0.0
Pod_1383,0,0_spirit_flowers_maiden_wind,0.0
Pod_1384,6,6_village_skirt_autumn_bread,1.0
Pod_1385,0,0_spirit_flowers_maiden_wind,0.0
Pod_1386,5,5_hwanghae_flowers_river_bloom flowers,1.0
Pod_1387,8,8_bride_wedding_maidens_marriage,1.0
Pod_1388,0,0_spirit_flowers_maiden_wind,0.0
Pod_1389,0,0_spirit_flowers_maiden_wind,0.0
Pod_1390,0,0_spirit_flowers_maiden_wind,0.0
Pod_1391,0,0_spirit_flowers_maiden_wind,0.0
Pod_1392,0,0_spirit_flowers_maiden_wind,0.0
Pod_1393,8,8_bride_wedding_maidens_marriage,0.8579437
Pod_1394,5,5_hwanghae_flowers_river_bloom flowers,0.6676885
Pod_1395,0,0_spirit_flowers_maiden_wind,0.0
Pod_1396,0,0_spirit_flowers_maiden_wind,0.0
Pod_1397,0,0_spirit_flowers_maiden_wind,0.0
Pod_1398,0,0_spirit_flowers_maiden_wind,0.0
Pod_1399,8,8_bride_wedding_maidens_marriage,1.0
Pod_1400,8,8_bride_wedding_maidens_marriage,1.0
Pod_1401,8,8_bride_wedding_maidens_marriage,1.0
Pod_1402,6,6_village_skirt_autumn_bread,0.67171323
Pod_1403,8,8_bride_wedding_maidens_marriage,1.0
Pod_1404,0,0_spirit_flowers_maiden_wind,0.0
Pod_1405,0,0_spirit_flowers_maiden_wind,0.0
Pod_1406,0,0_spirit_flowers_maiden_wind,0.0
Pod_1407,0,0_spirit_flowers_maiden_wind,0.0
Pod_1408,0,0_spirit_flowers_maiden_wind,0.0
Pod_1409,0,0_spirit_flowers_maiden_wind,0.0
Pod_1410,6,6_village_skirt_autumn_bread,1.0
Pod_1411,0,0_spirit_flowers_maiden_wind,0.0
Pod_1412,8,8_bride_wedding_maidens_marriage,1.0
Pod_1413,8,8_bride_wedding_maidens_marriage,1.0
Pod_1414,0,0_spirit_flowers_maiden_wind,0.0
Pod_1415,0,0_spirit_flowers_maiden_wind,0.0
Pod_1416,0,0_spirit_flowers_maiden_wind,0.0
Pod_1417,0,0_spirit_flowers_maiden_wind,0.0
Pod_1418,0,0_spirit_flowers_maiden_wind,0.0
Pod_1419,8,8_bride_wedding_maidens_marriage,1.0
Pod_1420,0,0_spirit_flowers_maiden_wind,0.0
Pod_1421,0,0_spirit_flowers_maiden_wind,0.0
Pod_1422,0,0_spirit_flowers_maiden_wind,0.0
Pod_1423,6,6_village_skirt_autumn_bread,1.0
Pod_1424,0,0_spirit_flowers_maiden_wind,0.0
Pod_1425,6,6_village_skirt_autumn_bread,1.0
Pod_1426,0,0_spirit_flowers_maiden_wind,0.0
Pod_1427,0,0_spirit_flowers_maiden_wind,0.0
Pod_1428,0,0_spirit_flowers_maiden_wind,0.0
Pod_1429,6,6_village_skirt_autumn_bread,0.6676875
Pod_1430,0,0_spirit_flowers_maiden_wind,0.0
Pod_1431,8,8_bride_wedding_maidens_marriage,1.0
Pod_1432,0,0_spirit_flowers_maiden_wind,0.0
Pod_1433,6,6_village_skirt_autumn_bread,1.0
Pod_1434,0,0_spirit_flowers_maiden_wind,0.0
Pod_1435,0,0_spirit_flowers_maiden_wind,0.0
Pod_1436,7,7_tended herd_servant_plow_shepherd,1.0
Pod_1437,0,0_spirit_flowers_maiden_wind,0.0
Pod_1438,6,6_village_skirt_autumn_bread,1.0
Pod_1439,0,0_spirit_flowers_maiden_wind,0.0
Pod_1440,0,0_spirit_flowers_maiden_wind,0.0
Pod_1441,0,0_spirit_flowers_maiden_wind,0.0
Pod_1442,0,0_spirit_flowers_maiden_wind,0.0
Pod_1443,0,0_spirit_flowers_maiden_wind,0.0
Pod_1444,0,0_spirit_flowers_maiden_wind,0.0
Pod_1445,0,0_spirit_flowers_maiden_wind,0.0
Pod_1446,0,0_spirit_flowers_maiden_wind,0.0
Pod_1447,8,8_bride_wedding_maidens_marriage,1.0
Pod_1448,0,0_spirit_flowers_maiden_wind,0.0
Pod_1449,0,0_spirit_flowers_maiden_wind,0.0
Pod_1450,0,0_spirit_flowers_maiden_wind,0.0
Pod_1451,0,0_spirit_flowers_maiden_wind,0.0
Pod_1452,8,8_bride_wedding_maidens_marriage,1.0
Pod_1453,6,6_village_skirt_autumn_bread,1.0
Pod_1454,0,0_spirit_flowers_maiden_wind,0.0
Pod_1455,0,0_spirit_flowers_maiden_wind,0.0
Pod_1456,8,8_bride_wedding_maidens_marriage,1.0
Pod_1457,0,0_spirit_flowers_maiden_wind,0.0
Pod_1458,0,0_spirit_flowers_maiden_wind,0.0
Pod_1459,0,0_spirit_flowers_maiden_wind,0.0
Pod_1460,0,0_spirit_flowers_maiden_wind,0.0
Pod_1461,0,0_spirit_flowers_maiden_wind,0.0
Pod_1462,0,0_spirit_flowers_maiden_wind,0.0
Pod_1463,0,0_spirit_flowers_maiden_wind,0.0
Pod_1464,6,6_village_skirt_autumn_bread,0.80458975
Pod_1465,0,0_spirit_flowers_maiden_wind,0.0
Pod_1466,6,6_village_skirt_autumn_bread,1.0
Pod_1467,0,0_spirit_flowers_maiden_wind,0.0
Pod_1468,6,6_village_skirt_autumn_bread,1.0
Pod_1470,8,8_bride_wedding_maidens_marriage,0.81122124
Pod_1471,0,0_spirit_flowers_maiden_wind,0.0
Pod_1472,0,0_spirit_flowers_maiden_wind,0.0
Pod_1473,5,5_hwanghae_flowers_river_bloom flowers,0.6756596
Pod_1474,5,5_hwanghae_flowers_river_bloom flowers,1.0
Pod_1475,0,0_spirit_flowers_maiden_wind,0.0
Pod_1476,8,8_bride_wedding_maidens_marriage,0.61293185
Pod_1477,6,6_village_skirt_autumn_bread,1.0
Pod_1478,6,6_village_skirt_autumn_bread,0.75243515
Pod_1479,0,0_spirit_flowers_maiden_wind,0.0
Pod_1480,0,0_spirit_flowers_maiden_wind,0.0
Pod_1481,0,0_spirit_flowers_maiden_wind,0.0
Pod_1482,7,7_tended herd_servant_plow_shepherd,1.0
Pod_1483,0,0_spirit_flowers_maiden_wind,0.0
Pod_1484,0,0_spirit_flowers_maiden_wind,0.0
Pod_1485,0,0_spirit_flowers_maiden_wind,0.0
Pod_1486,8,8_bride_wedding_maidens_marriage,1.0
Pod_1487,0,0_spirit_flowers_maiden_wind,0.0
Pod_1488,0,0_spirit_flowers_maiden_wind,0.0
Pod_1489,0,0_spirit_flowers_maiden_wind,0.0
Pod_1490,0,0_spirit_flowers_maiden_wind,0.0
Pod_1491,0,0_spirit_flowers_maiden_wind,0.0
Pod_1492,0,0_spirit_flowers_maiden_wind,0.0
Pod_1493,0,0_spirit_flowers_maiden_wind,0.0
Pod_1494,0,0_spirit_flowers_maiden_wind,0.0
Pod_1495,0,0_spirit_flowers_maiden_wind,0.0
Pod_1496,0,0_spirit_flowers_maiden_wind,0.0
Pod_1497,0,0_spirit_flowers_maiden_wind,0.0
Pod_1498,0,0_spirit_flowers_maiden_wind,0.0
Pod_1499,0,0_spirit_flowers_maiden_wind,0.0
Pod_1500,0,0_spirit_flowers_maiden_wind,0.0
Pod_1501,0,0_spirit_flowers_maiden_wind,0.0
Pod_1503,0,0_spirit_flowers_maiden_wind,0.0
Pod_1504,0,0_spirit_flowers_maiden_wind,0.0
Pod_1505,3,3_servant_servants_piet_dip,1.0
Pod_1506,6,6_village_skirt_autumn_bread,1.0
Pod_1507,0,0_spirit_flowers_maiden_wind,0.0
Pod_1508,0,0_spirit_flowers_maiden_wind,0.0
Pod_1509,0,0_spirit_flowers_maiden_wind,0.0
Pod_1510,0,0_spirit_flowers_maiden_wind,0.0
Pod_1511,0,0_spirit_flowers_maiden_wind,0.0
Pod_1512,0,0_spirit_flowers_maiden_wind,0.0
Pod_1513,0,0_spirit_flowers_maiden_wind,0.0
Pod_1514,0,0_spirit_flowers_maiden_wind,0.0
Pod_1515,6,6_village_skirt_autumn_bread,0.89593893
Pod_1516,0,0_spirit_flowers_maiden_wind,0.0
Pod_1517,0,0_spirit_flowers_maiden_wind,0.0
Pod_1518,0,0_spirit_flowers_maiden_wind,0.0
Pod_1519,0,0_spirit_flowers_maiden_wind,0.0
Pod_1520,0,0_spirit_flowers_maiden_wind,0.0
Pod_1521,8,8_bride_wedding_maidens_marriage,1.0
Pod_1522,8,8_bride_wedding_maidens_marriage,1.0
Pod_1523,0,0_spirit_flowers_maiden_wind,0.0
Pod_1524,0,0_spirit_flowers_maiden_wind,0.0
Pod_1525,0,0_spirit_flowers_maiden_wind,0.0
Pod_1526,0,0_spirit_flowers_maiden_wind,0.0
Pod_1527,6,6_village_skirt_autumn_bread,1.0
Pod_1528,0,0_spirit_flowers_maiden_wind,0.0
Pod_1529,0,0_spirit_flowers_maiden_wind,0.0
Pod_1530,0,0_spirit_flowers_maiden_wind,0.0
Pod_1531,8,8_bride_wedding_maidens_marriage,1.0
Pod_1532,0,0_spirit_flowers_maiden_wind,0.0
Pod_1533,0,0_spirit_flowers_maiden_wind,0.0
Pod_1534,0,0_spirit_flowers_maiden_wind,0.0
Pod_1535,0,0_spirit_flowers_maiden_wind,0.0
Pod_1536,0,0_spirit_flowers_maiden_wind,0.0
Pod_1537,0,0_spirit_flowers_maiden_wind,0.0
Pod_1538,8,8_bride_wedding_maidens_marriage,1.0
Pod_1539,0,0_spirit_flowers_maiden_wind,0.0
Pod_1540,0,0_spirit_flowers_maiden_wind,0.0
Pod_1541,0,0_spirit_flowers_maiden_wind,0.0
Pod_1542,0,0_spirit_flowers_maiden_wind,0.0
Pod_1543,0,0_spirit_flowers_maiden_wind,0.0
Pod_1544,0,0_spirit_flowers_maiden_wind,0.0
Pod_1545,0,0_spirit_flowers_maiden_wind,0.0
Pod_1546,0,0_spirit_flowers_maiden_wind,0.0
Pod_1547,0,0_spirit_flowers_maiden_wind,0.0
Pod_1548,0,0_spirit_flowers_maiden_wind,0.0
Pod_1549,0,0_spirit_flowers_maiden_wind,0.0
Pod_1550,0,0_spirit_flowers_maiden_wind,0.0
Pod_1551,0,0_spirit_flowers_maiden_wind,0.0
Pod_1552,8,8_bride_wedding_maidens_marriage,0.8152551
Pod_1553,0,0_spirit_flowers_maiden_wind,0.0
Pod_1554,0,0_spirit_flowers_maiden_wind,0.0
Pod_1555,0,0_spirit_flowers_maiden_wind,0.0
Pod_1556,0,0_spirit_flowers_maiden_wind,0.0
Pod_1557,0,0_spirit_flowers_maiden_wind,0.0
Pod_1558,0,0_spirit_flowers_maiden_wind,0.0
Pod_1559,0,0_spirit_flowers_maiden_wind,0.0
Pod_1560,0,0_spirit_flowers_maiden_wind,0.0
Pod_1561,8,8_bride_wedding_maidens_marriage,1.0
Pod_1562,8,8_bride_wedding_maidens_marriage,1.0
Pod_1563,0,0_spirit_flowers_maiden_wind,0.0
Pod_1564,0,0_spirit_flowers_maiden_wind,0.0
Pod_1565,0,0_spirit_flowers_maiden_wind,0.0
Pod_1566,8,8_bride_wedding_maidens_marriage,1.0
Pod_1567,0,0_spirit_flowers_maiden_wind,0.0
Pod_1568,0,0_spirit_flowers_maiden_wind,0.0
Pod_1569,0,0_spirit_flowers_maiden_wind,0.0
Pod_1570,0,0_spirit_flowers_maiden_wind,0.0
Pod_1571,0,0_spirit_flowers_maiden_wind,0.0
Pod_1572,7,7_tended herd_servant_plow_shepherd,1.0
Pod_1573,6,6_village_skirt_autumn_bread,1.0
Pod_1574,0,0_spirit_flowers_maiden_wind,0.0
Pod_1575,0,0_spirit_flowers_maiden_wind,0.0
Pod_1576,0,0_spirit_flowers_maiden_wind,0.0
Pod_1577,0,0_spirit_flowers_maiden_wind,0.0
Pod_1578,0,0_spirit_flowers_maiden_wind,0.0
Pod_1579,0,0_spirit_flowers_maiden_wind,0.0
Pod_1580,6,6_village_skirt_autumn_bread,1.0
Pod_1581,0,0_spirit_flowers_maiden_wind,0.0
Pod_1582,8,8_bride_wedding_maidens_marriage,1.0
Pod_1583,0,0_spirit_flowers_maiden_wind,0.0
Pod_1584,0,0_spirit_flowers_maiden_wind,0.0
Pod_1585,8,8_bride_wedding_maidens_marriage,1.0
Pod_1586,8,8_bride_wedding_maidens_marriage,1.0
Pod_1587,8,8_bride_wedding_maidens_marriage,1.0
Pod_1588,0,0_spirit_flowers_maiden_wind,0.0
Pod_1589,7,7_tended herd_servant_plow_shepherd,0.8286496
Pod_1590,6,6_village_skirt_autumn_bread,1.0
Pod_1591,8,8_bride_wedding_maidens_marriage,1.0
Pod_1592,0,0_spirit_flowers_maiden_wind,0.0
Pod_1593,0,0_spirit_flowers_maiden_wind,0.0
Pod_1594,0,0_spirit_flowers_maiden_wind,0.0
Pod_1595,0,0_spirit_flowers_maiden_wind,0.0
Pod_1596,0,0_spirit_flowers_maiden_wind,0.0
Pod_1597,0,0_spirit_flowers_maiden_wind,0.0
Pod_1598,8,8_bride_wedding_maidens_marriage,1.0
Pod_1599,8,8_bride_wedding_maidens_marriage,1.0
Pod_1600,8,8_bride_wedding_maidens_marriage,1.0
Pod_1601,8,8_bride_wedding_maidens_marriage,1.0
Pod_1602,0,0_spirit_flowers_maiden_wind,0.0
Pod_1603,7,7_tended herd_servant_plow_shepherd,1.0
Pod_1604,8,8_bride_wedding_maidens_marriage,1.0
Pod_1605,6,6_village_skirt_autumn_bread,1.0
Pod_1606,4,4_little birds_horses_horse_poor parish,1.0
Pod_1607,0,0_spirit_flowers_maiden_wind,0.0
Pod_1608,8,8_bride_wedding_maidens_marriage,0.533976
Pod_1609,8,8_bride_wedding_maidens_marriage,0.73219126
Pod_1610,0,0_spirit_flowers_maiden_wind,0.0
Pod_1611,0,0_spirit_flowers_maiden_wind,0.0
Pod_1612,6,6_village_skirt_autumn_bread,1.0
Pod_1613,0,0_spirit_flowers_maiden_wind,0.0
Pod_1614,4,4_little birds_horses_horse_poor parish,1.0
Pod_1615,0,0_spirit_flowers_maiden_wind,0.0
Pod_1616,0,0_spirit_flowers_maiden_wind,0.0
Pod_1624,0,0_spirit_flowers_maiden_wind,0.0
Pod_1625,3,3_servant_servants_piet_dip,1.0
Pod_1626,8,8_bride_wedding_maidens_marriage,1.0
Pod_1627,8,8_bride_wedding_maidens_marriage,0.51082027
Pod_1628,0,0_spirit_flowers_maiden_wind,0.0
Pod_1629,0,0_spirit_flowers_maiden_wind,0.0
Pod_1630,7,7_tended herd_servant_plow_shepherd,1.0
Pod_1631,7,7_tended herd_servant_plow_shepherd,0.842315
Pod_1632,8,8_bride_wedding_maidens_marriage,0.50679743
Pod_1633,7,7_tended herd_servant_plow_shepherd,0.8357112
Pod_1634,6,6_village_skirt_autumn_bread,1.0
Pod_1635,8,8_bride_wedding_maidens_marriage,1.0
Pod_1636,5,5_hwanghae_flowers_river_bloom flowers,1.0
Pod_1637,3,3_servant_servants_piet_dip,1.0
Pod_1638,6,6_village_skirt_autumn_bread,1.0
Pod_1639,6,6_village_skirt_autumn_bread,0.5378197
Pod_1640,8,8_bride_wedding_maidens_marriage,1.0
Pod_1641,8,8_bride_wedding_maidens_marriage,1.0
Pod_1642,5,5_hwanghae_flowers_river_bloom flowers,1.0
Pod_1643,5,5_hwanghae_flowers_river_bloom flowers,1.0
Vol_16,7,7_tended herd_servant_plow_shepherd,0.7520596
Vol_17,0,0_spirit_flowers_maiden_wind,0.0
Vol_19,3,3_servant_servants_piet_dip,1.0
Vol_20,0,0_spirit_flowers_maiden_wind,0.0
Vol_21,6,6_village_skirt_autumn_bread,1.0
Vol_22,7,7_tended herd_servant_plow_shepherd,1.0
Vol_50,0,0_spirit_flowers_maiden_wind,0.0
Vol_51,5,5_hwanghae_flowers_river_bloom flowers,1.0
Vol_52,0,0_spirit_flowers_maiden_wind,0.0
Vol_53,6,6_village_skirt_autumn_bread,1.0
Vol_54,0,0_spirit_flowers_maiden_wind,0.0
Vol_55,0,0_spirit_flowers_maiden_wind,0.0
Vol_56,0,0_spirit_flowers_maiden_wind,0.0
Vol_57,0,0_spirit_flowers_maiden_wind,0.0
Vol_58,0,0_spirit_flowers_maiden_wind,0.0
Vol_59,0,0_spirit_flowers_maiden_wind,0.0
Vol_60,0,0_spirit_flowers_maiden_wind,0.0
Vol_61,0,0_spirit_flowers_maiden_wind,0.0
Vol_62,0,0_spirit_flowers_maiden_wind,0.0
Vol_63,0,0_spirit_flowers_maiden_wind,0.0
Vol_64,0,0_spirit_flowers_maiden_wind,0.0
Vol_65,0,0_spirit_flowers_maiden_wind,0.0
Vol_66,0,0_spirit_flowers_maiden_wind,0.0
Vol_67,0,0_spirit_flowers_maiden_wind,0.0
Vol_68,0,0_spirit_flowers_maiden_wind,0.0
Vol_69,0,0_spirit_flowers_maiden_wind,0.0
Vol_70,7,7_tended herd_servant_plow_shepherd,1.0
Vol_71,0,0_spirit_flowers_maiden_wind,0.0
Vol_72,0,0_spirit_flowers_maiden_wind,0.0
Vol_73,6,6_village_skirt_autumn_bread,1.0
Vol_74,0,0_spirit_flowers_maiden_wind,0.0
Vol_75,0,0_spirit_flowers_maiden_wind,0.0
Vol_76,5,5_hwanghae_flowers_river_bloom flowers,1.0
Vol_77,0,0_spirit_flowers_maiden_wind,0.0
Vol_78,8,8_bride_wedding_maidens_marriage,1.0
Vol_79,0,0_spirit_flowers_maiden_wind,0.0
Vol_80,0,0_spirit_flowers_maiden_wind,0.0
Vol_81,0,0_spirit_flowers_maiden_wind,0.0
Vol_82,0,0_spirit_flowers_maiden_wind,0.0
Vol_83,0,0_spirit_flowers_maiden_wind,0.0
Vol_84,5,5_hwanghae_flowers_river_bloom flowers,1.0
Vol_85,6,6_village_skirt_autumn_bread,1.0
Vol_87,0,0_spirit_flowers_maiden_wind,0.0
Vol_88,0,0_spirit_flowers_maiden_wind,0.0
Vol_89,6,6_village_skirt_autumn_bread,0.60277957
Vol_90,0,0_spirit_flowers_maiden_wind,0.0
Vol_91,0,0_spirit_flowers_maiden_wind,0.0
Vol_116,0,0_spirit_flowers_maiden_wind,0.0
Vol_117,0,0_spirit_flowers_maiden_wind,0.0
Vol_118,3,3_servant_servants_piet_dip,0.44936258
HPod_1,4,4_little birds_horses_horse_poor parish,1.0
HPod_4,0,0_spirit_flowers_maiden_wind,0.0
HPod_9,6,6_village_skirt_autumn_bread,1.0
HPod_11,6,6_village_skirt_autumn_bread,1.0
HPod_12,8,8_bride_wedding_maidens_marriage,0.87330025
HPod_13,0,0_spirit_flowers_maiden_wind,0.0
HPod_15,6,6_village_skirt_autumn_bread,0.7557297
HPod_16,8,8_bride_wedding_maidens_marriage,1.0
HPod_18,0,0_spirit_flowers_maiden_wind,0.0
HPod_19,8,8_bride_wedding_maidens_marriage,0.5446812
HPod_21,8,8_bride_wedding_maidens_marriage,1.0
HPod_22,6,6_village_skirt_autumn_bread,0.6525872
HPod_23,8,8_bride_wedding_maidens_marriage,1.0
HPod_24,6,6_village_skirt_autumn_bread,0.68865913
HPod_27,6,6_village_skirt_autumn_bread,1.0
HPod_28,0,0_spirit_flowers_maiden_wind,0.0
HPod_30,0,0_spirit_flowers_maiden_wind,0.0
HPod_31,8,8_bride_wedding_maidens_marriage,1.0
HPod_32,6,6_village_skirt_autumn_bread,1.0
HPod_33,8,8_bride_wedding_maidens_marriage,0.6915978
HPod_34,8,8_bride_wedding_maidens_marriage,1.0
HPod_37,7,7_tended herd_servant_plow_shepherd,1.0
HPod_41,0,0_spirit_flowers_maiden_wind,0.0
HPod_42,8,8_bride_wedding_maidens_marriage,0.95600164
HPod_43,8,8_bride_wedding_maidens_marriage,1.0
HPod_44,7,7_tended herd_servant_plow_shepherd,1.0
HPod_45,6,6_village_skirt_autumn_bread,1.0
HPod_46,6,6_village_skirt_autumn_bread,1.0
HPod_48,1,1_village_servant_tended herd_slave tended,1.0
HPod_49,0,0_spirit_flowers_maiden_wind,0.0
HPod_50,6,6_village_skirt_autumn_bread,1.0
HPod_51,8,8_bride_wedding_maidens_marriage,1.0
HPod_52,6,6_village_skirt_autumn_bread,0.58773917
HPod_53,0,0_spirit_flowers_maiden_wind,0.0
HPod_54,0,0_spirit_flowers_maiden_wind,0.0
HPod_55,0,0_spirit_flowers_maiden_wind,0.0
HPod_56,0,0_spirit_flowers_maiden_wind,0.0
HPod_57,0,0_spirit_flowers_maiden_wind,0.0
HPod_58,0,0_spirit_flowers_maiden_wind,0.0
HPod_59,0,0_spirit_flowers_maiden_wind,0.0
HPod_60,6,6_village_skirt_autumn_bread,1.0
HPod_65,0,0_spirit_flowers_maiden_wind,0.0
HPod_67,0,0_spirit_flowers_maiden_wind,0.0
HPod_70,8,8_bride_wedding_maidens_marriage,1.0
HPod_71,0,0_spirit_flowers_maiden_wind,0.0
HPod_72,0,0_spirit_flowers_maiden_wind,0.0
HPod_75,6,6_village_skirt_autumn_bread,0.63390684
HPod_77,8,8_bride_wedding_maidens_marriage,0.7317928
HPod_78,7,7_tended herd_servant_plow_shepherd,1.0
HPod_82,4,4_little birds_horses_horse_poor parish,1.0
HPod_84,6,6_village_skirt_autumn_bread,1.0
HPod_85,6,6_village_skirt_autumn_bread,1.0
HPod_86,8,8_bride_wedding_maidens_marriage,0.81630665
HPod_87,0,0_spirit_flowers_maiden_wind,0.0
HPod_88,8,8_bride_wedding_maidens_marriage,0.83507174
HPod_89,6,6_village_skirt_autumn_bread,1.0
HPod_94,0,0_spirit_flowers_maiden_wind,0.0
HPod_95,0,0_spirit_flowers_maiden_wind,0.0
HPod_97,5,5_hwanghae_flowers_river_bloom flowers,1.0
HPod_98,0,0_spirit_flowers_maiden_wind,0.0
HPod_99,0,0_spirit_flowers_maiden_wind,0.0
HPod_100,0,0_spirit_flowers_maiden_wind,0.0
HPod_101,7,7_tended herd_servant_plow_shepherd,1.0
HPod_102,0,0_spirit_flowers_maiden_wind,0.0
HPod_107,8,8_bride_wedding_maidens_marriage,1.0
HPod_108,0,0_spirit_flowers_maiden_wind,0.0
HPod_110,0,0_spirit_flowers_maiden_wind,0.0
HPod_112,6,6_village_skirt_autumn_bread,1.0
HPod_115,0,0_spirit_flowers_maiden_wind,0.0
HPod_116,6,6_village_skirt_autumn_bread,1.0
HPod_118,6,6_village_skirt_autumn_bread,1.0
HPod_122,6,6_village_skirt_autumn_bread,1.0
HPod_123,0,0_spirit_flowers_maiden_wind,0.0
HPod_125,5,5_hwanghae_flowers_river_bloom flowers,0.5684956
HPod_126,0,0_spirit_flowers_maiden_wind,0.0
HPod_127,0,0_spirit_flowers_maiden_wind,0.0
HPod_128,0,0_spirit_flowers_maiden_wind,0.0
HPod_129,6,6_village_skirt_autumn_bread,1.0
HPod_130,0,0_spirit_flowers_maiden_wind,0.0
HPod_131,0,0_spirit_flowers_maiden_wind,0.0
HPod_132,8,8_bride_wedding_maidens_marriage,1.0
HPod_133,8,8_bride_wedding_maidens_marriage,0.84500796
HPod_134,6,6_village_skirt_autumn_bread,1.0
HPod_135,7,7_tended herd_servant_plow_shepherd,0.7606886
HPod_136,6,6_village_skirt_autumn_bread,1.0
HPod_141,0,0_spirit_flowers_maiden_wind,0.0
HPod_143,6,6_village_skirt_autumn_bread,1.0
HPod_148,0,0_spirit_flowers_maiden_wind,0.0
HPod_149,0,0_spirit_flowers_maiden_wind,0.0
HPod_150,0,0_spirit_flowers_maiden_wind,0.0
HPod_151,8,8_bride_wedding_maidens_marriage,0.57848126
HPod_155,5,5_hwanghae_flowers_river_bloom flowers,1.0
HPod_156,8,8_bride_wedding_maidens_marriage,1.0
HPod_159,0,0_spirit_flowers_maiden_wind,0.0
HPod_160,8,8_bride_wedding_maidens_marriage,1.0
HPod_162,0,0_spirit_flowers_maiden_wind,0.0
HPod_163,6,6_village_skirt_autumn_bread,1.0
HPod_166,8,8_bride_wedding_maidens_marriage,0.6518473
HPod_167,0,0_spirit_flowers_maiden_wind,0.0
HPod_168,0,0_spirit_flowers_maiden_wind,0.0
HPod_169,0,0_spirit_flowers_maiden_wind,0.0
HPod_170,0,0_spirit_flowers_maiden_wind,0.0
HPod_171,0,0_spirit_flowers_maiden_wind,0.0
HPod_174,8,8_bride_wedding_maidens_marriage,1.0
HPod_176,0,0_spirit_flowers_maiden_wind,0.0
HPod_177,8,8_bride_wedding_maidens_marriage,1.0
HPod_183,0,0_spirit_flowers_maiden_wind,0.0
HPod_185,6,6_village_skirt_autumn_bread,1.0
HPod_187,8,8_bride_wedding_maidens_marriage,1.0
HPod_188,7,7_tended herd_servant_plow_shepherd,1.0
HPod_189,7,7_tended herd_servant_plow_shepherd,1.0
HPod_190,0,0_spirit_flowers_maiden_wind,0.0
HPod_191,0,0_spirit_flowers_maiden_wind,0.0
HPod_192,0,0_spirit_flowers_maiden_wind,0.0
HPod_194,8,8_bride_wedding_maidens_marriage,1.0
HPod_195,0,0_spirit_flowers_maiden_wind,0.0
HPod_196,0,0_spirit_flowers_maiden_wind,0.0
HPod_197,0,0_spirit_flowers_maiden_wind,0.0
HPod_199,4,4_little birds_horses_horse_poor parish,0.5555141
HPod_203,0,0_spirit_flowers_maiden_wind,0.0
HPod_204,0,0_spirit_flowers_maiden_wind,0.0
HPod_205,8,8_bride_wedding_maidens_marriage,1.0
HPod_206,6,6_village_skirt_autumn_bread,1.0
HPod_208,6,6_village_skirt_autumn_bread,1.0
HPod_209,8,8_bride_wedding_maidens_marriage,1.0
HPod_211,0,0_spirit_flowers_maiden_wind,0.0
HPod_212,0,0_spirit_flowers_maiden_wind,0.0
HPod_214,8,8_bride_wedding_maidens_marriage,1.0
HPod_222,6,6_village_skirt_autumn_bread,1.0
HPod_225,0,0_spirit_flowers_maiden_wind,0.0
HPod_226,6,6_village_skirt_autumn_bread,0.59098136
HPod_227,0,0_spirit_flowers_maiden_wind,0.0
HPod_230,8,8_bride_wedding_maidens_marriage,1.0
HPod_232,0,0_spirit_flowers_maiden_wind,0.0
HPod_233,4,4_little birds_horses_horse_poor parish,1.0
HPod_234,8,8_bride_wedding_maidens_marriage,1.0
HPod_235,0,0_spirit_flowers_maiden_wind,0.0
HPod_236,7,7_tended herd_servant_plow_shepherd,1.0
HPod_239,6,6_village_skirt_autumn_bread,0.5648628
HPod_241,0,0_spirit_flowers_maiden_wind,0.0
HPod_243,6,6_village_skirt_autumn_bread,1.0
HPod_245,0,0_spirit_flowers_maiden_wind,0.0
HPod_247,8,8_bride_wedding_maidens_marriage,1.0
HPod_251,0,0_spirit_flowers_maiden_wind,0.0
HPod_253,5,5_hwanghae_flowers_river_bloom flowers,1.0
HPod_254,0,0_spirit_flowers_maiden_wind,0.0
HPod_255,0,0_spirit_flowers_maiden_wind,0.0
HPod_256,0,0_spirit_flowers_maiden_wind,0.0
HPod_259,6,6_village_skirt_autumn_bread,1.0
HPod_262,0,0_spirit_flowers_maiden_wind,0.0
HPod_264,0,0_spirit_flowers_maiden_wind,0.0
HPod_265,8,8_bride_wedding_maidens_marriage,0.43469462
HPod_267,6,6_village_skirt_autumn_bread,0.54231775
HPod_268,8,8_bride_wedding_maidens_marriage,1.0
HPod_269,0,0_spirit_flowers_maiden_wind,0.0
HPod_271,6,6_village_skirt_autumn_bread,0.5908608
HPod_276,0,0_spirit_flowers_maiden_wind,0.0
HPod_278,8,8_bride_wedding_maidens_marriage,1.0
HPod_279,0,0_spirit_flowers_maiden_wind,0.0
HPod_282,0,0_spirit_flowers_maiden_wind,0.0
HPod_284,4,4_little birds_horses_horse_poor parish,1.0
HPod_285,0,0_spirit_flowers_maiden_wind,0.0
HPod_287,7,7_tended herd_servant_plow_shepherd,1.0
HPod_288,8,8_bride_wedding_maidens_marriage,0.710846
HPod_289,0,0_spirit_flowers_maiden_wind,0.0
HPod_290,0,0_spirit_flowers_maiden_wind,0.0
HPod_292,5,5_hwanghae_flowers_river_bloom flowers,1.0
HPod_294,6,6_village_skirt_autumn_bread,0.927609
HPod_295,6,6_village_skirt_autumn_bread,1.0
HPod_298,0,0_spirit_flowers_maiden_wind,0.0
HPod_299,8,8_bride_wedding_maidens_marriage,1.0
HPod_300,0,0_spirit_flowers_maiden_wind,0.0
HPod_302,0,0_spirit_flowers_maiden_wind,0.0
HPod_303,6,6_village_skirt_autumn_bread,1.0
HPod_305,0,0_spirit_flowers_maiden_wind,0.0
HPod_306,0,0_spirit_flowers_maiden_wind,0.0
HPod_307,0,0_spirit_flowers_maiden_wind,0.0
HPod_308,8,8_bride_wedding_maidens_marriage,1.0
HPod_310,0,0_spirit_flowers_maiden_wind,0.0
HPod_314,8,8_bride_wedding_maidens_marriage,0.5955698
HPod_318,0,0_spirit_flowers_maiden_wind,0.0
HPod_319,0,0_spirit_flowers_maiden_wind,0.0
HPod_322,6,6_village_skirt_autumn_bread,0.9411702
HPod_323,0,0_spirit_flowers_maiden_wind,0.0
HPod_324,0,0_spirit_flowers_maiden_wind,0.0
HPod_326,0,0_spirit_flowers_maiden_wind,0.0
HPod_327,0,0_spirit_flowers_maiden_wind,0.0
HPod_328,6,6_village_skirt_autumn_bread,0.68830913
HPod_329,0,0_spirit_flowers_maiden_wind,0.0
HPod_330,6,6_village_skirt_autumn_bread,1.0
HPod_331,0,0_spirit_flowers_maiden_wind,0.0
HPod_332,0,0_spirit_flowers_maiden_wind,0.0
HPod_333,0,0_spirit_flowers_maiden_wind,0.0
HPod_334,6,6_village_skirt_autumn_bread,1.0
HPod_335,0,0_spirit_flowers_maiden_wind,0.0
HPod_337,5,5_hwanghae_flowers_river_bloom flowers,1.0
HPod_338,7,7_tended herd_servant_plow_shepherd,1.0
HPod_341,0,0_spirit_flowers_maiden_wind,0.0
HPod_342,0,0_spirit_flowers_maiden_wind,0.0
HPod_343,0,0_spirit_flowers_maiden_wind,0.0
HPod_346,6,6_village_skirt_autumn_bread,0.6354463
HPod_348,0,0_spirit_flowers_maiden_wind,0.0
HPod_350,6,6_village_skirt_autumn_bread,1.0
HPod_352,5,5_hwanghae_flowers_river_bloom flowers,0.46012717
HPod_353,0,0_spirit_flowers_maiden_wind,0.0
HPod_354,0,0_spirit_flowers_maiden_wind,0.0
HPod_355,3,3_servant_servants_piet_dip,1.0
HPod_357,5,5_hwanghae_flowers_river_bloom flowers,0.6538756
HPod_358,0,0_spirit_flowers_maiden_wind,0.0
HPod_359,6,6_village_skirt_autumn_bread,1.0
HPod_360,4,4_little birds_horses_horse_poor parish,1.0
HPod_362,6,6_village_skirt_autumn_bread,0.52715564
HPod_365,0,0_spirit_flowers_maiden_wind,0.0
HPod_366,6,6_village_skirt_autumn_bread,0.63524735
HPod_367,6,6_village_skirt_autumn_bread,1.0
HPod_370,0,0_spirit_flowers_maiden_wind,0.0
HPod_371,8,8_bride_wedding_maidens_marriage,1.0
HPod_372,0,0_spirit_flowers_maiden_wind,0.0
HPod_373,0,0_spirit_flowers_maiden_wind,0.0
HPod_374,8,8_bride_wedding_maidens_marriage,1.0
HPod_375,0,0_spirit_flowers_maiden_wind,0.0
HPod_376,6,6_village_skirt_autumn_bread,1.0
HPod_377,6,6_village_skirt_autumn_bread,1.0
HPod_379,0,0_spirit_flowers_maiden_wind,0.0
HPod_380,6,6_village_skirt_autumn_bread,1.0
HPod_381,0,0_spirit_flowers_maiden_wind,0.0
HPod_382,8,8_bride_wedding_maidens_marriage,1.0
HPod_383,6,6_village_skirt_autumn_bread,1.0
HPod_384,0,0_spirit_flowers_maiden_wind,0.0
HPod_385,6,6_village_skirt_autumn_bread,1.0
HPod_386,6,6_village_skirt_autumn_bread,1.0
HPod_388,8,8_bride_wedding_maidens_marriage,1.0
HPod_389,0,0_spirit_flowers_maiden_wind,0.0
HPod_390,0,0_spirit_flowers_maiden_wind,0.0
HPod_391,0,0_spirit_flowers_maiden_wind,0.0
HPod_392,0,0_spirit_flowers_maiden_wind,0.0
HPod_394,3,3_servant_servants_piet_dip,1.0
HPod_396,8,8_bride_wedding_maidens_marriage,1.0
HPod_400,7,7_tended herd_servant_plow_shepherd,1.0
HPod_401,5,5_hwanghae_flowers_river_bloom flowers,1.0
HPod_402,0,0_spirit_flowers_maiden_wind,0.0
HPod_403,8,8_bride_wedding_maidens_marriage,1.0
HPod_404,0,0_spirit_flowers_maiden_wind,0.0
HPod_405,6,6_village_skirt_autumn_bread,1.0
HPod_409,8,8_bride_wedding_maidens_marriage,0.69173086
HPod_410,8,8_bride_wedding_maidens_marriage,0.5522059
HPod_411,8,8_bride_wedding_maidens_marriage,1.0
HPod_413,0,0_spirit_flowers_maiden_wind,0.0
HPod_415,0,0_spirit_flowers_maiden_wind,0.0
HPod_416,7,7_tended herd_servant_plow_shepherd,1.0
HPod_417,7,7_tended herd_servant_plow_shepherd,1.0
HPod_419,6,6_village_skirt_autumn_bread,0.74240535
HPod_421,0,0_spirit_flowers_maiden_wind,0.0
HPod_423,0,0_spirit_flowers_maiden_wind,0.0
HPod_424,0,0_spirit_flowers_maiden_wind,0.0
HPod_426,0,0_spirit_flowers_maiden_wind,0.0
HPod_427,0,0_spirit_flowers_maiden_wind,0.0
HPod_429,0,0_spirit_flowers_maiden_wind,0.0
HPod_430,0,0_spirit_flowers_maiden_wind,0.0
HPod_433,7,7_tended herd_servant_plow_shepherd,1.0
HPod_434,0,0_spirit_flowers_maiden_wind,0.0
HPod_436,6,6_village_skirt_autumn_bread,0.6711052
HPod_438,6,6_village_skirt_autumn_bread,1.0
HPod_439,6,6_village_skirt_autumn_bread,1.0
HPod_440,0,0_spirit_flowers_maiden_wind,0.0
HPod_442,6,6_village_skirt_autumn_bread,0.77935106
HPod_444,0,0_spirit_flowers_maiden_wind,0.0
HPod_445,6,6_village_skirt_autumn_bread,1.0
HPod_446,6,6_village_skirt_autumn_bread,1.0
HPod_448,6,6_village_skirt_autumn_bread,1.0
HPod_450,6,6_village_skirt_autumn_bread,1.0
HPod_453,6,6_village_skirt_autumn_bread,0.60183334
HPod_454,0,0_spirit_flowers_maiden_wind,0.0
HPod_455,0,0_spirit_flowers_maiden_wind,0.0
HPod_462,0,0_spirit_flowers_maiden_wind,0.0
HPod_463,0,0_spirit_flowers_maiden_wind,0.0
HPod_464,6,6_village_skirt_autumn_bread,1.0
HPod_465,6,6_village_skirt_autumn_bread,1.0
HPod_466,0,0_spirit_flowers_maiden_wind,0.0
HPod_467,0,0_spirit_flowers_maiden_wind,0.0
HPod_469,0,0_spirit_flowers_maiden_wind,0.0
HPod_470,0,0_spirit_flowers_maiden_wind,0.0
HPod_471,6,6_village_skirt_autumn_bread,1.0
HPod_472,6,6_village_skirt_autumn_bread,1.0
HPod_475,6,6_village_skirt_autumn_bread,1.0
HPod_476,0,0_spirit_flowers_maiden_wind,0.0
HPod_477,7,7_tended herd_servant_plow_shepherd,0.9229358
HPod_478,8,8_bride_wedding_maidens_marriage,1.0
HPod_480,0,0_spirit_flowers_maiden_wind,0.0
HPod_481,0,0_spirit_flowers_maiden_wind,0.0
HPod_482,0,0_spirit_flowers_maiden_wind,0.0
HPod_483,6,6_village_skirt_autumn_bread,0.6370645
HPod_484,0,0_spirit_flowers_maiden_wind,0.0
HPod_485,0,0_spirit_flowers_maiden_wind,0.0
HPod_486,0,0_spirit_flowers_maiden_wind,0.0
HPod_487,6,6_village_skirt_autumn_bread,1.0
HPod_488,6,6_village_skirt_autumn_bread,1.0
HPod_489,0,0_spirit_flowers_maiden_wind,0.0
HPod_490,0,0_spirit_flowers_maiden_wind,0.0
HPod_491,0,0_spirit_flowers_maiden_wind,0.0
HPod_493,0,0_spirit_flowers_maiden_wind,0.0
HPod_494,6,6_village_skirt_autumn_bread,1.0
HPod_497,6,6_village_skirt_autumn_bread,1.0
HPod_498,6,6_village_skirt_autumn_bread,0.6797959
HPod_500,0,0_spirit_flowers_maiden_wind,0.0
HPod_501,0,0_spirit_flowers_maiden_wind,0.0
HPod_502,6,6_village_skirt_autumn_bread,1.0
HPod_506,0,0_spirit_flowers_maiden_wind,0.0
HPod_508,0,0_spirit_flowers_maiden_wind,0.0
HPod_509,0,0_spirit_flowers_maiden_wind,0.0
HPod_511,0,0_spirit_flowers_maiden_wind,0.0
HPod_512,7,7_tended herd_servant_plow_shepherd,0.7646573
HPod_514,6,6_village_skirt_autumn_bread,0.6515078
HPod_516,6,6_village_skirt_autumn_bread,1.0
HPod_517,8,8_bride_wedding_maidens_marriage,1.0
HPod_518,0,0_spirit_flowers_maiden_wind,0.0
HPod_519,0,0_spirit_flowers_maiden_wind,0.0
HPod_523,0,0_spirit_flowers_maiden_wind,0.0
HPod_524,6,6_village_skirt_autumn_bread,1.0
HPod_526,0,0_spirit_flowers_maiden_wind,0.0
HPod_527,0,0_spirit_flowers_maiden_wind,0.0
HPod_528,0,0_spirit_flowers_maiden_wind,0.0
HPod_529,0,0_spirit_flowers_maiden_wind,0.0
HPod_530,0,0_spirit_flowers_maiden_wind,0.0
HPod_532,0,0_spirit_flowers_maiden_wind,0.0
HPod_533,0,0_spirit_flowers_maiden_wind,0.0
HPod_536,0,0_spirit_flowers_maiden_wind,0.0
HPod_537,0,0_spirit_flowers_maiden_wind,0.0
HPod_538,0,0_spirit_flowers_maiden_wind,0.0
HPod_539,0,0_spirit_flowers_maiden_wind,0.0
HPod_541,8,8_bride_wedding_maidens_marriage,1.0
HPod_542,0,0_spirit_flowers_maiden_wind,0.0
HPod_543,6,6_village_skirt_autumn_bread,0.7489488
HPod_544,3,3_servant_servants_piet_dip,0.77512544
HPod_545,8,8_bride_wedding_maidens_marriage,0.6027639
HPod_547,0,0_spirit_flowers_maiden_wind,0.0
HPod_548,0,0_spirit_flowers_maiden_wind,0.0
HPod_550,0,0_spirit_flowers_maiden_wind,0.0
HPod_553,0,0_spirit_flowers_maiden_wind,0.0
HPod_555,0,0_spirit_flowers_maiden_wind,0.0
HPod_557,0,0_spirit_flowers_maiden_wind,0.0
HPod_558,0,0_spirit_flowers_maiden_wind,0.0
HPod_559,7,7_tended herd_servant_plow_shepherd,0.6971939
HPod_560,6,6_village_skirt_autumn_bread,1.0
HPod_561,0,0_spirit_flowers_maiden_wind,0.0
HPod_562,6,6_village_skirt_autumn_bread,0.6666492
HPod_563,0,0_spirit_flowers_maiden_wind,0.0
HPod_564,6,6_village_skirt_autumn_bread,1.0
HPod_565,6,6_village_skirt_autumn_bread,0.5190076
HPod_566,0,0_spirit_flowers_maiden_wind,0.0
HPod_567,0,0_spirit_flowers_maiden_wind,0.0
HPod_569,0,0_spirit_flowers_maiden_wind,0.0
HPod_570,6,6_village_skirt_autumn_bread,1.0
HPod_572,6,6_village_skirt_autumn_bread,1.0
HPod_573,0,0_spirit_flowers_maiden_wind,0.0
HPod_575,0,0_spirit_flowers_maiden_wind,0.0
HPod_577,0,0_spirit_flowers_maiden_wind,0.0
HPod_578,0,0_spirit_flowers_maiden_wind,0.0
HPod_579,0,0_spirit_flowers_maiden_wind,0.0
HPod_581,0,0_spirit_flowers_maiden_wind,0.0
HPod_582,0,0_spirit_flowers_maiden_wind,0.0
HPod_583,6,6_village_skirt_autumn_bread,1.0
HPod_584,8,8_bride_wedding_maidens_marriage,1.0
HPod_586,0,0_spirit_flowers_maiden_wind,0.0
HPod_587,0,0_spirit_flowers_maiden_wind,0.0
HPod_588,0,0_spirit_flowers_maiden_wind,0.0
HPod_590,0,0_spirit_flowers_maiden_wind,0.0
HPod_591,6,6_village_skirt_autumn_bread,1.0
HPod_592,0,0_spirit_flowers_maiden_wind,0.0
HPod_595,0,0_spirit_flowers_maiden_wind,0.0
HPod_596,0,0_spirit_flowers_maiden_wind,0.0
HPod_601,0,0_spirit_flowers_maiden_wind,0.0
HPod_602,0,0_spirit_flowers_maiden_wind,0.0
HPod_604,0,0_spirit_flowers_maiden_wind,0.0
HPod_605,6,6_village_skirt_autumn_bread,1.0
HPod_606,3,3_servant_servants_piet_dip,1.0
HPod_607,0,0_spirit_flowers_maiden_wind,0.0
HPod_608,0,0_spirit_flowers_maiden_wind,0.0
HPod_609,0,0_spirit_flowers_maiden_wind,0.0
HPod_613,0,0_spirit_flowers_maiden_wind,0.0
HPod_615,0,0_spirit_flowers_maiden_wind,0.0
HPod_618,0,0_spirit_flowers_maiden_wind,0.0
HPod_619,0,0_spirit_flowers_maiden_wind,0.0
HPod_620,0,0_spirit_flowers_maiden_wind,0.0
HPod_621,3,3_servant_servants_piet_dip,0.8845955
HPod_622,6,6_village_skirt_autumn_bread,1.0
HPod_625,0,0_spirit_flowers_maiden_wind,0.0
HPod_627,0,0_spirit_flowers_maiden_wind,0.0
HPod_628,0,0_spirit_flowers_maiden_wind,0.0
HPod_631,8,8_bride_wedding_maidens_marriage,0.54021823
HPod_632,6,6_village_skirt_autumn_bread,1.0
HPod_635,7,7_tended herd_servant_plow_shepherd,0.69000244
HPod_636,0,0_spirit_flowers_maiden_wind,0.0
HPod_639,0,0_spirit_flowers_maiden_wind,0.0
HPod_640,0,0_spirit_flowers_maiden_wind,0.0
HPod_641,6,6_village_skirt_autumn_bread,1.0
HPod_644,6,6_village_skirt_autumn_bread,1.0
HPod_645,0,0_spirit_flowers_maiden_wind,0.0
HPod_648,0,0_spirit_flowers_maiden_wind,0.0
HPod_649,0,0_spirit_flowers_maiden_wind,0.0
HPod_650,0,0_spirit_flowers_maiden_wind,0.0
HPod_651,0,0_spirit_flowers_maiden_wind,0.0
HPod_653,0,0_spirit_flowers_maiden_wind,0.0
HPod_654,4,4_little birds_horses_horse_poor parish,1.0
HPod_655,0,0_spirit_flowers_maiden_wind,0.0
HPod_656,0,0_spirit_flowers_maiden_wind,0.0
HPod_657,6,6_village_skirt_autumn_bread,1.0
HPod_658,0,0_spirit_flowers_maiden_wind,0.0
HPod_659,0,0_spirit_flowers_maiden_wind,0.0
HPod_660,3,3_servant_servants_piet_dip,0.6026401
HPod_661,0,0_spirit_flowers_maiden_wind,0.0
HPod_663,0,0_spirit_flowers_maiden_wind,0.0
HPod_664,7,7_tended herd_servant_plow_shepherd,0.89390093
HPod_665,0,0_spirit_flowers_maiden_wind,0.0
HPod_667,0,0_spirit_flowers_maiden_wind,0.0
HPod_668,6,6_village_skirt_autumn_bread,1.0
HPod_669,6,6_village_skirt_autumn_bread,1.0
HPod_670,6,6_village_skirt_autumn_bread,1.0
HPod_671,0,0_spirit_flowers_maiden_wind,0.0
HPod_673,0,0_spirit_flowers_maiden_wind,0.0
HPod_674,7,7_tended herd_servant_plow_shepherd,1.0
HPod_675,0,0_spirit_flowers_maiden_wind,0.0
HPod_677,0,0_spirit_flowers_maiden_wind,0.0
HPod_679,7,7_tended herd_servant_plow_shepherd,0.67106164
HPod_680,7,7_tended herd_servant_plow_shepherd,1.0
HPod_681,0,0_spirit_flowers_maiden_wind,0.0
HPod_683,6,6_village_skirt_autumn_bread,0.5219506
HPod_684,7,7_tended herd_servant_plow_shepherd,1.0
HPod_685,6,6_village_skirt_autumn_bread,1.0
HPod_686,6,6_village_skirt_autumn_bread,1.0
HPod_687,8,8_bride_wedding_maidens_marriage,1.0
HPod_688,0,0_spirit_flowers_maiden_wind,0.0
HPod_690,6,6_village_skirt_autumn_bread,1.0
HPod_691,0,0_spirit_flowers_maiden_wind,0.0
HPod_692,8,8_bride_wedding_maidens_marriage,0.6955081
HPod_693,0,0_spirit_flowers_maiden_wind,0.0
HPod_694,0,0_spirit_flowers_maiden_wind,0.0
HPod_695,8,8_bride_wedding_maidens_marriage,1.0
HPod_696,0,0_spirit_flowers_maiden_wind,0.0
HPod_697,0,0_spirit_flowers_maiden_wind,0.0
HPod_698,0,0_spirit_flowers_maiden_wind,0.0
HPod_700,0,0_spirit_flowers_maiden_wind,0.0
HPra_1,6,6_village_skirt_autumn_bread,1.0
HPra_2,8,8_bride_wedding_maidens_marriage,0.75488126
HPra_4,8,8_bride_wedding_maidens_marriage,0.5563162
HPra_5,0,0_spirit_flowers_maiden_wind,0.0
HPra_6,0,0_spirit_flowers_maiden_wind,0.0
HPra_7,0,0_spirit_flowers_maiden_wind,0.0
HPra_8,0,0_spirit_flowers_maiden_wind,0.0
HPra_10,5,5_hwanghae_flowers_river_bloom flowers,1.0
HPra_11,6,6_village_skirt_autumn_bread,0.58109564
HPra_14,0,0_spirit_flowers_maiden_wind,0.0
HPra_16,6,6_village_skirt_autumn_bread,1.0
HPra_17,4,4_little birds_horses_horse_poor parish,0.48523372
HPra_18,0,0_spirit_flowers_maiden_wind,0.0
HPra_19,6,6_village_skirt_autumn_bread,0.7673295
HPra_20,0,0_spirit_flowers_maiden_wind,0.0
HPra_23,6,6_village_skirt_autumn_bread,1.0
HPra_25,6,6_village_skirt_autumn_bread,0.76698303
HPra_26,7,7_tended herd_servant_plow_shepherd,1.0
HPra_27,6,6_village_skirt_autumn_bread,0.8831281
HPra_28,8,8_bride_wedding_maidens_marriage,1.0
HPra_29,6,6_village_skirt_autumn_bread,1.0
HPra_30,0,0_spirit_flowers_maiden_wind,0.0
HPra_32,6,6_village_skirt_autumn_bread,1.0
HPra_33,8,8_bride_wedding_maidens_marriage,0.38457006
HPra_34,8,8_bride_wedding_maidens_marriage,0.7514538
HPra_35,0,0_spirit_flowers_maiden_wind,0.0
HPra_36,5,5_hwanghae_flowers_river_bloom flowers,1.0
HPra_37,0,0_spirit_flowers_maiden_wind,0.0
HPra_38,7,7_tended herd_servant_plow_shepherd,1.0
HPra_39,0,0_spirit_flowers_maiden_wind,0.0
HPra_40,4,4_little birds_horses_horse_poor parish,1.0
HPra_41,0,0_spirit_flowers_maiden_wind,0.0
HPra_42,6,6_village_skirt_autumn_bread,1.0
HPra_43,6,6_village_skirt_autumn_bread,0.5023529
HPra_44,0,0_spirit_flowers_maiden_wind,0.0
HPra_45,0,0_spirit_flowers_maiden_wind,0.0
HPra_46,0,0_spirit_flowers_maiden_wind,0.0
HPra_47,0,0_spirit_flowers_maiden_wind,0.0
HPra_48,0,0_spirit_flowers_maiden_wind,0.0
HPra_49,6,6_village_skirt_autumn_bread,1.0
HPra_50,0,0_spirit_flowers_maiden_wind,0.0
HPra_51,0,0_spirit_flowers_maiden_wind,0.0
HPra_53,5,5_hwanghae_flowers_river_bloom flowers,0.62836313
HPra_54,8,8_bride_wedding_maidens_marriage,1.0
HPra_55,0,0_spirit_flowers_maiden_wind,0.0
HPra_56,6,6_village_skirt_autumn_bread,1.0
HPra_61,6,6_village_skirt_autumn_bread,1.0
HPra_65,6,6_village_skirt_autumn_bread,1.0
HPra_67,7,7_tended herd_servant_plow_shepherd,0.5030763
HPra_68,0,0_spirit_flowers_maiden_wind,0.0
HPra_69,0,0_spirit_flowers_maiden_wind,0.0
HPra_70,0,0_spirit_flowers_maiden_wind,0.0
HPra_71,7,7_tended herd_servant_plow_shepherd,1.0
HPra_72,6,6_village_skirt_autumn_bread,1.0
HPra_73,0,0_spirit_flowers_maiden_wind,0.0
HPra_75,0,0_spirit_flowers_maiden_wind,0.0
HPra_76,8,8_bride_wedding_maidens_marriage,1.0
HPra_77,0,0_spirit_flowers_maiden_wind,0.0
HPra_78,8,8_bride_wedding_maidens_marriage,1.0
HPra_79,0,0_spirit_flowers_maiden_wind,0.0
HPra_80,0,0_spirit_flowers_maiden_wind,0.0
HPra_81,0,0_spirit_flowers_maiden_wind,0.0
HPra_82,8,8_bride_wedding_maidens_marriage,1.0
HPra_83,3,3_servant_servants_piet_dip,1.0
HPra_84,0,0_spirit_flowers_maiden_wind,0.0
HPra_85,4,4_little birds_horses_horse_poor parish,1.0
HPra_88,0,0_spirit_flowers_maiden_wind,0.0
HPra_89,0,0_spirit_flowers_maiden_wind,0.0
HPra_91,6,6_village_skirt_autumn_bread,0.72040707
HPra_92,8,8_bride_wedding_maidens_marriage,1.0
HPra_93,0,0_spirit_flowers_maiden_wind,0.0
HPra_95,6,6_village_skirt_autumn_bread,0.8239967
HPra_96,8,8_bride_wedding_maidens_marriage,0.62921625
HPra_97,0,0_spirit_flowers_maiden_wind,0.0
HPra_98,0,0_spirit_flowers_maiden_wind,0.0
HPra_99,0,0_spirit_flowers_maiden_wind,0.0
HPra_100,8,8_bride_wedding_maidens_marriage,1.0
HPra_101,8,8_bride_wedding_maidens_marriage,1.0
HPra_103,0,0_spirit_flowers_maiden_wind,0.0
HPra_104,0,0_spirit_flowers_maiden_wind,0.0
HPra_105,6,6_village_skirt_autumn_bread,0.89669293
HPra_106,6,6_village_skirt_autumn_bread,1.0
HPra_108,8,8_bride_wedding_maidens_marriage,1.0
HPra_109,0,0_spirit_flowers_maiden_wind,0.0
HPra_110,0,0_spirit_flowers_maiden_wind,0.0
HPra_111,7,7_tended herd_servant_plow_shepherd,0.818634
HPra_112,0,0_spirit_flowers_maiden_wind,0.0
HPra_114,0,0_spirit_flowers_maiden_wind,0.0
HPra_115,0,0_spirit_flowers_maiden_wind,0.0
HPra_116,5,5_hwanghae_flowers_river_bloom flowers,1.0
HPra_117,6,6_village_skirt_autumn_bread,0.60371983
HPra_118,8,8_bride_wedding_maidens_marriage,1.0
HPra_122,8,8_bride_wedding_maidens_marriage,1.0
HPra_123,6,6_village_skirt_autumn_bread,0.6552232
HPra_124,0,0_spirit_flowers_maiden_wind,0.0
HPra_125,0,0_spirit_flowers_maiden_wind,0.0
HPra_127,0,0_spirit_flowers_maiden_wind,0.0
HPra_128,6,6_village_skirt_autumn_bread,0.743135
HPra_130,6,6_village_skirt_autumn_bread,0.82217884
HPra_133,0,0_spirit_flowers_maiden_wind,0.0
HPra_134,3,3_servant_servants_piet_dip,0.44337466
HPra_135,8,8_bride_wedding_maidens_marriage,1.0
HPra_138,6,6_village_skirt_autumn_bread,0.688171
HPra_140,0,0_spirit_flowers_maiden_wind,0.0
HPra_142,6,6_village_skirt_autumn_bread,0.6489678
HPra_143,6,6_village_skirt_autumn_bread,0.55084693
HPra_145,6,6_village_skirt_autumn_bread,1.0
HPra_147,0,0_spirit_flowers_maiden_wind,0.0
HPra_148,0,0_spirit_flowers_maiden_wind,0.0
HPra_149,0,0_spirit_flowers_maiden_wind,0.0
HPra_150,0,0_spirit_flowers_maiden_wind,0.0
HPra_152,8,8_bride_wedding_maidens_marriage,0.7998334
HPra_153,0,0_spirit_flowers_maiden_wind,0.0
HPra_154,6,6_village_skirt_autumn_bread,1.0
HPra_156,6,6_village_skirt_autumn_bread,1.0
HPra_157,0,0_spirit_flowers_maiden_wind,0.0
HPra_158,0,0_spirit_flowers_maiden_wind,0.0
HPra_159,8,8_bride_wedding_maidens_marriage,0.8046325
HPra_160,0,0_spirit_flowers_maiden_wind,0.0
HPra_161,6,6_village_skirt_autumn_bread,1.0
HPra_162,8,8_bride_wedding_maidens_marriage,1.0
HPra_163,0,0_spirit_flowers_maiden_wind,0.0
HPra_164,0,0_spirit_flowers_maiden_wind,0.0
HPra_165,0,0_spirit_flowers_maiden_wind,0.0
HPra_166,0,0_spirit_flowers_maiden_wind,0.0
HPra_167,0,0_spirit_flowers_maiden_wind,0.0
HPra_168,0,0_spirit_flowers_maiden_wind,0.0
HPra_171,0,0_spirit_flowers_maiden_wind,0.0
HPra_172,0,0_spirit_flowers_maiden_wind,0.0
HPra_173,0,0_spirit_flowers_maiden_wind,0.0
HPra_174,0,0_spirit_flowers_maiden_wind,0.0
HPra_176,0,0_spirit_flowers_maiden_wind,0.0
HPra_177,0,0_spirit_flowers_maiden_wind,0.0
HPra_178,0,0_spirit_flowers_maiden_wind,0.0
HPra_179,0,0_spirit_flowers_maiden_wind,0.0
HPra_180,0,0_spirit_flowers_maiden_wind,0.0
HPra_181,0,0_spirit_flowers_maiden_wind,0.0
HPra_182,0,0_spirit_flowers_maiden_wind,0.0
HPra_183,0,0_spirit_flowers_maiden_wind,0.0
HPra_184,6,6_village_skirt_autumn_bread,1.0
HPra_185,0,0_spirit_flowers_maiden_wind,0.0
HPra_186,8,8_bride_wedding_maidens_marriage,0.5504187
HPra_188,7,7_tended herd_servant_plow_shepherd,1.0
HPra_189,6,6_village_skirt_autumn_bread,1.0
HPra_191,0,0_spirit_flowers_maiden_wind,0.0
HPra_192,0,0_spirit_flowers_maiden_wind,0.0
HPra_193,0,0_spirit_flowers_maiden_wind,0.0
HPra_195,0,0_spirit_flowers_maiden_wind,0.0
HPra_196,3,3_servant_servants_piet_dip,1.0
HPra_197,0,0_spirit_flowers_maiden_wind,0.0
HPra_198,3,3_servant_servants_piet_dip,1.0
HPra_200,0,0_spirit_flowers_maiden_wind,0.0
HPra_201,0,0_spirit_flowers_maiden_wind,0.0
HPra_202,0,0_spirit_flowers_maiden_wind,0.0
HPra_203,6,6_village_skirt_autumn_bread,1.0
HPra_205,0,0_spirit_flowers_maiden_wind,0.0
HPra_206,7,7_tended herd_servant_plow_shepherd,1.0
HPra_209,0,0_spirit_flowers_maiden_wind,0.0
HPra_210,6,6_village_skirt_autumn_bread,1.0
HPra_211,0,0_spirit_flowers_maiden_wind,0.0
HPra_212,6,6_village_skirt_autumn_bread,0.5337028
HPra_213,7,7_tended herd_servant_plow_shepherd,1.0
HPra_214,0,0_spirit_flowers_maiden_wind,0.0
HPra_219,0,0_spirit_flowers_maiden_wind,0.0
HPra_220,6,6_village_skirt_autumn_bread,1.0
HPra_222,6,6_village_skirt_autumn_bread,0.9060545
HPra_223,0,0_spirit_flowers_maiden_wind,0.0
HPra_224,8,8_bride_wedding_maidens_marriage,1.0
HPra_225,6,6_village_skirt_autumn_bread,1.0
HPra_226,0,0_spirit_flowers_maiden_wind,0.0
HPra_227,6,6_village_skirt_autumn_bread,1.0
HPra_228,0,0_spirit_flowers_maiden_wind,0.0
HPra_232,0,0_spirit_flowers_maiden_wind,0.0
HPra_235,0,0_spirit_flowers_maiden_wind,0.0
HPra_236,0,0_spirit_flowers_maiden_wind,0.0
HPra_237,0,0_spirit_flowers_maiden_wind,0.0
HPra_238,6,6_village_skirt_autumn_bread,1.0
HPra_240,0,0_spirit_flowers_maiden_wind,0.0
HPra_241,0,0_spirit_flowers_maiden_wind,0.0
HPra_242,0,0_spirit_flowers_maiden_wind,0.0
HPra_243,6,6_village_skirt_autumn_bread,1.0
HPra_244,0,0_spirit_flowers_maiden_wind,0.0
HPra_245,0,0_spirit_flowers_maiden_wind,0.0
HPra_247,3,3_servant_servants_piet_dip,1.0
HPra_248,0,0_spirit_flowers_maiden_wind,0.0
HPra_249,0,0_spirit_flowers_maiden_wind,0.0
HPra_251,5,5_hwanghae_flowers_river_bloom flowers,1.0
HPra_253,0,0_spirit_flowers_maiden_wind,0.0
HPra_254,0,0_spirit_flowers_maiden_wind,0.0
HPra_255,0,0_spirit_flowers_maiden_wind,0.0
HPra_257,0,0_spirit_flowers_maiden_wind,0.0
HPra_258,6,6_village_skirt_autumn_bread,1.0
HPra_259,0,0_spirit_flowers_maiden_wind,0.0
HPra_262,0,0_spirit_flowers_maiden_wind,0.0
HPra_263,6,6_village_skirt_autumn_bread,1.0
HPra_264,0,0_spirit_flowers_maiden_wind,0.0
HPra_266,6,6_village_skirt_autumn_bread,1.0
HPra_267,0,0_spirit_flowers_maiden_wind,0.0
HPra_268,6,6_village_skirt_autumn_bread,1.0
HPra_270,0,0_spirit_flowers_maiden_wind,0.0
HPra_271,0,0_spirit_flowers_maiden_wind,0.0
HPra_272,6,6_village_skirt_autumn_bread,1.0
HPra_273,0,0_spirit_flowers_maiden_wind,0.0
HPra_274,0,0_spirit_flowers_maiden_wind,0.0
HPra_275,0,0_spirit_flowers_maiden_wind,0.0
HPra_276,0,0_spirit_flowers_maiden_wind,0.0
HPra_279,8,8_bride_wedding_maidens_marriage,1.0
HPra_280,0,0_spirit_flowers_maiden_wind,0.0
HPra_281,0,0_spirit_flowers_maiden_wind,0.0
HPra_282,7,7_tended herd_servant_plow_shepherd,1.0
HPra_284,0,0_spirit_flowers_maiden_wind,0.0
HPra_286,0,0_spirit_flowers_maiden_wind,0.0
HPra_287,0,0_spirit_flowers_maiden_wind,0.0
HPra_288,0,0_spirit_flowers_maiden_wind,0.0
HPra_289,0,0_spirit_flowers_maiden_wind,0.0
HPra_290,8,8_bride_wedding_maidens_marriage,1.0
HPra_291,6,6_village_skirt_autumn_bread,1.0
HPra_292,0,0_spirit_flowers_maiden_wind,0.0
HPra_294,0,0_spirit_flowers_maiden_wind,0.0
HPra_295,6,6_village_skirt_autumn_bread,1.0
HPra_296,0,0_spirit_flowers_maiden_wind,0.0
HPra_298,6,6_village_skirt_autumn_bread,0.54231775
HPra_299,0,0_spirit_flowers_maiden_wind,0.0
HPra_301,6,6_village_skirt_autumn_bread,1.0
HPra_303,0,0_spirit_flowers_maiden_wind,0.0
HPra_304,8,8_bride_wedding_maidens_marriage,0.76911736
HPra_305,7,7_tended herd_servant_plow_shepherd,1.0
HPra_306,0,0_spirit_flowers_maiden_wind,0.0
HPra_307,7,7_tended herd_servant_plow_shepherd,1.0
HPra_311,6,6_village_skirt_autumn_bread,1.0
HPra_312,0,0_spirit_flowers_maiden_wind,0.0
HPra_316,0,0_spirit_flowers_maiden_wind,0.0
HPra_320,0,0_spirit_flowers_maiden_wind,0.0
HPra_321,0,0_spirit_flowers_maiden_wind,0.0
HPra_322,0,0_spirit_flowers_maiden_wind,0.0
HPra_323,5,5_hwanghae_flowers_river_bloom flowers,1.0
HPra_324,0,0_spirit_flowers_maiden_wind,0.0
HPra_325,0,0_spirit_flowers_maiden_wind,0.0
HPra_326,5,5_hwanghae_flowers_river_bloom flowers,1.0
HPra_327,0,0_spirit_flowers_maiden_wind,0.0
HPra_328,6,6_village_skirt_autumn_bread,1.0
HPra_329,0,0_spirit_flowers_maiden_wind,0.0
HPra_330,0,0_spirit_flowers_maiden_wind,0.0
HPra_331,0,0_spirit_flowers_maiden_wind,0.0
HPra_332,6,6_village_skirt_autumn_bread,1.0
HPra_333,3,3_servant_servants_piet_dip,1.0
HPra_336,0,0_spirit_flowers_maiden_wind,0.0
HPra_338,6,6_village_skirt_autumn_bread,0.62644404
HPra_339,6,6_village_skirt_autumn_bread,0.7086761
HPra_340,3,3_servant_servants_piet_dip,0.81982595
HPra_341,0,0_spirit_flowers_maiden_wind,0.0
HPra_342,6,6_village_skirt_autumn_bread,0.5491961
HPra_343,6,6_village_skirt_autumn_bread,0.9790517
HPra_344,6,6_village_skirt_autumn_bread,1.0
HPra_347,0,0_spirit_flowers_maiden_wind,0.0
HPra_348,6,6_village_skirt_autumn_bread,1.0
HPra_350,0,0_spirit_flowers_maiden_wind,0.0
HPra_355,0,0_spirit_flowers_maiden_wind,0.0
HPra_356,0,0_spirit_flowers_maiden_wind,0.0
HPra_357,0,0_spirit_flowers_maiden_wind,0.0
HPra_359,0,0_spirit_flowers_maiden_wind,0.0
HPra_360,6,6_village_skirt_autumn_bread,1.0
HPra_361,6,6_village_skirt_autumn_bread,1.0
HPra_362,0,0_spirit_flowers_maiden_wind,0.0
HPra_363,0,0_spirit_flowers_maiden_wind,0.0
HPra_365,0,0_spirit_flowers_maiden_wind,0.0
HPra_366,0,0_spirit_flowers_maiden_wind,0.0
HPra_367,0,0_spirit_flowers_maiden_wind,0.0
HPra_368,6,6_village_skirt_autumn_bread,0.634043
HPra_369,0,0_spirit_flowers_maiden_wind,0.0
HPra_370,6,6_village_skirt_autumn_bread,1.0
HPra_372,7,7_tended herd_servant_plow_shepherd,1.0
HPra_373,0,0_spirit_flowers_maiden_wind,0.0
HPra_374,6,6_village_skirt_autumn_bread,1.0
HPra_375,5,5_hwanghae_flowers_river_bloom flowers,1.0
HPra_376,0,0_spirit_flowers_maiden_wind,0.0
HPra_377,0,0_spirit_flowers_maiden_wind,0.0
HPra_379,0,0_spirit_flowers_maiden_wind,0.0
HPra_380,0,0_spirit_flowers_maiden_wind,0.0
HPra_381,0,0_spirit_flowers_maiden_wind,0.0
HPra_382,0,0_spirit_flowers_maiden_wind,0.0
HPra_384,0,0_spirit_flowers_maiden_wind,0.0
HPra_385,8,8_bride_wedding_maidens_marriage,1.0
HPra_386,8,8_bride_wedding_maidens_marriage,1.0
HPra_388,8,8_bride_wedding_maidens_marriage,1.0
HPra_389,0,0_spirit_flowers_maiden_wind,0.0
HPra_390,8,8_bride_wedding_maidens_marriage,1.0
HPra_392,8,8_bride_wedding_maidens_marriage,0.8095999
HPra_393,8,8_bride_wedding_maidens_marriage,0.7277527
HPra_394,6,6_village_skirt_autumn_bread,1.0
HPra_395,0,0_spirit_flowers_maiden_wind,0.0
HPra_398,6,6_village_skirt_autumn_bread,1.0
HPra_399,0,0_spirit_flowers_maiden_wind,0.0
HPra_400,6,6_village_skirt_autumn_bread,1.0
HPra_402,0,0_spirit_flowers_maiden_wind,0.0
HPra_403,7,7_tended herd_servant_plow_shepherd,1.0
HPra_404,7,7_tended herd_servant_plow_shepherd,1.0
HPra_405,0,0_spirit_flowers_maiden_wind,0.0
HPra_406,6,6_village_skirt_autumn_bread,1.0
HPra_408,3,3_servant_servants_piet_dip,0.6630759
HPra_409,0,0_spirit_flowers_maiden_wind,0.0
HPra_410,8,8_bride_wedding_maidens_marriage,1.0
HPra_411,8,8_bride_wedding_maidens_marriage,0.5874141
HPra_412,0,0_spirit_flowers_maiden_wind,0.0
HPra_413,0,0_spirit_flowers_maiden_wind,0.0
HPra_414,6,6_village_skirt_autumn_bread,1.0
HPra_415,7,7_tended herd_servant_plow_shepherd,1.0
HPra_416,4,4_little birds_horses_horse_poor parish,1.0
HPra_417,8,8_bride_wedding_maidens_marriage,1.0
HPra_418,0,0_spirit_flowers_maiden_wind,0.0
HPra_419,6,6_village_skirt_autumn_bread,0.6660239
HPra_420,0,0_spirit_flowers_maiden_wind,0.0
HPra_421,0,0_spirit_flowers_maiden_wind,0.0
HPra_422,0,0_spirit_flowers_maiden_wind,0.0
HPra_423,5,5_hwanghae_flowers_river_bloom flowers,1.0
HPra_424,0,0_spirit_flowers_maiden_wind,0.0
HPra_425,6,6_village_skirt_autumn_bread,1.0
HPra_426,0,0_spirit_flowers_maiden_wind,0.0
HPra_427,7,7_tended herd_servant_plow_shepherd,1.0
HPra_428,0,0_spirit_flowers_maiden_wind,0.0
HPra_429,8,8_bride_wedding_maidens_marriage,0.6632299
HPra_430,6,6_village_skirt_autumn_bread,0.6639618
HPra_431,8,8_bride_wedding_maidens_marriage,1.0
HPra_432,8,8_bride_wedding_maidens_marriage,1.0
HPra_433,6,6_village_skirt_autumn_bread,1.0
HPra_434,0,0_spirit_flowers_maiden_wind,0.0
HPra_435,6,6_village_skirt_autumn_bread,0.50658935
HPra_437,0,0_spirit_flowers_maiden_wind,0.0
HPra_441,0,0_spirit_flowers_maiden_wind,0.0
HPra_443,0,0_spirit_flowers_maiden_wind,0.0
HPra_444,8,8_bride_wedding_maidens_marriage,1.0
HPra_445,0,0_spirit_flowers_maiden_wind,0.0
HPra_448,8,8_bride_wedding_maidens_marriage,0.39887157
HPra_449,0,0_spirit_flowers_maiden_wind,0.0
HPra_450,6,6_village_skirt_autumn_bread,1.0
HPra_451,6,6_village_skirt_autumn_bread,1.0
HPra_453,0,0_spirit_flowers_maiden_wind,0.0
HPra_454,8,8_bride_wedding_maidens_marriage,1.0
HPra_455,0,0_spirit_flowers_maiden_wind,0.0
HPra_456,0,0_spirit_flowers_maiden_wind,0.0
HPra_458,7,7_tended herd_servant_plow_shepherd,1.0
HPra_460,0,0_spirit_flowers_maiden_wind,0.0
HPra_461,6,6_village_skirt_autumn_bread,1.0
HPra_462,8,8_bride_wedding_maidens_marriage,0.7188039
HPra_463,0,0_spirit_flowers_maiden_wind,0.0
HPra_465,6,6_village_skirt_autumn_bread,0.8028277
HPra_467,0,0_spirit_flowers_maiden_wind,0.0
HPra_468,0,0_spirit_flowers_maiden_wind,0.0
HPra_469,6,6_village_skirt_autumn_bread,1.0
HPra_471,0,0_spirit_flowers_maiden_wind,0.0
HPra_479,6,6_village_skirt_autumn_bread,1.0
HPra_482,0,0_spirit_flowers_maiden_wind,0.0
HPra_483,0,0_spirit_flowers_maiden_wind,0.0
HPra_484,0,0_spirit_flowers_maiden_wind,0.0
HPra_485,0,0_spirit_flowers_maiden_wind,0.0
HPra_486,6,6_village_skirt_autumn_bread,1.0
HPra_488,0,0_spirit_flowers_maiden_wind,0.0
HPra_560,8,8_bride_wedding_maidens_marriage,1.0
HPra_564,8,8_bride_wedding_maidens_marriage,0.5604053
HPra_566,0,0_spirit_flowers_maiden_wind,0.0
HPra_567,0,0_spirit_flowers_maiden_wind,0.0
HPra_568,0,0_spirit_flowers_maiden_wind,0.0
HPra_569,0,0_spirit_flowers_maiden_wind,0.0
HPra_570,0,0_spirit_flowers_maiden_wind,0.0
HPra_571,0,0_spirit_flowers_maiden_wind,0.0
HPra_572,8,8_bride_wedding_maidens_marriage,1.0
HPra_573,7,7_tended herd_servant_plow_shepherd,1.0
HPra_576,0,0_spirit_flowers_maiden_wind,0.0
HPra_577,0,0_spirit_flowers_maiden_wind,0.0
HPra_578,8,8_bride_wedding_maidens_marriage,0.4654137
HPra_579,0,0_spirit_flowers_maiden_wind,0.0
HPra_580,6,6_village_skirt_autumn_bread,0.6049253
HPra_581,6,6_village_skirt_autumn_bread,1.0
HPra_582,0,0_spirit_flowers_maiden_wind,0.0
HPra_583,0,0_spirit_flowers_maiden_wind,0.0
HPra_586,0,0_spirit_flowers_maiden_wind,0.0
HPra_588,0,0_spirit_flowers_maiden_wind,0.0
HPra_589,0,0_spirit_flowers_maiden_wind,0.0
HPra_591,0,0_spirit_flowers_maiden_wind,0.0
HPra_592,0,0_spirit_flowers_maiden_wind,0.0
HPra_593,0,0_spirit_flowers_maiden_wind,0.0
HPra_596,8,8_bride_wedding_maidens_marriage,1.0
HPra_597,8,8_bride_wedding_maidens_marriage,1.0
HPra_598,8,8_bride_wedding_maidens_marriage,0.73321116
HPra_601,0,0_spirit_flowers_maiden_wind,0.0
HPra_602,6,6_village_skirt_autumn_bread,1.0
HPra_603,0,0_spirit_flowers_maiden_wind,0.0
HPra_605,0,0_spirit_flowers_maiden_wind,0.0
HPra_606,0,0_spirit_flowers_maiden_wind,0.0
HPra_608,0,0_spirit_flowers_maiden_wind,0.0
HPra_609,0,0_spirit_flowers_maiden_wind,0.0
HPra_610,6,6_village_skirt_autumn_bread,1.0
HPra_611,6,6_village_skirt_autumn_bread,1.0
HPra_612,0,0_spirit_flowers_maiden_wind,0.0
HPra_613,6,6_village_skirt_autumn_bread,1.0
HPra_614,0,0_spirit_flowers_maiden_wind,0.0
HPra_616,5,5_hwanghae_flowers_river_bloom flowers,1.0
HPra_617,6,6_village_skirt_autumn_bread,1.0
HPra_618,0,0_spirit_flowers_maiden_wind,0.0
HPra_619,0,0_spirit_flowers_maiden_wind,0.0
HPra_620,6,6_village_skirt_autumn_bread,1.0
HPra_622,0,0_spirit_flowers_maiden_wind,0.0
HPra_624,6,6_village_skirt_autumn_bread,1.0
HPra_625,0,0_spirit_flowers_maiden_wind,0.0
HPra_626,6,6_village_skirt_autumn_bread,1.0
HPra_627,0,0_spirit_flowers_maiden_wind,0.0
HPra_628,6,6_village_skirt_autumn_bread,1.0
HPra_629,6,6_village_skirt_autumn_bread,1.0
HPra_630,6,6_village_skirt_autumn_bread,0.795225
HPra_631,6,6_village_skirt_autumn_bread,1.0
HPra_633,6,6_village_skirt_autumn_bread,1.0
HPra_634,0,0_spirit_flowers_maiden_wind,0.0
HPra_635,0,0_spirit_flowers_maiden_wind,0.0
HPra_636,6,6_village_skirt_autumn_bread,0.7025581
Erb_1,0,0_spirit_flowers_maiden_wind,0.0
Erb_2,0,0_spirit_flowers_maiden_wind,0.0
Erb_3,0,0_spirit_flowers_maiden_wind,0.0
Erb_4,0,0_spirit_flowers_maiden_wind,0.0
Erb_5,0,0_spirit_flowers_maiden_wind,0.0
Erb_6,0,0_spirit_flowers_maiden_wind,0.0
Erb_8,0,0_spirit_flowers_maiden_wind,0.0
Erb_10,0,0_spirit_flowers_maiden_wind,0.0
Erb_11,3,3_servant_servants_piet_dip,1.0
Erb_12,0,0_spirit_flowers_maiden_wind,0.0
Erb_13,0,0_spirit_flowers_maiden_wind,0.0
Erb_14,7,7_tended herd_servant_plow_shepherd,1.0
Erb_15,0,0_spirit_flowers_maiden_wind,0.0
Erb_16,6,6_village_skirt_autumn_bread,0.5030113
Erb_17,7,7_tended herd_servant_plow_shepherd,1.0
Erb_19,0,0_spirit_flowers_maiden_wind,0.0
Erb_21,0,0_spirit_flowers_maiden_wind,0.0
Erb_22,3,3_servant_servants_piet_dip,1.0
Erb_23,3,3_servant_servants_piet_dip,1.0
Erb_24,0,0_spirit_flowers_maiden_wind,0.0
Erb_25,0,0_spirit_flowers_maiden_wind,0.0
Erb_26,0,0_spirit_flowers_maiden_wind,0.0
Erb_27,0,0_spirit_flowers_maiden_wind,0.0
Erb_28,0,0_spirit_flowers_maiden_wind,0.0
Erb_29,3,3_servant_servants_piet_dip,1.0
Erb_30,6,6_village_skirt_autumn_bread,0.67786264
Erb_31,0,0_spirit_flowers_maiden_wind,0.0
Erb_32,0,0_spirit_flowers_maiden_wind,0.0
Erb_34,0,0_spirit_flowers_maiden_wind,0.0
Erb_35,0,0_spirit_flowers_maiden_wind,0.0
Erb_36,0,0_spirit_flowers_maiden_wind,0.0
Erb_37,0,0_spirit_flowers_maiden_wind,0.0
Erb_66,0,0_spirit_flowers_maiden_wind,0.0
Erb_67,8,8_bride_wedding_maidens_marriage,1.0
Erb_68,0,0_spirit_flowers_maiden_wind,0.0
Erb_69,0,0_spirit_flowers_maiden_wind,0.0
Erb_70,0,0_spirit_flowers_maiden_wind,0.0
Erb_71,0,0_spirit_flowers_maiden_wind,0.0
Erb_72,0,0_spirit_flowers_maiden_wind,0.0
Erb_73,6,6_village_skirt_autumn_bread,1.0
Erb_74,0,0_spirit_flowers_maiden_wind,0.0
Erb_75,0,0_spirit_flowers_maiden_wind,0.0
Erb_77,0,0_spirit_flowers_maiden_wind,0.0
Erb_78,0,0_spirit_flowers_maiden_wind,0.0
Erb_79,0,0_spirit_flowers_maiden_wind,0.0
Erb_80,0,0_spirit_flowers_maiden_wind,0.0
Erb_81,0,0_spirit_flowers_maiden_wind,0.0
Erb_82,6,6_village_skirt_autumn_bread,1.0
Erb_83,0,0_spirit_flowers_maiden_wind,0.0
Erb_84,3,3_servant_servants_piet_dip,1.0
Erb_85,3,3_servant_servants_piet_dip,0.63800746
Erb_86,0,0_spirit_flowers_maiden_wind,0.0
Erb_87,0,0_spirit_flowers_maiden_wind,0.0
Erb_88,6,6_village_skirt_autumn_bread,1.0
Erb_89,6,6_village_skirt_autumn_bread,0.52474946
Erb_90,0,0_spirit_flowers_maiden_wind,0.0
Erb_91,6,6_village_skirt_autumn_bread,1.0
Erb_92,6,6_village_skirt_autumn_bread,1.0
Erb_93,6,6_village_skirt_autumn_bread,1.0
Erb_94,0,0_spirit_flowers_maiden_wind,0.0
Erb_95,7,7_tended herd_servant_plow_shepherd,1.0
Erb_96,6,6_village_skirt_autumn_bread,0.8267481
Erb_97,0,0_spirit_flowers_maiden_wind,0.0
Erb_98,6,6_village_skirt_autumn_bread,1.0
Erb_99,6,6_village_skirt_autumn_bread,1.0
Erb_100,7,7_tended herd_servant_plow_shepherd,0.42877784
Erb_101,0,0_spirit_flowers_maiden_wind,0.0
Erb_103,6,6_village_skirt_autumn_bread,1.0
Erb_104,7,7_tended herd_servant_plow_shepherd,1.0
Erb_108,6,6_village_skirt_autumn_bread,1.0
Erb_109,0,0_spirit_flowers_maiden_wind,0.0
Erb_112,3,3_servant_servants_piet_dip,0.7921319
Erb_113,0,0_spirit_flowers_maiden_wind,0.0
Erb_114,0,0_spirit_flowers_maiden_wind,0.0
Erb_115,7,7_tended herd_servant_plow_shepherd,1.0
Erb_116,6,6_village_skirt_autumn_bread,1.0
Erb_117,7,7_tended herd_servant_plow_shepherd,1.0
Erb_118,0,0_spirit_flowers_maiden_wind,0.0
Erb_119,0,0_spirit_flowers_maiden_wind,0.0
Erb_120,3,3_servant_servants_piet_dip,1.0
Erb_121,0,0_spirit_flowers_maiden_wind,0.0
Erb_122,0,0_spirit_flowers_maiden_wind,0.0
Erb_123,0,0_spirit_flowers_maiden_wind,0.0
Erb_124,0,0_spirit_flowers_maiden_wind,0.0
Erb_125,0,0_spirit_flowers_maiden_wind,0.0
Erb_127,3,3_servant_servants_piet_dip,1.0
Erb_129,0,0_spirit_flowers_maiden_wind,0.0
Erb_130,8,8_bride_wedding_maidens_marriage,1.0
Erb_131,6,6_village_skirt_autumn_bread,1.0
Erb_133,0,0_spirit_flowers_maiden_wind,0.0
Erb_134,0,0_spirit_flowers_maiden_wind,0.0
Erb_135,8,8_bride_wedding_maidens_marriage,1.0
Erb_136,0,0_spirit_flowers_maiden_wind,0.0
Erb_137,6,6_village_skirt_autumn_bread,1.0
Erb_138,0,0_spirit_flowers_maiden_wind,0.0
Erb_139,0,0_spirit_flowers_maiden_wind,0.0
Erb_140,0,0_spirit_flowers_maiden_wind,0.0
Erb_141,6,6_village_skirt_autumn_bread,1.0
Erb_142,6,6_village_skirt_autumn_bread,0.7340678
Erb_143,6,6_village_skirt_autumn_bread,1.0
Erb_144,6,6_village_skirt_autumn_bread,1.0
Erb_146,6,6_village_skirt_autumn_bread,1.0
Erb_147,8,8_bride_wedding_maidens_marriage,0.63079333
Erb_148,8,8_bride_wedding_maidens_marriage,0.82500356
Erb_150,0,0_spirit_flowers_maiden_wind,0.0
Erb_151,0,0_spirit_flowers_maiden_wind,0.0
Erb_152,0,0_spirit_flowers_maiden_wind,0.0
Erb_153,0,0_spirit_flowers_maiden_wind,0.0
Erb_154,0,0_spirit_flowers_maiden_wind,0.0
Erb_155,0,0_spirit_flowers_maiden_wind,0.0
Erb_156,0,0_spirit_flowers_maiden_wind,0.0
Erb_157,0,0_spirit_flowers_maiden_wind,0.0
Erb_159,0,0_spirit_flowers_maiden_wind,0.0
Erb_160,0,0_spirit_flowers_maiden_wind,0.0
Erb_161,6,6_village_skirt_autumn_bread,1.0
Erb_162,7,7_tended herd_servant_plow_shepherd,1.0
Erb_163,7,7_tended herd_servant_plow_shepherd,1.0
Erb_164,0,0_spirit_flowers_maiden_wind,0.0
Erb_165,7,7_tended herd_servant_plow_shepherd,0.79459786
Erb_166,0,0_spirit_flowers_maiden_wind,0.0
Erb_168,0,0_spirit_flowers_maiden_wind,0.0
Erb_169,0,0_spirit_flowers_maiden_wind,0.0
Erb_170,0,0_spirit_flowers_maiden_wind,0.0
Erb_171,6,6_village_skirt_autumn_bread,1.0
Erb_172,6,6_village_skirt_autumn_bread,0.831774
Erb_173,0,0_spirit_flowers_maiden_wind,0.0
Erb_174,8,8_bride_wedding_maidens_marriage,1.0
Erb_175,0,0_spirit_flowers_maiden_wind,0.0
Erb_176,0,0_spirit_flowers_maiden_wind,0.0
Erb_177,0,0_spirit_flowers_maiden_wind,0.0
Erb_178,0,0_spirit_flowers_maiden_wind,0.0
Erb_179,0,0_spirit_flowers_maiden_wind,0.0
Erb_180,6,6_village_skirt_autumn_bread,1.0
Erb_181,6,6_village_skirt_autumn_bread,0.5604933
Erb_183,6,6_village_skirt_autumn_bread,1.0
Erb_184,7,7_tended herd_servant_plow_shepherd,0.4985673
Erb_185,6,6_village_skirt_autumn_bread,1.0
Erb_186,0,0_spirit_flowers_maiden_wind,0.0
Erb_187,3,3_servant_servants_piet_dip,1.0
Erb_189,8,8_bride_wedding_maidens_marriage,1.0
Erb_190,0,0_spirit_flowers_maiden_wind,0.0
Erb_191,8,8_bride_wedding_maidens_marriage,1.0
Erb_192,6,6_village_skirt_autumn_bread,1.0
Erb_193,0,0_spirit_flowers_maiden_wind,0.0
Erb_197,6,6_village_skirt_autumn_bread,1.0
Erb_198,0,0_spirit_flowers_maiden_wind,0.0
Erb_199,0,0_spirit_flowers_maiden_wind,0.0
Erb_200,0,0_spirit_flowers_maiden_wind,0.0
Erb_201,5,5_hwanghae_flowers_river_bloom flowers,1.0
Erb_202,5,5_hwanghae_flowers_river_bloom flowers,0.50177354
Erb_203,6,6_village_skirt_autumn_bread,1.0
Erb_205,6,6_village_skirt_autumn_bread,0.571027
Erb_209,0,0_spirit_flowers_maiden_wind,0.0
Erb_210,0,0_spirit_flowers_maiden_wind,0.0
Erb_211,6,6_village_skirt_autumn_bread,1.0
Erb_213,0,0_spirit_flowers_maiden_wind,0.0
Erb_214,0,0_spirit_flowers_maiden_wind,0.0
Erb_215,3,3_servant_servants_piet_dip,1.0
Erb_217,7,7_tended herd_servant_plow_shepherd,0.65171146
Erb_218,0,0_spirit_flowers_maiden_wind,0.0
Erb_219,0,0_spirit_flowers_maiden_wind,0.0
Erb_220,6,6_village_skirt_autumn_bread,1.0
Erb_221,8,8_bride_wedding_maidens_marriage,1.0
Erb_222,0,0_spirit_flowers_maiden_wind,0.0
Erb_223,0,0_spirit_flowers_maiden_wind,0.0
Erb_224,0,0_spirit_flowers_maiden_wind,0.0
Erb_225,0,0_spirit_flowers_maiden_wind,0.0
Erb_227,0,0_spirit_flowers_maiden_wind,0.0
Erb_228,0,0_spirit_flowers_maiden_wind,0.0
Erb_229,0,0_spirit_flowers_maiden_wind,0.0
Erb_230,8,8_bride_wedding_maidens_marriage,1.0
Erb_232,6,6_village_skirt_autumn_bread,1.0
Erb_234,0,0_spirit_flowers_maiden_wind,0.0
Erb_235,0,0_spirit_flowers_maiden_wind,0.0
Erb_236,0,0_spirit_flowers_maiden_wind,0.0
Erb_237,0,0_spirit_flowers_maiden_wind,0.0
Erb_238,0,0_spirit_flowers_maiden_wind,0.0
Erb_239,6,6_village_skirt_autumn_bread,1.0
Erb_240,0,0_spirit_flowers_maiden_wind,0.0
Erb_241,0,0_spirit_flowers_maiden_wind,0.0
Erb_242,0,0_spirit_flowers_maiden_wind,0.0
Erb_243,0,0_spirit_flowers_maiden_wind,0.0
Erb_244,6,6_village_skirt_autumn_bread,1.0
Erb_245,7,7_tended herd_servant_plow_shepherd,1.0
Erb_247,0,0_spirit_flowers_maiden_wind,0.0
Erb_248,0,0_spirit_flowers_maiden_wind,0.0
Erb_249,0,0_spirit_flowers_maiden_wind,0.0
Erb_250,0,0_spirit_flowers_maiden_wind,0.0
Erb_251,0,0_spirit_flowers_maiden_wind,0.0
Erb_252,7,7_tended herd_servant_plow_shepherd,0.7669088
Erb_253,7,7_tended herd_servant_plow_shepherd,1.0
Erb_254,0,0_spirit_flowers_maiden_wind,0.0
Erb_255,0,0_spirit_flowers_maiden_wind,0.0
Erb_256,0,0_spirit_flowers_maiden_wind,0.0
Erb_257,8,8_bride_wedding_maidens_marriage,1.0
Erb_258,8,8_bride_wedding_maidens_marriage,0.840549
Erb_259,0,0_spirit_flowers_maiden_wind,0.0
Erb_260,6,6_village_skirt_autumn_bread,1.0
Erb_262,6,6_village_skirt_autumn_bread,1.0
Erb_263,6,6_village_skirt_autumn_bread,0.6774
Erb_264,0,0_spirit_flowers_maiden_wind,0.0
Erb_265,6,6_village_skirt_autumn_bread,0.5691313
Erb_266,6,6_village_skirt_autumn_bread,1.0
Erb_267,0,0_spirit_flowers_maiden_wind,0.0
Erb_269,0,0_spirit_flowers_maiden_wind,0.0
Erb_270,0,0_spirit_flowers_maiden_wind,0.0
Erb_271,0,0_spirit_flowers_maiden_wind,0.0
Erb_272,0,0_spirit_flowers_maiden_wind,0.0
Erb_273,0,0_spirit_flowers_maiden_wind,0.0
Erb_274,0,0_spirit_flowers_maiden_wind,0.0
Erb_275,6,6_village_skirt_autumn_bread,1.0
Erb_276,6,6_village_skirt_autumn_bread,1.0
Erb_277,0,0_spirit_flowers_maiden_wind,0.0
Erb_278,0,0_spirit_flowers_maiden_wind,0.0
Erb_279,6,6_village_skirt_autumn_bread,1.0
Erb_280,0,0_spirit_flowers_maiden_wind,0.0
Erb_282,8,8_bride_wedding_maidens_marriage,1.0
Erb_283,7,7_tended herd_servant_plow_shepherd,1.0
Erb_287,0,0_spirit_flowers_maiden_wind,0.0
Erb_288,0,0_spirit_flowers_maiden_wind,0.0
Erb_289,7,7_tended herd_servant_plow_shepherd,1.0
Erb_290,0,0_spirit_flowers_maiden_wind,0.0
Erb_291,6,6_village_skirt_autumn_bread,1.0
Erb_292,6,6_village_skirt_autumn_bread,1.0
Erb_293,0,0_spirit_flowers_maiden_wind,0.0
Erb_294,0,0_spirit_flowers_maiden_wind,0.0
Erb_295,6,6_village_skirt_autumn_bread,0.7997656
Erb_296,8,8_bride_wedding_maidens_marriage,0.81050116
Erb_297,6,6_village_skirt_autumn_bread,1.0
Erb_298,6,6_village_skirt_autumn_bread,1.0
Erb_299,0,0_spirit_flowers_maiden_wind,0.0
Erb_300,6,6_village_skirt_autumn_bread,1.0
Erb_301,0,0_spirit_flowers_maiden_wind,0.0
Erb_302,0,0_spirit_flowers_maiden_wind,0.0
Erb_303,0,0_spirit_flowers_maiden_wind,0.0
Erb_307,7,7_tended herd_servant_plow_shepherd,0.6584726
Erb_308,6,6_village_skirt_autumn_bread,1.0
Erb_309,0,0_spirit_flowers_maiden_wind,0.0
Erb_310,0,0_spirit_flowers_maiden_wind,0.0
Erb_311,0,0_spirit_flowers_maiden_wind,0.0
Erb_312,6,6_village_skirt_autumn_bread,1.0
Erb_313,7,7_tended herd_servant_plow_shepherd,0.50401205
Erb_314,6,6_village_skirt_autumn_bread,1.0
Erb_315,6,6_village_skirt_autumn_bread,1.0
Erb_316,0,0_spirit_flowers_maiden_wind,0.0
Erb_317,0,0_spirit_flowers_maiden_wind,0.0
Erb_318,0,0_spirit_flowers_maiden_wind,0.0
Erb_319,0,0_spirit_flowers_maiden_wind,0.0
Erb_320,6,6_village_skirt_autumn_bread,1.0
Erb_321,0,0_spirit_flowers_maiden_wind,0.0
Erb_322,0,0_spirit_flowers_maiden_wind,0.0
Erb_323,7,7_tended herd_servant_plow_shepherd,1.0
Erb_324,0,0_spirit_flowers_maiden_wind,0.0
Erb_325,0,0_spirit_flowers_maiden_wind,0.0
Erb_326,0,0_spirit_flowers_maiden_wind,0.0
Erb_327,0,0_spirit_flowers_maiden_wind,0.0
Erb_332,6,6_village_skirt_autumn_bread,1.0
Erb_333,0,0_spirit_flowers_maiden_wind,0.0
Erb_334,0,0_spirit_flowers_maiden_wind,0.0
Erb_335,0,0_spirit_flowers_maiden_wind,0.0
Erb_336,0,0_spirit_flowers_maiden_wind,0.0
Erb_337,6,6_village_skirt_autumn_bread,1.0
Erb_338,0,0_spirit_flowers_maiden_wind,0.0
Erb_339,8,8_bride_wedding_maidens_marriage,1.0
Erb_340,0,0_spirit_flowers_maiden_wind,0.0
Erb_341,0,0_spirit_flowers_maiden_wind,0.0
Erb_342,6,6_village_skirt_autumn_bread,1.0
Erb_343,8,8_bride_wedding_maidens_marriage,1.0
Erb_344,0,0_spirit_flowers_maiden_wind,0.0
Erb_345,6,6_village_skirt_autumn_bread,1.0
Erb_346,6,6_village_skirt_autumn_bread,1.0
Erb_347,0,0_spirit_flowers_maiden_wind,0.0
Erb_348,6,6_village_skirt_autumn_bread,1.0
Erb_349,3,3_servant_servants_piet_dip,1.0
Erb_350,0,0_spirit_flowers_maiden_wind,0.0
Erb_351,0,0_spirit_flowers_maiden_wind,0.0
Erb_352,0,0_spirit_flowers_maiden_wind,0.0
Erb_353,0,0_spirit_flowers_maiden_wind,0.0
Erb_354,0,0_spirit_flowers_maiden_wind,0.0
Erb_355,0,0_spirit_flowers_maiden_wind,0.0
Erb_356,6,6_village_skirt_autumn_bread,1.0
Erb_357,0,0_spirit_flowers_maiden_wind,0.0
Erb_359,0,0_spirit_flowers_maiden_wind,0.0
Erb_360,0,0_spirit_flowers_maiden_wind,0.0
Erb_361,0,0_spirit_flowers_maiden_wind,0.0
Erb_362,0,0_spirit_flowers_maiden_wind,0.0
Erb_363,0,0_spirit_flowers_maiden_wind,0.0
Erb_364,0,0_spirit_flowers_maiden_wind,0.0
Erb_365,0,0_spirit_flowers_maiden_wind,0.0
Erb_367,0,0_spirit_flowers_maiden_wind,0.0
Erb_368,0,0_spirit_flowers_maiden_wind,0.0
Erb_369,6,6_village_skirt_autumn_bread,1.0
Erb_370,6,6_village_skirt_autumn_bread,1.0
Erb_371,0,0_spirit_flowers_maiden_wind,0.0
Erb_372,6,6_village_skirt_autumn_bread,1.0
Erb_373,6,6_village_skirt_autumn_bread,1.0
Erb_374,7,7_tended herd_servant_plow_shepherd,1.0
Erb_375,0,0_spirit_flowers_maiden_wind,0.0
Erb_376,7,7_tended herd_servant_plow_shepherd,1.0
Erb_377,0,0_spirit_flowers_maiden_wind,0.0
Erb_379,0,0_spirit_flowers_maiden_wind,0.0
Erb_380,0,0_spirit_flowers_maiden_wind,0.0
Erb_381,0,0_spirit_flowers_maiden_wind,0.0
Erb_382,0,0_spirit_flowers_maiden_wind,0.0
Erb_383,0,0_spirit_flowers_maiden_wind,0.0
Erb_384,6,6_village_skirt_autumn_bread,1.0
Erb_385,0,0_spirit_flowers_maiden_wind,0.0
Erb_386,0,0_spirit_flowers_maiden_wind,0.0
Erb_387,0,0_spirit_flowers_maiden_wind,0.0
Erb_388,0,0_spirit_flowers_maiden_wind,0.0
Erb_389,0,0_spirit_flowers_maiden_wind,0.0
Erb_390,0,0_spirit_flowers_maiden_wind,0.0
Erb_391,0,0_spirit_flowers_maiden_wind,0.0
Erb_392,0,0_spirit_flowers_maiden_wind,0.0
Erb_393,0,0_spirit_flowers_maiden_wind,0.0
Erb_394,0,0_spirit_flowers_maiden_wind,0.0
Erb_395,0,0_spirit_flowers_maiden_wind,0.0
Erb_397,0,0_spirit_flowers_maiden_wind,0.0
Erb_399,7,7_tended herd_servant_plow_shepherd,1.0
Erb_400,0,0_spirit_flowers_maiden_wind,0.0
Erb_401,5,5_hwanghae_flowers_river_bloom flowers,1.0
Erb_402,8,8_bride_wedding_maidens_marriage,1.0
Erb_403,0,0_spirit_flowers_maiden_wind,0.0
Erb_404,0,0_spirit_flowers_maiden_wind,0.0
Erb_405,0,0_spirit_flowers_maiden_wind,0.0
Erb_406,0,0_spirit_flowers_maiden_wind,0.0
Erb_407,0,0_spirit_flowers_maiden_wind,0.0
Erb_408,0,0_spirit_flowers_maiden_wind,0.0
Erb_409,0,0_spirit_flowers_maiden_wind,0.0
Erb_410,6,6_village_skirt_autumn_bread,1.0
Erb_411,0,0_spirit_flowers_maiden_wind,0.0
Erb_412,0,0_spirit_flowers_maiden_wind,0.0
Erb_413,0,0_spirit_flowers_maiden_wind,0.0
Erb_415,0,0_spirit_flowers_maiden_wind,0.0
Erb_416,6,6_village_skirt_autumn_bread,1.0
Erb_417,6,6_village_skirt_autumn_bread,1.0
Erb_418,6,6_village_skirt_autumn_bread,1.0
Erb_419,6,6_village_skirt_autumn_bread,1.0
Erb_420,6,6_village_skirt_autumn_bread,1.0
Erb_424,0,0_spirit_flowers_maiden_wind,0.0
Erb_425,0,0_spirit_flowers_maiden_wind,0.0
Erb_426,0,0_spirit_flowers_maiden_wind,0.0
Erb_427,6,6_village_skirt_autumn_bread,1.0
Erb_428,0,0_spirit_flowers_maiden_wind,0.0
Erb_429,3,3_servant_servants_piet_dip,1.0
Erb_430,0,0_spirit_flowers_maiden_wind,0.0
Erb_433,6,6_village_skirt_autumn_bread,1.0
Erb_434,0,0_spirit_flowers_maiden_wind,0.0
Erb_435,3,3_servant_servants_piet_dip,1.0
Erb_436,0,0_spirit_flowers_maiden_wind,0.0
Erb_437,0,0_spirit_flowers_maiden_wind,0.0
Erb_438,0,0_spirit_flowers_maiden_wind,0.0
Erb_439,0,0_spirit_flowers_maiden_wind,0.0
Erb_440,0,0_spirit_flowers_maiden_wind,0.0
Erb_441,0,0_spirit_flowers_maiden_wind,0.0
Erb_442,6,6_village_skirt_autumn_bread,1.0
Erb_443,0,0_spirit_flowers_maiden_wind,0.0
Erb_444,0,0_spirit_flowers_maiden_wind,0.0
Erb_445,0,0_spirit_flowers_maiden_wind,0.0
Erb_446,0,0_spirit_flowers_maiden_wind,0.0
Erb_447,0,0_spirit_flowers_maiden_wind,0.0
Erb_448,0,0_spirit_flowers_maiden_wind,0.0
Erb_449,0,0_spirit_flowers_maiden_wind,0.0
Erb_450,0,0_spirit_flowers_maiden_wind,0.0
Erb_451,0,0_spirit_flowers_maiden_wind,0.0
Erb_452,0,0_spirit_flowers_maiden_wind,0.0
Erb_453,6,6_village_skirt_autumn_bread,1.0
Erb_454,0,0_spirit_flowers_maiden_wind,0.0
Erb_455,0,0_spirit_flowers_maiden_wind,0.0
Erb_456,0,0_spirit_flowers_maiden_wind,0.0
Erb_457,0,0_spirit_flowers_maiden_wind,0.0
Erb_458,0,0_spirit_flowers_maiden_wind,0.0
Erb_459,6,6_village_skirt_autumn_bread,1.0
Erb_460,6,6_village_skirt_autumn_bread,1.0
Erb_461,6,6_village_skirt_autumn_bread,1.0
Erb_462,6,6_village_skirt_autumn_bread,1.0
Erb_463,0,0_spirit_flowers_maiden_wind,0.0
Erb_464,7,7_tended herd_servant_plow_shepherd,0.8238021
Erb_465,6,6_village_skirt_autumn_bread,1.0
Erb_466,6,6_village_skirt_autumn_bread,0.8162857
Erb_467,8,8_bride_wedding_maidens_marriage,1.0
Erb_469,0,0_spirit_flowers_maiden_wind,0.0
Erb_470,7,7_tended herd_servant_plow_shepherd,1.0
Erb_471,0,0_spirit_flowers_maiden_wind,0.0
Erb_472,0,0_spirit_flowers_maiden_wind,0.0
Erb_473,8,8_bride_wedding_maidens_marriage,1.0
Erb_475,8,8_bride_wedding_maidens_marriage,1.0
Erb_477,7,7_tended herd_servant_plow_shepherd,1.0
Erb_478,6,6_village_skirt_autumn_bread,1.0
Erb_480,0,0_spirit_flowers_maiden_wind,0.0
Erb_481,0,0_spirit_flowers_maiden_wind,0.0
Erb_482,0,0_spirit_flowers_maiden_wind,0.0
Erb_483,0,0_spirit_flowers_maiden_wind,0.0
Erb_484,6,6_village_skirt_autumn_bread,1.0
Erb_486,0,0_spirit_flowers_maiden_wind,0.0
Erb_487,6,6_village_skirt_autumn_bread,0.4083812
Erb_491,0,0_spirit_flowers_maiden_wind,0.0
Erb_492,0,0_spirit_flowers_maiden_wind,0.0
Erb_494,8,8_bride_wedding_maidens_marriage,1.0
Erb_496,0,0_spirit_flowers_maiden_wind,0.0
Erb_499,5,5_hwanghae_flowers_river_bloom flowers,1.0
Erb_501,0,0_spirit_flowers_maiden_wind,0.0
Erb_502,0,0_spirit_flowers_maiden_wind,0.0
Erb_503,0,0_spirit_flowers_maiden_wind,0.0
Erb_505,0,0_spirit_flowers_maiden_wind,0.0
Erb_507,5,5_hwanghae_flowers_river_bloom flowers,1.0
Erb_508,8,8_bride_wedding_maidens_marriage,1.0
Erb_510,6,6_village_skirt_autumn_bread,1.0
Erb_511,0,0_spirit_flowers_maiden_wind,0.0
Erb_512,6,6_village_skirt_autumn_bread,1.0
Erb_513,0,0_spirit_flowers_maiden_wind,0.0
Erb_515,0,0_spirit_flowers_maiden_wind,0.0
Erb_516,6,6_village_skirt_autumn_bread,1.0
Erb_517,0,0_spirit_flowers_maiden_wind,0.0
Erb_519,0,0_spirit_flowers_maiden_wind,0.0
Erb_521,0,0_spirit_flowers_maiden_wind,0.0
Erb_522,0,0_spirit_flowers_maiden_wind,0.0
Erb_523,8,8_bride_wedding_maidens_marriage,1.0
Erb_524,0,0_spirit_flowers_maiden_wind,0.0
Erb_525,6,6_village_skirt_autumn_bread,1.0
Erb_526,6,6_village_skirt_autumn_bread,0.50473875
Erb_527,6,6_village_skirt_autumn_bread,1.0
Erb_529,0,0_spirit_flowers_maiden_wind,0.0
Erb_532,6,6_village_skirt_autumn_bread,1.0
Erb_533,0,0_spirit_flowers_maiden_wind,0.0
Erb_535,0,0_spirit_flowers_maiden_wind,0.0
Erb_537,0,0_spirit_flowers_maiden_wind,0.0
Erb_538,6,6_village_skirt_autumn_bread,1.0
Erb_540,0,0_spirit_flowers_maiden_wind,0.0
Erb_541,0,0_spirit_flowers_maiden_wind,0.0
Erb_543,0,0_spirit_flowers_maiden_wind,0.0
Erb_544,6,6_village_skirt_autumn_bread,1.0
Erb_546,0,0_spirit_flowers_maiden_wind,0.0
Erb_547,7,7_tended herd_servant_plow_shepherd,0.52183586
Erb_549,0,0_spirit_flowers_maiden_wind,0.0
Erb_550,8,8_bride_wedding_maidens_marriage,0.45729548
Erb_553,5,5_hwanghae_flowers_river_bloom flowers,1.0
Erb_555,8,8_bride_wedding_maidens_marriage,1.0
Erb_557,0,0_spirit_flowers_maiden_wind,0.0
Erb_559,6,6_village_skirt_autumn_bread,1.0
Erb_560,0,0_spirit_flowers_maiden_wind,0.0
Erb_561,6,6_village_skirt_autumn_bread,1.0
Erb_562,6,6_village_skirt_autumn_bread,1.0
Erb_563,0,0_spirit_flowers_maiden_wind,0.0
Erb_564,6,6_village_skirt_autumn_bread,1.0
Erb_565,0,0_spirit_flowers_maiden_wind,0.0
Erb_566,8,8_bride_wedding_maidens_marriage,1.0
Erb_567,8,8_bride_wedding_maidens_marriage,1.0
Erb_568,0,0_spirit_flowers_maiden_wind,0.0
Erb_569,7,7_tended herd_servant_plow_shepherd,1.0
Erb_571,3,3_servant_servants_piet_dip,0.75249964
Erb_573,0,0_spirit_flowers_maiden_wind,0.0
Erb_574,0,0_spirit_flowers_maiden_wind,0.0
Erb_576,0,0_spirit_flowers_maiden_wind,0.0
Erb_579,0,0_spirit_flowers_maiden_wind,0.0
Erb_581,7,7_tended herd_servant_plow_shepherd,1.0
Erb_584,0,0_spirit_flowers_maiden_wind,0.0
Erb_585,0,0_spirit_flowers_maiden_wind,0.0
Erb_586,6,6_village_skirt_autumn_bread,1.0
Erb_588,0,0_spirit_flowers_maiden_wind,0.0
Erb_590,0,0_spirit_flowers_maiden_wind,0.0
Erb_591,0,0_spirit_flowers_maiden_wind,0.0
Erb_592,0,0_spirit_flowers_maiden_wind,0.0
Erb_595,8,8_bride_wedding_maidens_marriage,1.0
Erb_596,0,0_spirit_flowers_maiden_wind,0.0
Erb_597,0,0_spirit_flowers_maiden_wind,0.0
Erb_598,8,8_bride_wedding_maidens_marriage,1.0
Erb_599,8,8_bride_wedding_maidens_marriage,1.0
Erb_600,0,0_spirit_flowers_maiden_wind,0.0
Erb_601,6,6_village_skirt_autumn_bread,1.0
Erb_603,0,0_spirit_flowers_maiden_wind,0.0
Erb_604,0,0_spirit_flowers_maiden_wind,0.0
Erb_605,8,8_bride_wedding_maidens_marriage,1.0
Erb_608,7,7_tended herd_servant_plow_shepherd,1.0
Erb_609,0,0_spirit_flowers_maiden_wind,0.0
Erb_610,0,0_spirit_flowers_maiden_wind,0.0
Erb_612,0,0_spirit_flowers_maiden_wind,0.0
Erb_613,0,0_spirit_flowers_maiden_wind,0.0
Erb_614,0,0_spirit_flowers_maiden_wind,0.0
Erb_616,0,0_spirit_flowers_maiden_wind,0.0
Erb_617,6,6_village_skirt_autumn_bread,1.0
Erb_618,0,0_spirit_flowers_maiden_wind,0.0
Erb_619,6,6_village_skirt_autumn_bread,1.0
Erb_621,0,0_spirit_flowers_maiden_wind,0.0
Erb_622,6,6_village_skirt_autumn_bread,1.0
Erb_623,0,0_spirit_flowers_maiden_wind,0.0
Erb_624,8,8_bride_wedding_maidens_marriage,1.0
Erb_626,0,0_spirit_flowers_maiden_wind,0.0
Erb_627,6,6_village_skirt_autumn_bread,1.0
Erb_628,0,0_spirit_flowers_maiden_wind,0.0
Erb_633,0,0_spirit_flowers_maiden_wind,0.0
Erb_634,0,0_spirit_flowers_maiden_wind,0.0
Erb_635,7,7_tended herd_servant_plow_shepherd,1.0
Erb_637,0,0_spirit_flowers_maiden_wind,0.0
Erb_638,0,0_spirit_flowers_maiden_wind,0.0
Erb_640,0,0_spirit_flowers_maiden_wind,0.0
Erb_641,0,0_spirit_flowers_maiden_wind,0.0
Erb_643,8,8_bride_wedding_maidens_marriage,1.0
Erb_644,0,0_spirit_flowers_maiden_wind,0.0
Erb_645,0,0_spirit_flowers_maiden_wind,0.0
Erb_646,8,8_bride_wedding_maidens_marriage,0.6295972
Erb_648,0,0_spirit_flowers_maiden_wind,0.0
Erb_649,8,8_bride_wedding_maidens_marriage,1.0
Erb_651,0,0_spirit_flowers_maiden_wind,0.0
Erb_653,8,8_bride_wedding_maidens_marriage,1.0
Erb_655,8,8_bride_wedding_maidens_marriage,0.74919957
Erb_661,7,7_tended herd_servant_plow_shepherd,1.0
Erb_663,0,0_spirit_flowers_maiden_wind,0.0
Erb_664,6,6_village_skirt_autumn_bread,1.0
Erb_666,6,6_village_skirt_autumn_bread,0.54681844
Erb_667,0,0_spirit_flowers_maiden_wind,0.0
Erb_668,8,8_bride_wedding_maidens_marriage,1.0
Erb_669,0,0_spirit_flowers_maiden_wind,0.0
Erb_670,0,0_spirit_flowers_maiden_wind,0.0
Erb_672,0,0_spirit_flowers_maiden_wind,0.0
Erb_673,0,0_spirit_flowers_maiden_wind,0.0
Erb_674,0,0_spirit_flowers_maiden_wind,0.0
Erb_676,6,6_village_skirt_autumn_bread,1.0
Erb_678,8,8_bride_wedding_maidens_marriage,1.0
Erb_679,0,0_spirit_flowers_maiden_wind,0.0
Erb_680,0,0_spirit_flowers_maiden_wind,0.0
Erb_681,8,8_bride_wedding_maidens_marriage,1.0
Erb_682,0,0_spirit_flowers_maiden_wind,0.0
Erb_683,0,0_spirit_flowers_maiden_wind,0.0
Erb_684,0,0_spirit_flowers_maiden_wind,0.0
Erb_685,6,6_village_skirt_autumn_bread,0.7765204
Erb_688,0,0_spirit_flowers_maiden_wind,0.0
Erb_689,8,8_bride_wedding_maidens_marriage,1.0
Erb_690,8,8_bride_wedding_maidens_marriage,1.0
Erb_692,0,0_spirit_flowers_maiden_wind,0.0
Erb_695,8,8_bride_wedding_maidens_marriage,1.0
Erb_697,0,0_spirit_flowers_maiden_wind,0.0
Erb_698,8,8_bride_wedding_maidens_marriage,1.0
Erb_699,0,0_spirit_flowers_maiden_wind,0.0
Erb_700,0,0_spirit_flowers_maiden_wind,0.0
Erb_703,0,0_spirit_flowers_maiden_wind,0.0
Erb_706,0,0_spirit_flowers_maiden_wind,0.0
Erb_707,0,0_spirit_flowers_maiden_wind,0.0
Erb_709,0,0_spirit_flowers_maiden_wind,0.0
Erb_710,6,6_village_skirt_autumn_bread,1.0
Erb_711,7,7_tended herd_servant_plow_shepherd,1.0
Erb_713,0,0_spirit_flowers_maiden_wind,0.0
Erb_715,8,8_bride_wedding_maidens_marriage,1.0
Erb_716,0,0_spirit_flowers_maiden_wind,0.0
Erb_717,0,0_spirit_flowers_maiden_wind,0.0
Erb_719,0,0_spirit_flowers_maiden_wind,0.0
Erb_720,0,0_spirit_flowers_maiden_wind,0.0
Erb_722,0,0_spirit_flowers_maiden_wind,0.0
Erb_723,0,0_spirit_flowers_maiden_wind,0.0
Erb_724,0,0_spirit_flowers_maiden_wind,0.0
Erb_726,0,0_spirit_flowers_maiden_wind,0.0
Erb_727,0,0_spirit_flowers_maiden_wind,0.0
Erb_728,6,6_village_skirt_autumn_bread,1.0
Erb_729,0,0_spirit_flowers_maiden_wind,0.0
Erb_730,8,8_bride_wedding_maidens_marriage,1.0
Erb_731,0,0_spirit_flowers_maiden_wind,0.0
Erb_732,0,0_spirit_flowers_maiden_wind,0.0
Erb_733,8,8_bride_wedding_maidens_marriage,1.0
Erb_734,6,6_village_skirt_autumn_bread,1.0
Erb_735,0,0_spirit_flowers_maiden_wind,0.0
Erb_736,0,0_spirit_flowers_maiden_wind,0.0
Erb_737,0,0_spirit_flowers_maiden_wind,0.0
Erb_739,0,0_spirit_flowers_maiden_wind,0.0
Erb_740,0,0_spirit_flowers_maiden_wind,0.0
Erb_741,6,6_village_skirt_autumn_bread,1.0
Erb_745,0,0_spirit_flowers_maiden_wind,0.0
Erb_746,0,0_spirit_flowers_maiden_wind,0.0
Erb_747,8,8_bride_wedding_maidens_marriage,1.0
Erb_748,0,0_spirit_flowers_maiden_wind,0.0
Erb_751,6,6_village_skirt_autumn_bread,1.0
Erb_753,0,0_spirit_flowers_maiden_wind,0.0
Erb_754,6,6_village_skirt_autumn_bread,1.0
Erb_755,6,6_village_skirt_autumn_bread,0.50692433
Erb_756,0,0_spirit_flowers_maiden_wind,0.0
Erb_757,0,0_spirit_flowers_maiden_wind,0.0
Erb_759,8,8_bride_wedding_maidens_marriage,1.0
Erb_761,8,8_bride_wedding_maidens_marriage,1.0
Erb_762,8,8_bride_wedding_maidens_marriage,0.9022242
Erb_766,0,0_spirit_flowers_maiden_wind,0.0
Erb_768,0,0_spirit_flowers_maiden_wind,0.0
Erb_769,8,8_bride_wedding_maidens_marriage,1.0
Erb_770,0,0_spirit_flowers_maiden_wind,0.0
Erb_772,0,0_spirit_flowers_maiden_wind,0.0
Erb_774,0,0_spirit_flowers_maiden_wind,0.0
Erb_776,6,6_village_skirt_autumn_bread,1.0
Erb_777,0,0_spirit_flowers_maiden_wind,0.0
Erb_778,0,0_spirit_flowers_maiden_wind,0.0
Erb_779,0,0_spirit_flowers_maiden_wind,0.0
Erb_782,3,3_servant_servants_piet_dip,0.50432104
Erb_783,0,0_spirit_flowers_maiden_wind,0.0
Erb_785,6,6_village_skirt_autumn_bread,1.0
Erb_786,0,0_spirit_flowers_maiden_wind,0.0
Erb_787,6,6_village_skirt_autumn_bread,1.0
Erb_789,8,8_bride_wedding_maidens_marriage,1.0
Erb_790,0,0_spirit_flowers_maiden_wind,0.0
Erb_791,0,0_spirit_flowers_maiden_wind,0.0
Erb_792,8,8_bride_wedding_maidens_marriage,1.0
Erb_793,0,0_spirit_flowers_maiden_wind,0.0
Erb_795,7,7_tended herd_servant_plow_shepherd,1.0
Erb_796,0,0_spirit_flowers_maiden_wind,0.0
Erb_797,0,0_spirit_flowers_maiden_wind,0.0
Erb_799,8,8_bride_wedding_maidens_marriage,1.0
Erb_800,5,5_hwanghae_flowers_river_bloom flowers,1.0
Erb_801,7,7_tended herd_servant_plow_shepherd,1.0
Erb_804,0,0_spirit_flowers_maiden_wind,0.0
Erb_808,7,7_tended herd_servant_plow_shepherd,1.0
Erb_809,0,0_spirit_flowers_maiden_wind,0.0
Erb_810,8,8_bride_wedding_maidens_marriage,1.0
Erb_812,0,0_spirit_flowers_maiden_wind,0.0
Erb_813,6,6_village_skirt_autumn_bread,1.0
Erb_816,6,6_village_skirt_autumn_bread,0.91050905
Erb_821,8,8_bride_wedding_maidens_marriage,1.0
Erb_824,3,3_servant_servants_piet_dip,1.0
Erb_826,8,8_bride_wedding_maidens_marriage,1.0
Erb_834,8,8_bride_wedding_maidens_marriage,1.0
Erb_835,0,0_spirit_flowers_maiden_wind,0.0
Erb_837,7,7_tended herd_servant_plow_shepherd,0.797451
Erb_838,0,0_spirit_flowers_maiden_wind,0.0
Erb_840,0,0_spirit_flowers_maiden_wind,0.0
Erb_843,5,5_hwanghae_flowers_river_bloom flowers,1.0
Erb_844,5,5_hwanghae_flowers_river_bloom flowers,1.0
Erb_847,7,7_tended herd_servant_plow_shepherd,1.0
Erb_849,3,3_servant_servants_piet_dip,0.50995296
Erb_851,0,0_spirit_flowers_maiden_wind,0.0
Erb_855,0,0_spirit_flowers_maiden_wind,0.0
Erb_856,0,0_spirit_flowers_maiden_wind,0.0
Erb_860,6,6_village_skirt_autumn_bread,1.0
Erb_862,0,0_spirit_flowers_maiden_wind,0.0
Erb_864,0,0_spirit_flowers_maiden_wind,0.0
Erb_866,0,0_spirit_flowers_maiden_wind,0.0
Erb_870,0,0_spirit_flowers_maiden_wind,0.0
Erb_872,7,7_tended herd_servant_plow_shepherd,0.5412907
Erb_876,0,0_spirit_flowers_maiden_wind,0.0
Erb_879,6,6_village_skirt_autumn_bread,1.0
Erb_880,5,5_hwanghae_flowers_river_bloom flowers,1.0
Erb_882,6,6_village_skirt_autumn_bread,1.0
Erb_884,0,0_spirit_flowers_maiden_wind,0.0
Erb_885,0,0_spirit_flowers_maiden_wind,0.0
Erb_886,7,7_tended herd_servant_plow_shepherd,1.0
Erb_888,0,0_spirit_flowers_maiden_wind,0.0
Erb_889,8,8_bride_wedding_maidens_marriage,1.0
Erb_890,6,6_village_skirt_autumn_bread,0.4267693
Erb_894,6,6_village_skirt_autumn_bread,1.0
Erb_899,0,0_spirit_flowers_maiden_wind,0.0
Erb_901,0,0_spirit_flowers_maiden_wind,0.0
Erb_903,4,4_little birds_horses_horse_poor parish,1.0
Erb_907,0,0_spirit_flowers_maiden_wind,0.0
Erb_910,8,8_bride_wedding_maidens_marriage,1.0
Erb_911,0,0_spirit_flowers_maiden_wind,0.0
Erb_913,6,6_village_skirt_autumn_bread,1.0
Erb_914,8,8_bride_wedding_maidens_marriage,1.0
Erb_917,7,7_tended herd_servant_plow_shepherd,1.0
Erb_919,0,0_spirit_flowers_maiden_wind,0.0
Erb_920,7,7_tended herd_servant_plow_shepherd,1.0
Erb_922,0,0_spirit_flowers_maiden_wind,0.0
Erb_924,0,0_spirit_flowers_maiden_wind,0.0
Erb_925,0,0_spirit_flowers_maiden_wind,0.0
Erb_927,5,5_hwanghae_flowers_river_bloom flowers,1.0
Erb_929,3,3_servant_servants_piet_dip,0.5134286
Erb_931,0,0_spirit_flowers_maiden_wind,0.0
Erb_932,0,0_spirit_flowers_maiden_wind,0.0
Erb_934,0,0_spirit_flowers_maiden_wind,0.0
Erb_936,6,6_village_skirt_autumn_bread,1.0
Erb_937,7,7_tended herd_servant_plow_shepherd,1.0
Erb_941,0,0_spirit_flowers_maiden_wind,0.0
Erb_943,0,0_spirit_flowers_maiden_wind,0.0
Erb_944,6,6_village_skirt_autumn_bread,0.8355755
Erb_946,0,0_spirit_flowers_maiden_wind,0.0
Erb_949,0,0_spirit_flowers_maiden_wind,0.0
Erb_950,0,0_spirit_flowers_maiden_wind,0.0
Erb_953,6,6_village_skirt_autumn_bread,1.0
Erb_954,0,0_spirit_flowers_maiden_wind,0.0
Erb_955,0,0_spirit_flowers_maiden_wind,0.0
Erb_959,0,0_spirit_flowers_maiden_wind,0.0
Erb_960,6,6_village_skirt_autumn_bread,1.0
Erb_963,4,4_little birds_horses_horse_poor parish,0.86764914
Erb_967,5,5_hwanghae_flowers_river_bloom flowers,0.5470522
Erb_971,6,6_village_skirt_autumn_bread,0.84263027
Erb_974,8,8_bride_wedding_maidens_marriage,1.0
Erb_975,0,0_spirit_flowers_maiden_wind,0.0
Erb_980,0,0_spirit_flowers_maiden_wind,0.0
Erb_981,8,8_bride_wedding_maidens_marriage,1.0
Erb_986,8,8_bride_wedding_maidens_marriage,1.0
Erb_988,8,8_bride_wedding_maidens_marriage,1.0
Erb_995,0,0_spirit_flowers_maiden_wind,0.0
Erb_996,8,8_bride_wedding_maidens_marriage,0.76485306
Erb_1001,7,7_tended herd_servant_plow_shepherd,0.8362749
Erb_1004,0,0_spirit_flowers_maiden_wind,0.0
Erb_1007,0,0_spirit_flowers_maiden_wind,0.0
Erb_1008,6,6_village_skirt_autumn_bread,0.67252123
Erb_1013,6,6_village_skirt_autumn_bread,1.0
Erb_1017,8,8_bride_wedding_maidens_marriage,1.0
Erb_1019,8,8_bride_wedding_maidens_marriage,1.0
Erb_1023,8,8_bride_wedding_maidens_marriage,0.5716708
Erb_1025,7,7_tended herd_servant_plow_shepherd,0.5956595
Erb_1027,7,7_tended herd_servant_plow_shepherd,0.5812734
Erb_1028,0,0_spirit_flowers_maiden_wind,0.0
Erb_1033,0,0_spirit_flowers_maiden_wind,0.0
Erb_1037,6,6_village_skirt_autumn_bread,1.0
Erb_1040,6,6_village_skirt_autumn_bread,0.5232116
Erb_1043,0,0_spirit_flowers_maiden_wind,0.0
Erb_1044,0,0_spirit_flowers_maiden_wind,0.0
Erb_1046,0,0_spirit_flowers_maiden_wind,0.0
Erb_1048,4,4_little birds_horses_horse_poor parish,1.0
Erb_1049,0,0_spirit_flowers_maiden_wind,0.0
Erb_1051,0,0_spirit_flowers_maiden_wind,0.0
Erb_1053,3,3_servant_servants_piet_dip,1.0
Erb_1058,0,0_spirit_flowers_maiden_wind,0.0
Erb_1059,0,0_spirit_flowers_maiden_wind,0.0
Erb_1061,0,0_spirit_flowers_maiden_wind,0.0
Erb_1062,0,0_spirit_flowers_maiden_wind,0.0
Erb_1064,4,4_little birds_horses_horse_poor parish,0.53024167
Erb_1065,8,8_bride_wedding_maidens_marriage,0.8238868
Erb_1072,0,0_spirit_flowers_maiden_wind,0.0
Erb_1074,0,0_spirit_flowers_maiden_wind,0.0
Erb_1076,4,4_little birds_horses_horse_poor parish,1.0
Erb_1083,5,5_hwanghae_flowers_river_bloom flowers,1.0
Erb_1084,8,8_bride_wedding_maidens_marriage,1.0
Erb_1085,8,8_bride_wedding_maidens_marriage,1.0
Erb_1088,0,0_spirit_flowers_maiden_wind,0.0
Erb_1089,3,3_servant_servants_piet_dip,1.0
Erb_1092,8,8_bride_wedding_maidens_marriage,0.8547168
Erb_1097,6,6_village_skirt_autumn_bread,1.0
Erb_1100,0,0_spirit_flowers_maiden_wind,0.0
Erb_1101,8,8_bride_wedding_maidens_marriage,1.0
Erb_1104,8,8_bride_wedding_maidens_marriage,1.0
Erb_1110,0,0_spirit_flowers_maiden_wind,0.0
Erb_1112,8,8_bride_wedding_maidens_marriage,1.0
Erb_1113,8,8_bride_wedding_maidens_marriage,0.67090446
Erb_1115,4,4_little birds_horses_horse_poor parish,1.0
Erb_1116,8,8_bride_wedding_maidens_marriage,1.0
Erb_1122,0,0_spirit_flowers_maiden_wind,0.0
Erb_1123,6,6_village_skirt_autumn_bread,0.6134303
Erb_1124,0,0_spirit_flowers_maiden_wind,0.0
Erb_1126,0,0_spirit_flowers_maiden_wind,0.0
Erb_1128,0,0_spirit_flowers_maiden_wind,0.0
Erb_1129,0,0_spirit_flowers_maiden_wind,0.0
Erb_1131,5,5_hwanghae_flowers_river_bloom flowers,1.0
Erb_1133,0,0_spirit_flowers_maiden_wind,0.0
Erb_1134,0,0_spirit_flowers_maiden_wind,0.0
Erb_1135,6,6_village_skirt_autumn_bread,1.0
Erb_1136,0,0_spirit_flowers_maiden_wind,0.0
Erb_1139,6,6_village_skirt_autumn_bread,1.0
Erb_1141,0,0_spirit_flowers_maiden_wind,0.0
Erb_1144,6,6_village_skirt_autumn_bread,0.7406583
Erb_1147,5,5_hwanghae_flowers_river_bloom flowers,1.0
Erb_1148,5,5_hwanghae_flowers_river_bloom flowers,1.0
Erb_1150,0,0_spirit_flowers_maiden_wind,0.0
Erb_1151,0,0_spirit_flowers_maiden_wind,0.0
Erb_1152,0,0_spirit_flowers_maiden_wind,0.0
Erb_1153,3,3_servant_servants_piet_dip,1.0
Erb_1155,0,0_spirit_flowers_maiden_wind,0.0
Erb_1158,7,7_tended herd_servant_plow_shepherd,0.5141063
Erb_1164,0,0_spirit_flowers_maiden_wind,0.0
Erb_1166,6,6_village_skirt_autumn_bread,0.5528658
Erb_1169,0,0_spirit_flowers_maiden_wind,0.0
Erb_1170,0,0_spirit_flowers_maiden_wind,0.0
Erb_1171,0,0_spirit_flowers_maiden_wind,0.0
Erb_1172,4,4_little birds_horses_horse_poor parish,1.0
Erb_1173,0,0_spirit_flowers_maiden_wind,0.0
Erb_1180,8,8_bride_wedding_maidens_marriage,1.0
Erb_1181,0,0_spirit_flowers_maiden_wind,0.0
Erb_1182,0,0_spirit_flowers_maiden_wind,0.0
Erb_1183,0,0_spirit_flowers_maiden_wind,0.0
Erb_1184,0,0_spirit_flowers_maiden_wind,0.0
Erb_1186,8,8_bride_wedding_maidens_marriage,1.0
Erb_1187,5,5_hwanghae_flowers_river_bloom flowers,1.0
Erb_1188,0,0_spirit_flowers_maiden_wind,0.0
Erb_1190,6,6_village_skirt_autumn_bread,1.0
Erb_1193,0,0_spirit_flowers_maiden_wind,0.0
Erb_1194,0,0_spirit_flowers_maiden_wind,0.0
Erb_1200,6,6_village_skirt_autumn_bread,0.54231775
Erb_1201,0,0_spirit_flowers_maiden_wind,0.0
Erb_1202,0,0_spirit_flowers_maiden_wind,0.0
Erb_1204,0,0_spirit_flowers_maiden_wind,0.0
Erb_1205,0,0_spirit_flowers_maiden_wind,0.0
Erb_1207,8,8_bride_wedding_maidens_marriage,1.0
Erb_1211,3,3_servant_servants_piet_dip,1.0
Erb_1214,0,0_spirit_flowers_maiden_wind,0.0
Erb_1216,6,6_village_skirt_autumn_bread,0.8052904
Erb_1218,0,0_spirit_flowers_maiden_wind,0.0
Erb_1220,6,6_village_skirt_autumn_bread,0.34141806
Erb_1222,7,7_tended herd_servant_plow_shepherd,0.50119686
Erb_1224,0,0_spirit_flowers_maiden_wind,0.0
Erb_1226,0,0_spirit_flowers_maiden_wind,0.0
Erb_1229,0,0_spirit_flowers_maiden_wind,0.0
Erb_1231,0,0_spirit_flowers_maiden_wind,0.0
Erb_1233,0,0_spirit_flowers_maiden_wind,0.0
Erb_1238,0,0_spirit_flowers_maiden_wind,0.0
Erb_1244,6,6_village_skirt_autumn_bread,0.30950874
Erb_1247,0,0_spirit_flowers_maiden_wind,0.0
Erb_1249,0,0_spirit_flowers_maiden_wind,0.0
Erb_1250,0,0_spirit_flowers_maiden_wind,0.0
Erb_1252,0,0_spirit_flowers_maiden_wind,0.0
Erb_1253,0,0_spirit_flowers_maiden_wind,0.0
Erb_1254,0,0_spirit_flowers_maiden_wind,0.0
Erb_1255,8,8_bride_wedding_maidens_marriage,1.0
Erb_1256,0,0_spirit_flowers_maiden_wind,0.0
Erb_1259,8,8_bride_wedding_maidens_marriage,1.0
Erb_1262,8,8_bride_wedding_maidens_marriage,1.0
Erb_1264,0,0_spirit_flowers_maiden_wind,0.0
Erb_1265,6,6_village_skirt_autumn_bread,1.0
Erb_1267,0,0_spirit_flowers_maiden_wind,0.0
Erb_1269,0,0_spirit_flowers_maiden_wind,0.0
Erb_1271,8,8_bride_wedding_maidens_marriage,1.0
Erb_1272,6,6_village_skirt_autumn_bread,1.0
Erb_1273,0,0_spirit_flowers_maiden_wind,0.0
Erb_1274,5,5_hwanghae_flowers_river_bloom flowers,1.0
Erb_1275,0,0_spirit_flowers_maiden_wind,0.0
Erb_1276,0,0_spirit_flowers_maiden_wind,0.0
Erb_1279,0,0_spirit_flowers_maiden_wind,0.0
Erb_1281,0,0_spirit_flowers_maiden_wind,0.0
Erb_1284,0,0_spirit_flowers_maiden_wind,0.0
Erb_1285,8,8_bride_wedding_maidens_marriage,1.0
Erb_1286,0,0_spirit_flowers_maiden_wind,0.0
Erb_1288,0,0_spirit_flowers_maiden_wind,0.0
Erb_1290,0,0_spirit_flowers_maiden_wind,0.0
Erb_1291,4,4_little birds_horses_horse_poor parish,1.0
Erb_1294,6,6_village_skirt_autumn_bread,1.0
Erb_1299,6,6_village_skirt_autumn_bread,1.0
Erb_1300,5,5_hwanghae_flowers_river_bloom flowers,1.0
Erb_1304,0,0_spirit_flowers_maiden_wind,0.0
Erb_1305,0,0_spirit_flowers_maiden_wind,0.0
Erb_1307,6,6_village_skirt_autumn_bread,1.0
Erb_1309,0,0_spirit_flowers_maiden_wind,0.0
Erb_1311,0,0_spirit_flowers_maiden_wind,0.0
Erb_1312,0,0_spirit_flowers_maiden_wind,0.0
Erb_1313,0,0_spirit_flowers_maiden_wind,0.0
Erb_1316,0,0_spirit_flowers_maiden_wind,0.0
Erb_1317,6,6_village_skirt_autumn_bread,1.0
Erb_1319,0,0_spirit_flowers_maiden_wind,0.0
Erb_1320,7,7_tended herd_servant_plow_shepherd,1.0
Erb_1322,0,0_spirit_flowers_maiden_wind,0.0
Erb_1325,6,6_village_skirt_autumn_bread,1.0
Erb_1326,0,0_spirit_flowers_maiden_wind,0.0
Erb_1330,0,0_spirit_flowers_maiden_wind,0.0
Erb_1335,6,6_village_skirt_autumn_bread,0.7530924
Erb_1337,8,8_bride_wedding_maidens_marriage,1.0
Erb_1340,6,6_village_skirt_autumn_bread,1.0
Erb_1341,6,6_village_skirt_autumn_bread,1.0
Erb_1345,0,0_spirit_flowers_maiden_wind,0.0
Erb_1346,8,8_bride_wedding_maidens_marriage,1.0
Erb_1348,0,0_spirit_flowers_maiden_wind,0.0
Erb_1349,0,0_spirit_flowers_maiden_wind,0.0
Erb_1350,0,0_spirit_flowers_maiden_wind,0.0
Erb_1351,0,0_spirit_flowers_maiden_wind,0.0
Erb_1352,0,0_spirit_flowers_maiden_wind,0.0
Erb_1353,0,0_spirit_flowers_maiden_wind,0.0
Erb_1354,0,0_spirit_flowers_maiden_wind,0.0
Erb_1355,0,0_spirit_flowers_maiden_wind,0.0
Erb_1357,0,0_spirit_flowers_maiden_wind,0.0
Erb_1358,0,0_spirit_flowers_maiden_wind,0.0
Erb_1359,0,0_spirit_flowers_maiden_wind,0.0
Erb_1361,8,8_bride_wedding_maidens_marriage,0.70031214
Erb_1363,8,8_bride_wedding_maidens_marriage,0.70262945
Erb_1365,7,7_tended herd_servant_plow_shepherd,1.0
Erb_1367,6,6_village_skirt_autumn_bread,1.0
Erb_1368,0,0_spirit_flowers_maiden_wind,0.0
Erb_1369,4,4_little birds_horses_horse_poor parish,1.0
Erb_1371,0,0_spirit_flowers_maiden_wind,0.0
Erb_1372,0,0_spirit_flowers_maiden_wind,0.0
Erb_1373,0,0_spirit_flowers_maiden_wind,0.0
Erb_1375,0,0_spirit_flowers_maiden_wind,0.0
Erb_1378,0,0_spirit_flowers_maiden_wind,0.0
Erb_1380,0,0_spirit_flowers_maiden_wind,0.0
Erb_1381,0,0_spirit_flowers_maiden_wind,0.0
Erb_1382,0,0_spirit_flowers_maiden_wind,0.0
Erb_1383,7,7_tended herd_servant_plow_shepherd,1.0
Erb_1385,8,8_bride_wedding_maidens_marriage,1.0
Erb_1388,0,0_spirit_flowers_maiden_wind,0.0
Erb_1390,6,6_village_skirt_autumn_bread,1.0
Erb_1392,6,6_village_skirt_autumn_bread,1.0
Erb_1395,8,8_bride_wedding_maidens_marriage,1.0
Erb_1397,0,0_spirit_flowers_maiden_wind,0.0
Erb_1398,6,6_village_skirt_autumn_bread,1.0
Erb_1400,4,4_little birds_horses_horse_poor parish,1.0
Erb_1401,8,8_bride_wedding_maidens_marriage,1.0
Erb_1402,0,0_spirit_flowers_maiden_wind,0.0
Erb_1404,8,8_bride_wedding_maidens_marriage,1.0
Erb_1406,6,6_village_skirt_autumn_bread,1.0
Erb_1407,0,0_spirit_flowers_maiden_wind,0.0
Erb_1408,0,0_spirit_flowers_maiden_wind,0.0
Erb_1409,0,0_spirit_flowers_maiden_wind,0.0
Erb_1410,0,0_spirit_flowers_maiden_wind,0.0
Erb_1411,0,0_spirit_flowers_maiden_wind,0.0
Erb_1413,0,0_spirit_flowers_maiden_wind,0.0
Erb_1415,0,0_spirit_flowers_maiden_wind,0.0
Erb_1416,0,0_spirit_flowers_maiden_wind,0.0
Erb_1418,0,0_spirit_flowers_maiden_wind,0.0
Erb_1419,5,5_hwanghae_flowers_river_bloom flowers,1.0
Erb_1420,0,0_spirit_flowers_maiden_wind,0.0
Erb_1421,5,5_hwanghae_flowers_river_bloom flowers,1.0
Erb_1422,0,0_spirit_flowers_maiden_wind,0.0
Erb_1423,8,8_bride_wedding_maidens_marriage,1.0
Erb_1425,0,0_spirit_flowers_maiden_wind,0.0
Erb_1428,0,0_spirit_flowers_maiden_wind,0.0
Erb_1429,6,6_village_skirt_autumn_bread,1.0
Erb_1430,5,5_hwanghae_flowers_river_bloom flowers,1.0
Erb_1431,0,0_spirit_flowers_maiden_wind,0.0
Erb_1432,0,0_spirit_flowers_maiden_wind,0.0
Erb_1433,0,0_spirit_flowers_maiden_wind,0.0
Erb_1434,3,3_servant_servants_piet_dip,1.0
Erb_1435,0,0_spirit_flowers_maiden_wind,0.0
Erb_1436,6,6_village_skirt_autumn_bread,1.0
Erb_1437,0,0_spirit_flowers_maiden_wind,0.0
Erb_1438,0,0_spirit_flowers_maiden_wind,0.0
Erb_1439,3,3_servant_servants_piet_dip,1.0
Erb_1442,6,6_village_skirt_autumn_bread,1.0
Erb_1443,0,0_spirit_flowers_maiden_wind,0.0
Erb_1444,0,0_spirit_flowers_maiden_wind,0.0
Erb_1449,5,5_hwanghae_flowers_river_bloom flowers,1.0
Erb_1450,0,0_spirit_flowers_maiden_wind,0.0
Erb_1451,0,0_spirit_flowers_maiden_wind,0.0
Erb_1452,0,0_spirit_flowers_maiden_wind,0.0
Erb_1453,0,0_spirit_flowers_maiden_wind,0.0
Erb_1454,0,0_spirit_flowers_maiden_wind,0.0
Erb_1455,0,0_spirit_flowers_maiden_wind,0.0
Erb_1456,0,0_spirit_flowers_maiden_wind,0.0
Erb_1457,0,0_spirit_flowers_maiden_wind,0.0
Erb_1458,6,6_village_skirt_autumn_bread,1.0
Erb_1460,0,0_spirit_flowers_maiden_wind,0.0
Erb_1462,7,7_tended herd_servant_plow_shepherd,1.0
Erb_1463,0,0_spirit_flowers_maiden_wind,0.0
Erb_1465,0,0_spirit_flowers_maiden_wind,0.0
Erb_1467,6,6_village_skirt_autumn_bread,1.0
Erb_1469,0,0_spirit_flowers_maiden_wind,0.0
Erb_1470,0,0_spirit_flowers_maiden_wind,0.0
Erb_1471,0,0_spirit_flowers_maiden_wind,0.0
Erb_1473,0,0_spirit_flowers_maiden_wind,0.0
Erb_1474,0,0_spirit_flowers_maiden_wind,0.0
Erb_1476,0,0_spirit_flowers_maiden_wind,0.0
Erb_1478,0,0_spirit_flowers_maiden_wind,0.0
Erb_1479,8,8_bride_wedding_maidens_marriage,1.0
Erb_1480,0,0_spirit_flowers_maiden_wind,0.0
Erb_1482,0,0_spirit_flowers_maiden_wind,0.0
Erb_1483,0,0_spirit_flowers_maiden_wind,0.0
Erb_1484,6,6_village_skirt_autumn_bread,1.0
Erb_1485,0,0_spirit_flowers_maiden_wind,0.0
Erb_1487,0,0_spirit_flowers_maiden_wind,0.0
Erb_1488,0,0_spirit_flowers_maiden_wind,0.0
Erb_1489,0,0_spirit_flowers_maiden_wind,0.0
Erb_1490,6,6_village_skirt_autumn_bread,1.0
Erb_1491,0,0_spirit_flowers_maiden_wind,0.0
Erb_1492,6,6_village_skirt_autumn_bread,1.0
Erb_1493,0,0_spirit_flowers_maiden_wind,0.0
Erb_1494,0,0_spirit_flowers_maiden_wind,0.0
Erb_1495,0,0_spirit_flowers_maiden_wind,0.0
Erb_1496,8,8_bride_wedding_maidens_marriage,1.0
Erb_1499,0,0_spirit_flowers_maiden_wind,0.0
Erb_1501,5,5_hwanghae_flowers_river_bloom flowers,0.49612704
Erb_1503,0,0_spirit_flowers_maiden_wind,0.0
Erb_1505,6,6_village_skirt_autumn_bread,1.0
Erb_1506,6,6_village_skirt_autumn_bread,1.0
Erb_1510,0,0_spirit_flowers_maiden_wind,0.0
Erb_1513,0,0_spirit_flowers_maiden_wind,0.0
Erb_1514,0,0_spirit_flowers_maiden_wind,0.0
Erb_1515,6,6_village_skirt_autumn_bread,0.47518322
Erb_1516,6,6_village_skirt_autumn_bread,1.0
Erb_1517,0,0_spirit_flowers_maiden_wind,0.0
Erb_1519,0,0_spirit_flowers_maiden_wind,0.0
Erb_1521,6,6_village_skirt_autumn_bread,1.0
Erb_1524,0,0_spirit_flowers_maiden_wind,0.0
Erb_1525,0,0_spirit_flowers_maiden_wind,0.0
Erb_1526,0,0_spirit_flowers_maiden_wind,0.0
Erb_1528,0,0_spirit_flowers_maiden_wind,0.0
Erb_1529,0,0_spirit_flowers_maiden_wind,0.0
Erb_1530,0,0_spirit_flowers_maiden_wind,0.0
Erb_1531,0,0_spirit_flowers_maiden_wind,0.0
Erb_1532,0,0_spirit_flowers_maiden_wind,0.0
Erb_1533,7,7_tended herd_servant_plow_shepherd,1.0
Erb_1534,7,7_tended herd_servant_plow_shepherd,1.0
Erb_1535,6,6_village_skirt_autumn_bread,1.0
Erb_1536,0,0_spirit_flowers_maiden_wind,0.0
Erb_1537,0,0_spirit_flowers_maiden_wind,0.0
Erb_1538,0,0_spirit_flowers_maiden_wind,0.0
Erb_1539,6,6_village_skirt_autumn_bread,1.0
Erb_1543,7,7_tended herd_servant_plow_shepherd,1.0
Erb_1544,8,8_bride_wedding_maidens_marriage,1.0
Erb_1545,0,0_spirit_flowers_maiden_wind,0.0
Erb_1546,0,0_spirit_flowers_maiden_wind,0.0
Erb_1547,6,6_village_skirt_autumn_bread,0.72836274
Erb_1548,0,0_spirit_flowers_maiden_wind,0.0
Erb_1549,6,6_village_skirt_autumn_bread,1.0
Erb_1550,0,0_spirit_flowers_maiden_wind,0.0
Erb_1551,0,0_spirit_flowers_maiden_wind,0.0
Erb_1552,7,7_tended herd_servant_plow_shepherd,1.0
Erb_1553,5,5_hwanghae_flowers_river_bloom flowers,1.0
Erb_1554,6,6_village_skirt_autumn_bread,1.0
Erb_1555,0,0_spirit_flowers_maiden_wind,0.0
Erb_1556,7,7_tended herd_servant_plow_shepherd,1.0
Erb_1557,0,0_spirit_flowers_maiden_wind,0.0
Erb_1558,0,0_spirit_flowers_maiden_wind,0.0
Erb_1559,6,6_village_skirt_autumn_bread,1.0
Erb_1560,6,6_village_skirt_autumn_bread,1.0
Erb_1561,0,0_spirit_flowers_maiden_wind,0.0
Erb_1562,0,0_spirit_flowers_maiden_wind,0.0
Erb_1563,0,0_spirit_flowers_maiden_wind,0.0
Erb_1565,0,0_spirit_flowers_maiden_wind,0.0
Erb_1566,0,0_spirit_flowers_maiden_wind,0.0
Erb_1567,3,3_servant_servants_piet_dip,1.0
Erb_1568,0,0_spirit_flowers_maiden_wind,0.0
Erb_1570,6,6_village_skirt_autumn_bread,1.0
Erb_1571,0,0_spirit_flowers_maiden_wind,0.0
Erb_1572,0,0_spirit_flowers_maiden_wind,0.0
Erb_1573,0,0_spirit_flowers_maiden_wind,0.0
Erb_1574,8,8_bride_wedding_maidens_marriage,1.0
Erb_1575,0,0_spirit_flowers_maiden_wind,0.0
Erb_1577,0,0_spirit_flowers_maiden_wind,0.0
Erb_1579,0,0_spirit_flowers_maiden_wind,0.0
Erb_1583,6,6_village_skirt_autumn_bread,1.0
Erb_1584,0,0_spirit_flowers_maiden_wind,0.0
Erb_1585,0,0_spirit_flowers_maiden_wind,0.0
Erb_1586,6,6_village_skirt_autumn_bread,1.0
Erb_1587,6,6_village_skirt_autumn_bread,1.0
Erb_1588,0,0_spirit_flowers_maiden_wind,0.0
Erb_1589,6,6_village_skirt_autumn_bread,0.5161161
Erb_1591,6,6_village_skirt_autumn_bread,0.56139356
Erb_1592,0,0_spirit_flowers_maiden_wind,0.0
Erb_1593,8,8_bride_wedding_maidens_marriage,1.0
Erb_1594,0,0_spirit_flowers_maiden_wind,0.0
Erb_1595,6,6_village_skirt_autumn_bread,1.0
Erb_1596,6,6_village_skirt_autumn_bread,1.0
Erb_1598,6,6_village_skirt_autumn_bread,1.0
Erb_1599,0,0_spirit_flowers_maiden_wind,0.0
Erb_1600,0,0_spirit_flowers_maiden_wind,0.0
Erb_1601,0,0_spirit_flowers_maiden_wind,0.0
Erb_1602,0,0_spirit_flowers_maiden_wind,0.0
Erb_1603,0,0_spirit_flowers_maiden_wind,0.0
Erb_1604,0,0_spirit_flowers_maiden_wind,0.0
Erb_1605,0,0_spirit_flowers_maiden_wind,0.0
Erb_1606,6,6_village_skirt_autumn_bread,1.0
Erb_1608,0,0_spirit_flowers_maiden_wind,0.0
Erb_1609,0,0_spirit_flowers_maiden_wind,0.0
Erb_1610,0,0_spirit_flowers_maiden_wind,0.0
Erb_1611,5,5_hwanghae_flowers_river_bloom flowers,0.7320028
Erb_1612,6,6_village_skirt_autumn_bread,1.0
Erb_1613,0,0_spirit_flowers_maiden_wind,0.0
Erb_1614,0,0_spirit_flowers_maiden_wind,0.0
Erb_1615,7,7_tended herd_servant_plow_shepherd,1.0
Erb_1617,0,0_spirit_flowers_maiden_wind,0.0
Erb_1618,0,0_spirit_flowers_maiden_wind,0.0
Erb_1620,6,6_village_skirt_autumn_bread,0.5101258
Erb_1622,6,6_village_skirt_autumn_bread,1.0
Erb_1624,0,0_spirit_flowers_maiden_wind,0.0
Erb_1626,6,6_village_skirt_autumn_bread,1.0
Erb_1627,7,7_tended herd_servant_plow_shepherd,1.0
Erb_1628,6,6_village_skirt_autumn_bread,1.0
Erb_1629,0,0_spirit_flowers_maiden_wind,0.0
Erb_1630,0,0_spirit_flowers_maiden_wind,0.0
Erb_1633,0,0_spirit_flowers_maiden_wind,0.0
Erb_1634,0,0_spirit_flowers_maiden_wind,0.0
Erb_1636,0,0_spirit_flowers_maiden_wind,0.0
Erb_1637,0,0_spirit_flowers_maiden_wind,0.0
Erb_1638,0,0_spirit_flowers_maiden_wind,0.0
Erb_1639,0,0_spirit_flowers_maiden_wind,0.0
Erb_1640,8,8_bride_wedding_maidens_marriage,1.0
Erb_1646,0,0_spirit_flowers_maiden_wind,0.0
Erb_1647,6,6_village_skirt_autumn_bread,1.0
Erb_1650,6,6_village_skirt_autumn_bread,1.0
Erb_1652,0,0_spirit_flowers_maiden_wind,0.0
Erb_1654,0,0_spirit_flowers_maiden_wind,0.0
Erb_1655,6,6_village_skirt_autumn_bread,1.0
Erb_1656,0,0_spirit_flowers_maiden_wind,0.0
Erb_1657,0,0_spirit_flowers_maiden_wind,0.0
Erb_1658,0,0_spirit_flowers_maiden_wind,0.0
Erb_1659,0,0_spirit_flowers_maiden_wind,0.0
Erb_1661,6,6_village_skirt_autumn_bread,1.0
Erb_1663,0,0_spirit_flowers_maiden_wind,0.0
Erb_1665,8,8_bride_wedding_maidens_marriage,0.7050463
Erb_1667,6,6_village_skirt_autumn_bread,1.0
Erb_1668,6,6_village_skirt_autumn_bread,1.0
Erb_1670,0,0_spirit_flowers_maiden_wind,0.0
Erb_1671,0,0_spirit_flowers_maiden_wind,0.0
Erb_1672,0,0_spirit_flowers_maiden_wind,0.0
Erb_1673,0,0_spirit_flowers_maiden_wind,0.0
Erb_1674,6,6_village_skirt_autumn_bread,1.0
Erb_1675,0,0_spirit_flowers_maiden_wind,0.0
Erb_1676,3,3_servant_servants_piet_dip,1.0
Erb_1677,6,6_village_skirt_autumn_bread,1.0
Erb_1678,0,0_spirit_flowers_maiden_wind,0.0
Erb_1679,0,0_spirit_flowers_maiden_wind,0.0
Erb_1681,0,0_spirit_flowers_maiden_wind,0.0
Erb_1683,7,7_tended herd_servant_plow_shepherd,1.0
Erb_1684,8,8_bride_wedding_maidens_marriage,1.0
Erb_1685,8,8_bride_wedding_maidens_marriage,1.0
Erb_1687,6,6_village_skirt_autumn_bread,1.0
Erb_1688,0,0_spirit_flowers_maiden_wind,0.0
Erb_1689,0,0_spirit_flowers_maiden_wind,0.0
Erb_1690,0,0_spirit_flowers_maiden_wind,0.0
Erb_1691,6,6_village_skirt_autumn_bread,1.0
Erb_1692,0,0_spirit_flowers_maiden_wind,0.0
Erb_1693,6,6_village_skirt_autumn_bread,0.65827346
Erb_1695,0,0_spirit_flowers_maiden_wind,0.0
Erb_1696,6,6_village_skirt_autumn_bread,1.0
Erb_1697,0,0_spirit_flowers_maiden_wind,0.0
Erb_1698,0,0_spirit_flowers_maiden_wind,0.0
Erb_1702,0,0_spirit_flowers_maiden_wind,0.0
Erb_1703,0,0_spirit_flowers_maiden_wind,0.0
Erb_1704,7,7_tended herd_servant_plow_shepherd,1.0
Erb_1705,7,7_tended herd_servant_plow_shepherd,1.0
Erb_1706,0,0_spirit_flowers_maiden_wind,0.0
Erb_1708,0,0_spirit_flowers_maiden_wind,0.0
Erb_1709,0,0_spirit_flowers_maiden_wind,0.0
Erb_1710,0,0_spirit_flowers_maiden_wind,0.0
Erb_1711,0,0_spirit_flowers_maiden_wind,0.0
Erb_1712,0,0_spirit_flowers_maiden_wind,0.0
Erb_1713,6,6_village_skirt_autumn_bread,1.0
Erb_1716,6,6_village_skirt_autumn_bread,1.0
Erb_1718,0,0_spirit_flowers_maiden_wind,0.0
Erb_1720,0,0_spirit_flowers_maiden_wind,0.0
Erb_1721,0,0_spirit_flowers_maiden_wind,0.0
Erb_1722,0,0_spirit_flowers_maiden_wind,0.0
Erb_1723,0,0_spirit_flowers_maiden_wind,0.0
Erb_1724,8,8_bride_wedding_maidens_marriage,1.0
Erb_1726,6,6_village_skirt_autumn_bread,1.0
Erb_1727,0,0_spirit_flowers_maiden_wind,0.0
Erb_1728,0,0_spirit_flowers_maiden_wind,0.0
Erb_1729,0,0_spirit_flowers_maiden_wind,0.0
Erb_1730,0,0_spirit_flowers_maiden_wind,0.0
Erb_1731,0,0_spirit_flowers_maiden_wind,0.0
Erb_1733,0,0_spirit_flowers_maiden_wind,0.0
Erb_1734,6,6_village_skirt_autumn_bread,1.0
Erb_1736,0,0_spirit_flowers_maiden_wind,0.0
Erb_1737,6,6_village_skirt_autumn_bread,1.0
Erb_1738,0,0_spirit_flowers_maiden_wind,0.0
Erb_1739,0,0_spirit_flowers_maiden_wind,0.0
Erb_1740,0,0_spirit_flowers_maiden_wind,0.0
Erb_1744,0,0_spirit_flowers_maiden_wind,0.0
Erb_1745,6,6_village_skirt_autumn_bread,1.0
Erb_1746,0,0_spirit_flowers_maiden_wind,0.0
Erb_1747,6,6_village_skirt_autumn_bread,1.0
Erb_1748,0,0_spirit_flowers_maiden_wind,0.0
Erb_1749,0,0_spirit_flowers_maiden_wind,0.0
Erb_1752,0,0_spirit_flowers_maiden_wind,0.0
Erb_1753,6,6_village_skirt_autumn_bread,0.5968119
Erb_1754,0,0_spirit_flowers_maiden_wind,0.0
Erb_1755,0,0_spirit_flowers_maiden_wind,0.0
Erb_1756,0,0_spirit_flowers_maiden_wind,0.0
Erb_1757,0,0_spirit_flowers_maiden_wind,0.0
Erb_1758,6,6_village_skirt_autumn_bread,1.0
Erb_1760,8,8_bride_wedding_maidens_marriage,1.0
Erb_1762,0,0_spirit_flowers_maiden_wind,0.0
Erb_1764,0,0_spirit_flowers_maiden_wind,0.0
Erb_1766,0,0_spirit_flowers_maiden_wind,0.0
Erb_1767,6,6_village_skirt_autumn_bread,1.0
Erb_1768,0,0_spirit_flowers_maiden_wind,0.0
Erb_1769,6,6_village_skirt_autumn_bread,1.0
Erb_1772,6,6_village_skirt_autumn_bread,1.0
Erb_1775,6,6_village_skirt_autumn_bread,1.0
Erb_1778,8,8_bride_wedding_maidens_marriage,0.7174194
Erb_1780,0,0_spirit_flowers_maiden_wind,0.0
Erb_1781,6,6_village_skirt_autumn_bread,1.0
Erb_1782,6,6_village_skirt_autumn_bread,1.0
Erb_1784,0,0_spirit_flowers_maiden_wind,0.0
Erb_1785,0,0_spirit_flowers_maiden_wind,0.0
Erb_1787,6,6_village_skirt_autumn_bread,1.0
Erb_1788,0,0_spirit_flowers_maiden_wind,0.0
Erb_1789,0,0_spirit_flowers_maiden_wind,0.0
Erb_1790,0,0_spirit_flowers_maiden_wind,0.0
Erb_1791,0,0_spirit_flowers_maiden_wind,0.0
Erb_1792,0,0_spirit_flowers_maiden_wind,0.0
Erb_1793,6,6_village_skirt_autumn_bread,1.0
Erb_1794,0,0_spirit_flowers_maiden_wind,0.0
Erb_1795,6,6_village_skirt_autumn_bread,1.0
Erb_1796,0,0_spirit_flowers_maiden_wind,0.0
Erb_1797,0,0_spirit_flowers_maiden_wind,0.0
Erb_1798,0,0_spirit_flowers_maiden_wind,0.0
Erb_1799,0,0_spirit_flowers_maiden_wind,0.0
Erb_1800,0,0_spirit_flowers_maiden_wind,0.0
Erb_1801,0,0_spirit_flowers_maiden_wind,0.0
Erb_1802,0,0_spirit_flowers_maiden_wind,0.0
Erb_1803,6,6_village_skirt_autumn_bread,1.0
Erb_1804,3,3_servant_servants_piet_dip,1.0
Erb_1807,0,0_spirit_flowers_maiden_wind,0.0
Erb_1809,0,0_spirit_flowers_maiden_wind,0.0
Erb_1811,8,8_bride_wedding_maidens_marriage,1.0
Erb_1814,0,0_spirit_flowers_maiden_wind,0.0
Erb_1815,8,8_bride_wedding_maidens_marriage,0.7116368
Erb_1816,4,4_little birds_horses_horse_poor parish,1.0
Erb_1817,7,7_tended herd_servant_plow_shepherd,0.649061
Erb_1818,0,0_spirit_flowers_maiden_wind,0.0
Erb_1819,0,0_spirit_flowers_maiden_wind,0.0
Erb_1820,0,0_spirit_flowers_maiden_wind,0.0
Erb_1821,6,6_village_skirt_autumn_bread,1.0
Erb_1823,0,0_spirit_flowers_maiden_wind,0.0
Erb_1824,0,0_spirit_flowers_maiden_wind,0.0
Erb_1827,7,7_tended herd_servant_plow_shepherd,1.0
Erb_1828,0,0_spirit_flowers_maiden_wind,0.0
Erb_1829,0,0_spirit_flowers_maiden_wind,0.0
Erb_1831,0,0_spirit_flowers_maiden_wind,0.0
Erb_1833,0,0_spirit_flowers_maiden_wind,0.0
Erb_1834,7,7_tended herd_servant_plow_shepherd,1.0
Erb_1836,0,0_spirit_flowers_maiden_wind,0.0
Erb_1838,0,0_spirit_flowers_maiden_wind,0.0
Erb_1839,7,7_tended herd_servant_plow_shepherd,1.0
Erb_1840,8,8_bride_wedding_maidens_marriage,1.0
Erb_1843,0,0_spirit_flowers_maiden_wind,0.0
Erb_1844,0,0_spirit_flowers_maiden_wind,0.0
Erb_1848,0,0_spirit_flowers_maiden_wind,0.0
Erb_1858,8,8_bride_wedding_maidens_marriage,1.0
Erb_1860,0,0_spirit_flowers_maiden_wind,0.0
Erb_1861,0,0_spirit_flowers_maiden_wind,0.0
Erb_1864,0,0_spirit_flowers_maiden_wind,0.0
Erb_1865,0,0_spirit_flowers_maiden_wind,0.0
Erb_1866,0,0_spirit_flowers_maiden_wind,0.0
Erb_1867,0,0_spirit_flowers_maiden_wind,0.0
Erb_1868,3,3_servant_servants_piet_dip,0.6397774
Erb_1872,6,6_village_skirt_autumn_bread,1.0
Erb_1873,0,0_spirit_flowers_maiden_wind,0.0
Erb_1874,0,0_spirit_flowers_maiden_wind,0.0
Erb_1875,7,7_tended herd_servant_plow_shepherd,1.0
Erb_1876,0,0_spirit_flowers_maiden_wind,0.0
Erb_1877,0,0_spirit_flowers_maiden_wind,0.0
Erb_1878,0,0_spirit_flowers_maiden_wind,0.0
Erb_1879,8,8_bride_wedding_maidens_marriage,0.84646714
Erb_1882,0,0_spirit_flowers_maiden_wind,0.0
Erb_1883,0,0_spirit_flowers_maiden_wind,0.0
Erb_1884,0,0_spirit_flowers_maiden_wind,0.0
Erb_1887,0,0_spirit_flowers_maiden_wind,0.0
Erb_1890,0,0_spirit_flowers_maiden_wind,0.0
Erb_1893,7,7_tended herd_servant_plow_shepherd,1.0
Erb_1894,8,8_bride_wedding_maidens_marriage,1.0
Erb_1895,0,0_spirit_flowers_maiden_wind,0.0
Erb_1896,6,6_village_skirt_autumn_bread,1.0
Erb_1897,0,0_spirit_flowers_maiden_wind,0.0
Erb_1898,0,0_spirit_flowers_maiden_wind,0.0
Erb_1905,5,5_hwanghae_flowers_river_bloom flowers,1.0
Erb_1907,5,5_hwanghae_flowers_river_bloom flowers,1.0
Erb_1909,3,3_servant_servants_piet_dip,1.0
Erb_1910,6,6_village_skirt_autumn_bread,1.0
Erb_1915,0,0_spirit_flowers_maiden_wind,0.0
Erb_1917,0,0_spirit_flowers_maiden_wind,0.0
Erb_1918,0,0_spirit_flowers_maiden_wind,0.0
Erb_1924,8,8_bride_wedding_maidens_marriage,1.0
Erb_1928,6,6_village_skirt_autumn_bread,0.67309827
Erb_1929,0,0_spirit_flowers_maiden_wind,0.0
Erb_1930,0,0_spirit_flowers_maiden_wind,0.0
Erb_1931,0,0_spirit_flowers_maiden_wind,0.0
Erb_1932,0,0_spirit_flowers_maiden_wind,0.0
Erb_1934,7,7_tended herd_servant_plow_shepherd,0.5510167
Erb_1940,0,0_spirit_flowers_maiden_wind,0.0
Erb_1942,0,0_spirit_flowers_maiden_wind,0.0
Erb_1943,0,0_spirit_flowers_maiden_wind,0.0
Erb_1944,8,8_bride_wedding_maidens_marriage,1.0
Erb_1945,8,8_bride_wedding_maidens_marriage,1.0
Erb_1946,7,7_tended herd_servant_plow_shepherd,0.88619095
Erb_1948,7,7_tended herd_servant_plow_shepherd,0.61054766
Erb_1950,7,7_tended herd_servant_plow_shepherd,1.0
Erb_1951,0,0_spirit_flowers_maiden_wind,0.0
Erb_1952,5,5_hwanghae_flowers_river_bloom flowers,0.4910008
Erb_1955,0,0_spirit_flowers_maiden_wind,0.0
Erb_1957,8,8_bride_wedding_maidens_marriage,1.0
Erb_1958,8,8_bride_wedding_maidens_marriage,1.0
Erb_1959,6,6_village_skirt_autumn_bread,0.5239693
Erb_1967,0,0_spirit_flowers_maiden_wind,0.0
Erb_1968,0,0_spirit_flowers_maiden_wind,0.0
Erb_1969,6,6_village_skirt_autumn_bread,1.0
Erb_1970,6,6_village_skirt_autumn_bread,1.0
Erb_1972,0,0_spirit_flowers_maiden_wind,0.0
Erb_1973,0,0_spirit_flowers_maiden_wind,0.0
Erb_1974,0,0_spirit_flowers_maiden_wind,0.0
Erb_1978,0,0_spirit_flowers_maiden_wind,0.0
Erb_1979,0,0_spirit_flowers_maiden_wind,0.0
Erb_1980,8,8_bride_wedding_maidens_marriage,1.0
Erb_1981,6,6_village_skirt_autumn_bread,1.0
Erb_1982,6,6_village_skirt_autumn_bread,1.0
Erb_1984,7,7_tended herd_servant_plow_shepherd,1.0
Erb_1987,6,6_village_skirt_autumn_bread,0.7389805
Erb_1988,7,7_tended herd_servant_plow_shepherd,1.0
Erb_1989,0,0_spirit_flowers_maiden_wind,0.0
Erb_1991,0,0_spirit_flowers_maiden_wind,0.0
Erb_1992,0,0_spirit_flowers_maiden_wind,0.0
Erb_1993,0,0_spirit_flowers_maiden_wind,0.0
Erb_1994,0,0_spirit_flowers_maiden_wind,0.0
Erb_1995,0,0_spirit_flowers_maiden_wind,0.0
Erb_1997,7,7_tended herd_servant_plow_shepherd,1.0
Erb_1999,7,7_tended herd_servant_plow_shepherd,0.6731621
Erb_2003,7,7_tended herd_servant_plow_shepherd,1.0
Erb_2004,7,7_tended herd_servant_plow_shepherd,0.5927983
Erb_2005,0,0_spirit_flowers_maiden_wind,0.0
Erb_2009,0,0_spirit_flowers_maiden_wind,0.0
Erb_2013,8,8_bride_wedding_maidens_marriage,1.0
Erb_2016,0,0_spirit_flowers_maiden_wind,0.0
Erb_2017,0,0_spirit_flowers_maiden_wind,0.0
Erb_2018,8,8_bride_wedding_maidens_marriage,1.0
Erb_2020,6,6_village_skirt_autumn_bread,1.0
Erb_2022,0,0_spirit_flowers_maiden_wind,0.0
Erb_2023,0,0_spirit_flowers_maiden_wind,0.0
Erb_2024,0,0_spirit_flowers_maiden_wind,0.0
Erb_2025,0,0_spirit_flowers_maiden_wind,0.0
Erb_2026,0,0_spirit_flowers_maiden_wind,0.0
Erb_2027,8,8_bride_wedding_maidens_marriage,0.886093
Erb_2034,0,0_spirit_flowers_maiden_wind,0.0
Erb_2036,8,8_bride_wedding_maidens_marriage,1.0
Erb_2039,0,0_spirit_flowers_maiden_wind,0.0
Erb_2040,8,8_bride_wedding_maidens_marriage,1.0
Erb_2041,0,0_spirit_flowers_maiden_wind,0.0
Erb_2044,8,8_bride_wedding_maidens_marriage,1.0
Erb_2048,8,8_bride_wedding_maidens_marriage,1.0
Erb_2049,0,0_spirit_flowers_maiden_wind,0.0
Erb_2051,0,0_spirit_flowers_maiden_wind,0.0
Erb_2052,6,6_village_skirt_autumn_bread,1.0
Erb_2054,8,8_bride_wedding_maidens_marriage,1.0
Erb_2055,0,0_spirit_flowers_maiden_wind,0.0
Erb_2056,8,8_bride_wedding_maidens_marriage,1.0
Erb_2057,0,0_spirit_flowers_maiden_wind,0.0
Erb_2058,0,0_spirit_flowers_maiden_wind,0.0
Erb_2059,3,3_servant_servants_piet_dip,1.0
Erb_2060,0,0_spirit_flowers_maiden_wind,0.0
Erb_2061,0,0_spirit_flowers_maiden_wind,0.0
Erb_2062,8,8_bride_wedding_maidens_marriage,1.0
Erb_2063,8,8_bride_wedding_maidens_marriage,1.0
Erb_2065,8,8_bride_wedding_maidens_marriage,1.0
Erb_2067,6,6_village_skirt_autumn_bread,1.0
Erb_2068,0,0_spirit_flowers_maiden_wind,0.0
Erb_2069,0,0_spirit_flowers_maiden_wind,0.0
Erb_2070,0,0_spirit_flowers_maiden_wind,0.0
Erb_2072,0,0_spirit_flowers_maiden_wind,0.0
Erb_2074,0,0_spirit_flowers_maiden_wind,0.0
Erb_2075,0,0_spirit_flowers_maiden_wind,0.0
Erb_2077,0,0_spirit_flowers_maiden_wind,0.0
Erb_2082,0,0_spirit_flowers_maiden_wind,0.0
Erb_2083,0,0_spirit_flowers_maiden_wind,0.0
Erb_2084,7,7_tended herd_servant_plow_shepherd,1.0
Erb_2086,8,8_bride_wedding_maidens_marriage,1.0
Erb_2088,8,8_bride_wedding_maidens_marriage,1.0
Erb_2089,6,6_village_skirt_autumn_bread,1.0
Erb_2090,0,0_spirit_flowers_maiden_wind,0.0
Erb_2091,3,3_servant_servants_piet_dip,1.0
Erb_2092,3,3_servant_servants_piet_dip,1.0
Erb_2093,0,0_spirit_flowers_maiden_wind,0.0
Erb_2095,0,0_spirit_flowers_maiden_wind,0.0
Erb_2097,6,6_village_skirt_autumn_bread,1.0
Erb_2099,0,0_spirit_flowers_maiden_wind,0.0
Erb_2100,6,6_village_skirt_autumn_bread,1.0
Erb_2102,8,8_bride_wedding_maidens_marriage,0.7385134
Erb_2104,8,8_bride_wedding_maidens_marriage,1.0
Erb_2106,0,0_spirit_flowers_maiden_wind,0.0
Erb_2107,6,6_village_skirt_autumn_bread,1.0
Erb_2108,0,0_spirit_flowers_maiden_wind,0.0
Erb_2109,0,0_spirit_flowers_maiden_wind,0.0
Erb_2110,0,0_spirit_flowers_maiden_wind,0.0
Erb_2112,0,0_spirit_flowers_maiden_wind,0.0
Erb_2113,8,8_bride_wedding_maidens_marriage,1.0
Erb_2114,6,6_village_skirt_autumn_bread,1.0
Erb_2116,0,0_spirit_flowers_maiden_wind,0.0
Erb_2117,0,0_spirit_flowers_maiden_wind,0.0
Erb_2119,6,6_village_skirt_autumn_bread,1.0
Erb_2120,0,0_spirit_flowers_maiden_wind,0.0
Erb_2121,6,6_village_skirt_autumn_bread,1.0
Erb_2124,0,0_spirit_flowers_maiden_wind,0.0
Erb_2126,0,0_spirit_flowers_maiden_wind,0.0
Erb_2127,0,0_spirit_flowers_maiden_wind,0.0
Erb_2128,0,0_spirit_flowers_maiden_wind,0.0
Erb_2130,0,0_spirit_flowers_maiden_wind,0.0
Erb_2131,6,6_village_skirt_autumn_bread,1.0
Erb_2134,6,6_village_skirt_autumn_bread,1.0
Erb_2135,0,0_spirit_flowers_maiden_wind,0.0
Erb_2137,6,6_village_skirt_autumn_bread,1.0
Erb_2138,0,0_spirit_flowers_maiden_wind,0.0
Erb_2141,0,0_spirit_flowers_maiden_wind,0.0
Erb_2143,0,0_spirit_flowers_maiden_wind,0.0
Erb_2145,0,0_spirit_flowers_maiden_wind,0.0
Erb_2146,6,6_village_skirt_autumn_bread,1.0
Erb_2150,6,6_village_skirt_autumn_bread,0.8170805
Erb_2151,6,6_village_skirt_autumn_bread,1.0
Erb_2153,0,0_spirit_flowers_maiden_wind,0.0
Erb_2154,0,0_spirit_flowers_maiden_wind,0.0
Erb_2159,0,0_spirit_flowers_maiden_wind,0.0
Erb_2160,0,0_spirit_flowers_maiden_wind,0.0
Erb_2163,7,7_tended herd_servant_plow_shepherd,1.0
Erb_2166,0,0_spirit_flowers_maiden_wind,0.0
Erb_2169,0,0_spirit_flowers_maiden_wind,0.0
Erb_2170,6,6_village_skirt_autumn_bread,1.0
Erb_2171,0,0_spirit_flowers_maiden_wind,0.0
Erb_2175,0,0_spirit_flowers_maiden_wind,0.0
Erb_2177,6,6_village_skirt_autumn_bread,1.0
Erb_2180,0,0_spirit_flowers_maiden_wind,0.0
Erb_2181,0,0_spirit_flowers_maiden_wind,0.0
Erb_2182,8,8_bride_wedding_maidens_marriage,1.0
Erb_2183,0,0_spirit_flowers_maiden_wind,0.0
Erb_2186,6,6_village_skirt_autumn_bread,1.0
Erb_2187,0,0_spirit_flowers_maiden_wind,0.0
Erb_2189,3,3_servant_servants_piet_dip,1.0
Erb_2190,6,6_village_skirt_autumn_bread,1.0
Erb_2191,3,3_servant_servants_piet_dip,1.0
Erb_2192,3,3_servant_servants_piet_dip,1.0
Erb_2194,7,7_tended herd_servant_plow_shepherd,0.73977894
Erb_2196,0,0_spirit_flowers_maiden_wind,0.0
Erb_2197,0,0_spirit_flowers_maiden_wind,0.0
Erb_2198,0,0_spirit_flowers_maiden_wind,0.0
Erb_2201,6,6_village_skirt_autumn_bread,0.69120306
Erb_2203,6,6_village_skirt_autumn_bread,0.59987533
Erb_2204,6,6_village_skirt_autumn_bread,1.0
Erb_2207,6,6_village_skirt_autumn_bread,1.0
Erb_2208,0,0_spirit_flowers_maiden_wind,0.0
Erb_2209,0,0_spirit_flowers_maiden_wind,0.0
Erb_2210,0,0_spirit_flowers_maiden_wind,0.0
Erb_2211,0,0_spirit_flowers_maiden_wind,0.0
Erb_2212,7,7_tended herd_servant_plow_shepherd,1.0
Erb_2213,6,6_village_skirt_autumn_bread,1.0
Erb_2215,0,0_spirit_flowers_maiden_wind,0.0
Erb_2216,6,6_village_skirt_autumn_bread,0.5993855
Erb_2217,0,0_spirit_flowers_maiden_wind,0.0
Erb_2219,8,8_bride_wedding_maidens_marriage,0.54260063
Erb_2220,6,6_village_skirt_autumn_bread,1.0
Erb_2221,0,0_spirit_flowers_maiden_wind,0.0
Erb_2223,0,0_spirit_flowers_maiden_wind,0.0
Erb_2224,6,6_village_skirt_autumn_bread,1.0
Erb_2225,0,0_spirit_flowers_maiden_wind,0.0
Erb_2227,0,0_spirit_flowers_maiden_wind,0.0
Erb_2228,0,0_spirit_flowers_maiden_wind,0.0
Erb_2230,0,0_spirit_flowers_maiden_wind,0.0
Erb_2231,0,0_spirit_flowers_maiden_wind,0.0
Erb_2232,6,6_village_skirt_autumn_bread,1.0
Erb_2233,0,0_spirit_flowers_maiden_wind,0.0
Erb_2234,0,0_spirit_flowers_maiden_wind,0.0
Erb_2235,6,6_village_skirt_autumn_bread,1.0
Erb_2238,7,7_tended herd_servant_plow_shepherd,0.51752377
Erb_2239,6,6_village_skirt_autumn_bread,1.0
Erb_2240,6,6_village_skirt_autumn_bread,1.0
Erb_2241,0,0_spirit_flowers_maiden_wind,0.0
Erb_2243,0,0_spirit_flowers_maiden_wind,0.0
Erb_2244,0,0_spirit_flowers_maiden_wind,0.0
Erb_2245,0,0_spirit_flowers_maiden_wind,0.0
Erb_2246,0,0_spirit_flowers_maiden_wind,0.0
Erb_2248,0,0_spirit_flowers_maiden_wind,0.0
Erb_2249,0,0_spirit_flowers_maiden_wind,0.0
Erb_2250,0,0_spirit_flowers_maiden_wind,0.0
Erb_2252,0,0_spirit_flowers_maiden_wind,0.0
Erb_2255,0,0_spirit_flowers_maiden_wind,0.0
Erb_2256,7,7_tended herd_servant_plow_shepherd,1.0
Erb_2257,0,0_spirit_flowers_maiden_wind,0.0
Erb_2260,0,0_spirit_flowers_maiden_wind,0.0
Erb_2261,0,0_spirit_flowers_maiden_wind,0.0
Erb_2264,0,0_spirit_flowers_maiden_wind,0.0
Erb_2265,6,6_village_skirt_autumn_bread,1.0
Erb_2266,0,0_spirit_flowers_maiden_wind,0.0
Erb_2268,6,6_village_skirt_autumn_bread,1.0
Erb_2269,0,0_spirit_flowers_maiden_wind,0.0
Erb_2270,6,6_village_skirt_autumn_bread,1.0
Erb_2271,8,8_bride_wedding_maidens_marriage,1.0
Erb_2272,0,0_spirit_flowers_maiden_wind,0.0
Erb_2276,7,7_tended herd_servant_plow_shepherd,1.0
Erb_2277,0,0_spirit_flowers_maiden_wind,0.0
Erb_2278,0,0_spirit_flowers_maiden_wind,0.0
Erb_2279,0,0_spirit_flowers_maiden_wind,0.0
Erb_2280,0,0_spirit_flowers_maiden_wind,0.0
Erb_2282,0,0_spirit_flowers_maiden_wind,0.0
Erb_2283,0,0_spirit_flowers_maiden_wind,0.0
Erb_2284,6,6_village_skirt_autumn_bread,1.0
Erb_2285,6,6_village_skirt_autumn_bread,1.0
Erb_2286,0,0_spirit_flowers_maiden_wind,0.0
Erb_2287,6,6_village_skirt_autumn_bread,1.0
Erb_2291,0,0_spirit_flowers_maiden_wind,0.0
Erb_2292,0,0_spirit_flowers_maiden_wind,0.0
Erb_2293,6,6_village_skirt_autumn_bread,1.0
Erb_2296,8,8_bride_wedding_maidens_marriage,1.0
Erb_2297,6,6_village_skirt_autumn_bread,1.0
Erb_2298,0,0_spirit_flowers_maiden_wind,0.0
Erb_2299,3,3_servant_servants_piet_dip,1.0
Erb_2300,6,6_village_skirt_autumn_bread,1.0
Erb_2301,8,8_bride_wedding_maidens_marriage,1.0
Erb_2302,0,0_spirit_flowers_maiden_wind,0.0
Erb_2303,6,6_village_skirt_autumn_bread,0.72303635
Erb_2305,3,3_servant_servants_piet_dip,1.0
Erb_2306,6,6_village_skirt_autumn_bread,1.0
Erb_2307,6,6_village_skirt_autumn_bread,1.0
Erb_2308,0,0_spirit_flowers_maiden_wind,0.0
Erb_2309,0,0_spirit_flowers_maiden_wind,0.0
Erb_2310,0,0_spirit_flowers_maiden_wind,0.0
Erb_2312,0,0_spirit_flowers_maiden_wind,0.0
Erb_2313,0,0_spirit_flowers_maiden_wind,0.0
Erb_2314,0,0_spirit_flowers_maiden_wind,0.0
Erb_2315,0,0_spirit_flowers_maiden_wind,0.0
Erb_2316,6,6_village_skirt_autumn_bread,1.0
Erb_2317,0,0_spirit_flowers_maiden_wind,0.0
Erb_2318,6,6_village_skirt_autumn_bread,1.0
Erb_2319,0,0_spirit_flowers_maiden_wind,0.0
Erb_2320,0,0_spirit_flowers_maiden_wind,0.0
Erb_2321,0,0_spirit_flowers_maiden_wind,0.0
Erb_2322,0,0_spirit_flowers_maiden_wind,0.0
Erb_2323,6,6_village_skirt_autumn_bread,1.0
Erb_2324,0,0_spirit_flowers_maiden_wind,0.0
Erb_2325,6,6_village_skirt_autumn_bread,1.0
Erb_2326,0,0_spirit_flowers_maiden_wind,0.0
Erb_2327,5,5_hwanghae_flowers_river_bloom flowers,0.6039481
Erb_2328,0,0_spirit_flowers_maiden_wind,0.0
Erb_2329,0,0_spirit_flowers_maiden_wind,0.0
Erb_2330,0,0_spirit_flowers_maiden_wind,0.0
Erb_2331,8,8_bride_wedding_maidens_marriage,1.0
Erb_2332,0,0_spirit_flowers_maiden_wind,0.0
Erb_2333,0,0_spirit_flowers_maiden_wind,0.0
Erb_2334,6,6_village_skirt_autumn_bread,1.0
Erb_2335,0,0_spirit_flowers_maiden_wind,0.0
Erb_2336,0,0_spirit_flowers_maiden_wind,0.0
Erb_2337,0,0_spirit_flowers_maiden_wind,0.0
Erb_2338,6,6_village_skirt_autumn_bread,0.5190076
Erb_2339,0,0_spirit_flowers_maiden_wind,0.0
Erb_2340,0,0_spirit_flowers_maiden_wind,0.0
Erb_2342,6,6_village_skirt_autumn_bread,1.0
Erb_2344,6,6_village_skirt_autumn_bread,1.0
Erb_2345,8,8_bride_wedding_maidens_marriage,1.0
Erb_2346,7,7_tended herd_servant_plow_shepherd,1.0
Erb_2348,0,0_spirit_flowers_maiden_wind,0.0
Erb_2349,0,0_spirit_flowers_maiden_wind,0.0
Erb_2350,0,0_spirit_flowers_maiden_wind,0.0
Erb_2352,0,0_spirit_flowers_maiden_wind,0.0
Erb_2355,0,0_spirit_flowers_maiden_wind,0.0
Erb_2356,6,6_village_skirt_autumn_bread,0.8366975
Erb_2358,6,6_village_skirt_autumn_bread,1.0
Erb_2359,6,6_village_skirt_autumn_bread,1.0
Erb_2361,0,0_spirit_flowers_maiden_wind,0.0
Erb_2362,0,0_spirit_flowers_maiden_wind,0.0
Erb_2363,0,0_spirit_flowers_maiden_wind,0.0
Erb_2364,0,0_spirit_flowers_maiden_wind,0.0
Erb_2366,0,0_spirit_flowers_maiden_wind,0.0
Erb_2367,0,0_spirit_flowers_maiden_wind,0.0
Erb_2368,0,0_spirit_flowers_maiden_wind,0.0
Erb_2369,0,0_spirit_flowers_maiden_wind,0.0
Erb_2370,7,7_tended herd_servant_plow_shepherd,0.51227355
Erb_2372,7,7_tended herd_servant_plow_shepherd,1.0
Erb_2373,0,0_spirit_flowers_maiden_wind,0.0
Erb_2374,8,8_bride_wedding_maidens_marriage,1.0
Erb_2375,8,8_bride_wedding_maidens_marriage,1.0
Erb_2376,0,0_spirit_flowers_maiden_wind,0.0
Erb_2378,0,0_spirit_flowers_maiden_wind,0.0
Erb_2379,0,0_spirit_flowers_maiden_wind,0.0
Erb_2380,6,6_village_skirt_autumn_bread,1.0
Erb_2384,6,6_village_skirt_autumn_bread,1.0
Erb_2387,0,0_spirit_flowers_maiden_wind,0.0
Erb_2389,6,6_village_skirt_autumn_bread,1.0
Erb_2390,0,0_spirit_flowers_maiden_wind,0.0
Erb_2391,0,0_spirit_flowers_maiden_wind,0.0
Erb_2392,0,0_spirit_flowers_maiden_wind,0.0
Erb_2394,6,6_village_skirt_autumn_bread,1.0
Erb_2397,6,6_village_skirt_autumn_bread,1.0
Erb_2402,0,0_spirit_flowers_maiden_wind,0.0
Erb_2403,0,0_spirit_flowers_maiden_wind,0.0
Erb_2404,0,0_spirit_flowers_maiden_wind,0.0
Erb_2405,0,0_spirit_flowers_maiden_wind,0.0
Erb_2406,0,0_spirit_flowers_maiden_wind,0.0
Erb_2407,0,0_spirit_flowers_maiden_wind,0.0
Erb_2408,3,3_servant_servants_piet_dip,1.0
Erb_2409,0,0_spirit_flowers_maiden_wind,0.0
Erb_2410,6,6_village_skirt_autumn_bread,1.0
Erb_2412,6,6_village_skirt_autumn_bread,1.0
Erb_2413,6,6_village_skirt_autumn_bread,1.0
Erb_2414,3,3_servant_servants_piet_dip,0.50219166
Erb_2415,0,0_spirit_flowers_maiden_wind,0.0
Erb_2416,0,0_spirit_flowers_maiden_wind,0.0
Erb_2417,0,0_spirit_flowers_maiden_wind,0.0
Erb_2418,0,0_spirit_flowers_maiden_wind,0.0
Erb_2419,0,0_spirit_flowers_maiden_wind,0.0
Erb_2420,0,0_spirit_flowers_maiden_wind,0.0
Erb_2422,8,8_bride_wedding_maidens_marriage,1.0
Erb_2423,0,0_spirit_flowers_maiden_wind,0.0
Erb_2426,0,0_spirit_flowers_maiden_wind,0.0
Erb_2427,0,0_spirit_flowers_maiden_wind,0.0
Erb_2429,0,0_spirit_flowers_maiden_wind,0.0
Erb_2430,0,0_spirit_flowers_maiden_wind,0.0
Erb_2431,6,6_village_skirt_autumn_bread,1.0
Erb_2432,6,6_village_skirt_autumn_bread,1.0
Erb_2434,0,0_spirit_flowers_maiden_wind,0.0
Erb_2435,0,0_spirit_flowers_maiden_wind,0.0
Erb_2436,0,0_spirit_flowers_maiden_wind,0.0
Erb_2437,0,0_spirit_flowers_maiden_wind,0.0
Erb_2438,0,0_spirit_flowers_maiden_wind,0.0
Erb_2439,6,6_village_skirt_autumn_bread,1.0
Erb_2441,8,8_bride_wedding_maidens_marriage,1.0
Erb_2442,0,0_spirit_flowers_maiden_wind,0.0
Erb_2443,8,8_bride_wedding_maidens_marriage,1.0
Erb_2444,6,6_village_skirt_autumn_bread,1.0
Erb_2446,4,4_little birds_horses_horse_poor parish,1.0
Erb_2447,0,0_spirit_flowers_maiden_wind,0.0
Erb_2450,0,0_spirit_flowers_maiden_wind,0.0
Erb_2451,0,0_spirit_flowers_maiden_wind,0.0
Erb_2452,6,6_village_skirt_autumn_bread,1.0
Erb_2453,0,0_spirit_flowers_maiden_wind,0.0
Erb_2455,0,0_spirit_flowers_maiden_wind,0.0
Erb_2456,0,0_spirit_flowers_maiden_wind,0.0
Erb_2457,6,6_village_skirt_autumn_bread,1.0
Erb_2459,0,0_spirit_flowers_maiden_wind,0.0
Erb_2460,0,0_spirit_flowers_maiden_wind,0.0
Erb_2461,0,0_spirit_flowers_maiden_wind,0.0
Erb_2463,0,0_spirit_flowers_maiden_wind,0.0
Erb_2466,6,6_village_skirt_autumn_bread,1.0
Erb_2468,8,8_bride_wedding_maidens_marriage,1.0
Erb_2470,0,0_spirit_flowers_maiden_wind,0.0
Erb_2471,8,8_bride_wedding_maidens_marriage,1.0
Erb_2473,8,8_bride_wedding_maidens_marriage,0.79960936
Erb_2476,0,0_spirit_flowers_maiden_wind,0.0
Erb_2477,3,3_servant_servants_piet_dip,1.0
Erb_2478,6,6_village_skirt_autumn_bread,1.0
Erb_2479,0,0_spirit_flowers_maiden_wind,0.0
Erb_2480,6,6_village_skirt_autumn_bread,1.0
Erb_2481,0,0_spirit_flowers_maiden_wind,0.0
Erb_2482,0,0_spirit_flowers_maiden_wind,0.0
Erb_2483,0,0_spirit_flowers_maiden_wind,0.0
Erb_2484,8,8_bride_wedding_maidens_marriage,1.0
Erb_2488,7,7_tended herd_servant_plow_shepherd,1.0
Erb_2490,3,3_servant_servants_piet_dip,1.0
Erb_2493,0,0_spirit_flowers_maiden_wind,0.0
Erb_2494,0,0_spirit_flowers_maiden_wind,0.0
Erb_2495,0,0_spirit_flowers_maiden_wind,0.0
Erb_2496,0,0_spirit_flowers_maiden_wind,0.0
Erb_2497,0,0_spirit_flowers_maiden_wind,0.0
Erb_2498,0,0_spirit_flowers_maiden_wind,0.0
Erb_2499,0,0_spirit_flowers_maiden_wind,0.0
Erb_2500,6,6_village_skirt_autumn_bread,1.0
Erb_2501,0,0_spirit_flowers_maiden_wind,0.0
Erb_2502,6,6_village_skirt_autumn_bread,1.0
Erb_2503,7,7_tended herd_servant_plow_shepherd,0.78433585
Erb_2504,0,0_spirit_flowers_maiden_wind,0.0
Erb_2506,0,0_spirit_flowers_maiden_wind,0.0
Erb_2507,6,6_village_skirt_autumn_bread,1.0
Erb_2508,6,6_village_skirt_autumn_bread,1.0
Erb_2509,6,6_village_skirt_autumn_bread,1.0
Erb_2510,0,0_spirit_flowers_maiden_wind,0.0
Erb_2511,0,0_spirit_flowers_maiden_wind,0.0
Erb_2513,3,3_servant_servants_piet_dip,1.0
Erb_2516,0,0_spirit_flowers_maiden_wind,0.0
Erb_2517,3,3_servant_servants_piet_dip,0.77512544
Erb_2518,0,0_spirit_flowers_maiden_wind,0.0
Erb_2519,0,0_spirit_flowers_maiden_wind,0.0
Erb_2520,0,0_spirit_flowers_maiden_wind,0.0
Erb_2521,0,0_spirit_flowers_maiden_wind,0.0
Erb_2522,0,0_spirit_flowers_maiden_wind,0.0
Erb_2523,6,6_village_skirt_autumn_bread,1.0
Erb_2526,0,0_spirit_flowers_maiden_wind,0.0
Erb_2529,6,6_village_skirt_autumn_bread,1.0
Erb_2530,0,0_spirit_flowers_maiden_wind,0.0
Erb_2532,0,0_spirit_flowers_maiden_wind,0.0
Erb_2535,0,0_spirit_flowers_maiden_wind,0.0
Erb_2536,0,0_spirit_flowers_maiden_wind,0.0
Erb_2537,0,0_spirit_flowers_maiden_wind,0.0
Erb_2540,6,6_village_skirt_autumn_bread,1.0
Erb_2541,0,0_spirit_flowers_maiden_wind,0.0
Erb_2543,0,0_spirit_flowers_maiden_wind,0.0
Erb_2544,0,0_spirit_flowers_maiden_wind,0.0
Erb_2545,6,6_village_skirt_autumn_bread,1.0
Erb_2546,3,3_servant_servants_piet_dip,0.6762186
Erb_2547,0,0_spirit_flowers_maiden_wind,0.0
Erb_2548,3,3_servant_servants_piet_dip,1.0
Erb_2550,0,0_spirit_flowers_maiden_wind,0.0
Erb_2551,0,0_spirit_flowers_maiden_wind,0.0
Erb_2552,0,0_spirit_flowers_maiden_wind,0.0
Erb_2553,6,6_village_skirt_autumn_bread,1.0
Erb_2555,0,0_spirit_flowers_maiden_wind,0.0
Erb_2556,7,7_tended herd_servant_plow_shepherd,1.0
Erb_2558,7,7_tended herd_servant_plow_shepherd,0.7359084
Erb_2559,7,7_tended herd_servant_plow_shepherd,1.0
Erb_2560,7,7_tended herd_servant_plow_shepherd,1.0
Erb_2561,6,6_village_skirt_autumn_bread,1.0
Erb_2562,0,0_spirit_flowers_maiden_wind,0.0
Erb_2563,0,0_spirit_flowers_maiden_wind,0.0
Erb_2564,0,0_spirit_flowers_maiden_wind,0.0
Erb_2565,7,7_tended herd_servant_plow_shepherd,1.0
Erb_2566,7,7_tended herd_servant_plow_shepherd,1.0
Erb_2567,7,7_tended herd_servant_plow_shepherd,1.0
Erb_2568,0,0_spirit_flowers_maiden_wind,0.0
Erb_2569,0,0_spirit_flowers_maiden_wind,0.0
Erb_2570,7,7_tended herd_servant_plow_shepherd,1.0
Erb_2571,0,0_spirit_flowers_maiden_wind,0.0
Erb_2572,8,8_bride_wedding_maidens_marriage,1.0
Erb_2573,7,7_tended herd_servant_plow_shepherd,1.0
Erb_2574,0,0_spirit_flowers_maiden_wind,0.0
Erb_2576,7,7_tended herd_servant_plow_shepherd,1.0
Erb_2577,7,7_tended herd_servant_plow_shepherd,1.0
Erb_2579,8,8_bride_wedding_maidens_marriage,1.0
Erb_2580,6,6_village_skirt_autumn_bread,0.6630908
Erb_2581,7,7_tended herd_servant_plow_shepherd,1.0
Erb_2582,0,0_spirit_flowers_maiden_wind,0.0
Erb_2583,7,7_tended herd_servant_plow_shepherd,1.0
Erb_2584,7,7_tended herd_servant_plow_shepherd,1.0
Erb_2585,0,0_spirit_flowers_maiden_wind,0.0
Erb_2586,0,0_spirit_flowers_maiden_wind,0.0
Erb_2587,6,6_village_skirt_autumn_bread,1.0
Erb_2589,7,7_tended herd_servant_plow_shepherd,0.7638588
Erb_2590,7,7_tended herd_servant_plow_shepherd,1.0
Erb_2591,7,7_tended herd_servant_plow_shepherd,0.823487
Erb_2592,0,0_spirit_flowers_maiden_wind,0.0
Erb_2593,7,7_tended herd_servant_plow_shepherd,1.0
Erb_2594,7,7_tended herd_servant_plow_shepherd,1.0
Erb_2596,0,0_spirit_flowers_maiden_wind,0.0
Erb_2599,8,8_bride_wedding_maidens_marriage,1.0
Erb_2601,0,0_spirit_flowers_maiden_wind,0.0
Erb_2602,0,0_spirit_flowers_maiden_wind,0.0
Erb_2603,0,0_spirit_flowers_maiden_wind,0.0
Erb_2604,0,0_spirit_flowers_maiden_wind,0.0
Erb_2605,0,0_spirit_flowers_maiden_wind,0.0
Erb_2606,0,0_spirit_flowers_maiden_wind,0.0
Erb_2607,7,7_tended herd_servant_plow_shepherd,1.0
Erb_2609,0,0_spirit_flowers_maiden_wind,0.0
Erb_2610,7,7_tended herd_servant_plow_shepherd,1.0
Erb_2612,0,0_spirit_flowers_maiden_wind,0.0
Erb_2613,8,8_bride_wedding_maidens_marriage,1.0
Erb_2614,0,0_spirit_flowers_maiden_wind,0.0
Erb_2615,0,0_spirit_flowers_maiden_wind,0.0
Erb_2616,6,6_village_skirt_autumn_bread,1.0
Erb_2618,7,7_tended herd_servant_plow_shepherd,1.0
Erb_2620,6,6_village_skirt_autumn_bread,1.0
Erb_2622,0,0_spirit_flowers_maiden_wind,0.0
Erb_2623,6,6_village_skirt_autumn_bread,1.0
Erb_2624,7,7_tended herd_servant_plow_shepherd,1.0
Erb_2625,0,0_spirit_flowers_maiden_wind,0.0
Erb_2626,6,6_village_skirt_autumn_bread,1.0
Erb_2627,3,3_servant_servants_piet_dip,1.0
Erb_2628,0,0_spirit_flowers_maiden_wind,0.0
Erb_2630,0,0_spirit_flowers_maiden_wind,0.0
Erb_2631,0,0_spirit_flowers_maiden_wind,0.0
Erb_2632,0,0_spirit_flowers_maiden_wind,0.0
Erb_2633,0,0_spirit_flowers_maiden_wind,0.0
Erb_2634,0,0_spirit_flowers_maiden_wind,0.0
Erb_2635,0,0_spirit_flowers_maiden_wind,0.0
Erb_2636,0,0_spirit_flowers_maiden_wind,0.0
Erb_2638,6,6_village_skirt_autumn_bread,0.5079007
Erb_2639,0,0_spirit_flowers_maiden_wind,0.0
Erb_2641,0,0_spirit_flowers_maiden_wind,0.0
Erb_2642,0,0_spirit_flowers_maiden_wind,0.0
Erb_2643,0,0_spirit_flowers_maiden_wind,0.0
Erb_2644,0,0_spirit_flowers_maiden_wind,0.0
Erb_2645,6,6_village_skirt_autumn_bread,1.0
Erb_2646,6,6_village_skirt_autumn_bread,1.0
Erb_2647,0,0_spirit_flowers_maiden_wind,0.0
Erb_2648,0,0_spirit_flowers_maiden_wind,0.0
Erb_2649,0,0_spirit_flowers_maiden_wind,0.0
Erb_2650,6,6_village_skirt_autumn_bread,1.0
Erb_2652,6,6_village_skirt_autumn_bread,0.54231775
Erb_2653,0,0_spirit_flowers_maiden_wind,0.0
Erb_2654,0,0_spirit_flowers_maiden_wind,0.0
Erb_2657,6,6_village_skirt_autumn_bread,1.0
Erb_2658,0,0_spirit_flowers_maiden_wind,0.0
Erb_2659,8,8_bride_wedding_maidens_marriage,1.0
Erb_2660,0,0_spirit_flowers_maiden_wind,0.0
Erb_2661,7,7_tended herd_servant_plow_shepherd,1.0
Erb_2663,0,0_spirit_flowers_maiden_wind,0.0
Erb_2664,6,6_village_skirt_autumn_bread,1.0
Erb_2665,0,0_spirit_flowers_maiden_wind,0.0
Erb_2666,0,0_spirit_flowers_maiden_wind,0.0
Erb_2668,7,7_tended herd_servant_plow_shepherd,1.0
Erb_2669,0,0_spirit_flowers_maiden_wind,0.0
Erb_2670,8,8_bride_wedding_maidens_marriage,1.0
Erb_2671,8,8_bride_wedding_maidens_marriage,1.0
Erb_2672,0,0_spirit_flowers_maiden_wind,0.0
Erb_2673,0,0_spirit_flowers_maiden_wind,0.0
Erb_2674,0,0_spirit_flowers_maiden_wind,0.0
Erb_2675,6,6_village_skirt_autumn_bread,1.0
Erb_2676,0,0_spirit_flowers_maiden_wind,0.0
Erb_2677,0,0_spirit_flowers_maiden_wind,0.0
Erb_2678,0,0_spirit_flowers_maiden_wind,0.0
Erb_2679,0,0_spirit_flowers_maiden_wind,0.0
Erb_2681,0,0_spirit_flowers_maiden_wind,0.0
Erb_2683,0,0_spirit_flowers_maiden_wind,0.0
Erb_2684,6,6_village_skirt_autumn_bread,1.0
Erb_2685,0,0_spirit_flowers_maiden_wind,0.0
Erb_2686,0,0_spirit_flowers_maiden_wind,0.0
Erb_2687,6,6_village_skirt_autumn_bread,1.0
Erb_2688,0,0_spirit_flowers_maiden_wind,0.0
Erb_2689,0,0_spirit_flowers_maiden_wind,0.0
Erb_2690,0,0_spirit_flowers_maiden_wind,0.0
Erb_2691,6,6_village_skirt_autumn_bread,1.0
Erb_2692,0,0_spirit_flowers_maiden_wind,0.0
Erb_2694,0,0_spirit_flowers_maiden_wind,0.0
Erb_2695,6,6_village_skirt_autumn_bread,1.0
Erb_2696,0,0_spirit_flowers_maiden_wind,0.0
Erb_2697,0,0_spirit_flowers_maiden_wind,0.0
Erb_2698,0,0_spirit_flowers_maiden_wind,0.0
Erb_2699,0,0_spirit_flowers_maiden_wind,0.0
Erb_2700,0,0_spirit_flowers_maiden_wind,0.0
Erb_2702,0,0_spirit_flowers_maiden_wind,0.0
Erb_2705,7,7_tended herd_servant_plow_shepherd,1.0
Erb_2706,0,0_spirit_flowers_maiden_wind,0.0
Erb_2707,0,0_spirit_flowers_maiden_wind,0.0
Erb_2708,8,8_bride_wedding_maidens_marriage,1.0
Erb_2710,8,8_bride_wedding_maidens_marriage,1.0
Erb_2713,0,0_spirit_flowers_maiden_wind,0.0
Erb_2714,7,7_tended herd_servant_plow_shepherd,0.5627051
Erb_2715,0,0_spirit_flowers_maiden_wind,0.0
Erb_2717,6,6_village_skirt_autumn_bread,1.0
Erb_2718,0,0_spirit_flowers_maiden_wind,0.0
Erb_2719,7,7_tended herd_servant_plow_shepherd,1.0
Erb_2723,7,7_tended herd_servant_plow_shepherd,0.77251816
Erb_2725,7,7_tended herd_servant_plow_shepherd,1.0
Erb_2726,0,0_spirit_flowers_maiden_wind,0.0
Erb_2731,0,0_spirit_flowers_maiden_wind,0.0
Erb_2732,5,5_hwanghae_flowers_river_bloom flowers,1.0
Erb_2734,0,0_spirit_flowers_maiden_wind,0.0
Erb_2736,6,6_village_skirt_autumn_bread,1.0
Erb_2737,0,0_spirit_flowers_maiden_wind,0.0
Erb_2739,8,8_bride_wedding_maidens_marriage,0.5325791
Erb_2750,0,0_spirit_flowers_maiden_wind,0.0
Erb_2752,0,0_spirit_flowers_maiden_wind,0.0
Erb_2753,8,8_bride_wedding_maidens_marriage,1.0
Erb_2754,5,5_hwanghae_flowers_river_bloom flowers,0.8113346
Erb_2757,0,0_spirit_flowers_maiden_wind,0.0
Erb_2758,0,0_spirit_flowers_maiden_wind,0.0
Erb_2759,0,0_spirit_flowers_maiden_wind,0.0
Erb_2762,7,7_tended herd_servant_plow_shepherd,1.0
Erb_2764,5,5_hwanghae_flowers_river_bloom flowers,1.0
Erb_2765,6,6_village_skirt_autumn_bread,1.0
Erb_2766,0,0_spirit_flowers_maiden_wind,0.0
Erb_2768,0,0_spirit_flowers_maiden_wind,0.0
Erb_2769,0,0_spirit_flowers_maiden_wind,0.0
Erb_2770,0,0_spirit_flowers_maiden_wind,0.0
Erb_2771,0,0_spirit_flowers_maiden_wind,0.0
Erb_2773,6,6_village_skirt_autumn_bread,1.0
Erb_2776,0,0_spirit_flowers_maiden_wind,0.0
Erb_2777,0,0_spirit_flowers_maiden_wind,0.0
Erb_2778,0,0_spirit_flowers_maiden_wind,0.0
Erb_2779,0,0_spirit_flowers_maiden_wind,0.0
Erb_2780,8,8_bride_wedding_maidens_marriage,0.69055617
Erb_2781,6,6_village_skirt_autumn_bread,1.0
Erb_2783,6,6_village_skirt_autumn_bread,1.0
Erb_2784,8,8_bride_wedding_maidens_marriage,0.5578317
Erb_2788,0,0_spirit_flowers_maiden_wind,0.0
Erb_2789,7,7_tended herd_servant_plow_shepherd,1.0
Erb_2791,6,6_village_skirt_autumn_bread,0.75137573
Erb_2794,0,0_spirit_flowers_maiden_wind,0.0
Erb_2795,0,0_spirit_flowers_maiden_wind,0.0
Erb_2796,7,7_tended herd_servant_plow_shepherd,1.0
Erb_2798,0,0_spirit_flowers_maiden_wind,0.0
Erb_2799,0,0_spirit_flowers_maiden_wind,0.0
Erb_2801,0,0_spirit_flowers_maiden_wind,0.0
Erb_2802,0,0_spirit_flowers_maiden_wind,0.0
Erb_2804,7,7_tended herd_servant_plow_shepherd,1.0
Erb_2806,0,0_spirit_flowers_maiden_wind,0.0
Erb_2807,6,6_village_skirt_autumn_bread,0.5226394
Erb_2810,6,6_village_skirt_autumn_bread,1.0
Erb_2811,7,7_tended herd_servant_plow_shepherd,1.0
Erb_2812,5,5_hwanghae_flowers_river_bloom flowers,1.0
Erb_2813,0,0_spirit_flowers_maiden_wind,0.0
Erb_2816,6,6_village_skirt_autumn_bread,0.91641235
Erb_2817,0,0_spirit_flowers_maiden_wind,0.0
Erb_2818,6,6_village_skirt_autumn_bread,1.0
Erb_2819,0,0_spirit_flowers_maiden_wind,0.0
Erb_2820,7,7_tended herd_servant_plow_shepherd,0.75033116
Erb_2822,0,0_spirit_flowers_maiden_wind,0.0
Erb_2824,0,0_spirit_flowers_maiden_wind,0.0
Erb_2827,5,5_hwanghae_flowers_river_bloom flowers,1.0
Erb_2828,8,8_bride_wedding_maidens_marriage,1.0
Erb_2830,8,8_bride_wedding_maidens_marriage,1.0
Erb_2831,0,0_spirit_flowers_maiden_wind,0.0
Erb_2833,0,0_spirit_flowers_maiden_wind,0.0
Erb_2834,0,0_spirit_flowers_maiden_wind,0.0
Erb_2835,0,0_spirit_flowers_maiden_wind,0.0
Erb_2836,7,7_tended herd_servant_plow_shepherd,0.43467426
Erb_2837,7,7_tended herd_servant_plow_shepherd,1.0
Erb_2839,0,0_spirit_flowers_maiden_wind,0.0
Erb_2841,0,0_spirit_flowers_maiden_wind,0.0
Erb_2842,0,0_spirit_flowers_maiden_wind,0.0
Erb_2843,0,0_spirit_flowers_maiden_wind,0.0
Erb_2844,0,0_spirit_flowers_maiden_wind,0.0
Erb_2845,0,0_spirit_flowers_maiden_wind,0.0
Erb_2846,0,0_spirit_flowers_maiden_wind,0.0
Erb_2847,6,6_village_skirt_autumn_bread,0.6630908
Erb_2848,0,0_spirit_flowers_maiden_wind,0.0
Erb_2850,0,0_spirit_flowers_maiden_wind,0.0
Erb_2851,0,0_spirit_flowers_maiden_wind,0.0
Erb_2852,7,7_tended herd_servant_plow_shepherd,1.0
Erb_2853,0,0_spirit_flowers_maiden_wind,0.0
Erb_2854,6,6_village_skirt_autumn_bread,1.0
Erb_2855,0,0_spirit_flowers_maiden_wind,0.0
Erb_2858,0,0_spirit_flowers_maiden_wind,0.0
Erb_2860,0,0_spirit_flowers_maiden_wind,0.0
Erb_2861,0,0_spirit_flowers_maiden_wind,0.0
Erb_2864,6,6_village_skirt_autumn_bread,0.7482307
Erb_2866,4,4_little birds_horses_horse_poor parish,1.0
Erb_2868,0,0_spirit_flowers_maiden_wind,0.0
Erb_2869,7,7_tended herd_servant_plow_shepherd,1.0
Erb_2870,0,0_spirit_flowers_maiden_wind,0.0
Erb_2871,0,0_spirit_flowers_maiden_wind,0.0
Erb_2872,0,0_spirit_flowers_maiden_wind,0.0
Erb_2873,0,0_spirit_flowers_maiden_wind,0.0
Erb_2874,8,8_bride_wedding_maidens_marriage,1.0
Erb_2877,6,6_village_skirt_autumn_bread,1.0
Erb_2878,0,0_spirit_flowers_maiden_wind,0.0
Erb_2879,0,0_spirit_flowers_maiden_wind,0.0
Erb_2881,6,6_village_skirt_autumn_bread,1.0
Erb_2884,0,0_spirit_flowers_maiden_wind,0.0
Erb_2885,0,0_spirit_flowers_maiden_wind,0.0
Erb_2886,6,6_village_skirt_autumn_bread,0.6845611
Erb_2887,8,8_bride_wedding_maidens_marriage,1.0
Erb_2888,0,0_spirit_flowers_maiden_wind,0.0
Erb_2889,0,0_spirit_flowers_maiden_wind,0.0
Erb_2890,0,0_spirit_flowers_maiden_wind,0.0
Erb_2893,6,6_village_skirt_autumn_bread,1.0
Erb_2894,0,0_spirit_flowers_maiden_wind,0.0
Erb_2896,0,0_spirit_flowers_maiden_wind,0.0
Erb_2897,0,0_spirit_flowers_maiden_wind,0.0
Erb_2898,0,0_spirit_flowers_maiden_wind,0.0
Erb_2900,8,8_bride_wedding_maidens_marriage,0.9316557
THB_11,8,8_bride_wedding_maidens_marriage,1.0
THB_12,8,8_bride_wedding_maidens_marriage,1.0
THB_13,0,0_spirit_flowers_maiden_wind,0.0
THB_14,6,6_village_skirt_autumn_bread,1.0
THB_15,6,6_village_skirt_autumn_bread,0.5230185
THB_16,0,0_spirit_flowers_maiden_wind,0.0
THB_17,6,6_village_skirt_autumn_bread,1.0
THB_18,0,0_spirit_flowers_maiden_wind,0.0
THB_19,0,0_spirit_flowers_maiden_wind,0.0
THB_20,0,0_spirit_flowers_maiden_wind,0.0
THB_22,6,6_village_skirt_autumn_bread,1.0
THB_23,0,0_spirit_flowers_maiden_wind,0.0
THB_24,8,8_bride_wedding_maidens_marriage,1.0
THB_25,0,0_spirit_flowers_maiden_wind,0.0
THB_26,8,8_bride_wedding_maidens_marriage,1.0
THB_27,0,0_spirit_flowers_maiden_wind,0.0
THB_28,0,0_spirit_flowers_maiden_wind,0.0
THB_29,0,0_spirit_flowers_maiden_wind,0.0
THB_30,0,0_spirit_flowers_maiden_wind,0.0
THB_31,7,7_tended herd_servant_plow_shepherd,1.0
THB_32,7,7_tended herd_servant_plow_shepherd,0.71026456
THB_33,0,0_spirit_flowers_maiden_wind,0.0
THB_34,0,0_spirit_flowers_maiden_wind,0.0
THB_35,0,0_spirit_flowers_maiden_wind,0.0
THB_36,0,0_spirit_flowers_maiden_wind,0.0
THB_37,0,0_spirit_flowers_maiden_wind,0.0
THB_38,7,7_tended herd_servant_plow_shepherd,1.0
THB_39,0,0_spirit_flowers_maiden_wind,0.0
THB_40,7,7_tended herd_servant_plow_shepherd,1.0
THB_41,0,0_spirit_flowers_maiden_wind,0.0
THB_42,8,8_bride_wedding_maidens_marriage,1.0
THB_43,8,8_bride_wedding_maidens_marriage,1.0
THB_44,8,8_bride_wedding_maidens_marriage,0.53431934
THB_46,7,7_tended herd_servant_plow_shepherd,1.0
THB_47,0,0_spirit_flowers_maiden_wind,0.0
THB_48,7,7_tended herd_servant_plow_shepherd,1.0
THB_49,0,0_spirit_flowers_maiden_wind,0.0
THB_50,0,0_spirit_flowers_maiden_wind,0.0
THB_51,0,0_spirit_flowers_maiden_wind,0.0
THB_52,6,6_village_skirt_autumn_bread,1.0
THB_53,6,6_village_skirt_autumn_bread,1.0
THB_54,0,0_spirit_flowers_maiden_wind,0.0
THB_55,6,6_village_skirt_autumn_bread,1.0
THB_56,0,0_spirit_flowers_maiden_wind,0.0
THB_57,0,0_spirit_flowers_maiden_wind,0.0
THB_58,0,0_spirit_flowers_maiden_wind,0.0
THB_60,0,0_spirit_flowers_maiden_wind,0.0
THB_61,0,0_spirit_flowers_maiden_wind,0.0
THB_62,0,0_spirit_flowers_maiden_wind,0.0
THB_64,8,8_bride_wedding_maidens_marriage,0.8549121
THB_65,6,6_village_skirt_autumn_bread,0.8788338
THB_66,6,6_village_skirt_autumn_bread,1.0
THB_67,0,0_spirit_flowers_maiden_wind,0.0
THB_68,0,0_spirit_flowers_maiden_wind,0.0
THB_69,0,0_spirit_flowers_maiden_wind,0.0
THB_70,8,8_bride_wedding_maidens_marriage,1.0
THB_71,6,6_village_skirt_autumn_bread,1.0
THB_72,0,0_spirit_flowers_maiden_wind,0.0
THB_93,0,0_spirit_flowers_maiden_wind,0.0
THB_94,7,7_tended herd_servant_plow_shepherd,1.0
THB_95,7,7_tended herd_servant_plow_shepherd,1.0
THB_96,6,6_village_skirt_autumn_bread,0.88668066
THB_97,0,0_spirit_flowers_maiden_wind,0.0
THB_98,8,8_bride_wedding_maidens_marriage,1.0
THB_99,8,8_bride_wedding_maidens_marriage,0.5177697
THB_100,0,0_spirit_flowers_maiden_wind,0.0
THB_101,8,8_bride_wedding_maidens_marriage,0.53431934
THB_102,8,8_bride_wedding_maidens_marriage,1.0
THB_103,0,0_spirit_flowers_maiden_wind,0.0
THB_104,8,8_bride_wedding_maidens_marriage,1.0
THB_105,0,0_spirit_flowers_maiden_wind,0.0
THB_137,0,0_spirit_flowers_maiden_wind,0.0
THB_138,0,0_spirit_flowers_maiden_wind,0.0
THB_139,0,0_spirit_flowers_maiden_wind,0.0
THB_140,0,0_spirit_flowers_maiden_wind,0.0
THB_141,6,6_village_skirt_autumn_bread,1.0
THB_142,8,8_bride_wedding_maidens_marriage,0.51170325
THB_143,0,0_spirit_flowers_maiden_wind,0.0
THB_144,0,0_spirit_flowers_maiden_wind,0.0
THB_145,0,0_spirit_flowers_maiden_wind,0.0
THB_146,3,3_servant_servants_piet_dip,1.0
andong-0613,5,5_hwanghae_flowers_river_bloom flowers,1.0
euiseong-0247,5,5_hwanghae_flowers_river_bloom flowers,1.0
jinyang-0708,0,0_spirit_flowers_maiden_wind,0.0
jeongseon-1306,0,0_spirit_flowers_maiden_wind,0.0
namwon-0225,0,0_spirit_flowers_maiden_wind,0.0
daejeon-0509,0,0_spirit_flowers_maiden_wind,0.0
gw.goseong-0512,0,0_spirit_flowers_maiden_wind,0.0
uljin-0117,0,0_spirit_flowers_maiden_wind,0.0
yecheon-0522,0,0_spirit_flowers_maiden_wind,0.0
geumreung-0421,0,0_spirit_flowers_maiden_wind,0.0
yanggu-0116,0,0_spirit_flowers_maiden_wind,0.0
yeongil-0343,8,8_bride_wedding_maidens_marriage,0.746178
yeongwol-0320,0,0_spirit_flowers_maiden_wind,0.0
jeongseon-1409,0,0_spirit_flowers_maiden_wind,0.0
yeongwol-0201,6,6_village_skirt_autumn_bread,1.0
yecheon-0349,0,0_spirit_flowers_maiden_wind,0.0
jangheung-0524,5,5_hwanghae_flowers_river_bloom flowers,1.0
gimhae-0223,8,8_bride_wedding_maidens_marriage,0.61370325
cheongwon-0106,6,6_village_skirt_autumn_bread,1.0
muju-0109,6,6_village_skirt_autumn_bread,1.0
seonsan-0335,6,6_village_skirt_autumn_bread,1.0
seongju-0345,0,0_spirit_flowers_maiden_wind,0.0
yecheon-0946,6,6_village_skirt_autumn_bread,1.0
gw.goseong-0310,0,0_spirit_flowers_maiden_wind,0.0
cheolwon-0421,4,4_little birds_horses_horse_poor parish,1.0
cheongwon-0611,5,5_hwanghae_flowers_river_bloom flowers,1.0
mungyeong-0418,6,6_village_skirt_autumn_bread,0.6559541
yeongyang-0301,5,5_hwanghae_flowers_river_bloom flowers,1.0
hwacheon-0106,6,6_village_skirt_autumn_bread,0.6685278
iksan-0218,0,0_spirit_flowers_maiden_wind,0.0
geumreung-0524,0,0_spirit_flowers_maiden_wind,0.0
yanggu-0723,0,0_spirit_flowers_maiden_wind,0.0
jecheon-0312,0,0_spirit_flowers_maiden_wind,0.0
yanggu-0415,0,0_spirit_flowers_maiden_wind,0.0
goesan-0410,6,6_village_skirt_autumn_bread,0.43772143
daegu-0341,0,0_spirit_flowers_maiden_wind,0.0
chilgok-0431,0,0_spirit_flowers_maiden_wind,0.0
seonsan-0326,0,0_spirit_flowers_maiden_wind,0.0
goesan-0123,0,0_spirit_flowers_maiden_wind,0.0
samcheok-1015,0,0_spirit_flowers_maiden_wind,0.0
cheolwon-1050,0,0_spirit_flowers_maiden_wind,0.0
okgu-0318,5,5_hwanghae_flowers_river_bloom flowers,0.57085097
sangju-1323,0,0_spirit_flowers_maiden_wind,0.0
samcheok-1118,0,0_spirit_flowers_maiden_wind,0.0
geumsan-1111,0,0_spirit_flowers_maiden_wind,0.0
wonju-0112,0,0_spirit_flowers_maiden_wind,0.0
cheolwon-1216,0,0_spirit_flowers_maiden_wind,0.0
pyeongchang-1122,0,0_spirit_flowers_maiden_wind,0.0
uljin-0134,6,6_village_skirt_autumn_bread,1.0
sangju-1054,0,0_spirit_flowers_maiden_wind,0.0
jangheung-0511,0,0_spirit_flowers_maiden_wind,0.0
eumseong-0513,6,6_village_skirt_autumn_bread,1.0
gochang-0752,0,0_spirit_flowers_maiden_wind,0.0
jinyang-0515,8,8_bride_wedding_maidens_marriage,0.6950878
yeongwol-0416,3,3_servant_servants_piet_dip,1.0
seongju-0331,0,0_spirit_flowers_maiden_wind,0.0
chilgok-0460,8,8_bride_wedding_maidens_marriage,0.93180805
euiseong-0237,0,0_spirit_flowers_maiden_wind,0.0
andong-0611,0,0_spirit_flowers_maiden_wind,0.0
buyeo-0320,5,5_hwanghae_flowers_river_bloom flowers,0.6721333
gyeongju-0513,0,0_spirit_flowers_maiden_wind,0.0
namjeju-0413,8,8_bride_wedding_maidens_marriage,0.4713946
sangju-1110,0,0_spirit_flowers_maiden_wind,0.0
chilgok-0210,0,0_spirit_flowers_maiden_wind,0.0
wonju-0111,0,0_spirit_flowers_maiden_wind,0.0
seongju-0438,0,0_spirit_flowers_maiden_wind,0.0
uljin-1001,0,0_spirit_flowers_maiden_wind,0.0
gn.goseong-0514,0,0_spirit_flowers_maiden_wind,0.0
uljin-0142,0,0_spirit_flowers_maiden_wind,0.0
wonju-0709,6,6_village_skirt_autumn_bread,1.0
sangju-1236,5,5_hwanghae_flowers_river_bloom flowers,1.0
gochang-0421,0,0_spirit_flowers_maiden_wind,0.0
ulsan-0515,6,6_village_skirt_autumn_bread,0.9035373
hwaseong-0112,0,0_spirit_flowers_maiden_wind,0.0
gimje-0308,0,0_spirit_flowers_maiden_wind,0.0
jinan-0126,0,0_spirit_flowers_maiden_wind,0.0
geumreung-0525,0,0_spirit_flowers_maiden_wind,0.0
sangju-0543,0,0_spirit_flowers_maiden_wind,0.0
wonju-0513,6,6_village_skirt_autumn_bread,0.7201748
pyeongchang-0830,0,0_spirit_flowers_maiden_wind,0.0
andong-0612,6,6_village_skirt_autumn_bread,1.0
bonghwa-0721,0,0_spirit_flowers_maiden_wind,0.0
iksan-0226,5,5_hwanghae_flowers_river_bloom flowers,1.0
ulsan-0514,6,6_village_skirt_autumn_bread,0.9127341
myeongju-0610,0,0_spirit_flowers_maiden_wind,0.0
yecheon-0322,5,5_hwanghae_flowers_river_bloom flowers,1.0
daegu-0342,0,0_spirit_flowers_maiden_wind,0.0
gw.goseong-1212,0,0_spirit_flowers_maiden_wind,0.0
yanggu-0427,0,0_spirit_flowers_maiden_wind,0.0
yeongwol-0125,0,0_spirit_flowers_maiden_wind,0.0
eumseong-0515,6,6_village_skirt_autumn_bread,0.4662514
ganghwa-0111,2,2_servants_piet_books_dip,1.0
sangju-0525,0,0_spirit_flowers_maiden_wind,0.0
yeongil-0342,6,6_village_skirt_autumn_bread,1.0
uljin-1125,0,0_spirit_flowers_maiden_wind,0.0
chilgok-0461,8,8_bride_wedding_maidens_marriage,0.6746622
seonsan-0325,0,0_spirit_flowers_maiden_wind,0.0
uljin-0141,0,0_spirit_flowers_maiden_wind,0.0
sangju-0542,0,0_spirit_flowers_maiden_wind,0.0
jeongseon-0104,0,0_spirit_flowers_maiden_wind,0.0
gunwi-0108,8,8_bride_wedding_maidens_marriage,0.5236553
tongyeong-0717,8,8_bride_wedding_maidens_marriage,1.0
seongju-0623,6,6_village_skirt_autumn_bread,1.0
danyang-0221,0,0_spirit_flowers_maiden_wind,0.0
gyeongju-0617,0,0_spirit_flowers_maiden_wind,0.0
jungwon-0302,0,0_spirit_flowers_maiden_wind,0.0
jeongseon-0708,0,0_spirit_flowers_maiden_wind,0.0
chilgok-0452,0,0_spirit_flowers_maiden_wind,0.0
hapcheon-0812,0,0_spirit_flowers_maiden_wind,0.0
yecheon-0323,0,0_spirit_flowers_maiden_wind,0.0
cheolwon-1047,0,0_spirit_flowers_maiden_wind,0.0
seonsan-0328,0,0_spirit_flowers_maiden_wind,0.0
gyeongju-0620,0,0_spirit_flowers_maiden_wind,0.0
yeongdong-0313,0,0_spirit_flowers_maiden_wind,0.0
yeongil-0355,0,0_spirit_flowers_maiden_wind,0.0
uljin-1124,0,0_spirit_flowers_maiden_wind,0.0
wanju-0410,0,0_spirit_flowers_maiden_wind,0.0
pyeongchang-1124,0,0_spirit_flowers_maiden_wind,0.0
buyeo-0306,0,0_spirit_flowers_maiden_wind,0.0
cheolwon-1041,0,0_spirit_flowers_maiden_wind,0.0
cheolwon-0609,3,3_servant_servants_piet_dip,1.0
geumreung-0523,0,0_spirit_flowers_maiden_wind,0.0
jinan-0421,5,5_hwanghae_flowers_river_bloom flowers,0.37521225
yeongcheon-0224,3,3_servant_servants_piet_dip,1.0
eumseong-0514,0,0_spirit_flowers_maiden_wind,0.0
eumseong-0524,5,5_hwanghae_flowers_river_bloom flowers,1.0
pyeongchang-0111,0,0_spirit_flowers_maiden_wind,0.0
ulsan-0902,8,8_bride_wedding_maidens_marriage,0.35713208
goheung-0422,6,6_village_skirt_autumn_bread,0.7314334
bonghwa-0722,0,0_spirit_flowers_maiden_wind,0.0
cheongsong-0515,8,8_bride_wedding_maidens_marriage,0.74503636
gyeongju-0618,0,0_spirit_flowers_maiden_wind,0.0
daejeon-0307,0,0_spirit_flowers_maiden_wind,0.0
uljin-0140,0,0_spirit_flowers_maiden_wind,0.0
seonsan-0332,0,0_spirit_flowers_maiden_wind,0.0
yeongil-0719,6,6_village_skirt_autumn_bread,1.0
icheon-0608,5,5_hwanghae_flowers_river_bloom flowers,1.0
muan-0134,6,6_village_skirt_autumn_bread,1.0
seongju-0449,5,5_hwanghae_flowers_river_bloom flowers,1.0
geumsan-1112,0,0_spirit_flowers_maiden_wind,0.0
wonju-0718,0,0_spirit_flowers_maiden_wind,0.0
uljin-1118,0,0_spirit_flowers_maiden_wind,0.0
geumsan-1113,0,0_spirit_flowers_maiden_wind,0.0
yeongwol-0208,8,8_bride_wedding_maidens_marriage,1.0
yeongwol-0204,3,3_servant_servants_piet_dip,0.9293048
yecheon-0324,0,0_spirit_flowers_maiden_wind,0.0
wando-0238,6,6_village_skirt_autumn_bread,0.8641394
geochang-0814,0,0_spirit_flowers_maiden_wind,0.0
geumreung-0420,0,0_spirit_flowers_maiden_wind,0.0
myeongju-0106,6,6_village_skirt_autumn_bread,1.0
yeongwol-0417,5,5_hwanghae_flowers_river_bloom flowers,1.0
hongcheon-0421,5,5_hwanghae_flowers_river_bloom flowers,1.0
sangju-1321,3,3_servant_servants_piet_dip,1.0
namjeju-0613,6,6_village_skirt_autumn_bread,0.6813013
gyeongju-0619,0,0_spirit_flowers_maiden_wind,0.0
cheongsong-0432,0,0_spirit_flowers_maiden_wind,0.0
eumseong-0523,0,0_spirit_flowers_maiden_wind,0.0
yeocheon-0217,7,7_tended herd_servant_plow_shepherd,1.0
cheongdo-0712,3,3_servant_servants_piet_dip,0.5172495
wonju-0225,0,0_spirit_flowers_maiden_wind,0.0
cheongsong-0431,0,0_spirit_flowers_maiden_wind,0.0
haman-0323,8,8_bride_wedding_maidens_marriage,1.0
wando-0432,5,5_hwanghae_flowers_river_bloom flowers,1.0
pyeongchang-0821,8,8_bride_wedding_maidens_marriage,1.0
sangju-1128,0,0_spirit_flowers_maiden_wind,0.0
yanggu-0726,0,0_spirit_flowers_maiden_wind,0.0
jecheon-0206,0,0_spirit_flowers_maiden_wind,0.0
jungwon-0112,6,6_village_skirt_autumn_bread,0.66258734
wanju-0433,0,0_spirit_flowers_maiden_wind,0.0
sangju-1127,0,0_spirit_flowers_maiden_wind,0.0
gunwi-0404,5,5_hwanghae_flowers_river_bloom flowers,1.0
goryeong-0208,0,0_spirit_flowers_maiden_wind,0.0
cheongdo-0303,0,0_spirit_flowers_maiden_wind,0.0
cheongsong-0308,0,0_spirit_flowers_maiden_wind,0.0
geumreung-0412,0,0_spirit_flowers_maiden_wind,0.0
sangju-0315,0,0_spirit_flowers_maiden_wind,0.0
daegu-0312,7,7_tended herd_servant_plow_shepherd,1.0
changnyeong-0318,8,8_bride_wedding_maidens_marriage,0.7334517
gumi-0102,5,5_hwanghae_flowers_river_bloom flowers,0.44141683
gyeongsan-0605,0,0_spirit_flowers_maiden_wind,0.0
yeongil-0520,5,5_hwanghae_flowers_river_bloom flowers,0.62770027
dalseong-0244,0,0_spirit_flowers_maiden_wind,0.0
gyeongsan-0606,0,0_spirit_flowers_maiden_wind,0.0
dalseong-0105,5,5_hwanghae_flowers_river_bloom flowers,1.0
gumi-0116,5,5_hwanghae_flowers_river_bloom flowers,0.52112645
uljin-0827,5,5_hwanghae_flowers_river_bloom flowers,1.0
anseong-0307,6,6_village_skirt_autumn_bread,1.0
uljin-1042,0,0_spirit_flowers_maiden_wind,0.0
gyeongju-0214,0,0_spirit_flowers_maiden_wind,0.0
gunwi-0406,6,6_village_skirt_autumn_bread,0.75013256
daegu-0102,6,6_village_skirt_autumn_bread,0.5752096
chilgok-0206,5,5_hwanghae_flowers_river_bloom flowers,1.0
euiryeong-0206,6,6_village_skirt_autumn_bread,1.0
geochang-1013,0,0_spirit_flowers_maiden_wind,0.0
seongju-0213,6,6_village_skirt_autumn_bread,1.0
cheongsong-0102,6,6_village_skirt_autumn_bread,1.0
daegu-0432,6,6_village_skirt_autumn_bread,1.0
ulsan-0203,0,0_spirit_flowers_maiden_wind,0.0
seongju-0128,5,5_hwanghae_flowers_river_bloom flowers,0.551892
gunwi-0409,0,0_spirit_flowers_maiden_wind,0.0
yeongdeok-0142,6,6_village_skirt_autumn_bread,0.51627237
daegu-0439,5,5_hwanghae_flowers_river_bloom flowers,0.6927556
gyeongju-0741,0,0_spirit_flowers_maiden_wind,0.0
cheongdo-0411,5,5_hwanghae_flowers_river_bloom flowers,1.0
cheongdo-0302,0,0_spirit_flowers_maiden_wind,0.0
uljin-1006,5,5_hwanghae_flowers_river_bloom flowers,1.0
gunwi-0415,8,8_bride_wedding_maidens_marriage,1.0
uljin-1008,0,0_spirit_flowers_maiden_wind,0.0
geumreung-0317,0,0_spirit_flowers_maiden_wind,0.0
seongju-0132,6,6_village_skirt_autumn_bread,1.0
yeongil-0657,6,6_village_skirt_autumn_bread,1.0
yeongil-0408,5,5_hwanghae_flowers_river_bloom flowers,0.5298329
yeongil-0519,0,0_spirit_flowers_maiden_wind,0.0
ulsan-0503,0,0_spirit_flowers_maiden_wind,0.0
goryeong-0311,0,0_spirit_flowers_maiden_wind,0.0
uljin-1009,0,0_spirit_flowers_maiden_wind,0.0
yeongcheon-0217,0,0_spirit_flowers_maiden_wind,0.0
dalseong-0104,6,6_village_skirt_autumn_bread,1.0
gimhae-0204,0,0_spirit_flowers_maiden_wind,0.0
dalseong-0344,6,6_village_skirt_autumn_bread,1.0
seongju-0611,6,6_village_skirt_autumn_bread,1.0
seongju-0210,0,0_spirit_flowers_maiden_wind,0.0
seongju-0209,7,7_tended herd_servant_plow_shepherd,0.5280915
goryeong-0310,8,8_bride_wedding_maidens_marriage,0.6569805
cheongsong-0404,5,5_hwanghae_flowers_river_bloom flowers,0.69530016
dalseong-0245,6,6_village_skirt_autumn_bread,1.0
geochang-0820,0,0_spirit_flowers_maiden_wind,0.0
uljin-0806,6,6_village_skirt_autumn_bread,0.61993164
euiryeong-0504,6,6_village_skirt_autumn_bread,0.5192924
hampyeong-0510,5,5_hwanghae_flowers_river_bloom flowers,1.0
dalseong-0106,5,5_hwanghae_flowers_river_bloom flowers,1.0
seongju-0403,6,6_village_skirt_autumn_bread,1.0
yeongil-0409,0,0_spirit_flowers_maiden_wind,0.0
yeongdeok-0109,6,6_village_skirt_autumn_bread,0.50205207
chilgok-0205,8,8_bride_wedding_maidens_marriage,1.0
yeongil-0307,5,5_hwanghae_flowers_river_bloom flowers,0.73956734
yeongil-0656,6,6_village_skirt_autumn_bread,1.0
geumreung-0410,0,0_spirit_flowers_maiden_wind,0.0
changnyeong-0107,5,5_hwanghae_flowers_river_bloom flowers,0.6341441
uljin-0828,5,5_hwanghae_flowers_river_bloom flowers,1.0
geumreung-0419,0,0_spirit_flowers_maiden_wind,0.0
gunwi-0414,6,6_village_skirt_autumn_bread,1.0
milyang-1306,5,5_hwanghae_flowers_river_bloom flowers,0.7404899
cheongdo-0112,6,6_village_skirt_autumn_bread,1.0
wando-0108,0,0_spirit_flowers_maiden_wind,0.0
chilgok-0204,6,6_village_skirt_autumn_bread,1.0
gyeongsan-0127,0,0_spirit_flowers_maiden_wind,0.0
andong-0703,6,6_village_skirt_autumn_bread,1.0
geumreung-0413,5,5_hwanghae_flowers_river_bloom flowers,1.0
andong-0707,5,5_hwanghae_flowers_river_bloom flowers,1.0
yeongcheon-0330,0,0_spirit_flowers_maiden_wind,0.0
euiseong-0810,5,5_hwanghae_flowers_river_bloom flowers,0.7489219
gyeongju-0703,5,5_hwanghae_flowers_river_bloom flowers,1.0
changnyeong-0108,5,5_hwanghae_flowers_river_bloom flowers,0.75563943
gyeongju-0401,5,5_hwanghae_flowers_river_bloom flowers,1.0
seongju-0404,5,5_hwanghae_flowers_river_bloom flowers,1.0
gunwi-0211,7,7_tended herd_servant_plow_shepherd,0.50350213
andong-0706,8,8_bride_wedding_maidens_marriage,0.49401855
gunwi-0210,6,6_village_skirt_autumn_bread,0.81557965
ulsan-0714,0,0_spirit_flowers_maiden_wind,0.0
euiseong-0739,6,6_village_skirt_autumn_bread,1.0
seonsan-0212,0,0_spirit_flowers_maiden_wind,0.0
haman-0404,0,0_spirit_flowers_maiden_wind,0.0
jangseong-0209,5,5_hwanghae_flowers_river_bloom flowers,1.0
dalseong-0246,0,0_spirit_flowers_maiden_wind,0.0
seongju-0133,0,0_spirit_flowers_maiden_wind,0.0
milyang-0706,6,6_village_skirt_autumn_bread,1.0
daegu-0607,0,0_spirit_flowers_maiden_wind,0.0
ulsan-0814,6,6_village_skirt_autumn_bread,0.5270723
goryeong-0312,6,6_village_skirt_autumn_bread,1.0
goryeong-0308,0,0_spirit_flowers_maiden_wind,0.0
ulsan-0918,5,5_hwanghae_flowers_river_bloom flowers,1.0
seongju-0501,0,0_spirit_flowers_maiden_wind,0.0
seongju-0130,8,8_bride_wedding_maidens_marriage,0.36654413
cheongsong-0501,0,0_spirit_flowers_maiden_wind,0.0
euiseong-0742,5,5_hwanghae_flowers_river_bloom flowers,1.0
cheongsong-0309,5,5_hwanghae_flowers_river_bloom flowers,1.0
geumreung-0509,0,0_spirit_flowers_maiden_wind,0.0
yeongcheon-0409,5,5_hwanghae_flowers_river_bloom flowers,0.8664352
gyeongsan-0609,0,0_spirit_flowers_maiden_wind,0.0
yeongcheon-0408,5,5_hwanghae_flowers_river_bloom flowers,1.0
dalseong-0120,5,5_hwanghae_flowers_river_bloom flowers,1.0
gyeongsan-0101,5,5_hwanghae_flowers_river_bloom flowers,0.5406637
yeongyang-0205,5,5_hwanghae_flowers_river_bloom flowers,1.0
gunwi-0216,6,6_village_skirt_autumn_bread,0.73259944
geochang-0113,5,5_hwanghae_flowers_river_bloom flowers,1.0
daegu-0434,0,0_spirit_flowers_maiden_wind,0.0
yeongil-0407,5,5_hwanghae_flowers_river_bloom flowers,0.42495885
hapcheon-0309,0,0_spirit_flowers_maiden_wind,0.0
uljin-0710,7,7_tended herd_servant_plow_shepherd,0.37768766
cheongdo-0512,0,0_spirit_flowers_maiden_wind,0.0
seongju-0131,6,6_village_skirt_autumn_bread,1.0
yeongil-0658,6,6_village_skirt_autumn_bread,1.0
goryeong-0307,6,6_village_skirt_autumn_bread,1.0
yeongcheon-0601,5,5_hwanghae_flowers_river_bloom flowers,1.0
gwangyang-0222,6,6_village_skirt_autumn_bread,0.5105394
gyeongsan-0607,0,0_spirit_flowers_maiden_wind,0.0
yeongam-0308,5,5_hwanghae_flowers_river_bloom flowers,0.6353688
seonsan-0209,0,0_spirit_flowers_maiden_wind,0.0
yeongam-0519,6,6_village_skirt_autumn_bread,0.83728474
yeongcheon-0216,0,0_spirit_flowers_maiden_wind,0.0
gunwi-0407,0,0_spirit_flowers_maiden_wind,0.0
yeongil-0304,7,7_tended herd_servant_plow_shepherd,1.0
yeongcheon-0214,0,0_spirit_flowers_maiden_wind,0.0
yeongil-0410,0,0_spirit_flowers_maiden_wind,0.0
euiseong-0107,6,6_village_skirt_autumn_bread,1.0
seongju-0129,5,5_hwanghae_flowers_river_bloom flowers,0.74196696
euiseong-0109,5,5_hwanghae_flowers_river_bloom flowers,1.0
yangsan-0212,5,5_hwanghae_flowers_river_bloom flowers,0.65160906
daegu-0309,0,0_spirit_flowers_maiden_wind,0.0
changwon-0403,0,0_spirit_flowers_maiden_wind,0.0
dalseong-0345,0,0_spirit_flowers_maiden_wind,0.0
gyeongju-0706,5,5_hwanghae_flowers_river_bloom flowers,1.0
cheongdo-0113,5,5_hwanghae_flowers_river_bloom flowers,0.6311384
yeongcheon-0502,6,6_village_skirt_autumn_bread,0.7283269
daegu-0440,5,5_hwanghae_flowers_river_bloom flowers,1.0
geumreung-0319,8,8_bride_wedding_maidens_marriage,1.0
uljin-1007,5,5_hwanghae_flowers_river_bloom flowers,1.0
daegu-0412,6,6_village_skirt_autumn_bread,1.0
goryeong-0207,6,6_village_skirt_autumn_bread,0.50209147
gunwi-0401,5,5_hwanghae_flowers_river_bloom flowers,1.0
seonsan-0618,6,6_village_skirt_autumn_bread,0.79262793
daegu-0606,6,6_village_skirt_autumn_bread,0.6256287
yeongdeok-0526,6,6_village_skirt_autumn_bread,1.0
gyeongsan-0320,0,0_spirit_flowers_maiden_wind,0.0
yeongyang-0102,5,5_hwanghae_flowers_river_bloom flowers,1.0
euiseong-0807,6,6_village_skirt_autumn_bread,1.0
gapyeong-0210,0,0_spirit_flowers_maiden_wind,0.0
iksan-0436,0,0_spirit_flowers_maiden_wind,0.0
haman-0304,5,5_hwanghae_flowers_river_bloom flowers,1.0
milyang-0205,7,7_tended herd_servant_plow_shepherd,0.50350213
gumi-0103,6,6_village_skirt_autumn_bread,0.5088188
gunwi-0212,6,6_village_skirt_autumn_bread,1.0
uljin-0809,5,5_hwanghae_flowers_river_bloom flowers,1.0
chilgok-0207,0,0_spirit_flowers_maiden_wind,0.0
gyeongju-0610,0,0_spirit_flowers_maiden_wind,0.0
hamyang-0705,5,5_hwanghae_flowers_river_bloom flowers,1.0
cheongdo-0619,6,6_village_skirt_autumn_bread,1.0
hapcheon-0714,5,5_hwanghae_flowers_river_bloom flowers,0.5598462
hapcheon-0206,6,6_village_skirt_autumn_bread,1.0
sangju-1438,5,5_hwanghae_flowers_river_bloom flowers,1.0
geochang-0818,6,6_village_skirt_autumn_bread,1.0
chilgok-0112,0,0_spirit_flowers_maiden_wind,0.0
geumreung-0207,0,0_spirit_flowers_maiden_wind,0.0
seongju-0613,6,6_village_skirt_autumn_bread,1.0
cheongsong-0201,5,5_hwanghae_flowers_river_bloom flowers,0.5102149
cheongsong-0405,0,0_spirit_flowers_maiden_wind,0.0
seonsan-0617,8,8_bride_wedding_maidens_marriage,1.0
euiseong-0808,6,6_village_skirt_autumn_bread,0.69714373
sancheong-0605,0,0_spirit_flowers_maiden_wind,0.0
milyang-0811,5,5_hwanghae_flowers_river_bloom flowers,1.0
uljin-0808,5,5_hwanghae_flowers_river_bloom flowers,1.0
euiseong-0809,6,6_village_skirt_autumn_bread,0.67890036
cheongsong-0413,6,6_village_skirt_autumn_bread,0.8979212
milyang-1505,5,5_hwanghae_flowers_river_bloom flowers,0.71843076
ulsan-0512,5,5_hwanghae_flowers_river_bloom flowers,1.0
goryeong-0309,5,5_hwanghae_flowers_river_bloom flowers,0.6531114
seongju-0338,5,5_hwanghae_flowers_river_bloom flowers,0.9083527
haman-0112,6,6_village_skirt_autumn_bread,1.0
cheongsong-0101,6,6_village_skirt_autumn_bread,1.0
yeongcheon-0218,5,5_hwanghae_flowers_river_bloom flowers,1.0
milyang-1202,5,5_hwanghae_flowers_river_bloom flowers,1.0
dalseong-0239,7,7_tended herd_servant_plow_shepherd,0.86191607
cheongdo-0301,0,0_spirit_flowers_maiden_wind,0.0
yeongil-0306,5,5_hwanghae_flowers_river_bloom flowers,1.0
seonsan-0211,0,0_spirit_flowers_maiden_wind,0.0
gunwi-0413,6,6_village_skirt_autumn_bread,0.5934096
daegu-0442,6,6_village_skirt_autumn_bread,0.65618104
cheongdo-0511,0,0_spirit_flowers_maiden_wind,0.0
yeongyang-0101,5,5_hwanghae_flowers_river_bloom flowers,0.6635464
haman-0111,0,0_spirit_flowers_maiden_wind,0.0
seongju-0614,0,0_spirit_flowers_maiden_wind,0.0
gyeongsan-0505,5,5_hwanghae_flowers_river_bloom flowers,0.6285236
sacheon-0206,5,5_hwanghae_flowers_river_bloom flowers,1.0
seonsan-0704,0,0_spirit_flowers_maiden_wind,0.0
yeongcheon-0602,0,0_spirit_flowers_maiden_wind,0.0
cheongsong-0406,0,0_spirit_flowers_maiden_wind,0.0
gn.goseong-0307,5,5_hwanghae_flowers_river_bloom flowers,1.0
anseong-0206,5,5_hwanghae_flowers_river_bloom flowers,0.69461066
cheongsong-0310,0,0_spirit_flowers_maiden_wind,0.0
gyeongju-0740,0,0_spirit_flowers_maiden_wind,0.0
uljin-0715,5,5_hwanghae_flowers_river_bloom flowers,0.48818052
uljin-0838,0,0_spirit_flowers_maiden_wind,0.0
gunwi-0403,5,5_hwanghae_flowers_river_bloom flowers,1.0
euiseong-0106,0,0_spirit_flowers_maiden_wind,0.0
cheongsong-0104,0,0_spirit_flowers_maiden_wind,0.0
okcheon-0106,5,5_hwanghae_flowers_river_bloom flowers,0.68829674
gyeongju-0738,0,0_spirit_flowers_maiden_wind,0.0
dalseong-0121,8,8_bride_wedding_maidens_marriage,1.0
gokseong-0413,0,0_spirit_flowers_maiden_wind,0.0
yanggu-0302,0,0_spirit_flowers_maiden_wind,0.0
namwon-0713,0,0_spirit_flowers_maiden_wind,0.0
yeongam-0218,6,6_village_skirt_autumn_bread,1.0
nonsan-0105,5,5_hwanghae_flowers_river_bloom flowers,1.0
geoje-0616,5,5_hwanghae_flowers_river_bloom flowers,1.0
damyang-0419,0,0_spirit_flowers_maiden_wind,0.0
hampyeong-0139,3,3_servant_servants_piet_dip,1.0
yanggu-0435,7,7_tended herd_servant_plow_shepherd,0.8914468
gw.goseong-0516,6,6_village_skirt_autumn_bread,0.80512583
sinan-0843,5,5_hwanghae_flowers_river_bloom flowers,0.541341
geoje-0618,6,6_village_skirt_autumn_bread,1.0
eumseong-0518,0,0_spirit_flowers_maiden_wind,0.0
goheung-0110,0,0_spirit_flowers_maiden_wind,0.0
yanggu-0110,0,0_spirit_flowers_maiden_wind,0.0
gn.goseong-0319,0,0_spirit_flowers_maiden_wind,0.0
sacheon-0210,3,3_servant_servants_piet_dip,1.0
milyang-1109,8,8_bride_wedding_maidens_marriage,1.0
yeongdeok-0209,7,7_tended herd_servant_plow_shepherd,1.0
hapcheon-0510,8,8_bride_wedding_maidens_marriage,0.87352407
hamyang-0328,0,0_spirit_flowers_maiden_wind,0.0
goryeong-0614,0,0_spirit_flowers_maiden_wind,0.0
jangheung-0219,7,7_tended herd_servant_plow_shepherd,1.0
gokseong-0409,5,5_hwanghae_flowers_river_bloom flowers,1.0
yeongdeok-0207,0,0_spirit_flowers_maiden_wind,0.0
imsil-0510,5,5_hwanghae_flowers_river_bloom flowers,1.0
yecheon-0422,0,0_spirit_flowers_maiden_wind,0.0
seonsan-0346,0,0_spirit_flowers_maiden_wind,0.0
gangjin-0319,0,0_spirit_flowers_maiden_wind,0.0
bonghwa-0711,0,0_spirit_flowers_maiden_wind,0.0
seungju-0121,6,6_village_skirt_autumn_bread,1.0
naju-0330,0,0_spirit_flowers_maiden_wind,0.0
jangseong-0235,0,0_spirit_flowers_maiden_wind,0.0
haenam-0411,8,8_bride_wedding_maidens_marriage,1.0
gwangjusi-0238,0,0_spirit_flowers_maiden_wind,0.0
muju-0703,0,0_spirit_flowers_maiden_wind,0.0
hapcheon-0509,0,0_spirit_flowers_maiden_wind,0.0
wonju-0220,6,6_village_skirt_autumn_bread,1.0
milyang-1008,8,8_bride_wedding_maidens_marriage,0.43313965
jinyang-0406,8,8_bride_wedding_maidens_marriage,1.0
chuncheon-0313,5,5_hwanghae_flowers_river_bloom flowers,1.0
ulsan-0919,5,5_hwanghae_flowers_river_bloom flowers,1.0
naju-0411,5,5_hwanghae_flowers_river_bloom flowers,0.8400174
naju-0511,5,5_hwanghae_flowers_river_bloom flowers,0.73268855
damyang-0124,0,0_spirit_flowers_maiden_wind,0.0
yeongam-0520,0,0_spirit_flowers_maiden_wind,0.0
haenam-0433,5,5_hwanghae_flowers_river_bloom flowers,1.0
seungju-0319,7,7_tended herd_servant_plow_shepherd,0.60513675
chilgok-0403,0,0_spirit_flowers_maiden_wind,0.0
cheongdo-0311,5,5_hwanghae_flowers_river_bloom flowers,1.0
sinan-0805,6,6_village_skirt_autumn_bread,1.0
sancheong-0509,6,6_village_skirt_autumn_bread,1.0
seocheon-0720,0,0_spirit_flowers_maiden_wind,0.0
gangjin-0626,0,0_spirit_flowers_maiden_wind,0.0
gangjin-0601,6,6_village_skirt_autumn_bread,1.0
jinan-0605,5,5_hwanghae_flowers_river_bloom flowers,1.0
muju-0441,5,5_hwanghae_flowers_river_bloom flowers,1.0
jinan-0202,5,5_hwanghae_flowers_river_bloom flowers,1.0
gyeongju-0211,2,2_servants_piet_books_dip,1.0
yangsan-0214,6,6_village_skirt_autumn_bread,1.0
hongcheon-0406,6,6_village_skirt_autumn_bread,1.0
yangyang-1206,0,0_spirit_flowers_maiden_wind,0.0
namwon-0313,0,0_spirit_flowers_maiden_wind,0.0
pyeongchang-0806,8,8_bride_wedding_maidens_marriage,1.0
yanggu-0817,0,0_spirit_flowers_maiden_wind,0.0
seungju-0112,0,0_spirit_flowers_maiden_wind,0.0
milyang-1711,5,5_hwanghae_flowers_river_bloom flowers,0.6928032
gimhae-0112,0,0_spirit_flowers_maiden_wind,0.0
boseong-0142,6,6_village_skirt_autumn_bread,0.7052453
gangjin-0309,8,8_bride_wedding_maidens_marriage,0.45562524
hampyeong-0428,5,5_hwanghae_flowers_river_bloom flowers,0.53952926
iksan-0206,0,0_spirit_flowers_maiden_wind,0.0
seongju-0810,5,5_hwanghae_flowers_river_bloom flowers,1.0
gwangjusi-0235,0,0_spirit_flowers_maiden_wind,0.0
naju-0333,0,0_spirit_flowers_maiden_wind,0.0
jangheung-0220,0,0_spirit_flowers_maiden_wind,0.0
geoje-0521,5,5_hwanghae_flowers_river_bloom flowers,0.72863823
euiseong-0232,5,5_hwanghae_flowers_river_bloom flowers,1.0
gwangyang-0113,0,0_spirit_flowers_maiden_wind,0.0
yeongdeok-0204,0,0_spirit_flowers_maiden_wind,0.0
eumseong-0512,0,0_spirit_flowers_maiden_wind,0.0
seongju-0629,0,0_spirit_flowers_maiden_wind,0.0
hampyeong-0443,0,0_spirit_flowers_maiden_wind,0.0
hampyeong-0518,6,6_village_skirt_autumn_bread,0.76802564
hwacheon-0917,8,8_bride_wedding_maidens_marriage,1.0
haenam-0127,6,6_village_skirt_autumn_bread,1.0
muju-0508,0,0_spirit_flowers_maiden_wind,0.0
namhae-0206,7,7_tended herd_servant_plow_shepherd,0.4343558
hwasun-0311,0,0_spirit_flowers_maiden_wind,0.0
hwasun-0312,5,5_hwanghae_flowers_river_bloom flowers,0.6265901
yecheon-0809,0,0_spirit_flowers_maiden_wind,0.0
wando-0233,7,7_tended herd_servant_plow_shepherd,0.95491534
sinan-0913,5,5_hwanghae_flowers_river_bloom flowers,1.0
inje-0208,8,8_bride_wedding_maidens_marriage,1.0
jeongseon-0810,6,6_village_skirt_autumn_bread,0.7915574
bukjeju-0219,6,6_village_skirt_autumn_bread,1.0
bonghwa-0707,0,0_spirit_flowers_maiden_wind,0.0
geoje-0417,6,6_village_skirt_autumn_bread,1.0
seongju-0313,5,5_hwanghae_flowers_river_bloom flowers,1.0
dalseong-0119,5,5_hwanghae_flowers_river_bloom flowers,1.0
chilgok-0471,0,0_spirit_flowers_maiden_wind,0.0
geoje-0519,0,0_spirit_flowers_maiden_wind,0.0
cheolwon-1019,6,6_village_skirt_autumn_bread,1.0
daejeon-0510,0,0_spirit_flowers_maiden_wind,0.0
seungju-0339,0,0_spirit_flowers_maiden_wind,0.0
icheon-0410,3,3_servant_servants_piet_dip,0.5121005
mungyeong-0317,5,5_hwanghae_flowers_river_bloom flowers,1.0
yeongil-0616,0,0_spirit_flowers_maiden_wind,0.0
sinan-0118,5,5_hwanghae_flowers_river_bloom flowers,1.0
jangheung-0229,0,0_spirit_flowers_maiden_wind,0.0
yeocheon-0225,6,6_village_skirt_autumn_bread,1.0
sancheong-0523,0,0_spirit_flowers_maiden_wind,0.0
yecheon-0423,0,0_spirit_flowers_maiden_wind,0.0
geochang-0510,0,0_spirit_flowers_maiden_wind,0.0
jindo-0231,6,6_village_skirt_autumn_bread,1.0
goheung-0112,0,0_spirit_flowers_maiden_wind,0.0
jinyang-0907,0,0_spirit_flowers_maiden_wind,0.0
gn.goseong-0107,5,5_hwanghae_flowers_river_bloom flowers,1.0
goryeong-0529,0,0_spirit_flowers_maiden_wind,0.0
seungju-0203,7,7_tended herd_servant_plow_shepherd,1.0
sinan-0614,6,6_village_skirt_autumn_bread,0.6195532
yeongwol-0107,0,0_spirit_flowers_maiden_wind,0.0
naju-0220,5,5_hwanghae_flowers_river_bloom flowers,1.0
cheolwon-0807,6,6_village_skirt_autumn_bread,0.534372
hampyeong-0126,5,5_hwanghae_flowers_river_bloom flowers,1.0
boeun-0412,0,0_spirit_flowers_maiden_wind,0.0
jangsu-0233,7,7_tended herd_servant_plow_shepherd,0.6471546
jinan-0626,5,5_hwanghae_flowers_river_bloom flowers,0.7068819
bonghwa-0709,0,0_spirit_flowers_maiden_wind,0.0
cheolwon-1214,5,5_hwanghae_flowers_river_bloom flowers,0.5035215
cheongsong-0228,0,0_spirit_flowers_maiden_wind,0.0
gimhae-0110,0,0_spirit_flowers_maiden_wind,0.0
sangju-1014,7,7_tended herd_servant_plow_shepherd,1.0
cheolwon-1020,0,0_spirit_flowers_maiden_wind,0.0
seongju-0827,0,0_spirit_flowers_maiden_wind,0.0
sacheon-0110,0,0_spirit_flowers_maiden_wind,0.0
inje-0209,0,0_spirit_flowers_maiden_wind,0.0
yeongdeok-0309,8,8_bride_wedding_maidens_marriage,0.90665567
gn.goseong-0602,6,6_village_skirt_autumn_bread,1.0
pyeongchang-0824,6,6_village_skirt_autumn_bread,1.0
yeonggwang-0614,6,6_village_skirt_autumn_bread,1.0
goheung-0221,3,3_servant_servants_piet_dip,0.50151765
yanggu-0408,0,0_spirit_flowers_maiden_wind,0.0
yangyang-1805,0,0_spirit_flowers_maiden_wind,0.0
gochang-0712,0,0_spirit_flowers_maiden_wind,0.0
mungyeong-0510,5,5_hwanghae_flowers_river_bloom flowers,1.0
sinan-0117,8,8_bride_wedding_maidens_marriage,1.0
tongyeong-0713,0,0_spirit_flowers_maiden_wind,0.0
buan-0615,0,0_spirit_flowers_maiden_wind,0.0
muan-0319,0,0_spirit_flowers_maiden_wind,0.0
gangjin-0618,0,0_spirit_flowers_maiden_wind,0.0
hampyeong-0422,5,5_hwanghae_flowers_river_bloom flowers,0.52284396
naju-0331,0,0_spirit_flowers_maiden_wind,0.0
jeongseon-1602,8,8_bride_wedding_maidens_marriage,1.0
buan-0620,8,8_bride_wedding_maidens_marriage,1.0
haenam-0410,6,6_village_skirt_autumn_bread,1.0
incheon-0102,5,5_hwanghae_flowers_river_bloom flowers,1.0
hadong-0410,0,0_spirit_flowers_maiden_wind,0.0
wanju-0423,0,0_spirit_flowers_maiden_wind,0.0
tongyeong-0625,0,0_spirit_flowers_maiden_wind,0.0
naju-0329,0,0_spirit_flowers_maiden_wind,0.0
haenam-0335,5,5_hwanghae_flowers_river_bloom flowers,0.577207
haenam-0511,0,0_spirit_flowers_maiden_wind,0.0
jungwon-0336,0,0_spirit_flowers_maiden_wind,0.0
naju-0219,6,6_village_skirt_autumn_bread,0.50940037
uljin-1002,0,0_spirit_flowers_maiden_wind,0.0
hwacheon-0204,0,0_spirit_flowers_maiden_wind,0.0
yeocheon-0227,5,5_hwanghae_flowers_river_bloom flowers,0.70587367
goheung-0512,0,0_spirit_flowers_maiden_wind,0.0
geumsan-1108,6,6_village_skirt_autumn_bread,0.51187116
jindo-0523,6,6_village_skirt_autumn_bread,1.0
chilgok-0606,0,0_spirit_flowers_maiden_wind,0.0
yeongyang-0118,0,0_spirit_flowers_maiden_wind,0.0
yeonggwang-0611,0,0_spirit_flowers_maiden_wind,0.0
jangsu-0223,6,6_village_skirt_autumn_bread,0.7935207
jangseong-0538,0,0_spirit_flowers_maiden_wind,0.0
andong-0223,0,0_spirit_flowers_maiden_wind,0.0
gw.goseong-0405,0,0_spirit_flowers_maiden_wind,0.0
yeongil-0606,0,0_spirit_flowers_maiden_wind,0.0
jungwon-0335,6,6_village_skirt_autumn_bread,1.0
uljin-0613,0,0_spirit_flowers_maiden_wind,0.0
yeongam-0516,8,8_bride_wedding_maidens_marriage,1.0
yeongam-0513,0,0_spirit_flowers_maiden_wind,0.0
yangyang-2103,5,5_hwanghae_flowers_river_bloom flowers,0.66257614
chilgok-0514,0,0_spirit_flowers_maiden_wind,0.0
gochang-0314,0,0_spirit_flowers_maiden_wind,0.0
jangsu-0225,6,6_village_skirt_autumn_bread,1.0
jeongseon-1406,0,0_spirit_flowers_maiden_wind,0.0
samcheonpo-0108,7,7_tended herd_servant_plow_shepherd,0.6083205
sancheong-0443,0,0_spirit_flowers_maiden_wind,0.0
ulsan-0908,0,0_spirit_flowers_maiden_wind,0.0
jindo-0109,0,0_spirit_flowers_maiden_wind,0.0
inje-0210,0,0_spirit_flowers_maiden_wind,0.0
bukjeju-1512,0,0_spirit_flowers_maiden_wind,0.0
cheolwon-0310,0,0_spirit_flowers_maiden_wind,0.0
dalseong-0302,0,0_spirit_flowers_maiden_wind,0.0
yangyang-0511,6,6_village_skirt_autumn_bread,1.0
yeonggwang-0142,0,0_spirit_flowers_maiden_wind,0.0
dalseong-0214,6,6_village_skirt_autumn_bread,1.0
boseong-0134,6,6_village_skirt_autumn_bread,0.535725
haman-0128,8,8_bride_wedding_maidens_marriage,1.0
geochang-0222,6,6_village_skirt_autumn_bread,0.68088835
geochang-0315,0,0_spirit_flowers_maiden_wind,0.0
hampyeong-0517,5,5_hwanghae_flowers_river_bloom flowers,1.0
imsil-0209,0,0_spirit_flowers_maiden_wind,0.0
naju-0323,6,6_village_skirt_autumn_bread,0.5700155
jangheung-0509,6,6_village_skirt_autumn_bread,1.0
yecheon-0503,8,8_bride_wedding_maidens_marriage,1.0
jeongseon-0809,0,0_spirit_flowers_maiden_wind,0.0
jinan-0603,5,5_hwanghae_flowers_river_bloom flowers,1.0
damyang-0417,5,5_hwanghae_flowers_river_bloom flowers,0.64132655
cheolwon-0813,6,6_village_skirt_autumn_bread,1.0
jindo-0545,0,0_spirit_flowers_maiden_wind,0.0
haenam-0325,8,8_bride_wedding_maidens_marriage,1.0
gimje-0518,0,0_spirit_flowers_maiden_wind,0.0
sancheong-0442,0,0_spirit_flowers_maiden_wind,0.0
yeongil-0524,6,6_village_skirt_autumn_bread,1.0
geumreung-0135,0,0_spirit_flowers_maiden_wind,0.0
daejeon-0511,6,6_village_skirt_autumn_bread,1.0
yeonggwang-0612,0,0_spirit_flowers_maiden_wind,0.0
tongyeong-0413,3,3_servant_servants_piet_dip,1.0
jinan-0123,0,0_spirit_flowers_maiden_wind,0.0
yeonggwang-0225,6,6_village_skirt_autumn_bread,1.0
yeongdong-0104,0,0_spirit_flowers_maiden_wind,0.0
gokseong-0105,0,0_spirit_flowers_maiden_wind,0.0
gimje-0511,0,0_spirit_flowers_maiden_wind,0.0
cheolwon-1205,0,0_spirit_flowers_maiden_wind,0.0
muan-0136,0,0_spirit_flowers_maiden_wind,0.0
gn.goseong-0531,0,0_spirit_flowers_maiden_wind,0.0
jangheung-0515,6,6_village_skirt_autumn_bread,1.0
jungwon-0334,0,0_spirit_flowers_maiden_wind,0.0
ulsan-0409,6,6_village_skirt_autumn_bread,1.0
seungju-0320,0,0_spirit_flowers_maiden_wind,0.0
yangyang-1806,5,5_hwanghae_flowers_river_bloom flowers,0.67645895
geumsan-1106,5,5_hwanghae_flowers_river_bloom flowers,1.0
jinan-0426,6,6_village_skirt_autumn_bread,1.0
wando-0608,0,0_spirit_flowers_maiden_wind,0.0
euiseong-0721,5,5_hwanghae_flowers_river_bloom flowers,0.57524663
gyeongsan-0703,8,8_bride_wedding_maidens_marriage,1.0
seongju-0641,0,0_spirit_flowers_maiden_wind,0.0
geumsan-0806,6,6_village_skirt_autumn_bread,1.0
changwon-0208,6,6_village_skirt_autumn_bread,0.82787055
gangjin-0714,6,6_village_skirt_autumn_bread,0.7341409
gw.goseong-0607,6,6_village_skirt_autumn_bread,1.0
hamyang-0120,0,0_spirit_flowers_maiden_wind,0.0
yeongwol-0106,0,0_spirit_flowers_maiden_wind,0.0
gangjin-0710,6,6_village_skirt_autumn_bread,1.0
gwangyang-0114,5,5_hwanghae_flowers_river_bloom flowers,1.0
yeonggwang-0136,6,6_village_skirt_autumn_bread,1.0
geoje-0617,0,0_spirit_flowers_maiden_wind,0.0
yeocheon-0231,3,3_servant_servants_piet_dip,1.0
milyang-0604,0,0_spirit_flowers_maiden_wind,0.0
hwacheon-0209,0,0_spirit_flowers_maiden_wind,0.0
wando-0708,5,5_hwanghae_flowers_river_bloom flowers,1.0
sangju-1009,0,0_spirit_flowers_maiden_wind,0.0
geoje-0520,0,0_spirit_flowers_maiden_wind,0.0
damyang-0122,6,6_village_skirt_autumn_bread,1.0
jeongseon-0811,8,8_bride_wedding_maidens_marriage,1.0
gw.goseong-1210,2,2_servants_piet_books_dip,1.0
sangju-0817,6,6_village_skirt_autumn_bread,0.6196283
yecheon-0309,0,0_spirit_flowers_maiden_wind,0.0
pyeongchang-1112,0,0_spirit_flowers_maiden_wind,0.0
chilgok-0315,5,5_hwanghae_flowers_river_bloom flowers,1.0
hwasun-0201,7,7_tended herd_servant_plow_shepherd,0.3744053
muan-0705,0,0_spirit_flowers_maiden_wind,0.0
milyang-0606,8,8_bride_wedding_maidens_marriage,0.6447064
haman-0616,0,0_spirit_flowers_maiden_wind,0.0
chilgok-0316,8,8_bride_wedding_maidens_marriage,1.0
cheongsong-0521,6,6_village_skirt_autumn_bread,1.0
tongyeong-0304,0,0_spirit_flowers_maiden_wind,0.0
goheung-0513,6,6_village_skirt_autumn_bread,1.0
sangju-1409,0,0_spirit_flowers_maiden_wind,0.0
euiryeong-0508,0,0_spirit_flowers_maiden_wind,0.0
gn.goseong-0519,6,6_village_skirt_autumn_bread,0.5531705
goheung-0407,5,5_hwanghae_flowers_river_bloom flowers,0.5169578
seongju-0143,0,0_spirit_flowers_maiden_wind,0.0
hampyeong-0602,0,0_spirit_flowers_maiden_wind,0.0
yeongdeok-0138,8,8_bride_wedding_maidens_marriage,1.0
uljin-0915,6,6_village_skirt_autumn_bread,1.0
seungju-0342,6,6_village_skirt_autumn_bread,0.7108092
yeongdeok-0208,6,6_village_skirt_autumn_bread,1.0
namwon-0308,0,0_spirit_flowers_maiden_wind,0.0
naju-0311,6,6_village_skirt_autumn_bread,0.57861996
uljin-0909,0,0_spirit_flowers_maiden_wind,0.0
sangju-1008,5,5_hwanghae_flowers_river_bloom flowers,1.0
yangyang-0322,0,0_spirit_flowers_maiden_wind,0.0
jungwon-0338,0,0_spirit_flowers_maiden_wind,0.0
hoengseong-0107,3,3_servant_servants_piet_dip,0.5285619
wonju-0222,0,0_spirit_flowers_maiden_wind,0.0
gangjin-0310,0,0_spirit_flowers_maiden_wind,0.0
naju-0212,6,6_village_skirt_autumn_bread,0.63001966
namhae-0219,6,6_village_skirt_autumn_bread,0.8232564
jangheung-0411,5,5_hwanghae_flowers_river_bloom flowers,0.5172698
boryeong-0231,6,6_village_skirt_autumn_bread,1.0
yeocheon-0326,6,6_village_skirt_autumn_bread,1.0
boeun-0211,5,5_hwanghae_flowers_river_bloom flowers,0.6810477
namwon-0312,8,8_bride_wedding_maidens_marriage,1.0
yeongil-0332,0,0_spirit_flowers_maiden_wind,0.0
eumseong-0528,0,0_spirit_flowers_maiden_wind,0.0
seungju-0307,0,0_spirit_flowers_maiden_wind,0.0
yecheon-0704,0,0_spirit_flowers_maiden_wind,0.0
yeongam-0424,0,0_spirit_flowers_maiden_wind,0.0
samcheok-1017,6,6_village_skirt_autumn_bread,0.69773084
seonsan-0609,0,0_spirit_flowers_maiden_wind,0.0
seungju-0336,6,6_village_skirt_autumn_bread,0.56266534
yecheon-0821,8,8_bride_wedding_maidens_marriage,1.0
mungyeong-0513,0,0_spirit_flowers_maiden_wind,0.0
jangseong-0228,7,7_tended herd_servant_plow_shepherd,1.0
sinan-0721,0,0_spirit_flowers_maiden_wind,0.0
sinan-0314,0,0_spirit_flowers_maiden_wind,0.0
milyang-1009,5,5_hwanghae_flowers_river_bloom flowers,1.0
jindo-0543,0,0_spirit_flowers_maiden_wind,0.0
haenam-0128,0,0_spirit_flowers_maiden_wind,0.0
daejeon-0501,0,0_spirit_flowers_maiden_wind,0.0
jangheung-0225,5,5_hwanghae_flowers_river_bloom flowers,1.0
hadong-0409,0,0_spirit_flowers_maiden_wind,0.0
hampyeong-0439,6,6_village_skirt_autumn_bread,0.6328786
wando-0420,5,5_hwanghae_flowers_river_bloom flowers,0.7866746
tongyeong-0412,8,8_bride_wedding_maidens_marriage,0.81032866
pyeongchang-1114,8,8_bride_wedding_maidens_marriage,0.8810935
yecheon-0504,0,0_spirit_flowers_maiden_wind,0.0
gochang-0525,0,0_spirit_flowers_maiden_wind,0.0
goheung-0408,6,6_village_skirt_autumn_bread,1.0
bonghwa-0712,8,8_bride_wedding_maidens_marriage,1.0
yeonggwang-0238,6,6_village_skirt_autumn_bread,0.6651845
yangyang-1208,0,0_spirit_flowers_maiden_wind,0.0
tongyeong-0614,0,0_spirit_flowers_maiden_wind,0.0
sinan-0131,6,6_village_skirt_autumn_bread,1.0
yeonggwang-0433,0,0_spirit_flowers_maiden_wind,0.0
haenam-0409,8,8_bride_wedding_maidens_marriage,0.35638314
goheung-0219,8,8_bride_wedding_maidens_marriage,1.0
imsil-0218,0,0_spirit_flowers_maiden_wind,0.0
jangsu-0113,8,8_bride_wedding_maidens_marriage,1.0
haenam-0523,6,6_village_skirt_autumn_bread,0.65025955
haenam-0414,5,5_hwanghae_flowers_river_bloom flowers,1.0
sancheong-0118,8,8_bride_wedding_maidens_marriage,1.0
dalseong-0213,6,6_village_skirt_autumn_bread,1.0
imsil-0208,7,7_tended herd_servant_plow_shepherd,0.5540644
namhae-0110,0,0_spirit_flowers_maiden_wind,0.0
muju-0713,0,0_spirit_flowers_maiden_wind,0.0
geumreung-0433,5,5_hwanghae_flowers_river_bloom flowers,0.62417823
gangjin-0706,6,6_village_skirt_autumn_bread,1.0
yecheon-0424,0,0_spirit_flowers_maiden_wind,0.0
cheongdo-0705,0,0_spirit_flowers_maiden_wind,0.0
naju-0214,0,0_spirit_flowers_maiden_wind,0.0
gimje-0508,0,0_spirit_flowers_maiden_wind,0.0
seocheon-0202,0,0_spirit_flowers_maiden_wind,0.0
hampyeong-0523,7,7_tended herd_servant_plow_shepherd,0.737467
cheongdo-0111,8,8_bride_wedding_maidens_marriage,0.93743324
sancheong-0422,0,0_spirit_flowers_maiden_wind,0.0
jeongeup-0411,0,0_spirit_flowers_maiden_wind,0.0
wando-0207,6,6_village_skirt_autumn_bread,0.61813474
hampyeong-0140,0,0_spirit_flowers_maiden_wind,0.0
samcheok-1001,6,6_village_skirt_autumn_bread,1.0
namhae-0215,0,0_spirit_flowers_maiden_wind,0.0
jeongseon-0726,5,5_hwanghae_flowers_river_bloom flowers,0.6668681
bonghwa-0312,0,0_spirit_flowers_maiden_wind,0.0
sancheong-0606,5,5_hwanghae_flowers_river_bloom flowers,1.0
haenam-0130,6,6_village_skirt_autumn_bread,1.0
yeongdeok-0203,0,0_spirit_flowers_maiden_wind,0.0
dalseong-0307,0,0_spirit_flowers_maiden_wind,0.0
jangsu-0348,0,0_spirit_flowers_maiden_wind,0.0
yeongdeok-0210,0,0_spirit_flowers_maiden_wind,0.0
gunwi-0239,0,0_spirit_flowers_maiden_wind,0.0
yeongam-0512,3,3_servant_servants_piet_dip,0.9242081
ganghwa-0702,0,0_spirit_flowers_maiden_wind,0.0
samcheok-1012,0,0_spirit_flowers_maiden_wind,0.0
nonsan-0101,5,5_hwanghae_flowers_river_bloom flowers,1.0
naju-0332,0,0_spirit_flowers_maiden_wind,0.0
gokseong-0102,0,0_spirit_flowers_maiden_wind,0.0
jeongseon-0723,5,5_hwanghae_flowers_river_bloom flowers,1.0
yanggu-0716,8,8_bride_wedding_maidens_marriage,1.0
cheolwon-1203,0,0_spirit_flowers_maiden_wind,0.0
wando-0718,6,6_village_skirt_autumn_bread,1.0
gyeongju-0210,8,8_bride_wedding_maidens_marriage,0.809488
sinan-1013,7,7_tended herd_servant_plow_shepherd,0.54066503
yeongcheon-0223,8,8_bride_wedding_maidens_marriage,0.6873709
boseong-0135,0,0_spirit_flowers_maiden_wind,0.0
geumsan-0604,6,6_village_skirt_autumn_bread,0.7884242
dalseong-0531,0,0_spirit_flowers_maiden_wind,0.0
sancheong-0527,0,0_spirit_flowers_maiden_wind,0.0
gimhae-0304,0,0_spirit_flowers_maiden_wind,0.0
chilgok-0317,8,8_bride_wedding_maidens_marriage,1.0
gokseong-0106,5,5_hwanghae_flowers_river_bloom flowers,0.57780313
geochang-0509,0,0_spirit_flowers_maiden_wind,0.0
jangheung-0221,0,0_spirit_flowers_maiden_wind,0.0
damyang-0115,7,7_tended herd_servant_plow_shepherd,1.0
goheung-0406,0,0_spirit_flowers_maiden_wind,0.0
haenam-0135,0,0_spirit_flowers_maiden_wind,0.0
dalseong-0335,7,7_tended herd_servant_plow_shepherd,1.0
cheongdo-0515,8,8_bride_wedding_maidens_marriage,0.61939585
gwangjusi-0229,0,0_spirit_flowers_maiden_wind,0.0
seosan-0706,0,0_spirit_flowers_maiden_wind,0.0
goesan-0120,6,6_village_skirt_autumn_bread,0.47972482
chilgok-0318,0,0_spirit_flowers_maiden_wind,0.0
yangyang-2102,6,6_village_skirt_autumn_bread,0.75387686
samcheok-1209,6,6_village_skirt_autumn_bread,0.83187294
hongcheon-1312,0,0_spirit_flowers_maiden_wind,0.0
hapcheon-0516,0,0_spirit_flowers_maiden_wind,0.0
ulsan-0421,5,5_hwanghae_flowers_river_bloom flowers,0.6283235
yeonggwang-0519,0,0_spirit_flowers_maiden_wind,0.0
hwacheon-0217,0,0_spirit_flowers_maiden_wind,0.0
jeongseon-0724,6,6_village_skirt_autumn_bread,1.0
boseong-0123,6,6_village_skirt_autumn_bread,0.60670257
samcheok-1104,0,0_spirit_flowers_maiden_wind,0.0
imsil-0520,0,0_spirit_flowers_maiden_wind,0.0
jeongeup-0462,8,8_bride_wedding_maidens_marriage,1.0
muan-0147,0,0_spirit_flowers_maiden_wind,0.0
jeongseon-1111,0,0_spirit_flowers_maiden_wind,0.0
boryeong-0232,5,5_hwanghae_flowers_river_bloom flowers,1.0
yeongyang-0120,0,0_spirit_flowers_maiden_wind,0.0
yeonggwang-0411,0,0_spirit_flowers_maiden_wind,0.0
naju-0317,6,6_village_skirt_autumn_bread,0.61733
jungwon-0337,0,0_spirit_flowers_maiden_wind,0.0
wando-0520,0,0_spirit_flowers_maiden_wind,0.0
goheung-0511,6,6_village_skirt_autumn_bread,1.0
ulreung-0224,8,8_bride_wedding_maidens_marriage,1.0
goesan-0315,5,5_hwanghae_flowers_river_bloom flowers,1.0
goheung-0119,0,0_spirit_flowers_maiden_wind,0.0
ulreung-0223,0,0_spirit_flowers_maiden_wind,0.0
gangjin-0711,6,6_village_skirt_autumn_bread,1.0
muju-0401,6,6_village_skirt_autumn_bread,0.5229921
dalseong-0308,0,0_spirit_flowers_maiden_wind,0.0
yeongam-0423,0,0_spirit_flowers_maiden_wind,0.0
sinan-0216,8,8_bride_wedding_maidens_marriage,1.0
yangyang-2207,0,0_spirit_flowers_maiden_wind,0.0
gangjin-0716,6,6_village_skirt_autumn_bread,0.7278373
gangjin-0312,6,6_village_skirt_autumn_bread,1.0
jangheung-0514,5,5_hwanghae_flowers_river_bloom flowers,0.507501
seungju-0347,0,0_spirit_flowers_maiden_wind,0.0
yeocheon-0327,5,5_hwanghae_flowers_river_bloom flowers,0.6929851
yangyang-1714,2,2_servants_piet_books_dip,1.0
haenam-0134,0,0_spirit_flowers_maiden_wind,0.0
hapcheon-0921,6,6_village_skirt_autumn_bread,1.0
cheolwon-1031,0,0_spirit_flowers_maiden_wind,0.0
pyeongchang-1111,0,0_spirit_flowers_maiden_wind,0.0
gw.goseong-0608,0,0_spirit_flowers_maiden_wind,0.0
cheongdo-0518,0,0_spirit_flowers_maiden_wind,0.0
imsil-0224,5,5_hwanghae_flowers_river_bloom flowers,0.49334583
wando-0722,0,0_spirit_flowers_maiden_wind,0.0
cheongdo-0724,0,0_spirit_flowers_maiden_wind,0.0
gw.goseong-0715,8,8_bride_wedding_maidens_marriage,1.0
wando-0410,0,0_spirit_flowers_maiden_wind,0.0
bukjeju-0117,6,6_village_skirt_autumn_bread,1.0
cheongdo-0320,0,0_spirit_flowers_maiden_wind,0.0
yecheon-0921,0,0_spirit_flowers_maiden_wind,0.0
inje-0721,8,8_bride_wedding_maidens_marriage,1.0
seocheon-0509,0,0_spirit_flowers_maiden_wind,0.0
buyeo-0325,0,0_spirit_flowers_maiden_wind,0.0
milyang-1407,5,5_hwanghae_flowers_river_bloom flowers,1.0
yeongcheon-0213,0,0_spirit_flowers_maiden_wind,0.0
boryeong-0221,0,0_spirit_flowers_maiden_wind,0.0
inje-0227,0,0_spirit_flowers_maiden_wind,0.0
chilgok-0411,0,0_spirit_flowers_maiden_wind,0.0
andong-0211,0,0_spirit_flowers_maiden_wind,0.0
yecheon-0718,0,0_spirit_flowers_maiden_wind,0.0
milyang-1207,0,0_spirit_flowers_maiden_wind,0.0
wonju-0226,8,8_bride_wedding_maidens_marriage,1.0
inje-0113,5,5_hwanghae_flowers_river_bloom flowers,0.68455184
namjeju-0711,5,5_hwanghae_flowers_river_bloom flowers,0.82063663
sinan-0808,0,0_spirit_flowers_maiden_wind,0.0
yecheon-0804,5,5_hwanghae_flowers_river_bloom flowers,0.7675739
uljin-0417,0,0_spirit_flowers_maiden_wind,0.0
ulsan-0424,0,0_spirit_flowers_maiden_wind,0.0
sangju-1230,0,0_spirit_flowers_maiden_wind,0.0
jindo-0741,0,0_spirit_flowers_maiden_wind,0.0
jinan-0431,0,0_spirit_flowers_maiden_wind,0.0
muju-0523,0,0_spirit_flowers_maiden_wind,0.0
ulsan-0712,0,0_spirit_flowers_maiden_wind,0.0
dalseong-0533,0,0_spirit_flowers_maiden_wind,0.0
yeongcheon-0121,0,0_spirit_flowers_maiden_wind,0.0
yanggu-0308,0,0_spirit_flowers_maiden_wind,0.0
cheolwon-0816,0,0_spirit_flowers_maiden_wind,0.0
changnyeong-0312,0,0_spirit_flowers_maiden_wind,0.0
seosan-0210,0,0_spirit_flowers_maiden_wind,0.0
jindo-0232,0,0_spirit_flowers_maiden_wind,0.0
yecheon-0342,0,0_spirit_flowers_maiden_wind,0.0
wando-0118,0,0_spirit_flowers_maiden_wind,0.0
gapyeong-0112,6,6_village_skirt_autumn_bread,1.0
goesan-0105,0,0_spirit_flowers_maiden_wind,0.0
cheongdo-0114,5,5_hwanghae_flowers_river_bloom flowers,1.0
icheon-0413,0,0_spirit_flowers_maiden_wind,0.0
yeongil-0640,0,0_spirit_flowers_maiden_wind,0.0
seongju-0617,0,0_spirit_flowers_maiden_wind,0.0
jindo-0126,6,6_village_skirt_autumn_bread,1.0
sacheon-0109,0,0_spirit_flowers_maiden_wind,0.0
euiseong-0733,6,6_village_skirt_autumn_bread,0.6735697
muan-0143,8,8_bride_wedding_maidens_marriage,1.0
samcheok-1111,6,6_village_skirt_autumn_bread,1.0
chilgok-0505,0,0_spirit_flowers_maiden_wind,0.0
wanju-0426,5,5_hwanghae_flowers_river_bloom flowers,0.681061
uljin-0913,0,0_spirit_flowers_maiden_wind,0.0
cheolwon-0818,0,0_spirit_flowers_maiden_wind,0.0
jungwon-0313,0,0_spirit_flowers_maiden_wind,0.0
hwacheon-0212,8,8_bride_wedding_maidens_marriage,1.0
yecheon-0805,5,5_hwanghae_flowers_river_bloom flowers,1.0
yangyang-1508,0,0_spirit_flowers_maiden_wind,0.0
seocheon-0508,5,5_hwanghae_flowers_river_bloom flowers,1.0
pyeongchang-1011,0,0_spirit_flowers_maiden_wind,0.0
seonsan-0111,0,0_spirit_flowers_maiden_wind,0.0
anseong-0312,0,0_spirit_flowers_maiden_wind,0.0
inje-0112,5,5_hwanghae_flowers_river_bloom flowers,0.8895201
buan-0516,0,0_spirit_flowers_maiden_wind,0.0
cheongsong-0224,0,0_spirit_flowers_maiden_wind,0.0
gyeongsan-0309,0,0_spirit_flowers_maiden_wind,0.0
geumsan-1120,6,6_village_skirt_autumn_bread,1.0
daejeon-0505,0,0_spirit_flowers_maiden_wind,0.0
cheolwon-0820,0,0_spirit_flowers_maiden_wind,0.0
bukjeju-0115,0,0_spirit_flowers_maiden_wind,0.0
pyeongchang-1013,0,0_spirit_flowers_maiden_wind,0.0
yeongdeok-0529,0,0_spirit_flowers_maiden_wind,0.0
geumreung-0517,5,5_hwanghae_flowers_river_bloom flowers,0.51897097
ganghwa-0701,0,0_spirit_flowers_maiden_wind,0.0
sinan-0711,6,6_village_skirt_autumn_bread,1.0
wanju-0417,0,0_spirit_flowers_maiden_wind,0.0
ulsan-0807,0,0_spirit_flowers_maiden_wind,0.0
yeongwol-0311,6,6_village_skirt_autumn_bread,0.6529378
bukjeju-1017,6,6_village_skirt_autumn_bread,0.6565036
sinan-0922,0,0_spirit_flowers_maiden_wind,0.0
wando-0411,5,5_hwanghae_flowers_river_bloom flowers,0.8104434
haenam-0415,0,0_spirit_flowers_maiden_wind,0.0
hampyeong-0611,0,0_spirit_flowers_maiden_wind,0.0
cheongdo-0326,0,0_spirit_flowers_maiden_wind,0.0
yanggu-0707,0,0_spirit_flowers_maiden_wind,0.0
jangseong-0528,5,5_hwanghae_flowers_river_bloom flowers,1.0
yeongil-0639,5,5_hwanghae_flowers_river_bloom flowers,0.8782567
sinan-0143,6,6_village_skirt_autumn_bread,1.0
chilgok-0412,5,5_hwanghae_flowers_river_bloom flowers,1.0
gapyeong-0301,8,8_bride_wedding_maidens_marriage,0.8081478
inje-0228,0,0_spirit_flowers_maiden_wind,0.0
euiseong-0234,7,7_tended herd_servant_plow_shepherd,1.0
milyang-0602,0,0_spirit_flowers_maiden_wind,0.0
naju-0224,5,5_hwanghae_flowers_river_bloom flowers,1.0
geochang-0617,0,0_spirit_flowers_maiden_wind,0.0
mungyeong-0527,0,0_spirit_flowers_maiden_wind,0.0
bukjeju-2111,0,0_spirit_flowers_maiden_wind,0.0
geochang-0813,0,0_spirit_flowers_maiden_wind,0.0
bonghwa-0121,0,0_spirit_flowers_maiden_wind,0.0
ulreung-0205,0,0_spirit_flowers_maiden_wind,0.0
goesan-0102,5,5_hwanghae_flowers_river_bloom flowers,0.5699157
milyang-1717,0,0_spirit_flowers_maiden_wind,0.0
yangyang-0508,8,8_bride_wedding_maidens_marriage,1.0
yeongcheon-0212,0,0_spirit_flowers_maiden_wind,0.0
gochang-0745,0,0_spirit_flowers_maiden_wind,0.0
yeongdeok-0518,0,0_spirit_flowers_maiden_wind,0.0
gyeongju-0116,0,0_spirit_flowers_maiden_wind,0.0
jangsu-0230,5,5_hwanghae_flowers_river_bloom flowers,0.55627054
jangseong-0131,6,6_village_skirt_autumn_bread,1.0
bukjeju-2213,0,0_spirit_flowers_maiden_wind,0.0
seongju-0307,6,6_village_skirt_autumn_bread,1.0
muju-0426,0,0_spirit_flowers_maiden_wind,0.0
jinyang-0908,0,0_spirit_flowers_maiden_wind,0.0
daejeon-0512,0,0_spirit_flowers_maiden_wind,0.0
yeonggwang-0112,0,0_spirit_flowers_maiden_wind,0.0
jeongeup-0434,0,0_spirit_flowers_maiden_wind,0.0
seongju-0618,6,6_village_skirt_autumn_bread,1.0
hwacheon-0315,0,0_spirit_flowers_maiden_wind,0.0
yeongil-0347,0,0_spirit_flowers_maiden_wind,0.0
seungju-0114,0,0_spirit_flowers_maiden_wind,0.0
jangheung-0517,5,5_hwanghae_flowers_river_bloom flowers,1.0
sinan-0312,0,0_spirit_flowers_maiden_wind,0.0
hongcheon-0617,0,0_spirit_flowers_maiden_wind,0.0
cheongsong-0425,0,0_spirit_flowers_maiden_wind,0.0
jinan-0310,3,3_servant_servants_piet_dip,1.0
yeongyang-0310,5,5_hwanghae_flowers_river_bloom flowers,1.0
gangjin-0723,7,7_tended herd_servant_plow_shepherd,0.53662384
cheolwon-1032,6,6_village_skirt_autumn_bread,0.68947685
yanggu-0126,6,6_village_skirt_autumn_bread,0.5034912
andong-0219,0,0_spirit_flowers_maiden_wind,0.0
changnyeong-0117,0,0_spirit_flowers_maiden_wind,0.0
cheolwon-0316,0,0_spirit_flowers_maiden_wind,0.0
gapyeong-0116,0,0_spirit_flowers_maiden_wind,0.0
jindo-0412,0,0_spirit_flowers_maiden_wind,0.0
geumreung-0132,8,8_bride_wedding_maidens_marriage,0.6870273
cheongwon-0218,6,6_village_skirt_autumn_bread,1.0
bukjeju-1014,6,6_village_skirt_autumn_bread,1.0
samcheok-0707,0,0_spirit_flowers_maiden_wind,0.0
hwacheon-0403,6,6_village_skirt_autumn_bread,1.0
jungwon-0305,0,0_spirit_flowers_maiden_wind,0.0
yangyang-1210,3,3_servant_servants_piet_dip,1.0
yeongil-0529,0,0_spirit_flowers_maiden_wind,0.0
dalseong-0530,0,0_spirit_flowers_maiden_wind,0.0
imsil-0222,0,0_spirit_flowers_maiden_wind,0.0
jinyang-0303,0,0_spirit_flowers_maiden_wind,0.0
andong-0905,0,0_spirit_flowers_maiden_wind,0.0
yeongil-0713,0,0_spirit_flowers_maiden_wind,0.0
seongju-0433,6,6_village_skirt_autumn_bread,0.41849568
sacheon-0408,5,5_hwanghae_flowers_river_bloom flowers,1.0
goheung-0417,8,8_bride_wedding_maidens_marriage,1.0
hapcheon-0213,0,0_spirit_flowers_maiden_wind,0.0
haenam-0133,5,5_hwanghae_flowers_river_bloom flowers,1.0
jindo-0413,0,0_spirit_flowers_maiden_wind,0.0
geumreung-0133,0,0_spirit_flowers_maiden_wind,0.0
muju-0425,0,0_spirit_flowers_maiden_wind,0.0
jeongeup-0435,0,0_spirit_flowers_maiden_wind,0.0
gw.goseong-0408,0,0_spirit_flowers_maiden_wind,0.0
hwacheon-0314,0,0_spirit_flowers_maiden_wind,0.0
sinan-0712,0,0_spirit_flowers_maiden_wind,0.0
yanggu-0112,0,0_spirit_flowers_maiden_wind,0.0
gyeongju-0715,5,5_hwanghae_flowers_river_bloom flowers,1.0
hoengseong-0106,0,0_spirit_flowers_maiden_wind,0.0
gapyeong-0211,6,6_village_skirt_autumn_bread,1.0
seonsan-0320,0,0_spirit_flowers_maiden_wind,0.0
cheongsong-0427,0,0_spirit_flowers_maiden_wind,0.0
yeongam-0530,5,5_hwanghae_flowers_river_bloom flowers,1.0
eumseong-0315,0,0_spirit_flowers_maiden_wind,0.0
cheongwon-0101,5,5_hwanghae_flowers_river_bloom flowers,0.50254834
cheolwon-0317,6,6_village_skirt_autumn_bread,1.0
dalseong-0536,0,0_spirit_flowers_maiden_wind,0.0
yecheon-0716,6,6_village_skirt_autumn_bread,1.0
wanju-0105,3,3_servant_servants_piet_dip,1.0
dangjin-0702,0,0_spirit_flowers_maiden_wind,0.0
yangsan-0308,0,0_spirit_flowers_maiden_wind,0.0
yangyang-1212,0,0_spirit_flowers_maiden_wind,0.0
cheolwon-1213,0,0_spirit_flowers_maiden_wind,0.0
tongyeong-0723,6,6_village_skirt_autumn_bread,1.0
geumsan-0112,6,6_village_skirt_autumn_bread,1.0
changnyeong-0112,5,5_hwanghae_flowers_river_bloom flowers,1.0
cheolwon-1033,0,0_spirit_flowers_maiden_wind,0.0
eumseong-0519,3,3_servant_servants_piet_dip,1.0
euiryeong-0319,0,0_spirit_flowers_maiden_wind,0.0
bukjeju-1711,6,6_village_skirt_autumn_bread,1.0
goesan-0108,0,0_spirit_flowers_maiden_wind,0.0
jangsu-0316,0,0_spirit_flowers_maiden_wind,0.0
hwacheon-0214,0,0_spirit_flowers_maiden_wind,0.0
gokseong-0412,0,0_spirit_flowers_maiden_wind,0.0
jeongseon-1102,0,0_spirit_flowers_maiden_wind,0.0
bukjeju-2112,7,7_tended herd_servant_plow_shepherd,1.0
yeongwol-0513,0,0_spirit_flowers_maiden_wind,0.0
yeongcheon-0222,6,6_village_skirt_autumn_bread,1.0
cheolwon-1210,0,0_spirit_flowers_maiden_wind,0.0
samcheok-0611,0,0_spirit_flowers_maiden_wind,0.0
yecheon-0341,7,7_tended herd_servant_plow_shepherd,1.0
yangyang-1318,6,6_village_skirt_autumn_bread,1.0
cheolwon-0817,0,0_spirit_flowers_maiden_wind,0.0
hampyeong-0448,0,0_spirit_flowers_maiden_wind,0.0
yeongdeok-0624,6,6_village_skirt_autumn_bread,1.0
bukjeju-0614,0,0_spirit_flowers_maiden_wind,0.0
milyang-1105,5,5_hwanghae_flowers_river_bloom flowers,1.0
sancheong-0116,6,6_village_skirt_autumn_bread,1.0
sacheon-0202,0,0_spirit_flowers_maiden_wind,0.0
boeun-0205,6,6_village_skirt_autumn_bread,1.0
seonsan-0527,0,0_spirit_flowers_maiden_wind,0.0
yeongi-0616,0,0_spirit_flowers_maiden_wind,0.0
milyang-0908,5,5_hwanghae_flowers_river_bloom flowers,0.91484153
ulsan-0211,0,0_spirit_flowers_maiden_wind,0.0
cheongdo-0723,0,0_spirit_flowers_maiden_wind,0.0
cheongsong-0537,6,6_village_skirt_autumn_bread,1.0
jinyang-1014,0,0_spirit_flowers_maiden_wind,0.0
yeongwol-0123,0,0_spirit_flowers_maiden_wind,0.0
jeongeup-0430,8,8_bride_wedding_maidens_marriage,1.0
gapyeong-0309,0,0_spirit_flowers_maiden_wind,0.0
pyeongchang-0809,0,0_spirit_flowers_maiden_wind,0.0
ulsan-0516,0,0_spirit_flowers_maiden_wind,0.0
hwacheon-0401,3,3_servant_servants_piet_dip,1.0
muan-0715,3,3_servant_servants_piet_dip,1.0
seosan-0208,0,0_spirit_flowers_maiden_wind,0.0
andong-0604,0,0_spirit_flowers_maiden_wind,0.0
imsil-0228,0,0_spirit_flowers_maiden_wind,0.0
cheongdo-0117,0,0_spirit_flowers_maiden_wind,0.0
yeongil-0641,0,0_spirit_flowers_maiden_wind,0.0
gimje-0513,0,0_spirit_flowers_maiden_wind,0.0
sangju-1037,6,6_village_skirt_autumn_bread,1.0
bonghwa-0703,0,0_spirit_flowers_maiden_wind,0.0
geumreung-0311,0,0_spirit_flowers_maiden_wind,0.0
ulsan-0910,0,0_spirit_flowers_maiden_wind,0.0
yanggu-0709,0,0_spirit_flowers_maiden_wind,0.0
yeongil-0615,6,6_village_skirt_autumn_bread,1.0
yangsan-0305,0,0_spirit_flowers_maiden_wind,0.0
yangsan-0232,0,0_spirit_flowers_maiden_wind,0.0
jangseong-0125,0,0_spirit_flowers_maiden_wind,0.0
haenam-0132,0,0_spirit_flowers_maiden_wind,0.0
yeongwol-0511,0,0_spirit_flowers_maiden_wind,0.0
yeonggwang-0230,0,0_spirit_flowers_maiden_wind,0.0
wando-0724,0,0_spirit_flowers_maiden_wind,0.0
yeonggwang-0414,0,0_spirit_flowers_maiden_wind,0.0
ulreung-0710,0,0_spirit_flowers_maiden_wind,0.0
seonsan-0321,0,0_spirit_flowers_maiden_wind,0.0
gapyeong-0216,3,3_servant_servants_piet_dip,1.0
sinan-0311,0,0_spirit_flowers_maiden_wind,0.0
seosan-0209,0,0_spirit_flowers_maiden_wind,0.0
imsil-0223,0,0_spirit_flowers_maiden_wind,0.0
hampyeong-0441,6,6_village_skirt_autumn_bread,1.0
geumreung-0438,0,0_spirit_flowers_maiden_wind,0.0
sinan-0617,5,5_hwanghae_flowers_river_bloom flowers,1.0
seongju-0658,5,5_hwanghae_flowers_river_bloom flowers,1.0
bonghwa-0120,0,0_spirit_flowers_maiden_wind,0.0
hapcheon-0903,5,5_hwanghae_flowers_river_bloom flowers,1.0
gn.goseong-0108,5,5_hwanghae_flowers_river_bloom flowers,1.0
goheung-0416,0,0_spirit_flowers_maiden_wind,0.0
seonsan-0624,0,0_spirit_flowers_maiden_wind,0.0
cheolwon-0819,0,0_spirit_flowers_maiden_wind,0.0
sinan-0124,6,6_village_skirt_autumn_bread,1.0
yeongdong-0906,5,5_hwanghae_flowers_river_bloom flowers,1.0
sangju-1415,3,3_servant_servants_piet_dip,1.0
jangsu-0229,0,0_spirit_flowers_maiden_wind,0.0
muju-0421,8,8_bride_wedding_maidens_marriage,1.0
sangju-0531,7,7_tended herd_servant_plow_shepherd,1.0
gochang-0120,6,6_village_skirt_autumn_bread,0.59327745
yeongi-0207,0,0_spirit_flowers_maiden_wind,0.0
jangsu-0317,0,0_spirit_flowers_maiden_wind,0.0
hwaseong-0108,0,0_spirit_flowers_maiden_wind,0.0
geumsan-0111,0,0_spirit_flowers_maiden_wind,0.0
dalseong-0532,0,0_spirit_flowers_maiden_wind,0.0
jindo-0542,0,0_spirit_flowers_maiden_wind,0.0
jinan-0305,3,3_servant_servants_piet_dip,1.0
chilgok-0506,0,0_spirit_flowers_maiden_wind,0.0
gunwi-0225,0,0_spirit_flowers_maiden_wind,0.0
gunwi-0322,0,0_spirit_flowers_maiden_wind,0.0
gimhae-0409,0,0_spirit_flowers_maiden_wind,0.0
dalseong-0534,0,0_spirit_flowers_maiden_wind,0.0
yeocheon-0334,0,0_spirit_flowers_maiden_wind,0.0
cheolwon-1028,0,0_spirit_flowers_maiden_wind,0.0
hongcheon-0616,0,0_spirit_flowers_maiden_wind,0.0
muju-0524,6,6_village_skirt_autumn_bread,1.0
yeongdeok-0517,5,5_hwanghae_flowers_river_bloom flowers,1.0
wonju-0703,6,6_village_skirt_autumn_bread,0.59553516
geumsan-1110,0,0_spirit_flowers_maiden_wind,0.0
nonsan-0109,0,0_spirit_flowers_maiden_wind,0.0
gwangyang-0206,6,6_village_skirt_autumn_bread,1.0
samcheok-1013,0,0_spirit_flowers_maiden_wind,0.0
buan-0513,5,5_hwanghae_flowers_river_bloom flowers,1.0
milyang-1104,0,0_spirit_flowers_maiden_wind,0.0
jungwon-0412,0,0_spirit_flowers_maiden_wind,0.0
cheongdo-0722,0,0_spirit_flowers_maiden_wind,0.0
cheongsong-0538,5,5_hwanghae_flowers_river_bloom flowers,0.58493537
bukjeju-0913,5,5_hwanghae_flowers_river_bloom flowers,1.0
daejeon-0503,0,0_spirit_flowers_maiden_wind,0.0
dalseong-0535,0,0_spirit_flowers_maiden_wind,0.0
jinyang-0707,5,5_hwanghae_flowers_river_bloom flowers,0.7113329
milyang-0510,0,0_spirit_flowers_maiden_wind,0.0
jinan-0127,0,0_spirit_flowers_maiden_wind,0.0
gw.goseong-0713,0,0_spirit_flowers_maiden_wind,0.0
muju-0115,0,0_spirit_flowers_maiden_wind,0.0
namjeju-0118,7,7_tended herd_servant_plow_shepherd,1.0
wonju-0210,5,5_hwanghae_flowers_river_bloom flowers,0.6750173
jinyang-0403,6,6_village_skirt_autumn_bread,1.0
anseong-0310,0,0_spirit_flowers_maiden_wind,0.0
yeongdong-0304,0,0_spirit_flowers_maiden_wind,0.0
andong-0212,0,0_spirit_flowers_maiden_wind,0.0
goheung-0421,0,0_spirit_flowers_maiden_wind,0.0
andong-0210,0,0_spirit_flowers_maiden_wind,0.0
yeongwol-0120,0,0_spirit_flowers_maiden_wind,0.0
mungyeong-0421,8,8_bride_wedding_maidens_marriage,1.0
geumsan-0804,5,5_hwanghae_flowers_river_bloom flowers,1.0
yeongyang-0407,5,5_hwanghae_flowers_river_bloom flowers,1.0
gangjin-0318,0,0_spirit_flowers_maiden_wind,0.0
seongju-0619,5,5_hwanghae_flowers_river_bloom flowers,1.0
samcheok-1110,0,0_spirit_flowers_maiden_wind,0.0
muju-0114,0,0_spirit_flowers_maiden_wind,0.0
changwon-0502,0,0_spirit_flowers_maiden_wind,0.0
bukjeju-0613,0,0_spirit_flowers_maiden_wind,0.0
seongju-0659,8,8_bride_wedding_maidens_marriage,0.56289446
muju-0317,0,0_spirit_flowers_maiden_wind,0.0
geoje-0508,0,0_spirit_flowers_maiden_wind,0.0
ulreung-0706,0,0_spirit_flowers_maiden_wind,0.0
jinan-0429,0,0_spirit_flowers_maiden_wind,0.0
jinan-0311,0,0_spirit_flowers_maiden_wind,0.0
seonsan-0322,0,0_spirit_flowers_maiden_wind,0.0
buan-0707,5,5_hwanghae_flowers_river_bloom flowers,1.0
samcheok-0613,0,0_spirit_flowers_maiden_wind,0.0
goheung-0420,0,0_spirit_flowers_maiden_wind,0.0
jinan-0616,0,0_spirit_flowers_maiden_wind,0.0
yecheon-0951,6,6_village_skirt_autumn_bread,1.0
jinan-0306,6,6_village_skirt_autumn_bread,0.7585052
sangju-1025,8,8_bride_wedding_maidens_marriage,1.0
seosan-0213,0,0_spirit_flowers_maiden_wind,0.0
cheolwon-1030,0,0_spirit_flowers_maiden_wind,0.0
boseong-0146,5,5_hwanghae_flowers_river_bloom flowers,1.0
yeongwol-0510,0,0_spirit_flowers_maiden_wind,0.0
milyang-1405,0,0_spirit_flowers_maiden_wind,0.0
jinan-0619,6,6_village_skirt_autumn_bread,1.0
geumsan-0110,0,0_spirit_flowers_maiden_wind,0.0
sunchang-0322,0,0_spirit_flowers_maiden_wind,0.0
chilgok-0508,0,0_spirit_flowers_maiden_wind,0.0
gapyeong-0114,0,0_spirit_flowers_maiden_wind,0.0
yangyang-0312,0,0_spirit_flowers_maiden_wind,0.0
hongcheon-0618,3,3_servant_servants_piet_dip,1.0
jangheung-0516,0,0_spirit_flowers_maiden_wind,0.0
jungwon-0306,6,6_village_skirt_autumn_bread,0.6676979
sunchang-0321,0,0_spirit_flowers_maiden_wind,0.0
yecheon-0511,0,0_spirit_flowers_maiden_wind,0.0
muju-0720,6,6_village_skirt_autumn_bread,1.0
sangju-0332,5,5_hwanghae_flowers_river_bloom flowers,1.0
muan-0736,0,0_spirit_flowers_maiden_wind,0.0
wanju-0416,0,0_spirit_flowers_maiden_wind,0.0
yecheon-0919,0,0_spirit_flowers_maiden_wind,0.0
inje-0720,0,0_spirit_flowers_maiden_wind,0.0
cheongsong-0316,0,0_spirit_flowers_maiden_wind,0.0
sinan-0142,8,8_bride_wedding_maidens_marriage,1.0
hadong-0122,0,0_spirit_flowers_maiden_wind,0.0
yeongdong-0303,0,0_spirit_flowers_maiden_wind,0.0
namjeju-1023,7,7_tended herd_servant_plow_shepherd,0.9105468
sinan-0713,0,0_spirit_flowers_maiden_wind,0.0
gw.goseong-0407,0,0_spirit_flowers_maiden_wind,0.0
gyeongsan-0121,6,6_village_skirt_autumn_bread,1.0
gyeongsan-0124,0,0_spirit_flowers_maiden_wind,0.0
changwon-0412,0,0_spirit_flowers_maiden_wind,0.0
wonju-0211,5,5_hwanghae_flowers_river_bloom flowers,1.0
samcheok-0612,8,8_bride_wedding_maidens_marriage,1.0
sangju-0918,0,0_spirit_flowers_maiden_wind,0.0
geumreung-0134,0,0_spirit_flowers_maiden_wind,0.0
changwon-0409,7,7_tended herd_servant_plow_shepherd,1.0
sancheong-0207,6,6_village_skirt_autumn_bread,0.67341226
goheung-0232,6,6_village_skirt_autumn_bread,1.0
gw.goseong-0406,0,0_spirit_flowers_maiden_wind,0.0
goryeong-0224,0,0_spirit_flowers_maiden_wind,0.0
sangju-1038,0,0_spirit_flowers_maiden_wind,0.0
yeongam-0528,0,0_spirit_flowers_maiden_wind,0.0
yangyang-1619,0,0_spirit_flowers_maiden_wind,0.0
buyeo-0309,5,5_hwanghae_flowers_river_bloom flowers,1.0
jindo-0329,0,0_spirit_flowers_maiden_wind,0.0
muju-0113,0,0_spirit_flowers_maiden_wind,0.0
gyeongsan-0120,6,6_village_skirt_autumn_bread,1.0
andong-0213,0,0_spirit_flowers_maiden_wind,0.0
buyeo-0205,0,0_spirit_flowers_maiden_wind,0.0
yecheon-0717,0,0_spirit_flowers_maiden_wind,0.0
cheongsong-0430,0,0_spirit_flowers_maiden_wind,0.0
muju-0722,8,8_bride_wedding_maidens_marriage,1.0
yangyang-0507,0,0_spirit_flowers_maiden_wind,0.0
mungyeong-0426,6,6_village_skirt_autumn_bread,0.60738003
seonsan-0323,5,5_hwanghae_flowers_river_bloom flowers,1.0
cheolwon-0412,0,0_spirit_flowers_maiden_wind,0.0
sinan-0616,8,8_bride_wedding_maidens_marriage,1.0
goheung-0418,0,0_spirit_flowers_maiden_wind,0.0
seongju-0308,6,6_village_skirt_autumn_bread,1.0
dalseong-0221,8,8_bride_wedding_maidens_marriage,1.0
yecheon-0336,6,6_village_skirt_autumn_bread,1.0
yeonggwang-0130,0,0_spirit_flowers_maiden_wind,0.0
bonghwa-0704,0,0_spirit_flowers_maiden_wind,0.0
gapyeong-0212,6,6_village_skirt_autumn_bread,1.0
seongju-0351,0,0_spirit_flowers_maiden_wind,0.0
ulsan-0103,6,6_village_skirt_autumn_bread,1.0
cheongsong-0116,7,7_tended herd_servant_plow_shepherd,0.50999576
gyeongju-0212,0,0_spirit_flowers_maiden_wind,0.0
hamyang-0308,0,0_spirit_flowers_maiden_wind,0.0
seongju-0524,0,0_spirit_flowers_maiden_wind,0.0
yangsan-0109,0,0_spirit_flowers_maiden_wind,0.0
bukjeju-1609,5,5_hwanghae_flowers_river_bloom flowers,1.0
muju-0316,0,0_spirit_flowers_maiden_wind,0.0
jangseong-0239,0,0_spirit_flowers_maiden_wind,0.0
yanggu-0433,7,7_tended herd_servant_plow_shepherd,0.66888136
muan-0330,5,5_hwanghae_flowers_river_bloom flowers,1.0
gw.goseong-0714,0,0_spirit_flowers_maiden_wind,0.0
seosan-0211,5,5_hwanghae_flowers_river_bloom flowers,1.0
gn.goseong-0317,0,0_spirit_flowers_maiden_wind,0.0
hwaseong-0107,8,8_bride_wedding_maidens_marriage,1.0
gw.goseong-0610,0,0_spirit_flowers_maiden_wind,0.0
pyeongchang-1012,6,6_village_skirt_autumn_bread,1.0
hadong-0407,0,0_spirit_flowers_maiden_wind,0.0
yeongcheon-0318,0,0_spirit_flowers_maiden_wind,0.0
jangseong-0242,0,0_spirit_flowers_maiden_wind,0.0
yeongdeok-0513,0,0_spirit_flowers_maiden_wind,0.0
eumseong-0517,0,0_spirit_flowers_maiden_wind,0.0
yecheon-0812,6,6_village_skirt_autumn_bread,0.6774755
changnyeong-0113,5,5_hwanghae_flowers_river_bloom flowers,1.0
yangsan-0231,0,0_spirit_flowers_maiden_wind,0.0
boeun-0415,5,5_hwanghae_flowers_river_bloom flowers,1.0
goryeong-0618,6,6_village_skirt_autumn_bread,1.0
andong-0217,0,0_spirit_flowers_maiden_wind,0.0
yecheon-0421,0,0_spirit_flowers_maiden_wind,0.0
seosan-0206,0,0_spirit_flowers_maiden_wind,0.0
ulsan-0209,6,6_village_skirt_autumn_bread,1.0
ulsan-0806,0,0_spirit_flowers_maiden_wind,0.0
jeongseon-1113,0,0_spirit_flowers_maiden_wind,0.0
yeongdeok-0640,0,0_spirit_flowers_maiden_wind,0.0
muju-0424,0,0_spirit_flowers_maiden_wind,0.0
cheongdo-0517,0,0_spirit_flowers_maiden_wind,0.0
haman-0126,6,6_village_skirt_autumn_bread,1.0
boseong-0124,5,5_hwanghae_flowers_river_bloom flowers,1.0
cheolwon-1208,0,0_spirit_flowers_maiden_wind,0.0
changwon-0411,6,6_village_skirt_autumn_bread,0.8734512
muju-0422,6,6_village_skirt_autumn_bread,1.0
yeongam-0430,0,0_spirit_flowers_maiden_wind,0.0
gyeongsan-0308,0,0_spirit_flowers_maiden_wind,0.0
ulreung-0708,0,0_spirit_flowers_maiden_wind,0.0
seongju-0621,0,0_spirit_flowers_maiden_wind,0.0
cheongwon-0217,3,3_servant_servants_piet_dip,1.0
yanggu-0708,6,6_village_skirt_autumn_bread,1.0
sangju-1223,6,6_village_skirt_autumn_bread,1.0
hwacheon-0404,0,0_spirit_flowers_maiden_wind,0.0
gapyeong-0113,0,0_spirit_flowers_maiden_wind,0.0
jungwon-0315,0,0_spirit_flowers_maiden_wind,0.0
cheongdo-0721,0,0_spirit_flowers_maiden_wind,0.0
jinyang-0809,6,6_village_skirt_autumn_bread,1.0
wonju-0212,5,5_hwanghae_flowers_river_bloom flowers,0.7565436
yangyang-1618,0,0_spirit_flowers_maiden_wind,0.0
chilgok-0504,0,0_spirit_flowers_maiden_wind,0.0
seongju-0321,0,0_spirit_flowers_maiden_wind,0.0
yangyang-1620,0,0_spirit_flowers_maiden_wind,0.0
inje-0719,8,8_bride_wedding_maidens_marriage,0.80594045
jinan-0130,0,0_spirit_flowers_maiden_wind,0.0
gn.goseong-0611,6,6_village_skirt_autumn_bread,1.0
yecheon-0335,0,0_spirit_flowers_maiden_wind,0.0
sunchang-0325,3,3_servant_servants_piet_dip,1.0
cheonan-0705,0,0_spirit_flowers_maiden_wind,0.0
samcheok-0706,0,0_spirit_flowers_maiden_wind,0.0
ulsan-0406,0,0_spirit_flowers_maiden_wind,0.0
imsil-0226,5,5_hwanghae_flowers_river_bloom flowers,1.0
bukjeju-1709,6,6_village_skirt_autumn_bread,0.84659034
euiseong-0235,7,7_tended herd_servant_plow_shepherd,1.0
jinan-0128,0,0_spirit_flowers_maiden_wind,0.0
hwacheon-0402,0,0_spirit_flowers_maiden_wind,0.0
sangju-0331,6,6_village_skirt_autumn_bread,1.0
incheon-0106,6,6_village_skirt_autumn_bread,1.0
yeonggwang-0231,5,5_hwanghae_flowers_river_bloom flowers,1.0
geumsan-0209,0,0_spirit_flowers_maiden_wind,0.0
muan-0325,5,5_hwanghae_flowers_river_bloom flowers,1.0
jeongeup-0436,0,0_spirit_flowers_maiden_wind,0.0
gunwi-0321,0,0_spirit_flowers_maiden_wind,0.0
gapyeong-0115,0,0_spirit_flowers_maiden_wind,0.0
ulreung-0709,0,0_spirit_flowers_maiden_wind,0.0
jungwon-0314,0,0_spirit_flowers_maiden_wind,0.0
buyeo-0514,6,6_village_skirt_autumn_bread,1.0
yangyang-0311,0,0_spirit_flowers_maiden_wind,0.0
gimhae-0109,5,5_hwanghae_flowers_river_bloom flowers,1.0
gyeongsan-0122,0,0_spirit_flowers_maiden_wind,0.0
yecheon-0823,0,0_spirit_flowers_maiden_wind,0.0
yeongam-0214,6,6_village_skirt_autumn_bread,1.0
muju-0721,0,0_spirit_flowers_maiden_wind,0.0
cheolwon-1029,0,0_spirit_flowers_maiden_wind,0.0
hamyang-0607,0,0_spirit_flowers_maiden_wind,0.0
sinan-0313,0,0_spirit_flowers_maiden_wind,0.0
yecheon-0806,0,0_spirit_flowers_maiden_wind,0.0
muju-0420,0,0_spirit_flowers_maiden_wind,0.0
buyeo-0324,0,0_spirit_flowers_maiden_wind,0.0
gimhae-0213,6,6_village_skirt_autumn_bread,1.0
changnyeong-0413,8,8_bride_wedding_maidens_marriage,0.74312234
seongju-0620,8,8_bride_wedding_maidens_marriage,1.0
iksan-0212,0,0_spirit_flowers_maiden_wind,0.0
inje-0114,5,5_hwanghae_flowers_river_bloom flowers,1.0
mungyeong-0419,0,0_spirit_flowers_maiden_wind,0.0
ulsan-0809,5,5_hwanghae_flowers_river_bloom flowers,0.6321461
samcheok-1014,0,0_spirit_flowers_maiden_wind,0.0
namjeju-0411,6,6_village_skirt_autumn_bread,0.82824457
hamyang-0202,6,6_village_skirt_autumn_bread,0.6043836
goryeong-0633,0,0_spirit_flowers_maiden_wind,0.0
cheongdo-0634,0,0_spirit_flowers_maiden_wind,0.0
naju-0417,0,0_spirit_flowers_maiden_wind,0.0
naju-0416,0,0_spirit_flowers_maiden_wind,0.0
bukjeju-1806,8,8_bride_wedding_maidens_marriage,0.8244441
yeongil-0236,5,5_hwanghae_flowers_river_bloom flowers,1.0
yeocheon-0340,0,0_spirit_flowers_maiden_wind,0.0
hapcheon-0313,5,5_hwanghae_flowers_river_bloom flowers,1.0
okgu-0414,0,0_spirit_flowers_maiden_wind,0.0
geochang-0116,0,0_spirit_flowers_maiden_wind,0.0
jindo-0602,6,6_village_skirt_autumn_bread,0.6478188
boseong-0110,0,0_spirit_flowers_maiden_wind,0.0
yeongam-0533,0,0_spirit_flowers_maiden_wind,0.0
goheung-0428,0,0_spirit_flowers_maiden_wind,0.0
bukjeju-0915,0,0_spirit_flowers_maiden_wind,0.0
gunwi-0217,0,0_spirit_flowers_maiden_wind,0.0
yeongil-0318,0,0_spirit_flowers_maiden_wind,0.0
milyang-1805,0,0_spirit_flowers_maiden_wind,0.0
sacheon-0304,0,0_spirit_flowers_maiden_wind,0.0
daegu-0420,8,8_bride_wedding_maidens_marriage,1.0
geumreung-0601,0,0_spirit_flowers_maiden_wind,0.0
yeongam-0309,0,0_spirit_flowers_maiden_wind,0.0
jecheon-0301,5,5_hwanghae_flowers_river_bloom flowers,0.7171704
yecheon-0834,0,0_spirit_flowers_maiden_wind,0.0
daegu-0429,6,6_village_skirt_autumn_bread,0.8061148
jangheung-0316,5,5_hwanghae_flowers_river_bloom flowers,0.76046044
muju-0731,0,0_spirit_flowers_maiden_wind,0.0
gangjin-0806,5,5_hwanghae_flowers_river_bloom flowers,0.5080059
geumreung-0707,5,5_hwanghae_flowers_river_bloom flowers,0.62111807
gapyeong-0214,6,6_village_skirt_autumn_bread,0.70319486
gangjin-0504,0,0_spirit_flowers_maiden_wind,0.0
yangyang-0405,2,2_servants_piet_books_dip,1.0
boseong-0114,5,5_hwanghae_flowers_river_bloom flowers,1.0
gwangyang-0224,0,0_spirit_flowers_maiden_wind,0.0
cheolwon-1012,6,6_village_skirt_autumn_bread,1.0
haenam-0147,0,0_spirit_flowers_maiden_wind,0.0
gyeongju-0406,8,8_bride_wedding_maidens_marriage,0.46300265
muju-0803,5,5_hwanghae_flowers_river_bloom flowers,0.82861453
gwangjusi-0210,8,8_bride_wedding_maidens_marriage,0.76187986
gimje-0412,0,0_spirit_flowers_maiden_wind,0.0
gwangjusi-0213,0,0_spirit_flowers_maiden_wind,0.0
damyang-0209,5,5_hwanghae_flowers_river_bloom flowers,0.8141156
jindo-0317,5,5_hwanghae_flowers_river_bloom flowers,1.0
muan-0309,0,0_spirit_flowers_maiden_wind,0.0
dalseong-0527,0,0_spirit_flowers_maiden_wind,0.0
damyang-0310,0,0_spirit_flowers_maiden_wind,0.0
cheolwon-1309,5,5_hwanghae_flowers_river_bloom flowers,0.5201035
cheongsong-0617,5,5_hwanghae_flowers_river_bloom flowers,0.58737534
yanggu-0212,0,0_spirit_flowers_maiden_wind,0.0
gapyeong-0122,5,5_hwanghae_flowers_river_bloom flowers,0.52094936
seongju-0109,5,5_hwanghae_flowers_river_bloom flowers,1.0
jinan-0513,0,0_spirit_flowers_maiden_wind,0.0
seongju-0219,7,7_tended herd_servant_plow_shepherd,1.0
seungju-0108,0,0_spirit_flowers_maiden_wind,0.0
daegu-0419,5,5_hwanghae_flowers_river_bloom flowers,0.685245
goheung-0134,0,0_spirit_flowers_maiden_wind,0.0
gw.goseong-1113,8,8_bride_wedding_maidens_marriage,0.6948867
haenam-0428,5,5_hwanghae_flowers_river_bloom flowers,0.5020829
euiryeong-0308,6,6_village_skirt_autumn_bread,0.69973785
danyang-0312,8,8_bride_wedding_maidens_marriage,0.6481608
jinan-0516,5,5_hwanghae_flowers_river_bloom flowers,0.9150326
cheolwon-0701,5,5_hwanghae_flowers_river_bloom flowers,1.0
nonsan-0510,6,6_village_skirt_autumn_bread,0.54231775
namwon-0506,0,0_spirit_flowers_maiden_wind,0.0
cheongsong-0619,5,5_hwanghae_flowers_river_bloom flowers,1.0
milyang-1713,5,5_hwanghae_flowers_river_bloom flowers,0.8686363
goheung-0137,0,0_spirit_flowers_maiden_wind,0.0
gn.goseong-0509,5,5_hwanghae_flowers_river_bloom flowers,0.56796294
wanju-0303,6,6_village_skirt_autumn_bread,0.38107723
gangjin-0508,0,0_spirit_flowers_maiden_wind,0.0
gapyeong-0314,5,5_hwanghae_flowers_river_bloom flowers,0.68102306
damyang-0210,0,0_spirit_flowers_maiden_wind,0.0
goryeong-0632,0,0_spirit_flowers_maiden_wind,0.0
gangjin-0110,5,5_hwanghae_flowers_river_bloom flowers,0.6782297
dangjin-1012,5,5_hwanghae_flowers_river_bloom flowers,0.6882115
seosan-0607,6,6_village_skirt_autumn_bread,0.6411347
uljin-0816,0,0_spirit_flowers_maiden_wind,0.0
muju-0732,5,5_hwanghae_flowers_river_bloom flowers,1.0
milyang-0111,8,8_bride_wedding_maidens_marriage,1.0
muan-0209,0,0_spirit_flowers_maiden_wind,0.0
yeongcheon-0506,0,0_spirit_flowers_maiden_wind,0.0
jinan-0517,0,0_spirit_flowers_maiden_wind,0.0
imsil-0604,0,0_spirit_flowers_maiden_wind,0.0
geochang-0408,5,5_hwanghae_flowers_river_bloom flowers,1.0
goesan-0407,6,6_village_skirt_autumn_bread,1.0
gokseong-0212,6,6_village_skirt_autumn_bread,1.0
sancheong-0313,0,0_spirit_flowers_maiden_wind,0.0
hamyang-0407,6,6_village_skirt_autumn_bread,1.0
jecheon-0405,5,5_hwanghae_flowers_river_bloom flowers,0.48513305
goryeong-0421,8,8_bride_wedding_maidens_marriage,1.0
yeongyang-0216,0,0_spirit_flowers_maiden_wind,0.0
muan-0515,6,6_village_skirt_autumn_bread,1.0
cheongdo-0502,0,0_spirit_flowers_maiden_wind,0.0
wanju-0205,0,0_spirit_flowers_maiden_wind,0.0
gunwi-0112,5,5_hwanghae_flowers_river_bloom flowers,1.0
hongseong-0135,5,5_hwanghae_flowers_river_bloom flowers,1.0
buyeo-0521,0,0_spirit_flowers_maiden_wind,0.0
gokseong-0211,5,5_hwanghae_flowers_river_bloom flowers,1.0
jejusi-0106,6,6_village_skirt_autumn_bread,1.0
wanju-0207,5,5_hwanghae_flowers_river_bloom flowers,1.0
euiseong-0706,0,0_spirit_flowers_maiden_wind,0.0
jindo-0601,8,8_bride_wedding_maidens_marriage,0.7277681
bukjeju-1509,5,5_hwanghae_flowers_river_bloom flowers,0.44392347
sinan-0412,0,0_spirit_flowers_maiden_wind,0.0
daegu-0427,5,5_hwanghae_flowers_river_bloom flowers,0.5138083
geochang-0213,5,5_hwanghae_flowers_river_bloom flowers,1.0
yeongwol-0128,5,5_hwanghae_flowers_river_bloom flowers,1.0
naju-0514,6,6_village_skirt_autumn_bread,1.0
damyang-0312,0,0_spirit_flowers_maiden_wind,0.0
jinan-0515,5,5_hwanghae_flowers_river_bloom flowers,1.0
jindo-0612,0,0_spirit_flowers_maiden_wind,0.0
sinan-0510,0,0_spirit_flowers_maiden_wind,0.0
haenam-0310,5,5_hwanghae_flowers_river_bloom flowers,0.64276034
muan-0118,0,0_spirit_flowers_maiden_wind,0.0
buan-0509,6,6_village_skirt_autumn_bread,1.0
goheung-0427,0,0_spirit_flowers_maiden_wind,0.0
imsil-0106,6,6_village_skirt_autumn_bread,0.6635291
seungju-0212,0,0_spirit_flowers_maiden_wind,0.0
goheung-0314,5,5_hwanghae_flowers_river_bloom flowers,0.7558584
gangjin-0104,5,5_hwanghae_flowers_river_bloom flowers,0.89617777
damyang-0408,0,0_spirit_flowers_maiden_wind,0.0
goheung-0424,0,0_spirit_flowers_maiden_wind,0.0
gwangjusi-0125,7,7_tended herd_servant_plow_shepherd,1.0
cheolwon-0703,0,0_spirit_flowers_maiden_wind,0.0
seocheon-0404,0,0_spirit_flowers_maiden_wind,0.0
gokseong-0408,0,0_spirit_flowers_maiden_wind,0.0
naju-0119,5,5_hwanghae_flowers_river_bloom flowers,1.0
gimpo-0503,5,5_hwanghae_flowers_river_bloom flowers,1.0
gokseong-0407,5,5_hwanghae_flowers_river_bloom flowers,1.0
gimje-0413,0,0_spirit_flowers_maiden_wind,0.0
hapcheon-0408,5,5_hwanghae_flowers_river_bloom flowers,1.0
yeocheon-0214,5,5_hwanghae_flowers_river_bloom flowers,1.0
damyang-0109,5,5_hwanghae_flowers_river_bloom flowers,0.7927472
gunwi-0219,5,5_hwanghae_flowers_river_bloom flowers,0.5233108
jeongseon-0601,5,5_hwanghae_flowers_river_bloom flowers,1.0
boryeong-0230,0,0_spirit_flowers_maiden_wind,0.0
muju-0733,5,5_hwanghae_flowers_river_bloom flowers,1.0
gwangjusi-0121,0,0_spirit_flowers_maiden_wind,0.0
sinan-0508,5,5_hwanghae_flowers_river_bloom flowers,1.0
sangju-0808,5,5_hwanghae_flowers_river_bloom flowers,1.0
sinan-0509,6,6_village_skirt_autumn_bread,1.0
dalseong-0410,5,5_hwanghae_flowers_river_bloom flowers,0.86605674
gangjin-0501,0,0_spirit_flowers_maiden_wind,0.0
cheolwon-0704,6,6_village_skirt_autumn_bread,1.0
okgu-0216,8,8_bride_wedding_maidens_marriage,0.52651465
jangheung-0117,5,5_hwanghae_flowers_river_bloom flowers,1.0
seongju-0615,5,5_hwanghae_flowers_river_bloom flowers,0.81475157
naju-0237,5,5_hwanghae_flowers_river_bloom flowers,0.817839
changwon-0112,0,0_spirit_flowers_maiden_wind,0.0
eumseong-0506,7,7_tended herd_servant_plow_shepherd,0.38993046
okgu-0321,0,0_spirit_flowers_maiden_wind,0.0
wanju-0206,5,5_hwanghae_flowers_river_bloom flowers,0.63558894
namwon-0421,5,5_hwanghae_flowers_river_bloom flowers,1.0
cheongdo-0635,0,0_spirit_flowers_maiden_wind,0.0
naju-0235,0,0_spirit_flowers_maiden_wind,0.0
sangju-0413,0,0_spirit_flowers_maiden_wind,0.0
gwangjusi-0123,5,5_hwanghae_flowers_river_bloom flowers,1.0
gw.goseong-0103,8,8_bride_wedding_maidens_marriage,1.0
sinan-1015,0,0_spirit_flowers_maiden_wind,0.0
jeongseon-0210,5,5_hwanghae_flowers_river_bloom flowers,0.4284079
goryeong-0215,5,5_hwanghae_flowers_river_bloom flowers,1.0
tongyeong-0310,0,0_spirit_flowers_maiden_wind,0.0
jangseong-0114,0,0_spirit_flowers_maiden_wind,0.0
uljin-0818,7,7_tended herd_servant_plow_shepherd,1.0
okgu-0111,5,5_hwanghae_flowers_river_bloom flowers,1.0
mungyeong-0409,5,5_hwanghae_flowers_river_bloom flowers,0.8194231
euiseong-0707,0,0_spirit_flowers_maiden_wind,0.0
jincheon-0405,0,0_spirit_flowers_maiden_wind,0.0
gyeongsan-0603,5,5_hwanghae_flowers_river_bloom flowers,1.0
muan-0208,5,5_hwanghae_flowers_river_bloom flowers,1.0
goheung-0425,5,5_hwanghae_flowers_river_bloom flowers,1.0
changnyeong-0110,6,6_village_skirt_autumn_bread,0.59458923
yanggu-0911,8,8_bride_wedding_maidens_marriage,0.4509494
namwon-0409,0,0_spirit_flowers_maiden_wind,0.0
yeongam-0522,5,5_hwanghae_flowers_river_bloom flowers,1.0
daegu-0430,5,5_hwanghae_flowers_river_bloom flowers,1.0
jangseong-0112,6,6_village_skirt_autumn_bread,1.0
gwangjusi-0208,0,0_spirit_flowers_maiden_wind,0.0
seonsan-0708,0,0_spirit_flowers_maiden_wind,0.0
yesan-0404,5,5_hwanghae_flowers_river_bloom flowers,1.0
hwaseong-0505,6,6_village_skirt_autumn_bread,0.51965797
wando-0120,0,0_spirit_flowers_maiden_wind,0.0
gokseong-0215,0,0_spirit_flowers_maiden_wind,0.0
gumi-0118,5,5_hwanghae_flowers_river_bloom flowers,1.0
yeongil-0402,6,6_village_skirt_autumn_bread,0.36861622
naju-0418,0,0_spirit_flowers_maiden_wind,0.0
gimje-0607,5,5_hwanghae_flowers_river_bloom flowers,1.0
damyang-0108,5,5_hwanghae_flowers_river_bloom flowers,1.0
geoje-0316,6,6_village_skirt_autumn_bread,0.5258385
muan-0307,0,0_spirit_flowers_maiden_wind,0.0
gangjin-0803,0,0_spirit_flowers_maiden_wind,0.0
iksan-0202,0,0_spirit_flowers_maiden_wind,0.0
bukjeju-1507,0,0_spirit_flowers_maiden_wind,0.0
gw.goseong-1307,0,0_spirit_flowers_maiden_wind,0.0
goheung-0312,5,5_hwanghae_flowers_river_bloom flowers,0.6402088
hwacheon-0703,8,8_bride_wedding_maidens_marriage,0.6371056
geumreung-0424,0,0_spirit_flowers_maiden_wind,0.0
cheongwon-0407,6,6_village_skirt_autumn_bread,1.0
hongseong-0404,5,5_hwanghae_flowers_river_bloom flowers,0.8964277
naju-0316,0,0_spirit_flowers_maiden_wind,0.0
jangheung-0118,0,0_spirit_flowers_maiden_wind,0.0
yeongyang-0219,6,6_village_skirt_autumn_bread,0.6873154
gyeongju-0407,5,5_hwanghae_flowers_river_bloom flowers,1.0
naju-0121,0,0_spirit_flowers_maiden_wind,0.0
hamyang-0514,5,5_hwanghae_flowers_river_bloom flowers,1.0
uljin-0817,0,0_spirit_flowers_maiden_wind,0.0
gokseong-0214,0,0_spirit_flowers_maiden_wind,0.0
seongju-0110,6,6_village_skirt_autumn_bread,1.0
jindo-0753,5,5_hwanghae_flowers_river_bloom flowers,1.0
damyang-0211,0,0_spirit_flowers_maiden_wind,0.0
gochang-0209,5,5_hwanghae_flowers_river_bloom flowers,1.0
yeongam-0110,0,0_spirit_flowers_maiden_wind,0.0
gw.goseong-1306,0,0_spirit_flowers_maiden_wind,0.0
muan-0514,0,0_spirit_flowers_maiden_wind,0.0
gangjin-0801,0,0_spirit_flowers_maiden_wind,0.0
hwasun-0512,0,0_spirit_flowers_maiden_wind,0.0
changwon-0111,7,7_tended herd_servant_plow_shepherd,1.0
tongyeong-0610,5,5_hwanghae_flowers_river_bloom flowers,1.0
ganghwa-0114,7,7_tended herd_servant_plow_shepherd,0.7101694
jeomchon-0112,0,0_spirit_flowers_maiden_wind,0.0
uljin-0815,8,8_bride_wedding_maidens_marriage,1.0
naju-0314,0,0_spirit_flowers_maiden_wind,0.0
jindo-0606,5,5_hwanghae_flowers_river_bloom flowers,0.90321434
jangheung-0210,0,0_spirit_flowers_maiden_wind,0.0
muan-0210,5,5_hwanghae_flowers_river_bloom flowers,1.0
sinan-0801,0,0_spirit_flowers_maiden_wind,0.0
damyang-0311,6,6_village_skirt_autumn_bread,1.0
jinan-0512,0,0_spirit_flowers_maiden_wind,0.0
gn.goseong-0304,0,0_spirit_flowers_maiden_wind,0.0
yeocheon-0344,0,0_spirit_flowers_maiden_wind,0.0
goyang-0105,8,8_bride_wedding_maidens_marriage,0.80175555
yeongil-0237,5,5_hwanghae_flowers_river_bloom flowers,1.0
hoengseong-0324,5,5_hwanghae_flowers_river_bloom flowers,1.0
yeonggwang-0442,0,0_spirit_flowers_maiden_wind,0.0
gangjin-0409,0,0_spirit_flowers_maiden_wind,0.0
gangjin-0502,0,0_spirit_flowers_maiden_wind,0.0
cheongdo-0503,6,6_village_skirt_autumn_bread,1.0
muan-0510,0,0_spirit_flowers_maiden_wind,0.0
jangheung-0626,0,0_spirit_flowers_maiden_wind,0.0
sangju-0411,5,5_hwanghae_flowers_river_bloom flowers,1.0
changnyeong-0109,5,5_hwanghae_flowers_river_bloom flowers,1.0
myeongju-0414,0,0_spirit_flowers_maiden_wind,0.0
yangyang-0406,0,0_spirit_flowers_maiden_wind,0.0
goryeong-0101,6,6_village_skirt_autumn_bread,0.7907375
buyeo-0209,6,6_village_skirt_autumn_bread,1.0
dalseong-0529,0,0_spirit_flowers_maiden_wind,0.0
yeongcheon-0410,5,5_hwanghae_flowers_river_bloom flowers,0.87582695
goheung-0133,5,5_hwanghae_flowers_river_bloom flowers,0.7956842
yeocheon-0213,5,5_hwanghae_flowers_river_bloom flowers,1.0
cheongdo-0611,0,0_spirit_flowers_maiden_wind,0.0
gwangju-0409,5,5_hwanghae_flowers_river_bloom flowers,1.0
namhae-0120,5,5_hwanghae_flowers_river_bloom flowers,0.8932404
dalseong-0115,0,0_spirit_flowers_maiden_wind,0.0
yeongam-0535,6,6_village_skirt_autumn_bread,0.5868333
namwon-0115,0,0_spirit_flowers_maiden_wind,0.0
muan-0117,5,5_hwanghae_flowers_river_bloom flowers,1.0
damyang-0406,0,0_spirit_flowers_maiden_wind,0.0
imsil-0811,5,5_hwanghae_flowers_river_bloom flowers,1.0
muan-0512,0,0_spirit_flowers_maiden_wind,0.0
inje-0709,5,5_hwanghae_flowers_river_bloom flowers,0.84815687
wanju-0111,5,5_hwanghae_flowers_river_bloom flowers,1.0
goryeong-0214,0,0_spirit_flowers_maiden_wind,0.0
muan-0207,0,0_spirit_flowers_maiden_wind,0.0
geumreung-0708,5,5_hwanghae_flowers_river_bloom flowers,1.0
goheung-0320,5,5_hwanghae_flowers_river_bloom flowers,1.0
hwasun-0322,0,0_spirit_flowers_maiden_wind,0.0
jindo-0123,5,5_hwanghae_flowers_river_bloom flowers,0.77719146
naju-0517,0,0_spirit_flowers_maiden_wind,0.0
goheung-0136,0,0_spirit_flowers_maiden_wind,0.0
muan-0115,5,5_hwanghae_flowers_river_bloom flowers,1.0
muju-0605,8,8_bride_wedding_maidens_marriage,0.87857234
sinan-0506,0,0_spirit_flowers_maiden_wind,0.0
hadong-0607,8,8_bride_wedding_maidens_marriage,0.38792503
yangyang-0112,0,0_spirit_flowers_maiden_wind,0.0
gw.goseong-0102,0,0_spirit_flowers_maiden_wind,0.0
naju-0315,5,5_hwanghae_flowers_river_bloom flowers,1.0
cheongdo-0501,0,0_spirit_flowers_maiden_wind,0.0
yeongam-0534,0,0_spirit_flowers_maiden_wind,0.0
seonsan-0710,5,5_hwanghae_flowers_river_bloom flowers,0.7991977
namwon-0510,0,0_spirit_flowers_maiden_wind,0.0
yeonggwang-0123,0,0_spirit_flowers_maiden_wind,0.0
yeocheon-0215,0,0_spirit_flowers_maiden_wind,0.0
jincheon-0206,8,8_bride_wedding_maidens_marriage,0.5642822
wanju-0110,8,8_bride_wedding_maidens_marriage,0.679323
goheung-0132,5,5_hwanghae_flowers_river_bloom flowers,1.0
imsil-0810,0,0_spirit_flowers_maiden_wind,0.0
dalseong-0411,5,5_hwanghae_flowers_river_bloom flowers,1.0
iksan-0105,0,0_spirit_flowers_maiden_wind,0.0
cheongsong-0112,0,0_spirit_flowers_maiden_wind,0.0
cheongyang-0205,6,6_village_skirt_autumn_bread,1.0
euiryeong-0613,5,5_hwanghae_flowers_river_bloom flowers,0.6610802
goryeong-0420,6,6_village_skirt_autumn_bread,1.0
gimpo-0504,8,8_bride_wedding_maidens_marriage,0.60452044
seongju-0220,0,0_spirit_flowers_maiden_wind,0.0
jangseong-0115,0,0_spirit_flowers_maiden_wind,0.0
goryeong-0104,6,6_village_skirt_autumn_bread,0.7876999
jecheon-0303,5,5_hwanghae_flowers_river_bloom flowers,0.3224779
wando-0712,0,0_spirit_flowers_maiden_wind,0.0
boeun-0304,0,0_spirit_flowers_maiden_wind,0.0
cheongdo-0601,5,5_hwanghae_flowers_river_bloom flowers,0.6753684
geumreung-0609,5,5_hwanghae_flowers_river_bloom flowers,1.0
goryeong-0102,0,0_spirit_flowers_maiden_wind,0.0
buyeo-0504,6,6_village_skirt_autumn_bread,0.5365043
onyang-0106,6,6_village_skirt_autumn_bread,0.78828865
imsil-0507,5,5_hwanghae_flowers_river_bloom flowers,0.6299343
jangheung-0415,0,0_spirit_flowers_maiden_wind,0.0
hwaseong-0207,6,6_village_skirt_autumn_bread,0.70439714
gokseong-0406,6,6_village_skirt_autumn_bread,1.0
muan-0119,0,0_spirit_flowers_maiden_wind,0.0
cheolwon-0103,6,6_village_skirt_autumn_bread,0.81886244
gwangjusi-0209,0,0_spirit_flowers_maiden_wind,0.0
gw.goseong-1114,0,0_spirit_flowers_maiden_wind,0.0
jangseong-0414,5,5_hwanghae_flowers_river_bloom flowers,1.0
changnyeong-0406,0,0_spirit_flowers_maiden_wind,0.0
imsil-0406,5,5_hwanghae_flowers_river_bloom flowers,0.8812364
ulsan-0717,5,5_hwanghae_flowers_river_bloom flowers,0.73289484
seonsan-0104,5,5_hwanghae_flowers_river_bloom flowers,0.8191776
gangjin-0105,5,5_hwanghae_flowers_river_bloom flowers,1.0
hapcheon-0805,6,6_village_skirt_autumn_bread,1.0
euiryeong-0102,8,8_bride_wedding_maidens_marriage,0.61798537
hampyeong-0509,0,0_spirit_flowers_maiden_wind,0.0
gwangyang-0223,5,5_hwanghae_flowers_river_bloom flowers,1.0
gimje-0205,0,0_spirit_flowers_maiden_wind,0.0
gokseong-0216,0,0_spirit_flowers_maiden_wind,0.0
milyang-1714,0,0_spirit_flowers_maiden_wind,0.0
gangjin-0109,0,0_spirit_flowers_maiden_wind,0.0
seonsan-0217,0,0_spirit_flowers_maiden_wind,0.0
euiryeong-0506,0,0_spirit_flowers_maiden_wind,0.0
uljin-0119,0,0_spirit_flowers_maiden_wind,0.0
sunchang-0312,0,0_spirit_flowers_maiden_wind,0.0
euiseong-0621,6,6_village_skirt_autumn_bread,0.55132514
hampyeong-0314,0,0_spirit_flowers_maiden_wind,0.0
jinan-0118,6,6_village_skirt_autumn_bread,1.0
boseong-0112,5,5_hwanghae_flowers_river_bloom flowers,1.0
milyang-0708,0,0_spirit_flowers_maiden_wind,0.0
gw.goseong-0911,2,2_servants_piet_books_dip,1.0
wando-0216,0,0_spirit_flowers_maiden_wind,0.0
okgu-0215,6,6_village_skirt_autumn_bread,0.6189582
namwon-0509,0,0_spirit_flowers_maiden_wind,0.0
milyang-1510,5,5_hwanghae_flowers_river_bloom flowers,1.0
imsil-0231,0,0_spirit_flowers_maiden_wind,0.0
jeongseon-1209,5,5_hwanghae_flowers_river_bloom flowers,0.66206783
sinan-1016,5,5_hwanghae_flowers_river_bloom flowers,1.0
hoengseong-0432,0,0_spirit_flowers_maiden_wind,0.0
cheonan-0706,5,5_hwanghae_flowers_river_bloom flowers,1.0
gwangjusi-0122,0,0_spirit_flowers_maiden_wind,0.0
boseong-0113,0,0_spirit_flowers_maiden_wind,0.0
jangseong-0211,6,6_village_skirt_autumn_bread,1.0
gumi-0117,5,5_hwanghae_flowers_river_bloom flowers,1.0
goheung-0321,5,5_hwanghae_flowers_river_bloom flowers,0.71892536
hongseong-0113,8,8_bride_wedding_maidens_marriage,0.50162166
bukjeju-1508,0,0_spirit_flowers_maiden_wind,0.0
cheongsong-0621,0,0_spirit_flowers_maiden_wind,0.0
gimpo-0405,6,6_village_skirt_autumn_bread,0.5414653
cheongsong-0620,0,0_spirit_flowers_maiden_wind,0.0
naju-0513,0,0_spirit_flowers_maiden_wind,0.0
naju-0515,0,0_spirit_flowers_maiden_wind,0.0
hoengseong-0615,5,5_hwanghae_flowers_river_bloom flowers,1.0
yeongdeok-0114,5,5_hwanghae_flowers_river_bloom flowers,0.5884391
cheongwon-0406,5,5_hwanghae_flowers_river_bloom flowers,1.0
jinyang-0427,6,6_village_skirt_autumn_bread,0.45576888
goheung-0318,0,0_spirit_flowers_maiden_wind,0.0
euiryeong-0210,5,5_hwanghae_flowers_river_bloom flowers,1.0
yangyang-1614,5,5_hwanghae_flowers_river_bloom flowers,1.0
hampyeong-0318,0,0_spirit_flowers_maiden_wind,0.0
naju-0516,5,5_hwanghae_flowers_river_bloom flowers,1.0
euiryeong-0505,5,5_hwanghae_flowers_river_bloom flowers,0.7276516
gwangjusi-0127,7,7_tended herd_servant_plow_shepherd,1.0
jinyang-0808,5,5_hwanghae_flowers_river_bloom flowers,0.67716515
changnyeong-0407,8,8_bride_wedding_maidens_marriage,0.7005841
goryeong-0419,0,0_spirit_flowers_maiden_wind,0.0
seungju-0104,0,0_spirit_flowers_maiden_wind,0.0
jungwon-0110,6,6_village_skirt_autumn_bread,0.4205567
hoengseong-0217,5,5_hwanghae_flowers_river_bloom flowers,1.0
gwangjusi-0211,0,0_spirit_flowers_maiden_wind,0.0
gimpo-0104,5,5_hwanghae_flowers_river_bloom flowers,0.5628884
gyeongsan-0317,5,5_hwanghae_flowers_river_bloom flowers,0.83103955
wanju-0304,0,0_spirit_flowers_maiden_wind,0.0
goheung-0317,0,0_spirit_flowers_maiden_wind,0.0
cheongwon-0206,5,5_hwanghae_flowers_river_bloom flowers,0.8030515
geoje-0507,5,5_hwanghae_flowers_river_bloom flowers,0.6102277
gn.goseong-0204,8,8_bride_wedding_maidens_marriage,0.5097987
gunwi-0218,5,5_hwanghae_flowers_river_bloom flowers,1.0
imsil-0232,0,0_spirit_flowers_maiden_wind,0.0
icheon-0408,5,5_hwanghae_flowers_river_bloom flowers,1.0
imsil-0404,0,0_spirit_flowers_maiden_wind,0.0
buyeo-0208,5,5_hwanghae_flowers_river_bloom flowers,0.64600754
uljin-0819,5,5_hwanghae_flowers_river_bloom flowers,1.0
sinan-0511,0,0_spirit_flowers_maiden_wind,0.0
yanggu-0120,0,0_spirit_flowers_maiden_wind,0.0
hwacheon-0104,0,0_spirit_flowers_maiden_wind,0.0
cheolwon-0702,0,0_spirit_flowers_maiden_wind,0.0
seocheon-0904,5,5_hwanghae_flowers_river_bloom flowers,0.74653536
cheolwon-1011,8,8_bride_wedding_maidens_marriage,0.539821
namjeju-0817,6,6_village_skirt_autumn_bread,0.8229298
sunchang-0311,0,0_spirit_flowers_maiden_wind,0.0
yeongju-0112,0,0_spirit_flowers_maiden_wind,0.0
sunchang-0509,0,0_spirit_flowers_maiden_wind,0.0
muan-0114,6,6_village_skirt_autumn_bread,1.0
naju-0120,0,0_spirit_flowers_maiden_wind,0.0
yangyang-2319,0,0_spirit_flowers_maiden_wind,0.0
jindo-0603,0,0_spirit_flowers_maiden_wind,0.0
gimpo-0501,0,0_spirit_flowers_maiden_wind,0.0
yeonggwang-0441,5,5_hwanghae_flowers_river_bloom flowers,1.0
boryeong-0708,5,5_hwanghae_flowers_river_bloom flowers,1.0
wando-0711,0,0_spirit_flowers_maiden_wind,0.0
wando-0212,0,0_spirit_flowers_maiden_wind,0.0
sinan-0618,5,5_hwanghae_flowers_river_bloom flowers,1.0
dalseong-0528,7,7_tended herd_servant_plow_shepherd,0.75634325
gochang-0108,5,5_hwanghae_flowers_river_bloom flowers,1.0
buan-0613,5,5_hwanghae_flowers_river_bloom flowers,0.6294059
gimhae-0210,0,0_spirit_flowers_maiden_wind,0.0
milyang-0709,5,5_hwanghae_flowers_river_bloom flowers,0.377095
yeonggwang-0617,0,0_spirit_flowers_maiden_wind,0.0
gangjin-0503,0,0_spirit_flowers_maiden_wind,0.0
mungyeong-0201,5,5_hwanghae_flowers_river_bloom flowers,1.0
chilgok-0216,5,5_hwanghae_flowers_river_bloom flowers,0.659316
boseong-0111,6,6_village_skirt_autumn_bread,1.0
gapyeong-0413,5,5_hwanghae_flowers_river_bloom flowers,1.0
wanju-0208,0,0_spirit_flowers_maiden_wind,0.0
mungyeong-0410,0,0_spirit_flowers_maiden_wind,0.0
pyeongchang-0307,5,5_hwanghae_flowers_river_bloom flowers,0.7231886
goesan-0406,8,8_bride_wedding_maidens_marriage,1.0
geumreung-0203,5,5_hwanghae_flowers_river_bloom flowers,0.7824181
hwaseong-0118,5,5_hwanghae_flowers_river_bloom flowers,1.0
uljin-0120,0,0_spirit_flowers_maiden_wind,0.0
yeongam-0523,0,0_spirit_flowers_maiden_wind,0.0
gokseong-0210,0,0_spirit_flowers_maiden_wind,0.0
anseong-0111,6,6_village_skirt_autumn_bread,0.46651986
seonsan-0216,7,7_tended herd_servant_plow_shepherd,0.81005675
cheolwon-0901,5,5_hwanghae_flowers_river_bloom flowers,1.0
cheongwon-0309,6,6_village_skirt_autumn_bread,1.0
seongju-0218,5,5_hwanghae_flowers_river_bloom flowers,1.0
gangjin-0802,8,8_bride_wedding_maidens_marriage,1.0
jangseong-0415,0,0_spirit_flowers_maiden_wind,0.0
cheongsong-0616,0,0_spirit_flowers_maiden_wind,0.0
muan-0213,5,5_hwanghae_flowers_river_bloom flowers,0.91514885
gapyeong-0516,7,7_tended herd_servant_plow_shepherd,1.0
haenam-0424,5,5_hwanghae_flowers_river_bloom flowers,0.46121097
muju-0308,0,0_spirit_flowers_maiden_wind,0.0
hwaseong-0204,0,0_spirit_flowers_maiden_wind,0.0
bukjeju-0511,6,6_village_skirt_autumn_bread,1.0
bonghwa-0805,0,0_spirit_flowers_maiden_wind,0.0
gyeongsan-0612,0,0_spirit_flowers_maiden_wind,0.0
boseong-0101,0,0_spirit_flowers_maiden_wind,0.0
icheon-0102,6,6_village_skirt_autumn_bread,0.4759232
naju-0201,0,0_spirit_flowers_maiden_wind,0.0
bukjeju-2017,0,0_spirit_flowers_maiden_wind,0.0
seocheon-0301,5,5_hwanghae_flowers_river_bloom flowers,0.70692873
gn.goseong-0507,8,8_bride_wedding_maidens_marriage,1.0
gunwi-0421,0,0_spirit_flowers_maiden_wind,0.0
gimpo-0402,5,5_hwanghae_flowers_river_bloom flowers,1.0
gw.goseong-0933,8,8_bride_wedding_maidens_marriage,1.0
samcheok-0701,5,5_hwanghae_flowers_river_bloom flowers,0.84846777
haenam-0142,5,5_hwanghae_flowers_river_bloom flowers,1.0
gimje-0203,0,0_spirit_flowers_maiden_wind,0.0
hampyeong-0401,6,6_village_skirt_autumn_bread,1.0
tongyeong-0403,5,5_hwanghae_flowers_river_bloom flowers,1.0
damyang-0204,7,7_tended herd_servant_plow_shepherd,1.0
yangyang-0101,7,7_tended herd_servant_plow_shepherd,0.52828526
hoengseong-0408,6,6_village_skirt_autumn_bread,1.0
okgu-0103,0,0_spirit_flowers_maiden_wind,0.0
wando-0203,5,5_hwanghae_flowers_river_bloom flowers,1.0
cheolwon-0809,0,0_spirit_flowers_maiden_wind,0.0
gangreung-0206,5,5_hwanghae_flowers_river_bloom flowers,0.80135477
sangju-1443,0,0_spirit_flowers_maiden_wind,0.0
cheolwon-1303,8,8_bride_wedding_maidens_marriage,0.6086689
bukjeju-0604,8,8_bride_wedding_maidens_marriage,1.0
imsil-0602,3,3_servant_servants_piet_dip,1.0
cheongdo-0119,0,0_spirit_flowers_maiden_wind,0.0
namjeju-0808,0,0_spirit_flowers_maiden_wind,0.0
gimje-0206,5,5_hwanghae_flowers_river_bloom flowers,0.6605856
sangju-1303,0,0_spirit_flowers_maiden_wind,0.0
milyang-0512,6,6_village_skirt_autumn_bread,1.0
uljin-0810,5,5_hwanghae_flowers_river_bloom flowers,0.7221601
gyeongsan-0704,5,5_hwanghae_flowers_river_bloom flowers,0.77996063
gimje-0705,5,5_hwanghae_flowers_river_bloom flowers,0.8520528
icheon-0204,5,5_hwanghae_flowers_river_bloom flowers,1.0
seongju-0207,7,7_tended herd_servant_plow_shepherd,1.0
namwon-0110,0,0_spirit_flowers_maiden_wind,0.0
yeongi-0902,5,5_hwanghae_flowers_river_bloom flowers,0.66637474
okcheon-0102,3,3_servant_servants_piet_dip,1.0
sinan-0209,6,6_village_skirt_autumn_bread,1.0
cheongdo-0615,6,6_village_skirt_autumn_bread,1.0
seongju-0302,3,3_servant_servants_piet_dip,0.6345845
anseong-0201,6,6_village_skirt_autumn_bread,1.0
cheongyang-0401,5,5_hwanghae_flowers_river_bloom flowers,0.5247867
jinyang-0921,0,0_spirit_flowers_maiden_wind,0.0
euiseong-0502,6,6_village_skirt_autumn_bread,0.7276348
uljin-0804,0,0_spirit_flowers_maiden_wind,0.0
dangjin-1112,6,6_village_skirt_autumn_bread,0.56833094
hampyeong-0505,5,5_hwanghae_flowers_river_bloom flowers,1.0
hongcheon-1316,0,0_spirit_flowers_maiden_wind,0.0
cheolwon-1104,5,5_hwanghae_flowers_river_bloom flowers,1.0
yangsan-0106,0,0_spirit_flowers_maiden_wind,0.0
chungmu-0106,6,6_village_skirt_autumn_bread,0.54231775
wonju-0204,0,0_spirit_flowers_maiden_wind,0.0
sancheong-0304,8,8_bride_wedding_maidens_marriage,1.0
dangjin-0511,5,5_hwanghae_flowers_river_bloom flowers,1.0
wonju-0516,0,0_spirit_flowers_maiden_wind,0.0
sinan-0501,5,5_hwanghae_flowers_river_bloom flowers,1.0
sangju-0805,8,8_bride_wedding_maidens_marriage,1.0
samcheok-0603,0,0_spirit_flowers_maiden_wind,0.0
namjeju-1114,6,6_village_skirt_autumn_bread,0.82593346
sangju-0201,5,5_hwanghae_flowers_river_bloom flowers,1.0
okgu-0301,5,5_hwanghae_flowers_river_bloom flowers,1.0
geumreung-0302,5,5_hwanghae_flowers_river_bloom flowers,0.6211381
goesan-0206,6,6_village_skirt_autumn_bread,0.46465215
jincheon-0306,5,5_hwanghae_flowers_river_bloom flowers,1.0
yangyang-2316,0,0_spirit_flowers_maiden_wind,0.0
gn.goseong-0214,3,3_servant_servants_piet_dip,0.5104088
seungju-0301,0,0_spirit_flowers_maiden_wind,0.0
hoengseong-0402,7,7_tended herd_servant_plow_shepherd,1.0
sangju-0205,0,0_spirit_flowers_maiden_wind,0.0
muju-0306,0,0_spirit_flowers_maiden_wind,0.0
myeongju-0607,0,0_spirit_flowers_maiden_wind,0.0
hoengseong-0310,7,7_tended herd_servant_plow_shepherd,1.0
cheongyang-0103,5,5_hwanghae_flowers_river_bloom flowers,1.0
uljin-0144,6,6_village_skirt_autumn_bread,1.0
hwaseong-0203,6,6_village_skirt_autumn_bread,0.6029261
sinan-0405,0,0_spirit_flowers_maiden_wind,0.0
gunwi-0501,0,0_spirit_flowers_maiden_wind,0.0
yangsan-0224,5,5_hwanghae_flowers_river_bloom flowers,1.0
jindo-0732,0,0_spirit_flowers_maiden_wind,0.0
yeongcheon-0404,3,3_servant_servants_piet_dip,1.0
taean-0503,5,5_hwanghae_flowers_river_bloom flowers,0.64260775
muju-0711,5,5_hwanghae_flowers_river_bloom flowers,1.0
sunchang-0107,0,0_spirit_flowers_maiden_wind,0.0
hongcheon-1303,0,0_spirit_flowers_maiden_wind,0.0
bonghwa-0606,0,0_spirit_flowers_maiden_wind,0.0
namjeju-0201,5,5_hwanghae_flowers_river_bloom flowers,1.0
bukjeju-1408,5,5_hwanghae_flowers_river_bloom flowers,1.0
dalseong-0508,0,0_spirit_flowers_maiden_wind,0.0
milyang-0702,2,2_servants_piet_books_dip,1.0
seocheon-0602,0,0_spirit_flowers_maiden_wind,0.0
yangyang-1711,6,6_village_skirt_autumn_bread,1.0
myeongju-0512,0,0_spirit_flowers_maiden_wind,0.0
yeocheon-0105,0,0_spirit_flowers_maiden_wind,0.0
seosan-0505,0,0_spirit_flowers_maiden_wind,0.0
muju-0210,0,0_spirit_flowers_maiden_wind,0.0
bukjeju-0512,5,5_hwanghae_flowers_river_bloom flowers,0.39532998
daejeon-0201,6,6_village_skirt_autumn_bread,1.0
cheonan-0803,0,0_spirit_flowers_maiden_wind,0.0
yeongam-0503,7,7_tended herd_servant_plow_shepherd,1.0
euiseong-0910,0,0_spirit_flowers_maiden_wind,0.0
namjeju-0401,6,6_village_skirt_autumn_bread,0.95244193
haman-0308,8,8_bride_wedding_maidens_marriage,0.8019755
geumreung-0310,6,6_village_skirt_autumn_bread,0.6369853
gw.goseong-0704,0,0_spirit_flowers_maiden_wind,0.0
dalseong-0347,0,0_spirit_flowers_maiden_wind,0.0
cheongsong-0506,0,0_spirit_flowers_maiden_wind,0.0
muju-0103,5,5_hwanghae_flowers_river_bloom flowers,0.8424303
wonju-0405,5,5_hwanghae_flowers_river_bloom flowers,1.0
seocheon-0312,0,0_spirit_flowers_maiden_wind,0.0
daegu-0509,0,0_spirit_flowers_maiden_wind,0.0
danyang-0101,0,0_spirit_flowers_maiden_wind,0.0
cheongsong-0307,3,3_servant_servants_piet_dip,1.0
iksan-0401,6,6_village_skirt_autumn_bread,0.3357972
sinan-0607,6,6_village_skirt_autumn_bread,1.0
gyeongsan-0125,5,5_hwanghae_flowers_river_bloom flowers,1.0
yeongil-0204,6,6_village_skirt_autumn_bread,1.0
seonsan-0310,7,7_tended herd_servant_plow_shepherd,1.0
bukjeju-0803,5,5_hwanghae_flowers_river_bloom flowers,0.79633105
yeongyang-0402,7,7_tended herd_servant_plow_shepherd,1.0
yangyang-2315,0,0_spirit_flowers_maiden_wind,0.0
yeongi-0104,8,8_bride_wedding_maidens_marriage,1.0
buyeo-0410,5,5_hwanghae_flowers_river_bloom flowers,0.66740227
cheolwon-1105,0,0_spirit_flowers_maiden_wind,0.0
jindo-0403,0,0_spirit_flowers_maiden_wind,0.0
pyeongchang-0810,7,7_tended herd_servant_plow_shepherd,1.0
chilgok-0218,0,0_spirit_flowers_maiden_wind,0.0
namjeju-0603,7,7_tended herd_servant_plow_shepherd,1.0
sangju-1301,5,5_hwanghae_flowers_river_bloom flowers,1.0
seonsan-0604,0,0_spirit_flowers_maiden_wind,0.0
cheongsong-0208,0,0_spirit_flowers_maiden_wind,0.0
sinan-1007,6,6_village_skirt_autumn_bread,1.0
namhae-0304,5,5_hwanghae_flowers_river_bloom flowers,1.0
bonghwa-0619,5,5_hwanghae_flowers_river_bloom flowers,0.8971005
sangju-0105,5,5_hwanghae_flowers_river_bloom flowers,1.0
jindo-0531,0,0_spirit_flowers_maiden_wind,0.0
uljin-0601,3,3_servant_servants_piet_dip,0.604316
yeongi-0615,0,0_spirit_flowers_maiden_wind,0.0
hwasun-0302,5,5_hwanghae_flowers_river_bloom flowers,1.0
yeongi-0601,5,5_hwanghae_flowers_river_bloom flowers,1.0
dangjin-0304,0,0_spirit_flowers_maiden_wind,0.0
yeongdong-0402,6,6_village_skirt_autumn_bread,1.0
yeongyang-0215,7,7_tended herd_servant_plow_shepherd,1.0
cheonan-0501,0,0_spirit_flowers_maiden_wind,0.0
jungwon-0307,0,0_spirit_flowers_maiden_wind,0.0
jincheon-0505,6,6_village_skirt_autumn_bread,0.5366189
jangheung-0115,5,5_hwanghae_flowers_river_bloom flowers,1.0
geumsan-0301,0,0_spirit_flowers_maiden_wind,0.0
jindo-0505,6,6_village_skirt_autumn_bread,1.0
yangyang-2311,0,0_spirit_flowers_maiden_wind,0.0
hongcheon-1007,0,0_spirit_flowers_maiden_wind,0.0
gimpo-0301,5,5_hwanghae_flowers_river_bloom flowers,0.7790294
wando-0107,0,0_spirit_flowers_maiden_wind,0.0
jinyang-0603,8,8_bride_wedding_maidens_marriage,0.6998941
bukjeju-0605,5,5_hwanghae_flowers_river_bloom flowers,0.7810266
eumseong-0401,5,5_hwanghae_flowers_river_bloom flowers,0.56255764
buyeo-0409,6,6_village_skirt_autumn_bread,0.7948317
gn.goseong-0101,5,5_hwanghae_flowers_river_bloom flowers,0.43705943
naju-0104,0,0_spirit_flowers_maiden_wind,0.0
ganghwa-0201,0,0_spirit_flowers_maiden_wind,0.0
nonsan-0501,5,5_hwanghae_flowers_river_bloom flowers,1.0
geumsan-1301,0,0_spirit_flowers_maiden_wind,0.0
muju-0408,0,0_spirit_flowers_maiden_wind,0.0
daejeon-0806,5,5_hwanghae_flowers_river_bloom flowers,1.0
bukjeju-2018,5,5_hwanghae_flowers_river_bloom flowers,1.0
geumreung-0622,0,0_spirit_flowers_maiden_wind,0.0
jindo-0701,0,0_spirit_flowers_maiden_wind,0.0
sangju-1306,5,5_hwanghae_flowers_river_bloom flowers,1.0
seosan-0403,6,6_village_skirt_autumn_bread,0.83987015
cheonan-0405,5,5_hwanghae_flowers_river_bloom flowers,0.5827808
myeongju-0504,5,5_hwanghae_flowers_river_bloom flowers,0.58404446
haman-0108,6,6_village_skirt_autumn_bread,1.0
jinyang-0101,0,0_spirit_flowers_maiden_wind,0.0
seongju-0106,7,7_tended herd_servant_plow_shepherd,0.4982654
goheung-0205,0,0_spirit_flowers_maiden_wind,0.0
gyeongsan-0624,0,0_spirit_flowers_maiden_wind,0.0
mungyeong-0505,3,3_servant_servants_piet_dip,1.0
sangju-0408,5,5_hwanghae_flowers_river_bloom flowers,1.0
chuncheon-0906,7,7_tended herd_servant_plow_shepherd,1.0
geochang-0307,0,0_spirit_flowers_maiden_wind,0.0
ulsan-0913,0,0_spirit_flowers_maiden_wind,0.0
bukjeju-0802,5,5_hwanghae_flowers_river_bloom flowers,1.0
gimje-0105,6,6_village_skirt_autumn_bread,1.0
seongju-0102,5,5_hwanghae_flowers_river_bloom flowers,1.0
changnyeong-0508,8,8_bride_wedding_maidens_marriage,1.0
damyang-0102,0,0_spirit_flowers_maiden_wind,0.0
gn.goseong-0512,7,7_tended herd_servant_plow_shepherd,1.0
hapcheon-0606,0,0_spirit_flowers_maiden_wind,0.0
bonghwa-0612,5,5_hwanghae_flowers_river_bloom flowers,0.6363166
namjeju-1208,6,6_village_skirt_autumn_bread,0.54231775
namhae-0313,0,0_spirit_flowers_maiden_wind,0.0
milyang-0901,5,5_hwanghae_flowers_river_bloom flowers,1.0
gyeongsan-0403,0,0_spirit_flowers_maiden_wind,0.0
hampyeong-0103,5,5_hwanghae_flowers_river_bloom flowers,0.4315621
myeongju-0508,0,0_spirit_flowers_maiden_wind,0.0
haenam-0301,5,5_hwanghae_flowers_river_bloom flowers,1.0
seonsan-0524,0,0_spirit_flowers_maiden_wind,0.0
hapcheon-0525,0,0_spirit_flowers_maiden_wind,0.0
yeongam-0518,0,0_spirit_flowers_maiden_wind,0.0
geochang-0209,0,0_spirit_flowers_maiden_wind,0.0
ganghwa-0101,5,5_hwanghae_flowers_river_bloom flowers,1.0
bukjeju-0907,6,6_village_skirt_autumn_bread,0.5984968
jindo-0208,6,6_village_skirt_autumn_bread,1.0
geumsan-0108,6,6_village_skirt_autumn_bread,0.75174755
naju-0501,6,6_village_skirt_autumn_bread,1.0
yangyang-2308,0,0_spirit_flowers_maiden_wind,0.0
seocheon-0711,5,5_hwanghae_flowers_river_bloom flowers,0.59981054
gn.goseong-0402,0,0_spirit_flowers_maiden_wind,0.0
jindo-0204,0,0_spirit_flowers_maiden_wind,0.0
hamyang-0702,0,0_spirit_flowers_maiden_wind,0.0
seonsan-0319,6,6_village_skirt_autumn_bread,1.0
cheolwon-0801,6,6_village_skirt_autumn_bread,1.0
changnyeong-0103,5,5_hwanghae_flowers_river_bloom flowers,1.0
gn.goseong-0118,6,6_village_skirt_autumn_bread,1.0
yangsan-0103,0,0_spirit_flowers_maiden_wind,0.0
yangyang-1602,5,5_hwanghae_flowers_river_bloom flowers,1.0
namjeju-0906,6,6_village_skirt_autumn_bread,0.6134579
yangyang-0106,5,5_hwanghae_flowers_river_bloom flowers,0.5591234
chuncheon-0207,0,0_spirit_flowers_maiden_wind,0.0
gimhae-0202,0,0_spirit_flowers_maiden_wind,0.0
bukjeju-2021,0,0_spirit_flowers_maiden_wind,0.0
dalseong-0107,5,5_hwanghae_flowers_river_bloom flowers,1.0
goryeong-0405,5,5_hwanghae_flowers_river_bloom flowers,1.0
jeongseon-0806,0,0_spirit_flowers_maiden_wind,0.0
haman-0412,0,0_spirit_flowers_maiden_wind,0.0
chilgok-0121,0,0_spirit_flowers_maiden_wind,0.0
pyeongchang-0114,0,0_spirit_flowers_maiden_wind,0.0
seongju-0104,0,0_spirit_flowers_maiden_wind,0.0
sunchang-0502,5,5_hwanghae_flowers_river_bloom flowers,0.8878153
cheongsong-0214,5,5_hwanghae_flowers_river_bloom flowers,0.6733509
muan-0402,8,8_bride_wedding_maidens_marriage,1.0
goheung-0501,5,5_hwanghae_flowers_river_bloom flowers,1.0
jinan-0503,5,5_hwanghae_flowers_river_bloom flowers,0.9215614
bukjeju-0307,0,0_spirit_flowers_maiden_wind,0.0
imsil-0203,0,0_spirit_flowers_maiden_wind,0.0
seongju-0423,0,0_spirit_flowers_maiden_wind,0.0
gumi-0104,0,0_spirit_flowers_maiden_wind,0.0
cheongsong-0313,8,8_bride_wedding_maidens_marriage,0.82177746
yeocheon-0315,5,5_hwanghae_flowers_river_bloom flowers,0.7114416
gw.goseong-0944,3,3_servant_servants_piet_dip,1.0
hampyeong-0112,0,0_spirit_flowers_maiden_wind,0.0
geumsan-1002,5,5_hwanghae_flowers_river_bloom flowers,0.8542999
anseong-0402,8,8_bride_wedding_maidens_marriage,1.0
jindo-0515,0,0_spirit_flowers_maiden_wind,0.0
geumsan-0105,0,0_spirit_flowers_maiden_wind,0.0
sancheong-0301,0,0_spirit_flowers_maiden_wind,0.0
jangseong-0301,3,3_servant_servants_piet_dip,1.0
cheolwon-1002,0,0_spirit_flowers_maiden_wind,0.0
pyeongchang-0811,0,0_spirit_flowers_maiden_wind,0.0
gimhae-0403,6,6_village_skirt_autumn_bread,1.0
jangseong-0423,0,0_spirit_flowers_maiden_wind,0.0
okcheon-0202,6,6_village_skirt_autumn_bread,1.0
mungyeong-0101,7,7_tended herd_servant_plow_shepherd,1.0
sangju-0316,5,5_hwanghae_flowers_river_bloom flowers,1.0
geumsan-0401,6,6_village_skirt_autumn_bread,1.0
euiseong-0801,5,5_hwanghae_flowers_river_bloom flowers,0.67885923
anseong-0202,5,5_hwanghae_flowers_river_bloom flowers,0.504157
nonsan-0401,5,5_hwanghae_flowers_river_bloom flowers,1.0
bukjeju-0204,5,5_hwanghae_flowers_river_bloom flowers,1.0
cheolwon-0101,5,5_hwanghae_flowers_river_bloom flowers,0.7441282
sinan-0401,0,0_spirit_flowers_maiden_wind,0.0
anseong-0301,0,0_spirit_flowers_maiden_wind,0.0
yangyang-0903,3,3_servant_servants_piet_dip,0.46675724
gn.goseong-0543,6,6_village_skirt_autumn_bread,1.0
seosan-0102,0,0_spirit_flowers_maiden_wind,0.0
goheung-0209,0,0_spirit_flowers_maiden_wind,0.0
bukjeju-2102,0,0_spirit_flowers_maiden_wind,0.0
gunwi-0201,5,5_hwanghae_flowers_river_bloom flowers,1.0
daegu-0308,0,0_spirit_flowers_maiden_wind,0.0
jeongeup-0480,0,0_spirit_flowers_maiden_wind,0.0
pyeongchang-1305,5,5_hwanghae_flowers_river_bloom flowers,1.0
yangyang-1306,5,5_hwanghae_flowers_river_bloom flowers,1.0
bukjeju-1703,0,0_spirit_flowers_maiden_wind,0.0
cheongdo-0605,7,7_tended herd_servant_plow_shepherd,1.0
namhae-0511,0,0_spirit_flowers_maiden_wind,0.0
jinan-0201,6,6_village_skirt_autumn_bread,1.0
yeongdong-0802,0,0_spirit_flowers_maiden_wind,0.0
gochang-0802,5,5_hwanghae_flowers_river_bloom flowers,1.0
hadong-0604,5,5_hwanghae_flowers_river_bloom flowers,0.40590203
wanju-0425,7,7_tended herd_servant_plow_shepherd,1.0
bukjeju-0809,0,0_spirit_flowers_maiden_wind,0.0
seocheon-0313,5,5_hwanghae_flowers_river_bloom flowers,1.0
uljin-0726,6,6_village_skirt_autumn_bread,1.0
yeongdeok-0110,0,0_spirit_flowers_maiden_wind,0.0
daegu-0608,0,0_spirit_flowers_maiden_wind,0.0
namwon-0111,5,5_hwanghae_flowers_river_bloom flowers,1.0
geumsan-0106,0,0_spirit_flowers_maiden_wind,0.0
daegu-0305,0,0_spirit_flowers_maiden_wind,0.0
naju-0233,8,8_bride_wedding_maidens_marriage,0.6800316
uljin-0843,0,0_spirit_flowers_maiden_wind,0.0
geumsan-0701,6,6_village_skirt_autumn_bread,0.6000457
sangju-0605,0,0_spirit_flowers_maiden_wind,0.0
gochang-0507,5,5_hwanghae_flowers_river_bloom flowers,0.646274
sangju-0901,0,0_spirit_flowers_maiden_wind,0.0
dalseong-0203,0,0_spirit_flowers_maiden_wind,0.0
okcheon-0304,0,0_spirit_flowers_maiden_wind,0.0
wonju-0402,0,0_spirit_flowers_maiden_wind,0.0
cheongwon-0303,0,0_spirit_flowers_maiden_wind,0.0
seocheon-0704,5,5_hwanghae_flowers_river_bloom flowers,0.5505335
yangyang-2009,6,6_village_skirt_autumn_bread,0.54231775
gyeongju-0502,0,0_spirit_flowers_maiden_wind,0.0
muju-0806,8,8_bride_wedding_maidens_marriage,1.0
namwon-0306,0,0_spirit_flowers_maiden_wind,0.0
bonghwa-0101,6,6_village_skirt_autumn_bread,1.0
boeun-0303,0,0_spirit_flowers_maiden_wind,0.0
jindo-0529,0,0_spirit_flowers_maiden_wind,0.0
goheung-0304,5,5_hwanghae_flowers_river_bloom flowers,0.662283
yeonggwang-0120,6,6_village_skirt_autumn_bread,0.53240097
seonsan-0309,6,6_village_skirt_autumn_bread,0.6044859
hapcheon-0523,6,6_village_skirt_autumn_bread,0.5183875
cheolwon-0321,0,0_spirit_flowers_maiden_wind,0.0
muan-0109,0,0_spirit_flowers_maiden_wind,0.0
yeongyang-0103,0,0_spirit_flowers_maiden_wind,0.0
muju-0501,6,6_village_skirt_autumn_bread,0.57058936
uljin-0502,0,0_spirit_flowers_maiden_wind,0.0
sunchang-0204,0,0_spirit_flowers_maiden_wind,0.0
geumreung-0403,5,5_hwanghae_flowers_river_bloom flowers,1.0
yecheon-0407,0,0_spirit_flowers_maiden_wind,0.0
buyeo-0404,6,6_village_skirt_autumn_bread,1.0
gw.goseong-0204,0,0_spirit_flowers_maiden_wind,0.0
uljin-0803,0,0_spirit_flowers_maiden_wind,0.0
muju-0602,5,5_hwanghae_flowers_river_bloom flowers,0.58162725
wonju-0228,5,5_hwanghae_flowers_river_bloom flowers,1.0
namjeju-1104,5,5_hwanghae_flowers_river_bloom flowers,0.9240153
hongcheon-0418,0,0_spirit_flowers_maiden_wind,0.0
yeonggwang-0512,0,0_spirit_flowers_maiden_wind,0.0
hoengseong-0202,7,7_tended herd_servant_plow_shepherd,1.0
hampyeong-0203,5,5_hwanghae_flowers_river_bloom flowers,0.7411946
muju-0205,0,0_spirit_flowers_maiden_wind,0.0
samcheok-1021,0,0_spirit_flowers_maiden_wind,0.0
eumseong-0301,6,6_village_skirt_autumn_bread,0.55523115
geochang-0201,5,5_hwanghae_flowers_river_bloom flowers,1.0
gwangyang-0107,6,6_village_skirt_autumn_bread,1.0
geochang-0210,0,0_spirit_flowers_maiden_wind,0.0
gimje-0103,0,0_spirit_flowers_maiden_wind,0.0
cheongdo-0701,0,0_spirit_flowers_maiden_wind,0.0
yeongdong-0302,6,6_village_skirt_autumn_bread,0.5707994
goesan-0401,0,0_spirit_flowers_maiden_wind,0.0
euiseong-0401,0,0_spirit_flowers_maiden_wind,0.0
yeongam-0202,0,0_spirit_flowers_maiden_wind,0.0
ulsan-0511,5,5_hwanghae_flowers_river_bloom flowers,0.601784
chilgok-0109,0,0_spirit_flowers_maiden_wind,0.0
sacheon-0101,5,5_hwanghae_flowers_river_bloom flowers,0.55850095
hongcheon-0101,0,0_spirit_flowers_maiden_wind,0.0
gimhae-0404,0,0_spirit_flowers_maiden_wind,0.0
seonsan-0504,6,6_village_skirt_autumn_bread,1.0
seosan-0602,0,0_spirit_flowers_maiden_wind,0.0
gw.goseong-1107,0,0_spirit_flowers_maiden_wind,0.0
ulsan-0403,6,6_village_skirt_autumn_bread,1.0
gyeongsan-0105,5,5_hwanghae_flowers_river_bloom flowers,0.5171309
geumreung-0441,6,6_village_skirt_autumn_bread,0.54231775
yeongi-0204,5,5_hwanghae_flowers_river_bloom flowers,1.0
yangyang-0209,5,5_hwanghae_flowers_river_bloom flowers,1.0
geumreung-0304,5,5_hwanghae_flowers_river_bloom flowers,1.0
jecheon-0105,5,5_hwanghae_flowers_river_bloom flowers,1.0
dangjin-1006,0,0_spirit_flowers_maiden_wind,0.0
gwangju-0403-1,0,0_spirit_flowers_maiden_wind,0.0
euiseong-0305,0,0_spirit_flowers_maiden_wind,0.0
namjeju-0126,0,0_spirit_flowers_maiden_wind,0.0
yeongam-0515,6,6_village_skirt_autumn_bread,1.0
geumreung-0301,5,5_hwanghae_flowers_river_bloom flowers,0.7581748
cheongwon-0224,0,0_spirit_flowers_maiden_wind,0.0
bukjeju-0308,5,5_hwanghae_flowers_river_bloom flowers,1.0
wando-0103,5,5_hwanghae_flowers_river_bloom flowers,0.7234381
jangseong-0206,0,0_spirit_flowers_maiden_wind,0.0
geoje-0204,0,0_spirit_flowers_maiden_wind,0.0
buyeo-0203,0,0_spirit_flowers_maiden_wind,0.0
geoje-0408,5,5_hwanghae_flowers_river_bloom flowers,1.0
seongju-0708,3,3_servant_servants_piet_dip,1.0
yeongi-0505,5,5_hwanghae_flowers_river_bloom flowers,0.59516764
namjeju-0101,5,5_hwanghae_flowers_river_bloom flowers,1.0
wonju-0312,7,7_tended herd_servant_plow_shepherd,0.6025563
bukjeju-0509,8,8_bride_wedding_maidens_marriage,1.0
jindo-0737,0,0_spirit_flowers_maiden_wind,0.0
gyeongju-0608,0,0_spirit_flowers_maiden_wind,0.0
nonsan-0603,5,5_hwanghae_flowers_river_bloom flowers,1.0
jinan-0111,0,0_spirit_flowers_maiden_wind,0.0
wanju-0503,5,5_hwanghae_flowers_river_bloom flowers,0.52797884
namjeju-0210,5,5_hwanghae_flowers_river_bloom flowers,1.0
sinan-0404,0,0_spirit_flowers_maiden_wind,0.0
goheung-0206,6,6_village_skirt_autumn_bread,1.0
ganghwa-0103,6,6_village_skirt_autumn_bread,0.7175934
jeomchon-0104,0,0_spirit_flowers_maiden_wind,0.0
seonsan-0101,0,0_spirit_flowers_maiden_wind,0.0
cheonan-0301,0,0_spirit_flowers_maiden_wind,0.0
nonsan-0303,0,0_spirit_flowers_maiden_wind,0.0
bukjeju-0312,0,0_spirit_flowers_maiden_wind,0.0
yangsan-0205,0,0_spirit_flowers_maiden_wind,0.0
yangyang-1601,6,6_village_skirt_autumn_bread,0.37292835
cheongdo-0407,6,6_village_skirt_autumn_bread,1.0
euiseong-0815,0,0_spirit_flowers_maiden_wind,0.0
uljin-0729,5,5_hwanghae_flowers_river_bloom flowers,1.0
jinan-0625,5,5_hwanghae_flowers_river_bloom flowers,0.565824
sinan-0126,0,0_spirit_flowers_maiden_wind,0.0
changwon-0301,6,6_village_skirt_autumn_bread,1.0
naju-0112,8,8_bride_wedding_maidens_marriage,1.0
dangjin-0904,0,0_spirit_flowers_maiden_wind,0.0
imsil-0509,6,6_village_skirt_autumn_bread,1.0
jindo-0513,5,5_hwanghae_flowers_river_bloom flowers,1.0
namhae-0306,6,6_village_skirt_autumn_bread,1.0
cheongwon-0604,0,0_spirit_flowers_maiden_wind,0.0
yeongi-0607,0,0_spirit_flowers_maiden_wind,0.0
namwon-0414,0,0_spirit_flowers_maiden_wind,0.0
daejeon-0102,5,5_hwanghae_flowers_river_bloom flowers,0.7806556
dalseong-0243,5,5_hwanghae_flowers_river_bloom flowers,0.7304528
jangheung-0614,0,0_spirit_flowers_maiden_wind,0.0
pyeongchang-0602,6,6_village_skirt_autumn_bread,0.54231775
hamyang-0403,5,5_hwanghae_flowers_river_bloom flowers,0.54532546
buyeo-0408,5,5_hwanghae_flowers_river_bloom flowers,1.0
pyeongchang-0605,0,0_spirit_flowers_maiden_wind,0.0
cheongwon-0603,5,5_hwanghae_flowers_river_bloom flowers,0.550329
daegu-0445,0,0_spirit_flowers_maiden_wind,0.0
gangjin-0405,5,5_hwanghae_flowers_river_bloom flowers,1.0
geochang-0202,0,0_spirit_flowers_maiden_wind,0.0
ulsan-0710,7,7_tended herd_servant_plow_shepherd,0.7643074
hapcheon-0207,0,0_spirit_flowers_maiden_wind,0.0
taean-0406,5,5_hwanghae_flowers_river_bloom flowers,0.787663
hampyeong-0101,8,8_bride_wedding_maidens_marriage,1.0
jangseong-0516,6,6_village_skirt_autumn_bread,0.5642025
taean-0402,8,8_bride_wedding_maidens_marriage,1.0
hongcheon-0711,0,0_spirit_flowers_maiden_wind,0.0
mungyeong-0103,7,7_tended herd_servant_plow_shepherd,1.0
jinan-0114,7,7_tended herd_servant_plow_shepherd,1.0
geoje-0403,0,0_spirit_flowers_maiden_wind,0.0
dalseong-0338,5,5_hwanghae_flowers_river_bloom flowers,1.0
seungju-0311,8,8_bride_wedding_maidens_marriage,1.0
okgu-0406,0,0_spirit_flowers_maiden_wind,0.0
yecheon-0518,6,6_village_skirt_autumn_bread,1.0
sangju-1309,0,0_spirit_flowers_maiden_wind,0.0
cheolwon-0810,6,6_village_skirt_autumn_bread,1.0
dangjin-0607,0,0_spirit_flowers_maiden_wind,0.0
yeongcheon-0325,0,0_spirit_flowers_maiden_wind,0.0
chilgok-0618,5,5_hwanghae_flowers_river_bloom flowers,0.687375
sunchang-0105,5,5_hwanghae_flowers_river_bloom flowers,0.8253593
hoengseong-0405,0,0_spirit_flowers_maiden_wind,0.0
bonghwa-0801,0,0_spirit_flowers_maiden_wind,0.0
yeongdeok-0323,5,5_hwanghae_flowers_river_bloom flowers,1.0
cheolwon-1108,3,3_servant_servants_piet_dip,0.4285335
andong-0407,5,5_hwanghae_flowers_river_bloom flowers,0.6739888
jangheung-0604,5,5_hwanghae_flowers_river_bloom flowers,1.0
gimhae-0313,0,0_spirit_flowers_maiden_wind,0.0
jungwon-0403,6,6_village_skirt_autumn_bread,0.5921885
milyang-1603,0,0_spirit_flowers_maiden_wind,0.0
yangyang-0807,0,0_spirit_flowers_maiden_wind,0.0
gunwi-0423,6,6_village_skirt_autumn_bread,1.0
sinan-1010,0,0_spirit_flowers_maiden_wind,0.0
goryeong-0409,5,5_hwanghae_flowers_river_bloom flowers,1.0
seocheon-0707,0,0_spirit_flowers_maiden_wind,0.0
hongcheon-0703,6,6_village_skirt_autumn_bread,0.54231775
gn.goseong-0404,5,5_hwanghae_flowers_river_bloom flowers,1.0
yeongam-0211,0,0_spirit_flowers_maiden_wind,0.0
euiseong-0909,0,0_spirit_flowers_maiden_wind,0.0
gyeongju-0508,5,5_hwanghae_flowers_river_bloom flowers,1.0
seonsan-0702,0,0_spirit_flowers_maiden_wind,0.0
chuncheon-0201,0,0_spirit_flowers_maiden_wind,0.0
yecheon-0606,0,0_spirit_flowers_maiden_wind,0.0
sangju-0104,5,5_hwanghae_flowers_river_bloom flowers,1.0
seongju-0140,7,7_tended herd_servant_plow_shepherd,1.0
geumreung-0143,5,5_hwanghae_flowers_river_bloom flowers,0.6265948
hongcheon-1109,0,0_spirit_flowers_maiden_wind,0.0
bukjeju-0602,0,0_spirit_flowers_maiden_wind,0.0
jindo-0504,3,3_servant_servants_piet_dip,1.0
hampyeong-0102,5,5_hwanghae_flowers_river_bloom flowers,1.0
dangjin-0109,0,0_spirit_flowers_maiden_wind,0.0
eumseong-0504,5,5_hwanghae_flowers_river_bloom flowers,0.8602774
wonju-0801,0,0_spirit_flowers_maiden_wind,0.0
hongseong-0403,0,0_spirit_flowers_maiden_wind,0.0
seongju-0206,0,0_spirit_flowers_maiden_wind,0.0
jangheung-0202,5,5_hwanghae_flowers_river_bloom flowers,1.0
geumreung-0142,0,0_spirit_flowers_maiden_wind,0.0
namwon-0502,6,6_village_skirt_autumn_bread,0.57105726
cheolwon-1007,0,0_spirit_flowers_maiden_wind,0.0
wanju-0202,5,5_hwanghae_flowers_river_bloom flowers,1.0
gw.goseong-0703,0,0_spirit_flowers_maiden_wind,0.0
yeongcheon-0115,3,3_servant_servants_piet_dip,0.43172345
gn.goseong-0505,0,0_spirit_flowers_maiden_wind,0.0
geumreung-0110,0,0_spirit_flowers_maiden_wind,0.0
jangsu-0404,0,0_spirit_flowers_maiden_wind,0.0
sangju-0545,0,0_spirit_flowers_maiden_wind,0.0
wonju-0503,0,0_spirit_flowers_maiden_wind,0.0
sangju-0903,7,7_tended herd_servant_plow_shepherd,1.0
cheolwon-1006,5,5_hwanghae_flowers_river_bloom flowers,0.6965018
myeongju-0705,0,0_spirit_flowers_maiden_wind,0.0
onyang-0102,0,0_spirit_flowers_maiden_wind,0.0
muan-0106,0,0_spirit_flowers_maiden_wind,0.0
seocheon-0321,0,0_spirit_flowers_maiden_wind,0.0
bonghwa-0613,6,6_village_skirt_autumn_bread,0.51687276
yeongcheon-0107,0,0_spirit_flowers_maiden_wind,0.0
dangjin-0901,0,0_spirit_flowers_maiden_wind,0.0
hoengseong-0205,0,0_spirit_flowers_maiden_wind,0.0
sinan-0204,0,0_spirit_flowers_maiden_wind,0.0
yeongcheon-0102,0,0_spirit_flowers_maiden_wind,0.0
milyang-1511,6,6_village_skirt_autumn_bread,1.0
okgu-0205,6,6_village_skirt_autumn_bread,1.0
buyeo-0106,5,5_hwanghae_flowers_river_bloom flowers,1.0
haman-0110,0,0_spirit_flowers_maiden_wind,0.0
imsil-0803,0,0_spirit_flowers_maiden_wind,0.0
goryeong-0605,0,0_spirit_flowers_maiden_wind,0.0
jangheung-0403,5,5_hwanghae_flowers_river_bloom flowers,0.53392786
hamyang-0612,0,0_spirit_flowers_maiden_wind,0.0
uljin-0908,5,5_hwanghae_flowers_river_bloom flowers,1.0
namjeju-1004,5,5_hwanghae_flowers_river_bloom flowers,1.0
sunchang-0403,6,6_village_skirt_autumn_bread,0.83250666
hongcheon-0102,0,0_spirit_flowers_maiden_wind,0.0
hapcheon-0405,8,8_bride_wedding_maidens_marriage,1.0
yeongil-0321,0,0_spirit_flowers_maiden_wind,0.0
jangseong-0205,5,5_hwanghae_flowers_river_bloom flowers,0.69467854
namjeju-0904,5,5_hwanghae_flowers_river_bloom flowers,0.9161776
bukjeju-1409,0,0_spirit_flowers_maiden_wind,0.0
yesan-0501,5,5_hwanghae_flowers_river_bloom flowers,1.0
yeongyang-0404,7,7_tended herd_servant_plow_shepherd,1.0
yangyang-1233,5,5_hwanghae_flowers_river_bloom flowers,1.0
gwangjusi-0203,5,5_hwanghae_flowers_river_bloom flowers,1.0
hamyang-0119,0,0_spirit_flowers_maiden_wind,0.0
buyeo-0201,5,5_hwanghae_flowers_river_bloom flowers,1.0
yeongcheon-0324,0,0_spirit_flowers_maiden_wind,0.0
milyang-0904,6,6_village_skirt_autumn_bread,1.0
yeongil-0205,7,7_tended herd_servant_plow_shepherd,1.0
namwon-0504,0,0_spirit_flowers_maiden_wind,0.0
geumreung-0401,0,0_spirit_flowers_maiden_wind,0.0
gimje-0516,5,5_hwanghae_flowers_river_bloom flowers,1.0
yeongcheon-0104,0,0_spirit_flowers_maiden_wind,0.0
yecheon-0603,5,5_hwanghae_flowers_river_bloom flowers,0.5728938
chuncheon-0106,0,0_spirit_flowers_maiden_wind,0.0
eumseong-0525,0,0_spirit_flowers_maiden_wind,0.0
yecheon-0366,7,7_tended herd_servant_plow_shepherd,1.0
jangsu-0301,6,6_village_skirt_autumn_bread,1.0
jincheon-0203,5,5_hwanghae_flowers_river_bloom flowers,1.0
wando-0105,3,3_servant_servants_piet_dip,1.0
yeongi-0609,5,5_hwanghae_flowers_river_bloom flowers,1.0
bukjeju-0601,0,0_spirit_flowers_maiden_wind,0.0
sangju-1307,6,6_village_skirt_autumn_bread,1.0
sinan-0107,5,5_hwanghae_flowers_river_bloom flowers,1.0
euiseong-0203,5,5_hwanghae_flowers_river_bloom flowers,0.5497414
eumseong-0303,6,6_village_skirt_autumn_bread,0.7543919
buan-0616,5,5_hwanghae_flowers_river_bloom flowers,0.86229205
taean-0404,3,3_servant_servants_piet_dip,1.0
milyang-1804,0,0_spirit_flowers_maiden_wind,0.0
jinan-0203,5,5_hwanghae_flowers_river_bloom flowers,0.72744656
sangju-0306,8,8_bride_wedding_maidens_marriage,0.3853862
geochang-0314,0,0_spirit_flowers_maiden_wind,0.0
hoengseong-0101,0,0_spirit_flowers_maiden_wind,0.0
muju-0416,7,7_tended herd_servant_plow_shepherd,0.865203
gn.goseong-0407,6,6_village_skirt_autumn_bread,1.0
jinyang-0405,7,7_tended herd_servant_plow_shepherd,0.44715717
yecheon-0915,6,6_village_skirt_autumn_bread,1.0
gochang-0720,6,6_village_skirt_autumn_bread,1.0
sangju-0917,6,6_village_skirt_autumn_bread,1.0
geochang-0502,5,5_hwanghae_flowers_river_bloom flowers,1.0
sangju-1035,0,0_spirit_flowers_maiden_wind,0.0
yeongdeok-0311,8,8_bride_wedding_maidens_marriage,1.0
yecheon-0701,6,6_village_skirt_autumn_bread,0.5909658
hapcheon-0520,6,6_village_skirt_autumn_bread,1.0
bonghwa-0115,6,6_village_skirt_autumn_bread,0.61686903
wonju-0207,6,6_village_skirt_autumn_bread,1.0
yeongam-0431,6,6_village_skirt_autumn_bread,0.6973874
sancheong-0432,0,0_spirit_flowers_maiden_wind,0.0
hadong-0412,8,8_bride_wedding_maidens_marriage,1.0
seonsan-0510,0,0_spirit_flowers_maiden_wind,0.0
euiryeong-0414,0,0_spirit_flowers_maiden_wind,0.0
gunwi-0222,0,0_spirit_flowers_maiden_wind,0.0
bonghwa-0114,0,0_spirit_flowers_maiden_wind,0.0
hwasun-0301,5,5_hwanghae_flowers_river_bloom flowers,0.6073652
pyeongchang-1108,8,8_bride_wedding_maidens_marriage,1.0
sangju-1122,0,0_spirit_flowers_maiden_wind,0.0
sacheon-0309,0,0_spirit_flowers_maiden_wind,0.0
ulreung-0707,0,0_spirit_flowers_maiden_wind,0.0
yecheon-0802,5,5_hwanghae_flowers_river_bloom flowers,0.5319809
yeocheon-0317,0,0_spirit_flowers_maiden_wind,0.0
yecheon-0506,0,0_spirit_flowers_maiden_wind,0.0
mungyeong-0121,0,0_spirit_flowers_maiden_wind,0.0
seonsan-0315,5,5_hwanghae_flowers_river_bloom flowers,1.0
seongju-0432,6,6_village_skirt_autumn_bread,1.0
jeongseon-0406,5,5_hwanghae_flowers_river_bloom flowers,1.0
jeongseon-0103,6,6_village_skirt_autumn_bread,1.0
jindo-0110,6,6_village_skirt_autumn_bread,1.0
yeongdong-0406,7,7_tended herd_servant_plow_shepherd,1.0
mungyeong-0118,5,5_hwanghae_flowers_river_bloom flowers,0.65193546
bukjeju-0612,0,0_spirit_flowers_maiden_wind,0.0
wando-0119,5,5_hwanghae_flowers_river_bloom flowers,1.0
gn.goseong-0508,0,0_spirit_flowers_maiden_wind,0.0
mungyeong-0512,3,3_servant_servants_piet_dip,0.8830253
gyeongsan-0503,5,5_hwanghae_flowers_river_bloom flowers,0.92490685
hampyeong-0144,5,5_hwanghae_flowers_river_bloom flowers,0.881653
yangyang-0317,0,0_spirit_flowers_maiden_wind,0.0
gunwi-0221,0,0_spirit_flowers_maiden_wind,0.0
jindo-0326,0,0_spirit_flowers_maiden_wind,0.0
sancheong-0421,6,6_village_skirt_autumn_bread,1.0
gokseong-0306,6,6_village_skirt_autumn_bread,0.51975125
cheongdo-0310,5,5_hwanghae_flowers_river_bloom flowers,0.76784295
uljin-0709,5,5_hwanghae_flowers_river_bloom flowers,1.0
ulreung-0501,0,0_spirit_flowers_maiden_wind,0.0
yeongcheon-0407,8,8_bride_wedding_maidens_marriage,0.57772636
naju-0205,5,5_hwanghae_flowers_river_bloom flowers,1.0
euiryeong-0212,0,0_spirit_flowers_maiden_wind,0.0
sangju-0126,5,5_hwanghae_flowers_river_bloom flowers,0.49051192
yeongyang-0308,0,0_spirit_flowers_maiden_wind,0.0
sancheong-0521,3,3_servant_servants_piet_dip,1.0
gokseong-0307,6,6_village_skirt_autumn_bread,0.5054591
goheung-0117,3,3_servant_servants_piet_dip,0.5832091
yeongcheon-0209,5,5_hwanghae_flowers_river_bloom flowers,0.3677482
gn.goseong-0523,6,6_village_skirt_autumn_bread,0.6643631
jeongeup-0443,5,5_hwanghae_flowers_river_bloom flowers,1.0
cheongsong-0526,0,0_spirit_flowers_maiden_wind,0.0
andong-0204,7,7_tended herd_servant_plow_shepherd,1.0
hapcheon-0901,6,6_village_skirt_autumn_bread,0.5024132
gn.goseong-0113,5,5_hwanghae_flowers_river_bloom flowers,1.0
jangheung-0226,6,6_village_skirt_autumn_bread,1.0
namwon-0707,5,5_hwanghae_flowers_river_bloom flowers,1.0
euiseong-0119,8,8_bride_wedding_maidens_marriage,0.56333435
chungmu-0109,7,7_tended herd_servant_plow_shepherd,1.0
jinan-0304,5,5_hwanghae_flowers_river_bloom flowers,0.5696412
geumreung-0710,3,3_servant_servants_piet_dip,1.0
yecheon-0414,0,0_spirit_flowers_maiden_wind,0.0
gokseong-0314,6,6_village_skirt_autumn_bread,0.5395231
yeongyang-0307,6,6_village_skirt_autumn_bread,0.5613955
yanggu-0906,0,0_spirit_flowers_maiden_wind,0.0
hapcheon-0504,3,3_servant_servants_piet_dip,0.630386
gokseong-0305,5,5_hwanghae_flowers_river_bloom flowers,0.6479689
yecheon-0301,5,5_hwanghae_flowers_river_bloom flowers,1.0
ulsan-0412,5,5_hwanghae_flowers_river_bloom flowers,1.0
jinyang-0304,5,5_hwanghae_flowers_river_bloom flowers,1.0
wando-0519,0,0_spirit_flowers_maiden_wind,0.0
imsil-0230,0,0_spirit_flowers_maiden_wind,0.0
seonsan-0317,0,0_spirit_flowers_maiden_wind,0.0
goesan-0111,0,0_spirit_flowers_maiden_wind,0.0
euiseong-0605,3,3_servant_servants_piet_dip,1.0
gimhae-0406,5,5_hwanghae_flowers_river_bloom flowers,1.0
jinyang-0409,6,6_village_skirt_autumn_bread,1.0
euiseong-0403,0,0_spirit_flowers_maiden_wind,0.0
pyeongchang-0104,0,0_spirit_flowers_maiden_wind,0.0
gwangjusi-0224,5,5_hwanghae_flowers_river_bloom flowers,0.5654396
dalseong-0316,0,0_spirit_flowers_maiden_wind,0.0
jeongeup-0419,5,5_hwanghae_flowers_river_bloom flowers,0.5875595
dalseong-0118,5,5_hwanghae_flowers_river_bloom flowers,1.0
seongju-0720,5,5_hwanghae_flowers_river_bloom flowers,0.6405193
dalseong-0314,5,5_hwanghae_flowers_river_bloom flowers,0.80512685
cheolwon-1225,0,0_spirit_flowers_maiden_wind,0.0
nonsan-0806,8,8_bride_wedding_maidens_marriage,0.51129943
jeongeup-0461,8,8_bride_wedding_maidens_marriage,0.7506148
buyeo-0302,8,8_bride_wedding_maidens_marriage,1.0
goryeong-0507,0,0_spirit_flowers_maiden_wind,0.0
pyeongchang-1010,5,5_hwanghae_flowers_river_bloom flowers,0.62768734
gn.goseong-0314,0,0_spirit_flowers_maiden_wind,0.0
changwon-0603,0,0_spirit_flowers_maiden_wind,0.0
cheongsong-0419,0,0_spirit_flowers_maiden_wind,0.0
gangjin-0713,5,5_hwanghae_flowers_river_bloom flowers,0.7712916
geumreung-0432,5,5_hwanghae_flowers_river_bloom flowers,0.6726414
euiseong-0407,5,5_hwanghae_flowers_river_bloom flowers,1.0
gunwi-0223,7,7_tended herd_servant_plow_shepherd,0.7265543
jinyang-0417,6,6_village_skirt_autumn_bread,1.0
yeongdeok-0647,0,0_spirit_flowers_maiden_wind,0.0
geoje-0211,6,6_village_skirt_autumn_bread,0.4775601
mungyeong-0108,6,6_village_skirt_autumn_bread,1.0
yeongi-0804,0,0_spirit_flowers_maiden_wind,0.0
gyeongsan-0109,0,0_spirit_flowers_maiden_wind,0.0
dangjin-0405,0,0_spirit_flowers_maiden_wind,0.0
jinan-0307,6,6_village_skirt_autumn_bread,1.0
jinyang-0112,0,0_spirit_flowers_maiden_wind,0.0
dalseong-0247,8,8_bride_wedding_maidens_marriage,0.57323635
dalseong-0208,6,6_village_skirt_autumn_bread,1.0
cheongwon-0104,5,5_hwanghae_flowers_river_bloom flowers,0.7576354
gangjin-0609,0,0_spirit_flowers_maiden_wind,0.0
cheongsong-0414,0,0_spirit_flowers_maiden_wind,0.0
ulreung-0321,0,0_spirit_flowers_maiden_wind,0.0
mungyeong-0314,0,0_spirit_flowers_maiden_wind,0.0
tongyeong-0405,0,0_spirit_flowers_maiden_wind,0.0
bukjeju-1003,5,5_hwanghae_flowers_river_bloom flowers,1.0
yeongyang-0406,5,5_hwanghae_flowers_river_bloom flowers,0.52687705
hwasun-0310,6,6_village_skirt_autumn_bread,1.0
uljin-1046,0,0_spirit_flowers_maiden_wind,0.0
sangju-0919,6,6_village_skirt_autumn_bread,1.0
yeongyang-0405,6,6_village_skirt_autumn_bread,0.50278413
yecheon-0960,6,6_village_skirt_autumn_bread,1.0
sangju-1121,6,6_village_skirt_autumn_bread,0.6669276
gyeongju-0710,5,5_hwanghae_flowers_river_bloom flowers,0.5266449
geoje-0504,6,6_village_skirt_autumn_bread,1.0
jangseong-0420,6,6_village_skirt_autumn_bread,1.0
gangjin-0316,0,0_spirit_flowers_maiden_wind,0.0
yeongdong-0311,6,6_village_skirt_autumn_bread,1.0
gyeongsan-0617,7,7_tended herd_servant_plow_shepherd,1.0
tongyeong-0404,0,0_spirit_flowers_maiden_wind,0.0
hamyang-0148,0,0_spirit_flowers_maiden_wind,0.0
euiseong-0816,8,8_bride_wedding_maidens_marriage,0.7316003
jinyang-0712,0,0_spirit_flowers_maiden_wind,0.0
milyang-1113,5,5_hwanghae_flowers_river_bloom flowers,1.0
incheon-0218,6,6_village_skirt_autumn_bread,0.54231775
samcheok-1103,0,0_spirit_flowers_maiden_wind,0.0
hongcheon-0614,0,0_spirit_flowers_maiden_wind,0.0
euiryeong-0608,7,7_tended herd_servant_plow_shepherd,1.0
jinyang-0806,7,7_tended herd_servant_plow_shepherd,1.0
gn.goseong-0406,5,5_hwanghae_flowers_river_bloom flowers,0.5679093
gochang-0119,5,5_hwanghae_flowers_river_bloom flowers,1.0
seonsan-0529,5,5_hwanghae_flowers_river_bloom flowers,1.0
yeongju-0104,0,0_spirit_flowers_maiden_wind,0.0
jeongseon-0808,5,5_hwanghae_flowers_river_bloom flowers,1.0
euiseong-0120,5,5_hwanghae_flowers_river_bloom flowers,1.0
jeongseon-1301,5,5_hwanghae_flowers_river_bloom flowers,1.0
hamyang-0327,7,7_tended herd_servant_plow_shepherd,1.0
yeongdeok-0502,5,5_hwanghae_flowers_river_bloom flowers,1.0
cheolwon-1207,8,8_bride_wedding_maidens_marriage,1.0
seungju-0118,0,0_spirit_flowers_maiden_wind,0.0
inje-0212,8,8_bride_wedding_maidens_marriage,1.0
seonsan-0614,8,8_bride_wedding_maidens_marriage,1.0
jinyang-0107,6,6_village_skirt_autumn_bread,1.0
cheongsong-0601,0,0_spirit_flowers_maiden_wind,0.0
geumsan-0909,0,0_spirit_flowers_maiden_wind,0.0
gunwi-0228,5,5_hwanghae_flowers_river_bloom flowers,0.7011287
milyang-0310,0,0_spirit_flowers_maiden_wind,0.0
hapcheon-0208,0,0_spirit_flowers_maiden_wind,0.0
gn.goseong-0534,8,8_bride_wedding_maidens_marriage,1.0
yanggu-0907,5,5_hwanghae_flowers_river_bloom flowers,0.77593195
changwon-0305,6,6_village_skirt_autumn_bread,1.0
goesan-0118,0,0_spirit_flowers_maiden_wind,0.0
gimhae-0308,0,0_spirit_flowers_maiden_wind,0.0
andong-0603,5,5_hwanghae_flowers_river_bloom flowers,0.7648554
sancheong-0115,0,0_spirit_flowers_maiden_wind,0.0
jinan-0607,0,0_spirit_flowers_maiden_wind,0.0
cheongdo-0307,0,0_spirit_flowers_maiden_wind,0.0
euiryeong-0605,5,5_hwanghae_flowers_river_bloom flowers,0.6428261
yecheon-0313,6,6_village_skirt_autumn_bread,0.50029355
yeongil-0714,7,7_tended herd_servant_plow_shepherd,0.57799876
gochang-0113,0,0_spirit_flowers_maiden_wind,0.0
incheon-0222,0,0_spirit_flowers_maiden_wind,0.0
jangsu-0102,5,5_hwanghae_flowers_river_bloom flowers,0.81331867
yecheon-0312,3,3_servant_servants_piet_dip,0.59698886
seongju-0514,6,6_village_skirt_autumn_bread,1.0
yecheon-0319,5,5_hwanghae_flowers_river_bloom flowers,0.88555044
uljin-0813,0,0_spirit_flowers_maiden_wind,0.0
uljin-0717,0,0_spirit_flowers_maiden_wind,0.0
yeongcheon-0308,6,6_village_skirt_autumn_bread,0.8349634
goryeong-0519,0,0_spirit_flowers_maiden_wind,0.0
hadong-0706,0,0_spirit_flowers_maiden_wind,0.0
yecheon-0310,7,7_tended herd_servant_plow_shepherd,0.77817744
sacheon-0121,6,6_village_skirt_autumn_bread,1.0
jinyang-0912,0,0_spirit_flowers_maiden_wind,0.0
geumsan-1114,6,6_village_skirt_autumn_bread,1.0
jangheung-0227,5,5_hwanghae_flowers_river_bloom flowers,1.0
yeonggwang-0514,5,5_hwanghae_flowers_river_bloom flowers,1.0
sangju-0317,6,6_village_skirt_autumn_bread,0.6684549
euiseong-0723,5,5_hwanghae_flowers_river_bloom flowers,0.5134122
yeongam-0421,0,0_spirit_flowers_maiden_wind,0.0
muan-0129,0,0_spirit_flowers_maiden_wind,0.0
mungyeong-0214,5,5_hwanghae_flowers_river_bloom flowers,0.7919008
yecheon-0311,6,6_village_skirt_autumn_bread,1.0
wando-0713,3,3_servant_servants_piet_dip,0.59094596
yeongil-0613,0,0_spirit_flowers_maiden_wind,0.0
geumreung-0205,5,5_hwanghae_flowers_river_bloom flowers,0.636593
yeongam-0212,5,5_hwanghae_flowers_river_bloom flowers,1.0
buyeo-0322,0,0_spirit_flowers_maiden_wind,0.0
hapcheon-0519,0,0_spirit_flowers_maiden_wind,0.0
pyeongchang-1107,6,6_village_skirt_autumn_bread,0.8044044
dalseong-0315,6,6_village_skirt_autumn_bread,1.0
yeongcheon-0312,0,0_spirit_flowers_maiden_wind,0.0
namhae-0502,6,6_village_skirt_autumn_bread,1.0
cheongsong-0607,0,0_spirit_flowers_maiden_wind,0.0
yeongil-0317,5,5_hwanghae_flowers_river_bloom flowers,0.856976
cheongwon-0215,5,5_hwanghae_flowers_river_bloom flowers,1.0
cheongsong-0420,8,8_bride_wedding_maidens_marriage,1.0
geumreung-0712,0,0_spirit_flowers_maiden_wind,0.0
hamyang-0129,7,7_tended herd_servant_plow_shepherd,0.4949161
hapcheon-0407,0,0_spirit_flowers_maiden_wind,0.0
hadong-0502,7,7_tended herd_servant_plow_shepherd,0.5058499
geumreung-0321,0,0_spirit_flowers_maiden_wind,0.0
jinyang-0113,0,0_spirit_flowers_maiden_wind,0.0
changwon-0306,0,0_spirit_flowers_maiden_wind,0.0
ulreung-0320,0,0_spirit_flowers_maiden_wind,0.0
eumseong-0510,0,0_spirit_flowers_maiden_wind,0.0
cheongsong-0421,8,8_bride_wedding_maidens_marriage,0.69433385
naju-0207,0,0_spirit_flowers_maiden_wind,0.0
yeongam-0501,5,5_hwanghae_flowers_river_bloom flowers,1.0
sangju-1215,0,0_spirit_flowers_maiden_wind,0.0
uljin-1045,0,0_spirit_flowers_maiden_wind,0.0
yeongdeok-0501,5,5_hwanghae_flowers_river_bloom flowers,0.7623665
yeongdeok-0509,0,0_spirit_flowers_maiden_wind,0.0
jeongseon-0807,6,6_village_skirt_autumn_bread,1.0
goryeong-0611,5,5_hwanghae_flowers_river_bloom flowers,0.7945419
gangjin-0608,6,6_village_skirt_autumn_bread,1.0
uljin-0414,5,5_hwanghae_flowers_river_bloom flowers,0.61081874
changwon-0207,6,6_village_skirt_autumn_bread,1.0
cheongdo-0313,0,0_spirit_flowers_maiden_wind,0.0
cheongsong-0422,8,8_bride_wedding_maidens_marriage,1.0
uljin-0603,5,5_hwanghae_flowers_river_bloom flowers,1.0
hamyang-0503,8,8_bride_wedding_maidens_marriage,1.0
uljin-1017,5,5_hwanghae_flowers_river_bloom flowers,0.3618228
andong-0203,0,0_spirit_flowers_maiden_wind,0.0
hamyang-0144,7,7_tended herd_servant_plow_shepherd,0.70058125
tongyeong-0602,0,0_spirit_flowers_maiden_wind,0.0
yeongcheon-0221,5,5_hwanghae_flowers_river_bloom flowers,1.0
gokseong-0315,5,5_hwanghae_flowers_river_bloom flowers,0.6641863
jinan-0406,5,5_hwanghae_flowers_river_bloom flowers,0.8428714
imsil-0825,6,6_village_skirt_autumn_bread,1.0
muan-0126,0,0_spirit_flowers_maiden_wind,0.0
gokseong-0304,0,0_spirit_flowers_maiden_wind,0.0
jinyang-0106,0,0_spirit_flowers_maiden_wind,0.0
hamyang-0130,0,0_spirit_flowers_maiden_wind,0.0
yeongdeok-0317,0,0_spirit_flowers_maiden_wind,0.0
yanggu-0604,8,8_bride_wedding_maidens_marriage,1.0
wando-0607,6,6_village_skirt_autumn_bread,0.6669276
yeocheon-0325,5,5_hwanghae_flowers_river_bloom flowers,1.0
sangju-0339,0,0_spirit_flowers_maiden_wind,0.0
hwacheon-0916,0,0_spirit_flowers_maiden_wind,0.0
jinyang-0901,0,0_spirit_flowers_maiden_wind,0.0
cheolwon-1022,8,8_bride_wedding_maidens_marriage,0.8617497
yeongyang-0306,0,0_spirit_flowers_maiden_wind,0.0
sangju-0222,5,5_hwanghae_flowers_river_bloom flowers,0.5428636
uljin-0407,0,0_spirit_flowers_maiden_wind,0.0
sancheong-0415,5,5_hwanghae_flowers_river_bloom flowers,1.0
sancheong-0430,0,0_spirit_flowers_maiden_wind,0.0
jeongseon-0102,0,0_spirit_flowers_maiden_wind,0.0
haman-0314,5,5_hwanghae_flowers_river_bloom flowers,1.0
hampyeong-0438,5,5_hwanghae_flowers_river_bloom flowers,0.507909
hapcheon-0210,0,0_spirit_flowers_maiden_wind,0.0
uljin-0722,0,0_spirit_flowers_maiden_wind,0.0
hadong-0205,7,7_tended herd_servant_plow_shepherd,0.6064904
hwaseong-0405,6,6_village_skirt_autumn_bread,1.0
yeongdeok-0505,0,0_spirit_flowers_maiden_wind,0.0
wando-0521,0,0_spirit_flowers_maiden_wind,0.0
hapcheon-0709,5,5_hwanghae_flowers_river_bloom flowers,1.0
mungyeong-0315,6,6_village_skirt_autumn_bread,1.0
sinan-1012,5,5_hwanghae_flowers_river_bloom flowers,0.88683856
seonsan-0414,0,0_spirit_flowers_maiden_wind,0.0
yeongwol-0304,0,0_spirit_flowers_maiden_wind,0.0
mungyeong-0413,5,5_hwanghae_flowers_river_bloom flowers,0.504239
andong-0226,8,8_bride_wedding_maidens_marriage,1.0
yeongdeok-0320,0,0_spirit_flowers_maiden_wind,0.0
hapcheon-0807,5,5_hwanghae_flowers_river_bloom flowers,0.72340876
chilgok-0308,5,5_hwanghae_flowers_river_bloom flowers,1.0
gochang-0614,5,5_hwanghae_flowers_river_bloom flowers,1.0
jindo-0544,0,0_spirit_flowers_maiden_wind,0.0
wanju-0514,0,0_spirit_flowers_maiden_wind,0.0
seongju-0660,0,0_spirit_flowers_maiden_wind,0.0
changwon-0108,8,8_bride_wedding_maidens_marriage,1.0
geoje-0502,0,0_spirit_flowers_maiden_wind,0.0
cheolwon-1023,0,0_spirit_flowers_maiden_wind,0.0
boseong-0122,0,0_spirit_flowers_maiden_wind,0.0
sancheong-0206,6,6_village_skirt_autumn_bread,1.0
wando-0715,7,7_tended herd_servant_plow_shepherd,0.6908256
bonghwa-0701,0,0_spirit_flowers_maiden_wind,0.0
geumreung-0131,0,0_spirit_flowers_maiden_wind,0.0
haman-0407,6,6_village_skirt_autumn_bread,0.6934106
gochang-0515,8,8_bride_wedding_maidens_marriage,1.0
jangheung-0507,5,5_hwanghae_flowers_river_bloom flowers,0.67564136
sacheon-0308,0,0_spirit_flowers_maiden_wind,0.0
geoje-0212,5,5_hwanghae_flowers_river_bloom flowers,1.0
euiseong-0728,5,5_hwanghae_flowers_river_bloom flowers,1.0
iksan-0207,0,0_spirit_flowers_maiden_wind,0.0
seonsan-0416,0,0_spirit_flowers_maiden_wind,0.0
jecheon-0204,3,3_servant_servants_piet_dip,0.5929147
cheongsong-0527,0,0_spirit_flowers_maiden_wind,0.0
cheongsong-0222,0,0_spirit_flowers_maiden_wind,0.0
dalseong-0313,3,3_servant_servants_piet_dip,0.5050099
yeongdeok-0410,6,6_village_skirt_autumn_bread,0.8711243
hwasun-0304,0,0_spirit_flowers_maiden_wind,0.0
iksan-0208,8,8_bride_wedding_maidens_marriage,1.0
sacheon-0307,0,0_spirit_flowers_maiden_wind,0.0
geumsan-0926,5,5_hwanghae_flowers_river_bloom flowers,1.0
jinyang-0207,0,0_spirit_flowers_maiden_wind,0.0
goesan-0113,0,0_spirit_flowers_maiden_wind,0.0
sancheong-0204,0,0_spirit_flowers_maiden_wind,0.0
yecheon-0703,5,5_hwanghae_flowers_river_bloom flowers,1.0
jinyang-0108,6,6_village_skirt_autumn_bread,1.0
sangju-1402,5,5_hwanghae_flowers_river_bloom flowers,0.9115722
sangju-0210,5,5_hwanghae_flowers_river_bloom flowers,0.6016146
geumsan-0901,0,0_spirit_flowers_maiden_wind,0.0
seonsan-0713,8,8_bride_wedding_maidens_marriage,0.579341
sancheong-0513,0,0_spirit_flowers_maiden_wind,0.0
euiseong-0603,0,0_spirit_flowers_maiden_wind,0.0
sangju-1034,0,0_spirit_flowers_maiden_wind,0.0
cheongsong-0221,0,0_spirit_flowers_maiden_wind,0.0
jindo-0740,6,6_village_skirt_autumn_bread,0.64030457
gyeongsan-0126,5,5_hwanghae_flowers_river_bloom flowers,0.6014733
wando-0522,6,6_village_skirt_autumn_bread,1.0
geumreung-0713,0,0_spirit_flowers_maiden_wind,0.0
buyeo-0323,8,8_bride_wedding_maidens_marriage,1.0
gapyeong-0514,8,8_bride_wedding_maidens_marriage,1.0
hamyang-0143,0,0_spirit_flowers_maiden_wind,0.0
inje-0104,0,0_spirit_flowers_maiden_wind,0.0
seongju-0661,0,0_spirit_flowers_maiden_wind,0.0
inje-0211,6,6_village_skirt_autumn_bread,1.0
eumseong-0408,8,8_bride_wedding_maidens_marriage,0.68666244
yecheon-0412,0,0_spirit_flowers_maiden_wind,0.0
yeongdeok-0506,5,5_hwanghae_flowers_river_bloom flowers,0.93717766
sinan-0112,0,0_spirit_flowers_maiden_wind,0.0
tongyeong-0601,6,6_village_skirt_autumn_bread,1.0
uljin-0721,0,0_spirit_flowers_maiden_wind,0.0
ganghwa-0312,5,5_hwanghae_flowers_river_bloom flowers,1.0
yeongyang-0512,8,8_bride_wedding_maidens_marriage,0.6828681
namhae-0109,5,5_hwanghae_flowers_river_bloom flowers,0.7312767
seongju-0721,6,6_village_skirt_autumn_bread,1.0
yeonggwang-0101,6,6_village_skirt_autumn_bread,1.0
gn.goseong-0210,0,0_spirit_flowers_maiden_wind,0.0
dangjin-0701,8,8_bride_wedding_maidens_marriage,1.0
cheolwon-1224,5,5_hwanghae_flowers_river_bloom flowers,1.0
hapcheon-0706,6,6_village_skirt_autumn_bread,1.0
yeongil-0101,5,5_hwanghae_flowers_river_bloom flowers,1.0
bonghwa-0203,6,6_village_skirt_autumn_bread,1.0
sangju-0346,0,0_spirit_flowers_maiden_wind,0.0
mungyeong-0448,5,5_hwanghae_flowers_river_bloom flowers,0.66593933
yeongyang-0112,0,0_spirit_flowers_maiden_wind,0.0
jinyang-0401,5,5_hwanghae_flowers_river_bloom flowers,1.0
mungyeong-0109,0,0_spirit_flowers_maiden_wind,0.0
jinan-0415,0,0_spirit_flowers_maiden_wind,0.0
jangseong-0421,6,6_village_skirt_autumn_bread,0.8727393
wonju-0322,8,8_bride_wedding_maidens_marriage,0.5846176
yeongil-0706,5,5_hwanghae_flowers_river_bloom flowers,1.0
yeongyang-0412,0,0_spirit_flowers_maiden_wind,0.0
bukjeju-2114,0,0_spirit_flowers_maiden_wind,0.0
gn.goseong-0515,2,2_servants_piet_books_dip,1.0
haenam-0510,0,0_spirit_flowers_maiden_wind,0.0
ulsan-0413,5,5_hwanghae_flowers_river_bloom flowers,0.6785962
geumreung-0505,6,6_village_skirt_autumn_bread,1.0
goryeong-0512,5,5_hwanghae_flowers_river_bloom flowers,1.0
jeongeup-0417,0,0_spirit_flowers_maiden_wind,0.0
jangseong-0224,0,0_spirit_flowers_maiden_wind,0.0
cheongdo-0309,0,0_spirit_flowers_maiden_wind,0.0
eumseong-0530,0,0_spirit_flowers_maiden_wind,0.0
samcheok-0704,0,0_spirit_flowers_maiden_wind,0.0
yecheon-0916,6,6_village_skirt_autumn_bread,1.0
milyang-1404,5,5_hwanghae_flowers_river_bloom flowers,0.4190567
jinyang-0408,0,0_spirit_flowers_maiden_wind,0.0
hwasun-0306,5,5_hwanghae_flowers_river_bloom flowers,0.48845652
andong-0606,6,6_village_skirt_autumn_bread,1.0
namhae-0218,0,0_spirit_flowers_maiden_wind,0.0
gangjin-0207,5,5_hwanghae_flowers_river_bloom flowers,0.66697276
seongju-0736,5,5_hwanghae_flowers_river_bloom flowers,0.5746793
geoje-0207,6,6_village_skirt_autumn_bread,0.7500203
seonsan-0415,0,0_spirit_flowers_maiden_wind,0.0
ulsan-0810,5,5_hwanghae_flowers_river_bloom flowers,0.6680151
jangseong-0232,0,0_spirit_flowers_maiden_wind,0.0
yeongam-0210,0,0_spirit_flowers_maiden_wind,0.0
euiseong-0716,6,6_village_skirt_autumn_bread,1.0
yecheon-0908,0,0_spirit_flowers_maiden_wind,0.0
andong-0201,5,5_hwanghae_flowers_river_bloom flowers,0.6540954
wonju-0701,0,0_spirit_flowers_maiden_wind,0.0
gangjin-0301,6,6_village_skirt_autumn_bread,1.0
muju-0520,5,5_hwanghae_flowers_river_bloom flowers,0.57195336
seongju-0515,7,7_tended herd_servant_plow_shepherd,0.53535527
gimhae-0215,5,5_hwanghae_flowers_river_bloom flowers,1.0
seonsan-0302,0,0_spirit_flowers_maiden_wind,0.0
goryeong-0212,5,5_hwanghae_flowers_river_bloom flowers,0.48869833
namhae-0310,5,5_hwanghae_flowers_river_bloom flowers,1.0
jangsu-0304,5,5_hwanghae_flowers_river_bloom flowers,1.0
geumsan-0908,5,5_hwanghae_flowers_river_bloom flowers,0.75930375
muan-0127,0,0_spirit_flowers_maiden_wind,0.0
jeongseon-0707,3,3_servant_servants_piet_dip,0.65268135
jangsu-0406,0,0_spirit_flowers_maiden_wind,0.0
haenam-0319,0,0_spirit_flowers_maiden_wind,0.0
jangsu-0221,0,0_spirit_flowers_maiden_wind,0.0
cheongsong-0415,0,0_spirit_flowers_maiden_wind,0.0
jeongeup-0483,0,0_spirit_flowers_maiden_wind,0.0
geochang-0702,5,5_hwanghae_flowers_river_bloom flowers,0.6653213
wanju-0413,6,6_village_skirt_autumn_bread,0.6496359
yecheon-0816,0,0_spirit_flowers_maiden_wind,0.0
gyeongju-0711,5,5_hwanghae_flowers_river_bloom flowers,1.0
wanju-0414,6,6_village_skirt_autumn_bread,0.5507682
changwon-0307,5,5_hwanghae_flowers_river_bloom flowers,1.0
yecheon-0505,6,6_village_skirt_autumn_bread,1.0
seonsan-0316,5,5_hwanghae_flowers_river_bloom flowers,0.646355
ulsan-0210,6,6_village_skirt_autumn_bread,0.54135007
yeongju-0103,0,0_spirit_flowers_maiden_wind,0.0
hampyeong-0619,0,0_spirit_flowers_maiden_wind,0.0
hapcheon-0920,5,5_hwanghae_flowers_river_bloom flowers,0.53521395
hadong-0121,5,5_hwanghae_flowers_river_bloom flowers,1.0
jangsu-0219,0,0_spirit_flowers_maiden_wind,0.0
hapcheon-0501,0,0_spirit_flowers_maiden_wind,0.0
yeongwol-0502,0,0_spirit_flowers_maiden_wind,0.0
seongju-0139,0,0_spirit_flowers_maiden_wind,0.0
yanggu-0721,0,0_spirit_flowers_maiden_wind,0.0
yeongam-0432,5,5_hwanghae_flowers_river_bloom flowers,1.0
gyeongsan-0502,5,5_hwanghae_flowers_river_bloom flowers,0.81849694
sancheong-0210,0,0_spirit_flowers_maiden_wind,0.0
sacheon-0112,6,6_village_skirt_autumn_bread,0.41905844
goryeong-0518,0,0_spirit_flowers_maiden_wind,0.0
bukjeju-2019,8,8_bride_wedding_maidens_marriage,1.0
mungyeong-0518,0,0_spirit_flowers_maiden_wind,0.0
yeongam-0422,5,5_hwanghae_flowers_river_bloom flowers,1.0
mungyeong-0110,0,0_spirit_flowers_maiden_wind,0.0
hamyang-0105,0,0_spirit_flowers_maiden_wind,0.0
euiseong-0602,5,5_hwanghae_flowers_river_bloom flowers,0.5742889
hampyeong-0409,0,0_spirit_flowers_maiden_wind,0.0
seongju-0722,6,6_village_skirt_autumn_bread,1.0
yeongcheon-0306,6,6_village_skirt_autumn_bread,1.0
seocheon-0717,0,0_spirit_flowers_maiden_wind,0.0
wando-0117,6,6_village_skirt_autumn_bread,1.0
geumreung-0711,0,0_spirit_flowers_maiden_wind,0.0
hadong-0310,6,6_village_skirt_autumn_bread,1.0
geumsan-0914,0,0_spirit_flowers_maiden_wind,0.0
cheongdo-0324,5,5_hwanghae_flowers_river_bloom flowers,1.0
milyang-2004,5,5_hwanghae_flowers_river_bloom flowers,0.7709059
gn.goseong-0104,5,5_hwanghae_flowers_river_bloom flowers,0.6754473
andong-0623,0,0_spirit_flowers_maiden_wind,0.0
jungwon-0308,5,5_hwanghae_flowers_river_bloom flowers,1.0
haman-0102,0,0_spirit_flowers_maiden_wind,0.0
yecheon-0702,6,6_village_skirt_autumn_bread,0.6205906
namjeju-0303,5,5_hwanghae_flowers_river_bloom flowers,0.68650365
yecheon-0936,6,6_village_skirt_autumn_bread,0.84044725
sacheon-0211,0,0_spirit_flowers_maiden_wind,0.0
euiseong-0230,7,7_tended herd_servant_plow_shepherd,1.0
euiseong-0116,0,0_spirit_flowers_maiden_wind,0.0
wonju-1101,7,7_tended herd_servant_plow_shepherd,0.55270845
gwangyang-0208,5,5_hwanghae_flowers_river_bloom flowers,0.75966436
hoengseong-0426,5,5_hwanghae_flowers_river_bloom flowers,1.0
yangsan-0304,0,0_spirit_flowers_maiden_wind,0.0
seongju-0134,5,5_hwanghae_flowers_river_bloom flowers,0.78944916
jangseong-0525,0,0_spirit_flowers_maiden_wind,0.0
seungju-0309,0,0_spirit_flowers_maiden_wind,0.0
yecheon-0302,5,5_hwanghae_flowers_river_bloom flowers,1.0
gn.goseong-0530,0,0_spirit_flowers_maiden_wind,0.0
hadong-0118,6,6_village_skirt_autumn_bread,1.0
hwacheon-0909,5,5_hwanghae_flowers_river_bloom flowers,0.6751571
yecheon-0935,6,6_village_skirt_autumn_bread,0.49595538
yeocheon-0232,5,5_hwanghae_flowers_river_bloom flowers,1.0
goesan-0314,0,0_spirit_flowers_maiden_wind,0.0
bukjeju-1606,0,0_spirit_flowers_maiden_wind,0.0
geoje-0506,0,0_spirit_flowers_maiden_wind,0.0
uljin-0302,0,0_spirit_flowers_maiden_wind,0.0
yeongdong-0502,6,6_village_skirt_autumn_bread,0.97209543
mungyeong-0319,0,0_spirit_flowers_maiden_wind,0.0
yeongdeok-0607,6,6_village_skirt_autumn_bread,1.0
gangjin-0208,0,0_spirit_flowers_maiden_wind,0.0
mungyeong-0520,0,0_spirit_flowers_maiden_wind,0.0
jangsu-0306,0,0_spirit_flowers_maiden_wind,0.0
buan-0512,5,5_hwanghae_flowers_river_bloom flowers,1.0
seonsan-0314,0,0_spirit_flowers_maiden_wind,0.0
jinyang-1011,0,0_spirit_flowers_maiden_wind,0.0
euiseong-0732,5,5_hwanghae_flowers_river_bloom flowers,1.0
andong-0709,6,6_village_skirt_autumn_bread,0.6996762
bukjeju-0611,0,0_spirit_flowers_maiden_wind,0.0
hampyeong-0446,0,0_spirit_flowers_maiden_wind,0.0
jangsu-0321,0,0_spirit_flowers_maiden_wind,0.0
gyeongsan-0110,5,5_hwanghae_flowers_river_bloom flowers,0.4719622
namhae-0323,6,6_village_skirt_autumn_bread,1.0
wonju-1106,6,6_village_skirt_autumn_bread,1.0
hamyang-0132,0,0_spirit_flowers_maiden_wind,0.0
seonsan-0301,0,0_spirit_flowers_maiden_wind,0.0
geumsan-0902,8,8_bride_wedding_maidens_marriage,1.0
jinyang-1009,0,0_spirit_flowers_maiden_wind,0.0
namwon-0307,6,6_village_skirt_autumn_bread,1.0
hadong-0113,0,0_spirit_flowers_maiden_wind,0.0
jeomchon-0115,0,0_spirit_flowers_maiden_wind,0.0
dalseong-0301,6,6_village_skirt_autumn_bread,0.55411524
gangjin-0311,8,8_bride_wedding_maidens_marriage,0.46952033
chilgok-0309,5,5_hwanghae_flowers_river_bloom flowers,1.0
bonghwa-0602,5,5_hwanghae_flowers_river_bloom flowers,0.55517024
andong-0228,8,8_bride_wedding_maidens_marriage,1.0
ulsan-0414,0,0_spirit_flowers_maiden_wind,0.0
euiseong-0115,0,0_spirit_flowers_maiden_wind,0.0
hamyang-0510,6,6_village_skirt_autumn_bread,1.0
milyang-1112,5,5_hwanghae_flowers_river_bloom flowers,0.41464683
geumsan-0113,5,5_hwanghae_flowers_river_bloom flowers,1.0
jinyang-0717,0,0_spirit_flowers_maiden_wind,0.0
euiryeong-0309,8,8_bride_wedding_maidens_marriage,1.0
gn.goseong-0111,7,7_tended herd_servant_plow_shepherd,1.0
yeongyang-0113,0,0_spirit_flowers_maiden_wind,0.0
yeongcheon-0307,6,6_village_skirt_autumn_bread,1.0
jangseong-0126,6,6_village_skirt_autumn_bread,1.0
chilgok-0516,5,5_hwanghae_flowers_river_bloom flowers,1.0
damyang-0112,0,0_spirit_flowers_maiden_wind,0.0
gn.goseong-0525,5,5_hwanghae_flowers_river_bloom flowers,1.0
hadong-0112,6,6_village_skirt_autumn_bread,0.7705266
seongju-0341,0,0_spirit_flowers_maiden_wind,0.0
gn.goseong-0504,0,0_spirit_flowers_maiden_wind,0.0
imsil-0210,0,0_spirit_flowers_maiden_wind,0.0
sunchang-0318,5,5_hwanghae_flowers_river_bloom flowers,0.82366645
yeongwol-0418,5,5_hwanghae_flowers_river_bloom flowers,1.0
incheon-0217,6,6_village_skirt_autumn_bread,0.8116691
hwasun-0307,5,5_hwanghae_flowers_river_bloom flowers,0.59361136
hapcheon-0528,0,0_spirit_flowers_maiden_wind,0.0
seonsan-0413,0,0_spirit_flowers_maiden_wind,0.0
milyang-1111,0,0_spirit_flowers_maiden_wind,0.0
haman-0411,0,0_spirit_flowers_maiden_wind,0.0
seonsan-0231,5,5_hwanghae_flowers_river_bloom flowers,1.0
jangsu-0218,6,6_village_skirt_autumn_bread,0.53760177
mungyeong-0321,0,0_spirit_flowers_maiden_wind,0.0
andong-0602,5,5_hwanghae_flowers_river_bloom flowers,0.5876063
seonsan-0313,0,0_spirit_flowers_maiden_wind,0.0
sangju-0528,5,5_hwanghae_flowers_river_bloom flowers,0.8531652
hampyeong-0617,5,5_hwanghae_flowers_river_bloom flowers,0.8509965
ulsan-0608,5,5_hwanghae_flowers_river_bloom flowers,0.60351473
seungju-0344,6,6_village_skirt_autumn_bread,1.0
andong-0227,8,8_bride_wedding_maidens_marriage,1.0
wando-0335,0,0_spirit_flowers_maiden_wind,0.0
jangseong-0110,6,6_village_skirt_autumn_bread,0.50083655
wando-0111,5,5_hwanghae_flowers_river_bloom flowers,0.5762568
goesan-0209,5,5_hwanghae_flowers_river_bloom flowers,0.7902596
gimpo-0508,6,6_village_skirt_autumn_bread,0.53407824
cheongyang-0204,8,8_bride_wedding_maidens_marriage,0.5597074
changnyeong-0412,5,5_hwanghae_flowers_river_bloom flowers,0.75263184
hoengseong-0218,8,8_bride_wedding_maidens_marriage,0.5669966
wonju-1210,5,5_hwanghae_flowers_river_bloom flowers,1.0
jeongeup-0503,5,5_hwanghae_flowers_river_bloom flowers,1.0
jangheung-0122,5,5_hwanghae_flowers_river_bloom flowers,0.6885237
goyang-0104,5,5_hwanghae_flowers_river_bloom flowers,0.8614249
okgu-0310,6,6_village_skirt_autumn_bread,1.0
hongcheon-1318,8,8_bride_wedding_maidens_marriage,1.0
gochang-0306,5,5_hwanghae_flowers_river_bloom flowers,1.0
goheung-0138,5,5_hwanghae_flowers_river_bloom flowers,1.0
haman-0301,5,5_hwanghae_flowers_river_bloom flowers,0.42861715
haenam-0155,6,6_village_skirt_autumn_bread,1.0
euiseong-0614,5,5_hwanghae_flowers_river_bloom flowers,0.5182406
cheongwon-0207,5,5_hwanghae_flowers_river_bloom flowers,0.8931964
jangseong-0217,0,0_spirit_flowers_maiden_wind,0.0
yeongcheon-0206,5,5_hwanghae_flowers_river_bloom flowers,0.62797767
mungyeong-0202,8,8_bride_wedding_maidens_marriage,0.46611902
sangju-0414,5,5_hwanghae_flowers_river_bloom flowers,0.93261987
goheung-0139,5,5_hwanghae_flowers_river_bloom flowers,1.0
bukjeju-1119,0,0_spirit_flowers_maiden_wind,0.0
chuncheon-0714,5,5_hwanghae_flowers_river_bloom flowers,0.83874744
myeongju-0711,5,5_hwanghae_flowers_river_bloom flowers,0.88953
wonju-0820,5,5_hwanghae_flowers_river_bloom flowers,0.7607236
cheongsong-0311,5,5_hwanghae_flowers_river_bloom flowers,0.71131444
gunwi-0220,5,5_hwanghae_flowers_river_bloom flowers,1.0
yeongyang-0201,5,5_hwanghae_flowers_river_bloom flowers,0.7681309
hwaseong-0208,0,0_spirit_flowers_maiden_wind,0.0
gochang-0806,5,5_hwanghae_flowers_river_bloom flowers,0.57485527
gumi-0119,5,5_hwanghae_flowers_river_bloom flowers,0.79758126
bukjeju-1807,5,5_hwanghae_flowers_river_bloom flowers,0.70755166
seonsan-0403,0,0_spirit_flowers_maiden_wind,0.0
goryeong-0216,0,0_spirit_flowers_maiden_wind,0.0
taean-0806,6,6_village_skirt_autumn_bread,1.0
hwaseong-0401,0,0_spirit_flowers_maiden_wind,0.0
hapcheon-0803,6,6_village_skirt_autumn_bread,1.0
yeongju-0114,5,5_hwanghae_flowers_river_bloom flowers,1.0
yeongi-0613,0,0_spirit_flowers_maiden_wind,0.0
gimje-0410,5,5_hwanghae_flowers_river_bloom flowers,1.0
jungwon-0418,5,5_hwanghae_flowers_river_bloom flowers,0.94556487
gyeongsan-0319,8,8_bride_wedding_maidens_marriage,0.50309557
hoengseong-0617,5,5_hwanghae_flowers_river_bloom flowers,0.52087396
goryeong-0106,5,5_hwanghae_flowers_river_bloom flowers,1.0
yeonggwang-0212,6,6_village_skirt_autumn_bread,0.45336723
cheongwon-0408,5,5_hwanghae_flowers_river_bloom flowers,1.0
jeongseon-1210,0,0_spirit_flowers_maiden_wind,0.0
yeongam-0116,5,5_hwanghae_flowers_river_bloom flowers,1.0
cheongdo-0504,0,0_spirit_flowers_maiden_wind,0.0
yeongi-0611,5,5_hwanghae_flowers_river_bloom flowers,0.9308242
gw.goseong-0913,6,6_village_skirt_autumn_bread,0.69556946
euiseong-0708,5,5_hwanghae_flowers_river_bloom flowers,1.0
chuncheon-0701,5,5_hwanghae_flowers_river_bloom flowers,0.689716
muju-0431,5,5_hwanghae_flowers_river_bloom flowers,0.7150781
seongju-0648,0,0_spirit_flowers_maiden_wind,0.0
yeongcheon-0335,5,5_hwanghae_flowers_river_bloom flowers,1.0
sinan-0512,0,0_spirit_flowers_maiden_wind,0.0
uljin-0106,5,5_hwanghae_flowers_river_bloom flowers,1.0
anseong-0404,8,8_bride_wedding_maidens_marriage,0.640825
dangjin-1109,6,6_village_skirt_autumn_bread,0.6880746
yangyang-1615,5,5_hwanghae_flowers_river_bloom flowers,1.0
wanju-0407,6,6_village_skirt_autumn_bread,1.0
goryeong-0105,5,5_hwanghae_flowers_river_bloom flowers,1.0
gimpo-0105,5,5_hwanghae_flowers_river_bloom flowers,0.64908123
muju-0606,5,5_hwanghae_flowers_river_bloom flowers,1.0
gapyeong-0109,0,0_spirit_flowers_maiden_wind,0.0
hwacheon-0923,8,8_bride_wedding_maidens_marriage,0.5620223
geumreung-0709,5,5_hwanghae_flowers_river_bloom flowers,1.0
cheolwon-0906,5,5_hwanghae_flowers_river_bloom flowers,0.62766767
boeun-0305,6,6_village_skirt_autumn_bread,1.0
hongcheon-1311,5,5_hwanghae_flowers_river_bloom flowers,1.0
euiseong-0211,0,0_spirit_flowers_maiden_wind,0.0
yangyang-0709,5,5_hwanghae_flowers_river_bloom flowers,1.0
jeongseon-0211,5,5_hwanghae_flowers_river_bloom flowers,0.8195822
sangju-0809,5,5_hwanghae_flowers_river_bloom flowers,0.5007342
haenam-0210,5,5_hwanghae_flowers_river_bloom flowers,1.0
hwasun-0210,5,5_hwanghae_flowers_river_bloom flowers,1.0
boryeong-0302,5,5_hwanghae_flowers_river_bloom flowers,0.66173834
dalseong-0412,0,0_spirit_flowers_maiden_wind,0.0
gimpo-0507,8,8_bride_wedding_maidens_marriage,1.0
cheolwon-0706,5,5_hwanghae_flowers_river_bloom flowers,0.717422
seonsan-0218,5,5_hwanghae_flowers_river_bloom flowers,1.0
cheongsong-0312,5,5_hwanghae_flowers_river_bloom flowers,1.0
jeongseon-0604,5,5_hwanghae_flowers_river_bloom flowers,0.9574101
gimpo-0406,0,0_spirit_flowers_maiden_wind,0.0
danyang-0311,5,5_hwanghae_flowers_river_bloom flowers,0.47380367
euiryeong-0104,8,8_bride_wedding_maidens_marriage,1.0
buyeo-0605,0,0_spirit_flowers_maiden_wind,0.0
dalseong-0521,6,6_village_skirt_autumn_bread,1.0
seonsan-0220,5,5_hwanghae_flowers_river_bloom flowers,1.0
yangyang-0416,5,5_hwanghae_flowers_river_bloom flowers,0.8060556
hwaseong-0206,0,0_spirit_flowers_maiden_wind,0.0
yeongcheon-0411,5,5_hwanghae_flowers_river_bloom flowers,0.64844507
cheolwon-1015,5,5_hwanghae_flowers_river_bloom flowers,0.77412665
icheon-0615,5,5_hwanghae_flowers_river_bloom flowers,1.0
icheon-0606,5,5_hwanghae_flowers_river_bloom flowers,1.0
gunwi-0110,5,5_hwanghae_flowers_river_bloom flowers,0.5101019
gw.goseong-0914,5,5_hwanghae_flowers_river_bloom flowers,0.68511534
hwaseong-0506,5,5_hwanghae_flowers_river_bloom flowers,0.87108177
damyang-0208,3,3_servant_servants_piet_dip,1.0
gimpo-0506,8,8_bride_wedding_maidens_marriage,1.0
jincheon-0404,5,5_hwanghae_flowers_river_bloom flowers,0.9337037
wonju-1209,5,5_hwanghae_flowers_river_bloom flowers,1.0
yeongi-0206,6,6_village_skirt_autumn_bread,0.5846765
gimhae-0508,0,0_spirit_flowers_maiden_wind,0.0
cheongsong-0306,6,6_village_skirt_autumn_bread,0.7811127
cheolwon-1009,6,6_village_skirt_autumn_bread,1.0
gapyeong-0407,7,7_tended herd_servant_plow_shepherd,1.0
mungyeong-0412,5,5_hwanghae_flowers_river_bloom flowers,1.0
seonsan-0221,0,0_spirit_flowers_maiden_wind,0.0
goesan-0308,5,5_hwanghae_flowers_river_bloom flowers,0.7897437
jincheon-0406,5,5_hwanghae_flowers_river_bloom flowers,0.88910997
hwaseong-0402,0,0_spirit_flowers_maiden_wind,0.0
euiseong-0201,5,5_hwanghae_flowers_river_bloom flowers,0.9172048
bukjeju-1413,0,0_spirit_flowers_maiden_wind,0.0
yecheon-0519,6,6_village_skirt_autumn_bread,1.0
cheolwon-1310,5,5_hwanghae_flowers_river_bloom flowers,0.97296214
nonsan-0409,0,0_spirit_flowers_maiden_wind,0.0
muju-0510,5,5_hwanghae_flowers_river_bloom flowers,1.0
hongcheon-0904,6,6_village_skirt_autumn_bread,1.0
seonsan-0608,6,6_village_skirt_autumn_bread,0.37454316
gw.goseong-1304,5,5_hwanghae_flowers_river_bloom flowers,1.0
chilgok-0113,5,5_hwanghae_flowers_river_bloom flowers,1.0
jungwon-0111,5,5_hwanghae_flowers_river_bloom flowers,1.0
dalseong-0517,5,5_hwanghae_flowers_river_bloom flowers,0.53703594
sangju-0212,0,0_spirit_flowers_maiden_wind,0.0
namjeju-0818,7,7_tended herd_servant_plow_shepherd,0.6763206
cheonan-0805,5,5_hwanghae_flowers_river_bloom flowers,1.0
cheongsong-0206,5,5_hwanghae_flowers_river_bloom flowers,1.0
gwangjusi-0106,5,5_hwanghae_flowers_river_bloom flowers,0.7466215
dalseong-0515,6,6_village_skirt_autumn_bread,1.0
hongseong-0114,5,5_hwanghae_flowers_river_bloom flowers,1.0
seonsan-0219,5,5_hwanghae_flowers_river_bloom flowers,1.0
yecheon-0836,0,0_spirit_flowers_maiden_wind,0.0
imsil-0814,0,0_spirit_flowers_maiden_wind,0.0
seosan-1009,8,8_bride_wedding_maidens_marriage,0.5338331
yesan-0405,5,5_hwanghae_flowers_river_bloom flowers,1.0
okcheon-0306,5,5_hwanghae_flowers_river_bloom flowers,1.0
chuncheon-1206,0,0_spirit_flowers_maiden_wind,0.0
nonsan-0406,5,5_hwanghae_flowers_river_bloom flowers,0.5054905
cheongsong-0511,6,6_village_skirt_autumn_bread,0.66847426
jindo-0318,0,0_spirit_flowers_maiden_wind,0.0
okgu-0214,8,8_bride_wedding_maidens_marriage,1.0
hongseong-0134,5,5_hwanghae_flowers_river_bloom flowers,0.8156731
myeongju-0413,0,0_spirit_flowers_maiden_wind,0.0
yesan-0506,0,0_spirit_flowers_maiden_wind,0.0
seonsan-0517,5,5_hwanghae_flowers_river_bloom flowers,1.0
geumreung-0602,5,5_hwanghae_flowers_river_bloom flowers,1.0
cheolwon-0104,5,5_hwanghae_flowers_river_bloom flowers,0.74088204
muju-0430,5,5_hwanghae_flowers_river_bloom flowers,1.0
geumsan-0407,5,5_hwanghae_flowers_river_bloom flowers,1.0
euiseong-0615,5,5_hwanghae_flowers_river_bloom flowers,0.56497175
haenam-0337,5,5_hwanghae_flowers_river_bloom flowers,1.0
gapyeong-0408,5,5_hwanghae_flowers_river_bloom flowers,0.7578534
euiseong-0618,0,0_spirit_flowers_maiden_wind,0.0
yecheon-0203,6,6_village_skirt_autumn_bread,0.5151599
sunchang-0210,5,5_hwanghae_flowers_river_bloom flowers,1.0
yeongil-0235,6,6_village_skirt_autumn_bread,0.6751018
hoengseong-0318,5,5_hwanghae_flowers_river_bloom flowers,0.67275417
seongju-0616,0,0_spirit_flowers_maiden_wind,0.0
gochang-0406,6,6_village_skirt_autumn_bread,0.50612384
sinan-1017,0,0_spirit_flowers_maiden_wind,0.0
jinyang-1005,6,6_village_skirt_autumn_bread,1.0
ganghwa-0209,7,7_tended herd_servant_plow_shepherd,1.0
daegu-0712,0,0_spirit_flowers_maiden_wind,0.0
jindo-0201,0,0_spirit_flowers_maiden_wind,0.0
euiseong-0619,0,0_spirit_flowers_maiden_wind,0.0
jecheon-0406,5,5_hwanghae_flowers_river_bloom flowers,0.8613121
icheon-0409,5,5_hwanghae_flowers_river_bloom flowers,1.0
ganghwa-0314,5,5_hwanghae_flowers_river_bloom flowers,1.0
cheonan-0406,5,5_hwanghae_flowers_river_bloom flowers,0.56132805
gimje-0712,5,5_hwanghae_flowers_river_bloom flowers,1.0
seongju-0216,5,5_hwanghae_flowers_river_bloom flowers,0.75810885
seonsan-0105,5,5_hwanghae_flowers_river_bloom flowers,1.0
yeongwol-0126,5,5_hwanghae_flowers_river_bloom flowers,0.8539013
yecheon-0365,7,7_tended herd_servant_plow_shepherd,0.40016374
milyang-0312,0,0_spirit_flowers_maiden_wind,0.0
cheongyang-0105,5,5_hwanghae_flowers_river_bloom flowers,0.8409923
yecheon-0608,0,0_spirit_flowers_maiden_wind,0.0
hoengseong-0325,5,5_hwanghae_flowers_river_bloom flowers,0.6735375
wanju-0103,0,0_spirit_flowers_maiden_wind,0.0
yeongcheon-0334,0,0_spirit_flowers_maiden_wind,0.0
uljin-0821,0,0_spirit_flowers_maiden_wind,0.0
euiseong-0209,5,5_hwanghae_flowers_river_bloom flowers,1.0
bonghwa-0806,0,0_spirit_flowers_maiden_wind,0.0
gyeongsan-0601,3,3_servant_servants_piet_dip,0.5920453
andong-0702,5,5_hwanghae_flowers_river_bloom flowers,1.0
gw.goseong-0104,5,5_hwanghae_flowers_river_bloom flowers,1.0
andong-0304,5,5_hwanghae_flowers_river_bloom flowers,0.9229532
yeongil-0507,5,5_hwanghae_flowers_river_bloom flowers,0.49168408
gochang-0208,5,5_hwanghae_flowers_river_bloom flowers,0.5090812
sangju-0415,5,5_hwanghae_flowers_river_bloom flowers,0.71463925
cheonan-0806,6,6_village_skirt_autumn_bread,0.5893251
jecheon-0304,5,5_hwanghae_flowers_river_bloom flowers,0.82967937
haenam-0150,5,5_hwanghae_flowers_river_bloom flowers,0.7330092
cheongdo-0612,0,0_spirit_flowers_maiden_wind,0.0
muju-0734,5,5_hwanghae_flowers_river_bloom flowers,1.0
bukjeju-2109,8,8_bride_wedding_maidens_marriage,1.0
yecheon-0835,5,5_hwanghae_flowers_river_bloom flowers,0.62770045
jeongeup-0610,0,0_spirit_flowers_maiden_wind,0.0
yeongil-0403,5,5_hwanghae_flowers_river_bloom flowers,0.94963026
dalseong-0514,6,6_village_skirt_autumn_bread,1.0
bonghwa-0615,5,5_hwanghae_flowers_river_bloom flowers,1.0
milyang-1602,0,0_spirit_flowers_maiden_wind,0.0
cheolwon-0324,5,5_hwanghae_flowers_river_bloom flowers,1.0
icheon-0211,8,8_bride_wedding_maidens_marriage,1.0
taean-0812,5,5_hwanghae_flowers_river_bloom flowers,0.86477387
goheung-0429,5,5_hwanghae_flowers_river_bloom flowers,0.76687187
jincheon-0205,5,5_hwanghae_flowers_river_bloom flowers,1.0
changnyeong-0408,6,6_village_skirt_autumn_bread,0.60839224
geumsan-0505,0,0_spirit_flowers_maiden_wind,0.0
euiseong-0511,6,6_village_skirt_autumn_bread,1.0
eumseong-0507,5,5_hwanghae_flowers_river_bloom flowers,1.0
hwaseong-0309,0,0_spirit_flowers_maiden_wind,0.0
dalseong-0520,0,0_spirit_flowers_maiden_wind,0.0
milyang-1508,0,0_spirit_flowers_maiden_wind,0.0
jeongseon-0606,8,8_bride_wedding_maidens_marriage,0.5661587
yesan-0305,5,5_hwanghae_flowers_river_bloom flowers,1.0
sokcho-0114,5,5_hwanghae_flowers_river_bloom flowers,0.9305598
yeongil-0234,3,3_servant_servants_piet_dip,1.0
dalseong-0512,5,5_hwanghae_flowers_river_bloom flowers,0.7499229
euiseong-0704,5,5_hwanghae_flowers_river_bloom flowers,1.0
cheonan-0704,8,8_bride_wedding_maidens_marriage,0.35061848
jincheon-0207,6,6_village_skirt_autumn_bread,0.6089714
bukjeju-0916,0,0_spirit_flowers_maiden_wind,0.0
hadong-0207,6,6_village_skirt_autumn_bread,1.0
nonsan-0408,8,8_bride_wedding_maidens_marriage,0.43711358
okgu-0112,5,5_hwanghae_flowers_river_bloom flowers,0.88478005
yeongil-0233,0,0_spirit_flowers_maiden_wind,0.0
cheongsong-0622,5,5_hwanghae_flowers_river_bloom flowers,0.9753204
andong-0404,5,5_hwanghae_flowers_river_bloom flowers,1.0
wonju-0318,0,0_spirit_flowers_maiden_wind,0.0
seongju-0111,5,5_hwanghae_flowers_river_bloom flowers,0.92356634
euiseong-0112,5,5_hwanghae_flowers_river_bloom flowers,0.8919698
sunchang-0411,5,5_hwanghae_flowers_river_bloom flowers,1.0
jeongseon-0605,5,5_hwanghae_flowers_river_bloom flowers,0.91919464
gimhae-0602,6,6_village_skirt_autumn_bread,1.0
hongseong-0405,0,0_spirit_flowers_maiden_wind,0.0
mungyeong-0203,6,6_village_skirt_autumn_bread,1.0
geumreung-0204,5,5_hwanghae_flowers_river_bloom flowers,0.8919168
hoengseong-0433,5,5_hwanghae_flowers_river_bloom flowers,1.0
bukjeju-0807,0,0_spirit_flowers_maiden_wind,0.0
yeongcheon-0207,5,5_hwanghae_flowers_river_bloom flowers,0.76134384
daegu-0423,6,6_village_skirt_autumn_bread,0.5752501
hampyeong-0319,5,5_hwanghae_flowers_river_bloom flowers,0.62647593
anseong-0506,5,5_hwanghae_flowers_river_bloom flowers,0.9180431
chuncheon-0716,5,5_hwanghae_flowers_river_bloom flowers,1.0
jindo-0112,5,5_hwanghae_flowers_river_bloom flowers,0.8952104
dalseong-0413,5,5_hwanghae_flowers_river_bloom flowers,0.599284
geumreung-0426,0,0_spirit_flowers_maiden_wind,0.0
inje-0711,8,8_bride_wedding_maidens_marriage,0.49640042
hongcheon-1317,0,0_spirit_flowers_maiden_wind,0.0
jungwon-0408,5,5_hwanghae_flowers_river_bloom flowers,1.0
okcheon-0105,5,5_hwanghae_flowers_river_bloom flowers,1.0
jangseong-0407,5,5_hwanghae_flowers_river_bloom flowers,1.0
gangjin-0808,0,0_spirit_flowers_maiden_wind,0.0
yeonggwang-0125,0,0_spirit_flowers_maiden_wind,0.0
seonsan-0712,5,5_hwanghae_flowers_river_bloom flowers,0.91564316
yesan-0306,5,5_hwanghae_flowers_river_bloom flowers,1.0
chilgok-0326,0,0_spirit_flowers_maiden_wind,0.0
yecheon-0607,5,5_hwanghae_flowers_river_bloom flowers,1.0
eumseong-0404,5,5_hwanghae_flowers_river_bloom flowers,1.0
cheongwon-0804,0,0_spirit_flowers_maiden_wind,0.0
okgu-0113,5,5_hwanghae_flowers_river_bloom flowers,1.0
muju-0804,5,5_hwanghae_flowers_river_bloom flowers,1.0
yeonggwang-0126,5,5_hwanghae_flowers_river_bloom flowers,0.41469577
euiseong-0208,0,0_spirit_flowers_maiden_wind,0.0
uljin-0122,5,5_hwanghae_flowers_river_bloom flowers,1.0
jincheon-0302,5,5_hwanghae_flowers_river_bloom flowers,0.87653255
okgu-0311,0,0_spirit_flowers_maiden_wind,0.0
jangheung-0317,5,5_hwanghae_flowers_river_bloom flowers,1.0
yeongcheon-0504,5,5_hwanghae_flowers_river_bloom flowers,0.79218
seonsan-0607,6,6_village_skirt_autumn_bread,0.38595912
sancheong-0312,5,5_hwanghae_flowers_river_bloom flowers,1.0
buan-0609,5,5_hwanghae_flowers_river_bloom flowers,0.7041259
uljin-0303,0,0_spirit_flowers_maiden_wind,0.0
yeongil-0303,6,6_village_skirt_autumn_bread,1.0
chuncheon-0913,5,5_hwanghae_flowers_river_bloom flowers,0.59175533
icheon-0205,7,7_tended herd_servant_plow_shepherd,1.0
geochang-0409,5,5_hwanghae_flowers_river_bloom flowers,1.0
uljin-0206,5,5_hwanghae_flowers_river_bloom flowers,1.0
yesan-0307,5,5_hwanghae_flowers_river_bloom flowers,1.0
myeongju-0415,8,8_bride_wedding_maidens_marriage,0.59241325
boryeong-0407,5,5_hwanghae_flowers_river_bloom flowers,1.0
chilgok-0114,5,5_hwanghae_flowers_river_bloom flowers,0.5791552
wanju-0211,5,5_hwanghae_flowers_river_bloom flowers,0.763965
ulsan-0611,0,0_spirit_flowers_maiden_wind,0.0
icheon-0505,5,5_hwanghae_flowers_river_bloom flowers,1.0
euiryeong-0208,6,6_village_skirt_autumn_bread,1.0
daegu-0448,6,6_village_skirt_autumn_bread,0.5574404
onyang-0103,0,0_spirit_flowers_maiden_wind,0.0
jungwon-0407,5,5_hwanghae_flowers_river_bloom flowers,0.97092694
ganghwa-0409,7,7_tended herd_servant_plow_shepherd,1.0
seongju-0124,6,6_village_skirt_autumn_bread,1.0
boryeong-0408,5,5_hwanghae_flowers_river_bloom flowers,1.0
yeongdeok-0115,5,5_hwanghae_flowers_river_bloom flowers,1.0
jinyang-0704,8,8_bride_wedding_maidens_marriage,1.0
dalseong-0116,5,5_hwanghae_flowers_river_bloom flowers,1.0
anseong-0210,5,5_hwanghae_flowers_river_bloom flowers,0.8921301
hwaseong-0119,8,8_bride_wedding_maidens_marriage,0.6137426
chuncheon-0702,5,5_hwanghae_flowers_river_bloom flowers,0.38826177
boryeong-0707,5,5_hwanghae_flowers_river_bloom flowers,0.7581945
milyang-0311,0,0_spirit_flowers_maiden_wind,0.0
gw.goseong-1115,5,5_hwanghae_flowers_river_bloom flowers,1.0
andong-0406,5,5_hwanghae_flowers_river_bloom flowers,0.9533333
jangheung-0214,5,5_hwanghae_flowers_river_bloom flowers,0.5345193
cheolwon-1114,5,5_hwanghae_flowers_river_bloom flowers,0.782811
cheongwon-0713,5,5_hwanghae_flowers_river_bloom flowers,0.70005727
gimpo-0201,5,5_hwanghae_flowers_river_bloom flowers,1.0
wanju-0102,0,0_spirit_flowers_maiden_wind,0.0
sangju-0810,0,0_spirit_flowers_maiden_wind,0.0
changnyeong-0322,6,6_village_skirt_autumn_bread,0.84414166
yecheon-0219,5,5_hwanghae_flowers_river_bloom flowers,1.0
gumi-0112,0,0_spirit_flowers_maiden_wind,0.0
seosan-0704,0,0_spirit_flowers_maiden_wind,0.0
wanju-0305,7,7_tended herd_servant_plow_shepherd,1.0
gimpo-0303,5,5_hwanghae_flowers_river_bloom flowers,0.6590125
cheongdo-0304,0,0_spirit_flowers_maiden_wind,0.0
yecheon-0833,5,5_hwanghae_flowers_river_bloom flowers,0.6343946
wanju-0210,5,5_hwanghae_flowers_river_bloom flowers,0.34081116
namjeju-0708,5,5_hwanghae_flowers_river_bloom flowers,0.9095052
chilgok-0212,0,0_spirit_flowers_maiden_wind,0.0
bonghwa-0306,5,5_hwanghae_flowers_river_bloom flowers,1.0
cheongsong-0207,5,5_hwanghae_flowers_river_bloom flowers,0.6699413
jinyang-0916,0,0_spirit_flowers_maiden_wind,0.0
cheongdo-0614,5,5_hwanghae_flowers_river_bloom flowers,0.59678584
jangheung-0204,3,3_servant_servants_piet_dip,1.0
changnyeong-0323,3,3_servant_servants_piet_dip,0.48495805
anseong-0309,8,8_bride_wedding_maidens_marriage,0.4600932
namjeju-1021,5,5_hwanghae_flowers_river_bloom flowers,0.7997879
buyeo-0505,8,8_bride_wedding_maidens_marriage,0.54364246
naju-0412,3,3_servant_servants_piet_dip,1.0
anseong-0406,5,5_hwanghae_flowers_river_bloom flowers,0.9403851
mungyeong-0213,5,5_hwanghae_flowers_river_bloom flowers,1.0
bonghwa-0515,6,6_village_skirt_autumn_bread,0.6551234
mungyeong-0105,5,5_hwanghae_flowers_river_bloom flowers,1.0
hampyeong-0121,0,0_spirit_flowers_maiden_wind,0.0
geumreung-0603,7,7_tended herd_servant_plow_shepherd,1.0
gimje-0109,6,6_village_skirt_autumn_bread,0.6789718
daegu-0446,5,5_hwanghae_flowers_river_bloom flowers,0.6185784
goryeong-0422,5,5_hwanghae_flowers_river_bloom flowers,0.73550284
jangseong-0509,5,5_hwanghae_flowers_river_bloom flowers,0.59303784
sangju-0318,0,0_spirit_flowers_maiden_wind,0.0
buan-0404,0,0_spirit_flowers_maiden_wind,0.0
jangheung-0311,5,5_hwanghae_flowers_river_bloom flowers,0.86031455
gw.goseong-1111,0,0_spirit_flowers_maiden_wind,0.0
yeongdeok-0412,0,0_spirit_flowers_maiden_wind,0.0
gochang-0408,0,0_spirit_flowers_maiden_wind,0.0
seosan-1103,0,0_spirit_flowers_maiden_wind,0.0
incheon-0101,6,6_village_skirt_autumn_bread,1.0
yeongdeok-0107,0,0_spirit_flowers_maiden_wind,0.0
taean-0302,0,0_spirit_flowers_maiden_wind,0.0
incheon-0209,7,7_tended herd_servant_plow_shepherd,1.0
ganghwa-0502,0,0_spirit_flowers_maiden_wind,0.0
boryeong-0304,0,0_spirit_flowers_maiden_wind,0.0
myeongju-0203,6,6_village_skirt_autumn_bread,1.0
andong-0310,0,0_spirit_flowers_maiden_wind,0.0
seosan-1102,5,5_hwanghae_flowers_river_bloom flowers,0.5438641
sinan-0820,0,0_spirit_flowers_maiden_wind,0.0
buan-0611,0,0_spirit_flowers_maiden_wind,0.0
dangjin-1005,0,0_spirit_flowers_maiden_wind,0.0
gw.goseong-1203,6,6_village_skirt_autumn_bread,0.66825044
yeongil-0226,5,5_hwanghae_flowers_river_bloom flowers,1.0
boryeong-0805,0,0_spirit_flowers_maiden_wind,0.0
gyeongju-0201,0,0_spirit_flowers_maiden_wind,0.0
boryeong-0806,5,5_hwanghae_flowers_river_bloom flowers,1.0
sinan-0819,7,7_tended herd_servant_plow_shepherd,0.5560336
seongju-0114,6,6_village_skirt_autumn_bread,1.0
yeongil-0228,5,5_hwanghae_flowers_river_bloom flowers,1.0
yeongdeok-0104,5,5_hwanghae_flowers_river_bloom flowers,1.0
incheon-0210,6,6_village_skirt_autumn_bread,1.0
incheon-0237,0,0_spirit_flowers_maiden_wind,0.0
tongyeong-0306,0,0_spirit_flowers_maiden_wind,0.0
namjeju-0503,5,5_hwanghae_flowers_river_bloom flowers,0.48168308
ganghwa-0501,8,8_bride_wedding_maidens_marriage,0.9188097
boryeong-0605,5,5_hwanghae_flowers_river_bloom flowers,1.0
yeongil-0229,5,5_hwanghae_flowers_river_bloom flowers,1.0
haenam-0435,5,5_hwanghae_flowers_river_bloom flowers,1.0
gunwi-0102,5,5_hwanghae_flowers_river_bloom flowers,0.5138483
geumreung-0704,0,0_spirit_flowers_maiden_wind,0.0
taean-0104,0,0_spirit_flowers_maiden_wind,0.0
seosan-0303,0,0_spirit_flowers_maiden_wind,0.0
boryeong-0210,0,0_spirit_flowers_maiden_wind,0.0
taean-0110,0,0_spirit_flowers_maiden_wind,0.0
yeongdeok-0411,0,0_spirit_flowers_maiden_wind,0.0
yeongil-0102,0,0_spirit_flowers_maiden_wind,0.0
sinan-0817,0,0_spirit_flowers_maiden_wind,0.0
dangjin-0408,0,0_spirit_flowers_maiden_wind,0.0
gw.goseong-1204,6,6_village_skirt_autumn_bread,1.0
taean-0304,0,0_spirit_flowers_maiden_wind,0.0
bukjeju-1209,5,5_hwanghae_flowers_river_bloom flowers,1.0
incheon-0213,6,6_village_skirt_autumn_bread,1.0
boryeong-0508,6,6_village_skirt_autumn_bread,1.0
sinan-0815,0,0_spirit_flowers_maiden_wind,0.0
yeongyang-0503,5,5_hwanghae_flowers_river_bloom flowers,1.0
taean-0502,6,6_village_skirt_autumn_bread,1.0
taean-0101,5,5_hwanghae_flowers_river_bloom flowers,1.0
sinan-0931,5,5_hwanghae_flowers_river_bloom flowers,0.66376877
boryeong-0405,5,5_hwanghae_flowers_river_bloom flowers,0.5922001
gwangjusi-0116,0,0_spirit_flowers_maiden_wind,0.0
boryeong-0703,5,5_hwanghae_flowers_river_bloom flowers,1.0
yeongil-0325,7,7_tended herd_servant_plow_shepherd,1.0
tongyeong-0101,5,5_hwanghae_flowers_river_bloom flowers,0.8291995
seongju-0119,0,0_spirit_flowers_maiden_wind,0.0
taean-0308,0,0_spirit_flowers_maiden_wind,0.0
sinan-0719,5,5_hwanghae_flowers_river_bloom flowers,1.0
namjeju-0713,5,5_hwanghae_flowers_river_bloom flowers,0.71759444
bukjeju-1102,5,5_hwanghae_flowers_river_bloom flowers,0.51261765
bukjeju-1303,0,0_spirit_flowers_maiden_wind,0.0
yeongil-0232,0,0_spirit_flowers_maiden_wind,0.0
naju-0420,8,8_bride_wedding_maidens_marriage,0.5814505
yeongdeok-0103,5,5_hwanghae_flowers_river_bloom flowers,0.68691576
bukjeju-0109,0,0_spirit_flowers_maiden_wind,0.0
dangjin-0407,6,6_village_skirt_autumn_bread,1.0
boryeong-0602,0,0_spirit_flowers_maiden_wind,0.0
bukjeju-1101,5,5_hwanghae_flowers_river_bloom flowers,0.82278657
sinan-0831,0,0_spirit_flowers_maiden_wind,0.0
sinan-0822,0,0_spirit_flowers_maiden_wind,0.0
boryeong-0402,0,0_spirit_flowers_maiden_wind,0.0
yeongil-0230,0,0_spirit_flowers_maiden_wind,0.0
ganghwa-0707,6,6_village_skirt_autumn_bread,1.0
andong-0309,5,5_hwanghae_flowers_river_bloom flowers,1.0
buyeo-0601,5,5_hwanghae_flowers_river_bloom flowers,1.0
bukjeju-1213,5,5_hwanghae_flowers_river_bloom flowers,1.0
taean-0108,6,6_village_skirt_autumn_bread,1.0
dangjin-0409,0,0_spirit_flowers_maiden_wind,0.0
yeongdeok-0106,5,5_hwanghae_flowers_river_bloom flowers,1.0
bukjeju-1304,5,5_hwanghae_flowers_river_bloom flowers,0.7544573
cheongsong-0217,0,0_spirit_flowers_maiden_wind,0.0
bukjeju-1604,0,0_spirit_flowers_maiden_wind,0.0
gw.goseong-1205,0,0_spirit_flowers_maiden_wind,0.0
sangju-0309,0,0_spirit_flowers_maiden_wind,0.0
yeocheon-0303,0,0_spirit_flowers_maiden_wind,0.0
jejusi-0102,5,5_hwanghae_flowers_river_bloom flowers,0.9500645
namjeju-0918,0,0_spirit_flowers_maiden_wind,0.0
sinan-0829,0,0_spirit_flowers_maiden_wind,0.0
cheongwon-0706,0,0_spirit_flowers_maiden_wind,0.0
boryeong-0203,0,0_spirit_flowers_maiden_wind,0.0
boryeong-0228,0,0_spirit_flowers_maiden_wind,0.0
sinan-0826,0,0_spirit_flowers_maiden_wind,0.0
myeongju-0202,6,6_village_skirt_autumn_bread,1.0
buan-0405,0,0_spirit_flowers_maiden_wind,0.0
seosan-0504,5,5_hwanghae_flowers_river_bloom flowers,0.6431992
incheon-0202,0,0_spirit_flowers_maiden_wind,0.0
haenam-0434,5,5_hwanghae_flowers_river_bloom flowers,0.6127645
sinan-0705,6,6_village_skirt_autumn_bread,1.0
sokcho-0201,5,5_hwanghae_flowers_river_bloom flowers,0.9273081
gw.goseong-1202,5,5_hwanghae_flowers_river_bloom flowers,1.0
seosan-0304,5,5_hwanghae_flowers_river_bloom flowers,0.66797435
bukjeju-0608,5,5_hwanghae_flowers_river_bloom flowers,0.5411171
yeonggwang-0308,7,7_tended herd_servant_plow_shepherd,0.51272327
dangjin-0410,0,0_spirit_flowers_maiden_wind,0.0
ganghwa-0708,0,0_spirit_flowers_maiden_wind,0.0
yeongam-0220,0,0_spirit_flowers_maiden_wind,0.0
sangju-0218,6,6_village_skirt_autumn_bread,1.0
yeongdeok-0101,6,6_village_skirt_autumn_bread,0.50725687
gochang-0611,5,5_hwanghae_flowers_river_bloom flowers,0.6656102
yanggu-0714,0,0_spirit_flowers_maiden_wind,0.0
bukjeju-1803,5,5_hwanghae_flowers_river_bloom flowers,0.65282863
gochang-0304,0,0_spirit_flowers_maiden_wind,0.0
bukjeju-1801,5,5_hwanghae_flowers_river_bloom flowers,1.0
ganghwa-0706,0,0_spirit_flowers_maiden_wind,0.0
yeongi-0107,0,0_spirit_flowers_maiden_wind,0.0
yeongdeok-0145,0,0_spirit_flowers_maiden_wind,0.0
gochang-0106,0,0_spirit_flowers_maiden_wind,0.0
buan-0406,0,0_spirit_flowers_maiden_wind,0.0
namjeju-1112,5,5_hwanghae_flowers_river_bloom flowers,1.0
dangjin-0406,0,0_spirit_flowers_maiden_wind,0.0
yeocheon-0304,0,0_spirit_flowers_maiden_wind,0.0
sinan-0814,0,0_spirit_flowers_maiden_wind,0.0
bukjeju-1802,0,0_spirit_flowers_maiden_wind,0.0
boryeong-0404,5,5_hwanghae_flowers_river_bloom flowers,1.0
boryeong-0801,6,6_village_skirt_autumn_bread,0.7891862
yangyang-1102,5,5_hwanghae_flowers_river_bloom flowers,1.0
seosan-1101,6,6_village_skirt_autumn_bread,0.6471316
geumreung-0706,6,6_village_skirt_autumn_bread,1.0
incheon-0235,0,0_spirit_flowers_maiden_wind,0.0
bukjeju-1501,6,6_village_skirt_autumn_bread,0.94258684
jejusi-0107,5,5_hwanghae_flowers_river_bloom flowers,1.0
sinan-0834,0,0_spirit_flowers_maiden_wind,0.0
tongyeong-0202,0,0_spirit_flowers_maiden_wind,0.0
taean-0106,6,6_village_skirt_autumn_bread,1.0
boryeong-0226,8,8_bride_wedding_maidens_marriage,1.0
goheung-0218,0,0_spirit_flowers_maiden_wind,0.0
sangju-0308,0,0_spirit_flowers_maiden_wind,0.0
taean-0509,0,0_spirit_flowers_maiden_wind,0.0
jangheung-0310,5,5_hwanghae_flowers_river_bloom flowers,1.0
taean-0102,0,0_spirit_flowers_maiden_wind,0.0
samcheonpo-0203,0,0_spirit_flowers_maiden_wind,0.0
naju-0509,0,0_spirit_flowers_maiden_wind,0.0
geumreung-0705,0,0_spirit_flowers_maiden_wind,0.0
gw.goseong-0806,0,0_spirit_flowers_maiden_wind,0.0
sinan-0821,7,7_tended herd_servant_plow_shepherd,1.0
wando-0505,5,5_hwanghae_flowers_river_bloom flowers,1.0
yeongil-0231,0,0_spirit_flowers_maiden_wind,0.0
yeonggwang-0302,0,0_spirit_flowers_maiden_wind,0.0
boryeong-0209,0,0_spirit_flowers_maiden_wind,0.0
namjeju-0208,0,0_spirit_flowers_maiden_wind,0.0
bukjeju-1502,6,6_village_skirt_autumn_bread,0.67148226
sinan-0823,5,5_hwanghae_flowers_river_bloom flowers,1.0
boryeong-0212,5,5_hwanghae_flowers_river_bloom flowers,1.0
namhae-0105,6,6_village_skirt_autumn_bread,0.7012214
taean-0112,6,6_village_skirt_autumn_bread,1.0
sangju-0547,0,0_spirit_flowers_maiden_wind,0.0
boryeong-0603,0,0_spirit_flowers_maiden_wind,0.0
samcheok-0904,5,5_hwanghae_flowers_river_bloom flowers,1.0
yeongil-0227,0,0_spirit_flowers_maiden_wind,0.0
cheongsong-0218,0,0_spirit_flowers_maiden_wind,0.0
taean-0105,5,5_hwanghae_flowers_river_bloom flowers,1.0
taean-0305,0,0_spirit_flowers_maiden_wind,0.0
geumreung-0148,0,0_spirit_flowers_maiden_wind,0.0
myeongju-0204,6,6_village_skirt_autumn_bread,1.0
tongyeong-0302,6,6_village_skirt_autumn_bread,1.0
namjeju-1110,0,0_spirit_flowers_maiden_wind,0.0
sinan-0809,0,0_spirit_flowers_maiden_wind,0.0
buan-0113,6,6_village_skirt_autumn_bread,1.0
namjeju-1101,0,0_spirit_flowers_maiden_wind,0.0
seosan-0301,5,5_hwanghae_flowers_river_bloom flowers,0.7546933
buan-0403,0,0_spirit_flowers_maiden_wind,0.0
bukjeju-0609,6,6_village_skirt_autumn_bread,0.74351186
boryeong-0307,6,6_village_skirt_autumn_bread,0.7544698
taean-0410,0,0_spirit_flowers_maiden_wind,0.0
cheonan-0902,0,0_spirit_flowers_maiden_wind,0.0
naju-0310,0,0_spirit_flowers_maiden_wind,0.0
incheon-0211,7,7_tended herd_servant_plow_shepherd,1.0
yeongam-0302,6,6_village_skirt_autumn_bread,1.0
bukjeju-0917,0,0_spirit_flowers_maiden_wind,0.0
seosan-0509,0,0_spirit_flowers_maiden_wind,0.0
seongju-0113,5,5_hwanghae_flowers_river_bloom flowers,0.58216923
bukjeju-1117,0,0_spirit_flowers_maiden_wind,0.0
sinan-0720,5,5_hwanghae_flowers_river_bloom flowers,0.6682198
inje-0308,5,5_hwanghae_flowers_river_bloom flowers,1.0
yeonggwang-0304,6,6_village_skirt_autumn_bread,0.87330115
cheongdo-0626,0,0_spirit_flowers_maiden_wind,0.0
yeongil-0110,0,0_spirit_flowers_maiden_wind,0.0
hwaseong-0301,5,5_hwanghae_flowers_river_bloom flowers,0.52359354
bukjeju-1808,0,0_spirit_flowers_maiden_wind,0.0
yangyang-1705,0,0_spirit_flowers_maiden_wind,0.0
sinan-0825,5,5_hwanghae_flowers_river_bloom flowers,1.0
jejusi-0108,6,6_village_skirt_autumn_bread,1.0
gyeongju-0305,0,0_spirit_flowers_maiden_wind,0.0
yanggu-0702,0,0_spirit_flowers_maiden_wind,0.0
tongyeong-0301,0,0_spirit_flowers_maiden_wind,0.0
taean-0109,5,5_hwanghae_flowers_river_bloom flowers,1.0
yeongdeok-0143,6,6_village_skirt_autumn_bread,0.61863023
yeonggwang-0303,5,5_hwanghae_flowers_river_bloom flowers,0.549171
bukjeju-1718,5,5_hwanghae_flowers_river_bloom flowers,0.78396815
yeongam-0305,0,0_spirit_flowers_maiden_wind,0.0
myeongju-0201,6,6_village_skirt_autumn_bread,1.0
boryeong-0802,5,5_hwanghae_flowers_river_bloom flowers,0.6645331
wando-0506,0,0_spirit_flowers_maiden_wind,0.0
yecheon-0371,7,7_tended herd_servant_plow_shepherd,1.0
boryeong-0510,0,0_spirit_flowers_maiden_wind,0.0
taean-0111,5,5_hwanghae_flowers_river_bloom flowers,0.5659037
sangju-0307,0,0_spirit_flowers_maiden_wind,0.0
sinan-0715,6,6_village_skirt_autumn_bread,0.54231775
sinan-0827,0,0_spirit_flowers_maiden_wind,0.0
tongyeong-0307,6,6_village_skirt_autumn_bread,0.5935578
boryeong-0208,0,0_spirit_flowers_maiden_wind,0.0
yeongdeok-0102,5,5_hwanghae_flowers_river_bloom flowers,0.77409697
taean-0306,0,0_spirit_flowers_maiden_wind,0.0
yangyang-1709,0,0_spirit_flowers_maiden_wind,0.0
seongju-0118,0,0_spirit_flowers_maiden_wind,0.0
boryeong-0403,5,5_hwanghae_flowers_river_bloom flowers,1.0
yangyang-1706,0,0_spirit_flowers_maiden_wind,0.0
namjeju-1111,0,0_spirit_flowers_maiden_wind,0.0
seongju-0712,7,7_tended herd_servant_plow_shepherd,1.0
tongyeong-0201,0,0_spirit_flowers_maiden_wind,0.0
bukjeju-2106,0,0_spirit_flowers_maiden_wind,0.0
boryeong-0513,5,5_hwanghae_flowers_river_bloom flowers,1.0
gochang-0107,0,0_spirit_flowers_maiden_wind,0.0
sinan-0701,0,0_spirit_flowers_maiden_wind,0.0
seosan-1104,5,5_hwanghae_flowers_river_bloom flowers,1.0
wando-0601,0,0_spirit_flowers_maiden_wind,0.0
sinan-1018,5,5_hwanghae_flowers_river_bloom flowers,0.65613294
bukjeju-2108,8,8_bride_wedding_maidens_marriage,1.0
naju-0309,7,7_tended herd_servant_plow_shepherd,1.0
buan-0112,0,0_spirit_flowers_maiden_wind,0.0
ganghwa-0705,0,0_spirit_flowers_maiden_wind,0.0
boryeong-0604,0,0_spirit_flowers_maiden_wind,0.0
seongju-0116,7,7_tended herd_servant_plow_shepherd,1.0
yeongil-0513,6,6_village_skirt_autumn_bread,0.45521063
okgu-0317,0,0_spirit_flowers_maiden_wind,0.0
jeongseon-0404,5,5_hwanghae_flowers_river_bloom flowers,1.0
dangjin-1111,8,8_bride_wedding_maidens_marriage,1.0
wonju-0512,6,6_village_skirt_autumn_bread,0.60603774
cheolwon-0106,5,5_hwanghae_flowers_river_bloom flowers,0.62757707
seongju-0225,5,5_hwanghae_flowers_river_bloom flowers,1.0
dalseong-0111,6,6_village_skirt_autumn_bread,1.0
yeongdong-0909,6,6_village_skirt_autumn_bread,1.0
sokcho-0111,6,6_village_skirt_autumn_bread,1.0
jinan-0124,5,5_hwanghae_flowers_river_bloom flowers,1.0
milyang-0211,8,8_bride_wedding_maidens_marriage,0.66570103
jincheon-0212,8,8_bride_wedding_maidens_marriage,0.36006075
okcheon-0113,0,0_spirit_flowers_maiden_wind,0.0
yeongam-0221,5,5_hwanghae_flowers_river_bloom flowers,0.9125732
buan-0521,0,0_spirit_flowers_maiden_wind,0.0
namjeju-0214,5,5_hwanghae_flowers_river_bloom flowers,1.0
buyeo-0110,6,6_village_skirt_autumn_bread,0.7908738
sangju-0337,0,0_spirit_flowers_maiden_wind,0.0
dalseong-0249,6,6_village_skirt_autumn_bread,1.0
yeongwol-0410,5,5_hwanghae_flowers_river_bloom flowers,0.54919964
jecheon-0107,0,0_spirit_flowers_maiden_wind,0.0
gimhae-0226,5,5_hwanghae_flowers_river_bloom flowers,0.7503
cheongwon-0313,6,6_village_skirt_autumn_bread,0.5165054
wonju-0601,5,5_hwanghae_flowers_river_bloom flowers,0.8118946
bonghwa-0122,5,5_hwanghae_flowers_river_bloom flowers,1.0
seungju-0330,0,0_spirit_flowers_maiden_wind,0.0
yecheon-0837,5,5_hwanghae_flowers_river_bloom flowers,1.0
dalseong-0323,6,6_village_skirt_autumn_bread,0.6443386
goryeong-0505,5,5_hwanghae_flowers_river_bloom flowers,1.0
sangju-0910,0,0_spirit_flowers_maiden_wind,0.0
hwacheon-0509,6,6_village_skirt_autumn_bread,1.0
geochang-0115,0,0_spirit_flowers_maiden_wind,0.0
andong-0209,6,6_village_skirt_autumn_bread,0.383306
pyeongchang-0819,5,5_hwanghae_flowers_river_bloom flowers,0.6847927
gochang-0203,0,0_spirit_flowers_maiden_wind,0.0
muju-0739,5,5_hwanghae_flowers_river_bloom flowers,1.0
goryeong-0413,0,0_spirit_flowers_maiden_wind,0.0
sangju-1324,5,5_hwanghae_flowers_river_bloom flowers,1.0
hapcheon-0902,6,6_village_skirt_autumn_bread,1.0
mungyeong-0217,5,5_hwanghae_flowers_river_bloom flowers,1.0
jeongseon-0212,6,6_village_skirt_autumn_bread,1.0
jangseong-0312,0,0_spirit_flowers_maiden_wind,0.0
jangseong-0210,5,5_hwanghae_flowers_river_bloom flowers,0.846441
wanju-0412,0,0_spirit_flowers_maiden_wind,0.0
ulreung-0106,5,5_hwanghae_flowers_river_bloom flowers,0.5234206
jangseong-0411,0,0_spirit_flowers_maiden_wind,0.0
goryeong-0418,0,0_spirit_flowers_maiden_wind,0.0
sangju-1116,5,5_hwanghae_flowers_river_bloom flowers,1.0
jinyang-0516,7,7_tended herd_servant_plow_shepherd,0.5125714
yanggu-0108,6,6_village_skirt_autumn_bread,1.0
jungwon-0415,5,5_hwanghae_flowers_river_bloom flowers,1.0
gwangyang-0221,6,6_village_skirt_autumn_bread,1.0
yeongyang-0408,6,6_village_skirt_autumn_bread,1.0
gochang-0118,8,8_bride_wedding_maidens_marriage,1.0
jeongseon-0405,5,5_hwanghae_flowers_river_bloom flowers,0.5349404
buyeo-0707,5,5_hwanghae_flowers_river_bloom flowers,1.0
yeongyang-0105,6,6_village_skirt_autumn_bread,0.8280201
cheongwon-0208,6,6_village_skirt_autumn_bread,1.0
goesan-0121,0,0_spirit_flowers_maiden_wind,0.0
wanju-0422,0,0_spirit_flowers_maiden_wind,0.0
gyeongju-0736,6,6_village_skirt_autumn_bread,0.8654334
gunwi-0327,0,0_spirit_flowers_maiden_wind,0.0
sancheong-0216,0,0_spirit_flowers_maiden_wind,0.0
yecheon-0521,6,6_village_skirt_autumn_bread,0.7039341
goryeong-0313,6,6_village_skirt_autumn_bread,1.0
hamyang-0711,0,0_spirit_flowers_maiden_wind,0.0
yeonggwang-0111,5,5_hwanghae_flowers_river_bloom flowers,1.0
muju-0738,5,5_hwanghae_flowers_river_bloom flowers,1.0
ulsan-0921,0,0_spirit_flowers_maiden_wind,0.0
chuncheon-0722,5,5_hwanghae_flowers_river_bloom flowers,1.0
hamyang-0142,5,5_hwanghae_flowers_river_bloom flowers,1.0
gunwi-0328,0,0_spirit_flowers_maiden_wind,0.0
sangju-1329,6,6_village_skirt_autumn_bread,1.0
icheon-0406,5,5_hwanghae_flowers_river_bloom flowers,0.7929454
hampyeong-0531,6,6_village_skirt_autumn_bread,1.0
uljin-0412,0,0_spirit_flowers_maiden_wind,0.0
hwaseong-0115,5,5_hwanghae_flowers_river_bloom flowers,0.66785973
hongcheon-0905,0,0_spirit_flowers_maiden_wind,0.0
nonsan-0801,5,5_hwanghae_flowers_river_bloom flowers,0.6311028
seocheon-0604,2,2_servants_piet_books_dip,1.0
sangju-0340,0,0_spirit_flowers_maiden_wind,0.0
yangsan-0502,5,5_hwanghae_flowers_river_bloom flowers,0.7237668
haenam-0137,0,0_spirit_flowers_maiden_wind,0.0
yecheon-0611,5,5_hwanghae_flowers_river_bloom flowers,0.8850707
yeongyang-0311,5,5_hwanghae_flowers_river_bloom flowers,1.0
hapcheon-0712,0,0_spirit_flowers_maiden_wind,0.0
nonsan-0318,8,8_bride_wedding_maidens_marriage,0.51805305
haenam-0136,0,0_spirit_flowers_maiden_wind,0.0
dalseong-0248,8,8_bride_wedding_maidens_marriage,1.0
jincheon-0214,5,5_hwanghae_flowers_river_bloom flowers,0.8842868
cheongsong-0416,0,0_spirit_flowers_maiden_wind,0.0
ulsan-0302,6,6_village_skirt_autumn_bread,0.7340648
yangyang-1230,8,8_bride_wedding_maidens_marriage,1.0
dalseong-0113,0,0_spirit_flowers_maiden_wind,0.0
sangju-1213,5,5_hwanghae_flowers_river_bloom flowers,1.0
dalseong-0109,6,6_village_skirt_autumn_bread,0.49923784
cheongwon-0211,5,5_hwanghae_flowers_river_bloom flowers,0.7243836
buan-0520,0,0_spirit_flowers_maiden_wind,0.0
gwangjusi-0220,6,6_village_skirt_autumn_bread,1.0
dangjin-0108,6,6_village_skirt_autumn_bread,1.0
geumsan-0408,0,0_spirit_flowers_maiden_wind,0.0
nonsan-0102,6,6_village_skirt_autumn_bread,0.6439001
hwaseong-0209,8,8_bride_wedding_maidens_marriage,0.7938759
cheolwon-0822,5,5_hwanghae_flowers_river_bloom flowers,0.5872965
daegu-0449,5,5_hwanghae_flowers_river_bloom flowers,0.82928914
sangju-1214,8,8_bride_wedding_maidens_marriage,1.0
icheon-0207,0,0_spirit_flowers_maiden_wind,0.0
jangseong-0310,0,0_spirit_flowers_maiden_wind,0.0
gn.goseong-0544,0,0_spirit_flowers_maiden_wind,0.0
jinan-0417,6,6_village_skirt_autumn_bread,0.73392045
dalseong-0524,5,5_hwanghae_flowers_river_bloom flowers,1.0
namwon-0116,6,6_village_skirt_autumn_bread,1.0
icheon-0311,7,7_tended herd_servant_plow_shepherd,0.44589984
hwacheon-0921,5,5_hwanghae_flowers_river_bloom flowers,0.5978012
muju-0512,0,0_spirit_flowers_maiden_wind,0.0
yeonggwang-0213,6,6_village_skirt_autumn_bread,0.5984239
sangju-0540,6,6_village_skirt_autumn_bread,0.3758147
goryeong-0411,0,0_spirit_flowers_maiden_wind,0.0
goryeong-0539,5,5_hwanghae_flowers_river_bloom flowers,1.0
goryeong-0415,0,0_spirit_flowers_maiden_wind,0.0
danyang-0408,0,0_spirit_flowers_maiden_wind,0.0
jincheon-0307,5,5_hwanghae_flowers_river_bloom flowers,1.0
muan-0721,0,0_spirit_flowers_maiden_wind,0.0
inje-0712,6,6_village_skirt_autumn_bread,0.53976035
hwacheon-0919,0,0_spirit_flowers_maiden_wind,0.0
namhae-0112,5,5_hwanghae_flowers_river_bloom flowers,1.0
seocheon-0603,0,0_spirit_flowers_maiden_wind,0.0
okgu-0108,6,6_village_skirt_autumn_bread,0.40408185
ulreung-0105,5,5_hwanghae_flowers_river_bloom flowers,0.61369413
yangsan-0409,0,0_spirit_flowers_maiden_wind,0.0
milyang-1611,7,7_tended herd_servant_plow_shepherd,1.0
yeongdong-0910,3,3_servant_servants_piet_dip,0.85198045
jungwon-0108,6,6_village_skirt_autumn_bread,1.0
changwon-0107,0,0_spirit_flowers_maiden_wind,0.0
buan-0522,5,5_hwanghae_flowers_river_bloom flowers,0.50385433
cheongdo-0608,6,6_village_skirt_autumn_bread,0.64288265
goryeong-0412,5,5_hwanghae_flowers_river_bloom flowers,0.686912
yeongil-0514,0,0_spirit_flowers_maiden_wind,0.0
yangyang-0308,0,0_spirit_flowers_maiden_wind,0.0
jungwon-0340,0,0_spirit_flowers_maiden_wind,0.0
buyeo-0206,6,6_village_skirt_autumn_bread,1.0
cheolwon-0506,6,6_village_skirt_autumn_bread,0.52617705
dalseong-0108,6,6_village_skirt_autumn_bread,1.0
sangju-0120,6,6_village_skirt_autumn_bread,0.55436957
jungwon-0317,0,0_spirit_flowers_maiden_wind,0.0
andong-0411,5,5_hwanghae_flowers_river_bloom flowers,0.869056
yanggu-0217,5,5_hwanghae_flowers_river_bloom flowers,0.95479894
jeongeup-0616,6,6_village_skirt_autumn_bread,0.86667526
jeongeup-0406,7,7_tended herd_servant_plow_shepherd,1.0
gyeongju-0206,6,6_village_skirt_autumn_bread,0.71258754
yanggu-0503,7,7_tended herd_servant_plow_shepherd,0.37984958
hongseong-0306,5,5_hwanghae_flowers_river_bloom flowers,0.95582175
geumreung-0428,5,5_hwanghae_flowers_river_bloom flowers,0.8831355
gyeongju-0708,5,5_hwanghae_flowers_river_bloom flowers,0.77298415
andong-0710,5,5_hwanghae_flowers_river_bloom flowers,0.42138085
daegu-0431,6,6_village_skirt_autumn_bread,0.8937269
anseong-0408,0,0_spirit_flowers_maiden_wind,0.0
yecheon-0612,0,0_spirit_flowers_maiden_wind,0.0
buan-0203,5,5_hwanghae_flowers_river_bloom flowers,1.0
hamyang-0504,5,5_hwanghae_flowers_river_bloom flowers,1.0
yecheon-0838,5,5_hwanghae_flowers_river_bloom flowers,1.0
myeongju-0612,5,5_hwanghae_flowers_river_bloom flowers,1.0
gimhae-0225,6,6_village_skirt_autumn_bread,0.5039952
eumseong-0532,5,5_hwanghae_flowers_river_bloom flowers,0.5339153
hoengseong-0414,6,6_village_skirt_autumn_bread,1.0
daejeon-0310,6,6_village_skirt_autumn_bread,0.350718
dalseong-0110,6,6_village_skirt_autumn_bread,1.0
yeongyang-0225,6,6_village_skirt_autumn_bread,0.8245418
muju-0807,5,5_hwanghae_flowers_river_bloom flowers,1.0
yangsan-0503,6,6_village_skirt_autumn_bread,1.0
sangju-1212,5,5_hwanghae_flowers_river_bloom flowers,0.51877236
mungyeong-0447,5,5_hwanghae_flowers_river_bloom flowers,0.7602787
gimpo-0305,3,3_servant_servants_piet_dip,0.55855787
buyeo-0706,6,6_village_skirt_autumn_bread,0.52281654
yeongdong-0409,6,6_village_skirt_autumn_bread,1.0
sangju-1435,6,6_village_skirt_autumn_bread,0.5297965
goryeong-0511,5,5_hwanghae_flowers_river_bloom flowers,1.0
wando-0209,6,6_village_skirt_autumn_bread,1.0
gyeongsan-0631,6,6_village_skirt_autumn_bread,0.5674279
dalseong-0324,6,6_village_skirt_autumn_bread,0.5671005
jangseong-0534,0,0_spirit_flowers_maiden_wind,0.0
jangsu-0352,0,0_spirit_flowers_maiden_wind,0.0
bonghwa-0123,6,6_village_skirt_autumn_bread,0.67007244
